<?xml version="1.0" encoding="UTF-8"?>
<gpx creator="StravaGPX" version="1.1" xmlns="http://www.topografix.com/GPX/1/1" xmlns:xsi="http://www.w3.org/2001/XMLSchema-instance" xsi:schemaLocation="http://www.topografix.com/GPX/1/1 http://www.topografix.com/GPX/1/1/gpx.xsd">
 <metadata>
  <time>2026-08-30T21:47:24Z</time>
 </metadata>
 <trk>
  <name>Afternoon Football (Soccer)</name>
  <type>Soccer</type>
  <trkseg>
   <trkpt lat="37.7590690" lon="-122.4218940">
    <ele>17.6</ele>
    <time>2026-08-30T21:47:24Z</time>
   </trkpt>
   <trkpt lat="37.7590690" lon="-122.4218940">
    <ele>17.6</ele>
    <time>2026-08-30T21:47:25Z</time>
   </trkpt>
   <trkpt lat="37.7590690" lon="-122.4218940">
    <ele>17.6</ele>
    <time>2026-08-30T21:47:26Z</time>
   </trkpt>
   <trkpt lat="37.7590690" lon="-122.4218940">
    <ele>17.6</ele>
    <time>2026-08-30T21:47:27Z</time>
   </trkpt>
   <trkpt lat="37.7590690" lon="-122.4218940">
    <ele>17.6</ele>
    <time>2026-08-30T21:47:28Z</time>
   </trkpt>
   <trkpt lat="37.7590700" lon="-122.4218940">
    <ele>17.6</ele>
    <time>2026-08-30T21:47:29Z</time>
   </trkpt>
   <trkpt lat="37.7590700" lon="-122.4218930">
    <ele>17.6</ele>
    <time>2026-08-30T21:47:30Z</time>
   </trkpt>
   <trkpt lat="37.7590700" lon="-122.4218930">
    <ele>17.6</ele>
    <time>2026-08-30T21:47:31Z</time>
   </trkpt>
   <trkpt lat="37.7590700" lon="-122.4218930">
    <ele>17.6</ele>
    <time>2026-08-30T21:47:32Z</time>
   </trkpt>
   <trkpt lat="37.7590700" lon="-122.4218930">
    <ele>17.6</ele>
    <time>2026-08-30T21:47:33Z</time>
   </trkpt>
   <trkpt lat="37.7590700" lon="-122.4218930">
    <ele>17.6</ele>
    <time>2026-08-30T21:47:34Z</time>
   </trkpt>
   <trkpt lat="37.7590710" lon="-122.4218930">
    <ele>17.6</ele>
    <time>2026-08-30T21:47:35Z</time>
   </trkpt>
   <trkpt lat="37.7590710" lon="-122.4218930">
    <ele>17.6</ele>
    <time>2026-08-30T21:47:36Z</time>
   </trkpt>
   <trkpt lat="37.7590710" lon="-122.4218930">
    <ele>17.6</ele>
    <time>2026-08-30T21:47:37Z</time>
   </trkpt>
   <trkpt lat="37.7590710" lon="-122.4218930">
    <ele>17.6</ele>
    <time>2026-08-30T21:47:38Z</time>
   </trkpt>
   <trkpt lat="37.7590710" lon="-122.4218930">
    <ele>17.6</ele>
    <time>2026-08-30T21:47:39Z</time>
   </trkpt>
   <trkpt lat="37.7590710" lon="-122.4218930">
    <ele>17.6</ele>
    <time>2026-08-30T21:47:40Z</time>
   </trkpt>
   <trkpt lat="37.7590710" lon="-122.4218930">
    <ele>17.6</ele>
    <time>2026-08-30T21:47:41Z</time>
   </trkpt>
   <trkpt lat="37.7590710" lon="-122.4218930">
    <ele>17.6</ele>
    <time>2026-08-30T21:47:42Z</time>
   </trkpt>
   <trkpt lat="37.7590710" lon="-122.4218930">
    <ele>17.6</ele>
    <time>2026-08-30T21:47:43Z</time>
   </trkpt>
   <trkpt lat="37.7590710" lon="-122.4218930">
    <ele>17.6</ele>
    <time>2026-08-30T21:47:44Z</time>
   </trkpt>
   <trkpt lat="37.7590710" lon="-122.4218930">
    <ele>17.6</ele>
    <time>2026-08-30T21:47:45Z</time>
   </trkpt>
   <trkpt lat="37.7590710" lon="-122.4218930">
    <ele>17.6</ele>
    <time>2026-08-30T21:47:46Z</time>
   </trkpt>
   <trkpt lat="37.7590710" lon="-122.4218930">
    <ele>17.6</ele>
    <time>2026-08-30T21:47:47Z</time>
   </trkpt>
   <trkpt lat="37.7590710" lon="-122.4218930">
    <ele>17.6</ele>
    <time>2026-08-30T21:47:48Z</time>
   </trkpt>
   <trkpt lat="37.7590710" lon="-122.4218930">
    <ele>17.6</ele>
    <time>2026-08-30T21:47:49Z</time>
   </trkpt>
   <trkpt lat="37.7590710" lon="-122.4218930">
    <ele>17.6</ele>
    <time>2026-08-30T21:47:50Z</time>
   </trkpt>
   <trkpt lat="37.7590710" lon="-122.4218930">
    <ele>17.6</ele>
    <time>2026-08-30T21:47:51Z</time>
   </trkpt>
   <trkpt lat="37.7590710" lon="-122.4218930">
    <ele>17.6</ele>
    <time>2026-08-30T21:47:52Z</time>
   </trkpt>
   <trkpt lat="37.7590710" lon="-122.4218930">
    <ele>17.6</ele>
    <time>2026-08-30T21:47:53Z</time>
   </trkpt>
   <trkpt lat="37.7590710" lon="-122.4218920">
    <ele>17.6</ele>
    <time>2026-08-30T21:47:54Z</time>
   </trkpt>
   <trkpt lat="37.7590710" lon="-122.4218920">
    <ele>17.6</ele>
    <time>2026-08-30T21:47:55Z</time>
   </trkpt>
   <trkpt lat="37.7590710" lon="-122.4218920">
    <ele>17.6</ele>
    <time>2026-08-30T21:47:56Z</time>
   </trkpt>
   <trkpt lat="37.7590710" lon="-122.4218920">
    <ele>17.6</ele>
    <time>2026-08-30T21:47:57Z</time>
   </trkpt>
   <trkpt lat="37.7590710" lon="-122.4218920">
    <ele>17.6</ele>
    <time>2026-08-30T21:47:58Z</time>
   </trkpt>
   <trkpt lat="37.7590710" lon="-122.4218920">
    <ele>17.6</ele>
    <time>2026-08-30T21:47:59Z</time>
   </trkpt>
   <trkpt lat="37.7590710" lon="-122.4218920">
    <ele>17.6</ele>
    <time>2026-08-30T21:48:00Z</time>
   </trkpt>
   <trkpt lat="37.7590710" lon="-122.4218920">
    <ele>17.6</ele>
    <time>2026-08-30T21:48:01Z</time>
   </trkpt>
   <trkpt lat="37.7590710" lon="-122.4218920">
    <ele>17.6</ele>
    <time>2026-08-30T21:48:02Z</time>
   </trkpt>
   <trkpt lat="37.7590710" lon="-122.4218920">
    <ele>17.6</ele>
    <time>2026-08-30T21:48:03Z</time>
   </trkpt>
   <trkpt lat="37.7590710" lon="-122.4218920">
    <ele>17.6</ele>
    <time>2026-08-30T21:48:04Z</time>
   </trkpt>
   <trkpt lat="37.7590710" lon="-122.4218920">
    <ele>17.6</ele>
    <time>2026-08-30T21:48:05Z</time>
   </trkpt>
   <trkpt lat="37.7590710" lon="-122.4218920">
    <ele>17.6</ele>
    <time>2026-08-30T21:48:06Z</time>
   </trkpt>
   <trkpt lat="37.7590720" lon="-122.4218920">
    <ele>17.6</ele>
    <time>2026-08-30T21:48:07Z</time>
   </trkpt>
   <trkpt lat="37.7590720" lon="-122.4218920">
    <ele>17.6</ele>
    <time>2026-08-30T21:48:08Z</time>
   </trkpt>
   <trkpt lat="37.7590720" lon="-122.4218920">
    <ele>17.6</ele>
    <time>2026-08-30T21:48:09Z</time>
   </trkpt>
   <trkpt lat="37.7590720" lon="-122.4218920">
    <ele>17.6</ele>
    <time>2026-08-30T21:48:10Z</time>
   </trkpt>
   <trkpt lat="37.7590720" lon="-122.4218920">
    <ele>17.6</ele>
    <time>2026-08-30T21:48:11Z</time>
   </trkpt>
   <trkpt lat="37.7590720" lon="-122.4218920">
    <ele>17.6</ele>
    <time>2026-08-30T21:48:12Z</time>
   </trkpt>
   <trkpt lat="37.7590720" lon="-122.4218920">
    <ele>17.6</ele>
    <time>2026-08-30T21:48:13Z</time>
   </trkpt>
   <trkpt lat="37.7590720" lon="-122.4218920">
    <ele>17.6</ele>
    <time>2026-08-30T21:48:14Z</time>
   </trkpt>
   <trkpt lat="37.7590720" lon="-122.4218920">
    <ele>17.6</ele>
    <time>2026-08-30T21:48:15Z</time>
   </trkpt>
   <trkpt lat="37.7590720" lon="-122.4218920">
    <ele>17.6</ele>
    <time>2026-08-30T21:48:16Z</time>
   </trkpt>
   <trkpt lat="37.7590720" lon="-122.4218920">
    <ele>17.6</ele>
    <time>2026-08-30T21:48:17Z</time>
   </trkpt>
   <trkpt lat="37.7590720" lon="-122.4218920">
    <ele>17.6</ele>
    <time>2026-08-30T21:48:18Z</time>
   </trkpt>
   <trkpt lat="37.7590720" lon="-122.4218920">
    <ele>17.6</ele>
    <time>2026-08-30T21:48:19Z</time>
   </trkpt>
   <trkpt lat="37.7590720" lon="-122.4218920">
    <ele>17.6</ele>
    <time>2026-08-30T21:48:20Z</time>
   </trkpt>
   <trkpt lat="37.7590720" lon="-122.4218920">
    <ele>17.6</ele>
    <time>2026-08-30T21:48:21Z</time>
   </trkpt>
   <trkpt lat="37.7590720" lon="-122.4218920">
    <ele>17.6</ele>
    <time>2026-08-30T21:48:22Z</time>
   </trkpt>
   <trkpt lat="37.7590720" lon="-122.4218920">
    <ele>17.6</ele>
    <time>2026-08-30T21:48:23Z</time>
   </trkpt>
   <trkpt lat="37.7590720" lon="-122.4218920">
    <ele>17.6</ele>
    <time>2026-08-30T21:48:24Z</time>
   </trkpt>
   <trkpt lat="37.7590720" lon="-122.4218920">
    <ele>17.6</ele>
    <time>2026-08-30T21:48:25Z</time>
   </trkpt>
   <trkpt lat="37.7590730" lon="-122.4218920">
    <ele>17.6</ele>
    <time>2026-08-30T21:48:26Z</time>
   </trkpt>
   <trkpt lat="37.7590730" lon="-122.4218920">
    <ele>17.6</ele>
    <time>2026-08-30T21:48:27Z</time>
   </trkpt>
   <trkpt lat="37.7590730" lon="-122.4218910">
    <ele>17.6</ele>
    <time>2026-08-30T21:48:28Z</time>
   </trkpt>
   <trkpt lat="37.7590730" lon="-122.4218910">
    <ele>17.6</ele>
    <time>2026-08-30T21:48:29Z</time>
   </trkpt>
   <trkpt lat="37.7590730" lon="-122.4218910">
    <ele>17.6</ele>
    <time>2026-08-30T21:48:30Z</time>
   </trkpt>
   <trkpt lat="37.7590730" lon="-122.4218910">
    <ele>17.6</ele>
    <time>2026-08-30T21:48:31Z</time>
   </trkpt>
   <trkpt lat="37.7590730" lon="-122.4218910">
    <ele>17.6</ele>
    <time>2026-08-30T21:48:32Z</time>
   </trkpt>
   <trkpt lat="37.7590730" lon="-122.4218910">
    <ele>17.6</ele>
    <time>2026-08-30T21:48:33Z</time>
   </trkpt>
   <trkpt lat="37.7590730" lon="-122.4218910">
    <ele>17.6</ele>
    <time>2026-08-30T21:48:34Z</time>
   </trkpt>
   <trkpt lat="37.7590740" lon="-122.4218910">
    <ele>17.6</ele>
    <time>2026-08-30T21:48:35Z</time>
   </trkpt>
   <trkpt lat="37.7590740" lon="-122.4218910">
    <ele>17.6</ele>
    <time>2026-08-30T21:48:36Z</time>
   </trkpt>
   <trkpt lat="37.7590740" lon="-122.4218910">
    <ele>17.6</ele>
    <time>2026-08-30T21:48:37Z</time>
   </trkpt>
   <trkpt lat="37.7590740" lon="-122.4218910">
    <ele>17.6</ele>
    <time>2026-08-30T21:48:38Z</time>
   </trkpt>
   <trkpt lat="37.7590740" lon="-122.4218910">
    <ele>17.6</ele>
    <time>2026-08-30T21:48:39Z</time>
   </trkpt>
   <trkpt lat="37.7590740" lon="-122.4218900">
    <ele>17.6</ele>
    <time>2026-08-30T21:48:40Z</time>
   </trkpt>
   <trkpt lat="37.7590740" lon="-122.4218900">
    <ele>17.6</ele>
    <time>2026-08-30T21:48:41Z</time>
   </trkpt>
   <trkpt lat="37.7590740" lon="-122.4218900">
    <ele>17.6</ele>
    <time>2026-08-30T21:48:42Z</time>
   </trkpt>
   <trkpt lat="37.7590750" lon="-122.4218900">
    <ele>17.6</ele>
    <time>2026-08-30T21:48:43Z</time>
   </trkpt>
   <trkpt lat="37.7590750" lon="-122.4218900">
    <ele>17.6</ele>
    <time>2026-08-30T21:48:44Z</time>
   </trkpt>
   <trkpt lat="37.7590750" lon="-122.4218900">
    <ele>17.6</ele>
    <time>2026-08-30T21:48:45Z</time>
   </trkpt>
   <trkpt lat="37.7590750" lon="-122.4218900">
    <ele>17.6</ele>
    <time>2026-08-30T21:48:46Z</time>
   </trkpt>
   <trkpt lat="37.7590750" lon="-122.4218900">
    <ele>17.6</ele>
    <time>2026-08-30T21:48:47Z</time>
   </trkpt>
   <trkpt lat="37.7590750" lon="-122.4218900">
    <ele>17.6</ele>
    <time>2026-08-30T21:48:48Z</time>
   </trkpt>
   <trkpt lat="37.7590750" lon="-122.4218900">
    <ele>17.6</ele>
    <time>2026-08-30T21:48:49Z</time>
   </trkpt>
   <trkpt lat="37.7590750" lon="-122.4218900">
    <ele>17.6</ele>
    <time>2026-08-30T21:48:50Z</time>
   </trkpt>
   <trkpt lat="37.7590750" lon="-122.4218900">
    <ele>17.6</ele>
    <time>2026-08-30T21:48:51Z</time>
   </trkpt>
   <trkpt lat="37.7590750" lon="-122.4218900">
    <ele>17.6</ele>
    <time>2026-08-30T21:48:52Z</time>
   </trkpt>
   <trkpt lat="37.7590750" lon="-122.4218900">
    <ele>17.6</ele>
    <time>2026-08-30T21:48:53Z</time>
   </trkpt>
   <trkpt lat="37.7590750" lon="-122.4218900">
    <ele>17.6</ele>
    <time>2026-08-30T21:48:54Z</time>
   </trkpt>
   <trkpt lat="37.7590760" lon="-122.4218900">
    <ele>17.6</ele>
    <time>2026-08-30T21:48:55Z</time>
   </trkpt>
   <trkpt lat="37.7590760" lon="-122.4218890">
    <ele>17.6</ele>
    <time>2026-08-30T21:48:56Z</time>
   </trkpt>
   <trkpt lat="37.7590760" lon="-122.4218890">
    <ele>17.6</ele>
    <time>2026-08-30T21:48:57Z</time>
   </trkpt>
   <trkpt lat="37.7590760" lon="-122.4218890">
    <ele>17.6</ele>
    <time>2026-08-30T21:48:58Z</time>
   </trkpt>
   <trkpt lat="37.7590760" lon="-122.4218890">
    <ele>17.6</ele>
    <time>2026-08-30T21:48:59Z</time>
   </trkpt>
   <trkpt lat="37.7590760" lon="-122.4218890">
    <ele>17.6</ele>
    <time>2026-08-30T21:49:00Z</time>
   </trkpt>
   <trkpt lat="37.7590760" lon="-122.4218890">
    <ele>17.6</ele>
    <time>2026-08-30T21:49:01Z</time>
   </trkpt>
   <trkpt lat="37.7590760" lon="-122.4218890">
    <ele>17.6</ele>
    <time>2026-08-30T21:49:02Z</time>
   </trkpt>
   <trkpt lat="37.7590760" lon="-122.4218890">
    <ele>17.6</ele>
    <time>2026-08-30T21:49:03Z</time>
   </trkpt>
   <trkpt lat="37.7590760" lon="-122.4218890">
    <ele>17.6</ele>
    <time>2026-08-30T21:49:04Z</time>
   </trkpt>
   <trkpt lat="37.7590760" lon="-122.4218890">
    <ele>17.6</ele>
    <time>2026-08-30T21:49:05Z</time>
   </trkpt>
   <trkpt lat="37.7590770" lon="-122.4218890">
    <ele>17.6</ele>
    <time>2026-08-30T21:49:06Z</time>
   </trkpt>
   <trkpt lat="37.7590770" lon="-122.4218890">
    <ele>17.6</ele>
    <time>2026-08-30T21:49:07Z</time>
   </trkpt>
   <trkpt lat="37.7590770" lon="-122.4218880">
    <ele>17.6</ele>
    <time>2026-08-30T21:49:08Z</time>
   </trkpt>
   <trkpt lat="37.7590770" lon="-122.4218880">
    <ele>17.6</ele>
    <time>2026-08-30T21:49:09Z</time>
   </trkpt>
   <trkpt lat="37.7590770" lon="-122.4218880">
    <ele>17.6</ele>
    <time>2026-08-30T21:49:10Z</time>
   </trkpt>
   <trkpt lat="37.7590780" lon="-122.4218880">
    <ele>17.6</ele>
    <time>2026-08-30T21:49:11Z</time>
   </trkpt>
   <trkpt lat="37.7590780" lon="-122.4218880">
    <ele>17.6</ele>
    <time>2026-08-30T21:49:12Z</time>
   </trkpt>
   <trkpt lat="37.7590780" lon="-122.4218880">
    <ele>17.6</ele>
    <time>2026-08-30T21:49:13Z</time>
   </trkpt>
   <trkpt lat="37.7590780" lon="-122.4218880">
    <ele>17.6</ele>
    <time>2026-08-30T21:49:14Z</time>
   </trkpt>
   <trkpt lat="37.7590790" lon="-122.4218870">
    <ele>17.6</ele>
    <time>2026-08-30T21:49:15Z</time>
   </trkpt>
   <trkpt lat="37.7590790" lon="-122.4218870">
    <ele>17.6</ele>
    <time>2026-08-30T21:49:16Z</time>
   </trkpt>
   <trkpt lat="37.7590790" lon="-122.4218870">
    <ele>17.6</ele>
    <time>2026-08-30T21:49:17Z</time>
   </trkpt>
   <trkpt lat="37.7590790" lon="-122.4218870">
    <ele>17.6</ele>
    <time>2026-08-30T21:49:18Z</time>
   </trkpt>
   <trkpt lat="37.7590790" lon="-122.4218870">
    <ele>17.6</ele>
    <time>2026-08-30T21:49:19Z</time>
   </trkpt>
   <trkpt lat="37.7590800" lon="-122.4218870">
    <ele>17.6</ele>
    <time>2026-08-30T21:49:20Z</time>
   </trkpt>
   <trkpt lat="37.7590800" lon="-122.4218870">
    <ele>17.6</ele>
    <time>2026-08-30T21:49:21Z</time>
   </trkpt>
   <trkpt lat="37.7590800" lon="-122.4218860">
    <ele>17.6</ele>
    <time>2026-08-30T21:49:22Z</time>
   </trkpt>
   <trkpt lat="37.7590800" lon="-122.4218860">
    <ele>17.6</ele>
    <time>2026-08-30T21:49:23Z</time>
   </trkpt>
   <trkpt lat="37.7590800" lon="-122.4218860">
    <ele>17.6</ele>
    <time>2026-08-30T21:49:24Z</time>
   </trkpt>
   <trkpt lat="37.7590800" lon="-122.4218860">
    <ele>17.6</ele>
    <time>2026-08-30T21:49:25Z</time>
   </trkpt>
   <trkpt lat="37.7590810" lon="-122.4218860">
    <ele>17.6</ele>
    <time>2026-08-30T21:49:26Z</time>
   </trkpt>
   <trkpt lat="37.7590810" lon="-122.4218860">
    <ele>17.6</ele>
    <time>2026-08-30T21:49:27Z</time>
   </trkpt>
   <trkpt lat="37.7590810" lon="-122.4218860">
    <ele>17.6</ele>
    <time>2026-08-30T21:49:28Z</time>
   </trkpt>
   <trkpt lat="37.7590810" lon="-122.4218860">
    <ele>17.6</ele>
    <time>2026-08-30T21:49:29Z</time>
   </trkpt>
   <trkpt lat="37.7590810" lon="-122.4218860">
    <ele>17.6</ele>
    <time>2026-08-30T21:49:30Z</time>
   </trkpt>
   <trkpt lat="37.7590810" lon="-122.4218860">
    <ele>17.6</ele>
    <time>2026-08-30T21:49:31Z</time>
   </trkpt>
   <trkpt lat="37.7590820" lon="-122.4218850">
    <ele>17.6</ele>
    <time>2026-08-30T21:49:32Z</time>
   </trkpt>
   <trkpt lat="37.7590820" lon="-122.4218850">
    <ele>17.6</ele>
    <time>2026-08-30T21:49:33Z</time>
   </trkpt>
   <trkpt lat="37.7590820" lon="-122.4218850">
    <ele>17.6</ele>
    <time>2026-08-30T21:49:34Z</time>
   </trkpt>
   <trkpt lat="37.7590820" lon="-122.4218850">
    <ele>17.6</ele>
    <time>2026-08-30T21:49:35Z</time>
   </trkpt>
   <trkpt lat="37.7590820" lon="-122.4218850">
    <ele>17.6</ele>
    <time>2026-08-30T21:49:36Z</time>
   </trkpt>
   <trkpt lat="37.7590820" lon="-122.4218850">
    <ele>17.6</ele>
    <time>2026-08-30T21:49:37Z</time>
   </trkpt>
   <trkpt lat="37.7590820" lon="-122.4218850">
    <ele>17.6</ele>
    <time>2026-08-30T21:49:38Z</time>
   </trkpt>
   <trkpt lat="37.7590830" lon="-122.4218850">
    <ele>17.6</ele>
    <time>2026-08-30T21:49:39Z</time>
   </trkpt>
   <trkpt lat="37.7590830" lon="-122.4218850">
    <ele>17.6</ele>
    <time>2026-08-30T21:49:40Z</time>
   </trkpt>
   <trkpt lat="37.7590830" lon="-122.4218840">
    <ele>17.6</ele>
    <time>2026-08-30T21:49:41Z</time>
   </trkpt>
   <trkpt lat="37.7590830" lon="-122.4218840">
    <ele>17.6</ele>
    <time>2026-08-30T21:49:42Z</time>
   </trkpt>
   <trkpt lat="37.7590830" lon="-122.4218840">
    <ele>17.6</ele>
    <time>2026-08-30T21:49:43Z</time>
   </trkpt>
   <trkpt lat="37.7590830" lon="-122.4218840">
    <ele>17.6</ele>
    <time>2026-08-30T21:49:44Z</time>
   </trkpt>
   <trkpt lat="37.7590840" lon="-122.4218840">
    <ele>17.6</ele>
    <time>2026-08-30T21:49:45Z</time>
   </trkpt>
   <trkpt lat="37.7590840" lon="-122.4218840">
    <ele>17.6</ele>
    <time>2026-08-30T21:49:46Z</time>
   </trkpt>
   <trkpt lat="37.7590840" lon="-122.4218840">
    <ele>17.6</ele>
    <time>2026-08-30T21:49:47Z</time>
   </trkpt>
   <trkpt lat="37.7590840" lon="-122.4218840">
    <ele>17.6</ele>
    <time>2026-08-30T21:49:48Z</time>
   </trkpt>
   <trkpt lat="37.7590840" lon="-122.4218840">
    <ele>17.6</ele>
    <time>2026-08-30T21:49:49Z</time>
   </trkpt>
   <trkpt lat="37.7590840" lon="-122.4218840">
    <ele>17.6</ele>
    <time>2026-08-30T21:49:50Z</time>
   </trkpt>
   <trkpt lat="37.7590840" lon="-122.4218840">
    <ele>17.6</ele>
    <time>2026-08-30T21:49:51Z</time>
   </trkpt>
   <trkpt lat="37.7590840" lon="-122.4218830">
    <ele>17.6</ele>
    <time>2026-08-30T21:49:52Z</time>
   </trkpt>
   <trkpt lat="37.7590850" lon="-122.4218830">
    <ele>17.6</ele>
    <time>2026-08-30T21:49:53Z</time>
   </trkpt>
   <trkpt lat="37.7590850" lon="-122.4218830">
    <ele>17.6</ele>
    <time>2026-08-30T21:49:54Z</time>
   </trkpt>
   <trkpt lat="37.7590850" lon="-122.4218830">
    <ele>17.6</ele>
    <time>2026-08-30T21:49:55Z</time>
   </trkpt>
   <trkpt lat="37.7590850" lon="-122.4218830">
    <ele>17.6</ele>
    <time>2026-08-30T21:49:56Z</time>
   </trkpt>
   <trkpt lat="37.7590860" lon="-122.4218830">
    <ele>17.6</ele>
    <time>2026-08-30T21:49:57Z</time>
   </trkpt>
   <trkpt lat="37.7590860" lon="-122.4218820">
    <ele>17.6</ele>
    <time>2026-08-30T21:49:58Z</time>
   </trkpt>
   <trkpt lat="37.7590860" lon="-122.4218820">
    <ele>17.6</ele>
    <time>2026-08-30T21:49:59Z</time>
   </trkpt>
   <trkpt lat="37.7590860" lon="-122.4218820">
    <ele>17.6</ele>
    <time>2026-08-30T21:50:00Z</time>
   </trkpt>
   <trkpt lat="37.7590860" lon="-122.4218820">
    <ele>17.6</ele>
    <time>2026-08-30T21:50:01Z</time>
   </trkpt>
   <trkpt lat="37.7590870" lon="-122.4218820">
    <ele>17.6</ele>
    <time>2026-08-30T21:50:02Z</time>
   </trkpt>
   <trkpt lat="37.7590870" lon="-122.4218820">
    <ele>17.6</ele>
    <time>2026-08-30T21:50:03Z</time>
   </trkpt>
   <trkpt lat="37.7590870" lon="-122.4218820">
    <ele>17.6</ele>
    <time>2026-08-30T21:50:04Z</time>
   </trkpt>
   <trkpt lat="37.7590870" lon="-122.4218820">
    <ele>17.6</ele>
    <time>2026-08-30T21:50:05Z</time>
   </trkpt>
   <trkpt lat="37.7590870" lon="-122.4218820">
    <ele>17.6</ele>
    <time>2026-08-30T21:50:06Z</time>
   </trkpt>
   <trkpt lat="37.7590870" lon="-122.4218810">
    <ele>17.6</ele>
    <time>2026-08-30T21:50:07Z</time>
   </trkpt>
   <trkpt lat="37.7590880" lon="-122.4218810">
    <ele>17.6</ele>
    <time>2026-08-30T21:50:08Z</time>
   </trkpt>
   <trkpt lat="37.7590880" lon="-122.4218810">
    <ele>17.6</ele>
    <time>2026-08-30T21:50:09Z</time>
   </trkpt>
   <trkpt lat="37.7590880" lon="-122.4218810">
    <ele>17.6</ele>
    <time>2026-08-30T21:50:10Z</time>
   </trkpt>
   <trkpt lat="37.7590880" lon="-122.4218810">
    <ele>17.6</ele>
    <time>2026-08-30T21:50:11Z</time>
   </trkpt>
   <trkpt lat="37.7590880" lon="-122.4218810">
    <ele>17.6</ele>
    <time>2026-08-30T21:50:12Z</time>
   </trkpt>
   <trkpt lat="37.7590880" lon="-122.4218810">
    <ele>17.6</ele>
    <time>2026-08-30T21:50:13Z</time>
   </trkpt>
   <trkpt lat="37.7590890" lon="-122.4218810">
    <ele>17.6</ele>
    <time>2026-08-30T21:50:14Z</time>
   </trkpt>
   <trkpt lat="37.7590890" lon="-122.4218810">
    <ele>17.6</ele>
    <time>2026-08-30T21:50:15Z</time>
   </trkpt>
   <trkpt lat="37.7590890" lon="-122.4218800">
    <ele>17.6</ele>
    <time>2026-08-30T21:50:16Z</time>
   </trkpt>
   <trkpt lat="37.7590890" lon="-122.4218800">
    <ele>17.6</ele>
    <time>2026-08-30T21:50:17Z</time>
   </trkpt>
   <trkpt lat="37.7590890" lon="-122.4218800">
    <ele>17.6</ele>
    <time>2026-08-30T21:50:18Z</time>
   </trkpt>
   <trkpt lat="37.7590890" lon="-122.4218800">
    <ele>17.6</ele>
    <time>2026-08-30T21:50:19Z</time>
   </trkpt>
   <trkpt lat="37.7590890" lon="-122.4218800">
    <ele>17.6</ele>
    <time>2026-08-30T21:50:20Z</time>
   </trkpt>
   <trkpt lat="37.7590900" lon="-122.4218800">
    <ele>17.6</ele>
    <time>2026-08-30T21:50:21Z</time>
   </trkpt>
   <trkpt lat="37.7590900" lon="-122.4218800">
    <ele>17.6</ele>
    <time>2026-08-30T21:50:22Z</time>
   </trkpt>
   <trkpt lat="37.7590900" lon="-122.4218800">
    <ele>17.6</ele>
    <time>2026-08-30T21:50:23Z</time>
   </trkpt>
   <trkpt lat="37.7590900" lon="-122.4218800">
    <ele>17.6</ele>
    <time>2026-08-30T21:50:24Z</time>
   </trkpt>
   <trkpt lat="37.7590900" lon="-122.4218790">
    <ele>17.6</ele>
    <time>2026-08-30T21:50:25Z</time>
   </trkpt>
   <trkpt lat="37.7590910" lon="-122.4218790">
    <ele>17.6</ele>
    <time>2026-08-30T21:50:26Z</time>
   </trkpt>
   <trkpt lat="37.7590910" lon="-122.4218790">
    <ele>17.6</ele>
    <time>2026-08-30T21:50:27Z</time>
   </trkpt>
   <trkpt lat="37.7590910" lon="-122.4218790">
    <ele>17.6</ele>
    <time>2026-08-30T21:50:28Z</time>
   </trkpt>
   <trkpt lat="37.7590910" lon="-122.4218790">
    <ele>17.6</ele>
    <time>2026-08-30T21:50:29Z</time>
   </trkpt>
   <trkpt lat="37.7590920" lon="-122.4218790">
    <ele>17.6</ele>
    <time>2026-08-30T21:50:30Z</time>
   </trkpt>
   <trkpt lat="37.7590920" lon="-122.4218780">
    <ele>17.6</ele>
    <time>2026-08-30T21:50:31Z</time>
   </trkpt>
   <trkpt lat="37.7590920" lon="-122.4218780">
    <ele>17.6</ele>
    <time>2026-08-30T21:50:32Z</time>
   </trkpt>
   <trkpt lat="37.7590920" lon="-122.4218780">
    <ele>17.6</ele>
    <time>2026-08-30T21:50:33Z</time>
   </trkpt>
   <trkpt lat="37.7590920" lon="-122.4218780">
    <ele>17.6</ele>
    <time>2026-08-30T21:50:34Z</time>
   </trkpt>
   <trkpt lat="37.7590920" lon="-122.4218780">
    <ele>17.6</ele>
    <time>2026-08-30T21:50:35Z</time>
   </trkpt>
   <trkpt lat="37.7590930" lon="-122.4218780">
    <ele>17.6</ele>
    <time>2026-08-30T21:50:36Z</time>
   </trkpt>
   <trkpt lat="37.7590930" lon="-122.4218780">
    <ele>17.6</ele>
    <time>2026-08-30T21:50:37Z</time>
   </trkpt>
   <trkpt lat="37.7590930" lon="-122.4218780">
    <ele>17.6</ele>
    <time>2026-08-30T21:50:38Z</time>
   </trkpt>
   <trkpt lat="37.7590930" lon="-122.4218780">
    <ele>17.6</ele>
    <time>2026-08-30T21:50:39Z</time>
   </trkpt>
   <trkpt lat="37.7590930" lon="-122.4218780">
    <ele>17.6</ele>
    <time>2026-08-30T21:50:40Z</time>
   </trkpt>
   <trkpt lat="37.7590930" lon="-122.4218770">
    <ele>17.6</ele>
    <time>2026-08-30T21:50:41Z</time>
   </trkpt>
   <trkpt lat="37.7590930" lon="-122.4218770">
    <ele>17.6</ele>
    <time>2026-08-30T21:50:42Z</time>
   </trkpt>
   <trkpt lat="37.7590940" lon="-122.4218770">
    <ele>17.6</ele>
    <time>2026-08-30T21:50:43Z</time>
   </trkpt>
   <trkpt lat="37.7590940" lon="-122.4218770">
    <ele>17.6</ele>
    <time>2026-08-30T21:50:44Z</time>
   </trkpt>
   <trkpt lat="37.7590940" lon="-122.4218770">
    <ele>17.6</ele>
    <time>2026-08-30T21:50:45Z</time>
   </trkpt>
   <trkpt lat="37.7590940" lon="-122.4218770">
    <ele>17.6</ele>
    <time>2026-08-30T21:50:46Z</time>
   </trkpt>
   <trkpt lat="37.7590950" lon="-122.4218760">
    <ele>17.6</ele>
    <time>2026-08-30T21:50:47Z</time>
   </trkpt>
   <trkpt lat="37.7590950" lon="-122.4218760">
    <ele>17.6</ele>
    <time>2026-08-30T21:50:48Z</time>
   </trkpt>
   <trkpt lat="37.7590950" lon="-122.4218760">
    <ele>17.6</ele>
    <time>2026-08-30T21:50:49Z</time>
   </trkpt>
   <trkpt lat="37.7590950" lon="-122.4218760">
    <ele>17.6</ele>
    <time>2026-08-30T21:50:50Z</time>
   </trkpt>
   <trkpt lat="37.7590950" lon="-122.4218760">
    <ele>17.6</ele>
    <time>2026-08-30T21:50:51Z</time>
   </trkpt>
   <trkpt lat="37.7590960" lon="-122.4218760">
    <ele>17.6</ele>
    <time>2026-08-30T21:50:52Z</time>
   </trkpt>
   <trkpt lat="37.7590960" lon="-122.4218760">
    <ele>17.6</ele>
    <time>2026-08-30T21:50:53Z</time>
   </trkpt>
   <trkpt lat="37.7590960" lon="-122.4218760">
    <ele>17.6</ele>
    <time>2026-08-30T21:50:54Z</time>
   </trkpt>
   <trkpt lat="37.7590960" lon="-122.4218760">
    <ele>17.6</ele>
    <time>2026-08-30T21:50:55Z</time>
   </trkpt>
   <trkpt lat="37.7590960" lon="-122.4218750">
    <ele>17.6</ele>
    <time>2026-08-30T21:50:56Z</time>
   </trkpt>
   <trkpt lat="37.7590960" lon="-122.4218750">
    <ele>17.6</ele>
    <time>2026-08-30T21:50:57Z</time>
   </trkpt>
   <trkpt lat="37.7590960" lon="-122.4218750">
    <ele>17.6</ele>
    <time>2026-08-30T21:50:58Z</time>
   </trkpt>
   <trkpt lat="37.7590970" lon="-122.4218750">
    <ele>17.6</ele>
    <time>2026-08-30T21:50:59Z</time>
   </trkpt>
   <trkpt lat="37.7590970" lon="-122.4218750">
    <ele>17.6</ele>
    <time>2026-08-30T21:51:00Z</time>
   </trkpt>
   <trkpt lat="37.7590970" lon="-122.4218750">
    <ele>17.6</ele>
    <time>2026-08-30T21:51:01Z</time>
   </trkpt>
   <trkpt lat="37.7590970" lon="-122.4218750">
    <ele>17.6</ele>
    <time>2026-08-30T21:51:02Z</time>
   </trkpt>
   <trkpt lat="37.7590970" lon="-122.4218750">
    <ele>17.6</ele>
    <time>2026-08-30T21:51:03Z</time>
   </trkpt>
   <trkpt lat="37.7590970" lon="-122.4218750">
    <ele>17.6</ele>
    <time>2026-08-30T21:51:04Z</time>
   </trkpt>
   <trkpt lat="37.7590980" lon="-122.4218740">
    <ele>17.6</ele>
    <time>2026-08-30T21:51:05Z</time>
   </trkpt>
   <trkpt lat="37.7590980" lon="-122.4218740">
    <ele>17.6</ele>
    <time>2026-08-30T21:51:06Z</time>
   </trkpt>
   <trkpt lat="37.7590980" lon="-122.4218740">
    <ele>17.6</ele>
    <time>2026-08-30T21:51:07Z</time>
   </trkpt>
   <trkpt lat="37.7590980" lon="-122.4218740">
    <ele>17.6</ele>
    <time>2026-08-30T21:51:08Z</time>
   </trkpt>
   <trkpt lat="37.7590990" lon="-122.4218740">
    <ele>17.6</ele>
    <time>2026-08-30T21:51:09Z</time>
   </trkpt>
   <trkpt lat="37.7590990" lon="-122.4218740">
    <ele>17.6</ele>
    <time>2026-08-30T21:51:10Z</time>
   </trkpt>
   <trkpt lat="37.7590990" lon="-122.4218730">
    <ele>17.6</ele>
    <time>2026-08-30T21:51:11Z</time>
   </trkpt>
   <trkpt lat="37.7591000" lon="-122.4218730">
    <ele>17.6</ele>
    <time>2026-08-30T21:51:12Z</time>
   </trkpt>
   <trkpt lat="37.7591000" lon="-122.4218730">
    <ele>17.6</ele>
    <time>2026-08-30T21:51:13Z</time>
   </trkpt>
   <trkpt lat="37.7591000" lon="-122.4218730">
    <ele>17.6</ele>
    <time>2026-08-30T21:51:14Z</time>
   </trkpt>
   <trkpt lat="37.7591000" lon="-122.4218730">
    <ele>17.6</ele>
    <time>2026-08-30T21:51:15Z</time>
   </trkpt>
   <trkpt lat="37.7591000" lon="-122.4218730">
    <ele>17.6</ele>
    <time>2026-08-30T21:51:16Z</time>
   </trkpt>
   <trkpt lat="37.7591000" lon="-122.4218730">
    <ele>17.6</ele>
    <time>2026-08-30T21:51:17Z</time>
   </trkpt>
   <trkpt lat="37.7591000" lon="-122.4218730">
    <ele>17.6</ele>
    <time>2026-08-30T21:51:18Z</time>
   </trkpt>
   <trkpt lat="37.7591000" lon="-122.4218730">
    <ele>17.6</ele>
    <time>2026-08-30T21:51:19Z</time>
   </trkpt>
   <trkpt lat="37.7591010" lon="-122.4218720">
    <ele>17.6</ele>
    <time>2026-08-30T21:51:20Z</time>
   </trkpt>
   <trkpt lat="37.7591010" lon="-122.4218720">
    <ele>17.6</ele>
    <time>2026-08-30T21:51:21Z</time>
   </trkpt>
   <trkpt lat="37.7591010" lon="-122.4218720">
    <ele>17.6</ele>
    <time>2026-08-30T21:51:22Z</time>
   </trkpt>
   <trkpt lat="37.7591010" lon="-122.4218720">
    <ele>17.6</ele>
    <time>2026-08-30T21:51:23Z</time>
   </trkpt>
   <trkpt lat="37.7591010" lon="-122.4218720">
    <ele>17.6</ele>
    <time>2026-08-30T21:51:24Z</time>
   </trkpt>
   <trkpt lat="37.7591010" lon="-122.4218720">
    <ele>17.6</ele>
    <time>2026-08-30T21:51:25Z</time>
   </trkpt>
   <trkpt lat="37.7591010" lon="-122.4218720">
    <ele>17.6</ele>
    <time>2026-08-30T21:51:26Z</time>
   </trkpt>
   <trkpt lat="37.7591010" lon="-122.4218720">
    <ele>17.6</ele>
    <time>2026-08-30T21:51:27Z</time>
   </trkpt>
   <trkpt lat="37.7591020" lon="-122.4218720">
    <ele>17.6</ele>
    <time>2026-08-30T21:51:28Z</time>
   </trkpt>
   <trkpt lat="37.7591020" lon="-122.4218720">
    <ele>17.6</ele>
    <time>2026-08-30T21:51:29Z</time>
   </trkpt>
   <trkpt lat="37.7591020" lon="-122.4218720">
    <ele>17.6</ele>
    <time>2026-08-30T21:51:30Z</time>
   </trkpt>
   <trkpt lat="37.7591020" lon="-122.4218710">
    <ele>17.6</ele>
    <time>2026-08-30T21:51:31Z</time>
   </trkpt>
   <trkpt lat="37.7591020" lon="-122.4218710">
    <ele>17.6</ele>
    <time>2026-08-30T21:51:32Z</time>
   </trkpt>
   <trkpt lat="37.7591020" lon="-122.4218710">
    <ele>17.6</ele>
    <time>2026-08-30T21:51:33Z</time>
   </trkpt>
   <trkpt lat="37.7591030" lon="-122.4218710">
    <ele>17.6</ele>
    <time>2026-08-30T21:51:34Z</time>
   </trkpt>
   <trkpt lat="37.7591030" lon="-122.4218710">
    <ele>17.6</ele>
    <time>2026-08-30T21:51:35Z</time>
   </trkpt>
   <trkpt lat="37.7591030" lon="-122.4218710">
    <ele>17.6</ele>
    <time>2026-08-30T21:51:36Z</time>
   </trkpt>
   <trkpt lat="37.7591030" lon="-122.4218710">
    <ele>17.6</ele>
    <time>2026-08-30T21:51:37Z</time>
   </trkpt>
   <trkpt lat="37.7591030" lon="-122.4218700">
    <ele>17.6</ele>
    <time>2026-08-30T21:51:38Z</time>
   </trkpt>
   <trkpt lat="37.7591040" lon="-122.4218700">
    <ele>17.6</ele>
    <time>2026-08-30T21:51:39Z</time>
   </trkpt>
   <trkpt lat="37.7591040" lon="-122.4218700">
    <ele>17.6</ele>
    <time>2026-08-30T21:51:40Z</time>
   </trkpt>
   <trkpt lat="37.7591040" lon="-122.4218700">
    <ele>17.6</ele>
    <time>2026-08-30T21:51:41Z</time>
   </trkpt>
   <trkpt lat="37.7591040" lon="-122.4218700">
    <ele>17.6</ele>
    <time>2026-08-30T21:51:42Z</time>
   </trkpt>
   <trkpt lat="37.7591050" lon="-122.4218700">
    <ele>17.6</ele>
    <time>2026-08-30T21:51:43Z</time>
   </trkpt>
   <trkpt lat="37.7591050" lon="-122.4218700">
    <ele>17.6</ele>
    <time>2026-08-30T21:51:44Z</time>
   </trkpt>
   <trkpt lat="37.7591050" lon="-122.4218690">
    <ele>17.6</ele>
    <time>2026-08-30T21:51:45Z</time>
   </trkpt>
   <trkpt lat="37.7591050" lon="-122.4218690">
    <ele>17.6</ele>
    <time>2026-08-30T21:51:46Z</time>
   </trkpt>
   <trkpt lat="37.7591050" lon="-122.4218690">
    <ele>17.6</ele>
    <time>2026-08-30T21:51:47Z</time>
   </trkpt>
   <trkpt lat="37.7591060" lon="-122.4218690">
    <ele>17.6</ele>
    <time>2026-08-30T21:51:48Z</time>
   </trkpt>
   <trkpt lat="37.7591060" lon="-122.4218690">
    <ele>17.6</ele>
    <time>2026-08-30T21:51:49Z</time>
   </trkpt>
   <trkpt lat="37.7591060" lon="-122.4218690">
    <ele>17.6</ele>
    <time>2026-08-30T21:51:50Z</time>
   </trkpt>
   <trkpt lat="37.7591060" lon="-122.4218690">
    <ele>17.6</ele>
    <time>2026-08-30T21:51:51Z</time>
   </trkpt>
   <trkpt lat="37.7591060" lon="-122.4218680">
    <ele>17.6</ele>
    <time>2026-08-30T21:51:52Z</time>
   </trkpt>
   <trkpt lat="37.7591070" lon="-122.4218680">
    <ele>17.6</ele>
    <time>2026-08-30T21:51:53Z</time>
   </trkpt>
   <trkpt lat="37.7591070" lon="-122.4218680">
    <ele>17.6</ele>
    <time>2026-08-30T21:51:54Z</time>
   </trkpt>
   <trkpt lat="37.7591070" lon="-122.4218680">
    <ele>17.6</ele>
    <time>2026-08-30T21:51:55Z</time>
   </trkpt>
   <trkpt lat="37.7591070" lon="-122.4218680">
    <ele>17.6</ele>
    <time>2026-08-30T21:51:56Z</time>
   </trkpt>
   <trkpt lat="37.7591070" lon="-122.4218680">
    <ele>17.6</ele>
    <time>2026-08-30T21:51:57Z</time>
   </trkpt>
   <trkpt lat="37.7591070" lon="-122.4218680">
    <ele>17.6</ele>
    <time>2026-08-30T21:51:58Z</time>
   </trkpt>
   <trkpt lat="37.7591070" lon="-122.4218680">
    <ele>17.6</ele>
    <time>2026-08-30T21:51:59Z</time>
   </trkpt>
   <trkpt lat="37.7591070" lon="-122.4218680">
    <ele>17.6</ele>
    <time>2026-08-30T21:52:00Z</time>
   </trkpt>
   <trkpt lat="37.7591080" lon="-122.4218670">
    <ele>17.6</ele>
    <time>2026-08-30T21:52:01Z</time>
   </trkpt>
   <trkpt lat="37.7591080" lon="-122.4218670">
    <ele>17.6</ele>
    <time>2026-08-30T21:52:02Z</time>
   </trkpt>
   <trkpt lat="37.7591080" lon="-122.4218670">
    <ele>17.6</ele>
    <time>2026-08-30T21:52:03Z</time>
   </trkpt>
   <trkpt lat="37.7591090" lon="-122.4218670">
    <ele>17.6</ele>
    <time>2026-08-30T21:52:04Z</time>
   </trkpt>
   <trkpt lat="37.7591090" lon="-122.4218670">
    <ele>17.6</ele>
    <time>2026-08-30T21:52:05Z</time>
   </trkpt>
   <trkpt lat="37.7591090" lon="-122.4218670">
    <ele>17.6</ele>
    <time>2026-08-30T21:52:06Z</time>
   </trkpt>
   <trkpt lat="37.7591090" lon="-122.4218670">
    <ele>17.6</ele>
    <time>2026-08-30T21:52:07Z</time>
   </trkpt>
   <trkpt lat="37.7591090" lon="-122.4218670">
    <ele>17.6</ele>
    <time>2026-08-30T21:52:08Z</time>
   </trkpt>
   <trkpt lat="37.7591090" lon="-122.4218660">
    <ele>17.6</ele>
    <time>2026-08-30T21:52:09Z</time>
   </trkpt>
   <trkpt lat="37.7591100" lon="-122.4218660">
    <ele>17.6</ele>
    <time>2026-08-30T21:52:10Z</time>
   </trkpt>
   <trkpt lat="37.7591100" lon="-122.4218660">
    <ele>17.6</ele>
    <time>2026-08-30T21:52:11Z</time>
   </trkpt>
   <trkpt lat="37.7591100" lon="-122.4218660">
    <ele>17.6</ele>
    <time>2026-08-30T21:52:12Z</time>
   </trkpt>
   <trkpt lat="37.7591100" lon="-122.4218660">
    <ele>17.6</ele>
    <time>2026-08-30T21:52:13Z</time>
   </trkpt>
   <trkpt lat="37.7591110" lon="-122.4218660">
    <ele>17.6</ele>
    <time>2026-08-30T21:52:14Z</time>
   </trkpt>
   <trkpt lat="37.7591110" lon="-122.4218650">
    <ele>17.6</ele>
    <time>2026-08-30T21:52:15Z</time>
   </trkpt>
   <trkpt lat="37.7591110" lon="-122.4218650">
    <ele>17.6</ele>
    <time>2026-08-30T21:52:16Z</time>
   </trkpt>
   <trkpt lat="37.7591110" lon="-122.4218650">
    <ele>17.6</ele>
    <time>2026-08-30T21:52:17Z</time>
   </trkpt>
   <trkpt lat="37.7591110" lon="-122.4218650">
    <ele>17.6</ele>
    <time>2026-08-30T21:52:18Z</time>
   </trkpt>
   <trkpt lat="37.7591110" lon="-122.4218650">
    <ele>17.6</ele>
    <time>2026-08-30T21:52:19Z</time>
   </trkpt>
   <trkpt lat="37.7591120" lon="-122.4218650">
    <ele>17.6</ele>
    <time>2026-08-30T21:52:20Z</time>
   </trkpt>
   <trkpt lat="37.7591120" lon="-122.4218650">
    <ele>17.6</ele>
    <time>2026-08-30T21:52:21Z</time>
   </trkpt>
   <trkpt lat="37.7591120" lon="-122.4218640">
    <ele>17.6</ele>
    <time>2026-08-30T21:52:22Z</time>
   </trkpt>
   <trkpt lat="37.7591120" lon="-122.4218640">
    <ele>17.6</ele>
    <time>2026-08-30T21:52:23Z</time>
   </trkpt>
   <trkpt lat="37.7591120" lon="-122.4218640">
    <ele>17.6</ele>
    <time>2026-08-30T21:52:24Z</time>
   </trkpt>
   <trkpt lat="37.7591130" lon="-122.4218640">
    <ele>17.6</ele>
    <time>2026-08-30T21:52:25Z</time>
   </trkpt>
   <trkpt lat="37.7591130" lon="-122.4218640">
    <ele>17.6</ele>
    <time>2026-08-30T21:52:26Z</time>
   </trkpt>
   <trkpt lat="37.7591130" lon="-122.4218640">
    <ele>17.6</ele>
    <time>2026-08-30T21:52:27Z</time>
   </trkpt>
   <trkpt lat="37.7591130" lon="-122.4218640">
    <ele>17.6</ele>
    <time>2026-08-30T21:52:28Z</time>
   </trkpt>
   <trkpt lat="37.7591130" lon="-122.4218640">
    <ele>17.6</ele>
    <time>2026-08-30T21:52:29Z</time>
   </trkpt>
   <trkpt lat="37.7591130" lon="-122.4218640">
    <ele>17.6</ele>
    <time>2026-08-30T21:52:30Z</time>
   </trkpt>
   <trkpt lat="37.7591140" lon="-122.4218640">
    <ele>17.6</ele>
    <time>2026-08-30T21:52:31Z</time>
   </trkpt>
   <trkpt lat="37.7591140" lon="-122.4218630">
    <ele>17.6</ele>
    <time>2026-08-30T21:52:32Z</time>
   </trkpt>
   <trkpt lat="37.7591140" lon="-122.4218630">
    <ele>17.6</ele>
    <time>2026-08-30T21:52:33Z</time>
   </trkpt>
   <trkpt lat="37.7591140" lon="-122.4218630">
    <ele>17.6</ele>
    <time>2026-08-30T21:52:34Z</time>
   </trkpt>
   <trkpt lat="37.7591140" lon="-122.4218630">
    <ele>17.6</ele>
    <time>2026-08-30T21:52:35Z</time>
   </trkpt>
   <trkpt lat="37.7591140" lon="-122.4218630">
    <ele>17.6</ele>
    <time>2026-08-30T21:52:36Z</time>
   </trkpt>
   <trkpt lat="37.7591150" lon="-122.4218630">
    <ele>17.6</ele>
    <time>2026-08-30T21:52:37Z</time>
   </trkpt>
   <trkpt lat="37.7591150" lon="-122.4218630">
    <ele>17.6</ele>
    <time>2026-08-30T21:52:38Z</time>
   </trkpt>
   <trkpt lat="37.7591150" lon="-122.4218630">
    <ele>17.6</ele>
    <time>2026-08-30T21:52:39Z</time>
   </trkpt>
   <trkpt lat="37.7591150" lon="-122.4218630">
    <ele>17.6</ele>
    <time>2026-08-30T21:52:40Z</time>
   </trkpt>
   <trkpt lat="37.7591150" lon="-122.4218620">
    <ele>17.6</ele>
    <time>2026-08-30T21:52:41Z</time>
   </trkpt>
   <trkpt lat="37.7591150" lon="-122.4218620">
    <ele>17.6</ele>
    <time>2026-08-30T21:52:42Z</time>
   </trkpt>
   <trkpt lat="37.7591160" lon="-122.4218620">
    <ele>17.6</ele>
    <time>2026-08-30T21:52:43Z</time>
   </trkpt>
   <trkpt lat="37.7591160" lon="-122.4218620">
    <ele>17.6</ele>
    <time>2026-08-30T21:52:44Z</time>
   </trkpt>
   <trkpt lat="37.7591160" lon="-122.4218620">
    <ele>17.6</ele>
    <time>2026-08-30T21:52:45Z</time>
   </trkpt>
   <trkpt lat="37.7591160" lon="-122.4218620">
    <ele>17.6</ele>
    <time>2026-08-30T21:52:46Z</time>
   </trkpt>
   <trkpt lat="37.7591170" lon="-122.4218620">
    <ele>17.6</ele>
    <time>2026-08-30T21:52:47Z</time>
   </trkpt>
   <trkpt lat="37.7591170" lon="-122.4218610">
    <ele>17.6</ele>
    <time>2026-08-30T21:52:48Z</time>
   </trkpt>
   <trkpt lat="37.7591170" lon="-122.4218610">
    <ele>17.6</ele>
    <time>2026-08-30T21:52:49Z</time>
   </trkpt>
   <trkpt lat="37.7591170" lon="-122.4218610">
    <ele>17.6</ele>
    <time>2026-08-30T21:52:50Z</time>
   </trkpt>
   <trkpt lat="37.7591170" lon="-122.4218610">
    <ele>17.6</ele>
    <time>2026-08-30T21:52:51Z</time>
   </trkpt>
   <trkpt lat="37.7591170" lon="-122.4218610">
    <ele>17.6</ele>
    <time>2026-08-30T21:52:52Z</time>
   </trkpt>
   <trkpt lat="37.7591180" lon="-122.4218610">
    <ele>17.6</ele>
    <time>2026-08-30T21:52:53Z</time>
   </trkpt>
   <trkpt lat="37.7591180" lon="-122.4218610">
    <ele>17.6</ele>
    <time>2026-08-30T21:52:54Z</time>
   </trkpt>
   <trkpt lat="37.7591180" lon="-122.4218600">
    <ele>17.6</ele>
    <time>2026-08-30T21:52:55Z</time>
   </trkpt>
   <trkpt lat="37.7591190" lon="-122.4218600">
    <ele>17.6</ele>
    <time>2026-08-30T21:52:56Z</time>
   </trkpt>
   <trkpt lat="37.7591190" lon="-122.4218600">
    <ele>17.6</ele>
    <time>2026-08-30T21:52:57Z</time>
   </trkpt>
   <trkpt lat="37.7591190" lon="-122.4218600">
    <ele>17.6</ele>
    <time>2026-08-30T21:52:58Z</time>
   </trkpt>
   <trkpt lat="37.7591190" lon="-122.4218600">
    <ele>17.6</ele>
    <time>2026-08-30T21:52:59Z</time>
   </trkpt>
   <trkpt lat="37.7591190" lon="-122.4218600">
    <ele>17.6</ele>
    <time>2026-08-30T21:53:00Z</time>
   </trkpt>
   <trkpt lat="37.7591190" lon="-122.4218600">
    <ele>17.6</ele>
    <time>2026-08-30T21:53:01Z</time>
   </trkpt>
   <trkpt lat="37.7591200" lon="-122.4218590">
    <ele>17.6</ele>
    <time>2026-08-30T21:53:02Z</time>
   </trkpt>
   <trkpt lat="37.7591200" lon="-122.4218590">
    <ele>17.6</ele>
    <time>2026-08-30T21:53:03Z</time>
   </trkpt>
   <trkpt lat="37.7591200" lon="-122.4218590">
    <ele>17.6</ele>
    <time>2026-08-30T21:53:04Z</time>
   </trkpt>
   <trkpt lat="37.7591200" lon="-122.4218590">
    <ele>17.6</ele>
    <time>2026-08-30T21:53:05Z</time>
   </trkpt>
   <trkpt lat="37.7591200" lon="-122.4218590">
    <ele>17.6</ele>
    <time>2026-08-30T21:53:06Z</time>
   </trkpt>
   <trkpt lat="37.7591200" lon="-122.4218590">
    <ele>17.6</ele>
    <time>2026-08-30T21:53:07Z</time>
   </trkpt>
   <trkpt lat="37.7591200" lon="-122.4218590">
    <ele>17.6</ele>
    <time>2026-08-30T21:53:08Z</time>
   </trkpt>
   <trkpt lat="37.7591210" lon="-122.4218590">
    <ele>17.6</ele>
    <time>2026-08-30T21:53:09Z</time>
   </trkpt>
   <trkpt lat="37.7591210" lon="-122.4218590">
    <ele>17.6</ele>
    <time>2026-08-30T21:53:10Z</time>
   </trkpt>
   <trkpt lat="37.7591210" lon="-122.4218590">
    <ele>17.6</ele>
    <time>2026-08-30T21:53:11Z</time>
   </trkpt>
   <trkpt lat="37.7591210" lon="-122.4218580">
    <ele>17.6</ele>
    <time>2026-08-30T21:53:12Z</time>
   </trkpt>
   <trkpt lat="37.7591210" lon="-122.4218580">
    <ele>17.6</ele>
    <time>2026-08-30T21:53:13Z</time>
   </trkpt>
   <trkpt lat="37.7591210" lon="-122.4218580">
    <ele>17.6</ele>
    <time>2026-08-30T21:53:14Z</time>
   </trkpt>
   <trkpt lat="37.7591220" lon="-122.4218580">
    <ele>17.6</ele>
    <time>2026-08-30T21:53:15Z</time>
   </trkpt>
   <trkpt lat="37.7591220" lon="-122.4218580">
    <ele>17.6</ele>
    <time>2026-08-30T21:53:16Z</time>
   </trkpt>
   <trkpt lat="37.7591220" lon="-122.4218580">
    <ele>17.6</ele>
    <time>2026-08-30T21:53:17Z</time>
   </trkpt>
   <trkpt lat="37.7591220" lon="-122.4218580">
    <ele>17.6</ele>
    <time>2026-08-30T21:53:18Z</time>
   </trkpt>
   <trkpt lat="37.7591220" lon="-122.4218580">
    <ele>17.6</ele>
    <time>2026-08-30T21:53:19Z</time>
   </trkpt>
   <trkpt lat="37.7591220" lon="-122.4218570">
    <ele>17.6</ele>
    <time>2026-08-30T21:53:20Z</time>
   </trkpt>
   <trkpt lat="37.7591230" lon="-122.4218570">
    <ele>17.6</ele>
    <time>2026-08-30T21:53:21Z</time>
   </trkpt>
   <trkpt lat="37.7591230" lon="-122.4218570">
    <ele>17.6</ele>
    <time>2026-08-30T21:53:22Z</time>
   </trkpt>
   <trkpt lat="37.7591230" lon="-122.4218570">
    <ele>17.6</ele>
    <time>2026-08-30T21:53:23Z</time>
   </trkpt>
   <trkpt lat="37.7591230" lon="-122.4218570">
    <ele>17.6</ele>
    <time>2026-08-30T21:53:24Z</time>
   </trkpt>
   <trkpt lat="37.7591230" lon="-122.4218570">
    <ele>17.6</ele>
    <time>2026-08-30T21:53:25Z</time>
   </trkpt>
   <trkpt lat="37.7591230" lon="-122.4218570">
    <ele>17.6</ele>
    <time>2026-08-30T21:53:26Z</time>
   </trkpt>
   <trkpt lat="37.7591240" lon="-122.4218570">
    <ele>17.6</ele>
    <time>2026-08-30T21:53:27Z</time>
   </trkpt>
   <trkpt lat="37.7591240" lon="-122.4218570">
    <ele>17.6</ele>
    <time>2026-08-30T21:53:28Z</time>
   </trkpt>
   <trkpt lat="37.7591240" lon="-122.4218560">
    <ele>17.6</ele>
    <time>2026-08-30T21:53:29Z</time>
   </trkpt>
   <trkpt lat="37.7591240" lon="-122.4218560">
    <ele>17.6</ele>
    <time>2026-08-30T21:53:30Z</time>
   </trkpt>
   <trkpt lat="37.7591240" lon="-122.4218560">
    <ele>17.6</ele>
    <time>2026-08-30T21:53:31Z</time>
   </trkpt>
   <trkpt lat="37.7591250" lon="-122.4218560">
    <ele>17.6</ele>
    <time>2026-08-30T21:53:32Z</time>
   </trkpt>
   <trkpt lat="37.7591250" lon="-122.4218560">
    <ele>17.6</ele>
    <time>2026-08-30T21:53:33Z</time>
   </trkpt>
   <trkpt lat="37.7591250" lon="-122.4218560">
    <ele>17.6</ele>
    <time>2026-08-30T21:53:34Z</time>
   </trkpt>
   <trkpt lat="37.7591250" lon="-122.4218560">
    <ele>17.6</ele>
    <time>2026-08-30T21:53:35Z</time>
   </trkpt>
   <trkpt lat="37.7591260" lon="-122.4218550">
    <ele>17.6</ele>
    <time>2026-08-30T21:53:36Z</time>
   </trkpt>
   <trkpt lat="37.7591260" lon="-122.4218550">
    <ele>17.6</ele>
    <time>2026-08-30T21:53:37Z</time>
   </trkpt>
   <trkpt lat="37.7591260" lon="-122.4218550">
    <ele>17.6</ele>
    <time>2026-08-30T21:53:38Z</time>
   </trkpt>
   <trkpt lat="37.7591260" lon="-122.4218550">
    <ele>17.6</ele>
    <time>2026-08-30T21:53:39Z</time>
   </trkpt>
   <trkpt lat="37.7591260" lon="-122.4218550">
    <ele>17.6</ele>
    <time>2026-08-30T21:53:40Z</time>
   </trkpt>
   <trkpt lat="37.7591260" lon="-122.4218550">
    <ele>17.6</ele>
    <time>2026-08-30T21:53:41Z</time>
   </trkpt>
   <trkpt lat="37.7591270" lon="-122.4218550">
    <ele>17.6</ele>
    <time>2026-08-30T21:53:42Z</time>
   </trkpt>
   <trkpt lat="37.7591270" lon="-122.4218550">
    <ele>17.6</ele>
    <time>2026-08-30T21:53:43Z</time>
   </trkpt>
   <trkpt lat="37.7591270" lon="-122.4218540">
    <ele>17.6</ele>
    <time>2026-08-30T21:53:44Z</time>
   </trkpt>
   <trkpt lat="37.7591270" lon="-122.4218540">
    <ele>17.6</ele>
    <time>2026-08-30T21:53:45Z</time>
   </trkpt>
   <trkpt lat="37.7591270" lon="-122.4218540">
    <ele>17.6</ele>
    <time>2026-08-30T21:53:46Z</time>
   </trkpt>
   <trkpt lat="37.7591270" lon="-122.4218540">
    <ele>17.6</ele>
    <time>2026-08-30T21:53:47Z</time>
   </trkpt>
   <trkpt lat="37.7591280" lon="-122.4218540">
    <ele>17.6</ele>
    <time>2026-08-30T21:53:48Z</time>
   </trkpt>
   <trkpt lat="37.7591280" lon="-122.4218540">
    <ele>17.6</ele>
    <time>2026-08-30T21:53:49Z</time>
   </trkpt>
   <trkpt lat="37.7591280" lon="-122.4218540">
    <ele>17.6</ele>
    <time>2026-08-30T21:53:50Z</time>
   </trkpt>
   <trkpt lat="37.7591280" lon="-122.4218540">
    <ele>17.6</ele>
    <time>2026-08-30T21:53:51Z</time>
   </trkpt>
   <trkpt lat="37.7591280" lon="-122.4218530">
    <ele>17.6</ele>
    <time>2026-08-30T21:53:52Z</time>
   </trkpt>
   <trkpt lat="37.7591290" lon="-122.4218530">
    <ele>17.6</ele>
    <time>2026-08-30T21:53:53Z</time>
   </trkpt>
   <trkpt lat="37.7591290" lon="-122.4218530">
    <ele>17.6</ele>
    <time>2026-08-30T21:53:54Z</time>
   </trkpt>
   <trkpt lat="37.7591290" lon="-122.4218530">
    <ele>17.6</ele>
    <time>2026-08-30T21:53:55Z</time>
   </trkpt>
   <trkpt lat="37.7591290" lon="-122.4218530">
    <ele>17.6</ele>
    <time>2026-08-30T21:53:56Z</time>
   </trkpt>
   <trkpt lat="37.7591300" lon="-122.4218520">
    <ele>17.6</ele>
    <time>2026-08-30T21:53:57Z</time>
   </trkpt>
   <trkpt lat="37.7591300" lon="-122.4218520">
    <ele>17.6</ele>
    <time>2026-08-30T21:53:58Z</time>
   </trkpt>
   <trkpt lat="37.7591300" lon="-122.4218520">
    <ele>17.6</ele>
    <time>2026-08-30T21:53:59Z</time>
   </trkpt>
   <trkpt lat="37.7591300" lon="-122.4218520">
    <ele>17.6</ele>
    <time>2026-08-30T21:54:00Z</time>
   </trkpt>
   <trkpt lat="37.7591310" lon="-122.4218520">
    <ele>17.6</ele>
    <time>2026-08-30T21:54:01Z</time>
   </trkpt>
   <trkpt lat="37.7591310" lon="-122.4218520">
    <ele>17.6</ele>
    <time>2026-08-30T21:54:02Z</time>
   </trkpt>
   <trkpt lat="37.7591310" lon="-122.4218520">
    <ele>17.6</ele>
    <time>2026-08-30T21:54:03Z</time>
   </trkpt>
   <trkpt lat="37.7591310" lon="-122.4218510">
    <ele>17.6</ele>
    <time>2026-08-30T21:54:04Z</time>
   </trkpt>
   <trkpt lat="37.7591320" lon="-122.4218510">
    <ele>17.6</ele>
    <time>2026-08-30T21:54:05Z</time>
   </trkpt>
   <trkpt lat="37.7591320" lon="-122.4218510">
    <ele>17.6</ele>
    <time>2026-08-30T21:54:06Z</time>
   </trkpt>
   <trkpt lat="37.7591320" lon="-122.4218510">
    <ele>17.6</ele>
    <time>2026-08-30T21:54:07Z</time>
   </trkpt>
   <trkpt lat="37.7591320" lon="-122.4218510">
    <ele>17.6</ele>
    <time>2026-08-30T21:54:08Z</time>
   </trkpt>
   <trkpt lat="37.7591320" lon="-122.4218510">
    <ele>17.6</ele>
    <time>2026-08-30T21:54:09Z</time>
   </trkpt>
   <trkpt lat="37.7591330" lon="-122.4218500">
    <ele>17.6</ele>
    <time>2026-08-30T21:54:10Z</time>
   </trkpt>
   <trkpt lat="37.7591330" lon="-122.4218500">
    <ele>17.6</ele>
    <time>2026-08-30T21:54:11Z</time>
   </trkpt>
   <trkpt lat="37.7591330" lon="-122.4218500">
    <ele>17.6</ele>
    <time>2026-08-30T21:54:12Z</time>
   </trkpt>
   <trkpt lat="37.7591330" lon="-122.4218500">
    <ele>17.6</ele>
    <time>2026-08-30T21:54:13Z</time>
   </trkpt>
   <trkpt lat="37.7591330" lon="-122.4218500">
    <ele>17.6</ele>
    <time>2026-08-30T21:54:14Z</time>
   </trkpt>
   <trkpt lat="37.7591340" lon="-122.4218500">
    <ele>17.6</ele>
    <time>2026-08-30T21:54:15Z</time>
   </trkpt>
   <trkpt lat="37.7591340" lon="-122.4218500">
    <ele>17.6</ele>
    <time>2026-08-30T21:54:16Z</time>
   </trkpt>
   <trkpt lat="37.7591340" lon="-122.4218500">
    <ele>17.6</ele>
    <time>2026-08-30T21:54:17Z</time>
   </trkpt>
   <trkpt lat="37.7591340" lon="-122.4218490">
    <ele>17.6</ele>
    <time>2026-08-30T21:54:18Z</time>
   </trkpt>
   <trkpt lat="37.7591340" lon="-122.4218490">
    <ele>17.6</ele>
    <time>2026-08-30T21:54:19Z</time>
   </trkpt>
   <trkpt lat="37.7591340" lon="-122.4218490">
    <ele>17.6</ele>
    <time>2026-08-30T21:54:20Z</time>
   </trkpt>
   <trkpt lat="37.7591350" lon="-122.4218490">
    <ele>17.6</ele>
    <time>2026-08-30T21:54:21Z</time>
   </trkpt>
   <trkpt lat="37.7591350" lon="-122.4218490">
    <ele>17.6</ele>
    <time>2026-08-30T21:54:22Z</time>
   </trkpt>
   <trkpt lat="37.7591350" lon="-122.4218490">
    <ele>17.6</ele>
    <time>2026-08-30T21:54:23Z</time>
   </trkpt>
   <trkpt lat="37.7591350" lon="-122.4218490">
    <ele>17.6</ele>
    <time>2026-08-30T21:54:24Z</time>
   </trkpt>
   <trkpt lat="37.7591350" lon="-122.4218490">
    <ele>17.6</ele>
    <time>2026-08-30T21:54:25Z</time>
   </trkpt>
   <trkpt lat="37.7591360" lon="-122.4218490">
    <ele>17.6</ele>
    <time>2026-08-30T21:54:26Z</time>
   </trkpt>
   <trkpt lat="37.7591360" lon="-122.4218480">
    <ele>17.6</ele>
    <time>2026-08-30T21:54:27Z</time>
   </trkpt>
   <trkpt lat="37.7591360" lon="-122.4218480">
    <ele>17.6</ele>
    <time>2026-08-30T21:54:28Z</time>
   </trkpt>
   <trkpt lat="37.7591360" lon="-122.4218480">
    <ele>17.6</ele>
    <time>2026-08-30T21:54:29Z</time>
   </trkpt>
   <trkpt lat="37.7591360" lon="-122.4218480">
    <ele>17.6</ele>
    <time>2026-08-30T21:54:30Z</time>
   </trkpt>
   <trkpt lat="37.7591360" lon="-122.4218480">
    <ele>17.6</ele>
    <time>2026-08-30T21:54:31Z</time>
   </trkpt>
   <trkpt lat="37.7591370" lon="-122.4218480">
    <ele>17.6</ele>
    <time>2026-08-30T21:54:32Z</time>
   </trkpt>
   <trkpt lat="37.7591370" lon="-122.4218480">
    <ele>17.6</ele>
    <time>2026-08-30T21:54:33Z</time>
   </trkpt>
   <trkpt lat="37.7591370" lon="-122.4218470">
    <ele>17.6</ele>
    <time>2026-08-30T21:54:34Z</time>
   </trkpt>
   <trkpt lat="37.7591370" lon="-122.4218470">
    <ele>17.6</ele>
    <time>2026-08-30T21:54:35Z</time>
   </trkpt>
   <trkpt lat="37.7591380" lon="-122.4218470">
    <ele>17.6</ele>
    <time>2026-08-30T21:54:36Z</time>
   </trkpt>
   <trkpt lat="37.7591380" lon="-122.4218470">
    <ele>17.6</ele>
    <time>2026-08-30T21:54:37Z</time>
   </trkpt>
   <trkpt lat="37.7591380" lon="-122.4218470">
    <ele>17.6</ele>
    <time>2026-08-30T21:54:38Z</time>
   </trkpt>
   <trkpt lat="37.7591380" lon="-122.4218470">
    <ele>17.6</ele>
    <time>2026-08-30T21:54:39Z</time>
   </trkpt>
   <trkpt lat="37.7591380" lon="-122.4218470">
    <ele>17.6</ele>
    <time>2026-08-30T21:54:40Z</time>
   </trkpt>
   <trkpt lat="37.7591390" lon="-122.4218460">
    <ele>17.6</ele>
    <time>2026-08-30T21:54:41Z</time>
   </trkpt>
   <trkpt lat="37.7591390" lon="-122.4218460">
    <ele>17.6</ele>
    <time>2026-08-30T21:54:42Z</time>
   </trkpt>
   <trkpt lat="37.7591390" lon="-122.4218460">
    <ele>17.6</ele>
    <time>2026-08-30T21:54:43Z</time>
   </trkpt>
   <trkpt lat="37.7591390" lon="-122.4218460">
    <ele>17.6</ele>
    <time>2026-08-30T21:54:44Z</time>
   </trkpt>
   <trkpt lat="37.7591390" lon="-122.4218460">
    <ele>17.6</ele>
    <time>2026-08-30T21:54:45Z</time>
   </trkpt>
   <trkpt lat="37.7591390" lon="-122.4218460">
    <ele>17.6</ele>
    <time>2026-08-30T21:54:46Z</time>
   </trkpt>
   <trkpt lat="37.7591390" lon="-122.4218460">
    <ele>17.6</ele>
    <time>2026-08-30T21:54:47Z</time>
   </trkpt>
   <trkpt lat="37.7591400" lon="-122.4218460">
    <ele>17.6</ele>
    <time>2026-08-30T21:54:48Z</time>
   </trkpt>
   <trkpt lat="37.7591400" lon="-122.4218450">
    <ele>17.6</ele>
    <time>2026-08-30T21:54:49Z</time>
   </trkpt>
   <trkpt lat="37.7591400" lon="-122.4218450">
    <ele>17.6</ele>
    <time>2026-08-30T21:54:50Z</time>
   </trkpt>
   <trkpt lat="37.7591400" lon="-122.4218450">
    <ele>17.6</ele>
    <time>2026-08-30T21:54:51Z</time>
   </trkpt>
   <trkpt lat="37.7591400" lon="-122.4218450">
    <ele>17.6</ele>
    <time>2026-08-30T21:54:52Z</time>
   </trkpt>
   <trkpt lat="37.7591410" lon="-122.4218450">
    <ele>17.6</ele>
    <time>2026-08-30T21:54:53Z</time>
   </trkpt>
   <trkpt lat="37.7591410" lon="-122.4218450">
    <ele>17.6</ele>
    <time>2026-08-30T21:54:54Z</time>
   </trkpt>
   <trkpt lat="37.7591410" lon="-122.4218450">
    <ele>17.6</ele>
    <time>2026-08-30T21:54:55Z</time>
   </trkpt>
   <trkpt lat="37.7591410" lon="-122.4218450">
    <ele>17.6</ele>
    <time>2026-08-30T21:54:56Z</time>
   </trkpt>
   <trkpt lat="37.7591410" lon="-122.4218450">
    <ele>17.6</ele>
    <time>2026-08-30T21:54:57Z</time>
   </trkpt>
   <trkpt lat="37.7591410" lon="-122.4218450">
    <ele>17.6</ele>
    <time>2026-08-30T21:54:58Z</time>
   </trkpt>
   <trkpt lat="37.7591420" lon="-122.4218440">
    <ele>17.6</ele>
    <time>2026-08-30T21:54:59Z</time>
   </trkpt>
   <trkpt lat="37.7591420" lon="-122.4218440">
    <ele>17.6</ele>
    <time>2026-08-30T21:55:00Z</time>
   </trkpt>
   <trkpt lat="37.7591420" lon="-122.4218440">
    <ele>17.6</ele>
    <time>2026-08-30T21:55:01Z</time>
   </trkpt>
   <trkpt lat="37.7591420" lon="-122.4218440">
    <ele>17.6</ele>
    <time>2026-08-30T21:55:02Z</time>
   </trkpt>
   <trkpt lat="37.7591420" lon="-122.4218440">
    <ele>17.6</ele>
    <time>2026-08-30T21:55:03Z</time>
   </trkpt>
   <trkpt lat="37.7591420" lon="-122.4218440">
    <ele>17.6</ele>
    <time>2026-08-30T21:55:04Z</time>
   </trkpt>
   <trkpt lat="37.7591430" lon="-122.4218440">
    <ele>17.6</ele>
    <time>2026-08-30T21:55:05Z</time>
   </trkpt>
   <trkpt lat="37.7591430" lon="-122.4218440">
    <ele>17.6</ele>
    <time>2026-08-30T21:55:06Z</time>
   </trkpt>
   <trkpt lat="37.7591430" lon="-122.4218430">
    <ele>17.6</ele>
    <time>2026-08-30T21:55:07Z</time>
   </trkpt>
   <trkpt lat="37.7591430" lon="-122.4218430">
    <ele>17.6</ele>
    <time>2026-08-30T21:55:08Z</time>
   </trkpt>
   <trkpt lat="37.7591430" lon="-122.4218430">
    <ele>17.6</ele>
    <time>2026-08-30T21:55:09Z</time>
   </trkpt>
   <trkpt lat="37.7591430" lon="-122.4218430">
    <ele>17.6</ele>
    <time>2026-08-30T21:55:10Z</time>
   </trkpt>
   <trkpt lat="37.7591430" lon="-122.4218430">
    <ele>17.6</ele>
    <time>2026-08-30T21:55:11Z</time>
   </trkpt>
   <trkpt lat="37.7591440" lon="-122.4218430">
    <ele>17.6</ele>
    <time>2026-08-30T21:55:12Z</time>
   </trkpt>
   <trkpt lat="37.7591440" lon="-122.4218430">
    <ele>17.6</ele>
    <time>2026-08-30T21:55:13Z</time>
   </trkpt>
   <trkpt lat="37.7591440" lon="-122.4218430">
    <ele>17.6</ele>
    <time>2026-08-30T21:55:14Z</time>
   </trkpt>
   <trkpt lat="37.7591440" lon="-122.4218430">
    <ele>17.6</ele>
    <time>2026-08-30T21:55:15Z</time>
   </trkpt>
   <trkpt lat="37.7591440" lon="-122.4218420">
    <ele>17.6</ele>
    <time>2026-08-30T21:55:16Z</time>
   </trkpt>
   <trkpt lat="37.7591450" lon="-122.4218420">
    <ele>17.6</ele>
    <time>2026-08-30T21:55:17Z</time>
   </trkpt>
   <trkpt lat="37.7591450" lon="-122.4218420">
    <ele>17.6</ele>
    <time>2026-08-30T21:55:18Z</time>
   </trkpt>
   <trkpt lat="37.7591450" lon="-122.4218420">
    <ele>17.6</ele>
    <time>2026-08-30T21:55:19Z</time>
   </trkpt>
   <trkpt lat="37.7591450" lon="-122.4218420">
    <ele>17.6</ele>
    <time>2026-08-30T21:55:20Z</time>
   </trkpt>
   <trkpt lat="37.7591460" lon="-122.4218420">
    <ele>17.6</ele>
    <time>2026-08-30T21:55:21Z</time>
   </trkpt>
   <trkpt lat="37.7591460" lon="-122.4218410">
    <ele>17.6</ele>
    <time>2026-08-30T21:55:22Z</time>
   </trkpt>
   <trkpt lat="37.7591460" lon="-122.4218410">
    <ele>17.6</ele>
    <time>2026-08-30T21:55:23Z</time>
   </trkpt>
   <trkpt lat="37.7591460" lon="-122.4218410">
    <ele>17.6</ele>
    <time>2026-08-30T21:55:24Z</time>
   </trkpt>
   <trkpt lat="37.7591460" lon="-122.4218410">
    <ele>17.6</ele>
    <time>2026-08-30T21:55:25Z</time>
   </trkpt>
   <trkpt lat="37.7591470" lon="-122.4218410">
    <ele>17.6</ele>
    <time>2026-08-30T21:55:26Z</time>
   </trkpt>
   <trkpt lat="37.7591470" lon="-122.4218410">
    <ele>17.6</ele>
    <time>2026-08-30T21:55:27Z</time>
   </trkpt>
   <trkpt lat="37.7591470" lon="-122.4218410">
    <ele>17.6</ele>
    <time>2026-08-30T21:55:28Z</time>
   </trkpt>
   <trkpt lat="37.7591470" lon="-122.4218410">
    <ele>17.6</ele>
    <time>2026-08-30T21:55:29Z</time>
   </trkpt>
   <trkpt lat="37.7591470" lon="-122.4218410">
    <ele>17.6</ele>
    <time>2026-08-30T21:55:30Z</time>
   </trkpt>
   <trkpt lat="37.7591470" lon="-122.4218400">
    <ele>17.6</ele>
    <time>2026-08-30T21:55:31Z</time>
   </trkpt>
   <trkpt lat="37.7591480" lon="-122.4218400">
    <ele>17.6</ele>
    <time>2026-08-30T21:55:32Z</time>
   </trkpt>
   <trkpt lat="37.7591480" lon="-122.4218400">
    <ele>17.6</ele>
    <time>2026-08-30T21:55:33Z</time>
   </trkpt>
   <trkpt lat="37.7591480" lon="-122.4218400">
    <ele>17.6</ele>
    <time>2026-08-30T21:55:34Z</time>
   </trkpt>
   <trkpt lat="37.7591480" lon="-122.4218400">
    <ele>17.6</ele>
    <time>2026-08-30T21:55:35Z</time>
   </trkpt>
   <trkpt lat="37.7591480" lon="-122.4218400">
    <ele>17.6</ele>
    <time>2026-08-30T21:55:36Z</time>
   </trkpt>
   <trkpt lat="37.7591480" lon="-122.4218400">
    <ele>17.6</ele>
    <time>2026-08-30T21:55:37Z</time>
   </trkpt>
   <trkpt lat="37.7591480" lon="-122.4218400">
    <ele>17.6</ele>
    <time>2026-08-30T21:55:38Z</time>
   </trkpt>
   <trkpt lat="37.7591490" lon="-122.4218400">
    <ele>17.6</ele>
    <time>2026-08-30T21:55:39Z</time>
   </trkpt>
   <trkpt lat="37.7591490" lon="-122.4218400">
    <ele>17.6</ele>
    <time>2026-08-30T21:55:40Z</time>
   </trkpt>
   <trkpt lat="37.7591490" lon="-122.4218390">
    <ele>17.6</ele>
    <time>2026-08-30T21:55:41Z</time>
   </trkpt>
   <trkpt lat="37.7591490" lon="-122.4218390">
    <ele>17.6</ele>
    <time>2026-08-30T21:55:42Z</time>
   </trkpt>
   <trkpt lat="37.7591490" lon="-122.4218390">
    <ele>17.6</ele>
    <time>2026-08-30T21:55:43Z</time>
   </trkpt>
   <trkpt lat="37.7591490" lon="-122.4218390">
    <ele>17.6</ele>
    <time>2026-08-30T21:55:44Z</time>
   </trkpt>
   <trkpt lat="37.7591500" lon="-122.4218390">
    <ele>17.6</ele>
    <time>2026-08-30T21:55:45Z</time>
   </trkpt>
   <trkpt lat="37.7591500" lon="-122.4218390">
    <ele>17.6</ele>
    <time>2026-08-30T21:55:46Z</time>
   </trkpt>
   <trkpt lat="37.7591500" lon="-122.4218390">
    <ele>17.6</ele>
    <time>2026-08-30T21:55:47Z</time>
   </trkpt>
   <trkpt lat="37.7591500" lon="-122.4218380">
    <ele>17.6</ele>
    <time>2026-08-30T21:55:48Z</time>
   </trkpt>
   <trkpt lat="37.7591500" lon="-122.4218380">
    <ele>17.6</ele>
    <time>2026-08-30T21:55:49Z</time>
   </trkpt>
   <trkpt lat="37.7591510" lon="-122.4218380">
    <ele>17.6</ele>
    <time>2026-08-30T21:55:50Z</time>
   </trkpt>
   <trkpt lat="37.7591510" lon="-122.4218380">
    <ele>17.6</ele>
    <time>2026-08-30T21:55:51Z</time>
   </trkpt>
   <trkpt lat="37.7591510" lon="-122.4218380">
    <ele>17.6</ele>
    <time>2026-08-30T21:55:52Z</time>
   </trkpt>
   <trkpt lat="37.7591510" lon="-122.4218380">
    <ele>17.6</ele>
    <time>2026-08-30T21:55:53Z</time>
   </trkpt>
   <trkpt lat="37.7591520" lon="-122.4218380">
    <ele>17.6</ele>
    <time>2026-08-30T21:55:54Z</time>
   </trkpt>
   <trkpt lat="37.7591520" lon="-122.4218370">
    <ele>17.6</ele>
    <time>2026-08-30T21:55:55Z</time>
   </trkpt>
   <trkpt lat="37.7591520" lon="-122.4218370">
    <ele>17.6</ele>
    <time>2026-08-30T21:55:56Z</time>
   </trkpt>
   <trkpt lat="37.7591520" lon="-122.4218370">
    <ele>17.6</ele>
    <time>2026-08-30T21:55:57Z</time>
   </trkpt>
   <trkpt lat="37.7591520" lon="-122.4218370">
    <ele>17.6</ele>
    <time>2026-08-30T21:55:58Z</time>
   </trkpt>
   <trkpt lat="37.7591520" lon="-122.4218370">
    <ele>17.6</ele>
    <time>2026-08-30T21:55:59Z</time>
   </trkpt>
   <trkpt lat="37.7591530" lon="-122.4218370">
    <ele>17.6</ele>
    <time>2026-08-30T21:56:00Z</time>
   </trkpt>
   <trkpt lat="37.7591530" lon="-122.4218370">
    <ele>17.6</ele>
    <time>2026-08-30T21:56:01Z</time>
   </trkpt>
   <trkpt lat="37.7591530" lon="-122.4218370">
    <ele>17.6</ele>
    <time>2026-08-30T21:56:02Z</time>
   </trkpt>
   <trkpt lat="37.7591530" lon="-122.4218370">
    <ele>17.6</ele>
    <time>2026-08-30T21:56:03Z</time>
   </trkpt>
   <trkpt lat="37.7591530" lon="-122.4218360">
    <ele>17.6</ele>
    <time>2026-08-30T21:56:04Z</time>
   </trkpt>
   <trkpt lat="37.7591530" lon="-122.4218360">
    <ele>17.6</ele>
    <time>2026-08-30T21:56:05Z</time>
   </trkpt>
   <trkpt lat="37.7591530" lon="-122.4218360">
    <ele>17.6</ele>
    <time>2026-08-30T21:56:06Z</time>
   </trkpt>
   <trkpt lat="37.7591540" lon="-122.4218360">
    <ele>17.6</ele>
    <time>2026-08-30T21:56:07Z</time>
   </trkpt>
   <trkpt lat="37.7591540" lon="-122.4218360">
    <ele>17.6</ele>
    <time>2026-08-30T21:56:08Z</time>
   </trkpt>
   <trkpt lat="37.7591540" lon="-122.4218360">
    <ele>17.6</ele>
    <time>2026-08-30T21:56:09Z</time>
   </trkpt>
   <trkpt lat="37.7591540" lon="-122.4218360">
    <ele>17.6</ele>
    <time>2026-08-30T21:56:10Z</time>
   </trkpt>
   <trkpt lat="37.7591540" lon="-122.4218360">
    <ele>17.6</ele>
    <time>2026-08-30T21:56:11Z</time>
   </trkpt>
   <trkpt lat="37.7591540" lon="-122.4218360">
    <ele>17.6</ele>
    <time>2026-08-30T21:56:12Z</time>
   </trkpt>
   <trkpt lat="37.7591540" lon="-122.4218360">
    <ele>17.6</ele>
    <time>2026-08-30T21:56:13Z</time>
   </trkpt>
   <trkpt lat="37.7591550" lon="-122.4218360">
    <ele>17.6</ele>
    <time>2026-08-30T21:56:14Z</time>
   </trkpt>
   <trkpt lat="37.7591550" lon="-122.4218350">
    <ele>17.6</ele>
    <time>2026-08-30T21:56:15Z</time>
   </trkpt>
   <trkpt lat="37.7591550" lon="-122.4218350">
    <ele>17.6</ele>
    <time>2026-08-30T21:56:16Z</time>
   </trkpt>
   <trkpt lat="37.7591550" lon="-122.4218350">
    <ele>17.6</ele>
    <time>2026-08-30T21:56:17Z</time>
   </trkpt>
   <trkpt lat="37.7591550" lon="-122.4218350">
    <ele>17.6</ele>
    <time>2026-08-30T21:56:18Z</time>
   </trkpt>
   <trkpt lat="37.7591550" lon="-122.4218350">
    <ele>17.6</ele>
    <time>2026-08-30T21:56:19Z</time>
   </trkpt>
   <trkpt lat="37.7591550" lon="-122.4218350">
    <ele>17.6</ele>
    <time>2026-08-30T21:56:20Z</time>
   </trkpt>
   <trkpt lat="37.7591560" lon="-122.4218350">
    <ele>17.6</ele>
    <time>2026-08-30T21:56:21Z</time>
   </trkpt>
   <trkpt lat="37.7591560" lon="-122.4218350">
    <ele>17.6</ele>
    <time>2026-08-30T21:56:22Z</time>
   </trkpt>
   <trkpt lat="37.7591560" lon="-122.4218350">
    <ele>17.6</ele>
    <time>2026-08-30T21:56:23Z</time>
   </trkpt>
   <trkpt lat="37.7591560" lon="-122.4218350">
    <ele>17.6</ele>
    <time>2026-08-30T21:56:24Z</time>
   </trkpt>
   <trkpt lat="37.7591560" lon="-122.4218340">
    <ele>17.6</ele>
    <time>2026-08-30T21:56:25Z</time>
   </trkpt>
   <trkpt lat="37.7591560" lon="-122.4218340">
    <ele>17.6</ele>
    <time>2026-08-30T21:56:26Z</time>
   </trkpt>
   <trkpt lat="37.7591560" lon="-122.4218340">
    <ele>17.6</ele>
    <time>2026-08-30T21:56:27Z</time>
   </trkpt>
   <trkpt lat="37.7591570" lon="-122.4218340">
    <ele>17.6</ele>
    <time>2026-08-30T21:56:28Z</time>
   </trkpt>
   <trkpt lat="37.7591570" lon="-122.4218340">
    <ele>17.6</ele>
    <time>2026-08-30T21:56:29Z</time>
   </trkpt>
   <trkpt lat="37.7591570" lon="-122.4218340">
    <ele>17.6</ele>
    <time>2026-08-30T21:56:30Z</time>
   </trkpt>
   <trkpt lat="37.7591570" lon="-122.4218340">
    <ele>17.6</ele>
    <time>2026-08-30T21:56:31Z</time>
   </trkpt>
   <trkpt lat="37.7591570" lon="-122.4218340">
    <ele>17.6</ele>
    <time>2026-08-30T21:56:32Z</time>
   </trkpt>
   <trkpt lat="37.7591570" lon="-122.4218340">
    <ele>17.6</ele>
    <time>2026-08-30T21:56:33Z</time>
   </trkpt>
   <trkpt lat="37.7591570" lon="-122.4218340">
    <ele>17.6</ele>
    <time>2026-08-30T21:56:34Z</time>
   </trkpt>
   <trkpt lat="37.7591570" lon="-122.4218340">
    <ele>17.6</ele>
    <time>2026-08-30T21:56:35Z</time>
   </trkpt>
   <trkpt lat="37.7591570" lon="-122.4218340">
    <ele>17.6</ele>
    <time>2026-08-30T21:56:36Z</time>
   </trkpt>
   <trkpt lat="37.7591580" lon="-122.4218340">
    <ele>17.6</ele>
    <time>2026-08-30T21:56:37Z</time>
   </trkpt>
   <trkpt lat="37.7591580" lon="-122.4218330">
    <ele>17.6</ele>
    <time>2026-08-30T21:56:38Z</time>
   </trkpt>
   <trkpt lat="37.7591580" lon="-122.4218330">
    <ele>17.6</ele>
    <time>2026-08-30T21:56:39Z</time>
   </trkpt>
   <trkpt lat="37.7591580" lon="-122.4218330">
    <ele>17.6</ele>
    <time>2026-08-30T21:56:40Z</time>
   </trkpt>
   <trkpt lat="37.7591580" lon="-122.4218330">
    <ele>17.6</ele>
    <time>2026-08-30T21:56:41Z</time>
   </trkpt>
   <trkpt lat="37.7591580" lon="-122.4218330">
    <ele>17.6</ele>
    <time>2026-08-30T21:56:42Z</time>
   </trkpt>
   <trkpt lat="37.7591580" lon="-122.4218330">
    <ele>17.6</ele>
    <time>2026-08-30T21:56:43Z</time>
   </trkpt>
   <trkpt lat="37.7591580" lon="-122.4218330">
    <ele>17.6</ele>
    <time>2026-08-30T21:56:44Z</time>
   </trkpt>
   <trkpt lat="37.7591590" lon="-122.4218330">
    <ele>17.6</ele>
    <time>2026-08-30T21:56:45Z</time>
   </trkpt>
   <trkpt lat="37.7591590" lon="-122.4218330">
    <ele>17.6</ele>
    <time>2026-08-30T21:56:46Z</time>
   </trkpt>
   <trkpt lat="37.7591590" lon="-122.4218320">
    <ele>17.6</ele>
    <time>2026-08-30T21:56:47Z</time>
   </trkpt>
   <trkpt lat="37.7591590" lon="-122.4218320">
    <ele>17.6</ele>
    <time>2026-08-30T21:56:48Z</time>
   </trkpt>
   <trkpt lat="37.7591590" lon="-122.4218320">
    <ele>17.6</ele>
    <time>2026-08-30T21:56:49Z</time>
   </trkpt>
   <trkpt lat="37.7591600" lon="-122.4218320">
    <ele>17.6</ele>
    <time>2026-08-30T21:56:50Z</time>
   </trkpt>
   <trkpt lat="37.7591600" lon="-122.4218320">
    <ele>17.6</ele>
    <time>2026-08-30T21:56:51Z</time>
   </trkpt>
   <trkpt lat="37.7591600" lon="-122.4218320">
    <ele>17.6</ele>
    <time>2026-08-30T21:56:52Z</time>
   </trkpt>
   <trkpt lat="37.7591600" lon="-122.4218320">
    <ele>17.6</ele>
    <time>2026-08-30T21:56:53Z</time>
   </trkpt>
   <trkpt lat="37.7591600" lon="-122.4218320">
    <ele>17.6</ele>
    <time>2026-08-30T21:56:54Z</time>
   </trkpt>
   <trkpt lat="37.7591610" lon="-122.4218310">
    <ele>17.6</ele>
    <time>2026-08-30T21:56:55Z</time>
   </trkpt>
   <trkpt lat="37.7591610" lon="-122.4218310">
    <ele>17.6</ele>
    <time>2026-08-30T21:56:56Z</time>
   </trkpt>
   <trkpt lat="37.7591610" lon="-122.4218310">
    <ele>17.6</ele>
    <time>2026-08-30T21:56:57Z</time>
   </trkpt>
   <trkpt lat="37.7591610" lon="-122.4218310">
    <ele>17.6</ele>
    <time>2026-08-30T21:56:58Z</time>
   </trkpt>
   <trkpt lat="37.7591620" lon="-122.4218310">
    <ele>17.6</ele>
    <time>2026-08-30T21:56:59Z</time>
   </trkpt>
   <trkpt lat="37.7591620" lon="-122.4218310">
    <ele>17.6</ele>
    <time>2026-08-30T21:57:00Z</time>
   </trkpt>
   <trkpt lat="37.7591620" lon="-122.4218310">
    <ele>17.6</ele>
    <time>2026-08-30T21:57:01Z</time>
   </trkpt>
   <trkpt lat="37.7591620" lon="-122.4218300">
    <ele>17.6</ele>
    <time>2026-08-30T21:57:02Z</time>
   </trkpt>
   <trkpt lat="37.7591620" lon="-122.4218300">
    <ele>17.6</ele>
    <time>2026-08-30T21:57:03Z</time>
   </trkpt>
   <trkpt lat="37.7591620" lon="-122.4218300">
    <ele>17.6</ele>
    <time>2026-08-30T21:57:04Z</time>
   </trkpt>
   <trkpt lat="37.7591630" lon="-122.4218300">
    <ele>17.6</ele>
    <time>2026-08-30T21:57:05Z</time>
   </trkpt>
   <trkpt lat="37.7591630" lon="-122.4218300">
    <ele>17.6</ele>
    <time>2026-08-30T21:57:06Z</time>
   </trkpt>
   <trkpt lat="37.7591630" lon="-122.4218300">
    <ele>17.6</ele>
    <time>2026-08-30T21:57:07Z</time>
   </trkpt>
   <trkpt lat="37.7591630" lon="-122.4218300">
    <ele>17.6</ele>
    <time>2026-08-30T21:57:08Z</time>
   </trkpt>
   <trkpt lat="37.7591630" lon="-122.4218300">
    <ele>17.6</ele>
    <time>2026-08-30T21:57:09Z</time>
   </trkpt>
   <trkpt lat="37.7591630" lon="-122.4218300">
    <ele>17.6</ele>
    <time>2026-08-30T21:57:10Z</time>
   </trkpt>
   <trkpt lat="37.7591630" lon="-122.4218290">
    <ele>17.6</ele>
    <time>2026-08-30T21:57:11Z</time>
   </trkpt>
   <trkpt lat="37.7591640" lon="-122.4218290">
    <ele>17.6</ele>
    <time>2026-08-30T21:57:12Z</time>
   </trkpt>
   <trkpt lat="37.7591640" lon="-122.4218290">
    <ele>17.6</ele>
    <time>2026-08-30T21:57:13Z</time>
   </trkpt>
   <trkpt lat="37.7591640" lon="-122.4218290">
    <ele>17.6</ele>
    <time>2026-08-30T21:57:14Z</time>
   </trkpt>
   <trkpt lat="37.7591640" lon="-122.4218290">
    <ele>17.6</ele>
    <time>2026-08-30T21:57:15Z</time>
   </trkpt>
   <trkpt lat="37.7591640" lon="-122.4218290">
    <ele>17.6</ele>
    <time>2026-08-30T21:57:16Z</time>
   </trkpt>
   <trkpt lat="37.7591640" lon="-122.4218290">
    <ele>17.6</ele>
    <time>2026-08-30T21:57:17Z</time>
   </trkpt>
   <trkpt lat="37.7591640" lon="-122.4218290">
    <ele>17.6</ele>
    <time>2026-08-30T21:57:18Z</time>
   </trkpt>
   <trkpt lat="37.7591650" lon="-122.4218290">
    <ele>17.6</ele>
    <time>2026-08-30T21:57:19Z</time>
   </trkpt>
   <trkpt lat="37.7591650" lon="-122.4218290">
    <ele>17.6</ele>
    <time>2026-08-30T21:57:20Z</time>
   </trkpt>
   <trkpt lat="37.7591650" lon="-122.4218290">
    <ele>17.6</ele>
    <time>2026-08-30T21:57:21Z</time>
   </trkpt>
   <trkpt lat="37.7591650" lon="-122.4218280">
    <ele>17.6</ele>
    <time>2026-08-30T21:57:22Z</time>
   </trkpt>
   <trkpt lat="37.7591650" lon="-122.4218280">
    <ele>17.6</ele>
    <time>2026-08-30T21:57:23Z</time>
   </trkpt>
   <trkpt lat="37.7591650" lon="-122.4218280">
    <ele>17.6</ele>
    <time>2026-08-30T21:57:24Z</time>
   </trkpt>
   <trkpt lat="37.7591650" lon="-122.4218280">
    <ele>17.6</ele>
    <time>2026-08-30T21:57:25Z</time>
   </trkpt>
   <trkpt lat="37.7591660" lon="-122.4218280">
    <ele>17.6</ele>
    <time>2026-08-30T21:57:26Z</time>
   </trkpt>
   <trkpt lat="37.7591660" lon="-122.4218280">
    <ele>17.6</ele>
    <time>2026-08-30T21:57:27Z</time>
   </trkpt>
   <trkpt lat="37.7591660" lon="-122.4218280">
    <ele>17.6</ele>
    <time>2026-08-30T21:57:28Z</time>
   </trkpt>
   <trkpt lat="37.7591660" lon="-122.4218280">
    <ele>17.6</ele>
    <time>2026-08-30T21:57:29Z</time>
   </trkpt>
   <trkpt lat="37.7591660" lon="-122.4218280">
    <ele>17.6</ele>
    <time>2026-08-30T21:57:30Z</time>
   </trkpt>
   <trkpt lat="37.7591660" lon="-122.4218280">
    <ele>17.6</ele>
    <time>2026-08-30T21:57:31Z</time>
   </trkpt>
   <trkpt lat="37.7591660" lon="-122.4218270">
    <ele>17.6</ele>
    <time>2026-08-30T21:57:32Z</time>
   </trkpt>
   <trkpt lat="37.7591670" lon="-122.4218270">
    <ele>17.6</ele>
    <time>2026-08-30T21:57:33Z</time>
   </trkpt>
   <trkpt lat="37.7591670" lon="-122.4218270">
    <ele>17.6</ele>
    <time>2026-08-30T21:57:34Z</time>
   </trkpt>
   <trkpt lat="37.7591670" lon="-122.4218270">
    <ele>17.6</ele>
    <time>2026-08-30T21:57:35Z</time>
   </trkpt>
   <trkpt lat="37.7591670" lon="-122.4218270">
    <ele>17.6</ele>
    <time>2026-08-30T21:57:36Z</time>
   </trkpt>
   <trkpt lat="37.7591670" lon="-122.4218270">
    <ele>17.6</ele>
    <time>2026-08-30T21:57:37Z</time>
   </trkpt>
   <trkpt lat="37.7591670" lon="-122.4218270">
    <ele>17.6</ele>
    <time>2026-08-30T21:57:38Z</time>
   </trkpt>
   <trkpt lat="37.7591680" lon="-122.4218270">
    <ele>17.6</ele>
    <time>2026-08-30T21:57:39Z</time>
   </trkpt>
   <trkpt lat="37.7591680" lon="-122.4218270">
    <ele>17.6</ele>
    <time>2026-08-30T21:57:40Z</time>
   </trkpt>
   <trkpt lat="37.7591680" lon="-122.4218260">
    <ele>17.6</ele>
    <time>2026-08-30T21:57:41Z</time>
   </trkpt>
   <trkpt lat="37.7591680" lon="-122.4218260">
    <ele>17.6</ele>
    <time>2026-08-30T21:57:42Z</time>
   </trkpt>
   <trkpt lat="37.7591680" lon="-122.4218260">
    <ele>17.6</ele>
    <time>2026-08-30T21:57:43Z</time>
   </trkpt>
   <trkpt lat="37.7591680" lon="-122.4218260">
    <ele>17.6</ele>
    <time>2026-08-30T21:57:44Z</time>
   </trkpt>
   <trkpt lat="37.7591680" lon="-122.4218260">
    <ele>17.6</ele>
    <time>2026-08-30T21:57:45Z</time>
   </trkpt>
   <trkpt lat="37.7591690" lon="-122.4218260">
    <ele>17.6</ele>
    <time>2026-08-30T21:57:46Z</time>
   </trkpt>
   <trkpt lat="37.7591690" lon="-122.4218260">
    <ele>17.6</ele>
    <time>2026-08-30T21:57:47Z</time>
   </trkpt>
   <trkpt lat="37.7591690" lon="-122.4218260">
    <ele>17.6</ele>
    <time>2026-08-30T21:57:48Z</time>
   </trkpt>
   <trkpt lat="37.7591690" lon="-122.4218260">
    <ele>17.6</ele>
    <time>2026-08-30T21:57:49Z</time>
   </trkpt>
   <trkpt lat="37.7591690" lon="-122.4218250">
    <ele>17.6</ele>
    <time>2026-08-30T21:57:50Z</time>
   </trkpt>
   <trkpt lat="37.7591690" lon="-122.4218250">
    <ele>17.6</ele>
    <time>2026-08-30T21:57:51Z</time>
   </trkpt>
   <trkpt lat="37.7591700" lon="-122.4218250">
    <ele>17.6</ele>
    <time>2026-08-30T21:57:52Z</time>
   </trkpt>
   <trkpt lat="37.7591700" lon="-122.4218250">
    <ele>17.6</ele>
    <time>2026-08-30T21:57:53Z</time>
   </trkpt>
   <trkpt lat="37.7591700" lon="-122.4218250">
    <ele>17.6</ele>
    <time>2026-08-30T21:57:54Z</time>
   </trkpt>
   <trkpt lat="37.7591700" lon="-122.4218250">
    <ele>17.6</ele>
    <time>2026-08-30T21:57:55Z</time>
   </trkpt>
   <trkpt lat="37.7591700" lon="-122.4218250">
    <ele>17.6</ele>
    <time>2026-08-30T21:57:56Z</time>
   </trkpt>
   <trkpt lat="37.7591700" lon="-122.4218250">
    <ele>17.6</ele>
    <time>2026-08-30T21:57:57Z</time>
   </trkpt>
   <trkpt lat="37.7591700" lon="-122.4218250">
    <ele>17.6</ele>
    <time>2026-08-30T21:57:58Z</time>
   </trkpt>
   <trkpt lat="37.7591710" lon="-122.4218250">
    <ele>17.6</ele>
    <time>2026-08-30T21:57:59Z</time>
   </trkpt>
   <trkpt lat="37.7591710" lon="-122.4218240">
    <ele>17.6</ele>
    <time>2026-08-30T21:58:00Z</time>
   </trkpt>
   <trkpt lat="37.7591710" lon="-122.4218240">
    <ele>17.6</ele>
    <time>2026-08-30T21:58:01Z</time>
   </trkpt>
   <trkpt lat="37.7591710" lon="-122.4218240">
    <ele>17.6</ele>
    <time>2026-08-30T21:58:02Z</time>
   </trkpt>
   <trkpt lat="37.7591710" lon="-122.4218240">
    <ele>17.6</ele>
    <time>2026-08-30T21:58:03Z</time>
   </trkpt>
   <trkpt lat="37.7591710" lon="-122.4218240">
    <ele>17.6</ele>
    <time>2026-08-30T21:58:04Z</time>
   </trkpt>
   <trkpt lat="37.7591720" lon="-122.4218240">
    <ele>17.6</ele>
    <time>2026-08-30T21:58:05Z</time>
   </trkpt>
   <trkpt lat="37.7591720" lon="-122.4218240">
    <ele>17.6</ele>
    <time>2026-08-30T21:58:06Z</time>
   </trkpt>
   <trkpt lat="37.7591720" lon="-122.4218240">
    <ele>17.6</ele>
    <time>2026-08-30T21:58:07Z</time>
   </trkpt>
   <trkpt lat="37.7591720" lon="-122.4218230">
    <ele>17.6</ele>
    <time>2026-08-30T21:58:08Z</time>
   </trkpt>
   <trkpt lat="37.7591720" lon="-122.4218230">
    <ele>17.6</ele>
    <time>2026-08-30T21:58:09Z</time>
   </trkpt>
   <trkpt lat="37.7591720" lon="-122.4218230">
    <ele>17.6</ele>
    <time>2026-08-30T21:58:10Z</time>
   </trkpt>
   <trkpt lat="37.7591730" lon="-122.4218230">
    <ele>17.6</ele>
    <time>2026-08-30T21:58:11Z</time>
   </trkpt>
   <trkpt lat="37.7591730" lon="-122.4218230">
    <ele>17.6</ele>
    <time>2026-08-30T21:58:12Z</time>
   </trkpt>
   <trkpt lat="37.7591730" lon="-122.4218230">
    <ele>17.6</ele>
    <time>2026-08-30T21:58:13Z</time>
   </trkpt>
   <trkpt lat="37.7591730" lon="-122.4218230">
    <ele>17.6</ele>
    <time>2026-08-30T21:58:14Z</time>
   </trkpt>
   <trkpt lat="37.7591730" lon="-122.4218230">
    <ele>17.6</ele>
    <time>2026-08-30T21:58:15Z</time>
   </trkpt>
   <trkpt lat="37.7591730" lon="-122.4218230">
    <ele>17.6</ele>
    <time>2026-08-30T21:58:16Z</time>
   </trkpt>
   <trkpt lat="37.7591740" lon="-122.4218220">
    <ele>17.6</ele>
    <time>2026-08-30T21:58:17Z</time>
   </trkpt>
   <trkpt lat="37.7591740" lon="-122.4218220">
    <ele>17.6</ele>
    <time>2026-08-30T21:58:18Z</time>
   </trkpt>
   <trkpt lat="37.7591740" lon="-122.4218220">
    <ele>17.6</ele>
    <time>2026-08-30T21:58:19Z</time>
   </trkpt>
   <trkpt lat="37.7591740" lon="-122.4218220">
    <ele>17.6</ele>
    <time>2026-08-30T21:58:20Z</time>
   </trkpt>
   <trkpt lat="37.7591740" lon="-122.4218220">
    <ele>17.6</ele>
    <time>2026-08-30T21:58:21Z</time>
   </trkpt>
   <trkpt lat="37.7591750" lon="-122.4218220">
    <ele>17.6</ele>
    <time>2026-08-30T21:58:22Z</time>
   </trkpt>
   <trkpt lat="37.7591750" lon="-122.4218220">
    <ele>17.6</ele>
    <time>2026-08-30T21:58:23Z</time>
   </trkpt>
   <trkpt lat="37.7591750" lon="-122.4218220">
    <ele>17.6</ele>
    <time>2026-08-30T21:58:24Z</time>
   </trkpt>
   <trkpt lat="37.7591750" lon="-122.4218220">
    <ele>17.6</ele>
    <time>2026-08-30T21:58:25Z</time>
   </trkpt>
   <trkpt lat="37.7591750" lon="-122.4218210">
    <ele>17.6</ele>
    <time>2026-08-30T21:58:26Z</time>
   </trkpt>
   <trkpt lat="37.7591750" lon="-122.4218210">
    <ele>17.6</ele>
    <time>2026-08-30T21:58:27Z</time>
   </trkpt>
   <trkpt lat="37.7591760" lon="-122.4218210">
    <ele>17.6</ele>
    <time>2026-08-30T21:58:28Z</time>
   </trkpt>
   <trkpt lat="37.7591760" lon="-122.4218210">
    <ele>17.6</ele>
    <time>2026-08-30T21:58:29Z</time>
   </trkpt>
   <trkpt lat="37.7591760" lon="-122.4218210">
    <ele>17.6</ele>
    <time>2026-08-30T21:58:30Z</time>
   </trkpt>
   <trkpt lat="37.7591760" lon="-122.4218210">
    <ele>17.6</ele>
    <time>2026-08-30T21:58:31Z</time>
   </trkpt>
   <trkpt lat="37.7591760" lon="-122.4218210">
    <ele>17.6</ele>
    <time>2026-08-30T21:58:32Z</time>
   </trkpt>
   <trkpt lat="37.7591760" lon="-122.4218210">
    <ele>17.6</ele>
    <time>2026-08-30T21:58:33Z</time>
   </trkpt>
   <trkpt lat="37.7591770" lon="-122.4218210">
    <ele>17.6</ele>
    <time>2026-08-30T21:58:34Z</time>
   </trkpt>
   <trkpt lat="37.7591770" lon="-122.4218200">
    <ele>17.6</ele>
    <time>2026-08-30T21:58:35Z</time>
   </trkpt>
   <trkpt lat="37.7591770" lon="-122.4218200">
    <ele>17.6</ele>
    <time>2026-08-30T21:58:36Z</time>
   </trkpt>
   <trkpt lat="37.7591770" lon="-122.4218200">
    <ele>17.6</ele>
    <time>2026-08-30T21:58:37Z</time>
   </trkpt>
   <trkpt lat="37.7591770" lon="-122.4218200">
    <ele>17.6</ele>
    <time>2026-08-30T21:58:38Z</time>
   </trkpt>
   <trkpt lat="37.7591770" lon="-122.4218200">
    <ele>17.6</ele>
    <time>2026-08-30T21:58:39Z</time>
   </trkpt>
   <trkpt lat="37.7591770" lon="-122.4218200">
    <ele>17.6</ele>
    <time>2026-08-30T21:58:40Z</time>
   </trkpt>
   <trkpt lat="37.7591780" lon="-122.4218200">
    <ele>17.6</ele>
    <time>2026-08-30T21:58:41Z</time>
   </trkpt>
   <trkpt lat="37.7591780" lon="-122.4218200">
    <ele>17.6</ele>
    <time>2026-08-30T21:58:42Z</time>
   </trkpt>
   <trkpt lat="37.7591780" lon="-122.4218190">
    <ele>17.6</ele>
    <time>2026-08-30T21:58:43Z</time>
   </trkpt>
   <trkpt lat="37.7591780" lon="-122.4218190">
    <ele>17.6</ele>
    <time>2026-08-30T21:58:44Z</time>
   </trkpt>
   <trkpt lat="37.7591780" lon="-122.4218190">
    <ele>17.6</ele>
    <time>2026-08-30T21:58:45Z</time>
   </trkpt>
   <trkpt lat="37.7591790" lon="-122.4218190">
    <ele>17.6</ele>
    <time>2026-08-30T21:58:46Z</time>
   </trkpt>
   <trkpt lat="37.7591790" lon="-122.4218190">
    <ele>17.6</ele>
    <time>2026-08-30T21:58:47Z</time>
   </trkpt>
   <trkpt lat="37.7591790" lon="-122.4218190">
    <ele>17.6</ele>
    <time>2026-08-30T21:58:48Z</time>
   </trkpt>
   <trkpt lat="37.7591790" lon="-122.4218190">
    <ele>17.6</ele>
    <time>2026-08-30T21:58:49Z</time>
   </trkpt>
   <trkpt lat="37.7591790" lon="-122.4218190">
    <ele>17.6</ele>
    <time>2026-08-30T21:58:50Z</time>
   </trkpt>
   <trkpt lat="37.7591800" lon="-122.4218180">
    <ele>17.6</ele>
    <time>2026-08-30T21:58:51Z</time>
   </trkpt>
   <trkpt lat="37.7591800" lon="-122.4218180">
    <ele>17.6</ele>
    <time>2026-08-30T21:58:52Z</time>
   </trkpt>
   <trkpt lat="37.7591800" lon="-122.4218180">
    <ele>17.6</ele>
    <time>2026-08-30T21:58:53Z</time>
   </trkpt>
   <trkpt lat="37.7591800" lon="-122.4218180">
    <ele>17.6</ele>
    <time>2026-08-30T21:58:54Z</time>
   </trkpt>
   <trkpt lat="37.7591800" lon="-122.4218180">
    <ele>17.6</ele>
    <time>2026-08-30T21:58:55Z</time>
   </trkpt>
   <trkpt lat="37.7591800" lon="-122.4218180">
    <ele>17.6</ele>
    <time>2026-08-30T21:58:56Z</time>
   </trkpt>
   <trkpt lat="37.7591810" lon="-122.4218180">
    <ele>17.6</ele>
    <time>2026-08-30T21:58:57Z</time>
   </trkpt>
   <trkpt lat="37.7591810" lon="-122.4218180">
    <ele>17.6</ele>
    <time>2026-08-30T21:58:58Z</time>
   </trkpt>
   <trkpt lat="37.7591810" lon="-122.4218180">
    <ele>17.6</ele>
    <time>2026-08-30T21:58:59Z</time>
   </trkpt>
   <trkpt lat="37.7591810" lon="-122.4218180">
    <ele>17.6</ele>
    <time>2026-08-30T21:59:00Z</time>
   </trkpt>
   <trkpt lat="37.7591810" lon="-122.4218170">
    <ele>17.6</ele>
    <time>2026-08-30T21:59:01Z</time>
   </trkpt>
   <trkpt lat="37.7591810" lon="-122.4218170">
    <ele>17.6</ele>
    <time>2026-08-30T21:59:02Z</time>
   </trkpt>
   <trkpt lat="37.7591810" lon="-122.4218170">
    <ele>17.6</ele>
    <time>2026-08-30T21:59:03Z</time>
   </trkpt>
   <trkpt lat="37.7591810" lon="-122.4218170">
    <ele>17.6</ele>
    <time>2026-08-30T21:59:04Z</time>
   </trkpt>
   <trkpt lat="37.7591820" lon="-122.4218170">
    <ele>17.6</ele>
    <time>2026-08-30T21:59:05Z</time>
   </trkpt>
   <trkpt lat="37.7591820" lon="-122.4218170">
    <ele>17.6</ele>
    <time>2026-08-30T21:59:06Z</time>
   </trkpt>
   <trkpt lat="37.7591820" lon="-122.4218170">
    <ele>17.6</ele>
    <time>2026-08-30T21:59:07Z</time>
   </trkpt>
   <trkpt lat="37.7591820" lon="-122.4218170">
    <ele>17.6</ele>
    <time>2026-08-30T21:59:08Z</time>
   </trkpt>
   <trkpt lat="37.7591820" lon="-122.4218170">
    <ele>17.6</ele>
    <time>2026-08-30T21:59:09Z</time>
   </trkpt>
   <trkpt lat="37.7591820" lon="-122.4218170">
    <ele>17.6</ele>
    <time>2026-08-30T21:59:10Z</time>
   </trkpt>
   <trkpt lat="37.7591820" lon="-122.4218160">
    <ele>17.6</ele>
    <time>2026-08-30T21:59:11Z</time>
   </trkpt>
   <trkpt lat="37.7591830" lon="-122.4218160">
    <ele>17.6</ele>
    <time>2026-08-30T21:59:12Z</time>
   </trkpt>
   <trkpt lat="37.7591830" lon="-122.4218160">
    <ele>17.6</ele>
    <time>2026-08-30T21:59:13Z</time>
   </trkpt>
   <trkpt lat="37.7591830" lon="-122.4218160">
    <ele>17.6</ele>
    <time>2026-08-30T21:59:14Z</time>
   </trkpt>
   <trkpt lat="37.7591830" lon="-122.4218160">
    <ele>17.6</ele>
    <time>2026-08-30T21:59:15Z</time>
   </trkpt>
   <trkpt lat="37.7591830" lon="-122.4218160">
    <ele>17.6</ele>
    <time>2026-08-30T21:59:16Z</time>
   </trkpt>
   <trkpt lat="37.7591830" lon="-122.4218160">
    <ele>17.6</ele>
    <time>2026-08-30T21:59:17Z</time>
   </trkpt>
   <trkpt lat="37.7591830" lon="-122.4218160">
    <ele>17.6</ele>
    <time>2026-08-30T21:59:18Z</time>
   </trkpt>
   <trkpt lat="37.7591830" lon="-122.4218160">
    <ele>17.6</ele>
    <time>2026-08-30T21:59:19Z</time>
   </trkpt>
   <trkpt lat="37.7591830" lon="-122.4218160">
    <ele>17.6</ele>
    <time>2026-08-30T21:59:20Z</time>
   </trkpt>
   <trkpt lat="37.7591830" lon="-122.4218160">
    <ele>17.6</ele>
    <time>2026-08-30T21:59:21Z</time>
   </trkpt>
   <trkpt lat="37.7591830" lon="-122.4218160">
    <ele>17.6</ele>
    <time>2026-08-30T21:59:22Z</time>
   </trkpt>
   <trkpt lat="37.7591830" lon="-122.4218160">
    <ele>17.6</ele>
    <time>2026-08-30T21:59:23Z</time>
   </trkpt>
   <trkpt lat="37.7591830" lon="-122.4218160">
    <ele>17.6</ele>
    <time>2026-08-30T21:59:24Z</time>
   </trkpt>
   <trkpt lat="37.7591830" lon="-122.4218160">
    <ele>17.6</ele>
    <time>2026-08-30T21:59:25Z</time>
   </trkpt>
   <trkpt lat="37.7591830" lon="-122.4218160">
    <ele>17.6</ele>
    <time>2026-08-30T21:59:26Z</time>
   </trkpt>
   <trkpt lat="37.7591830" lon="-122.4218160">
    <ele>17.6</ele>
    <time>2026-08-30T21:59:27Z</time>
   </trkpt>
   <trkpt lat="37.7591830" lon="-122.4218160">
    <ele>17.6</ele>
    <time>2026-08-30T21:59:28Z</time>
   </trkpt>
   <trkpt lat="37.7591840" lon="-122.4218160">
    <ele>17.6</ele>
    <time>2026-08-30T21:59:29Z</time>
   </trkpt>
   <trkpt lat="37.7591840" lon="-122.4218160">
    <ele>17.6</ele>
    <time>2026-08-30T21:59:30Z</time>
   </trkpt>
   <trkpt lat="37.7591840" lon="-122.4218160">
    <ele>17.6</ele>
    <time>2026-08-30T21:59:31Z</time>
   </trkpt>
   <trkpt lat="37.7591840" lon="-122.4218160">
    <ele>17.6</ele>
    <time>2026-08-30T21:59:32Z</time>
   </trkpt>
   <trkpt lat="37.7591840" lon="-122.4218160">
    <ele>17.6</ele>
    <time>2026-08-30T21:59:33Z</time>
   </trkpt>
   <trkpt lat="37.7591840" lon="-122.4218160">
    <ele>17.6</ele>
    <time>2026-08-30T21:59:34Z</time>
   </trkpt>
   <trkpt lat="37.7591840" lon="-122.4218160">
    <ele>17.6</ele>
    <time>2026-08-30T21:59:35Z</time>
   </trkpt>
   <trkpt lat="37.7591840" lon="-122.4218150">
    <ele>17.6</ele>
    <time>2026-08-30T21:59:36Z</time>
   </trkpt>
   <trkpt lat="37.7591840" lon="-122.4218150">
    <ele>17.6</ele>
    <time>2026-08-30T21:59:37Z</time>
   </trkpt>
   <trkpt lat="37.7591840" lon="-122.4218150">
    <ele>17.6</ele>
    <time>2026-08-30T21:59:38Z</time>
   </trkpt>
   <trkpt lat="37.7591840" lon="-122.4218150">
    <ele>17.6</ele>
    <time>2026-08-30T21:59:39Z</time>
   </trkpt>
   <trkpt lat="37.7591850" lon="-122.4218150">
    <ele>17.6</ele>
    <time>2026-08-30T21:59:40Z</time>
   </trkpt>
   <trkpt lat="37.7591850" lon="-122.4218150">
    <ele>17.6</ele>
    <time>2026-08-30T21:59:41Z</time>
   </trkpt>
   <trkpt lat="37.7591850" lon="-122.4218150">
    <ele>17.6</ele>
    <time>2026-08-30T21:59:42Z</time>
   </trkpt>
   <trkpt lat="37.7591850" lon="-122.4218150">
    <ele>17.6</ele>
    <time>2026-08-30T21:59:43Z</time>
   </trkpt>
   <trkpt lat="37.7591850" lon="-122.4218150">
    <ele>17.6</ele>
    <time>2026-08-30T21:59:44Z</time>
   </trkpt>
   <trkpt lat="37.7591850" lon="-122.4218150">
    <ele>17.6</ele>
    <time>2026-08-30T21:59:45Z</time>
   </trkpt>
   <trkpt lat="37.7591850" lon="-122.4218150">
    <ele>17.6</ele>
    <time>2026-08-30T21:59:46Z</time>
   </trkpt>
   <trkpt lat="37.7591850" lon="-122.4218150">
    <ele>17.6</ele>
    <time>2026-08-30T21:59:47Z</time>
   </trkpt>
   <trkpt lat="37.7591850" lon="-122.4218150">
    <ele>17.6</ele>
    <time>2026-08-30T21:59:48Z</time>
   </trkpt>
   <trkpt lat="37.7591850" lon="-122.4218150">
    <ele>17.6</ele>
    <time>2026-08-30T21:59:49Z</time>
   </trkpt>
   <trkpt lat="37.7591850" lon="-122.4218150">
    <ele>17.6</ele>
    <time>2026-08-30T21:59:50Z</time>
   </trkpt>
   <trkpt lat="37.7591850" lon="-122.4218150">
    <ele>17.6</ele>
    <time>2026-08-30T21:59:51Z</time>
   </trkpt>
   <trkpt lat="37.7591850" lon="-122.4218150">
    <ele>17.6</ele>
    <time>2026-08-30T21:59:52Z</time>
   </trkpt>
   <trkpt lat="37.7591850" lon="-122.4218150">
    <ele>17.6</ele>
    <time>2026-08-30T21:59:53Z</time>
   </trkpt>
   <trkpt lat="37.7591850" lon="-122.4218150">
    <ele>17.6</ele>
    <time>2026-08-30T21:59:54Z</time>
   </trkpt>
   <trkpt lat="37.7591850" lon="-122.4218150">
    <ele>17.6</ele>
    <time>2026-08-30T21:59:55Z</time>
   </trkpt>
   <trkpt lat="37.7591850" lon="-122.4218150">
    <ele>17.6</ele>
    <time>2026-08-30T21:59:56Z</time>
   </trkpt>
   <trkpt lat="37.7591850" lon="-122.4218150">
    <ele>17.6</ele>
    <time>2026-08-30T21:59:57Z</time>
   </trkpt>
   <trkpt lat="37.7591850" lon="-122.4218150">
    <ele>17.6</ele>
    <time>2026-08-30T21:59:58Z</time>
   </trkpt>
   <trkpt lat="37.7591850" lon="-122.4218150">
    <ele>17.6</ele>
    <time>2026-08-30T21:59:59Z</time>
   </trkpt>
   <trkpt lat="37.7591850" lon="-122.4218150">
    <ele>17.6</ele>
    <time>2026-08-30T22:00:00Z</time>
   </trkpt>
   <trkpt lat="37.7591850" lon="-122.4218150">
    <ele>17.6</ele>
    <time>2026-08-30T22:00:01Z</time>
   </trkpt>
   <trkpt lat="37.7591850" lon="-122.4218150">
    <ele>17.6</ele>
    <time>2026-08-30T22:00:02Z</time>
   </trkpt>
   <trkpt lat="37.7591850" lon="-122.4218150">
    <ele>17.6</ele>
    <time>2026-08-30T22:00:03Z</time>
   </trkpt>
   <trkpt lat="37.7591850" lon="-122.4218150">
    <ele>17.6</ele>
    <time>2026-08-30T22:00:04Z</time>
   </trkpt>
   <trkpt lat="37.7591850" lon="-122.4218150">
    <ele>17.6</ele>
    <time>2026-08-30T22:00:05Z</time>
   </trkpt>
   <trkpt lat="37.7591850" lon="-122.4218150">
    <ele>17.6</ele>
    <time>2026-08-30T22:00:06Z</time>
   </trkpt>
   <trkpt lat="37.7591850" lon="-122.4218150">
    <ele>17.6</ele>
    <time>2026-08-30T22:00:07Z</time>
   </trkpt>
   <trkpt lat="37.7591850" lon="-122.4218150">
    <ele>17.6</ele>
    <time>2026-08-30T22:00:08Z</time>
   </trkpt>
   <trkpt lat="37.7591850" lon="-122.4218150">
    <ele>17.6</ele>
    <time>2026-08-30T22:00:09Z</time>
   </trkpt>
   <trkpt lat="37.7591850" lon="-122.4218150">
    <ele>17.6</ele>
    <time>2026-08-30T22:00:10Z</time>
   </trkpt>
   <trkpt lat="37.7591850" lon="-122.4218150">
    <ele>17.6</ele>
    <time>2026-08-30T22:00:11Z</time>
   </trkpt>
   <trkpt lat="37.7591850" lon="-122.4218150">
    <ele>17.6</ele>
    <time>2026-08-30T22:00:12Z</time>
   </trkpt>
   <trkpt lat="37.7591850" lon="-122.4218140">
    <ele>17.6</ele>
    <time>2026-08-30T22:00:13Z</time>
   </trkpt>
   <trkpt lat="37.7591850" lon="-122.4218140">
    <ele>17.6</ele>
    <time>2026-08-30T22:00:14Z</time>
   </trkpt>
   <trkpt lat="37.7591850" lon="-122.4218140">
    <ele>17.6</ele>
    <time>2026-08-30T22:00:15Z</time>
   </trkpt>
   <trkpt lat="37.7591850" lon="-122.4218140">
    <ele>17.6</ele>
    <time>2026-08-30T22:00:16Z</time>
   </trkpt>
   <trkpt lat="37.7591850" lon="-122.4218140">
    <ele>17.6</ele>
    <time>2026-08-30T22:00:17Z</time>
   </trkpt>
   <trkpt lat="37.7591850" lon="-122.4218140">
    <ele>17.6</ele>
    <time>2026-08-30T22:00:18Z</time>
   </trkpt>
   <trkpt lat="37.7591860" lon="-122.4218140">
    <ele>17.6</ele>
    <time>2026-08-30T22:00:19Z</time>
   </trkpt>
   <trkpt lat="37.7591860" lon="-122.4218140">
    <ele>17.6</ele>
    <time>2026-08-30T22:00:20Z</time>
   </trkpt>
   <trkpt lat="37.7591860" lon="-122.4218140">
    <ele>17.6</ele>
    <time>2026-08-30T22:00:21Z</time>
   </trkpt>
   <trkpt lat="37.7591860" lon="-122.4218140">
    <ele>17.6</ele>
    <time>2026-08-30T22:00:22Z</time>
   </trkpt>
   <trkpt lat="37.7591860" lon="-122.4218140">
    <ele>17.6</ele>
    <time>2026-08-30T22:00:23Z</time>
   </trkpt>
   <trkpt lat="37.7591860" lon="-122.4218140">
    <ele>17.6</ele>
    <time>2026-08-30T22:00:24Z</time>
   </trkpt>
   <trkpt lat="37.7591860" lon="-122.4218140">
    <ele>17.6</ele>
    <time>2026-08-30T22:00:25Z</time>
   </trkpt>
   <trkpt lat="37.7591860" lon="-122.4218140">
    <ele>17.6</ele>
    <time>2026-08-30T22:00:26Z</time>
   </trkpt>
   <trkpt lat="37.7591860" lon="-122.4218140">
    <ele>17.6</ele>
    <time>2026-08-30T22:00:27Z</time>
   </trkpt>
   <trkpt lat="37.7591860" lon="-122.4218140">
    <ele>17.6</ele>
    <time>2026-08-30T22:00:28Z</time>
   </trkpt>
   <trkpt lat="37.7591860" lon="-122.4218140">
    <ele>17.6</ele>
    <time>2026-08-30T22:00:29Z</time>
   </trkpt>
   <trkpt lat="37.7591860" lon="-122.4218140">
    <ele>17.6</ele>
    <time>2026-08-30T22:00:30Z</time>
   </trkpt>
   <trkpt lat="37.7591860" lon="-122.4218140">
    <ele>17.6</ele>
    <time>2026-08-30T22:00:31Z</time>
   </trkpt>
   <trkpt lat="37.7591860" lon="-122.4218140">
    <ele>17.6</ele>
    <time>2026-08-30T22:00:32Z</time>
   </trkpt>
   <trkpt lat="37.7591860" lon="-122.4218140">
    <ele>17.6</ele>
    <time>2026-08-30T22:00:33Z</time>
   </trkpt>
   <trkpt lat="37.7591860" lon="-122.4218140">
    <ele>17.6</ele>
    <time>2026-08-30T22:00:34Z</time>
   </trkpt>
   <trkpt lat="37.7591860" lon="-122.4218140">
    <ele>17.6</ele>
    <time>2026-08-30T22:00:35Z</time>
   </trkpt>
   <trkpt lat="37.7591860" lon="-122.4218140">
    <ele>17.6</ele>
    <time>2026-08-30T22:00:36Z</time>
   </trkpt>
   <trkpt lat="37.7591860" lon="-122.4218140">
    <ele>17.6</ele>
    <time>2026-08-30T22:00:37Z</time>
   </trkpt>
   <trkpt lat="37.7591860" lon="-122.4218140">
    <ele>17.6</ele>
    <time>2026-08-30T22:00:38Z</time>
   </trkpt>
   <trkpt lat="37.7591860" lon="-122.4218140">
    <ele>17.6</ele>
    <time>2026-08-30T22:00:39Z</time>
   </trkpt>
   <trkpt lat="37.7591860" lon="-122.4218140">
    <ele>17.6</ele>
    <time>2026-08-30T22:00:40Z</time>
   </trkpt>
   <trkpt lat="37.7591860" lon="-122.4218140">
    <ele>17.6</ele>
    <time>2026-08-30T22:00:41Z</time>
   </trkpt>
   <trkpt lat="37.7591860" lon="-122.4218140">
    <ele>17.6</ele>
    <time>2026-08-30T22:00:42Z</time>
   </trkpt>
   <trkpt lat="37.7591860" lon="-122.4218140">
    <ele>17.6</ele>
    <time>2026-08-30T22:00:43Z</time>
   </trkpt>
   <trkpt lat="37.7591860" lon="-122.4218140">
    <ele>17.6</ele>
    <time>2026-08-30T22:00:44Z</time>
   </trkpt>
   <trkpt lat="37.7591860" lon="-122.4218140">
    <ele>17.6</ele>
    <time>2026-08-30T22:00:45Z</time>
   </trkpt>
   <trkpt lat="37.7591860" lon="-122.4218140">
    <ele>17.6</ele>
    <time>2026-08-30T22:00:46Z</time>
   </trkpt>
   <trkpt lat="37.7591860" lon="-122.4218140">
    <ele>17.6</ele>
    <time>2026-08-30T22:00:47Z</time>
   </trkpt>
   <trkpt lat="37.7591860" lon="-122.4218140">
    <ele>17.6</ele>
    <time>2026-08-30T22:00:48Z</time>
   </trkpt>
   <trkpt lat="37.7591860" lon="-122.4218140">
    <ele>17.6</ele>
    <time>2026-08-30T22:00:49Z</time>
   </trkpt>
   <trkpt lat="37.7591860" lon="-122.4218140">
    <ele>17.6</ele>
    <time>2026-08-30T22:00:50Z</time>
   </trkpt>
   <trkpt lat="37.7591860" lon="-122.4218140">
    <ele>17.6</ele>
    <time>2026-08-30T22:00:51Z</time>
   </trkpt>
   <trkpt lat="37.7591860" lon="-122.4218140">
    <ele>17.6</ele>
    <time>2026-08-30T22:00:52Z</time>
   </trkpt>
   <trkpt lat="37.7591860" lon="-122.4218140">
    <ele>17.6</ele>
    <time>2026-08-30T22:00:53Z</time>
   </trkpt>
   <trkpt lat="37.7591870" lon="-122.4218140">
    <ele>17.6</ele>
    <time>2026-08-30T22:00:54Z</time>
   </trkpt>
   <trkpt lat="37.7591870" lon="-122.4218140">
    <ele>17.6</ele>
    <time>2026-08-30T22:10:10Z</time>
   </trkpt>
   <trkpt lat="37.7591870" lon="-122.4218140">
    <ele>17.6</ele>
    <time>2026-08-30T22:10:11Z</time>
   </trkpt>
   <trkpt lat="37.7591870" lon="-122.4218130">
    <ele>17.6</ele>
    <time>2026-08-30T22:10:12Z</time>
   </trkpt>
   <trkpt lat="37.7591870" lon="-122.4218130">
    <ele>17.6</ele>
    <time>2026-08-30T22:10:13Z</time>
   </trkpt>
   <trkpt lat="37.7591870" lon="-122.4218130">
    <ele>17.6</ele>
    <time>2026-08-30T22:10:14Z</time>
   </trkpt>
   <trkpt lat="37.7591870" lon="-122.4218130">
    <ele>17.6</ele>
    <time>2026-08-30T22:10:15Z</time>
   </trkpt>
   <trkpt lat="37.7591880" lon="-122.4218130">
    <ele>17.6</ele>
    <time>2026-08-30T22:10:16Z</time>
   </trkpt>
   <trkpt lat="37.7591880" lon="-122.4218130">
    <ele>17.6</ele>
    <time>2026-08-30T22:10:17Z</time>
   </trkpt>
   <trkpt lat="37.7591880" lon="-122.4218120">
    <ele>17.6</ele>
    <time>2026-08-30T22:10:18Z</time>
   </trkpt>
   <trkpt lat="37.7591890" lon="-122.4218120">
    <ele>17.6</ele>
    <time>2026-08-30T22:10:19Z</time>
   </trkpt>
   <trkpt lat="37.7591890" lon="-122.4218120">
    <ele>17.6</ele>
    <time>2026-08-30T22:10:20Z</time>
   </trkpt>
   <trkpt lat="37.7591210" lon="-122.4218050">
    <ele>17.6</ele>
    <time>2026-08-30T22:10:21Z</time>
   </trkpt>
   <trkpt lat="37.7590960" lon="-122.4218510">
    <ele>17.6</ele>
    <time>2026-08-30T22:10:22Z</time>
   </trkpt>
   <trkpt lat="37.7590810" lon="-122.4218890">
    <ele>17.6</ele>
    <time>2026-08-30T22:10:23Z</time>
   </trkpt>
   <trkpt lat="37.7590690" lon="-122.4219340">
    <ele>17.6</ele>
    <time>2026-08-30T22:10:24Z</time>
   </trkpt>
   <trkpt lat="37.7590540" lon="-122.4219720">
    <ele>17.6</ele>
    <time>2026-08-30T22:10:25Z</time>
   </trkpt>
   <trkpt lat="37.7590490" lon="-122.4220120">
    <ele>17.6</ele>
    <time>2026-08-30T22:10:26Z</time>
   </trkpt>
   <trkpt lat="37.7590530" lon="-122.4220520">
    <ele>17.6</ele>
    <time>2026-08-30T22:10:27Z</time>
   </trkpt>
   <trkpt lat="37.7590580" lon="-122.4220990">
    <ele>17.6</ele>
    <time>2026-08-30T22:10:28Z</time>
   </trkpt>
   <trkpt lat="37.7590410" lon="-122.4221290">
    <ele>17.6</ele>
    <time>2026-08-30T22:10:29Z</time>
   </trkpt>
   <trkpt lat="37.7590330" lon="-122.4221200">
    <ele>17.6</ele>
    <time>2026-08-30T22:10:30Z</time>
   </trkpt>
   <trkpt lat="37.7590250" lon="-122.4221090">
    <ele>17.6</ele>
    <time>2026-08-30T22:10:31Z</time>
   </trkpt>
   <trkpt lat="37.7590600" lon="-122.4220840">
    <ele>17.6</ele>
    <time>2026-08-30T22:10:32Z</time>
   </trkpt>
   <trkpt lat="37.7590770" lon="-122.4220510">
    <ele>17.6</ele>
    <time>2026-08-30T22:10:33Z</time>
   </trkpt>
   <trkpt lat="37.7591040" lon="-122.4220330">
    <ele>17.6</ele>
    <time>2026-08-30T22:10:34Z</time>
   </trkpt>
   <trkpt lat="37.7591380" lon="-122.4220130">
    <ele>17.6</ele>
    <time>2026-08-30T22:10:35Z</time>
   </trkpt>
   <trkpt lat="37.7591430" lon="-122.4220020">
    <ele>17.6</ele>
    <time>2026-08-30T22:10:36Z</time>
   </trkpt>
   <trkpt lat="37.7591400" lon="-122.4219850">
    <ele>17.6</ele>
    <time>2026-08-30T22:10:37Z</time>
   </trkpt>
   <trkpt lat="37.7591380" lon="-122.4219840">
    <ele>17.6</ele>
    <time>2026-08-30T22:10:38Z</time>
   </trkpt>
   <trkpt lat="37.7591280" lon="-122.4219710">
    <ele>17.6</ele>
    <time>2026-08-30T22:10:39Z</time>
   </trkpt>
   <trkpt lat="37.7591230" lon="-122.4219360">
    <ele>17.6</ele>
    <time>2026-08-30T22:10:40Z</time>
   </trkpt>
   <trkpt lat="37.7590980" lon="-122.4218880">
    <ele>17.6</ele>
    <time>2026-08-30T22:10:41Z</time>
   </trkpt>
   <trkpt lat="37.7590940" lon="-122.4218560">
    <ele>17.6</ele>
    <time>2026-08-30T22:10:42Z</time>
   </trkpt>
   <trkpt lat="37.7590960" lon="-122.4218190">
    <ele>17.6</ele>
    <time>2026-08-30T22:10:43Z</time>
   </trkpt>
   <trkpt lat="37.7591250" lon="-122.4218160">
    <ele>17.6</ele>
    <time>2026-08-30T22:10:44Z</time>
   </trkpt>
   <trkpt lat="37.7591460" lon="-122.4218090">
    <ele>17.6</ele>
    <time>2026-08-30T22:10:45Z</time>
   </trkpt>
   <trkpt lat="37.7591850" lon="-122.4218090">
    <ele>17.6</ele>
    <time>2026-08-30T22:10:46Z</time>
   </trkpt>
   <trkpt lat="37.7592340" lon="-122.4218010">
    <ele>17.6</ele>
    <time>2026-08-30T22:10:47Z</time>
   </trkpt>
   <trkpt lat="37.7592870" lon="-122.4218180">
    <ele>17.6</ele>
    <time>2026-08-30T22:10:48Z</time>
   </trkpt>
   <trkpt lat="37.7593250" lon="-122.4218390">
    <ele>17.6</ele>
    <time>2026-08-30T22:10:49Z</time>
   </trkpt>
   <trkpt lat="37.7593550" lon="-122.4218630">
    <ele>17.6</ele>
    <time>2026-08-30T22:10:50Z</time>
   </trkpt>
   <trkpt lat="37.7593510" lon="-122.4218830">
    <ele>17.6</ele>
    <time>2026-08-30T22:10:51Z</time>
   </trkpt>
   <trkpt lat="37.7593510" lon="-122.4218830">
    <ele>17.6</ele>
    <time>2026-08-30T22:10:52Z</time>
   </trkpt>
   <trkpt lat="37.7593480" lon="-122.4218980">
    <ele>17.6</ele>
    <time>2026-08-30T22:10:53Z</time>
   </trkpt>
   <trkpt lat="37.7593310" lon="-122.4219010">
    <ele>17.6</ele>
    <time>2026-08-30T22:10:54Z</time>
   </trkpt>
   <trkpt lat="37.7593220" lon="-122.4218990">
    <ele>17.6</ele>
    <time>2026-08-30T22:10:55Z</time>
   </trkpt>
   <trkpt lat="37.7593100" lon="-122.4218970">
    <ele>17.6</ele>
    <time>2026-08-30T22:10:56Z</time>
   </trkpt>
   <trkpt lat="37.7593030" lon="-122.4218860">
    <ele>17.6</ele>
    <time>2026-08-30T22:10:57Z</time>
   </trkpt>
   <trkpt lat="37.7592750" lon="-122.4218580">
    <ele>17.6</ele>
    <time>2026-08-30T22:10:58Z</time>
   </trkpt>
   <trkpt lat="37.7592690" lon="-122.4218490">
    <ele>17.6</ele>
    <time>2026-08-30T22:10:59Z</time>
   </trkpt>
   <trkpt lat="37.7592720" lon="-122.4218390">
    <ele>17.6</ele>
    <time>2026-08-30T22:11:00Z</time>
   </trkpt>
   <trkpt lat="37.7592670" lon="-122.4218290">
    <ele>17.6</ele>
    <time>2026-08-30T22:11:01Z</time>
   </trkpt>
   <trkpt lat="37.7592610" lon="-122.4218330">
    <ele>17.6</ele>
    <time>2026-08-30T22:11:02Z</time>
   </trkpt>
   <trkpt lat="37.7592570" lon="-122.4218370">
    <ele>17.6</ele>
    <time>2026-08-30T22:11:03Z</time>
   </trkpt>
   <trkpt lat="37.7592520" lon="-122.4218510">
    <ele>17.6</ele>
    <time>2026-08-30T22:11:04Z</time>
   </trkpt>
   <trkpt lat="37.7592490" lon="-122.4218620">
    <ele>17.6</ele>
    <time>2026-08-30T22:11:05Z</time>
   </trkpt>
   <trkpt lat="37.7592450" lon="-122.4218740">
    <ele>17.6</ele>
    <time>2026-08-30T22:11:06Z</time>
   </trkpt>
   <trkpt lat="37.7592340" lon="-122.4218960">
    <ele>17.6</ele>
    <time>2026-08-30T22:11:07Z</time>
   </trkpt>
   <trkpt lat="37.7592310" lon="-122.4219150">
    <ele>17.6</ele>
    <time>2026-08-30T22:11:08Z</time>
   </trkpt>
   <trkpt lat="37.7592280" lon="-122.4219350">
    <ele>17.6</ele>
    <time>2026-08-30T22:11:09Z</time>
   </trkpt>
   <trkpt lat="37.7592220" lon="-122.4219520">
    <ele>17.6</ele>
    <time>2026-08-30T22:11:10Z</time>
   </trkpt>
   <trkpt lat="37.7592070" lon="-122.4219680">
    <ele>17.6</ele>
    <time>2026-08-30T22:11:11Z</time>
   </trkpt>
   <trkpt lat="37.7591980" lon="-122.4219810">
    <ele>17.6</ele>
    <time>2026-08-30T22:11:12Z</time>
   </trkpt>
   <trkpt lat="37.7591840" lon="-122.4219900">
    <ele>17.6</ele>
    <time>2026-08-30T22:11:13Z</time>
   </trkpt>
   <trkpt lat="37.7591720" lon="-122.4219950">
    <ele>17.6</ele>
    <time>2026-08-30T22:11:14Z</time>
   </trkpt>
   <trkpt lat="37.7591580" lon="-122.4219910">
    <ele>17.6</ele>
    <time>2026-08-30T22:11:15Z</time>
   </trkpt>
   <trkpt lat="37.7591390" lon="-122.4219780">
    <ele>17.6</ele>
    <time>2026-08-30T22:11:16Z</time>
   </trkpt>
   <trkpt lat="37.7591250" lon="-122.4219620">
    <ele>17.6</ele>
    <time>2026-08-30T22:11:17Z</time>
   </trkpt>
   <trkpt lat="37.7591180" lon="-122.4219480">
    <ele>17.6</ele>
    <time>2026-08-30T22:11:18Z</time>
   </trkpt>
   <trkpt lat="37.7591180" lon="-122.4219340">
    <ele>17.6</ele>
    <time>2026-08-30T22:11:19Z</time>
   </trkpt>
   <trkpt lat="37.7591200" lon="-122.4219150">
    <ele>17.6</ele>
    <time>2026-08-30T22:11:20Z</time>
   </trkpt>
   <trkpt lat="37.7591210" lon="-122.4218960">
    <ele>17.6</ele>
    <time>2026-08-30T22:11:21Z</time>
   </trkpt>
   <trkpt lat="37.7591170" lon="-122.4218820">
    <ele>17.6</ele>
    <time>2026-08-30T22:11:22Z</time>
   </trkpt>
   <trkpt lat="37.7591110" lon="-122.4218740">
    <ele>17.6</ele>
    <time>2026-08-30T22:11:23Z</time>
   </trkpt>
   <trkpt lat="37.7591060" lon="-122.4218710">
    <ele>17.6</ele>
    <time>2026-08-30T22:11:24Z</time>
   </trkpt>
   <trkpt lat="37.7591070" lon="-122.4218740">
    <ele>17.6</ele>
    <time>2026-08-30T22:11:25Z</time>
   </trkpt>
   <trkpt lat="37.7591060" lon="-122.4218820">
    <ele>17.6</ele>
    <time>2026-08-30T22:11:26Z</time>
   </trkpt>
   <trkpt lat="37.7591020" lon="-122.4218950">
    <ele>17.6</ele>
    <time>2026-08-30T22:11:27Z</time>
   </trkpt>
   <trkpt lat="37.7590940" lon="-122.4219080">
    <ele>17.6</ele>
    <time>2026-08-30T22:11:28Z</time>
   </trkpt>
   <trkpt lat="37.7590900" lon="-122.4219190">
    <ele>17.6</ele>
    <time>2026-08-30T22:11:29Z</time>
   </trkpt>
   <trkpt lat="37.7590910" lon="-122.4219310">
    <ele>17.6</ele>
    <time>2026-08-30T22:11:30Z</time>
   </trkpt>
   <trkpt lat="37.7590980" lon="-122.4219420">
    <ele>17.6</ele>
    <time>2026-08-30T22:11:31Z</time>
   </trkpt>
   <trkpt lat="37.7591110" lon="-122.4219510">
    <ele>17.6</ele>
    <time>2026-08-30T22:11:32Z</time>
   </trkpt>
   <trkpt lat="37.7591300" lon="-122.4219630">
    <ele>17.6</ele>
    <time>2026-08-30T22:11:33Z</time>
   </trkpt>
   <trkpt lat="37.7591560" lon="-122.4219780">
    <ele>17.6</ele>
    <time>2026-08-30T22:11:34Z</time>
   </trkpt>
   <trkpt lat="37.7591850" lon="-122.4219940">
    <ele>17.6</ele>
    <time>2026-08-30T22:11:35Z</time>
   </trkpt>
   <trkpt lat="37.7592130" lon="-122.4220090">
    <ele>17.6</ele>
    <time>2026-08-30T22:11:36Z</time>
   </trkpt>
   <trkpt lat="37.7592400" lon="-122.4220240">
    <ele>17.6</ele>
    <time>2026-08-30T22:11:37Z</time>
   </trkpt>
   <trkpt lat="37.7592650" lon="-122.4220390">
    <ele>17.6</ele>
    <time>2026-08-30T22:11:38Z</time>
   </trkpt>
   <trkpt lat="37.7592880" lon="-122.4220520">
    <ele>17.6</ele>
    <time>2026-08-30T22:11:39Z</time>
   </trkpt>
   <trkpt lat="37.7593050" lon="-122.4220620">
    <ele>17.6</ele>
    <time>2026-08-30T22:11:40Z</time>
   </trkpt>
   <trkpt lat="37.7593160" lon="-122.4220680">
    <ele>17.6</ele>
    <time>2026-08-30T22:11:41Z</time>
   </trkpt>
   <trkpt lat="37.7593210" lon="-122.4220680">
    <ele>17.6</ele>
    <time>2026-08-30T22:11:42Z</time>
   </trkpt>
   <trkpt lat="37.7593210" lon="-122.4220660">
    <ele>17.6</ele>
    <time>2026-08-30T22:11:43Z</time>
   </trkpt>
   <trkpt lat="37.7593170" lon="-122.4220610">
    <ele>17.6</ele>
    <time>2026-08-30T22:11:44Z</time>
   </trkpt>
   <trkpt lat="37.7593110" lon="-122.4220500">
    <ele>17.6</ele>
    <time>2026-08-30T22:11:45Z</time>
   </trkpt>
   <trkpt lat="37.7593010" lon="-122.4220320">
    <ele>17.6</ele>
    <time>2026-08-30T22:11:46Z</time>
   </trkpt>
   <trkpt lat="37.7592890" lon="-122.4220110">
    <ele>17.6</ele>
    <time>2026-08-30T22:11:47Z</time>
   </trkpt>
   <trkpt lat="37.7592730" lon="-122.4219890">
    <ele>17.6</ele>
    <time>2026-08-30T22:11:48Z</time>
   </trkpt>
   <trkpt lat="37.7592580" lon="-122.4219690">
    <ele>17.6</ele>
    <time>2026-08-30T22:11:49Z</time>
   </trkpt>
   <trkpt lat="37.7592450" lon="-122.4219570">
    <ele>17.6</ele>
    <time>2026-08-30T22:11:50Z</time>
   </trkpt>
   <trkpt lat="37.7592330" lon="-122.4219530">
    <ele>17.6</ele>
    <time>2026-08-30T22:11:51Z</time>
   </trkpt>
   <trkpt lat="37.7592200" lon="-122.4219540">
    <ele>17.6</ele>
    <time>2026-08-30T22:11:52Z</time>
   </trkpt>
   <trkpt lat="37.7592100" lon="-122.4219640">
    <ele>17.6</ele>
    <time>2026-08-30T22:11:53Z</time>
   </trkpt>
   <trkpt lat="37.7592100" lon="-122.4219640">
    <ele>17.6</ele>
    <time>2026-08-30T22:11:54Z</time>
   </trkpt>
   <trkpt lat="37.7592010" lon="-122.4219990">
    <ele>17.6</ele>
    <time>2026-08-30T22:11:55Z</time>
   </trkpt>
   <trkpt lat="37.7592030" lon="-122.4220200">
    <ele>17.6</ele>
    <time>2026-08-30T22:11:56Z</time>
   </trkpt>
   <trkpt lat="37.7592070" lon="-122.4220410">
    <ele>17.6</ele>
    <time>2026-08-30T22:11:57Z</time>
   </trkpt>
   <trkpt lat="37.7592110" lon="-122.4220590">
    <ele>17.6</ele>
    <time>2026-08-30T22:11:58Z</time>
   </trkpt>
   <trkpt lat="37.7592170" lon="-122.4220800">
    <ele>17.6</ele>
    <time>2026-08-30T22:11:59Z</time>
   </trkpt>
   <trkpt lat="37.7592240" lon="-122.4220960">
    <ele>17.6</ele>
    <time>2026-08-30T22:12:00Z</time>
   </trkpt>
   <trkpt lat="37.7592310" lon="-122.4221060">
    <ele>17.6</ele>
    <time>2026-08-30T22:12:01Z</time>
   </trkpt>
   <trkpt lat="37.7592390" lon="-122.4221110">
    <ele>17.6</ele>
    <time>2026-08-30T22:12:02Z</time>
   </trkpt>
   <trkpt lat="37.7592460" lon="-122.4221110">
    <ele>17.6</ele>
    <time>2026-08-30T22:12:03Z</time>
   </trkpt>
   <trkpt lat="37.7592530" lon="-122.4221040">
    <ele>17.6</ele>
    <time>2026-08-30T22:12:04Z</time>
   </trkpt>
   <trkpt lat="37.7592580" lon="-122.4220960">
    <ele>17.6</ele>
    <time>2026-08-30T22:12:05Z</time>
   </trkpt>
   <trkpt lat="37.7592620" lon="-122.4220850">
    <ele>17.6</ele>
    <time>2026-08-30T22:12:06Z</time>
   </trkpt>
   <trkpt lat="37.7592680" lon="-122.4220740">
    <ele>17.6</ele>
    <time>2026-08-30T22:12:07Z</time>
   </trkpt>
   <trkpt lat="37.7592740" lon="-122.4220680">
    <ele>17.6</ele>
    <time>2026-08-30T22:12:08Z</time>
   </trkpt>
   <trkpt lat="37.7592790" lon="-122.4220660">
    <ele>17.6</ele>
    <time>2026-08-30T22:12:09Z</time>
   </trkpt>
   <trkpt lat="37.7592820" lon="-122.4220640">
    <ele>17.6</ele>
    <time>2026-08-30T22:12:10Z</time>
   </trkpt>
   <trkpt lat="37.7592810" lon="-122.4220650">
    <ele>17.6</ele>
    <time>2026-08-30T22:12:11Z</time>
   </trkpt>
   <trkpt lat="37.7592760" lon="-122.4220710">
    <ele>17.6</ele>
    <time>2026-08-30T22:12:12Z</time>
   </trkpt>
   <trkpt lat="37.7592700" lon="-122.4220820">
    <ele>17.6</ele>
    <time>2026-08-30T22:12:13Z</time>
   </trkpt>
   <trkpt lat="37.7592630" lon="-122.4220990">
    <ele>17.6</ele>
    <time>2026-08-30T22:12:14Z</time>
   </trkpt>
   <trkpt lat="37.7592550" lon="-122.4221240">
    <ele>17.6</ele>
    <time>2026-08-30T22:12:15Z</time>
   </trkpt>
   <trkpt lat="37.7592450" lon="-122.4221560">
    <ele>17.6</ele>
    <time>2026-08-30T22:12:16Z</time>
   </trkpt>
   <trkpt lat="37.7592340" lon="-122.4221870">
    <ele>17.6</ele>
    <time>2026-08-30T22:12:17Z</time>
   </trkpt>
   <trkpt lat="37.7592180" lon="-122.4222130">
    <ele>17.5</ele>
    <time>2026-08-30T22:12:18Z</time>
   </trkpt>
   <trkpt lat="37.7592010" lon="-122.4222380">
    <ele>17.5</ele>
    <time>2026-08-30T22:12:19Z</time>
   </trkpt>
   <trkpt lat="37.7591840" lon="-122.4222610">
    <ele>17.5</ele>
    <time>2026-08-30T22:12:20Z</time>
   </trkpt>
   <trkpt lat="37.7591690" lon="-122.4222770">
    <ele>17.5</ele>
    <time>2026-08-30T22:12:21Z</time>
   </trkpt>
   <trkpt lat="37.7591600" lon="-122.4222860">
    <ele>17.5</ele>
    <time>2026-08-30T22:12:22Z</time>
   </trkpt>
   <trkpt lat="37.7591520" lon="-122.4222890">
    <ele>17.5</ele>
    <time>2026-08-30T22:12:23Z</time>
   </trkpt>
   <trkpt lat="37.7591440" lon="-122.4222900">
    <ele>17.5</ele>
    <time>2026-08-30T22:12:24Z</time>
   </trkpt>
   <trkpt lat="37.7591380" lon="-122.4222820">
    <ele>17.5</ele>
    <time>2026-08-30T22:12:25Z</time>
   </trkpt>
   <trkpt lat="37.7591320" lon="-122.4222640">
    <ele>17.5</ele>
    <time>2026-08-30T22:12:26Z</time>
   </trkpt>
   <trkpt lat="37.7591280" lon="-122.4222380">
    <ele>17.5</ele>
    <time>2026-08-30T22:12:27Z</time>
   </trkpt>
   <trkpt lat="37.7591270" lon="-122.4222070">
    <ele>17.5</ele>
    <time>2026-08-30T22:12:28Z</time>
   </trkpt>
   <trkpt lat="37.7591290" lon="-122.4221750">
    <ele>17.5</ele>
    <time>2026-08-30T22:12:29Z</time>
   </trkpt>
   <trkpt lat="37.7591310" lon="-122.4221460">
    <ele>17.5</ele>
    <time>2026-08-30T22:12:30Z</time>
   </trkpt>
   <trkpt lat="37.7591330" lon="-122.4221220">
    <ele>17.5</ele>
    <time>2026-08-30T22:12:31Z</time>
   </trkpt>
   <trkpt lat="37.7591360" lon="-122.4221040">
    <ele>17.5</ele>
    <time>2026-08-30T22:12:32Z</time>
   </trkpt>
   <trkpt lat="37.7591400" lon="-122.4220940">
    <ele>17.5</ele>
    <time>2026-08-30T22:12:33Z</time>
   </trkpt>
   <trkpt lat="37.7591470" lon="-122.4220920">
    <ele>17.5</ele>
    <time>2026-08-30T22:12:34Z</time>
   </trkpt>
   <trkpt lat="37.7591570" lon="-122.4220980">
    <ele>17.5</ele>
    <time>2026-08-30T22:12:35Z</time>
   </trkpt>
   <trkpt lat="37.7591670" lon="-122.4221060">
    <ele>17.5</ele>
    <time>2026-08-30T22:12:36Z</time>
   </trkpt>
   <trkpt lat="37.7591670" lon="-122.4221060">
    <ele>17.5</ele>
    <time>2026-08-30T22:12:37Z</time>
   </trkpt>
   <trkpt lat="37.7591760" lon="-122.4221170">
    <ele>17.5</ele>
    <time>2026-08-30T22:12:38Z</time>
   </trkpt>
   <trkpt lat="37.7591860" lon="-122.4221280">
    <ele>17.5</ele>
    <time>2026-08-30T22:12:39Z</time>
   </trkpt>
   <trkpt lat="37.7591940" lon="-122.4221370">
    <ele>17.5</ele>
    <time>2026-08-30T22:12:40Z</time>
   </trkpt>
   <trkpt lat="37.7592000" lon="-122.4221430">
    <ele>17.5</ele>
    <time>2026-08-30T22:12:41Z</time>
   </trkpt>
   <trkpt lat="37.7592040" lon="-122.4221500">
    <ele>17.5</ele>
    <time>2026-08-30T22:12:42Z</time>
   </trkpt>
   <trkpt lat="37.7592060" lon="-122.4221540">
    <ele>17.5</ele>
    <time>2026-08-30T22:12:43Z</time>
   </trkpt>
   <trkpt lat="37.7592100" lon="-122.4221470">
    <ele>17.5</ele>
    <time>2026-08-30T22:12:44Z</time>
   </trkpt>
   <trkpt lat="37.7592110" lon="-122.4221390">
    <ele>17.5</ele>
    <time>2026-08-30T22:12:45Z</time>
   </trkpt>
   <trkpt lat="37.7592090" lon="-122.4221310">
    <ele>17.5</ele>
    <time>2026-08-30T22:12:46Z</time>
   </trkpt>
   <trkpt lat="37.7592040" lon="-122.4221240">
    <ele>17.5</ele>
    <time>2026-08-30T22:12:47Z</time>
   </trkpt>
   <trkpt lat="37.7592000" lon="-122.4221210">
    <ele>17.5</ele>
    <time>2026-08-30T22:12:48Z</time>
   </trkpt>
   <trkpt lat="37.7591940" lon="-122.4221250">
    <ele>17.5</ele>
    <time>2026-08-30T22:12:49Z</time>
   </trkpt>
   <trkpt lat="37.7591890" lon="-122.4221370">
    <ele>17.5</ele>
    <time>2026-08-30T22:12:50Z</time>
   </trkpt>
   <trkpt lat="37.7591850" lon="-122.4221550">
    <ele>17.5</ele>
    <time>2026-08-30T22:12:51Z</time>
   </trkpt>
   <trkpt lat="37.7591790" lon="-122.4221780">
    <ele>17.5</ele>
    <time>2026-08-30T22:12:52Z</time>
   </trkpt>
   <trkpt lat="37.7591760" lon="-122.4222070">
    <ele>17.5</ele>
    <time>2026-08-30T22:12:53Z</time>
   </trkpt>
   <trkpt lat="37.7591750" lon="-122.4222320">
    <ele>17.5</ele>
    <time>2026-08-30T22:12:54Z</time>
   </trkpt>
   <trkpt lat="37.7591800" lon="-122.4222470">
    <ele>17.5</ele>
    <time>2026-08-30T22:12:55Z</time>
   </trkpt>
   <trkpt lat="37.7591920" lon="-122.4222510">
    <ele>17.5</ele>
    <time>2026-08-30T22:12:56Z</time>
   </trkpt>
   <trkpt lat="37.7592060" lon="-122.4222490">
    <ele>17.5</ele>
    <time>2026-08-30T22:12:57Z</time>
   </trkpt>
   <trkpt lat="37.7592160" lon="-122.4222440">
    <ele>17.5</ele>
    <time>2026-08-30T22:12:58Z</time>
   </trkpt>
   <trkpt lat="37.7592180" lon="-122.4222360">
    <ele>17.5</ele>
    <time>2026-08-30T22:12:59Z</time>
   </trkpt>
   <trkpt lat="37.7592170" lon="-122.4222260">
    <ele>17.5</ele>
    <time>2026-08-30T22:13:00Z</time>
   </trkpt>
   <trkpt lat="37.7592120" lon="-122.4222130">
    <ele>17.5</ele>
    <time>2026-08-30T22:13:01Z</time>
   </trkpt>
   <trkpt lat="37.7592050" lon="-122.4222010">
    <ele>17.5</ele>
    <time>2026-08-30T22:13:02Z</time>
   </trkpt>
   <trkpt lat="37.7591970" lon="-122.4221900">
    <ele>17.5</ele>
    <time>2026-08-30T22:13:03Z</time>
   </trkpt>
   <trkpt lat="37.7591900" lon="-122.4221820">
    <ele>17.5</ele>
    <time>2026-08-30T22:13:04Z</time>
   </trkpt>
   <trkpt lat="37.7591870" lon="-122.4221760">
    <ele>17.5</ele>
    <time>2026-08-30T22:13:05Z</time>
   </trkpt>
   <trkpt lat="37.7591860" lon="-122.4221740">
    <ele>17.5</ele>
    <time>2026-08-30T22:13:06Z</time>
   </trkpt>
   <trkpt lat="37.7591860" lon="-122.4221710">
    <ele>17.5</ele>
    <time>2026-08-30T22:13:07Z</time>
   </trkpt>
   <trkpt lat="37.7591860" lon="-122.4221710">
    <ele>17.5</ele>
    <time>2026-08-30T22:13:08Z</time>
   </trkpt>
   <trkpt lat="37.7591840" lon="-122.4221720">
    <ele>17.5</ele>
    <time>2026-08-30T22:13:09Z</time>
   </trkpt>
   <trkpt lat="37.7591800" lon="-122.4221670">
    <ele>17.5</ele>
    <time>2026-08-30T22:13:10Z</time>
   </trkpt>
   <trkpt lat="37.7591800" lon="-122.4221570">
    <ele>17.5</ele>
    <time>2026-08-30T22:13:11Z</time>
   </trkpt>
   <trkpt lat="37.7591880" lon="-122.4221390">
    <ele>17.5</ele>
    <time>2026-08-30T22:13:12Z</time>
   </trkpt>
   <trkpt lat="37.7591980" lon="-122.4221140">
    <ele>17.5</ele>
    <time>2026-08-30T22:13:13Z</time>
   </trkpt>
   <trkpt lat="37.7592040" lon="-122.4220850">
    <ele>17.5</ele>
    <time>2026-08-30T22:13:14Z</time>
   </trkpt>
   <trkpt lat="37.7592030" lon="-122.4220580">
    <ele>17.5</ele>
    <time>2026-08-30T22:13:15Z</time>
   </trkpt>
   <trkpt lat="37.7591950" lon="-122.4220350">
    <ele>17.5</ele>
    <time>2026-08-30T22:13:16Z</time>
   </trkpt>
   <trkpt lat="37.7591860" lon="-122.4220230">
    <ele>17.5</ele>
    <time>2026-08-30T22:13:17Z</time>
   </trkpt>
   <trkpt lat="37.7591820" lon="-122.4220190">
    <ele>17.5</ele>
    <time>2026-08-30T22:13:18Z</time>
   </trkpt>
   <trkpt lat="37.7591800" lon="-122.4220200">
    <ele>17.5</ele>
    <time>2026-08-30T22:13:19Z</time>
   </trkpt>
   <trkpt lat="37.7591830" lon="-122.4220220">
    <ele>17.5</ele>
    <time>2026-08-30T22:13:20Z</time>
   </trkpt>
   <trkpt lat="37.7591910" lon="-122.4220270">
    <ele>17.5</ele>
    <time>2026-08-30T22:13:21Z</time>
   </trkpt>
   <trkpt lat="37.7592010" lon="-122.4220310">
    <ele>17.5</ele>
    <time>2026-08-30T22:13:22Z</time>
   </trkpt>
   <trkpt lat="37.7592140" lon="-122.4220310">
    <ele>17.4</ele>
    <time>2026-08-30T22:13:23Z</time>
   </trkpt>
   <trkpt lat="37.7592300" lon="-122.4220290">
    <ele>17.4</ele>
    <time>2026-08-30T22:13:24Z</time>
   </trkpt>
   <trkpt lat="37.7592450" lon="-122.4220290">
    <ele>17.4</ele>
    <time>2026-08-30T22:13:25Z</time>
   </trkpt>
   <trkpt lat="37.7592590" lon="-122.4220290">
    <ele>17.1</ele>
    <time>2026-08-30T22:13:26Z</time>
   </trkpt>
   <trkpt lat="37.7592680" lon="-122.4220320">
    <ele>17.1</ele>
    <time>2026-08-30T22:13:27Z</time>
   </trkpt>
   <trkpt lat="37.7592750" lon="-122.4220310">
    <ele>17.1</ele>
    <time>2026-08-30T22:13:28Z</time>
   </trkpt>
   <trkpt lat="37.7592830" lon="-122.4220320">
    <ele>16.9</ele>
    <time>2026-08-30T22:13:29Z</time>
   </trkpt>
   <trkpt lat="37.7592910" lon="-122.4220330">
    <ele>16.9</ele>
    <time>2026-08-30T22:13:30Z</time>
   </trkpt>
   <trkpt lat="37.7593020" lon="-122.4220350">
    <ele>16.9</ele>
    <time>2026-08-30T22:13:31Z</time>
   </trkpt>
   <trkpt lat="37.7593160" lon="-122.4220380">
    <ele>16.9</ele>
    <time>2026-08-30T22:13:32Z</time>
   </trkpt>
   <trkpt lat="37.7593300" lon="-122.4220420">
    <ele>16.9</ele>
    <time>2026-08-30T22:13:33Z</time>
   </trkpt>
   <trkpt lat="37.7593440" lon="-122.4220450">
    <ele>16.9</ele>
    <time>2026-08-30T22:13:34Z</time>
   </trkpt>
   <trkpt lat="37.7593570" lon="-122.4220450">
    <ele>16.9</ele>
    <time>2026-08-30T22:13:35Z</time>
   </trkpt>
   <trkpt lat="37.7593700" lon="-122.4220480">
    <ele>16.9</ele>
    <time>2026-08-30T22:13:36Z</time>
   </trkpt>
   <trkpt lat="37.7593790" lon="-122.4220480">
    <ele>16.9</ele>
    <time>2026-08-30T22:13:37Z</time>
   </trkpt>
   <trkpt lat="37.7593830" lon="-122.4220460">
    <ele>16.9</ele>
    <time>2026-08-30T22:13:38Z</time>
   </trkpt>
   <trkpt lat="37.7593840" lon="-122.4220420">
    <ele>16.8</ele>
    <time>2026-08-30T22:13:39Z</time>
   </trkpt>
   <trkpt lat="37.7593820" lon="-122.4220400">
    <ele>16.9</ele>
    <time>2026-08-30T22:13:40Z</time>
   </trkpt>
   <trkpt lat="37.7593800" lon="-122.4220400">
    <ele>16.9</ele>
    <time>2026-08-30T22:13:41Z</time>
   </trkpt>
   <trkpt lat="37.7593780" lon="-122.4220500">
    <ele>16.9</ele>
    <time>2026-08-30T22:13:42Z</time>
   </trkpt>
   <trkpt lat="37.7593740" lon="-122.4220720">
    <ele>16.8</ele>
    <time>2026-08-30T22:13:43Z</time>
   </trkpt>
   <trkpt lat="37.7593710" lon="-122.4221060">
    <ele>16.8</ele>
    <time>2026-08-30T22:13:44Z</time>
   </trkpt>
   <trkpt lat="37.7593660" lon="-122.4221490">
    <ele>16.8</ele>
    <time>2026-08-30T22:13:45Z</time>
   </trkpt>
   <trkpt lat="37.7593650" lon="-122.4221970">
    <ele>16.7</ele>
    <time>2026-08-30T22:13:46Z</time>
   </trkpt>
   <trkpt lat="37.7593700" lon="-122.4222440">
    <ele>16.5</ele>
    <time>2026-08-30T22:13:47Z</time>
   </trkpt>
   <trkpt lat="37.7593820" lon="-122.4222850">
    <ele>16.5</ele>
    <time>2026-08-30T22:13:48Z</time>
   </trkpt>
   <trkpt lat="37.7593970" lon="-122.4223150">
    <ele>16.4</ele>
    <time>2026-08-30T22:13:49Z</time>
   </trkpt>
   <trkpt lat="37.7594130" lon="-122.4223350">
    <ele>16.5</ele>
    <time>2026-08-30T22:13:50Z</time>
   </trkpt>
   <trkpt lat="37.7594220" lon="-122.4223440">
    <ele>16.5</ele>
    <time>2026-08-30T22:13:51Z</time>
   </trkpt>
   <trkpt lat="37.7594220" lon="-122.4223440">
    <ele>16.5</ele>
    <time>2026-08-30T22:13:52Z</time>
   </trkpt>
   <trkpt lat="37.7594140" lon="-122.4223380">
    <ele>16.5</ele>
    <time>2026-08-30T22:13:53Z</time>
   </trkpt>
   <trkpt lat="37.7593980" lon="-122.4223280">
    <ele>16.5</ele>
    <time>2026-08-30T22:13:54Z</time>
   </trkpt>
   <trkpt lat="37.7593740" lon="-122.4223110">
    <ele>16.5</ele>
    <time>2026-08-30T22:13:55Z</time>
   </trkpt>
   <trkpt lat="37.7593510" lon="-122.4222890">
    <ele>16.5</ele>
    <time>2026-08-30T22:13:56Z</time>
   </trkpt>
   <trkpt lat="37.7593290" lon="-122.4222600">
    <ele>16.8</ele>
    <time>2026-08-30T22:13:57Z</time>
   </trkpt>
   <trkpt lat="37.7593060" lon="-122.4222280">
    <ele>17.2</ele>
    <time>2026-08-30T22:13:58Z</time>
   </trkpt>
   <trkpt lat="37.7592860" lon="-122.4221980">
    <ele>17.1</ele>
    <time>2026-08-30T22:13:59Z</time>
   </trkpt>
   <trkpt lat="37.7592690" lon="-122.4221750">
    <ele>17.3</ele>
    <time>2026-08-30T22:14:00Z</time>
   </trkpt>
   <trkpt lat="37.7592570" lon="-122.4221560">
    <ele>17.2</ele>
    <time>2026-08-30T22:14:01Z</time>
   </trkpt>
   <trkpt lat="37.7592460" lon="-122.4221440">
    <ele>17.4</ele>
    <time>2026-08-30T22:14:02Z</time>
   </trkpt>
   <trkpt lat="37.7592390" lon="-122.4221380">
    <ele>17.4</ele>
    <time>2026-08-30T22:14:03Z</time>
   </trkpt>
   <trkpt lat="37.7592310" lon="-122.4221360">
    <ele>17.4</ele>
    <time>2026-08-30T22:14:04Z</time>
   </trkpt>
   <trkpt lat="37.7592210" lon="-122.4221400">
    <ele>17.4</ele>
    <time>2026-08-30T22:14:05Z</time>
   </trkpt>
   <trkpt lat="37.7592100" lon="-122.4221490">
    <ele>17.5</ele>
    <time>2026-08-30T22:14:06Z</time>
   </trkpt>
   <trkpt lat="37.7591960" lon="-122.4221580">
    <ele>17.5</ele>
    <time>2026-08-30T22:14:07Z</time>
   </trkpt>
   <trkpt lat="37.7591790" lon="-122.4221620">
    <ele>17.5</ele>
    <time>2026-08-30T22:14:08Z</time>
   </trkpt>
   <trkpt lat="37.7591670" lon="-122.4221600">
    <ele>17.5</ele>
    <time>2026-08-30T22:14:09Z</time>
   </trkpt>
   <trkpt lat="37.7591570" lon="-122.4221540">
    <ele>17.5</ele>
    <time>2026-08-30T22:14:10Z</time>
   </trkpt>
   <trkpt lat="37.7591500" lon="-122.4221460">
    <ele>17.5</ele>
    <time>2026-08-30T22:14:11Z</time>
   </trkpt>
   <trkpt lat="37.7591460" lon="-122.4221390">
    <ele>17.6</ele>
    <time>2026-08-30T22:14:12Z</time>
   </trkpt>
   <trkpt lat="37.7591430" lon="-122.4221350">
    <ele>17.6</ele>
    <time>2026-08-30T22:14:13Z</time>
   </trkpt>
   <trkpt lat="37.7591400" lon="-122.4221370">
    <ele>17.6</ele>
    <time>2026-08-30T22:14:14Z</time>
   </trkpt>
   <trkpt lat="37.7591380" lon="-122.4221450">
    <ele>17.6</ele>
    <time>2026-08-30T22:14:15Z</time>
   </trkpt>
   <trkpt lat="37.7591350" lon="-122.4221610">
    <ele>17.5</ele>
    <time>2026-08-30T22:14:16Z</time>
   </trkpt>
   <trkpt lat="37.7591290" lon="-122.4221810">
    <ele>17.5</ele>
    <time>2026-08-30T22:14:17Z</time>
   </trkpt>
   <trkpt lat="37.7591220" lon="-122.4221990">
    <ele>17.5</ele>
    <time>2026-08-30T22:14:18Z</time>
   </trkpt>
   <trkpt lat="37.7591220" lon="-122.4221990">
    <ele>17.5</ele>
    <time>2026-08-30T22:14:19Z</time>
   </trkpt>
   <trkpt lat="37.7591150" lon="-122.4222160">
    <ele>17.5</ele>
    <time>2026-08-30T22:14:20Z</time>
   </trkpt>
   <trkpt lat="37.7591100" lon="-122.4222310">
    <ele>17.5</ele>
    <time>2026-08-30T22:14:21Z</time>
   </trkpt>
   <trkpt lat="37.7591050" lon="-122.4222410">
    <ele>17.5</ele>
    <time>2026-08-30T22:14:22Z</time>
   </trkpt>
   <trkpt lat="37.7591020" lon="-122.4222430">
    <ele>17.5</ele>
    <time>2026-08-30T22:14:23Z</time>
   </trkpt>
   <trkpt lat="37.7591000" lon="-122.4222400">
    <ele>17.5</ele>
    <time>2026-08-30T22:14:24Z</time>
   </trkpt>
   <trkpt lat="37.7590980" lon="-122.4222300">
    <ele>17.5</ele>
    <time>2026-08-30T22:14:25Z</time>
   </trkpt>
   <trkpt lat="37.7590940" lon="-122.4222230">
    <ele>17.5</ele>
    <time>2026-08-30T22:14:26Z</time>
   </trkpt>
   <trkpt lat="37.7590880" lon="-122.4222200">
    <ele>17.5</ele>
    <time>2026-08-30T22:14:27Z</time>
   </trkpt>
   <trkpt lat="37.7590610" lon="-122.4222080">
    <ele>17.6</ele>
    <time>2026-08-30T22:14:28Z</time>
   </trkpt>
   <trkpt lat="37.7590450" lon="-122.4222030">
    <ele>17.6</ele>
    <time>2026-08-30T22:14:29Z</time>
   </trkpt>
   <trkpt lat="37.7590300" lon="-122.4221990">
    <ele>17.6</ele>
    <time>2026-08-30T22:14:30Z</time>
   </trkpt>
   <trkpt lat="37.7590170" lon="-122.4221910">
    <ele>17.6</ele>
    <time>2026-08-30T22:14:31Z</time>
   </trkpt>
   <trkpt lat="37.7590100" lon="-122.4221820">
    <ele>17.7</ele>
    <time>2026-08-30T22:14:32Z</time>
   </trkpt>
   <trkpt lat="37.7590070" lon="-122.4221720">
    <ele>17.7</ele>
    <time>2026-08-30T22:14:33Z</time>
   </trkpt>
   <trkpt lat="37.7590060" lon="-122.4221610">
    <ele>17.7</ele>
    <time>2026-08-30T22:14:34Z</time>
   </trkpt>
   <trkpt lat="37.7590030" lon="-122.4221590">
    <ele>17.7</ele>
    <time>2026-08-30T22:14:35Z</time>
   </trkpt>
   <trkpt lat="37.7589970" lon="-122.4221620">
    <ele>17.7</ele>
    <time>2026-08-30T22:14:36Z</time>
   </trkpt>
   <trkpt lat="37.7589920" lon="-122.4221730">
    <ele>17.7</ele>
    <time>2026-08-30T22:14:37Z</time>
   </trkpt>
   <trkpt lat="37.7589910" lon="-122.4221900">
    <ele>17.7</ele>
    <time>2026-08-30T22:14:38Z</time>
   </trkpt>
   <trkpt lat="37.7589910" lon="-122.4222100">
    <ele>17.7</ele>
    <time>2026-08-30T22:14:39Z</time>
   </trkpt>
   <trkpt lat="37.7589940" lon="-122.4222310">
    <ele>17.7</ele>
    <time>2026-08-30T22:14:40Z</time>
   </trkpt>
   <trkpt lat="37.7589990" lon="-122.4222490">
    <ele>17.6</ele>
    <time>2026-08-30T22:14:41Z</time>
   </trkpt>
   <trkpt lat="37.7589990" lon="-122.4222590">
    <ele>17.6</ele>
    <time>2026-08-30T22:14:42Z</time>
   </trkpt>
   <trkpt lat="37.7589930" lon="-122.4222630">
    <ele>17.6</ele>
    <time>2026-08-30T22:14:43Z</time>
   </trkpt>
   <trkpt lat="37.7589830" lon="-122.4222630">
    <ele>17.6</ele>
    <time>2026-08-30T22:14:44Z</time>
   </trkpt>
   <trkpt lat="37.7589730" lon="-122.4222580">
    <ele>17.6</ele>
    <time>2026-08-30T22:14:45Z</time>
   </trkpt>
   <trkpt lat="37.7589600" lon="-122.4222530">
    <ele>17.6</ele>
    <time>2026-08-30T22:14:46Z</time>
   </trkpt>
   <trkpt lat="37.7589510" lon="-122.4222490">
    <ele>17.6</ele>
    <time>2026-08-30T22:14:47Z</time>
   </trkpt>
   <trkpt lat="37.7589460" lon="-122.4222430">
    <ele>17.6</ele>
    <time>2026-08-30T22:14:48Z</time>
   </trkpt>
   <trkpt lat="37.7589410" lon="-122.4222300">
    <ele>17.6</ele>
    <time>2026-08-30T22:14:49Z</time>
   </trkpt>
   <trkpt lat="37.7589340" lon="-122.4222090">
    <ele>17.6</ele>
    <time>2026-08-30T22:14:50Z</time>
   </trkpt>
   <trkpt lat="37.7589210" lon="-122.4221800">
    <ele>17.7</ele>
    <time>2026-08-30T22:14:51Z</time>
   </trkpt>
   <trkpt lat="37.7589030" lon="-122.4221530">
    <ele>17.8</ele>
    <time>2026-08-30T22:14:52Z</time>
   </trkpt>
   <trkpt lat="37.7588830" lon="-122.4221300">
    <ele>17.8</ele>
    <time>2026-08-30T22:14:53Z</time>
   </trkpt>
   <trkpt lat="37.7588630" lon="-122.4221080">
    <ele>18.1</ele>
    <time>2026-08-30T22:14:54Z</time>
   </trkpt>
   <trkpt lat="37.7588490" lon="-122.4220920">
    <ele>18.1</ele>
    <time>2026-08-30T22:14:55Z</time>
   </trkpt>
   <trkpt lat="37.7588410" lon="-122.4220830">
    <ele>18.1</ele>
    <time>2026-08-30T22:14:56Z</time>
   </trkpt>
   <trkpt lat="37.7588410" lon="-122.4220810">
    <ele>18.1</ele>
    <time>2026-08-30T22:14:57Z</time>
   </trkpt>
   <trkpt lat="37.7588510" lon="-122.4220820">
    <ele>18.1</ele>
    <time>2026-08-30T22:14:58Z</time>
   </trkpt>
   <trkpt lat="37.7588610" lon="-122.4220870">
    <ele>18.1</ele>
    <time>2026-08-30T22:14:59Z</time>
   </trkpt>
   <trkpt lat="37.7588710" lon="-122.4220960">
    <ele>18.1</ele>
    <time>2026-08-30T22:15:00Z</time>
   </trkpt>
   <trkpt lat="37.7588790" lon="-122.4221090">
    <ele>17.8</ele>
    <time>2026-08-30T22:15:01Z</time>
   </trkpt>
   <trkpt lat="37.7588870" lon="-122.4221220">
    <ele>17.8</ele>
    <time>2026-08-30T22:15:02Z</time>
   </trkpt>
   <trkpt lat="37.7588960" lon="-122.4221360">
    <ele>17.8</ele>
    <time>2026-08-30T22:15:03Z</time>
   </trkpt>
   <trkpt lat="37.7589040" lon="-122.4221470">
    <ele>17.8</ele>
    <time>2026-08-30T22:15:04Z</time>
   </trkpt>
   <trkpt lat="37.7589110" lon="-122.4221550">
    <ele>17.7</ele>
    <time>2026-08-30T22:15:05Z</time>
   </trkpt>
   <trkpt lat="37.7589180" lon="-122.4221580">
    <ele>17.7</ele>
    <time>2026-08-30T22:15:06Z</time>
   </trkpt>
   <trkpt lat="37.7589240" lon="-122.4221600">
    <ele>17.7</ele>
    <time>2026-08-30T22:15:07Z</time>
   </trkpt>
   <trkpt lat="37.7589300" lon="-122.4221590">
    <ele>17.7</ele>
    <time>2026-08-30T22:15:08Z</time>
   </trkpt>
   <trkpt lat="37.7589370" lon="-122.4221590">
    <ele>17.7</ele>
    <time>2026-08-30T22:15:09Z</time>
   </trkpt>
   <trkpt lat="37.7589460" lon="-122.4221620">
    <ele>17.6</ele>
    <time>2026-08-30T22:15:10Z</time>
   </trkpt>
   <trkpt lat="37.7589550" lon="-122.4221650">
    <ele>17.6</ele>
    <time>2026-08-30T22:15:11Z</time>
   </trkpt>
   <trkpt lat="37.7589630" lon="-122.4221680">
    <ele>17.6</ele>
    <time>2026-08-30T22:15:12Z</time>
   </trkpt>
   <trkpt lat="37.7589730" lon="-122.4221680">
    <ele>17.6</ele>
    <time>2026-08-30T22:15:13Z</time>
   </trkpt>
   <trkpt lat="37.7589830" lon="-122.4221680">
    <ele>17.7</ele>
    <time>2026-08-30T22:15:14Z</time>
   </trkpt>
   <trkpt lat="37.7589910" lon="-122.4221670">
    <ele>17.7</ele>
    <time>2026-08-30T22:15:15Z</time>
   </trkpt>
   <trkpt lat="37.7589930" lon="-122.4221660">
    <ele>17.7</ele>
    <time>2026-08-30T22:15:16Z</time>
   </trkpt>
   <trkpt lat="37.7589900" lon="-122.4221600">
    <ele>17.7</ele>
    <time>2026-08-30T22:15:17Z</time>
   </trkpt>
   <trkpt lat="37.7589800" lon="-122.4221500">
    <ele>17.7</ele>
    <time>2026-08-30T22:15:18Z</time>
   </trkpt>
   <trkpt lat="37.7589670" lon="-122.4221380">
    <ele>17.7</ele>
    <time>2026-08-30T22:15:19Z</time>
   </trkpt>
   <trkpt lat="37.7589550" lon="-122.4221240">
    <ele>17.7</ele>
    <time>2026-08-30T22:15:20Z</time>
   </trkpt>
   <trkpt lat="37.7589450" lon="-122.4221100">
    <ele>17.7</ele>
    <time>2026-08-30T22:15:21Z</time>
   </trkpt>
   <trkpt lat="37.7589370" lon="-122.4220980">
    <ele>17.7</ele>
    <time>2026-08-30T22:15:22Z</time>
   </trkpt>
   <trkpt lat="37.7589340" lon="-122.4220900">
    <ele>17.7</ele>
    <time>2026-08-30T22:15:23Z</time>
   </trkpt>
   <trkpt lat="37.7589370" lon="-122.4220880">
    <ele>17.7</ele>
    <time>2026-08-30T22:15:24Z</time>
   </trkpt>
   <trkpt lat="37.7589360" lon="-122.4220870">
    <ele>17.7</ele>
    <time>2026-08-30T22:15:25Z</time>
   </trkpt>
   <trkpt lat="37.7589350" lon="-122.4220890">
    <ele>17.7</ele>
    <time>2026-08-30T22:15:26Z</time>
   </trkpt>
   <trkpt lat="37.7589370" lon="-122.4220980">
    <ele>17.7</ele>
    <time>2026-08-30T22:15:27Z</time>
   </trkpt>
   <trkpt lat="37.7589450" lon="-122.4221110">
    <ele>17.7</ele>
    <time>2026-08-30T22:15:28Z</time>
   </trkpt>
   <trkpt lat="37.7589500" lon="-122.4221240">
    <ele>17.7</ele>
    <time>2026-08-30T22:15:29Z</time>
   </trkpt>
   <trkpt lat="37.7589540" lon="-122.4221360">
    <ele>17.7</ele>
    <time>2026-08-30T22:15:30Z</time>
   </trkpt>
   <trkpt lat="37.7589550" lon="-122.4221480">
    <ele>17.7</ele>
    <time>2026-08-30T22:15:31Z</time>
   </trkpt>
   <trkpt lat="37.7589490" lon="-122.4221590">
    <ele>17.6</ele>
    <time>2026-08-30T22:15:32Z</time>
   </trkpt>
   <trkpt lat="37.7589410" lon="-122.4221690">
    <ele>17.7</ele>
    <time>2026-08-30T22:15:33Z</time>
   </trkpt>
   <trkpt lat="37.7589380" lon="-122.4221690">
    <ele>17.7</ele>
    <time>2026-08-30T22:15:34Z</time>
   </trkpt>
   <trkpt lat="37.7589370" lon="-122.4221560">
    <ele>17.7</ele>
    <time>2026-08-30T22:15:35Z</time>
   </trkpt>
   <trkpt lat="37.7589370" lon="-122.4221300">
    <ele>17.7</ele>
    <time>2026-08-30T22:15:36Z</time>
   </trkpt>
   <trkpt lat="37.7589380" lon="-122.4220920">
    <ele>17.7</ele>
    <time>2026-08-30T22:15:37Z</time>
   </trkpt>
   <trkpt lat="37.7589340" lon="-122.4220460">
    <ele>17.7</ele>
    <time>2026-08-30T22:15:38Z</time>
   </trkpt>
   <trkpt lat="37.7589300" lon="-122.4219950">
    <ele>17.7</ele>
    <time>2026-08-30T22:15:39Z</time>
   </trkpt>
   <trkpt lat="37.7589270" lon="-122.4219420">
    <ele>17.8</ele>
    <time>2026-08-30T22:15:40Z</time>
   </trkpt>
   <trkpt lat="37.7589210" lon="-122.4218910">
    <ele>17.8</ele>
    <time>2026-08-30T22:15:41Z</time>
   </trkpt>
   <trkpt lat="37.7589140" lon="-122.4218470">
    <ele>17.9</ele>
    <time>2026-08-30T22:15:42Z</time>
   </trkpt>
   <trkpt lat="37.7589060" lon="-122.4218120">
    <ele>18.1</ele>
    <time>2026-08-30T22:15:43Z</time>
   </trkpt>
   <trkpt lat="37.7589000" lon="-122.4217860">
    <ele>18.1</ele>
    <time>2026-08-30T22:15:44Z</time>
   </trkpt>
   <trkpt lat="37.7588990" lon="-122.4217690">
    <ele>18.1</ele>
    <time>2026-08-30T22:15:45Z</time>
   </trkpt>
   <trkpt lat="37.7589030" lon="-122.4217590">
    <ele>18.1</ele>
    <time>2026-08-30T22:15:46Z</time>
   </trkpt>
   <trkpt lat="37.7589120" lon="-122.4217520">
    <ele>18.1</ele>
    <time>2026-08-30T22:15:47Z</time>
   </trkpt>
   <trkpt lat="37.7589250" lon="-122.4217480">
    <ele>18.1</ele>
    <time>2026-08-30T22:15:48Z</time>
   </trkpt>
   <trkpt lat="37.7589420" lon="-122.4217460">
    <ele>18.1</ele>
    <time>2026-08-30T22:15:49Z</time>
   </trkpt>
   <trkpt lat="37.7589590" lon="-122.4217450">
    <ele>18.1</ele>
    <time>2026-08-30T22:15:50Z</time>
   </trkpt>
   <trkpt lat="37.7589730" lon="-122.4217430">
    <ele>18.1</ele>
    <time>2026-08-30T22:15:51Z</time>
   </trkpt>
   <trkpt lat="37.7589870" lon="-122.4217350">
    <ele>18.0</ele>
    <time>2026-08-30T22:15:52Z</time>
   </trkpt>
   <trkpt lat="37.7590020" lon="-122.4217220">
    <ele>18.0</ele>
    <time>2026-08-30T22:15:53Z</time>
   </trkpt>
   <trkpt lat="37.7590160" lon="-122.4217070">
    <ele>18.0</ele>
    <time>2026-08-30T22:15:54Z</time>
   </trkpt>
   <trkpt lat="37.7590280" lon="-122.4216920">
    <ele>18.0</ele>
    <time>2026-08-30T22:15:55Z</time>
   </trkpt>
   <trkpt lat="37.7590380" lon="-122.4216810">
    <ele>18.0</ele>
    <time>2026-08-30T22:15:56Z</time>
   </trkpt>
   <trkpt lat="37.7590440" lon="-122.4216780">
    <ele>18.0</ele>
    <time>2026-08-30T22:15:57Z</time>
   </trkpt>
   <trkpt lat="37.7590460" lon="-122.4216810">
    <ele>17.9</ele>
    <time>2026-08-30T22:15:58Z</time>
   </trkpt>
   <trkpt lat="37.7590450" lon="-122.4216900">
    <ele>17.9</ele>
    <time>2026-08-30T22:15:59Z</time>
   </trkpt>
   <trkpt lat="37.7590390" lon="-122.4217030">
    <ele>18.0</ele>
    <time>2026-08-30T22:16:00Z</time>
   </trkpt>
   <trkpt lat="37.7590270" lon="-122.4217190">
    <ele>18.0</ele>
    <time>2026-08-30T22:16:01Z</time>
   </trkpt>
   <trkpt lat="37.7590160" lon="-122.4217380">
    <ele>17.9</ele>
    <time>2026-08-30T22:16:02Z</time>
   </trkpt>
   <trkpt lat="37.7590030" lon="-122.4217600">
    <ele>18.0</ele>
    <time>2026-08-30T22:16:03Z</time>
   </trkpt>
   <trkpt lat="37.7589920" lon="-122.4217820">
    <ele>17.9</ele>
    <time>2026-08-30T22:16:04Z</time>
   </trkpt>
   <trkpt lat="37.7589920" lon="-122.4217820">
    <ele>17.9</ele>
    <time>2026-08-30T22:16:05Z</time>
   </trkpt>
   <trkpt lat="37.7589870" lon="-122.4218040">
    <ele>17.9</ele>
    <time>2026-08-30T22:16:06Z</time>
   </trkpt>
   <trkpt lat="37.7589910" lon="-122.4218280">
    <ele>17.9</ele>
    <time>2026-08-30T22:16:07Z</time>
   </trkpt>
   <trkpt lat="37.7590020" lon="-122.4218520">
    <ele>17.9</ele>
    <time>2026-08-30T22:16:08Z</time>
   </trkpt>
   <trkpt lat="37.7590150" lon="-122.4218700">
    <ele>17.8</ele>
    <time>2026-08-30T22:16:09Z</time>
   </trkpt>
   <trkpt lat="37.7590300" lon="-122.4218810">
    <ele>17.8</ele>
    <time>2026-08-30T22:16:10Z</time>
   </trkpt>
   <trkpt lat="37.7590470" lon="-122.4218870">
    <ele>17.7</ele>
    <time>2026-08-30T22:16:11Z</time>
   </trkpt>
   <trkpt lat="37.7590640" lon="-122.4218870">
    <ele>17.7</ele>
    <time>2026-08-30T22:16:12Z</time>
   </trkpt>
   <trkpt lat="37.7591020" lon="-122.4218780">
    <ele>17.7</ele>
    <time>2026-08-30T22:16:13Z</time>
   </trkpt>
   <trkpt lat="37.7591200" lon="-122.4218700">
    <ele>17.7</ele>
    <time>2026-08-30T22:16:14Z</time>
   </trkpt>
   <trkpt lat="37.7591340" lon="-122.4218620">
    <ele>17.7</ele>
    <time>2026-08-30T22:16:15Z</time>
   </trkpt>
   <trkpt lat="37.7591430" lon="-122.4218520">
    <ele>17.7</ele>
    <time>2026-08-30T22:16:16Z</time>
   </trkpt>
   <trkpt lat="37.7591480" lon="-122.4218410">
    <ele>17.7</ele>
    <time>2026-08-30T22:16:17Z</time>
   </trkpt>
   <trkpt lat="37.7591500" lon="-122.4218290">
    <ele>17.7</ele>
    <time>2026-08-30T22:16:18Z</time>
   </trkpt>
   <trkpt lat="37.7591480" lon="-122.4218170">
    <ele>17.7</ele>
    <time>2026-08-30T22:16:19Z</time>
   </trkpt>
   <trkpt lat="37.7591420" lon="-122.4218030">
    <ele>17.7</ele>
    <time>2026-08-30T22:16:20Z</time>
   </trkpt>
   <trkpt lat="37.7591330" lon="-122.4217940">
    <ele>17.7</ele>
    <time>2026-08-30T22:16:21Z</time>
   </trkpt>
   <trkpt lat="37.7591220" lon="-122.4217890">
    <ele>17.7</ele>
    <time>2026-08-30T22:16:22Z</time>
   </trkpt>
   <trkpt lat="37.7591140" lon="-122.4217870">
    <ele>17.7</ele>
    <time>2026-08-30T22:16:23Z</time>
   </trkpt>
   <trkpt lat="37.7591070" lon="-122.4217850">
    <ele>17.8</ele>
    <time>2026-08-30T22:16:24Z</time>
   </trkpt>
   <trkpt lat="37.7591060" lon="-122.4217840">
    <ele>17.8</ele>
    <time>2026-08-30T22:16:25Z</time>
   </trkpt>
   <trkpt lat="37.7591020" lon="-122.4217790">
    <ele>17.8</ele>
    <time>2026-08-30T22:16:26Z</time>
   </trkpt>
   <trkpt lat="37.7590990" lon="-122.4217730">
    <ele>17.8</ele>
    <time>2026-08-30T22:16:27Z</time>
   </trkpt>
   <trkpt lat="37.7590940" lon="-122.4217690">
    <ele>17.7</ele>
    <time>2026-08-30T22:16:28Z</time>
   </trkpt>
   <trkpt lat="37.7590920" lon="-122.4217710">
    <ele>17.8</ele>
    <time>2026-08-30T22:16:29Z</time>
   </trkpt>
   <trkpt lat="37.7590920" lon="-122.4217790">
    <ele>17.8</ele>
    <time>2026-08-30T22:16:30Z</time>
   </trkpt>
   <trkpt lat="37.7590900" lon="-122.4217890">
    <ele>17.8</ele>
    <time>2026-08-30T22:16:31Z</time>
   </trkpt>
   <trkpt lat="37.7590900" lon="-122.4218000">
    <ele>17.8</ele>
    <time>2026-08-30T22:16:32Z</time>
   </trkpt>
   <trkpt lat="37.7590880" lon="-122.4218120">
    <ele>17.8</ele>
    <time>2026-08-30T22:16:33Z</time>
   </trkpt>
   <trkpt lat="37.7590870" lon="-122.4218260">
    <ele>17.7</ele>
    <time>2026-08-30T22:16:34Z</time>
   </trkpt>
   <trkpt lat="37.7590900" lon="-122.4218460">
    <ele>17.7</ele>
    <time>2026-08-30T22:16:35Z</time>
   </trkpt>
   <trkpt lat="37.7590960" lon="-122.4218690">
    <ele>17.7</ele>
    <time>2026-08-30T22:16:36Z</time>
   </trkpt>
   <trkpt lat="37.7590990" lon="-122.4218950">
    <ele>17.7</ele>
    <time>2026-08-30T22:16:37Z</time>
   </trkpt>
   <trkpt lat="37.7591040" lon="-122.4219210">
    <ele>17.6</ele>
    <time>2026-08-30T22:16:38Z</time>
   </trkpt>
   <trkpt lat="37.7591090" lon="-122.4219500">
    <ele>17.6</ele>
    <time>2026-08-30T22:16:39Z</time>
   </trkpt>
   <trkpt lat="37.7591110" lon="-122.4219780">
    <ele>17.6</ele>
    <time>2026-08-30T22:16:40Z</time>
   </trkpt>
   <trkpt lat="37.7591100" lon="-122.4220050">
    <ele>17.6</ele>
    <time>2026-08-30T22:16:41Z</time>
   </trkpt>
   <trkpt lat="37.7591070" lon="-122.4220270">
    <ele>17.6</ele>
    <time>2026-08-30T22:16:42Z</time>
   </trkpt>
   <trkpt lat="37.7591030" lon="-122.4220420">
    <ele>17.6</ele>
    <time>2026-08-30T22:16:43Z</time>
   </trkpt>
   <trkpt lat="37.7591010" lon="-122.4220510">
    <ele>17.6</ele>
    <time>2026-08-30T22:16:44Z</time>
   </trkpt>
   <trkpt lat="37.7590970" lon="-122.4220510">
    <ele>17.6</ele>
    <time>2026-08-30T22:16:45Z</time>
   </trkpt>
   <trkpt lat="37.7590860" lon="-122.4220410">
    <ele>17.6</ele>
    <time>2026-08-30T22:16:46Z</time>
   </trkpt>
   <trkpt lat="37.7590680" lon="-122.4220210">
    <ele>17.6</ele>
    <time>2026-08-30T22:16:47Z</time>
   </trkpt>
   <trkpt lat="37.7590420" lon="-122.4219870">
    <ele>17.7</ele>
    <time>2026-08-30T22:16:48Z</time>
   </trkpt>
   <trkpt lat="37.7590130" lon="-122.4219500">
    <ele>17.7</ele>
    <time>2026-08-30T22:16:49Z</time>
   </trkpt>
   <trkpt lat="37.7589830" lon="-122.4219140">
    <ele>17.8</ele>
    <time>2026-08-30T22:16:50Z</time>
   </trkpt>
   <trkpt lat="37.7589550" lon="-122.4218840">
    <ele>17.8</ele>
    <time>2026-08-30T22:16:51Z</time>
   </trkpt>
   <trkpt lat="37.7589280" lon="-122.4218580">
    <ele>17.8</ele>
    <time>2026-08-30T22:16:52Z</time>
   </trkpt>
   <trkpt lat="37.7589060" lon="-122.4218380">
    <ele>18.0</ele>
    <time>2026-08-30T22:16:53Z</time>
   </trkpt>
   <trkpt lat="37.7588910" lon="-122.4218250">
    <ele>18.0</ele>
    <time>2026-08-30T22:16:54Z</time>
   </trkpt>
   <trkpt lat="37.7588820" lon="-122.4218170">
    <ele>18.0</ele>
    <time>2026-08-30T22:16:55Z</time>
   </trkpt>
   <trkpt lat="37.7588770" lon="-122.4218130">
    <ele>18.1</ele>
    <time>2026-08-30T22:16:56Z</time>
   </trkpt>
   <trkpt lat="37.7588720" lon="-122.4218110">
    <ele>18.2</ele>
    <time>2026-08-30T22:16:57Z</time>
   </trkpt>
   <trkpt lat="37.7588720" lon="-122.4218100">
    <ele>18.2</ele>
    <time>2026-08-30T22:16:58Z</time>
   </trkpt>
   <trkpt lat="37.7588770" lon="-122.4218110">
    <ele>18.1</ele>
    <time>2026-08-30T22:16:59Z</time>
   </trkpt>
   <trkpt lat="37.7588870" lon="-122.4218160">
    <ele>18.0</ele>
    <time>2026-08-30T22:17:00Z</time>
   </trkpt>
   <trkpt lat="37.7588990" lon="-122.4218210">
    <ele>18.0</ele>
    <time>2026-08-30T22:17:01Z</time>
   </trkpt>
   <trkpt lat="37.7589140" lon="-122.4218260">
    <ele>17.9</ele>
    <time>2026-08-30T22:17:02Z</time>
   </trkpt>
   <trkpt lat="37.7589300" lon="-122.4218310">
    <ele>17.9</ele>
    <time>2026-08-30T22:17:03Z</time>
   </trkpt>
   <trkpt lat="37.7589420" lon="-122.4218350">
    <ele>17.9</ele>
    <time>2026-08-30T22:17:04Z</time>
   </trkpt>
   <trkpt lat="37.7589540" lon="-122.4218350">
    <ele>17.9</ele>
    <time>2026-08-30T22:17:05Z</time>
   </trkpt>
   <trkpt lat="37.7589650" lon="-122.4218320">
    <ele>17.9</ele>
    <time>2026-08-30T22:17:06Z</time>
   </trkpt>
   <trkpt lat="37.7589750" lon="-122.4218280">
    <ele>17.9</ele>
    <time>2026-08-30T22:17:07Z</time>
   </trkpt>
   <trkpt lat="37.7589840" lon="-122.4218260">
    <ele>17.9</ele>
    <time>2026-08-30T22:17:08Z</time>
   </trkpt>
   <trkpt lat="37.7589920" lon="-122.4218280">
    <ele>17.9</ele>
    <time>2026-08-30T22:17:09Z</time>
   </trkpt>
   <trkpt lat="37.7590000" lon="-122.4218320">
    <ele>17.9</ele>
    <time>2026-08-30T22:17:10Z</time>
   </trkpt>
   <trkpt lat="37.7590130" lon="-122.4218410">
    <ele>17.8</ele>
    <time>2026-08-30T22:17:11Z</time>
   </trkpt>
   <trkpt lat="37.7590190" lon="-122.4218540">
    <ele>17.8</ele>
    <time>2026-08-30T22:17:12Z</time>
   </trkpt>
   <trkpt lat="37.7590180" lon="-122.4218760">
    <ele>17.8</ele>
    <time>2026-08-30T22:17:13Z</time>
   </trkpt>
   <trkpt lat="37.7590130" lon="-122.4219080">
    <ele>17.7</ele>
    <time>2026-08-30T22:17:14Z</time>
   </trkpt>
   <trkpt lat="37.7590080" lon="-122.4219440">
    <ele>17.8</ele>
    <time>2026-08-30T22:17:15Z</time>
   </trkpt>
   <trkpt lat="37.7590000" lon="-122.4219780">
    <ele>17.8</ele>
    <time>2026-08-30T22:17:16Z</time>
   </trkpt>
   <trkpt lat="37.7589900" lon="-122.4220090">
    <ele>17.7</ele>
    <time>2026-08-30T22:17:17Z</time>
   </trkpt>
   <trkpt lat="37.7589760" lon="-122.4220360">
    <ele>17.7</ele>
    <time>2026-08-30T22:17:18Z</time>
   </trkpt>
   <trkpt lat="37.7589630" lon="-122.4220560">
    <ele>17.7</ele>
    <time>2026-08-30T22:17:19Z</time>
   </trkpt>
   <trkpt lat="37.7589540" lon="-122.4220760">
    <ele>17.7</ele>
    <time>2026-08-30T22:17:20Z</time>
   </trkpt>
   <trkpt lat="37.7589530" lon="-122.4220950">
    <ele>17.7</ele>
    <time>2026-08-30T22:17:21Z</time>
   </trkpt>
   <trkpt lat="37.7589600" lon="-122.4221140">
    <ele>17.7</ele>
    <time>2026-08-30T22:17:22Z</time>
   </trkpt>
   <trkpt lat="37.7589720" lon="-122.4221320">
    <ele>17.7</ele>
    <time>2026-08-30T22:17:23Z</time>
   </trkpt>
   <trkpt lat="37.7589890" lon="-122.4221460">
    <ele>17.7</ele>
    <time>2026-08-30T22:17:24Z</time>
   </trkpt>
   <trkpt lat="37.7590060" lon="-122.4221590">
    <ele>17.7</ele>
    <time>2026-08-30T22:17:25Z</time>
   </trkpt>
   <trkpt lat="37.7590240" lon="-122.4221680">
    <ele>17.6</ele>
    <time>2026-08-30T22:17:26Z</time>
   </trkpt>
   <trkpt lat="37.7590420" lon="-122.4221680">
    <ele>17.6</ele>
    <time>2026-08-30T22:17:27Z</time>
   </trkpt>
   <trkpt lat="37.7590600" lon="-122.4221580">
    <ele>17.6</ele>
    <time>2026-08-30T22:17:28Z</time>
   </trkpt>
   <trkpt lat="37.7590770" lon="-122.4221360">
    <ele>17.6</ele>
    <time>2026-08-30T22:17:29Z</time>
   </trkpt>
   <trkpt lat="37.7590900" lon="-122.4221130">
    <ele>17.6</ele>
    <time>2026-08-30T22:17:30Z</time>
   </trkpt>
   <trkpt lat="37.7590960" lon="-122.4220880">
    <ele>17.6</ele>
    <time>2026-08-30T22:17:31Z</time>
   </trkpt>
   <trkpt lat="37.7591000" lon="-122.4220640">
    <ele>17.6</ele>
    <time>2026-08-30T22:17:32Z</time>
   </trkpt>
   <trkpt lat="37.7591010" lon="-122.4220420">
    <ele>17.6</ele>
    <time>2026-08-30T22:17:33Z</time>
   </trkpt>
   <trkpt lat="37.7590990" lon="-122.4220260">
    <ele>17.6</ele>
    <time>2026-08-30T22:17:34Z</time>
   </trkpt>
   <trkpt lat="37.7590950" lon="-122.4220130">
    <ele>17.6</ele>
    <time>2026-08-30T22:17:35Z</time>
   </trkpt>
   <trkpt lat="37.7590920" lon="-122.4220030">
    <ele>17.6</ele>
    <time>2026-08-30T22:17:36Z</time>
   </trkpt>
   <trkpt lat="37.7590900" lon="-122.4219970">
    <ele>17.6</ele>
    <time>2026-08-30T22:17:37Z</time>
   </trkpt>
   <trkpt lat="37.7590890" lon="-122.4219970">
    <ele>17.6</ele>
    <time>2026-08-30T22:17:38Z</time>
   </trkpt>
   <trkpt lat="37.7590910" lon="-122.4220000">
    <ele>17.6</ele>
    <time>2026-08-30T22:17:39Z</time>
   </trkpt>
   <trkpt lat="37.7590940" lon="-122.4220100">
    <ele>17.6</ele>
    <time>2026-08-30T22:17:40Z</time>
   </trkpt>
   <trkpt lat="37.7590960" lon="-122.4220230">
    <ele>17.6</ele>
    <time>2026-08-30T22:17:41Z</time>
   </trkpt>
   <trkpt lat="37.7590960" lon="-122.4220350">
    <ele>17.6</ele>
    <time>2026-08-30T22:17:42Z</time>
   </trkpt>
   <trkpt lat="37.7590940" lon="-122.4220420">
    <ele>17.6</ele>
    <time>2026-08-30T22:17:43Z</time>
   </trkpt>
   <trkpt lat="37.7590890" lon="-122.4220440">
    <ele>17.6</ele>
    <time>2026-08-30T22:17:44Z</time>
   </trkpt>
   <trkpt lat="37.7590810" lon="-122.4220460">
    <ele>17.6</ele>
    <time>2026-08-30T22:17:45Z</time>
   </trkpt>
   <trkpt lat="37.7590730" lon="-122.4220470">
    <ele>17.6</ele>
    <time>2026-08-30T22:17:46Z</time>
   </trkpt>
   <trkpt lat="37.7590630" lon="-122.4220480">
    <ele>17.6</ele>
    <time>2026-08-30T22:17:47Z</time>
   </trkpt>
   <trkpt lat="37.7590510" lon="-122.4220460">
    <ele>17.6</ele>
    <time>2026-08-30T22:17:48Z</time>
   </trkpt>
   <trkpt lat="37.7590370" lon="-122.4220400">
    <ele>17.7</ele>
    <time>2026-08-30T22:17:49Z</time>
   </trkpt>
   <trkpt lat="37.7590220" lon="-122.4220250">
    <ele>17.7</ele>
    <time>2026-08-30T22:17:50Z</time>
   </trkpt>
   <trkpt lat="37.7590070" lon="-122.4220080">
    <ele>17.7</ele>
    <time>2026-08-30T22:17:51Z</time>
   </trkpt>
   <trkpt lat="37.7590070" lon="-122.4220080">
    <ele>17.7</ele>
    <time>2026-08-30T22:17:52Z</time>
   </trkpt>
   <trkpt lat="37.7589920" lon="-122.4219950">
    <ele>17.7</ele>
    <time>2026-08-30T22:17:53Z</time>
   </trkpt>
   <trkpt lat="37.7589790" lon="-122.4219890">
    <ele>17.7</ele>
    <time>2026-08-30T22:17:54Z</time>
   </trkpt>
   <trkpt lat="37.7589670" lon="-122.4219850">
    <ele>17.7</ele>
    <time>2026-08-30T22:17:55Z</time>
   </trkpt>
   <trkpt lat="37.7589580" lon="-122.4219830">
    <ele>17.7</ele>
    <time>2026-08-30T22:17:56Z</time>
   </trkpt>
   <trkpt lat="37.7589560" lon="-122.4219830">
    <ele>17.7</ele>
    <time>2026-08-30T22:17:57Z</time>
   </trkpt>
   <trkpt lat="37.7589580" lon="-122.4219830">
    <ele>17.7</ele>
    <time>2026-08-30T22:17:58Z</time>
   </trkpt>
   <trkpt lat="37.7589630" lon="-122.4219850">
    <ele>17.7</ele>
    <time>2026-08-30T22:17:59Z</time>
   </trkpt>
   <trkpt lat="37.7589830" lon="-122.4219850">
    <ele>17.7</ele>
    <time>2026-08-30T22:18:00Z</time>
   </trkpt>
   <trkpt lat="37.7589950" lon="-122.4219860">
    <ele>17.7</ele>
    <time>2026-08-30T22:18:01Z</time>
   </trkpt>
   <trkpt lat="37.7590050" lon="-122.4219900">
    <ele>17.7</ele>
    <time>2026-08-30T22:18:02Z</time>
   </trkpt>
   <trkpt lat="37.7590110" lon="-122.4219940">
    <ele>17.7</ele>
    <time>2026-08-30T22:18:03Z</time>
   </trkpt>
   <trkpt lat="37.7590130" lon="-122.4219950">
    <ele>17.7</ele>
    <time>2026-08-30T22:18:04Z</time>
   </trkpt>
   <trkpt lat="37.7590130" lon="-122.4219940">
    <ele>17.7</ele>
    <time>2026-08-30T22:18:05Z</time>
   </trkpt>
   <trkpt lat="37.7590110" lon="-122.4219940">
    <ele>17.7</ele>
    <time>2026-08-30T22:18:06Z</time>
   </trkpt>
   <trkpt lat="37.7590070" lon="-122.4219940">
    <ele>17.7</ele>
    <time>2026-08-30T22:18:07Z</time>
   </trkpt>
   <trkpt lat="37.7590050" lon="-122.4219930">
    <ele>17.7</ele>
    <time>2026-08-30T22:18:08Z</time>
   </trkpt>
   <trkpt lat="37.7589990" lon="-122.4219960">
    <ele>17.7</ele>
    <time>2026-08-30T22:18:09Z</time>
   </trkpt>
   <trkpt lat="37.7589870" lon="-122.4220030">
    <ele>17.7</ele>
    <time>2026-08-30T22:18:10Z</time>
   </trkpt>
   <trkpt lat="37.7589730" lon="-122.4220160">
    <ele>17.7</ele>
    <time>2026-08-30T22:18:11Z</time>
   </trkpt>
   <trkpt lat="37.7589610" lon="-122.4220320">
    <ele>17.7</ele>
    <time>2026-08-30T22:18:12Z</time>
   </trkpt>
   <trkpt lat="37.7589550" lon="-122.4220510">
    <ele>17.7</ele>
    <time>2026-08-30T22:18:13Z</time>
   </trkpt>
   <trkpt lat="37.7589510" lon="-122.4220680">
    <ele>17.7</ele>
    <time>2026-08-30T22:18:14Z</time>
   </trkpt>
   <trkpt lat="37.7589520" lon="-122.4220800">
    <ele>17.7</ele>
    <time>2026-08-30T22:18:15Z</time>
   </trkpt>
   <trkpt lat="37.7589610" lon="-122.4220840">
    <ele>17.7</ele>
    <time>2026-08-30T22:18:16Z</time>
   </trkpt>
   <trkpt lat="37.7589770" lon="-122.4220850">
    <ele>17.7</ele>
    <time>2026-08-30T22:18:17Z</time>
   </trkpt>
   <trkpt lat="37.7589960" lon="-122.4220820">
    <ele>17.7</ele>
    <time>2026-08-30T22:18:18Z</time>
   </trkpt>
   <trkpt lat="37.7590170" lon="-122.4220800">
    <ele>17.7</ele>
    <time>2026-08-30T22:18:19Z</time>
   </trkpt>
   <trkpt lat="37.7590370" lon="-122.4220790">
    <ele>17.7</ele>
    <time>2026-08-30T22:18:20Z</time>
   </trkpt>
   <trkpt lat="37.7590510" lon="-122.4220830">
    <ele>17.6</ele>
    <time>2026-08-30T22:18:21Z</time>
   </trkpt>
   <trkpt lat="37.7590590" lon="-122.4220910">
    <ele>17.6</ele>
    <time>2026-08-30T22:18:22Z</time>
   </trkpt>
   <trkpt lat="37.7590620" lon="-122.4221030">
    <ele>17.6</ele>
    <time>2026-08-30T22:18:23Z</time>
   </trkpt>
   <trkpt lat="37.7590570" lon="-122.4221100">
    <ele>17.6</ele>
    <time>2026-08-30T22:18:24Z</time>
   </trkpt>
   <trkpt lat="37.7590420" lon="-122.4221100">
    <ele>17.7</ele>
    <time>2026-08-30T22:18:25Z</time>
   </trkpt>
   <trkpt lat="37.7590260" lon="-122.4221100">
    <ele>17.7</ele>
    <time>2026-08-30T22:18:26Z</time>
   </trkpt>
   <trkpt lat="37.7590070" lon="-122.4221040">
    <ele>17.7</ele>
    <time>2026-08-30T22:18:27Z</time>
   </trkpt>
   <trkpt lat="37.7589830" lon="-122.4220910">
    <ele>17.7</ele>
    <time>2026-08-30T22:18:28Z</time>
   </trkpt>
   <trkpt lat="37.7589590" lon="-122.4220700">
    <ele>17.7</ele>
    <time>2026-08-30T22:18:29Z</time>
   </trkpt>
   <trkpt lat="37.7589370" lon="-122.4220430">
    <ele>17.7</ele>
    <time>2026-08-30T22:18:30Z</time>
   </trkpt>
   <trkpt lat="37.7589200" lon="-122.4220220">
    <ele>17.7</ele>
    <time>2026-08-30T22:18:31Z</time>
   </trkpt>
   <trkpt lat="37.7589070" lon="-122.4220110">
    <ele>17.9</ele>
    <time>2026-08-30T22:18:32Z</time>
   </trkpt>
   <trkpt lat="37.7588980" lon="-122.4220070">
    <ele>17.9</ele>
    <time>2026-08-30T22:18:33Z</time>
   </trkpt>
   <trkpt lat="37.7588870" lon="-122.4220070">
    <ele>17.9</ele>
    <time>2026-08-30T22:18:34Z</time>
   </trkpt>
   <trkpt lat="37.7588750" lon="-122.4220130">
    <ele>17.9</ele>
    <time>2026-08-30T22:18:35Z</time>
   </trkpt>
   <trkpt lat="37.7588670" lon="-122.4220210">
    <ele>18.2</ele>
    <time>2026-08-30T22:18:36Z</time>
   </trkpt>
   <trkpt lat="37.7588630" lon="-122.4220350">
    <ele>18.1</ele>
    <time>2026-08-30T22:18:37Z</time>
   </trkpt>
   <trkpt lat="37.7588660" lon="-122.4220510">
    <ele>18.1</ele>
    <time>2026-08-30T22:18:38Z</time>
   </trkpt>
   <trkpt lat="37.7588750" lon="-122.4220630">
    <ele>17.8</ele>
    <time>2026-08-30T22:18:39Z</time>
   </trkpt>
   <trkpt lat="37.7588900" lon="-122.4220720">
    <ele>17.8</ele>
    <time>2026-08-30T22:18:40Z</time>
   </trkpt>
   <trkpt lat="37.7589130" lon="-122.4220800">
    <ele>17.7</ele>
    <time>2026-08-30T22:18:41Z</time>
   </trkpt>
   <trkpt lat="37.7589380" lon="-122.4220860">
    <ele>17.7</ele>
    <time>2026-08-30T22:18:42Z</time>
   </trkpt>
   <trkpt lat="37.7589650" lon="-122.4220910">
    <ele>17.7</ele>
    <time>2026-08-30T22:18:43Z</time>
   </trkpt>
   <trkpt lat="37.7589890" lon="-122.4220950">
    <ele>17.7</ele>
    <time>2026-08-30T22:18:44Z</time>
   </trkpt>
   <trkpt lat="37.7590080" lon="-122.4220950">
    <ele>17.7</ele>
    <time>2026-08-30T22:18:45Z</time>
   </trkpt>
   <trkpt lat="37.7590220" lon="-122.4220950">
    <ele>17.7</ele>
    <time>2026-08-30T22:18:46Z</time>
   </trkpt>
   <trkpt lat="37.7590280" lon="-122.4220940">
    <ele>17.7</ele>
    <time>2026-08-30T22:18:47Z</time>
   </trkpt>
   <trkpt lat="37.7590280" lon="-122.4220920">
    <ele>17.7</ele>
    <time>2026-08-30T22:18:48Z</time>
   </trkpt>
   <trkpt lat="37.7590310" lon="-122.4220920">
    <ele>17.7</ele>
    <time>2026-08-30T22:18:49Z</time>
   </trkpt>
   <trkpt lat="37.7590320" lon="-122.4220910">
    <ele>17.7</ele>
    <time>2026-08-30T22:18:50Z</time>
   </trkpt>
   <trkpt lat="37.7590310" lon="-122.4220920">
    <ele>17.7</ele>
    <time>2026-08-30T22:18:51Z</time>
   </trkpt>
   <trkpt lat="37.7590280" lon="-122.4221010">
    <ele>17.7</ele>
    <time>2026-08-30T22:18:52Z</time>
   </trkpt>
   <trkpt lat="37.7590260" lon="-122.4221190">
    <ele>17.7</ele>
    <time>2026-08-30T22:18:53Z</time>
   </trkpt>
   <trkpt lat="37.7590200" lon="-122.4221450">
    <ele>17.7</ele>
    <time>2026-08-30T22:18:54Z</time>
   </trkpt>
   <trkpt lat="37.7590110" lon="-122.4221760">
    <ele>17.6</ele>
    <time>2026-08-30T22:18:55Z</time>
   </trkpt>
   <trkpt lat="37.7590010" lon="-122.4222030">
    <ele>17.7</ele>
    <time>2026-08-30T22:18:56Z</time>
   </trkpt>
   <trkpt lat="37.7589910" lon="-122.4222250">
    <ele>17.7</ele>
    <time>2026-08-30T22:18:57Z</time>
   </trkpt>
   <trkpt lat="37.7589800" lon="-122.4222410">
    <ele>17.7</ele>
    <time>2026-08-30T22:18:58Z</time>
   </trkpt>
   <trkpt lat="37.7589710" lon="-122.4222450">
    <ele>17.6</ele>
    <time>2026-08-30T22:18:59Z</time>
   </trkpt>
   <trkpt lat="37.7589630" lon="-122.4222430">
    <ele>17.6</ele>
    <time>2026-08-30T22:19:00Z</time>
   </trkpt>
   <trkpt lat="37.7589520" lon="-122.4222390">
    <ele>17.6</ele>
    <time>2026-08-30T22:19:01Z</time>
   </trkpt>
   <trkpt lat="37.7589360" lon="-122.4222280">
    <ele>17.6</ele>
    <time>2026-08-30T22:19:02Z</time>
   </trkpt>
   <trkpt lat="37.7589150" lon="-122.4222140">
    <ele>17.6</ele>
    <time>2026-08-30T22:19:03Z</time>
   </trkpt>
   <trkpt lat="37.7588910" lon="-122.4221950">
    <ele>17.8</ele>
    <time>2026-08-30T22:19:04Z</time>
   </trkpt>
   <trkpt lat="37.7588670" lon="-122.4221710">
    <ele>18.2</ele>
    <time>2026-08-30T22:19:05Z</time>
   </trkpt>
   <trkpt lat="37.7588500" lon="-122.4221410">
    <ele>18.1</ele>
    <time>2026-08-30T22:19:06Z</time>
   </trkpt>
   <trkpt lat="37.7588430" lon="-122.4221080">
    <ele>18.1</ele>
    <time>2026-08-30T22:19:07Z</time>
   </trkpt>
   <trkpt lat="37.7588430" lon="-122.4220780">
    <ele>18.1</ele>
    <time>2026-08-30T22:19:08Z</time>
   </trkpt>
   <trkpt lat="37.7588540" lon="-122.4220490">
    <ele>18.1</ele>
    <time>2026-08-30T22:19:09Z</time>
   </trkpt>
   <trkpt lat="37.7588680" lon="-122.4220230">
    <ele>18.2</ele>
    <time>2026-08-30T22:19:10Z</time>
   </trkpt>
   <trkpt lat="37.7588860" lon="-122.4220030">
    <ele>17.9</ele>
    <time>2026-08-30T22:19:11Z</time>
   </trkpt>
   <trkpt lat="37.7589020" lon="-122.4219860">
    <ele>17.9</ele>
    <time>2026-08-30T22:19:12Z</time>
   </trkpt>
   <trkpt lat="37.7589180" lon="-122.4219700">
    <ele>17.8</ele>
    <time>2026-08-30T22:19:13Z</time>
   </trkpt>
   <trkpt lat="37.7589270" lon="-122.4219620">
    <ele>17.8</ele>
    <time>2026-08-30T22:19:14Z</time>
   </trkpt>
   <trkpt lat="37.7589350" lon="-122.4219560">
    <ele>17.8</ele>
    <time>2026-08-30T22:19:15Z</time>
   </trkpt>
   <trkpt lat="37.7589430" lon="-122.4219530">
    <ele>17.7</ele>
    <time>2026-08-30T22:19:16Z</time>
   </trkpt>
   <trkpt lat="37.7589500" lon="-122.4219500">
    <ele>17.7</ele>
    <time>2026-08-30T22:19:17Z</time>
   </trkpt>
   <trkpt lat="37.7589600" lon="-122.4219520">
    <ele>17.7</ele>
    <time>2026-08-30T22:19:18Z</time>
   </trkpt>
   <trkpt lat="37.7589690" lon="-122.4219560">
    <ele>17.7</ele>
    <time>2026-08-30T22:19:19Z</time>
   </trkpt>
   <trkpt lat="37.7589780" lon="-122.4219640">
    <ele>17.8</ele>
    <time>2026-08-30T22:19:20Z</time>
   </trkpt>
   <trkpt lat="37.7589830" lon="-122.4219790">
    <ele>17.8</ele>
    <time>2026-08-30T22:19:21Z</time>
   </trkpt>
   <trkpt lat="37.7589870" lon="-122.4219930">
    <ele>17.7</ele>
    <time>2026-08-30T22:19:22Z</time>
   </trkpt>
   <trkpt lat="37.7589940" lon="-122.4220030">
    <ele>17.7</ele>
    <time>2026-08-30T22:19:23Z</time>
   </trkpt>
   <trkpt lat="37.7590020" lon="-122.4220130">
    <ele>17.7</ele>
    <time>2026-08-30T22:19:24Z</time>
   </trkpt>
   <trkpt lat="37.7590020" lon="-122.4220240">
    <ele>17.7</ele>
    <time>2026-08-30T22:19:25Z</time>
   </trkpt>
   <trkpt lat="37.7589980" lon="-122.4220310">
    <ele>17.7</ele>
    <time>2026-08-30T22:19:26Z</time>
   </trkpt>
   <trkpt lat="37.7589880" lon="-122.4220370">
    <ele>17.7</ele>
    <time>2026-08-30T22:19:27Z</time>
   </trkpt>
   <trkpt lat="37.7589780" lon="-122.4220390">
    <ele>17.7</ele>
    <time>2026-08-30T22:19:28Z</time>
   </trkpt>
   <trkpt lat="37.7589670" lon="-122.4220430">
    <ele>17.7</ele>
    <time>2026-08-30T22:19:29Z</time>
   </trkpt>
   <trkpt lat="37.7589620" lon="-122.4220440">
    <ele>17.7</ele>
    <time>2026-08-30T22:19:30Z</time>
   </trkpt>
   <trkpt lat="37.7589630" lon="-122.4220440">
    <ele>17.7</ele>
    <time>2026-08-30T22:19:31Z</time>
   </trkpt>
   <trkpt lat="37.7589730" lon="-122.4220430">
    <ele>17.7</ele>
    <time>2026-08-30T22:19:32Z</time>
   </trkpt>
   <trkpt lat="37.7589730" lon="-122.4220430">
    <ele>17.7</ele>
    <time>2026-08-30T22:19:33Z</time>
   </trkpt>
   <trkpt lat="37.7589850" lon="-122.4220410">
    <ele>17.7</ele>
    <time>2026-08-30T22:19:34Z</time>
   </trkpt>
   <trkpt lat="37.7589960" lon="-122.4220400">
    <ele>17.7</ele>
    <time>2026-08-30T22:19:35Z</time>
   </trkpt>
   <trkpt lat="37.7590030" lon="-122.4220370">
    <ele>17.7</ele>
    <time>2026-08-30T22:19:36Z</time>
   </trkpt>
   <trkpt lat="37.7590110" lon="-122.4220350">
    <ele>17.7</ele>
    <time>2026-08-30T22:19:37Z</time>
   </trkpt>
   <trkpt lat="37.7590160" lon="-122.4220380">
    <ele>17.7</ele>
    <time>2026-08-30T22:19:38Z</time>
   </trkpt>
   <trkpt lat="37.7590170" lon="-122.4220460">
    <ele>17.7</ele>
    <time>2026-08-30T22:19:39Z</time>
   </trkpt>
   <trkpt lat="37.7590160" lon="-122.4220540">
    <ele>17.7</ele>
    <time>2026-08-30T22:19:40Z</time>
   </trkpt>
   <trkpt lat="37.7590010" lon="-122.4220630">
    <ele>17.7</ele>
    <time>2026-08-30T22:19:41Z</time>
   </trkpt>
   <trkpt lat="37.7589910" lon="-122.4220650">
    <ele>17.7</ele>
    <time>2026-08-30T22:19:42Z</time>
   </trkpt>
   <trkpt lat="37.7589810" lon="-122.4220660">
    <ele>17.7</ele>
    <time>2026-08-30T22:19:43Z</time>
   </trkpt>
   <trkpt lat="37.7589750" lon="-122.4220670">
    <ele>17.7</ele>
    <time>2026-08-30T22:19:44Z</time>
   </trkpt>
   <trkpt lat="37.7589700" lon="-122.4220710">
    <ele>17.7</ele>
    <time>2026-08-30T22:19:45Z</time>
   </trkpt>
   <trkpt lat="37.7589710" lon="-122.4220810">
    <ele>17.7</ele>
    <time>2026-08-30T22:19:46Z</time>
   </trkpt>
   <trkpt lat="37.7589740" lon="-122.4221000">
    <ele>17.7</ele>
    <time>2026-08-30T22:19:47Z</time>
   </trkpt>
   <trkpt lat="37.7589760" lon="-122.4221270">
    <ele>17.7</ele>
    <time>2026-08-30T22:19:48Z</time>
   </trkpt>
   <trkpt lat="37.7589830" lon="-122.4221580">
    <ele>17.7</ele>
    <time>2026-08-30T22:19:49Z</time>
   </trkpt>
   <trkpt lat="37.7589900" lon="-122.4221930">
    <ele>17.7</ele>
    <time>2026-08-30T22:19:50Z</time>
   </trkpt>
   <trkpt lat="37.7590000" lon="-122.4222290">
    <ele>17.7</ele>
    <time>2026-08-30T22:19:51Z</time>
   </trkpt>
   <trkpt lat="37.7590080" lon="-122.4222610">
    <ele>17.6</ele>
    <time>2026-08-30T22:19:52Z</time>
   </trkpt>
   <trkpt lat="37.7590170" lon="-122.4222900">
    <ele>17.6</ele>
    <time>2026-08-30T22:19:53Z</time>
   </trkpt>
   <trkpt lat="37.7590260" lon="-122.4223110">
    <ele>17.6</ele>
    <time>2026-08-30T22:19:54Z</time>
   </trkpt>
   <trkpt lat="37.7590350" lon="-122.4223230">
    <ele>17.6</ele>
    <time>2026-08-30T22:19:55Z</time>
   </trkpt>
   <trkpt lat="37.7590400" lon="-122.4223270">
    <ele>17.6</ele>
    <time>2026-08-30T22:19:56Z</time>
   </trkpt>
   <trkpt lat="37.7590420" lon="-122.4223300">
    <ele>17.6</ele>
    <time>2026-08-30T22:19:57Z</time>
   </trkpt>
   <trkpt lat="37.7590390" lon="-122.4223310">
    <ele>17.6</ele>
    <time>2026-08-30T22:19:58Z</time>
   </trkpt>
   <trkpt lat="37.7590320" lon="-122.4223280">
    <ele>17.6</ele>
    <time>2026-08-30T22:19:59Z</time>
   </trkpt>
   <trkpt lat="37.7590230" lon="-122.4223210">
    <ele>17.6</ele>
    <time>2026-08-30T22:20:00Z</time>
   </trkpt>
   <trkpt lat="37.7590140" lon="-122.4223110">
    <ele>17.6</ele>
    <time>2026-08-30T22:20:01Z</time>
   </trkpt>
   <trkpt lat="37.7590050" lon="-122.4223000">
    <ele>17.6</ele>
    <time>2026-08-30T22:20:02Z</time>
   </trkpt>
   <trkpt lat="37.7589940" lon="-122.4222860">
    <ele>17.6</ele>
    <time>2026-08-30T22:20:03Z</time>
   </trkpt>
   <trkpt lat="37.7589860" lon="-122.4222710">
    <ele>17.6</ele>
    <time>2026-08-30T22:20:04Z</time>
   </trkpt>
   <trkpt lat="37.7589780" lon="-122.4222600">
    <ele>17.6</ele>
    <time>2026-08-30T22:20:05Z</time>
   </trkpt>
   <trkpt lat="37.7589680" lon="-122.4222520">
    <ele>17.6</ele>
    <time>2026-08-30T22:20:06Z</time>
   </trkpt>
   <trkpt lat="37.7589560" lon="-122.4222480">
    <ele>17.6</ele>
    <time>2026-08-30T22:20:07Z</time>
   </trkpt>
   <trkpt lat="37.7589430" lon="-122.4222460">
    <ele>17.6</ele>
    <time>2026-08-30T22:20:08Z</time>
   </trkpt>
   <trkpt lat="37.7589310" lon="-122.4222470">
    <ele>17.6</ele>
    <time>2026-08-30T22:20:09Z</time>
   </trkpt>
   <trkpt lat="37.7589150" lon="-122.4222500">
    <ele>17.6</ele>
    <time>2026-08-30T22:20:10Z</time>
   </trkpt>
   <trkpt lat="37.7589020" lon="-122.4222520">
    <ele>17.7</ele>
    <time>2026-08-30T22:20:11Z</time>
   </trkpt>
   <trkpt lat="37.7588950" lon="-122.4222510">
    <ele>17.7</ele>
    <time>2026-08-30T22:20:12Z</time>
   </trkpt>
   <trkpt lat="37.7588910" lon="-122.4222440">
    <ele>17.7</ele>
    <time>2026-08-30T22:20:13Z</time>
   </trkpt>
   <trkpt lat="37.7588840" lon="-122.4222300">
    <ele>17.8</ele>
    <time>2026-08-30T22:20:14Z</time>
   </trkpt>
   <trkpt lat="37.7588800" lon="-122.4222130">
    <ele>17.8</ele>
    <time>2026-08-30T22:20:15Z</time>
   </trkpt>
   <trkpt lat="37.7588780" lon="-122.4221950">
    <ele>17.8</ele>
    <time>2026-08-30T22:20:16Z</time>
   </trkpt>
   <trkpt lat="37.7588770" lon="-122.4221750">
    <ele>17.8</ele>
    <time>2026-08-30T22:20:17Z</time>
   </trkpt>
   <trkpt lat="37.7588780" lon="-122.4221560">
    <ele>17.8</ele>
    <time>2026-08-30T22:20:18Z</time>
   </trkpt>
   <trkpt lat="37.7588800" lon="-122.4221370">
    <ele>17.8</ele>
    <time>2026-08-30T22:20:19Z</time>
   </trkpt>
   <trkpt lat="37.7588850" lon="-122.4221220">
    <ele>17.8</ele>
    <time>2026-08-30T22:20:20Z</time>
   </trkpt>
   <trkpt lat="37.7588920" lon="-122.4221140">
    <ele>17.8</ele>
    <time>2026-08-30T22:20:21Z</time>
   </trkpt>
   <trkpt lat="37.7589000" lon="-122.4221100">
    <ele>17.8</ele>
    <time>2026-08-30T22:20:22Z</time>
   </trkpt>
   <trkpt lat="37.7589100" lon="-122.4221090">
    <ele>17.7</ele>
    <time>2026-08-30T22:20:23Z</time>
   </trkpt>
   <trkpt lat="37.7589230" lon="-122.4221110">
    <ele>17.7</ele>
    <time>2026-08-30T22:20:24Z</time>
   </trkpt>
   <trkpt lat="37.7589400" lon="-122.4221140">
    <ele>17.7</ele>
    <time>2026-08-30T22:20:25Z</time>
   </trkpt>
   <trkpt lat="37.7589600" lon="-122.4221160">
    <ele>17.7</ele>
    <time>2026-08-30T22:20:26Z</time>
   </trkpt>
   <trkpt lat="37.7589860" lon="-122.4221150">
    <ele>17.7</ele>
    <time>2026-08-30T22:20:27Z</time>
   </trkpt>
   <trkpt lat="37.7590180" lon="-122.4221120">
    <ele>17.7</ele>
    <time>2026-08-30T22:20:28Z</time>
   </trkpt>
   <trkpt lat="37.7590530" lon="-122.4221090">
    <ele>17.6</ele>
    <time>2026-08-30T22:20:29Z</time>
   </trkpt>
   <trkpt lat="37.7590930" lon="-122.4221050">
    <ele>17.6</ele>
    <time>2026-08-30T22:20:30Z</time>
   </trkpt>
   <trkpt lat="37.7591340" lon="-122.4220960">
    <ele>17.6</ele>
    <time>2026-08-30T22:20:31Z</time>
   </trkpt>
   <trkpt lat="37.7591710" lon="-122.4220850">
    <ele>17.5</ele>
    <time>2026-08-30T22:20:32Z</time>
   </trkpt>
   <trkpt lat="37.7592060" lon="-122.4220750">
    <ele>17.5</ele>
    <time>2026-08-30T22:20:33Z</time>
   </trkpt>
   <trkpt lat="37.7592410" lon="-122.4220670">
    <ele>17.4</ele>
    <time>2026-08-30T22:20:34Z</time>
   </trkpt>
   <trkpt lat="37.7592740" lon="-122.4220610">
    <ele>17.1</ele>
    <time>2026-08-30T22:20:35Z</time>
   </trkpt>
   <trkpt lat="37.7593000" lon="-122.4220560">
    <ele>16.9</ele>
    <time>2026-08-30T22:20:36Z</time>
   </trkpt>
   <trkpt lat="37.7593160" lon="-122.4220540">
    <ele>16.9</ele>
    <time>2026-08-30T22:20:37Z</time>
   </trkpt>
   <trkpt lat="37.7593240" lon="-122.4220520">
    <ele>16.9</ele>
    <time>2026-08-30T22:20:38Z</time>
   </trkpt>
   <trkpt lat="37.7593280" lon="-122.4220500">
    <ele>16.9</ele>
    <time>2026-08-30T22:20:39Z</time>
   </trkpt>
   <trkpt lat="37.7593280" lon="-122.4220470">
    <ele>16.9</ele>
    <time>2026-08-30T22:20:40Z</time>
   </trkpt>
   <trkpt lat="37.7593270" lon="-122.4220430">
    <ele>16.9</ele>
    <time>2026-08-30T22:20:41Z</time>
   </trkpt>
   <trkpt lat="37.7593260" lon="-122.4220350">
    <ele>16.9</ele>
    <time>2026-08-30T22:20:42Z</time>
   </trkpt>
   <trkpt lat="37.7593260" lon="-122.4220270">
    <ele>17.0</ele>
    <time>2026-08-30T22:20:43Z</time>
   </trkpt>
   <trkpt lat="37.7593250" lon="-122.4220180">
    <ele>17.0</ele>
    <time>2026-08-30T22:20:44Z</time>
   </trkpt>
   <trkpt lat="37.7593210" lon="-122.4220080">
    <ele>17.0</ele>
    <time>2026-08-30T22:20:45Z</time>
   </trkpt>
   <trkpt lat="37.7593110" lon="-122.4220010">
    <ele>17.0</ele>
    <time>2026-08-30T22:20:46Z</time>
   </trkpt>
   <trkpt lat="37.7592920" lon="-122.4219970">
    <ele>17.0</ele>
    <time>2026-08-30T22:20:47Z</time>
   </trkpt>
   <trkpt lat="37.7592620" lon="-122.4219960">
    <ele>17.1</ele>
    <time>2026-08-30T22:20:48Z</time>
   </trkpt>
   <trkpt lat="37.7592310" lon="-122.4220010">
    <ele>17.4</ele>
    <time>2026-08-30T22:20:49Z</time>
   </trkpt>
   <trkpt lat="37.7592010" lon="-122.4220070">
    <ele>17.5</ele>
    <time>2026-08-30T22:20:50Z</time>
   </trkpt>
   <trkpt lat="37.7591720" lon="-122.4220140">
    <ele>17.6</ele>
    <time>2026-08-30T22:20:51Z</time>
   </trkpt>
   <trkpt lat="37.7591490" lon="-122.4220210">
    <ele>17.6</ele>
    <time>2026-08-30T22:20:52Z</time>
   </trkpt>
   <trkpt lat="37.7591340" lon="-122.4220270">
    <ele>17.6</ele>
    <time>2026-08-30T22:20:53Z</time>
   </trkpt>
   <trkpt lat="37.7591270" lon="-122.4220340">
    <ele>17.6</ele>
    <time>2026-08-30T22:20:54Z</time>
   </trkpt>
   <trkpt lat="37.7591270" lon="-122.4220340">
    <ele>17.6</ele>
    <time>2026-08-30T22:20:55Z</time>
   </trkpt>
   <trkpt lat="37.7591310" lon="-122.4220280">
    <ele>17.6</ele>
    <time>2026-08-30T22:20:56Z</time>
   </trkpt>
   <trkpt lat="37.7591370" lon="-122.4220190">
    <ele>17.6</ele>
    <time>2026-08-30T22:20:57Z</time>
   </trkpt>
   <trkpt lat="37.7591380" lon="-122.4220100">
    <ele>17.6</ele>
    <time>2026-08-30T22:20:58Z</time>
   </trkpt>
   <trkpt lat="37.7591380" lon="-122.4220040">
    <ele>17.6</ele>
    <time>2026-08-30T22:20:59Z</time>
   </trkpt>
   <trkpt lat="37.7591330" lon="-122.4219970">
    <ele>17.6</ele>
    <time>2026-08-30T22:21:00Z</time>
   </trkpt>
   <trkpt lat="37.7591260" lon="-122.4219930">
    <ele>17.6</ele>
    <time>2026-08-30T22:21:01Z</time>
   </trkpt>
   <trkpt lat="37.7591210" lon="-122.4219960">
    <ele>17.6</ele>
    <time>2026-08-30T22:21:02Z</time>
   </trkpt>
   <trkpt lat="37.7591190" lon="-122.4220030">
    <ele>17.6</ele>
    <time>2026-08-30T22:21:03Z</time>
   </trkpt>
   <trkpt lat="37.7591220" lon="-122.4220130">
    <ele>17.6</ele>
    <time>2026-08-30T22:21:04Z</time>
   </trkpt>
   <trkpt lat="37.7591260" lon="-122.4220250">
    <ele>17.6</ele>
    <time>2026-08-30T22:21:05Z</time>
   </trkpt>
   <trkpt lat="37.7591310" lon="-122.4220370">
    <ele>17.6</ele>
    <time>2026-08-30T22:21:06Z</time>
   </trkpt>
   <trkpt lat="37.7591360" lon="-122.4220450">
    <ele>17.6</ele>
    <time>2026-08-30T22:21:07Z</time>
   </trkpt>
   <trkpt lat="37.7591410" lon="-122.4220510">
    <ele>17.6</ele>
    <time>2026-08-30T22:21:08Z</time>
   </trkpt>
   <trkpt lat="37.7591500" lon="-122.4220520">
    <ele>17.6</ele>
    <time>2026-08-30T22:21:09Z</time>
   </trkpt>
   <trkpt lat="37.7591620" lon="-122.4220500">
    <ele>17.6</ele>
    <time>2026-08-30T22:21:10Z</time>
   </trkpt>
   <trkpt lat="37.7591740" lon="-122.4220430">
    <ele>17.6</ele>
    <time>2026-08-30T22:21:11Z</time>
   </trkpt>
   <trkpt lat="37.7591830" lon="-122.4220350">
    <ele>17.5</ele>
    <time>2026-08-30T22:21:12Z</time>
   </trkpt>
   <trkpt lat="37.7591910" lon="-122.4220260">
    <ele>17.5</ele>
    <time>2026-08-30T22:21:13Z</time>
   </trkpt>
   <trkpt lat="37.7591970" lon="-122.4220180">
    <ele>17.5</ele>
    <time>2026-08-30T22:21:14Z</time>
   </trkpt>
   <trkpt lat="37.7591980" lon="-122.4220110">
    <ele>17.5</ele>
    <time>2026-08-30T22:21:15Z</time>
   </trkpt>
   <trkpt lat="37.7591980" lon="-122.4220110">
    <ele>17.5</ele>
    <time>2026-08-30T22:21:16Z</time>
   </trkpt>
   <trkpt lat="37.7591910" lon="-122.4220040">
    <ele>17.5</ele>
    <time>2026-08-30T22:21:17Z</time>
   </trkpt>
   <trkpt lat="37.7591790" lon="-122.4219980">
    <ele>17.6</ele>
    <time>2026-08-30T22:21:18Z</time>
   </trkpt>
   <trkpt lat="37.7591660" lon="-122.4219900">
    <ele>17.6</ele>
    <time>2026-08-30T22:21:19Z</time>
   </trkpt>
   <trkpt lat="37.7591550" lon="-122.4219830">
    <ele>17.6</ele>
    <time>2026-08-30T22:21:20Z</time>
   </trkpt>
   <trkpt lat="37.7591470" lon="-122.4219770">
    <ele>17.6</ele>
    <time>2026-08-30T22:21:21Z</time>
   </trkpt>
   <trkpt lat="37.7591400" lon="-122.4219700">
    <ele>17.6</ele>
    <time>2026-08-30T22:21:22Z</time>
   </trkpt>
   <trkpt lat="37.7591350" lon="-122.4219640">
    <ele>17.6</ele>
    <time>2026-08-30T22:21:23Z</time>
   </trkpt>
   <trkpt lat="37.7591190" lon="-122.4219540">
    <ele>17.6</ele>
    <time>2026-08-30T22:21:24Z</time>
   </trkpt>
   <trkpt lat="37.7591120" lon="-122.4219480">
    <ele>17.6</ele>
    <time>2026-08-30T22:21:25Z</time>
   </trkpt>
   <trkpt lat="37.7591070" lon="-122.4219440">
    <ele>17.6</ele>
    <time>2026-08-30T22:21:26Z</time>
   </trkpt>
   <trkpt lat="37.7591040" lon="-122.4219390">
    <ele>17.6</ele>
    <time>2026-08-30T22:21:27Z</time>
   </trkpt>
   <trkpt lat="37.7591020" lon="-122.4219330">
    <ele>17.6</ele>
    <time>2026-08-30T22:21:28Z</time>
   </trkpt>
   <trkpt lat="37.7591050" lon="-122.4219270">
    <ele>17.6</ele>
    <time>2026-08-30T22:21:29Z</time>
   </trkpt>
   <trkpt lat="37.7591100" lon="-122.4219200">
    <ele>17.6</ele>
    <time>2026-08-30T22:21:30Z</time>
   </trkpt>
   <trkpt lat="37.7591150" lon="-122.4219140">
    <ele>17.6</ele>
    <time>2026-08-30T22:21:31Z</time>
   </trkpt>
   <trkpt lat="37.7591180" lon="-122.4219130">
    <ele>17.6</ele>
    <time>2026-08-30T22:21:32Z</time>
   </trkpt>
   <trkpt lat="37.7591160" lon="-122.4219150">
    <ele>17.6</ele>
    <time>2026-08-30T22:21:33Z</time>
   </trkpt>
   <trkpt lat="37.7591100" lon="-122.4219180">
    <ele>17.6</ele>
    <time>2026-08-30T22:21:34Z</time>
   </trkpt>
   <trkpt lat="37.7591000" lon="-122.4219210">
    <ele>17.6</ele>
    <time>2026-08-30T22:21:35Z</time>
   </trkpt>
   <trkpt lat="37.7590880" lon="-122.4219240">
    <ele>17.6</ele>
    <time>2026-08-30T22:21:36Z</time>
   </trkpt>
   <trkpt lat="37.7590780" lon="-122.4219280">
    <ele>17.7</ele>
    <time>2026-08-30T22:21:37Z</time>
   </trkpt>
   <trkpt lat="37.7590690" lon="-122.4219360">
    <ele>17.7</ele>
    <time>2026-08-30T22:21:38Z</time>
   </trkpt>
   <trkpt lat="37.7590610" lon="-122.4219430">
    <ele>17.7</ele>
    <time>2026-08-30T22:21:39Z</time>
   </trkpt>
   <trkpt lat="37.7590530" lon="-122.4219470">
    <ele>17.7</ele>
    <time>2026-08-30T22:21:40Z</time>
   </trkpt>
   <trkpt lat="37.7590440" lon="-122.4219460">
    <ele>17.7</ele>
    <time>2026-08-30T22:21:41Z</time>
   </trkpt>
   <trkpt lat="37.7590340" lon="-122.4219390">
    <ele>17.7</ele>
    <time>2026-08-30T22:21:42Z</time>
   </trkpt>
   <trkpt lat="37.7590250" lon="-122.4219340">
    <ele>17.7</ele>
    <time>2026-08-30T22:21:43Z</time>
   </trkpt>
   <trkpt lat="37.7590200" lon="-122.4219320">
    <ele>17.7</ele>
    <time>2026-08-30T22:21:44Z</time>
   </trkpt>
   <trkpt lat="37.7590180" lon="-122.4219320">
    <ele>17.7</ele>
    <time>2026-08-30T22:21:45Z</time>
   </trkpt>
   <trkpt lat="37.7590190" lon="-122.4219360">
    <ele>17.7</ele>
    <time>2026-08-30T22:21:46Z</time>
   </trkpt>
   <trkpt lat="37.7590250" lon="-122.4219390">
    <ele>17.7</ele>
    <time>2026-08-30T22:21:47Z</time>
   </trkpt>
   <trkpt lat="37.7590270" lon="-122.4219400">
    <ele>17.7</ele>
    <time>2026-08-30T22:21:48Z</time>
   </trkpt>
   <trkpt lat="37.7590240" lon="-122.4219360">
    <ele>17.7</ele>
    <time>2026-08-30T22:21:49Z</time>
   </trkpt>
   <trkpt lat="37.7590150" lon="-122.4219300">
    <ele>17.7</ele>
    <time>2026-08-30T22:21:50Z</time>
   </trkpt>
   <trkpt lat="37.7590020" lon="-122.4219230">
    <ele>17.8</ele>
    <time>2026-08-30T22:21:51Z</time>
   </trkpt>
   <trkpt lat="37.7589870" lon="-122.4219180">
    <ele>17.8</ele>
    <time>2026-08-30T22:21:52Z</time>
   </trkpt>
   <trkpt lat="37.7589740" lon="-122.4219130">
    <ele>17.7</ele>
    <time>2026-08-30T22:21:53Z</time>
   </trkpt>
   <trkpt lat="37.7589600" lon="-122.4219100">
    <ele>17.7</ele>
    <time>2026-08-30T22:21:54Z</time>
   </trkpt>
   <trkpt lat="37.7589470" lon="-122.4219070">
    <ele>17.7</ele>
    <time>2026-08-30T22:21:55Z</time>
   </trkpt>
   <trkpt lat="37.7589350" lon="-122.4219080">
    <ele>17.8</ele>
    <time>2026-08-30T22:21:56Z</time>
   </trkpt>
   <trkpt lat="37.7589250" lon="-122.4219100">
    <ele>17.8</ele>
    <time>2026-08-30T22:21:57Z</time>
   </trkpt>
   <trkpt lat="37.7589160" lon="-122.4219140">
    <ele>17.8</ele>
    <time>2026-08-30T22:21:58Z</time>
   </trkpt>
   <trkpt lat="37.7589070" lon="-122.4219210">
    <ele>18.0</ele>
    <time>2026-08-30T22:21:59Z</time>
   </trkpt>
   <trkpt lat="37.7589000" lon="-122.4219290">
    <ele>18.0</ele>
    <time>2026-08-30T22:22:00Z</time>
   </trkpt>
   <trkpt lat="37.7588980" lon="-122.4219370">
    <ele>18.0</ele>
    <time>2026-08-30T22:22:01Z</time>
   </trkpt>
   <trkpt lat="37.7588990" lon="-122.4219420">
    <ele>18.0</ele>
    <time>2026-08-30T22:22:02Z</time>
   </trkpt>
   <trkpt lat="37.7589010" lon="-122.4219440">
    <ele>18.0</ele>
    <time>2026-08-30T22:22:03Z</time>
   </trkpt>
   <trkpt lat="37.7589010" lon="-122.4219430">
    <ele>18.0</ele>
    <time>2026-08-30T22:22:04Z</time>
   </trkpt>
   <trkpt lat="37.7589020" lon="-122.4219410">
    <ele>18.0</ele>
    <time>2026-08-30T22:22:05Z</time>
   </trkpt>
   <trkpt lat="37.7589090" lon="-122.4219390">
    <ele>17.8</ele>
    <time>2026-08-30T22:22:06Z</time>
   </trkpt>
   <trkpt lat="37.7589220" lon="-122.4219400">
    <ele>17.8</ele>
    <time>2026-08-30T22:22:07Z</time>
   </trkpt>
   <trkpt lat="37.7589380" lon="-122.4219420">
    <ele>17.8</ele>
    <time>2026-08-30T22:22:08Z</time>
   </trkpt>
   <trkpt lat="37.7589530" lon="-122.4219450">
    <ele>17.7</ele>
    <time>2026-08-30T22:22:09Z</time>
   </trkpt>
   <trkpt lat="37.7589670" lon="-122.4219510">
    <ele>17.7</ele>
    <time>2026-08-30T22:22:10Z</time>
   </trkpt>
   <trkpt lat="37.7589810" lon="-122.4219570">
    <ele>17.8</ele>
    <time>2026-08-30T22:22:11Z</time>
   </trkpt>
   <trkpt lat="37.7589920" lon="-122.4219670">
    <ele>17.8</ele>
    <time>2026-08-30T22:22:12Z</time>
   </trkpt>
   <trkpt lat="37.7590000" lon="-122.4219790">
    <ele>17.8</ele>
    <time>2026-08-30T22:22:13Z</time>
   </trkpt>
   <trkpt lat="37.7590060" lon="-122.4219960">
    <ele>17.7</ele>
    <time>2026-08-30T22:22:14Z</time>
   </trkpt>
   <trkpt lat="37.7590080" lon="-122.4220170">
    <ele>17.7</ele>
    <time>2026-08-30T22:22:15Z</time>
   </trkpt>
   <trkpt lat="37.7590140" lon="-122.4220420">
    <ele>17.7</ele>
    <time>2026-08-30T22:22:16Z</time>
   </trkpt>
   <trkpt lat="37.7590290" lon="-122.4220710">
    <ele>17.7</ele>
    <time>2026-08-30T22:22:17Z</time>
   </trkpt>
   <trkpt lat="37.7590500" lon="-122.4221000">
    <ele>17.6</ele>
    <time>2026-08-30T22:22:18Z</time>
   </trkpt>
   <trkpt lat="37.7590730" lon="-122.4221310">
    <ele>17.6</ele>
    <time>2026-08-30T22:22:19Z</time>
   </trkpt>
   <trkpt lat="37.7591030" lon="-122.4221620">
    <ele>17.6</ele>
    <time>2026-08-30T22:22:20Z</time>
   </trkpt>
   <trkpt lat="37.7591310" lon="-122.4221850">
    <ele>17.5</ele>
    <time>2026-08-30T22:22:21Z</time>
   </trkpt>
   <trkpt lat="37.7591570" lon="-122.4222030">
    <ele>17.5</ele>
    <time>2026-08-30T22:22:22Z</time>
   </trkpt>
   <trkpt lat="37.7591790" lon="-122.4222200">
    <ele>17.5</ele>
    <time>2026-08-30T22:22:23Z</time>
   </trkpt>
   <trkpt lat="37.7591980" lon="-122.4222290">
    <ele>17.4</ele>
    <time>2026-08-30T22:22:24Z</time>
   </trkpt>
   <trkpt lat="37.7592140" lon="-122.4222330">
    <ele>17.4</ele>
    <time>2026-08-30T22:22:25Z</time>
   </trkpt>
   <trkpt lat="37.7592300" lon="-122.4222370">
    <ele>17.4</ele>
    <time>2026-08-30T22:22:26Z</time>
   </trkpt>
   <trkpt lat="37.7592420" lon="-122.4222410">
    <ele>17.4</ele>
    <time>2026-08-30T22:22:27Z</time>
   </trkpt>
   <trkpt lat="37.7592580" lon="-122.4222470">
    <ele>17.3</ele>
    <time>2026-08-30T22:22:28Z</time>
   </trkpt>
   <trkpt lat="37.7592790" lon="-122.4222580">
    <ele>17.3</ele>
    <time>2026-08-30T22:22:29Z</time>
   </trkpt>
   <trkpt lat="37.7592980" lon="-122.4222710">
    <ele>17.1</ele>
    <time>2026-08-30T22:22:30Z</time>
   </trkpt>
   <trkpt lat="37.7593030" lon="-122.4222830">
    <ele>17.1</ele>
    <time>2026-08-30T22:22:31Z</time>
   </trkpt>
   <trkpt lat="37.7592990" lon="-122.4222930">
    <ele>17.1</ele>
    <time>2026-08-30T22:22:32Z</time>
   </trkpt>
   <trkpt lat="37.7592880" lon="-122.4223010">
    <ele>17.1</ele>
    <time>2026-08-30T22:22:33Z</time>
   </trkpt>
   <trkpt lat="37.7592750" lon="-122.4223080">
    <ele>17.3</ele>
    <time>2026-08-30T22:22:34Z</time>
   </trkpt>
   <trkpt lat="37.7592570" lon="-122.4223130">
    <ele>17.3</ele>
    <time>2026-08-30T22:22:35Z</time>
   </trkpt>
   <trkpt lat="37.7592380" lon="-122.4223120">
    <ele>17.4</ele>
    <time>2026-08-30T22:22:36Z</time>
   </trkpt>
   <trkpt lat="37.7592220" lon="-122.4223050">
    <ele>17.4</ele>
    <time>2026-08-30T22:22:37Z</time>
   </trkpt>
   <trkpt lat="37.7592090" lon="-122.4222920">
    <ele>17.4</ele>
    <time>2026-08-30T22:22:38Z</time>
   </trkpt>
   <trkpt lat="37.7592000" lon="-122.4222780">
    <ele>17.4</ele>
    <time>2026-08-30T22:22:39Z</time>
   </trkpt>
   <trkpt lat="37.7591940" lon="-122.4222590">
    <ele>17.4</ele>
    <time>2026-08-30T22:22:40Z</time>
   </trkpt>
   <trkpt lat="37.7591850" lon="-122.4222400">
    <ele>17.4</ele>
    <time>2026-08-30T22:22:41Z</time>
   </trkpt>
   <trkpt lat="37.7591780" lon="-122.4222160">
    <ele>17.5</ele>
    <time>2026-08-30T22:22:42Z</time>
   </trkpt>
   <trkpt lat="37.7591720" lon="-122.4221880">
    <ele>17.5</ele>
    <time>2026-08-30T22:22:43Z</time>
   </trkpt>
   <trkpt lat="37.7591650" lon="-122.4221510">
    <ele>17.5</ele>
    <time>2026-08-30T22:22:44Z</time>
   </trkpt>
   <trkpt lat="37.7591580" lon="-122.4221090">
    <ele>17.5</ele>
    <time>2026-08-30T22:22:45Z</time>
   </trkpt>
   <trkpt lat="37.7591530" lon="-122.4220680">
    <ele>17.6</ele>
    <time>2026-08-30T22:22:46Z</time>
   </trkpt>
   <trkpt lat="37.7591490" lon="-122.4220230">
    <ele>17.6</ele>
    <time>2026-08-30T22:22:47Z</time>
   </trkpt>
   <trkpt lat="37.7591430" lon="-122.4219690">
    <ele>17.6</ele>
    <time>2026-08-30T22:22:48Z</time>
   </trkpt>
   <trkpt lat="37.7591430" lon="-122.4219150">
    <ele>17.6</ele>
    <time>2026-08-30T22:22:49Z</time>
   </trkpt>
   <trkpt lat="37.7591440" lon="-122.4218600">
    <ele>17.7</ele>
    <time>2026-08-30T22:22:50Z</time>
   </trkpt>
   <trkpt lat="37.7591440" lon="-122.4218090">
    <ele>17.7</ele>
    <time>2026-08-30T22:22:51Z</time>
   </trkpt>
   <trkpt lat="37.7591430" lon="-122.4217600">
    <ele>17.7</ele>
    <time>2026-08-30T22:22:52Z</time>
   </trkpt>
   <trkpt lat="37.7591430" lon="-122.4217160">
    <ele>17.6</ele>
    <time>2026-08-30T22:22:53Z</time>
   </trkpt>
   <trkpt lat="37.7591450" lon="-122.4216810">
    <ele>17.6</ele>
    <time>2026-08-30T22:22:54Z</time>
   </trkpt>
   <trkpt lat="37.7591480" lon="-122.4216610">
    <ele>17.5</ele>
    <time>2026-08-30T22:22:55Z</time>
   </trkpt>
   <trkpt lat="37.7591550" lon="-122.4216500">
    <ele>17.5</ele>
    <time>2026-08-30T22:22:56Z</time>
   </trkpt>
   <trkpt lat="37.7591650" lon="-122.4216470">
    <ele>17.5</ele>
    <time>2026-08-30T22:22:57Z</time>
   </trkpt>
   <trkpt lat="37.7591750" lon="-122.4216480">
    <ele>17.5</ele>
    <time>2026-08-30T22:22:58Z</time>
   </trkpt>
   <trkpt lat="37.7591840" lon="-122.4216490">
    <ele>17.4</ele>
    <time>2026-08-30T22:22:59Z</time>
   </trkpt>
   <trkpt lat="37.7591840" lon="-122.4216490">
    <ele>17.4</ele>
    <time>2026-08-30T22:23:00Z</time>
   </trkpt>
   <trkpt lat="37.7591940" lon="-122.4216540">
    <ele>17.4</ele>
    <time>2026-08-30T22:23:01Z</time>
   </trkpt>
   <trkpt lat="37.7592060" lon="-122.4216600">
    <ele>17.4</ele>
    <time>2026-08-30T22:23:02Z</time>
   </trkpt>
   <trkpt lat="37.7592240" lon="-122.4216690">
    <ele>17.5</ele>
    <time>2026-08-30T22:23:03Z</time>
   </trkpt>
   <trkpt lat="37.7592470" lon="-122.4216820">
    <ele>17.5</ele>
    <time>2026-08-30T22:23:04Z</time>
   </trkpt>
   <trkpt lat="37.7592730" lon="-122.4217020">
    <ele>17.6</ele>
    <time>2026-08-30T22:23:05Z</time>
   </trkpt>
   <trkpt lat="37.7593010" lon="-122.4217280">
    <ele>17.6</ele>
    <time>2026-08-30T22:23:06Z</time>
   </trkpt>
   <trkpt lat="37.7593280" lon="-122.4217610">
    <ele>17.4</ele>
    <time>2026-08-30T22:23:07Z</time>
   </trkpt>
   <trkpt lat="37.7593540" lon="-122.4217980">
    <ele>17.2</ele>
    <time>2026-08-30T22:23:08Z</time>
   </trkpt>
   <trkpt lat="37.7593930" lon="-122.4218800">
    <ele>16.7</ele>
    <time>2026-08-30T22:23:09Z</time>
   </trkpt>
   <trkpt lat="37.7594040" lon="-122.4219200">
    <ele>16.8</ele>
    <time>2026-08-30T22:23:10Z</time>
   </trkpt>
   <trkpt lat="37.7594100" lon="-122.4219600">
    <ele>16.9</ele>
    <time>2026-08-30T22:23:11Z</time>
   </trkpt>
   <trkpt lat="37.7594090" lon="-122.4219980">
    <ele>16.9</ele>
    <time>2026-08-30T22:23:12Z</time>
   </trkpt>
   <trkpt lat="37.7594080" lon="-122.4220340">
    <ele>16.8</ele>
    <time>2026-08-30T22:23:13Z</time>
   </trkpt>
   <trkpt lat="37.7594040" lon="-122.4220670">
    <ele>16.8</ele>
    <time>2026-08-30T22:23:14Z</time>
   </trkpt>
   <trkpt lat="37.7594020" lon="-122.4221020">
    <ele>16.7</ele>
    <time>2026-08-30T22:23:15Z</time>
   </trkpt>
   <trkpt lat="37.7594000" lon="-122.4221390">
    <ele>16.8</ele>
    <time>2026-08-30T22:23:16Z</time>
   </trkpt>
   <trkpt lat="37.7593960" lon="-122.4221740">
    <ele>16.6</ele>
    <time>2026-08-30T22:23:17Z</time>
   </trkpt>
   <trkpt lat="37.7593920" lon="-122.4222050">
    <ele>16.5</ele>
    <time>2026-08-30T22:23:18Z</time>
   </trkpt>
   <trkpt lat="37.7593850" lon="-122.4222380">
    <ele>16.5</ele>
    <time>2026-08-30T22:23:19Z</time>
   </trkpt>
   <trkpt lat="37.7593770" lon="-122.4222720">
    <ele>16.5</ele>
    <time>2026-08-30T22:23:20Z</time>
   </trkpt>
   <trkpt lat="37.7593700" lon="-122.4223100">
    <ele>16.5</ele>
    <time>2026-08-30T22:23:21Z</time>
   </trkpt>
   <trkpt lat="37.7593640" lon="-122.4223450">
    <ele>16.6</ele>
    <time>2026-08-30T22:23:22Z</time>
   </trkpt>
   <trkpt lat="37.7593540" lon="-122.4223700">
    <ele>16.6</ele>
    <time>2026-08-30T22:23:23Z</time>
   </trkpt>
   <trkpt lat="37.7593400" lon="-122.4223830">
    <ele>16.8</ele>
    <time>2026-08-30T22:23:24Z</time>
   </trkpt>
   <trkpt lat="37.7593210" lon="-122.4223840">
    <ele>16.8</ele>
    <time>2026-08-30T22:23:25Z</time>
   </trkpt>
   <trkpt lat="37.7592990" lon="-122.4223750">
    <ele>17.0</ele>
    <time>2026-08-30T22:23:26Z</time>
   </trkpt>
   <trkpt lat="37.7592790" lon="-122.4223620">
    <ele>17.2</ele>
    <time>2026-08-30T22:23:27Z</time>
   </trkpt>
   <trkpt lat="37.7592630" lon="-122.4223470">
    <ele>17.2</ele>
    <time>2026-08-30T22:23:28Z</time>
   </trkpt>
   <trkpt lat="37.7592530" lon="-122.4223300">
    <ele>17.2</ele>
    <time>2026-08-30T22:23:29Z</time>
   </trkpt>
   <trkpt lat="37.7592470" lon="-122.4223090">
    <ele>17.4</ele>
    <time>2026-08-30T22:23:30Z</time>
   </trkpt>
   <trkpt lat="37.7592440" lon="-122.4222840">
    <ele>17.4</ele>
    <time>2026-08-30T22:23:31Z</time>
   </trkpt>
   <trkpt lat="37.7592420" lon="-122.4222570">
    <ele>17.4</ele>
    <time>2026-08-30T22:23:32Z</time>
   </trkpt>
   <trkpt lat="37.7592400" lon="-122.4222280">
    <ele>17.4</ele>
    <time>2026-08-30T22:23:33Z</time>
   </trkpt>
   <trkpt lat="37.7592320" lon="-122.4221950">
    <ele>17.4</ele>
    <time>2026-08-30T22:23:34Z</time>
   </trkpt>
   <trkpt lat="37.7592200" lon="-122.4221620">
    <ele>17.4</ele>
    <time>2026-08-30T22:23:35Z</time>
   </trkpt>
   <trkpt lat="37.7592060" lon="-122.4221310">
    <ele>17.5</ele>
    <time>2026-08-30T22:23:36Z</time>
   </trkpt>
   <trkpt lat="37.7591930" lon="-122.4220990">
    <ele>17.5</ele>
    <time>2026-08-30T22:23:37Z</time>
   </trkpt>
   <trkpt lat="37.7591810" lon="-122.4220690">
    <ele>17.5</ele>
    <time>2026-08-30T22:23:38Z</time>
   </trkpt>
   <trkpt lat="37.7591720" lon="-122.4220430">
    <ele>17.6</ele>
    <time>2026-08-30T22:23:39Z</time>
   </trkpt>
   <trkpt lat="37.7591620" lon="-122.4220250">
    <ele>17.6</ele>
    <time>2026-08-30T22:23:40Z</time>
   </trkpt>
   <trkpt lat="37.7591530" lon="-122.4220150">
    <ele>17.6</ele>
    <time>2026-08-30T22:23:41Z</time>
   </trkpt>
   <trkpt lat="37.7591440" lon="-122.4220130">
    <ele>17.6</ele>
    <time>2026-08-30T22:23:42Z</time>
   </trkpt>
   <trkpt lat="37.7591350" lon="-122.4220170">
    <ele>17.6</ele>
    <time>2026-08-30T22:23:43Z</time>
   </trkpt>
   <trkpt lat="37.7591290" lon="-122.4220230">
    <ele>17.6</ele>
    <time>2026-08-30T22:23:44Z</time>
   </trkpt>
   <trkpt lat="37.7591210" lon="-122.4220290">
    <ele>17.6</ele>
    <time>2026-08-30T22:23:45Z</time>
   </trkpt>
   <trkpt lat="37.7591100" lon="-122.4220310">
    <ele>17.6</ele>
    <time>2026-08-30T22:23:46Z</time>
   </trkpt>
   <trkpt lat="37.7590970" lon="-122.4220250">
    <ele>17.6</ele>
    <time>2026-08-30T22:23:47Z</time>
   </trkpt>
   <trkpt lat="37.7590830" lon="-122.4220120">
    <ele>17.6</ele>
    <time>2026-08-30T22:23:48Z</time>
   </trkpt>
   <trkpt lat="37.7590710" lon="-122.4219950">
    <ele>17.6</ele>
    <time>2026-08-30T22:23:49Z</time>
   </trkpt>
   <trkpt lat="37.7590620" lon="-122.4219770">
    <ele>17.7</ele>
    <time>2026-08-30T22:23:50Z</time>
   </trkpt>
   <trkpt lat="37.7590600" lon="-122.4219620">
    <ele>17.7</ele>
    <time>2026-08-30T22:23:51Z</time>
   </trkpt>
   <trkpt lat="37.7590600" lon="-122.4219510">
    <ele>17.7</ele>
    <time>2026-08-30T22:23:52Z</time>
   </trkpt>
   <trkpt lat="37.7590610" lon="-122.4219470">
    <ele>17.7</ele>
    <time>2026-08-30T22:23:53Z</time>
   </trkpt>
   <trkpt lat="37.7590640" lon="-122.4219520">
    <ele>17.7</ele>
    <time>2026-08-30T22:23:54Z</time>
   </trkpt>
   <trkpt lat="37.7590670" lon="-122.4219650">
    <ele>17.7</ele>
    <time>2026-08-30T22:23:55Z</time>
   </trkpt>
   <trkpt lat="37.7590680" lon="-122.4219830">
    <ele>17.7</ele>
    <time>2026-08-30T22:23:56Z</time>
   </trkpt>
   <trkpt lat="37.7590680" lon="-122.4220010">
    <ele>17.6</ele>
    <time>2026-08-30T22:23:57Z</time>
   </trkpt>
   <trkpt lat="37.7590670" lon="-122.4220230">
    <ele>17.6</ele>
    <time>2026-08-30T22:23:58Z</time>
   </trkpt>
   <trkpt lat="37.7590650" lon="-122.4220460">
    <ele>17.6</ele>
    <time>2026-08-30T22:23:59Z</time>
   </trkpt>
   <trkpt lat="37.7590620" lon="-122.4220710">
    <ele>17.6</ele>
    <time>2026-08-30T22:24:00Z</time>
   </trkpt>
   <trkpt lat="37.7590630" lon="-122.4220970">
    <ele>17.6</ele>
    <time>2026-08-30T22:24:01Z</time>
   </trkpt>
   <trkpt lat="37.7590630" lon="-122.4221220">
    <ele>17.6</ele>
    <time>2026-08-30T22:24:02Z</time>
   </trkpt>
   <trkpt lat="37.7590630" lon="-122.4221420">
    <ele>17.6</ele>
    <time>2026-08-30T22:24:03Z</time>
   </trkpt>
   <trkpt lat="37.7590650" lon="-122.4221570">
    <ele>17.6</ele>
    <time>2026-08-30T22:24:04Z</time>
   </trkpt>
   <trkpt lat="37.7590640" lon="-122.4221660">
    <ele>17.6</ele>
    <time>2026-08-30T22:24:05Z</time>
   </trkpt>
   <trkpt lat="37.7590620" lon="-122.4221680">
    <ele>17.6</ele>
    <time>2026-08-30T22:24:06Z</time>
   </trkpt>
   <trkpt lat="37.7590630" lon="-122.4221660">
    <ele>17.6</ele>
    <time>2026-08-30T22:24:07Z</time>
   </trkpt>
   <trkpt lat="37.7590650" lon="-122.4221610">
    <ele>17.6</ele>
    <time>2026-08-30T22:24:08Z</time>
   </trkpt>
   <trkpt lat="37.7590670" lon="-122.4221550">
    <ele>17.6</ele>
    <time>2026-08-30T22:24:09Z</time>
   </trkpt>
   <trkpt lat="37.7590680" lon="-122.4221490">
    <ele>17.6</ele>
    <time>2026-08-30T22:24:10Z</time>
   </trkpt>
   <trkpt lat="37.7590700" lon="-122.4221450">
    <ele>17.6</ele>
    <time>2026-08-30T22:24:11Z</time>
   </trkpt>
   <trkpt lat="37.7590720" lon="-122.4221450">
    <ele>17.6</ele>
    <time>2026-08-30T22:24:12Z</time>
   </trkpt>
   <trkpt lat="37.7590720" lon="-122.4221480">
    <ele>17.6</ele>
    <time>2026-08-30T22:24:13Z</time>
   </trkpt>
   <trkpt lat="37.7590720" lon="-122.4221520">
    <ele>17.6</ele>
    <time>2026-08-30T22:24:14Z</time>
   </trkpt>
   <trkpt lat="37.7590740" lon="-122.4221550">
    <ele>17.6</ele>
    <time>2026-08-30T22:24:15Z</time>
   </trkpt>
   <trkpt lat="37.7590730" lon="-122.4221550">
    <ele>17.6</ele>
    <time>2026-08-30T22:24:16Z</time>
   </trkpt>
   <trkpt lat="37.7590680" lon="-122.4221540">
    <ele>17.6</ele>
    <time>2026-08-30T22:24:17Z</time>
   </trkpt>
   <trkpt lat="37.7590590" lon="-122.4221520">
    <ele>17.6</ele>
    <time>2026-08-30T22:24:18Z</time>
   </trkpt>
   <trkpt lat="37.7590500" lon="-122.4221490">
    <ele>17.6</ele>
    <time>2026-08-30T22:24:19Z</time>
   </trkpt>
   <trkpt lat="37.7590430" lon="-122.4221480">
    <ele>17.7</ele>
    <time>2026-08-30T22:24:20Z</time>
   </trkpt>
   <trkpt lat="37.7590360" lon="-122.4221500">
    <ele>17.7</ele>
    <time>2026-08-30T22:24:21Z</time>
   </trkpt>
   <trkpt lat="37.7590310" lon="-122.4221560">
    <ele>17.7</ele>
    <time>2026-08-30T22:24:22Z</time>
   </trkpt>
   <trkpt lat="37.7590280" lon="-122.4221640">
    <ele>17.6</ele>
    <time>2026-08-30T22:24:23Z</time>
   </trkpt>
   <trkpt lat="37.7590250" lon="-122.4221720">
    <ele>17.6</ele>
    <time>2026-08-30T22:24:24Z</time>
   </trkpt>
   <trkpt lat="37.7590210" lon="-122.4221810">
    <ele>17.6</ele>
    <time>2026-08-30T22:24:25Z</time>
   </trkpt>
   <trkpt lat="37.7590170" lon="-122.4221900">
    <ele>17.6</ele>
    <time>2026-08-30T22:24:26Z</time>
   </trkpt>
   <trkpt lat="37.7590210" lon="-122.4221950">
    <ele>17.6</ele>
    <time>2026-08-30T22:24:27Z</time>
   </trkpt>
   <trkpt lat="37.7590300" lon="-122.4221930">
    <ele>17.6</ele>
    <time>2026-08-30T22:24:28Z</time>
   </trkpt>
   <trkpt lat="37.7590390" lon="-122.4221850">
    <ele>17.6</ele>
    <time>2026-08-30T22:24:29Z</time>
   </trkpt>
   <trkpt lat="37.7590440" lon="-122.4221710">
    <ele>17.6</ele>
    <time>2026-08-30T22:24:30Z</time>
   </trkpt>
   <trkpt lat="37.7590460" lon="-122.4221530">
    <ele>17.6</ele>
    <time>2026-08-30T22:24:31Z</time>
   </trkpt>
   <trkpt lat="37.7590460" lon="-122.4221320">
    <ele>17.6</ele>
    <time>2026-08-30T22:24:32Z</time>
   </trkpt>
   <trkpt lat="37.7590470" lon="-122.4221110">
    <ele>17.6</ele>
    <time>2026-08-30T22:24:33Z</time>
   </trkpt>
   <trkpt lat="37.7590470" lon="-122.4220940">
    <ele>17.6</ele>
    <time>2026-08-30T22:24:34Z</time>
   </trkpt>
   <trkpt lat="37.7590470" lon="-122.4220800">
    <ele>17.6</ele>
    <time>2026-08-30T22:24:35Z</time>
   </trkpt>
   <trkpt lat="37.7590510" lon="-122.4220660">
    <ele>17.6</ele>
    <time>2026-08-30T22:24:36Z</time>
   </trkpt>
   <trkpt lat="37.7590530" lon="-122.4220550">
    <ele>17.6</ele>
    <time>2026-08-30T22:24:37Z</time>
   </trkpt>
   <trkpt lat="37.7590500" lon="-122.4220440">
    <ele>17.6</ele>
    <time>2026-08-30T22:24:38Z</time>
   </trkpt>
   <trkpt lat="37.7590430" lon="-122.4220390">
    <ele>17.7</ele>
    <time>2026-08-30T22:24:39Z</time>
   </trkpt>
   <trkpt lat="37.7590370" lon="-122.4220400">
    <ele>17.7</ele>
    <time>2026-08-30T22:24:40Z</time>
   </trkpt>
   <trkpt lat="37.7590340" lon="-122.4220460">
    <ele>17.7</ele>
    <time>2026-08-30T22:24:41Z</time>
   </trkpt>
   <trkpt lat="37.7590320" lon="-122.4220540">
    <ele>17.7</ele>
    <time>2026-08-30T22:24:42Z</time>
   </trkpt>
   <trkpt lat="37.7590320" lon="-122.4220540">
    <ele>17.7</ele>
    <time>2026-08-30T22:24:43Z</time>
   </trkpt>
   <trkpt lat="37.7590330" lon="-122.4220620">
    <ele>17.7</ele>
    <time>2026-08-30T22:24:44Z</time>
   </trkpt>
   <trkpt lat="37.7590350" lon="-122.4220690">
    <ele>17.7</ele>
    <time>2026-08-30T22:24:45Z</time>
   </trkpt>
   <trkpt lat="37.7590380" lon="-122.4220740">
    <ele>17.7</ele>
    <time>2026-08-30T22:24:46Z</time>
   </trkpt>
   <trkpt lat="37.7590430" lon="-122.4220780">
    <ele>17.7</ele>
    <time>2026-08-30T22:24:47Z</time>
   </trkpt>
   <trkpt lat="37.7590450" lon="-122.4220820">
    <ele>17.6</ele>
    <time>2026-08-30T22:24:48Z</time>
   </trkpt>
   <trkpt lat="37.7590460" lon="-122.4220870">
    <ele>17.6</ele>
    <time>2026-08-30T22:24:49Z</time>
   </trkpt>
   <trkpt lat="37.7590480" lon="-122.4220920">
    <ele>17.6</ele>
    <time>2026-08-30T22:24:50Z</time>
   </trkpt>
   <trkpt lat="37.7590510" lon="-122.4220970">
    <ele>17.6</ele>
    <time>2026-08-30T22:24:51Z</time>
   </trkpt>
   <trkpt lat="37.7590590" lon="-122.4221080">
    <ele>17.6</ele>
    <time>2026-08-30T22:24:52Z</time>
   </trkpt>
   <trkpt lat="37.7590620" lon="-122.4221120">
    <ele>17.6</ele>
    <time>2026-08-30T22:24:53Z</time>
   </trkpt>
   <trkpt lat="37.7590650" lon="-122.4221090">
    <ele>17.6</ele>
    <time>2026-08-30T22:24:54Z</time>
   </trkpt>
   <trkpt lat="37.7590700" lon="-122.4220970">
    <ele>17.6</ele>
    <time>2026-08-30T22:24:55Z</time>
   </trkpt>
   <trkpt lat="37.7590740" lon="-122.4220790">
    <ele>17.6</ele>
    <time>2026-08-30T22:24:56Z</time>
   </trkpt>
   <trkpt lat="37.7590780" lon="-122.4220570">
    <ele>17.6</ele>
    <time>2026-08-30T22:24:57Z</time>
   </trkpt>
   <trkpt lat="37.7590810" lon="-122.4220340">
    <ele>17.6</ele>
    <time>2026-08-30T22:24:58Z</time>
   </trkpt>
   <trkpt lat="37.7590810" lon="-122.4220100">
    <ele>17.6</ele>
    <time>2026-08-30T22:24:59Z</time>
   </trkpt>
   <trkpt lat="37.7590800" lon="-122.4219850">
    <ele>17.6</ele>
    <time>2026-08-30T22:25:00Z</time>
   </trkpt>
   <trkpt lat="37.7590790" lon="-122.4219580">
    <ele>17.6</ele>
    <time>2026-08-30T22:25:01Z</time>
   </trkpt>
   <trkpt lat="37.7590760" lon="-122.4219340">
    <ele>17.7</ele>
    <time>2026-08-30T22:25:02Z</time>
   </trkpt>
   <trkpt lat="37.7590720" lon="-122.4219140">
    <ele>17.7</ele>
    <time>2026-08-30T22:25:03Z</time>
   </trkpt>
   <trkpt lat="37.7590670" lon="-122.4219050">
    <ele>17.7</ele>
    <time>2026-08-30T22:25:04Z</time>
   </trkpt>
   <trkpt lat="37.7590620" lon="-122.4219020">
    <ele>17.7</ele>
    <time>2026-08-30T22:25:05Z</time>
   </trkpt>
   <trkpt lat="37.7590550" lon="-122.4219070">
    <ele>17.7</ele>
    <time>2026-08-30T22:25:06Z</time>
   </trkpt>
   <trkpt lat="37.7590450" lon="-122.4219180">
    <ele>17.7</ele>
    <time>2026-08-30T22:25:07Z</time>
   </trkpt>
   <trkpt lat="37.7590330" lon="-122.4219320">
    <ele>17.7</ele>
    <time>2026-08-30T22:25:08Z</time>
   </trkpt>
   <trkpt lat="37.7590240" lon="-122.4219500">
    <ele>17.7</ele>
    <time>2026-08-30T22:25:09Z</time>
   </trkpt>
   <trkpt lat="37.7590250" lon="-122.4219720">
    <ele>17.7</ele>
    <time>2026-08-30T22:25:10Z</time>
   </trkpt>
   <trkpt lat="37.7590350" lon="-122.4220040">
    <ele>17.7</ele>
    <time>2026-08-30T22:25:11Z</time>
   </trkpt>
   <trkpt lat="37.7590500" lon="-122.4220460">
    <ele>17.6</ele>
    <time>2026-08-30T22:25:12Z</time>
   </trkpt>
   <trkpt lat="37.7590700" lon="-122.4220940">
    <ele>17.6</ele>
    <time>2026-08-30T22:25:13Z</time>
   </trkpt>
   <trkpt lat="37.7590920" lon="-122.4221450">
    <ele>17.6</ele>
    <time>2026-08-30T22:25:14Z</time>
   </trkpt>
   <trkpt lat="37.7591170" lon="-122.4221930">
    <ele>17.5</ele>
    <time>2026-08-30T22:25:15Z</time>
   </trkpt>
   <trkpt lat="37.7591390" lon="-122.4222370">
    <ele>17.5</ele>
    <time>2026-08-30T22:25:16Z</time>
   </trkpt>
   <trkpt lat="37.7591550" lon="-122.4222770">
    <ele>17.4</ele>
    <time>2026-08-30T22:25:17Z</time>
   </trkpt>
   <trkpt lat="37.7591710" lon="-122.4223120">
    <ele>17.4</ele>
    <time>2026-08-30T22:25:18Z</time>
   </trkpt>
   <trkpt lat="37.7591860" lon="-122.4223420">
    <ele>17.4</ele>
    <time>2026-08-30T22:25:19Z</time>
   </trkpt>
   <trkpt lat="37.7591950" lon="-122.4223680">
    <ele>17.4</ele>
    <time>2026-08-30T22:25:20Z</time>
   </trkpt>
   <trkpt lat="37.7591990" lon="-122.4223840">
    <ele>17.4</ele>
    <time>2026-08-30T22:25:21Z</time>
   </trkpt>
   <trkpt lat="37.7591960" lon="-122.4223910">
    <ele>17.4</ele>
    <time>2026-08-30T22:25:22Z</time>
   </trkpt>
   <trkpt lat="37.7591900" lon="-122.4223930">
    <ele>17.4</ele>
    <time>2026-08-30T22:25:23Z</time>
   </trkpt>
   <trkpt lat="37.7591800" lon="-122.4223910">
    <ele>17.4</ele>
    <time>2026-08-30T22:25:24Z</time>
   </trkpt>
   <trkpt lat="37.7591720" lon="-122.4223870">
    <ele>17.4</ele>
    <time>2026-08-30T22:25:25Z</time>
   </trkpt>
   <trkpt lat="37.7591650" lon="-122.4223770">
    <ele>17.4</ele>
    <time>2026-08-30T22:25:26Z</time>
   </trkpt>
   <trkpt lat="37.7591580" lon="-122.4223630">
    <ele>17.4</ele>
    <time>2026-08-30T22:25:27Z</time>
   </trkpt>
   <trkpt lat="37.7591510" lon="-122.4223460">
    <ele>17.4</ele>
    <time>2026-08-30T22:25:28Z</time>
   </trkpt>
   <trkpt lat="37.7591400" lon="-122.4223280">
    <ele>17.5</ele>
    <time>2026-08-30T22:25:29Z</time>
   </trkpt>
   <trkpt lat="37.7591270" lon="-122.4223080">
    <ele>17.5</ele>
    <time>2026-08-30T22:25:30Z</time>
   </trkpt>
   <trkpt lat="37.7591170" lon="-122.4222910">
    <ele>17.5</ele>
    <time>2026-08-30T22:25:31Z</time>
   </trkpt>
   <trkpt lat="37.7591080" lon="-122.4222780">
    <ele>17.5</ele>
    <time>2026-08-30T22:25:32Z</time>
   </trkpt>
   <trkpt lat="37.7591020" lon="-122.4222700">
    <ele>17.5</ele>
    <time>2026-08-30T22:25:33Z</time>
   </trkpt>
   <trkpt lat="37.7591010" lon="-122.4222640">
    <ele>17.5</ele>
    <time>2026-08-30T22:25:34Z</time>
   </trkpt>
   <trkpt lat="37.7591010" lon="-122.4222600">
    <ele>17.5</ele>
    <time>2026-08-30T22:25:35Z</time>
   </trkpt>
   <trkpt lat="37.7591080" lon="-122.4222620">
    <ele>17.5</ele>
    <time>2026-08-30T22:25:36Z</time>
   </trkpt>
   <trkpt lat="37.7591190" lon="-122.4222680">
    <ele>17.5</ele>
    <time>2026-08-30T22:25:37Z</time>
   </trkpt>
   <trkpt lat="37.7591300" lon="-122.4222790">
    <ele>17.5</ele>
    <time>2026-08-30T22:25:38Z</time>
   </trkpt>
   <trkpt lat="37.7591380" lon="-122.4222930">
    <ele>17.5</ele>
    <time>2026-08-30T22:25:39Z</time>
   </trkpt>
   <trkpt lat="37.7591410" lon="-122.4223060">
    <ele>17.5</ele>
    <time>2026-08-30T22:25:40Z</time>
   </trkpt>
   <trkpt lat="37.7591380" lon="-122.4223170">
    <ele>17.5</ele>
    <time>2026-08-30T22:25:41Z</time>
   </trkpt>
   <trkpt lat="37.7591290" lon="-122.4223220">
    <ele>17.5</ele>
    <time>2026-08-30T22:25:42Z</time>
   </trkpt>
   <trkpt lat="37.7591170" lon="-122.4223240">
    <ele>17.5</ele>
    <time>2026-08-30T22:25:43Z</time>
   </trkpt>
   <trkpt lat="37.7591040" lon="-122.4223250">
    <ele>17.5</ele>
    <time>2026-08-30T22:25:44Z</time>
   </trkpt>
   <trkpt lat="37.7590930" lon="-122.4223250">
    <ele>17.5</ele>
    <time>2026-08-30T22:25:45Z</time>
   </trkpt>
   <trkpt lat="37.7590820" lon="-122.4223210">
    <ele>17.5</ele>
    <time>2026-08-30T22:25:46Z</time>
   </trkpt>
   <trkpt lat="37.7590720" lon="-122.4223170">
    <ele>17.5</ele>
    <time>2026-08-30T22:25:47Z</time>
   </trkpt>
   <trkpt lat="37.7590640" lon="-122.4223150">
    <ele>17.5</ele>
    <time>2026-08-30T22:25:48Z</time>
   </trkpt>
   <trkpt lat="37.7590570" lon="-122.4223150">
    <ele>17.5</ele>
    <time>2026-08-30T22:25:49Z</time>
   </trkpt>
   <trkpt lat="37.7590510" lon="-122.4223110">
    <ele>17.5</ele>
    <time>2026-08-30T22:25:50Z</time>
   </trkpt>
   <trkpt lat="37.7590470" lon="-122.4223040">
    <ele>17.5</ele>
    <time>2026-08-30T22:25:51Z</time>
   </trkpt>
   <trkpt lat="37.7590450" lon="-122.4222960">
    <ele>17.5</ele>
    <time>2026-08-30T22:25:52Z</time>
   </trkpt>
   <trkpt lat="37.7590440" lon="-122.4222880">
    <ele>17.6</ele>
    <time>2026-08-30T22:25:53Z</time>
   </trkpt>
   <trkpt lat="37.7590420" lon="-122.4222780">
    <ele>17.6</ele>
    <time>2026-08-30T22:25:54Z</time>
   </trkpt>
   <trkpt lat="37.7590420" lon="-122.4222660">
    <ele>17.6</ele>
    <time>2026-08-30T22:25:55Z</time>
   </trkpt>
   <trkpt lat="37.7590460" lon="-122.4222480">
    <ele>17.6</ele>
    <time>2026-08-30T22:25:56Z</time>
   </trkpt>
   <trkpt lat="37.7590520" lon="-122.4222290">
    <ele>17.6</ele>
    <time>2026-08-30T22:25:57Z</time>
   </trkpt>
   <trkpt lat="37.7590560" lon="-122.4222120">
    <ele>17.6</ele>
    <time>2026-08-30T22:25:58Z</time>
   </trkpt>
   <trkpt lat="37.7590620" lon="-122.4221970">
    <ele>17.6</ele>
    <time>2026-08-30T22:25:59Z</time>
   </trkpt>
   <trkpt lat="37.7590700" lon="-122.4221830">
    <ele>17.6</ele>
    <time>2026-08-30T22:26:00Z</time>
   </trkpt>
   <trkpt lat="37.7590760" lon="-122.4221700">
    <ele>17.6</ele>
    <time>2026-08-30T22:26:01Z</time>
   </trkpt>
   <trkpt lat="37.7590860" lon="-122.4221570">
    <ele>17.6</ele>
    <time>2026-08-30T22:26:02Z</time>
   </trkpt>
   <trkpt lat="37.7590980" lon="-122.4221450">
    <ele>17.6</ele>
    <time>2026-08-30T22:26:03Z</time>
   </trkpt>
   <trkpt lat="37.7591040" lon="-122.4221330">
    <ele>17.6</ele>
    <time>2026-08-30T22:26:04Z</time>
   </trkpt>
   <trkpt lat="37.7591050" lon="-122.4221200">
    <ele>17.6</ele>
    <time>2026-08-30T22:26:05Z</time>
   </trkpt>
   <trkpt lat="37.7591030" lon="-122.4221070">
    <ele>17.6</ele>
    <time>2026-08-30T22:26:06Z</time>
   </trkpt>
   <trkpt lat="37.7591030" lon="-122.4220950">
    <ele>17.6</ele>
    <time>2026-08-30T22:26:07Z</time>
   </trkpt>
   <trkpt lat="37.7591070" lon="-122.4220850">
    <ele>17.6</ele>
    <time>2026-08-30T22:26:08Z</time>
   </trkpt>
   <trkpt lat="37.7591140" lon="-122.4220770">
    <ele>17.6</ele>
    <time>2026-08-30T22:26:09Z</time>
   </trkpt>
   <trkpt lat="37.7591220" lon="-122.4220710">
    <ele>17.6</ele>
    <time>2026-08-30T22:26:10Z</time>
   </trkpt>
   <trkpt lat="37.7591310" lon="-122.4220660">
    <ele>17.6</ele>
    <time>2026-08-30T22:26:11Z</time>
   </trkpt>
   <trkpt lat="37.7591380" lon="-122.4220670">
    <ele>17.6</ele>
    <time>2026-08-30T22:26:12Z</time>
   </trkpt>
   <trkpt lat="37.7591430" lon="-122.4220680">
    <ele>17.6</ele>
    <time>2026-08-30T22:26:13Z</time>
   </trkpt>
   <trkpt lat="37.7591460" lon="-122.4220710">
    <ele>17.6</ele>
    <time>2026-08-30T22:26:14Z</time>
   </trkpt>
   <trkpt lat="37.7591460" lon="-122.4220780">
    <ele>17.6</ele>
    <time>2026-08-30T22:26:15Z</time>
   </trkpt>
   <trkpt lat="37.7591440" lon="-122.4220890">
    <ele>17.6</ele>
    <time>2026-08-30T22:26:16Z</time>
   </trkpt>
   <trkpt lat="37.7591410" lon="-122.4221020">
    <ele>17.6</ele>
    <time>2026-08-30T22:26:17Z</time>
   </trkpt>
   <trkpt lat="37.7591360" lon="-122.4221200">
    <ele>17.6</ele>
    <time>2026-08-30T22:26:18Z</time>
   </trkpt>
   <trkpt lat="37.7591320" lon="-122.4221390">
    <ele>17.6</ele>
    <time>2026-08-30T22:26:19Z</time>
   </trkpt>
   <trkpt lat="37.7591320" lon="-122.4221580">
    <ele>17.5</ele>
    <time>2026-08-30T22:26:20Z</time>
   </trkpt>
   <trkpt lat="37.7591340" lon="-122.4221760">
    <ele>17.5</ele>
    <time>2026-08-30T22:26:21Z</time>
   </trkpt>
   <trkpt lat="37.7591400" lon="-122.4221920">
    <ele>17.5</ele>
    <time>2026-08-30T22:26:22Z</time>
   </trkpt>
   <trkpt lat="37.7591500" lon="-122.4222070">
    <ele>17.5</ele>
    <time>2026-08-30T22:26:23Z</time>
   </trkpt>
   <trkpt lat="37.7591580" lon="-122.4222220">
    <ele>17.5</ele>
    <time>2026-08-30T22:26:24Z</time>
   </trkpt>
   <trkpt lat="37.7591580" lon="-122.4222220">
    <ele>17.5</ele>
    <time>2026-08-30T22:26:25Z</time>
   </trkpt>
   <trkpt lat="37.7591640" lon="-122.4222350">
    <ele>17.5</ele>
    <time>2026-08-30T22:26:26Z</time>
   </trkpt>
   <trkpt lat="37.7591710" lon="-122.4222480">
    <ele>17.4</ele>
    <time>2026-08-30T22:26:27Z</time>
   </trkpt>
   <trkpt lat="37.7591750" lon="-122.4222590">
    <ele>17.4</ele>
    <time>2026-08-30T22:26:28Z</time>
   </trkpt>
   <trkpt lat="37.7591760" lon="-122.4222670">
    <ele>17.4</ele>
    <time>2026-08-30T22:26:29Z</time>
   </trkpt>
   <trkpt lat="37.7591760" lon="-122.4222640">
    <ele>17.4</ele>
    <time>2026-08-30T22:26:30Z</time>
   </trkpt>
   <trkpt lat="37.7591770" lon="-122.4222540">
    <ele>17.4</ele>
    <time>2026-08-30T22:26:31Z</time>
   </trkpt>
   <trkpt lat="37.7591820" lon="-122.4222360">
    <ele>17.4</ele>
    <time>2026-08-30T22:26:32Z</time>
   </trkpt>
   <trkpt lat="37.7591870" lon="-122.4222070">
    <ele>17.4</ele>
    <time>2026-08-30T22:26:33Z</time>
   </trkpt>
   <trkpt lat="37.7591900" lon="-122.4221690">
    <ele>17.5</ele>
    <time>2026-08-30T22:26:34Z</time>
   </trkpt>
   <trkpt lat="37.7591890" lon="-122.4220830">
    <ele>17.5</ele>
    <time>2026-08-30T22:26:35Z</time>
   </trkpt>
   <trkpt lat="37.7591860" lon="-122.4220390">
    <ele>17.5</ele>
    <time>2026-08-30T22:26:36Z</time>
   </trkpt>
   <trkpt lat="37.7591830" lon="-122.4219960">
    <ele>17.5</ele>
    <time>2026-08-30T22:26:37Z</time>
   </trkpt>
   <trkpt lat="37.7591800" lon="-122.4219500">
    <ele>17.6</ele>
    <time>2026-08-30T22:26:38Z</time>
   </trkpt>
   <trkpt lat="37.7591790" lon="-122.4218990">
    <ele>17.6</ele>
    <time>2026-08-30T22:26:39Z</time>
   </trkpt>
   <trkpt lat="37.7591800" lon="-122.4218580">
    <ele>17.6</ele>
    <time>2026-08-30T22:26:40Z</time>
   </trkpt>
   <trkpt lat="37.7591820" lon="-122.4218330">
    <ele>17.6</ele>
    <time>2026-08-30T22:26:41Z</time>
   </trkpt>
   <trkpt lat="37.7591840" lon="-122.4218180">
    <ele>17.6</ele>
    <time>2026-08-30T22:26:42Z</time>
   </trkpt>
   <trkpt lat="37.7591870" lon="-122.4218160">
    <ele>17.6</ele>
    <time>2026-08-30T22:26:43Z</time>
   </trkpt>
   <trkpt lat="37.7591900" lon="-122.4218270">
    <ele>17.6</ele>
    <time>2026-08-30T22:26:44Z</time>
   </trkpt>
   <trkpt lat="37.7591890" lon="-122.4218500">
    <ele>17.6</ele>
    <time>2026-08-30T22:26:45Z</time>
   </trkpt>
   <trkpt lat="37.7591860" lon="-122.4218840">
    <ele>17.6</ele>
    <time>2026-08-30T22:26:46Z</time>
   </trkpt>
   <trkpt lat="37.7591810" lon="-122.4219240">
    <ele>17.6</ele>
    <time>2026-08-30T22:26:47Z</time>
   </trkpt>
   <trkpt lat="37.7591750" lon="-122.4219650">
    <ele>17.6</ele>
    <time>2026-08-30T22:26:48Z</time>
   </trkpt>
   <trkpt lat="37.7591700" lon="-122.4220050">
    <ele>17.6</ele>
    <time>2026-08-30T22:26:49Z</time>
   </trkpt>
   <trkpt lat="37.7591630" lon="-122.4220430">
    <ele>17.6</ele>
    <time>2026-08-30T22:26:50Z</time>
   </trkpt>
   <trkpt lat="37.7591560" lon="-122.4220750">
    <ele>17.5</ele>
    <time>2026-08-30T22:26:51Z</time>
   </trkpt>
   <trkpt lat="37.7591510" lon="-122.4221000">
    <ele>17.5</ele>
    <time>2026-08-30T22:26:52Z</time>
   </trkpt>
   <trkpt lat="37.7591440" lon="-122.4221170">
    <ele>17.6</ele>
    <time>2026-08-30T22:26:53Z</time>
   </trkpt>
   <trkpt lat="37.7591420" lon="-122.4221320">
    <ele>17.6</ele>
    <time>2026-08-30T22:26:54Z</time>
   </trkpt>
   <trkpt lat="37.7591420" lon="-122.4221440">
    <ele>17.6</ele>
    <time>2026-08-30T22:26:55Z</time>
   </trkpt>
   <trkpt lat="37.7591450" lon="-122.4221530">
    <ele>17.6</ele>
    <time>2026-08-30T22:26:56Z</time>
   </trkpt>
   <trkpt lat="37.7591540" lon="-122.4221590">
    <ele>17.5</ele>
    <time>2026-08-30T22:26:57Z</time>
   </trkpt>
   <trkpt lat="37.7591660" lon="-122.4221560">
    <ele>17.5</ele>
    <time>2026-08-30T22:26:58Z</time>
   </trkpt>
   <trkpt lat="37.7591740" lon="-122.4221360">
    <ele>17.5</ele>
    <time>2026-08-30T22:26:59Z</time>
   </trkpt>
   <trkpt lat="37.7591780" lon="-122.4221030">
    <ele>17.5</ele>
    <time>2026-08-30T22:27:00Z</time>
   </trkpt>
   <trkpt lat="37.7591770" lon="-122.4220630">
    <ele>17.6</ele>
    <time>2026-08-30T22:27:01Z</time>
   </trkpt>
   <trkpt lat="37.7591760" lon="-122.4220220">
    <ele>17.6</ele>
    <time>2026-08-30T22:27:02Z</time>
   </trkpt>
   <trkpt lat="37.7591720" lon="-122.4219830">
    <ele>17.6</ele>
    <time>2026-08-30T22:27:03Z</time>
   </trkpt>
   <trkpt lat="37.7591680" lon="-122.4219500">
    <ele>17.6</ele>
    <time>2026-08-30T22:27:04Z</time>
   </trkpt>
   <trkpt lat="37.7591630" lon="-122.4219280">
    <ele>17.6</ele>
    <time>2026-08-30T22:27:05Z</time>
   </trkpt>
   <trkpt lat="37.7591610" lon="-122.4219140">
    <ele>17.6</ele>
    <time>2026-08-30T22:27:06Z</time>
   </trkpt>
   <trkpt lat="37.7591590" lon="-122.4219080">
    <ele>17.6</ele>
    <time>2026-08-30T22:27:07Z</time>
   </trkpt>
   <trkpt lat="37.7591560" lon="-122.4219080">
    <ele>17.6</ele>
    <time>2026-08-30T22:27:08Z</time>
   </trkpt>
   <trkpt lat="37.7591520" lon="-122.4219080">
    <ele>17.6</ele>
    <time>2026-08-30T22:27:09Z</time>
   </trkpt>
   <trkpt lat="37.7591490" lon="-122.4219080">
    <ele>17.6</ele>
    <time>2026-08-30T22:27:10Z</time>
   </trkpt>
   <trkpt lat="37.7591460" lon="-122.4219110">
    <ele>17.6</ele>
    <time>2026-08-30T22:27:11Z</time>
   </trkpt>
   <trkpt lat="37.7591420" lon="-122.4219170">
    <ele>17.6</ele>
    <time>2026-08-30T22:27:12Z</time>
   </trkpt>
   <trkpt lat="37.7591390" lon="-122.4219210">
    <ele>17.6</ele>
    <time>2026-08-30T22:27:13Z</time>
   </trkpt>
   <trkpt lat="37.7591370" lon="-122.4219230">
    <ele>17.6</ele>
    <time>2026-08-30T22:27:14Z</time>
   </trkpt>
   <trkpt lat="37.7591380" lon="-122.4219260">
    <ele>17.6</ele>
    <time>2026-08-30T22:27:15Z</time>
   </trkpt>
   <trkpt lat="37.7591390" lon="-122.4219280">
    <ele>17.6</ele>
    <time>2026-08-30T22:27:16Z</time>
   </trkpt>
   <trkpt lat="37.7591430" lon="-122.4219300">
    <ele>17.6</ele>
    <time>2026-08-30T22:27:17Z</time>
   </trkpt>
   <trkpt lat="37.7591480" lon="-122.4219290">
    <ele>17.6</ele>
    <time>2026-08-30T22:27:18Z</time>
   </trkpt>
   <trkpt lat="37.7591520" lon="-122.4219280">
    <ele>17.6</ele>
    <time>2026-08-30T22:27:19Z</time>
   </trkpt>
   <trkpt lat="37.7591580" lon="-122.4219240">
    <ele>17.6</ele>
    <time>2026-08-30T22:27:20Z</time>
   </trkpt>
   <trkpt lat="37.7591650" lon="-122.4219170">
    <ele>17.6</ele>
    <time>2026-08-30T22:27:21Z</time>
   </trkpt>
   <trkpt lat="37.7591760" lon="-122.4219090">
    <ele>17.6</ele>
    <time>2026-08-30T22:27:22Z</time>
   </trkpt>
   <trkpt lat="37.7591810" lon="-122.4219050">
    <ele>17.6</ele>
    <time>2026-08-30T22:27:23Z</time>
   </trkpt>
   <trkpt lat="37.7591830" lon="-122.4219050">
    <ele>17.6</ele>
    <time>2026-08-30T22:27:24Z</time>
   </trkpt>
   <trkpt lat="37.7591830" lon="-122.4219080">
    <ele>17.6</ele>
    <time>2026-08-30T22:27:25Z</time>
   </trkpt>
   <trkpt lat="37.7591840" lon="-122.4219140">
    <ele>17.6</ele>
    <time>2026-08-30T22:27:26Z</time>
   </trkpt>
   <trkpt lat="37.7591850" lon="-122.4219200">
    <ele>17.6</ele>
    <time>2026-08-30T22:27:27Z</time>
   </trkpt>
   <trkpt lat="37.7591860" lon="-122.4219260">
    <ele>17.6</ele>
    <time>2026-08-30T22:27:28Z</time>
   </trkpt>
   <trkpt lat="37.7591880" lon="-122.4219340">
    <ele>17.6</ele>
    <time>2026-08-30T22:27:29Z</time>
   </trkpt>
   <trkpt lat="37.7591870" lon="-122.4219430">
    <ele>17.6</ele>
    <time>2026-08-30T22:27:30Z</time>
   </trkpt>
   <trkpt lat="37.7591860" lon="-122.4219560">
    <ele>17.6</ele>
    <time>2026-08-30T22:27:31Z</time>
   </trkpt>
   <trkpt lat="37.7591840" lon="-122.4219690">
    <ele>17.6</ele>
    <time>2026-08-30T22:27:32Z</time>
   </trkpt>
   <trkpt lat="37.7591790" lon="-122.4219820">
    <ele>17.6</ele>
    <time>2026-08-30T22:27:33Z</time>
   </trkpt>
   <trkpt lat="37.7591730" lon="-122.4219950">
    <ele>17.6</ele>
    <time>2026-08-30T22:27:34Z</time>
   </trkpt>
   <trkpt lat="37.7591680" lon="-122.4220080">
    <ele>17.6</ele>
    <time>2026-08-30T22:27:35Z</time>
   </trkpt>
   <trkpt lat="37.7591610" lon="-122.4220210">
    <ele>17.6</ele>
    <time>2026-08-30T22:27:36Z</time>
   </trkpt>
   <trkpt lat="37.7591520" lon="-122.4220350">
    <ele>17.6</ele>
    <time>2026-08-30T22:27:37Z</time>
   </trkpt>
   <trkpt lat="37.7591390" lon="-122.4220470">
    <ele>17.6</ele>
    <time>2026-08-30T22:27:38Z</time>
   </trkpt>
   <trkpt lat="37.7591250" lon="-122.4220570">
    <ele>17.6</ele>
    <time>2026-08-30T22:27:39Z</time>
   </trkpt>
   <trkpt lat="37.7591140" lon="-122.4220630">
    <ele>17.6</ele>
    <time>2026-08-30T22:27:40Z</time>
   </trkpt>
   <trkpt lat="37.7591040" lon="-122.4220670">
    <ele>17.6</ele>
    <time>2026-08-30T22:27:41Z</time>
   </trkpt>
   <trkpt lat="37.7590940" lon="-122.4220690">
    <ele>17.6</ele>
    <time>2026-08-30T22:27:42Z</time>
   </trkpt>
   <trkpt lat="37.7590820" lon="-122.4220760">
    <ele>17.6</ele>
    <time>2026-08-30T22:27:43Z</time>
   </trkpt>
   <trkpt lat="37.7590710" lon="-122.4220820">
    <ele>17.6</ele>
    <time>2026-08-30T22:27:44Z</time>
   </trkpt>
   <trkpt lat="37.7590590" lon="-122.4220850">
    <ele>17.6</ele>
    <time>2026-08-30T22:27:45Z</time>
   </trkpt>
   <trkpt lat="37.7590470" lon="-122.4220880">
    <ele>17.6</ele>
    <time>2026-08-30T22:27:46Z</time>
   </trkpt>
   <trkpt lat="37.7590360" lon="-122.4220890">
    <ele>17.7</ele>
    <time>2026-08-30T22:27:47Z</time>
   </trkpt>
   <trkpt lat="37.7590260" lon="-122.4220920">
    <ele>17.7</ele>
    <time>2026-08-30T22:27:48Z</time>
   </trkpt>
   <trkpt lat="37.7590160" lon="-122.4220980">
    <ele>17.7</ele>
    <time>2026-08-30T22:27:49Z</time>
   </trkpt>
   <trkpt lat="37.7590050" lon="-122.4221040">
    <ele>17.7</ele>
    <time>2026-08-30T22:27:50Z</time>
   </trkpt>
   <trkpt lat="37.7589920" lon="-122.4221070">
    <ele>17.7</ele>
    <time>2026-08-30T22:27:51Z</time>
   </trkpt>
   <trkpt lat="37.7589760" lon="-122.4221080">
    <ele>17.7</ele>
    <time>2026-08-30T22:27:52Z</time>
   </trkpt>
   <trkpt lat="37.7589580" lon="-122.4221100">
    <ele>17.7</ele>
    <time>2026-08-30T22:27:53Z</time>
   </trkpt>
   <trkpt lat="37.7589390" lon="-122.4221100">
    <ele>17.7</ele>
    <time>2026-08-30T22:27:54Z</time>
   </trkpt>
   <trkpt lat="37.7589150" lon="-122.4221090">
    <ele>17.7</ele>
    <time>2026-08-30T22:27:55Z</time>
   </trkpt>
   <trkpt lat="37.7588910" lon="-122.4221030">
    <ele>17.8</ele>
    <time>2026-08-30T22:27:56Z</time>
   </trkpt>
   <trkpt lat="37.7588630" lon="-122.4220900">
    <ele>18.1</ele>
    <time>2026-08-30T22:27:57Z</time>
   </trkpt>
   <trkpt lat="37.7588380" lon="-122.4220750">
    <ele>18.6</ele>
    <time>2026-08-30T22:27:58Z</time>
   </trkpt>
   <trkpt lat="37.7588180" lon="-122.4220600">
    <ele>18.6</ele>
    <time>2026-08-30T22:27:59Z</time>
   </trkpt>
   <trkpt lat="37.7588190" lon="-122.4220600">
    <ele>18.6</ele>
    <time>2026-08-30T22:28:00Z</time>
   </trkpt>
   <trkpt lat="37.7588200" lon="-122.4220610">
    <ele>18.6</ele>
    <time>2026-08-30T22:28:01Z</time>
   </trkpt>
   <trkpt lat="37.7588210" lon="-122.4220610">
    <ele>18.6</ele>
    <time>2026-08-30T22:28:02Z</time>
   </trkpt>
   <trkpt lat="37.7588220" lon="-122.4220610">
    <ele>18.6</ele>
    <time>2026-08-30T22:28:03Z</time>
   </trkpt>
   <trkpt lat="37.7588230" lon="-122.4220610">
    <ele>18.6</ele>
    <time>2026-08-30T22:28:04Z</time>
   </trkpt>
   <trkpt lat="37.7589760" lon="-122.4221020">
    <ele>17.7</ele>
    <time>2026-08-30T22:30:45Z</time>
   </trkpt>
   <trkpt lat="37.7589770" lon="-122.4221020">
    <ele>17.7</ele>
    <time>2026-08-30T22:30:46Z</time>
   </trkpt>
   <trkpt lat="37.7589750" lon="-122.4221050">
    <ele>17.7</ele>
    <time>2026-08-30T22:30:47Z</time>
   </trkpt>
   <trkpt lat="37.7589730" lon="-122.4221070">
    <ele>17.7</ele>
    <time>2026-08-30T22:30:48Z</time>
   </trkpt>
   <trkpt lat="37.7589740" lon="-122.4221070">
    <ele>17.7</ele>
    <time>2026-08-30T22:30:49Z</time>
   </trkpt>
   <trkpt lat="37.7589770" lon="-122.4221070">
    <ele>17.7</ele>
    <time>2026-08-30T22:30:50Z</time>
   </trkpt>
   <trkpt lat="37.7589810" lon="-122.4221070">
    <ele>17.7</ele>
    <time>2026-08-30T22:30:51Z</time>
   </trkpt>
   <trkpt lat="37.7589840" lon="-122.4221100">
    <ele>17.7</ele>
    <time>2026-08-30T22:30:52Z</time>
   </trkpt>
   <trkpt lat="37.7589900" lon="-122.4221170">
    <ele>17.7</ele>
    <time>2026-08-30T22:30:53Z</time>
   </trkpt>
   <trkpt lat="37.7589960" lon="-122.4221260">
    <ele>17.7</ele>
    <time>2026-08-30T22:30:54Z</time>
   </trkpt>
   <trkpt lat="37.7590010" lon="-122.4221380">
    <ele>17.7</ele>
    <time>2026-08-30T22:30:55Z</time>
   </trkpt>
   <trkpt lat="37.7590060" lon="-122.4221470">
    <ele>17.7</ele>
    <time>2026-08-30T22:30:56Z</time>
   </trkpt>
   <trkpt lat="37.7590110" lon="-122.4221520">
    <ele>17.7</ele>
    <time>2026-08-30T22:30:57Z</time>
   </trkpt>
   <trkpt lat="37.7590140" lon="-122.4221520">
    <ele>17.7</ele>
    <time>2026-08-30T22:30:58Z</time>
   </trkpt>
   <trkpt lat="37.7590170" lon="-122.4221490">
    <ele>17.7</ele>
    <time>2026-08-30T22:30:59Z</time>
   </trkpt>
   <trkpt lat="37.7590210" lon="-122.4221450">
    <ele>17.7</ele>
    <time>2026-08-30T22:31:00Z</time>
   </trkpt>
   <trkpt lat="37.7590240" lon="-122.4221410">
    <ele>17.7</ele>
    <time>2026-08-30T22:31:01Z</time>
   </trkpt>
   <trkpt lat="37.7590260" lon="-122.4221340">
    <ele>17.7</ele>
    <time>2026-08-30T22:31:02Z</time>
   </trkpt>
   <trkpt lat="37.7590250" lon="-122.4221250">
    <ele>17.7</ele>
    <time>2026-08-30T22:31:03Z</time>
   </trkpt>
   <trkpt lat="37.7590230" lon="-122.4221140">
    <ele>17.7</ele>
    <time>2026-08-30T22:31:04Z</time>
   </trkpt>
   <trkpt lat="37.7590210" lon="-122.4221000">
    <ele>17.7</ele>
    <time>2026-08-30T22:31:05Z</time>
   </trkpt>
   <trkpt lat="37.7590190" lon="-122.4220890">
    <ele>17.7</ele>
    <time>2026-08-30T22:31:06Z</time>
   </trkpt>
   <trkpt lat="37.7590210" lon="-122.4220780">
    <ele>17.7</ele>
    <time>2026-08-30T22:31:07Z</time>
   </trkpt>
   <trkpt lat="37.7590240" lon="-122.4220690">
    <ele>17.7</ele>
    <time>2026-08-30T22:31:08Z</time>
   </trkpt>
   <trkpt lat="37.7590280" lon="-122.4220630">
    <ele>17.7</ele>
    <time>2026-08-30T22:31:09Z</time>
   </trkpt>
   <trkpt lat="37.7590310" lon="-122.4220570">
    <ele>17.7</ele>
    <time>2026-08-30T22:31:10Z</time>
   </trkpt>
   <trkpt lat="37.7590360" lon="-122.4220520">
    <ele>17.7</ele>
    <time>2026-08-30T22:31:11Z</time>
   </trkpt>
   <trkpt lat="37.7590370" lon="-122.4220410">
    <ele>17.7</ele>
    <time>2026-08-30T22:31:12Z</time>
   </trkpt>
   <trkpt lat="37.7590370" lon="-122.4220280">
    <ele>17.7</ele>
    <time>2026-08-30T22:31:13Z</time>
   </trkpt>
   <trkpt lat="37.7590370" lon="-122.4220170">
    <ele>17.7</ele>
    <time>2026-08-30T22:31:14Z</time>
   </trkpt>
   <trkpt lat="37.7590370" lon="-122.4220170">
    <ele>17.7</ele>
    <time>2026-08-30T22:31:15Z</time>
   </trkpt>
   <trkpt lat="37.7590390" lon="-122.4220080">
    <ele>17.7</ele>
    <time>2026-08-30T22:31:16Z</time>
   </trkpt>
   <trkpt lat="37.7590450" lon="-122.4220020">
    <ele>17.6</ele>
    <time>2026-08-30T22:31:17Z</time>
   </trkpt>
   <trkpt lat="37.7590520" lon="-122.4219970">
    <ele>17.6</ele>
    <time>2026-08-30T22:31:18Z</time>
   </trkpt>
   <trkpt lat="37.7590580" lon="-122.4219920">
    <ele>17.6</ele>
    <time>2026-08-30T22:31:19Z</time>
   </trkpt>
   <trkpt lat="37.7590620" lon="-122.4219870">
    <ele>17.6</ele>
    <time>2026-08-30T22:31:20Z</time>
   </trkpt>
   <trkpt lat="37.7590610" lon="-122.4219840">
    <ele>17.7</ele>
    <time>2026-08-30T22:31:21Z</time>
   </trkpt>
   <trkpt lat="37.7590550" lon="-122.4219850">
    <ele>17.6</ele>
    <time>2026-08-30T22:31:22Z</time>
   </trkpt>
   <trkpt lat="37.7590430" lon="-122.4219870">
    <ele>17.7</ele>
    <time>2026-08-30T22:31:23Z</time>
   </trkpt>
   <trkpt lat="37.7590400" lon="-122.4219880">
    <ele>17.7</ele>
    <time>2026-08-30T22:31:24Z</time>
   </trkpt>
   <trkpt lat="37.7590400" lon="-122.4219880">
    <ele>17.7</ele>
    <time>2026-08-30T22:31:25Z</time>
   </trkpt>
   <trkpt lat="37.7590380" lon="-122.4219950">
    <ele>17.7</ele>
    <time>2026-08-30T22:31:26Z</time>
   </trkpt>
   <trkpt lat="37.7590380" lon="-122.4220000">
    <ele>17.7</ele>
    <time>2026-08-30T22:31:27Z</time>
   </trkpt>
   <trkpt lat="37.7590400" lon="-122.4220060">
    <ele>17.7</ele>
    <time>2026-08-30T22:31:28Z</time>
   </trkpt>
   <trkpt lat="37.7590450" lon="-122.4220150">
    <ele>17.6</ele>
    <time>2026-08-30T22:31:29Z</time>
   </trkpt>
   <trkpt lat="37.7590520" lon="-122.4220240">
    <ele>17.6</ele>
    <time>2026-08-30T22:31:30Z</time>
   </trkpt>
   <trkpt lat="37.7590590" lon="-122.4220320">
    <ele>17.6</ele>
    <time>2026-08-30T22:31:31Z</time>
   </trkpt>
   <trkpt lat="37.7590620" lon="-122.4220360">
    <ele>17.6</ele>
    <time>2026-08-30T22:31:32Z</time>
   </trkpt>
   <trkpt lat="37.7590620" lon="-122.4220390">
    <ele>17.6</ele>
    <time>2026-08-30T22:31:33Z</time>
   </trkpt>
   <trkpt lat="37.7590580" lon="-122.4220430">
    <ele>17.6</ele>
    <time>2026-08-30T22:31:34Z</time>
   </trkpt>
   <trkpt lat="37.7590530" lon="-122.4220460">
    <ele>17.6</ele>
    <time>2026-08-30T22:31:35Z</time>
   </trkpt>
   <trkpt lat="37.7590460" lon="-122.4220470">
    <ele>17.6</ele>
    <time>2026-08-30T22:31:36Z</time>
   </trkpt>
   <trkpt lat="37.7590400" lon="-122.4220440">
    <ele>17.7</ele>
    <time>2026-08-30T22:31:37Z</time>
   </trkpt>
   <trkpt lat="37.7590330" lon="-122.4220340">
    <ele>17.7</ele>
    <time>2026-08-30T22:31:38Z</time>
   </trkpt>
   <trkpt lat="37.7590300" lon="-122.4220210">
    <ele>17.7</ele>
    <time>2026-08-30T22:31:39Z</time>
   </trkpt>
   <trkpt lat="37.7590300" lon="-122.4220050">
    <ele>17.7</ele>
    <time>2026-08-30T22:31:40Z</time>
   </trkpt>
   <trkpt lat="37.7590290" lon="-122.4219860">
    <ele>17.7</ele>
    <time>2026-08-30T22:31:41Z</time>
   </trkpt>
   <trkpt lat="37.7590280" lon="-122.4219690">
    <ele>17.7</ele>
    <time>2026-08-30T22:31:42Z</time>
   </trkpt>
   <trkpt lat="37.7590260" lon="-122.4219560">
    <ele>17.7</ele>
    <time>2026-08-30T22:31:43Z</time>
   </trkpt>
   <trkpt lat="37.7590260" lon="-122.4219470">
    <ele>17.7</ele>
    <time>2026-08-30T22:31:44Z</time>
   </trkpt>
   <trkpt lat="37.7590280" lon="-122.4219410">
    <ele>17.7</ele>
    <time>2026-08-30T22:31:45Z</time>
   </trkpt>
   <trkpt lat="37.7590310" lon="-122.4219390">
    <ele>17.7</ele>
    <time>2026-08-30T22:31:46Z</time>
   </trkpt>
   <trkpt lat="37.7590340" lon="-122.4219430">
    <ele>17.7</ele>
    <time>2026-08-30T22:31:47Z</time>
   </trkpt>
   <trkpt lat="37.7590360" lon="-122.4219510">
    <ele>17.7</ele>
    <time>2026-08-30T22:31:48Z</time>
   </trkpt>
   <trkpt lat="37.7590360" lon="-122.4219620">
    <ele>17.7</ele>
    <time>2026-08-30T22:31:49Z</time>
   </trkpt>
   <trkpt lat="37.7590320" lon="-122.4219770">
    <ele>17.7</ele>
    <time>2026-08-30T22:31:50Z</time>
   </trkpt>
   <trkpt lat="37.7590280" lon="-122.4219960">
    <ele>17.7</ele>
    <time>2026-08-30T22:31:51Z</time>
   </trkpt>
   <trkpt lat="37.7590220" lon="-122.4220160">
    <ele>17.7</ele>
    <time>2026-08-30T22:31:52Z</time>
   </trkpt>
   <trkpt lat="37.7590110" lon="-122.4220320">
    <ele>17.7</ele>
    <time>2026-08-30T22:31:53Z</time>
   </trkpt>
   <trkpt lat="37.7589970" lon="-122.4220450">
    <ele>17.7</ele>
    <time>2026-08-30T22:31:54Z</time>
   </trkpt>
   <trkpt lat="37.7589840" lon="-122.4220530">
    <ele>17.7</ele>
    <time>2026-08-30T22:31:55Z</time>
   </trkpt>
   <trkpt lat="37.7589840" lon="-122.4220460">
    <ele>17.7</ele>
    <time>2026-08-30T22:31:56Z</time>
   </trkpt>
   <trkpt lat="37.7589830" lon="-122.4220360">
    <ele>17.7</ele>
    <time>2026-08-30T22:31:57Z</time>
   </trkpt>
   <trkpt lat="37.7589670" lon="-122.4220260">
    <ele>17.7</ele>
    <time>2026-08-30T22:31:58Z</time>
   </trkpt>
   <trkpt lat="37.7589410" lon="-122.4220200">
    <ele>17.7</ele>
    <time>2026-08-30T22:31:59Z</time>
   </trkpt>
   <trkpt lat="37.7589090" lon="-122.4220180">
    <ele>17.7</ele>
    <time>2026-08-30T22:32:00Z</time>
   </trkpt>
   <trkpt lat="37.7588770" lon="-122.4220210">
    <ele>17.9</ele>
    <time>2026-08-30T22:32:01Z</time>
   </trkpt>
   <trkpt lat="37.7588470" lon="-122.4220260">
    <ele>18.2</ele>
    <time>2026-08-30T22:32:02Z</time>
   </trkpt>
   <trkpt lat="37.7588220" lon="-122.4220320">
    <ele>18.6</ele>
    <time>2026-08-30T22:32:03Z</time>
   </trkpt>
   <trkpt lat="37.7588070" lon="-122.4220380">
    <ele>18.6</ele>
    <time>2026-08-30T22:32:04Z</time>
   </trkpt>
   <trkpt lat="37.7587990" lon="-122.4220470">
    <ele>19.2</ele>
    <time>2026-08-30T22:32:05Z</time>
   </trkpt>
   <trkpt lat="37.7587980" lon="-122.4220560">
    <ele>19.2</ele>
    <time>2026-08-30T22:32:06Z</time>
   </trkpt>
   <trkpt lat="37.7587990" lon="-122.4220680">
    <ele>19.2</ele>
    <time>2026-08-30T22:32:07Z</time>
   </trkpt>
   <trkpt lat="37.7588020" lon="-122.4220840">
    <ele>19.2</ele>
    <time>2026-08-30T22:32:08Z</time>
   </trkpt>
   <trkpt lat="37.7588030" lon="-122.4221040">
    <ele>19.2</ele>
    <time>2026-08-30T22:32:09Z</time>
   </trkpt>
   <trkpt lat="37.7588060" lon="-122.4221240">
    <ele>19.4</ele>
    <time>2026-08-30T22:32:10Z</time>
   </trkpt>
   <trkpt lat="37.7588130" lon="-122.4221380">
    <ele>18.7</ele>
    <time>2026-08-30T22:32:11Z</time>
   </trkpt>
   <trkpt lat="37.7588200" lon="-122.4221500">
    <ele>18.7</ele>
    <time>2026-08-30T22:32:12Z</time>
   </trkpt>
   <trkpt lat="37.7588240" lon="-122.4221590">
    <ele>18.9</ele>
    <time>2026-08-30T22:32:13Z</time>
   </trkpt>
   <trkpt lat="37.7588300" lon="-122.4221650">
    <ele>18.9</ele>
    <time>2026-08-30T22:32:14Z</time>
   </trkpt>
   <trkpt lat="37.7588370" lon="-122.4221700">
    <ele>18.9</ele>
    <time>2026-08-30T22:32:15Z</time>
   </trkpt>
   <trkpt lat="37.7588490" lon="-122.4221750">
    <ele>18.2</ele>
    <time>2026-08-30T22:32:16Z</time>
   </trkpt>
   <trkpt lat="37.7588640" lon="-122.4221810">
    <ele>18.2</ele>
    <time>2026-08-30T22:32:17Z</time>
   </trkpt>
   <trkpt lat="37.7588850" lon="-122.4221800">
    <ele>17.8</ele>
    <time>2026-08-30T22:32:18Z</time>
   </trkpt>
   <trkpt lat="37.7589080" lon="-122.4221720">
    <ele>17.8</ele>
    <time>2026-08-30T22:32:19Z</time>
   </trkpt>
   <trkpt lat="37.7589270" lon="-122.4221600">
    <ele>17.7</ele>
    <time>2026-08-30T22:32:20Z</time>
   </trkpt>
   <trkpt lat="37.7589370" lon="-122.4221500">
    <ele>17.7</ele>
    <time>2026-08-30T22:32:21Z</time>
   </trkpt>
   <trkpt lat="37.7589400" lon="-122.4221410">
    <ele>17.7</ele>
    <time>2026-08-30T22:32:22Z</time>
   </trkpt>
   <trkpt lat="37.7589450" lon="-122.4221330">
    <ele>17.7</ele>
    <time>2026-08-30T22:32:23Z</time>
   </trkpt>
   <trkpt lat="37.7589510" lon="-122.4221270">
    <ele>17.7</ele>
    <time>2026-08-30T22:32:24Z</time>
   </trkpt>
   <trkpt lat="37.7589550" lon="-122.4221280">
    <ele>17.7</ele>
    <time>2026-08-30T22:32:25Z</time>
   </trkpt>
   <trkpt lat="37.7589620" lon="-122.4221350">
    <ele>17.7</ele>
    <time>2026-08-30T22:32:26Z</time>
   </trkpt>
   <trkpt lat="37.7589720" lon="-122.4221480">
    <ele>17.7</ele>
    <time>2026-08-30T22:32:27Z</time>
   </trkpt>
   <trkpt lat="37.7589880" lon="-122.4221650">
    <ele>17.7</ele>
    <time>2026-08-30T22:32:28Z</time>
   </trkpt>
   <trkpt lat="37.7590090" lon="-122.4221830">
    <ele>17.7</ele>
    <time>2026-08-30T22:32:29Z</time>
   </trkpt>
   <trkpt lat="37.7590310" lon="-122.4222000">
    <ele>17.6</ele>
    <time>2026-08-30T22:32:30Z</time>
   </trkpt>
   <trkpt lat="37.7590520" lon="-122.4222100">
    <ele>17.6</ele>
    <time>2026-08-30T22:32:31Z</time>
   </trkpt>
   <trkpt lat="37.7590730" lon="-122.4222160">
    <ele>17.6</ele>
    <time>2026-08-30T22:32:32Z</time>
   </trkpt>
   <trkpt lat="37.7590920" lon="-122.4222180">
    <ele>17.5</ele>
    <time>2026-08-30T22:32:33Z</time>
   </trkpt>
   <trkpt lat="37.7591050" lon="-122.4222150">
    <ele>17.5</ele>
    <time>2026-08-30T22:32:34Z</time>
   </trkpt>
   <trkpt lat="37.7591130" lon="-122.4222060">
    <ele>17.5</ele>
    <time>2026-08-30T22:32:35Z</time>
   </trkpt>
   <trkpt lat="37.7591160" lon="-122.4221940">
    <ele>17.5</ele>
    <time>2026-08-30T22:32:36Z</time>
   </trkpt>
   <trkpt lat="37.7591130" lon="-122.4221830">
    <ele>17.5</ele>
    <time>2026-08-30T22:32:37Z</time>
   </trkpt>
   <trkpt lat="37.7591080" lon="-122.4221750">
    <ele>17.6</ele>
    <time>2026-08-30T22:32:38Z</time>
   </trkpt>
   <trkpt lat="37.7590990" lon="-122.4221680">
    <ele>17.6</ele>
    <time>2026-08-30T22:32:39Z</time>
   </trkpt>
   <trkpt lat="37.7590860" lon="-122.4221600">
    <ele>17.6</ele>
    <time>2026-08-30T22:32:40Z</time>
   </trkpt>
   <trkpt lat="37.7590710" lon="-122.4221490">
    <ele>17.6</ele>
    <time>2026-08-30T22:32:41Z</time>
   </trkpt>
   <trkpt lat="37.7590500" lon="-122.4221360">
    <ele>17.6</ele>
    <time>2026-08-30T22:32:42Z</time>
   </trkpt>
   <trkpt lat="37.7590330" lon="-122.4221180">
    <ele>17.7</ele>
    <time>2026-08-30T22:32:43Z</time>
   </trkpt>
   <trkpt lat="37.7590240" lon="-122.4220980">
    <ele>17.7</ele>
    <time>2026-08-30T22:32:44Z</time>
   </trkpt>
   <trkpt lat="37.7590250" lon="-122.4220820">
    <ele>17.7</ele>
    <time>2026-08-30T22:32:45Z</time>
   </trkpt>
   <trkpt lat="37.7590320" lon="-122.4220700">
    <ele>17.7</ele>
    <time>2026-08-30T22:32:46Z</time>
   </trkpt>
   <trkpt lat="37.7590410" lon="-122.4220580">
    <ele>17.7</ele>
    <time>2026-08-30T22:32:47Z</time>
   </trkpt>
   <trkpt lat="37.7590530" lon="-122.4220400">
    <ele>17.6</ele>
    <time>2026-08-30T22:32:48Z</time>
   </trkpt>
   <trkpt lat="37.7590680" lon="-122.4220190">
    <ele>17.6</ele>
    <time>2026-08-30T22:32:49Z</time>
   </trkpt>
   <trkpt lat="37.7590860" lon="-122.4219940">
    <ele>17.6</ele>
    <time>2026-08-30T22:32:50Z</time>
   </trkpt>
   <trkpt lat="37.7591060" lon="-122.4219720">
    <ele>17.6</ele>
    <time>2026-08-30T22:32:51Z</time>
   </trkpt>
   <trkpt lat="37.7591280" lon="-122.4219530">
    <ele>17.6</ele>
    <time>2026-08-30T22:32:52Z</time>
   </trkpt>
   <trkpt lat="37.7591380" lon="-122.4219450">
    <ele>17.6</ele>
    <time>2026-08-30T22:32:53Z</time>
   </trkpt>
   <trkpt lat="37.7591370" lon="-122.4219490">
    <ele>17.6</ele>
    <time>2026-08-30T22:32:54Z</time>
   </trkpt>
   <trkpt lat="37.7591290" lon="-122.4219580">
    <ele>17.6</ele>
    <time>2026-08-30T22:32:55Z</time>
   </trkpt>
   <trkpt lat="37.7591290" lon="-122.4219580">
    <ele>17.6</ele>
    <time>2026-08-30T22:32:56Z</time>
   </trkpt>
   <trkpt lat="37.7591190" lon="-122.4219730">
    <ele>17.6</ele>
    <time>2026-08-30T22:32:57Z</time>
   </trkpt>
   <trkpt lat="37.7591090" lon="-122.4219940">
    <ele>17.6</ele>
    <time>2026-08-30T22:32:58Z</time>
   </trkpt>
   <trkpt lat="37.7590980" lon="-122.4220190">
    <ele>17.6</ele>
    <time>2026-08-30T22:32:59Z</time>
   </trkpt>
   <trkpt lat="37.7590840" lon="-122.4220490">
    <ele>17.6</ele>
    <time>2026-08-30T22:33:00Z</time>
   </trkpt>
   <trkpt lat="37.7590670" lon="-122.4220800">
    <ele>17.6</ele>
    <time>2026-08-30T22:33:01Z</time>
   </trkpt>
   <trkpt lat="37.7590500" lon="-122.4221110">
    <ele>17.6</ele>
    <time>2026-08-30T22:33:02Z</time>
   </trkpt>
   <trkpt lat="37.7590290" lon="-122.4221590">
    <ele>17.6</ele>
    <time>2026-08-30T22:33:03Z</time>
   </trkpt>
   <trkpt lat="37.7590320" lon="-122.4221710">
    <ele>17.6</ele>
    <time>2026-08-30T22:33:04Z</time>
   </trkpt>
   <trkpt lat="37.7590420" lon="-122.4221750">
    <ele>17.6</ele>
    <time>2026-08-30T22:33:05Z</time>
   </trkpt>
   <trkpt lat="37.7590550" lon="-122.4221690">
    <ele>17.6</ele>
    <time>2026-08-30T22:33:06Z</time>
   </trkpt>
   <trkpt lat="37.7590690" lon="-122.4221540">
    <ele>17.6</ele>
    <time>2026-08-30T22:33:07Z</time>
   </trkpt>
   <trkpt lat="37.7590790" lon="-122.4221340">
    <ele>17.6</ele>
    <time>2026-08-30T22:33:08Z</time>
   </trkpt>
   <trkpt lat="37.7590880" lon="-122.4221090">
    <ele>17.6</ele>
    <time>2026-08-30T22:33:09Z</time>
   </trkpt>
   <trkpt lat="37.7590930" lon="-122.4220810">
    <ele>17.6</ele>
    <time>2026-08-30T22:33:10Z</time>
   </trkpt>
   <trkpt lat="37.7590930" lon="-122.4220490">
    <ele>17.6</ele>
    <time>2026-08-30T22:33:11Z</time>
   </trkpt>
   <trkpt lat="37.7590880" lon="-122.4220140">
    <ele>17.6</ele>
    <time>2026-08-30T22:33:12Z</time>
   </trkpt>
   <trkpt lat="37.7590790" lon="-122.4219790">
    <ele>17.6</ele>
    <time>2026-08-30T22:33:13Z</time>
   </trkpt>
   <trkpt lat="37.7590730" lon="-122.4219470">
    <ele>17.7</ele>
    <time>2026-08-30T22:33:14Z</time>
   </trkpt>
   <trkpt lat="37.7590730" lon="-122.4219190">
    <ele>17.7</ele>
    <time>2026-08-30T22:33:15Z</time>
   </trkpt>
   <trkpt lat="37.7590760" lon="-122.4218980">
    <ele>17.7</ele>
    <time>2026-08-30T22:33:16Z</time>
   </trkpt>
   <trkpt lat="37.7590780" lon="-122.4218860">
    <ele>17.7</ele>
    <time>2026-08-30T22:33:17Z</time>
   </trkpt>
   <trkpt lat="37.7590800" lon="-122.4218820">
    <ele>17.7</ele>
    <time>2026-08-30T22:33:18Z</time>
   </trkpt>
   <trkpt lat="37.7590850" lon="-122.4218890">
    <ele>17.7</ele>
    <time>2026-08-30T22:33:19Z</time>
   </trkpt>
   <trkpt lat="37.7590930" lon="-122.4219030">
    <ele>17.6</ele>
    <time>2026-08-30T22:33:20Z</time>
   </trkpt>
   <trkpt lat="37.7591060" lon="-122.4219230">
    <ele>17.6</ele>
    <time>2026-08-30T22:33:21Z</time>
   </trkpt>
   <trkpt lat="37.7591210" lon="-122.4219450">
    <ele>17.6</ele>
    <time>2026-08-30T22:33:22Z</time>
   </trkpt>
   <trkpt lat="37.7591430" lon="-122.4219720">
    <ele>17.6</ele>
    <time>2026-08-30T22:33:23Z</time>
   </trkpt>
   <trkpt lat="37.7591720" lon="-122.4220060">
    <ele>17.6</ele>
    <time>2026-08-30T22:33:24Z</time>
   </trkpt>
   <trkpt lat="37.7592000" lon="-122.4220370">
    <ele>17.5</ele>
    <time>2026-08-30T22:33:25Z</time>
   </trkpt>
   <trkpt lat="37.7592270" lon="-122.4220670">
    <ele>17.4</ele>
    <time>2026-08-30T22:33:26Z</time>
   </trkpt>
   <trkpt lat="37.7592520" lon="-122.4220940">
    <ele>17.1</ele>
    <time>2026-08-30T22:33:27Z</time>
   </trkpt>
   <trkpt lat="37.7592750" lon="-122.4221180">
    <ele>17.2</ele>
    <time>2026-08-30T22:33:28Z</time>
   </trkpt>
   <trkpt lat="37.7593010" lon="-122.4221360">
    <ele>17.0</ele>
    <time>2026-08-30T22:33:29Z</time>
   </trkpt>
   <trkpt lat="37.7593260" lon="-122.4221490">
    <ele>16.8</ele>
    <time>2026-08-30T22:33:30Z</time>
   </trkpt>
   <trkpt lat="37.7593510" lon="-122.4221620">
    <ele>16.7</ele>
    <time>2026-08-30T22:33:31Z</time>
   </trkpt>
   <trkpt lat="37.7593710" lon="-122.4221720">
    <ele>16.7</ele>
    <time>2026-08-30T22:33:32Z</time>
   </trkpt>
   <trkpt lat="37.7593850" lon="-122.4221820">
    <ele>16.6</ele>
    <time>2026-08-30T22:33:33Z</time>
   </trkpt>
   <trkpt lat="37.7593920" lon="-122.4221920">
    <ele>16.6</ele>
    <time>2026-08-30T22:33:34Z</time>
   </trkpt>
   <trkpt lat="37.7593920" lon="-122.4221960">
    <ele>16.6</ele>
    <time>2026-08-30T22:33:35Z</time>
   </trkpt>
   <trkpt lat="37.7593820" lon="-122.4221990">
    <ele>16.7</ele>
    <time>2026-08-30T22:33:36Z</time>
   </trkpt>
   <trkpt lat="37.7593650" lon="-122.4222060">
    <ele>16.6</ele>
    <time>2026-08-30T22:33:37Z</time>
   </trkpt>
   <trkpt lat="37.7593420" lon="-122.4222040">
    <ele>16.9</ele>
    <time>2026-08-30T22:33:38Z</time>
   </trkpt>
   <trkpt lat="37.7593140" lon="-122.4221880">
    <ele>17.1</ele>
    <time>2026-08-30T22:33:39Z</time>
   </trkpt>
   <trkpt lat="37.7592830" lon="-122.4221650">
    <ele>17.1</ele>
    <time>2026-08-30T22:33:40Z</time>
   </trkpt>
   <trkpt lat="37.7592440" lon="-122.4221350">
    <ele>17.4</ele>
    <time>2026-08-30T22:33:41Z</time>
   </trkpt>
   <trkpt lat="37.7592060" lon="-122.4221030">
    <ele>17.5</ele>
    <time>2026-08-30T22:33:42Z</time>
   </trkpt>
   <trkpt lat="37.7591750" lon="-122.4220710">
    <ele>17.5</ele>
    <time>2026-08-30T22:33:43Z</time>
   </trkpt>
   <trkpt lat="37.7591520" lon="-122.4220410">
    <ele>17.6</ele>
    <time>2026-08-30T22:33:44Z</time>
   </trkpt>
   <trkpt lat="37.7591380" lon="-122.4220180">
    <ele>17.6</ele>
    <time>2026-08-30T22:33:45Z</time>
   </trkpt>
   <trkpt lat="37.7591300" lon="-122.4220000">
    <ele>17.6</ele>
    <time>2026-08-30T22:33:46Z</time>
   </trkpt>
   <trkpt lat="37.7591280" lon="-122.4219870">
    <ele>17.6</ele>
    <time>2026-08-30T22:33:47Z</time>
   </trkpt>
   <trkpt lat="37.7591300" lon="-122.4219780">
    <ele>17.6</ele>
    <time>2026-08-30T22:33:48Z</time>
   </trkpt>
   <trkpt lat="37.7591320" lon="-122.4219750">
    <ele>17.6</ele>
    <time>2026-08-30T22:33:49Z</time>
   </trkpt>
   <trkpt lat="37.7591360" lon="-122.4219740">
    <ele>17.6</ele>
    <time>2026-08-30T22:33:50Z</time>
   </trkpt>
   <trkpt lat="37.7591440" lon="-122.4219730">
    <ele>17.6</ele>
    <time>2026-08-30T22:33:51Z</time>
   </trkpt>
   <trkpt lat="37.7591560" lon="-122.4219730">
    <ele>17.6</ele>
    <time>2026-08-30T22:33:52Z</time>
   </trkpt>
   <trkpt lat="37.7591690" lon="-122.4219730">
    <ele>17.6</ele>
    <time>2026-08-30T22:33:53Z</time>
   </trkpt>
   <trkpt lat="37.7591790" lon="-122.4219720">
    <ele>17.6</ele>
    <time>2026-08-30T22:33:54Z</time>
   </trkpt>
   <trkpt lat="37.7591850" lon="-122.4219710">
    <ele>17.6</ele>
    <time>2026-08-30T22:33:55Z</time>
   </trkpt>
   <trkpt lat="37.7591870" lon="-122.4219710">
    <ele>17.6</ele>
    <time>2026-08-30T22:33:56Z</time>
   </trkpt>
   <trkpt lat="37.7591840" lon="-122.4219710">
    <ele>17.6</ele>
    <time>2026-08-30T22:33:57Z</time>
   </trkpt>
   <trkpt lat="37.7591810" lon="-122.4219730">
    <ele>17.6</ele>
    <time>2026-08-30T22:33:58Z</time>
   </trkpt>
   <trkpt lat="37.7591730" lon="-122.4219770">
    <ele>17.6</ele>
    <time>2026-08-30T22:33:59Z</time>
   </trkpt>
   <trkpt lat="37.7591650" lon="-122.4219830">
    <ele>17.6</ele>
    <time>2026-08-30T22:34:00Z</time>
   </trkpt>
   <trkpt lat="37.7591550" lon="-122.4219890">
    <ele>17.6</ele>
    <time>2026-08-30T22:34:01Z</time>
   </trkpt>
   <trkpt lat="37.7591430" lon="-122.4219970">
    <ele>17.6</ele>
    <time>2026-08-30T22:34:02Z</time>
   </trkpt>
   <trkpt lat="37.7591300" lon="-122.4220070">
    <ele>17.6</ele>
    <time>2026-08-30T22:34:03Z</time>
   </trkpt>
   <trkpt lat="37.7591150" lon="-122.4220160">
    <ele>17.6</ele>
    <time>2026-08-30T22:34:04Z</time>
   </trkpt>
   <trkpt lat="37.7590990" lon="-122.4220210">
    <ele>17.6</ele>
    <time>2026-08-30T22:34:05Z</time>
   </trkpt>
   <trkpt lat="37.7590830" lon="-122.4220240">
    <ele>17.6</ele>
    <time>2026-08-30T22:34:06Z</time>
   </trkpt>
   <trkpt lat="37.7590670" lon="-122.4220280">
    <ele>17.6</ele>
    <time>2026-08-30T22:34:07Z</time>
   </trkpt>
   <trkpt lat="37.7590560" lon="-122.4220370">
    <ele>17.6</ele>
    <time>2026-08-30T22:34:08Z</time>
   </trkpt>
   <trkpt lat="37.7590510" lon="-122.4220500">
    <ele>17.6</ele>
    <time>2026-08-30T22:34:09Z</time>
   </trkpt>
   <trkpt lat="37.7590500" lon="-122.4220630">
    <ele>17.6</ele>
    <time>2026-08-30T22:34:10Z</time>
   </trkpt>
   <trkpt lat="37.7590490" lon="-122.4220740">
    <ele>17.6</ele>
    <time>2026-08-30T22:34:11Z</time>
   </trkpt>
   <trkpt lat="37.7590440" lon="-122.4220810">
    <ele>17.7</ele>
    <time>2026-08-30T22:34:12Z</time>
   </trkpt>
   <trkpt lat="37.7590390" lon="-122.4220850">
    <ele>17.7</ele>
    <time>2026-08-30T22:34:13Z</time>
   </trkpt>
   <trkpt lat="37.7590350" lon="-122.4220880">
    <ele>17.7</ele>
    <time>2026-08-30T22:34:14Z</time>
   </trkpt>
   <trkpt lat="37.7590300" lon="-122.4220890">
    <ele>17.7</ele>
    <time>2026-08-30T22:34:15Z</time>
   </trkpt>
   <trkpt lat="37.7590180" lon="-122.4220880">
    <ele>17.7</ele>
    <time>2026-08-30T22:34:16Z</time>
   </trkpt>
   <trkpt lat="37.7590060" lon="-122.4220890">
    <ele>17.7</ele>
    <time>2026-08-30T22:34:17Z</time>
   </trkpt>
   <trkpt lat="37.7589940" lon="-122.4220910">
    <ele>17.7</ele>
    <time>2026-08-30T22:34:18Z</time>
   </trkpt>
   <trkpt lat="37.7589810" lon="-122.4220960">
    <ele>17.7</ele>
    <time>2026-08-30T22:34:19Z</time>
   </trkpt>
   <trkpt lat="37.7589710" lon="-122.4221000">
    <ele>17.7</ele>
    <time>2026-08-30T22:34:20Z</time>
   </trkpt>
   <trkpt lat="37.7589660" lon="-122.4221050">
    <ele>17.7</ele>
    <time>2026-08-30T22:34:21Z</time>
   </trkpt>
   <trkpt lat="37.7589640" lon="-122.4221070">
    <ele>17.7</ele>
    <time>2026-08-30T22:34:22Z</time>
   </trkpt>
   <trkpt lat="37.7589660" lon="-122.4221000">
    <ele>17.7</ele>
    <time>2026-08-30T22:34:23Z</time>
   </trkpt>
   <trkpt lat="37.7589750" lon="-122.4220770">
    <ele>17.7</ele>
    <time>2026-08-30T22:34:24Z</time>
   </trkpt>
   <trkpt lat="37.7589870" lon="-122.4220440">
    <ele>17.7</ele>
    <time>2026-08-30T22:34:25Z</time>
   </trkpt>
   <trkpt lat="37.7589990" lon="-122.4220060">
    <ele>17.7</ele>
    <time>2026-08-30T22:34:26Z</time>
   </trkpt>
   <trkpt lat="37.7590090" lon="-122.4219660">
    <ele>17.8</ele>
    <time>2026-08-30T22:34:27Z</time>
   </trkpt>
   <trkpt lat="37.7590180" lon="-122.4219250">
    <ele>17.7</ele>
    <time>2026-08-30T22:34:28Z</time>
   </trkpt>
   <trkpt lat="37.7590210" lon="-122.4218850">
    <ele>17.8</ele>
    <time>2026-08-30T22:34:29Z</time>
   </trkpt>
   <trkpt lat="37.7590210" lon="-122.4218470">
    <ele>17.8</ele>
    <time>2026-08-30T22:34:30Z</time>
   </trkpt>
   <trkpt lat="37.7590160" lon="-122.4218100">
    <ele>17.8</ele>
    <time>2026-08-30T22:34:31Z</time>
   </trkpt>
   <trkpt lat="37.7590050" lon="-122.4217760">
    <ele>17.9</ele>
    <time>2026-08-30T22:34:32Z</time>
   </trkpt>
   <trkpt lat="37.7589890" lon="-122.4217490">
    <ele>18.0</ele>
    <time>2026-08-30T22:34:33Z</time>
   </trkpt>
   <trkpt lat="37.7589720" lon="-122.4217350">
    <ele>18.1</ele>
    <time>2026-08-30T22:34:34Z</time>
   </trkpt>
   <trkpt lat="37.7589580" lon="-122.4217310">
    <ele>18.1</ele>
    <time>2026-08-30T22:34:35Z</time>
   </trkpt>
   <trkpt lat="37.7589580" lon="-122.4217310">
    <ele>18.1</ele>
    <time>2026-08-30T22:34:36Z</time>
   </trkpt>
   <trkpt lat="37.7589520" lon="-122.4217350">
    <ele>18.1</ele>
    <time>2026-08-30T22:34:37Z</time>
   </trkpt>
   <trkpt lat="37.7589530" lon="-122.4217450">
    <ele>18.1</ele>
    <time>2026-08-30T22:34:38Z</time>
   </trkpt>
   <trkpt lat="37.7589600" lon="-122.4217610">
    <ele>18.1</ele>
    <time>2026-08-30T22:34:39Z</time>
   </trkpt>
   <trkpt lat="37.7589700" lon="-122.4217850">
    <ele>18.0</ele>
    <time>2026-08-30T22:34:40Z</time>
   </trkpt>
   <trkpt lat="37.7589810" lon="-122.4218150">
    <ele>17.9</ele>
    <time>2026-08-30T22:34:41Z</time>
   </trkpt>
   <trkpt lat="37.7589920" lon="-122.4218500">
    <ele>17.9</ele>
    <time>2026-08-30T22:34:42Z</time>
   </trkpt>
   <trkpt lat="37.7590030" lon="-122.4218880">
    <ele>17.8</ele>
    <time>2026-08-30T22:34:43Z</time>
   </trkpt>
   <trkpt lat="37.7590160" lon="-122.4219230">
    <ele>17.7</ele>
    <time>2026-08-30T22:34:44Z</time>
   </trkpt>
   <trkpt lat="37.7590300" lon="-122.4219560">
    <ele>17.7</ele>
    <time>2026-08-30T22:34:45Z</time>
   </trkpt>
   <trkpt lat="37.7590480" lon="-122.4220070">
    <ele>17.6</ele>
    <time>2026-08-30T22:34:46Z</time>
   </trkpt>
   <trkpt lat="37.7590550" lon="-122.4220230">
    <ele>17.6</ele>
    <time>2026-08-30T22:34:47Z</time>
   </trkpt>
   <trkpt lat="37.7590630" lon="-122.4220330">
    <ele>17.6</ele>
    <time>2026-08-30T22:34:48Z</time>
   </trkpt>
   <trkpt lat="37.7590690" lon="-122.4220400">
    <ele>17.6</ele>
    <time>2026-08-30T22:34:49Z</time>
   </trkpt>
   <trkpt lat="37.7590710" lon="-122.4220450">
    <ele>17.6</ele>
    <time>2026-08-30T22:34:50Z</time>
   </trkpt>
   <trkpt lat="37.7590700" lon="-122.4220480">
    <ele>17.6</ele>
    <time>2026-08-30T22:34:51Z</time>
   </trkpt>
   <trkpt lat="37.7590680" lon="-122.4220470">
    <ele>17.6</ele>
    <time>2026-08-30T22:34:52Z</time>
   </trkpt>
   <trkpt lat="37.7590650" lon="-122.4220440">
    <ele>17.6</ele>
    <time>2026-08-30T22:34:53Z</time>
   </trkpt>
   <trkpt lat="37.7590630" lon="-122.4220410">
    <ele>17.6</ele>
    <time>2026-08-30T22:34:54Z</time>
   </trkpt>
   <trkpt lat="37.7590630" lon="-122.4220380">
    <ele>17.6</ele>
    <time>2026-08-30T22:34:55Z</time>
   </trkpt>
   <trkpt lat="37.7590630" lon="-122.4220360">
    <ele>17.6</ele>
    <time>2026-08-30T22:34:56Z</time>
   </trkpt>
   <trkpt lat="37.7590650" lon="-122.4220350">
    <ele>17.6</ele>
    <time>2026-08-30T22:34:57Z</time>
   </trkpt>
   <trkpt lat="37.7590670" lon="-122.4220340">
    <ele>17.6</ele>
    <time>2026-08-30T22:34:58Z</time>
   </trkpt>
   <trkpt lat="37.7590660" lon="-122.4220310">
    <ele>17.6</ele>
    <time>2026-08-30T22:34:59Z</time>
   </trkpt>
   <trkpt lat="37.7590690" lon="-122.4220250">
    <ele>17.6</ele>
    <time>2026-08-30T22:35:00Z</time>
   </trkpt>
   <trkpt lat="37.7590750" lon="-122.4220120">
    <ele>17.6</ele>
    <time>2026-08-30T22:35:01Z</time>
   </trkpt>
   <trkpt lat="37.7590790" lon="-122.4219960">
    <ele>17.6</ele>
    <time>2026-08-30T22:35:02Z</time>
   </trkpt>
   <trkpt lat="37.7590820" lon="-122.4219790">
    <ele>17.6</ele>
    <time>2026-08-30T22:35:03Z</time>
   </trkpt>
   <trkpt lat="37.7590850" lon="-122.4219650">
    <ele>17.6</ele>
    <time>2026-08-30T22:35:04Z</time>
   </trkpt>
   <trkpt lat="37.7590880" lon="-122.4219520">
    <ele>17.6</ele>
    <time>2026-08-30T22:35:05Z</time>
   </trkpt>
   <trkpt lat="37.7590930" lon="-122.4219390">
    <ele>17.6</ele>
    <time>2026-08-30T22:35:06Z</time>
   </trkpt>
   <trkpt lat="37.7590960" lon="-122.4219310">
    <ele>17.6</ele>
    <time>2026-08-30T22:35:07Z</time>
   </trkpt>
   <trkpt lat="37.7590940" lon="-122.4219340">
    <ele>17.6</ele>
    <time>2026-08-30T22:35:08Z</time>
   </trkpt>
   <trkpt lat="37.7590860" lon="-122.4219450">
    <ele>17.6</ele>
    <time>2026-08-30T22:35:09Z</time>
   </trkpt>
   <trkpt lat="37.7590730" lon="-122.4219590">
    <ele>17.7</ele>
    <time>2026-08-30T22:35:10Z</time>
   </trkpt>
   <trkpt lat="37.7590560" lon="-122.4219730">
    <ele>17.7</ele>
    <time>2026-08-30T22:35:11Z</time>
   </trkpt>
   <trkpt lat="37.7590360" lon="-122.4219860">
    <ele>17.7</ele>
    <time>2026-08-30T22:35:12Z</time>
   </trkpt>
   <trkpt lat="37.7590200" lon="-122.4220030">
    <ele>17.7</ele>
    <time>2026-08-30T22:35:13Z</time>
   </trkpt>
   <trkpt lat="37.7590060" lon="-122.4220240">
    <ele>17.7</ele>
    <time>2026-08-30T22:35:14Z</time>
   </trkpt>
   <trkpt lat="37.7589930" lon="-122.4220520">
    <ele>17.7</ele>
    <time>2026-08-30T22:35:15Z</time>
   </trkpt>
   <trkpt lat="37.7589910" lon="-122.4220800">
    <ele>17.7</ele>
    <time>2026-08-30T22:35:16Z</time>
   </trkpt>
   <trkpt lat="37.7590030" lon="-122.4221090">
    <ele>17.7</ele>
    <time>2026-08-30T22:35:17Z</time>
   </trkpt>
   <trkpt lat="37.7590260" lon="-122.4221350">
    <ele>17.7</ele>
    <time>2026-08-30T22:35:18Z</time>
   </trkpt>
   <trkpt lat="37.7590560" lon="-122.4221610">
    <ele>17.6</ele>
    <time>2026-08-30T22:35:19Z</time>
   </trkpt>
   <trkpt lat="37.7590870" lon="-122.4221840">
    <ele>17.6</ele>
    <time>2026-08-30T22:35:20Z</time>
   </trkpt>
   <trkpt lat="37.7591140" lon="-122.4222000">
    <ele>17.5</ele>
    <time>2026-08-30T22:35:21Z</time>
   </trkpt>
   <trkpt lat="37.7591360" lon="-122.4222120">
    <ele>17.5</ele>
    <time>2026-08-30T22:35:22Z</time>
   </trkpt>
   <trkpt lat="37.7591540" lon="-122.4222230">
    <ele>17.5</ele>
    <time>2026-08-30T22:35:23Z</time>
   </trkpt>
   <trkpt lat="37.7591690" lon="-122.4222340">
    <ele>17.5</ele>
    <time>2026-08-30T22:35:24Z</time>
   </trkpt>
   <trkpt lat="37.7591830" lon="-122.4222440">
    <ele>17.4</ele>
    <time>2026-08-30T22:35:25Z</time>
   </trkpt>
   <trkpt lat="37.7591910" lon="-122.4222510">
    <ele>17.4</ele>
    <time>2026-08-30T22:35:26Z</time>
   </trkpt>
   <trkpt lat="37.7591950" lon="-122.4222530">
    <ele>17.4</ele>
    <time>2026-08-30T22:35:27Z</time>
   </trkpt>
   <trkpt lat="37.7592000" lon="-122.4222480">
    <ele>17.4</ele>
    <time>2026-08-30T22:35:28Z</time>
   </trkpt>
   <trkpt lat="37.7592090" lon="-122.4222350">
    <ele>17.4</ele>
    <time>2026-08-30T22:35:29Z</time>
   </trkpt>
   <trkpt lat="37.7592140" lon="-122.4222240">
    <ele>17.4</ele>
    <time>2026-08-30T22:35:30Z</time>
   </trkpt>
   <trkpt lat="37.7592150" lon="-122.4222180">
    <ele>17.4</ele>
    <time>2026-08-30T22:35:31Z</time>
   </trkpt>
   <trkpt lat="37.7592070" lon="-122.4222190">
    <ele>17.4</ele>
    <time>2026-08-30T22:35:32Z</time>
   </trkpt>
   <trkpt lat="37.7591960" lon="-122.4222240">
    <ele>17.4</ele>
    <time>2026-08-30T22:35:33Z</time>
   </trkpt>
   <trkpt lat="37.7591850" lon="-122.4222330">
    <ele>17.4</ele>
    <time>2026-08-30T22:35:34Z</time>
   </trkpt>
   <trkpt lat="37.7591760" lon="-122.4222450">
    <ele>17.4</ele>
    <time>2026-08-30T22:35:35Z</time>
   </trkpt>
   <trkpt lat="37.7591700" lon="-122.4222580">
    <ele>17.4</ele>
    <time>2026-08-30T22:35:36Z</time>
   </trkpt>
   <trkpt lat="37.7591670" lon="-122.4222690">
    <ele>17.4</ele>
    <time>2026-08-30T22:35:37Z</time>
   </trkpt>
   <trkpt lat="37.7591670" lon="-122.4222780">
    <ele>17.4</ele>
    <time>2026-08-30T22:35:38Z</time>
   </trkpt>
   <trkpt lat="37.7591660" lon="-122.4222840">
    <ele>17.4</ele>
    <time>2026-08-30T22:35:39Z</time>
   </trkpt>
   <trkpt lat="37.7591660" lon="-122.4222880">
    <ele>17.4</ele>
    <time>2026-08-30T22:35:40Z</time>
   </trkpt>
   <trkpt lat="37.7591660" lon="-122.4222890">
    <ele>17.4</ele>
    <time>2026-08-30T22:35:41Z</time>
   </trkpt>
   <trkpt lat="37.7591600" lon="-122.4222830">
    <ele>17.4</ele>
    <time>2026-08-30T22:35:42Z</time>
   </trkpt>
   <trkpt lat="37.7591490" lon="-122.4222760">
    <ele>17.4</ele>
    <time>2026-08-30T22:35:43Z</time>
   </trkpt>
   <trkpt lat="37.7591330" lon="-122.4222650">
    <ele>17.5</ele>
    <time>2026-08-30T22:35:44Z</time>
   </trkpt>
   <trkpt lat="37.7591150" lon="-122.4222530">
    <ele>17.5</ele>
    <time>2026-08-30T22:35:45Z</time>
   </trkpt>
   <trkpt lat="37.7591020" lon="-122.4222370">
    <ele>17.5</ele>
    <time>2026-08-30T22:35:46Z</time>
   </trkpt>
   <trkpt lat="37.7590940" lon="-122.4222210">
    <ele>17.5</ele>
    <time>2026-08-30T22:35:47Z</time>
   </trkpt>
   <trkpt lat="37.7590880" lon="-122.4222070">
    <ele>17.5</ele>
    <time>2026-08-30T22:35:48Z</time>
   </trkpt>
   <trkpt lat="37.7590830" lon="-122.4221960">
    <ele>17.6</ele>
    <time>2026-08-30T22:35:49Z</time>
   </trkpt>
   <trkpt lat="37.7590810" lon="-122.4221870">
    <ele>17.6</ele>
    <time>2026-08-30T22:35:50Z</time>
   </trkpt>
   <trkpt lat="37.7590790" lon="-122.4221760">
    <ele>17.6</ele>
    <time>2026-08-30T22:35:51Z</time>
   </trkpt>
   <trkpt lat="37.7590790" lon="-122.4221610">
    <ele>17.6</ele>
    <time>2026-08-30T22:35:52Z</time>
   </trkpt>
   <trkpt lat="37.7590820" lon="-122.4221450">
    <ele>17.6</ele>
    <time>2026-08-30T22:35:53Z</time>
   </trkpt>
   <trkpt lat="37.7590860" lon="-122.4221320">
    <ele>17.6</ele>
    <time>2026-08-30T22:35:54Z</time>
   </trkpt>
   <trkpt lat="37.7590840" lon="-122.4221190">
    <ele>17.6</ele>
    <time>2026-08-30T22:35:55Z</time>
   </trkpt>
   <trkpt lat="37.7590740" lon="-122.4221080">
    <ele>17.6</ele>
    <time>2026-08-30T22:35:56Z</time>
   </trkpt>
   <trkpt lat="37.7590550" lon="-122.4220960">
    <ele>17.6</ele>
    <time>2026-08-30T22:35:57Z</time>
   </trkpt>
   <trkpt lat="37.7590380" lon="-122.4220910">
    <ele>17.7</ele>
    <time>2026-08-30T22:35:58Z</time>
   </trkpt>
   <trkpt lat="37.7590210" lon="-122.4220890">
    <ele>17.7</ele>
    <time>2026-08-30T22:35:59Z</time>
   </trkpt>
   <trkpt lat="37.7590020" lon="-122.4220910">
    <ele>17.7</ele>
    <time>2026-08-30T22:36:00Z</time>
   </trkpt>
   <trkpt lat="37.7589840" lon="-122.4220980">
    <ele>17.7</ele>
    <time>2026-08-30T22:36:01Z</time>
   </trkpt>
   <trkpt lat="37.7589680" lon="-122.4221140">
    <ele>17.7</ele>
    <time>2026-08-30T22:36:02Z</time>
   </trkpt>
   <trkpt lat="37.7589610" lon="-122.4221380">
    <ele>17.7</ele>
    <time>2026-08-30T22:36:03Z</time>
   </trkpt>
   <trkpt lat="37.7589600" lon="-122.4221710">
    <ele>17.6</ele>
    <time>2026-08-30T22:36:04Z</time>
   </trkpt>
   <trkpt lat="37.7589670" lon="-122.4222060">
    <ele>17.6</ele>
    <time>2026-08-30T22:36:05Z</time>
   </trkpt>
   <trkpt lat="37.7589780" lon="-122.4222400">
    <ele>17.7</ele>
    <time>2026-08-30T22:36:06Z</time>
   </trkpt>
   <trkpt lat="37.7589910" lon="-122.4222740">
    <ele>17.6</ele>
    <time>2026-08-30T22:36:07Z</time>
   </trkpt>
   <trkpt lat="37.7590040" lon="-122.4223080">
    <ele>17.6</ele>
    <time>2026-08-30T22:36:08Z</time>
   </trkpt>
   <trkpt lat="37.7590120" lon="-122.4223400">
    <ele>17.6</ele>
    <time>2026-08-30T22:36:09Z</time>
   </trkpt>
   <trkpt lat="37.7590170" lon="-122.4223700">
    <ele>17.6</ele>
    <time>2026-08-30T22:36:10Z</time>
   </trkpt>
   <trkpt lat="37.7590160" lon="-122.4223990">
    <ele>17.5</ele>
    <time>2026-08-30T22:36:11Z</time>
   </trkpt>
   <trkpt lat="37.7590140" lon="-122.4224220">
    <ele>17.5</ele>
    <time>2026-08-30T22:36:12Z</time>
   </trkpt>
   <trkpt lat="37.7590130" lon="-122.4224390">
    <ele>17.5</ele>
    <time>2026-08-30T22:36:13Z</time>
   </trkpt>
   <trkpt lat="37.7590120" lon="-122.4224490">
    <ele>17.5</ele>
    <time>2026-08-30T22:36:14Z</time>
   </trkpt>
   <trkpt lat="37.7590130" lon="-122.4224510">
    <ele>17.5</ele>
    <time>2026-08-30T22:36:15Z</time>
   </trkpt>
   <trkpt lat="37.7590140" lon="-122.4224460">
    <ele>17.5</ele>
    <time>2026-08-30T22:36:16Z</time>
   </trkpt>
   <trkpt lat="37.7590100" lon="-122.4224390">
    <ele>17.5</ele>
    <time>2026-08-30T22:36:17Z</time>
   </trkpt>
   <trkpt lat="37.7590000" lon="-122.4224330">
    <ele>17.5</ele>
    <time>2026-08-30T22:36:18Z</time>
   </trkpt>
   <trkpt lat="37.7589880" lon="-122.4224330">
    <ele>17.5</ele>
    <time>2026-08-30T22:36:19Z</time>
   </trkpt>
   <trkpt lat="37.7589720" lon="-122.4224390">
    <ele>17.5</ele>
    <time>2026-08-30T22:36:20Z</time>
   </trkpt>
   <trkpt lat="37.7589610" lon="-122.4224490">
    <ele>17.5</ele>
    <time>2026-08-30T22:36:21Z</time>
   </trkpt>
   <trkpt lat="37.7589470" lon="-122.4224620">
    <ele>17.5</ele>
    <time>2026-08-30T22:36:22Z</time>
   </trkpt>
   <trkpt lat="37.7589310" lon="-122.4224710">
    <ele>17.6</ele>
    <time>2026-08-30T22:36:23Z</time>
   </trkpt>
   <trkpt lat="37.7589060" lon="-122.4224870">
    <ele>17.5</ele>
    <time>2026-08-30T22:36:24Z</time>
   </trkpt>
   <trkpt lat="37.7589060" lon="-122.4224870">
    <ele>17.5</ele>
    <time>2026-08-30T22:36:25Z</time>
   </trkpt>
   <trkpt lat="37.7588860" lon="-122.4224980">
    <ele>17.5</ele>
    <time>2026-08-30T22:36:26Z</time>
   </trkpt>
   <trkpt lat="37.7588680" lon="-122.4225030">
    <ele>17.8</ele>
    <time>2026-08-30T22:36:27Z</time>
   </trkpt>
   <trkpt lat="37.7588620" lon="-122.4224970">
    <ele>17.8</ele>
    <time>2026-08-30T22:36:28Z</time>
   </trkpt>
   <trkpt lat="37.7588620" lon="-122.4224860">
    <ele>17.8</ele>
    <time>2026-08-30T22:36:29Z</time>
   </trkpt>
   <trkpt lat="37.7588650" lon="-122.4224710">
    <ele>17.8</ele>
    <time>2026-08-30T22:36:30Z</time>
   </trkpt>
   <trkpt lat="37.7588650" lon="-122.4224560">
    <ele>17.8</ele>
    <time>2026-08-30T22:36:31Z</time>
   </trkpt>
   <trkpt lat="37.7588600" lon="-122.4224370">
    <ele>17.8</ele>
    <time>2026-08-30T22:36:32Z</time>
   </trkpt>
   <trkpt lat="37.7588520" lon="-122.4224140">
    <ele>17.8</ele>
    <time>2026-08-30T22:36:33Z</time>
   </trkpt>
   <trkpt lat="37.7588350" lon="-122.4223600">
    <ele>18.4</ele>
    <time>2026-08-30T22:36:34Z</time>
   </trkpt>
   <trkpt lat="37.7588310" lon="-122.4223320">
    <ele>18.4</ele>
    <time>2026-08-30T22:36:35Z</time>
   </trkpt>
   <trkpt lat="37.7588300" lon="-122.4223040">
    <ele>18.6</ele>
    <time>2026-08-30T22:36:36Z</time>
   </trkpt>
   <trkpt lat="37.7588300" lon="-122.4222780">
    <ele>18.8</ele>
    <time>2026-08-30T22:36:37Z</time>
   </trkpt>
   <trkpt lat="37.7588300" lon="-122.4222540">
    <ele>18.8</ele>
    <time>2026-08-30T22:36:38Z</time>
   </trkpt>
   <trkpt lat="37.7588290" lon="-122.4222310">
    <ele>18.9</ele>
    <time>2026-08-30T22:36:39Z</time>
   </trkpt>
   <trkpt lat="37.7588280" lon="-122.4222100">
    <ele>18.9</ele>
    <time>2026-08-30T22:36:40Z</time>
   </trkpt>
   <trkpt lat="37.7588280" lon="-122.4221920">
    <ele>18.9</ele>
    <time>2026-08-30T22:36:41Z</time>
   </trkpt>
   <trkpt lat="37.7588260" lon="-122.4221750">
    <ele>18.9</ele>
    <time>2026-08-30T22:36:42Z</time>
   </trkpt>
   <trkpt lat="37.7588240" lon="-122.4221620">
    <ele>18.9</ele>
    <time>2026-08-30T22:36:43Z</time>
   </trkpt>
   <trkpt lat="37.7588240" lon="-122.4221490">
    <ele>18.7</ele>
    <time>2026-08-30T22:36:44Z</time>
   </trkpt>
   <trkpt lat="37.7588250" lon="-122.4221370">
    <ele>18.7</ele>
    <time>2026-08-30T22:36:45Z</time>
   </trkpt>
   <trkpt lat="37.7588270" lon="-122.4221250">
    <ele>18.7</ele>
    <time>2026-08-30T22:36:46Z</time>
   </trkpt>
   <trkpt lat="37.7588300" lon="-122.4221120">
    <ele>18.6</ele>
    <time>2026-08-30T22:36:47Z</time>
   </trkpt>
   <trkpt lat="37.7588370" lon="-122.4221000">
    <ele>18.6</ele>
    <time>2026-08-30T22:36:48Z</time>
   </trkpt>
   <trkpt lat="37.7588480" lon="-122.4220850">
    <ele>18.1</ele>
    <time>2026-08-30T22:36:49Z</time>
   </trkpt>
   <trkpt lat="37.7588560" lon="-122.4220690">
    <ele>18.1</ele>
    <time>2026-08-30T22:36:50Z</time>
   </trkpt>
   <trkpt lat="37.7588630" lon="-122.4220550">
    <ele>18.1</ele>
    <time>2026-08-30T22:36:51Z</time>
   </trkpt>
   <trkpt lat="37.7588680" lon="-122.4220460">
    <ele>18.1</ele>
    <time>2026-08-30T22:36:52Z</time>
   </trkpt>
   <trkpt lat="37.7588740" lon="-122.4220410">
    <ele>18.1</ele>
    <time>2026-08-30T22:36:53Z</time>
   </trkpt>
   <trkpt lat="37.7588810" lon="-122.4220380">
    <ele>17.8</ele>
    <time>2026-08-30T22:36:54Z</time>
   </trkpt>
   <trkpt lat="37.7588890" lon="-122.4220340">
    <ele>17.8</ele>
    <time>2026-08-30T22:36:55Z</time>
   </trkpt>
   <trkpt lat="37.7588990" lon="-122.4220270">
    <ele>17.9</ele>
    <time>2026-08-30T22:36:56Z</time>
   </trkpt>
   <trkpt lat="37.7589090" lon="-122.4220200">
    <ele>17.7</ele>
    <time>2026-08-30T22:36:57Z</time>
   </trkpt>
   <trkpt lat="37.7589170" lon="-122.4220160">
    <ele>17.7</ele>
    <time>2026-08-30T22:36:58Z</time>
   </trkpt>
   <trkpt lat="37.7589210" lon="-122.4220130">
    <ele>17.7</ele>
    <time>2026-08-30T22:36:59Z</time>
   </trkpt>
   <trkpt lat="37.7589280" lon="-122.4220120">
    <ele>17.7</ele>
    <time>2026-08-30T22:37:00Z</time>
   </trkpt>
   <trkpt lat="37.7589350" lon="-122.4220110">
    <ele>17.7</ele>
    <time>2026-08-30T22:37:01Z</time>
   </trkpt>
   <trkpt lat="37.7589420" lon="-122.4220120">
    <ele>17.7</ele>
    <time>2026-08-30T22:37:02Z</time>
   </trkpt>
   <trkpt lat="37.7589480" lon="-122.4220160">
    <ele>17.7</ele>
    <time>2026-08-30T22:37:03Z</time>
   </trkpt>
   <trkpt lat="37.7589490" lon="-122.4220210">
    <ele>17.7</ele>
    <time>2026-08-30T22:37:04Z</time>
   </trkpt>
   <trkpt lat="37.7589480" lon="-122.4220250">
    <ele>17.7</ele>
    <time>2026-08-30T22:37:05Z</time>
   </trkpt>
   <trkpt lat="37.7589440" lon="-122.4220290">
    <ele>17.7</ele>
    <time>2026-08-30T22:37:06Z</time>
   </trkpt>
   <trkpt lat="37.7589390" lon="-122.4220280">
    <ele>17.7</ele>
    <time>2026-08-30T22:37:07Z</time>
   </trkpt>
   <trkpt lat="37.7589370" lon="-122.4220230">
    <ele>17.7</ele>
    <time>2026-08-30T22:37:08Z</time>
   </trkpt>
   <trkpt lat="37.7589340" lon="-122.4220150">
    <ele>17.7</ele>
    <time>2026-08-30T22:37:09Z</time>
   </trkpt>
   <trkpt lat="37.7589320" lon="-122.4220050">
    <ele>17.7</ele>
    <time>2026-08-30T22:37:10Z</time>
   </trkpt>
   <trkpt lat="37.7589330" lon="-122.4219960">
    <ele>17.7</ele>
    <time>2026-08-30T22:37:11Z</time>
   </trkpt>
   <trkpt lat="37.7589360" lon="-122.4219880">
    <ele>17.7</ele>
    <time>2026-08-30T22:37:12Z</time>
   </trkpt>
   <trkpt lat="37.7589410" lon="-122.4219790">
    <ele>17.8</ele>
    <time>2026-08-30T22:37:13Z</time>
   </trkpt>
   <trkpt lat="37.7589450" lon="-122.4219680">
    <ele>17.7</ele>
    <time>2026-08-30T22:37:14Z</time>
   </trkpt>
   <trkpt lat="37.7589470" lon="-122.4219570">
    <ele>17.7</ele>
    <time>2026-08-30T22:37:15Z</time>
   </trkpt>
   <trkpt lat="37.7589520" lon="-122.4219460">
    <ele>17.7</ele>
    <time>2026-08-30T22:37:16Z</time>
   </trkpt>
   <trkpt lat="37.7589560" lon="-122.4219370">
    <ele>17.7</ele>
    <time>2026-08-30T22:37:17Z</time>
   </trkpt>
   <trkpt lat="37.7589630" lon="-122.4219320">
    <ele>17.7</ele>
    <time>2026-08-30T22:37:18Z</time>
   </trkpt>
   <trkpt lat="37.7589700" lon="-122.4219320">
    <ele>17.7</ele>
    <time>2026-08-30T22:37:19Z</time>
   </trkpt>
   <trkpt lat="37.7589770" lon="-122.4219360">
    <ele>17.8</ele>
    <time>2026-08-30T22:37:20Z</time>
   </trkpt>
   <trkpt lat="37.7589820" lon="-122.4219440">
    <ele>17.8</ele>
    <time>2026-08-30T22:37:21Z</time>
   </trkpt>
   <trkpt lat="37.7589850" lon="-122.4219530">
    <ele>17.8</ele>
    <time>2026-08-30T22:37:22Z</time>
   </trkpt>
   <trkpt lat="37.7589890" lon="-122.4219660">
    <ele>17.8</ele>
    <time>2026-08-30T22:37:23Z</time>
   </trkpt>
   <trkpt lat="37.7589900" lon="-122.4219820">
    <ele>17.8</ele>
    <time>2026-08-30T22:37:24Z</time>
   </trkpt>
   <trkpt lat="37.7589890" lon="-122.4220010">
    <ele>17.7</ele>
    <time>2026-08-30T22:37:25Z</time>
   </trkpt>
   <trkpt lat="37.7589860" lon="-122.4220220">
    <ele>17.7</ele>
    <time>2026-08-30T22:37:26Z</time>
   </trkpt>
   <trkpt lat="37.7589810" lon="-122.4220440">
    <ele>17.7</ele>
    <time>2026-08-30T22:37:27Z</time>
   </trkpt>
   <trkpt lat="37.7589770" lon="-122.4220680">
    <ele>17.7</ele>
    <time>2026-08-30T22:37:28Z</time>
   </trkpt>
   <trkpt lat="37.7589690" lon="-122.4220950">
    <ele>17.7</ele>
    <time>2026-08-30T22:37:29Z</time>
   </trkpt>
   <trkpt lat="37.7589580" lon="-122.4221220">
    <ele>17.7</ele>
    <time>2026-08-30T22:37:30Z</time>
   </trkpt>
   <trkpt lat="37.7589430" lon="-122.4221480">
    <ele>17.7</ele>
    <time>2026-08-30T22:37:31Z</time>
   </trkpt>
   <trkpt lat="37.7589250" lon="-122.4221670">
    <ele>17.7</ele>
    <time>2026-08-30T22:37:32Z</time>
   </trkpt>
   <trkpt lat="37.7589060" lon="-122.4221770">
    <ele>17.8</ele>
    <time>2026-08-30T22:37:33Z</time>
   </trkpt>
   <trkpt lat="37.7588900" lon="-122.4221810">
    <ele>17.8</ele>
    <time>2026-08-30T22:37:34Z</time>
   </trkpt>
   <trkpt lat="37.7588750" lon="-122.4221810">
    <ele>17.8</ele>
    <time>2026-08-30T22:37:35Z</time>
   </trkpt>
   <trkpt lat="37.7588610" lon="-122.4221810">
    <ele>18.2</ele>
    <time>2026-08-30T22:37:36Z</time>
   </trkpt>
   <trkpt lat="37.7588500" lon="-122.4221830">
    <ele>18.2</ele>
    <time>2026-08-30T22:37:37Z</time>
   </trkpt>
   <trkpt lat="37.7588440" lon="-122.4221840">
    <ele>18.2</ele>
    <time>2026-08-30T22:37:38Z</time>
   </trkpt>
   <trkpt lat="37.7588390" lon="-122.4221860">
    <ele>18.9</ele>
    <time>2026-08-30T22:37:39Z</time>
   </trkpt>
   <trkpt lat="37.7588340" lon="-122.4221860">
    <ele>18.9</ele>
    <time>2026-08-30T22:37:40Z</time>
   </trkpt>
   <trkpt lat="37.7588300" lon="-122.4221850">
    <ele>18.9</ele>
    <time>2026-08-30T22:37:41Z</time>
   </trkpt>
   <trkpt lat="37.7588250" lon="-122.4221810">
    <ele>18.9</ele>
    <time>2026-08-30T22:37:42Z</time>
   </trkpt>
   <trkpt lat="37.7588220" lon="-122.4221770">
    <ele>18.9</ele>
    <time>2026-08-30T22:37:43Z</time>
   </trkpt>
   <trkpt lat="37.7588200" lon="-122.4221720">
    <ele>18.9</ele>
    <time>2026-08-30T22:37:44Z</time>
   </trkpt>
   <trkpt lat="37.7588190" lon="-122.4221690">
    <ele>18.9</ele>
    <time>2026-08-30T22:37:45Z</time>
   </trkpt>
   <trkpt lat="37.7588180" lon="-122.4221660">
    <ele>18.9</ele>
    <time>2026-08-30T22:37:46Z</time>
   </trkpt>
   <trkpt lat="37.7588180" lon="-122.4221630">
    <ele>18.9</ele>
    <time>2026-08-30T22:37:47Z</time>
   </trkpt>
   <trkpt lat="37.7588180" lon="-122.4221600">
    <ele>18.9</ele>
    <time>2026-08-30T22:37:48Z</time>
   </trkpt>
   <trkpt lat="37.7588170" lon="-122.4221570">
    <ele>18.9</ele>
    <time>2026-08-30T22:37:49Z</time>
   </trkpt>
   <trkpt lat="37.7588140" lon="-122.4221550">
    <ele>18.7</ele>
    <time>2026-08-30T22:37:50Z</time>
   </trkpt>
   <trkpt lat="37.7588100" lon="-122.4221530">
    <ele>18.7</ele>
    <time>2026-08-30T22:37:51Z</time>
   </trkpt>
   <trkpt lat="37.7588050" lon="-122.4221510">
    <ele>19.4</ele>
    <time>2026-08-30T22:37:52Z</time>
   </trkpt>
   <trkpt lat="37.7587990" lon="-122.4221490">
    <ele>19.4</ele>
    <time>2026-08-30T22:37:53Z</time>
   </trkpt>
   <trkpt lat="37.7587930" lon="-122.4221470">
    <ele>19.4</ele>
    <time>2026-08-30T22:37:54Z</time>
   </trkpt>
   <trkpt lat="37.7587850" lon="-122.4221460">
    <ele>19.4</ele>
    <time>2026-08-30T22:37:55Z</time>
   </trkpt>
   <trkpt lat="37.7587750" lon="-122.4221470">
    <ele>19.4</ele>
    <time>2026-08-30T22:37:56Z</time>
   </trkpt>
   <trkpt lat="37.7587630" lon="-122.4221500">
    <ele>19.9</ele>
    <time>2026-08-30T22:37:57Z</time>
   </trkpt>
   <trkpt lat="37.7587520" lon="-122.4221540">
    <ele>19.9</ele>
    <time>2026-08-30T22:37:58Z</time>
   </trkpt>
   <trkpt lat="37.7587440" lon="-122.4221610">
    <ele>20.1</ele>
    <time>2026-08-30T22:37:59Z</time>
   </trkpt>
   <trkpt lat="37.7587410" lon="-122.4221670">
    <ele>20.1</ele>
    <time>2026-08-30T22:38:00Z</time>
   </trkpt>
   <trkpt lat="37.7587410" lon="-122.4221730">
    <ele>20.1</ele>
    <time>2026-08-30T22:38:01Z</time>
   </trkpt>
   <trkpt lat="37.7587430" lon="-122.4221780">
    <ele>20.1</ele>
    <time>2026-08-30T22:38:02Z</time>
   </trkpt>
   <trkpt lat="37.7587460" lon="-122.4221830">
    <ele>20.1</ele>
    <time>2026-08-30T22:38:03Z</time>
   </trkpt>
   <trkpt lat="37.7587510" lon="-122.4221860">
    <ele>20.1</ele>
    <time>2026-08-30T22:38:04Z</time>
   </trkpt>
   <trkpt lat="37.7587560" lon="-122.4221870">
    <ele>20.1</ele>
    <time>2026-08-30T22:38:05Z</time>
   </trkpt>
   <trkpt lat="37.7587600" lon="-122.4221870">
    <ele>20.1</ele>
    <time>2026-08-30T22:38:06Z</time>
   </trkpt>
   <trkpt lat="37.7587670" lon="-122.4221840">
    <ele>20.1</ele>
    <time>2026-08-30T22:38:07Z</time>
   </trkpt>
   <trkpt lat="37.7587740" lon="-122.4221790">
    <ele>19.6</ele>
    <time>2026-08-30T22:38:08Z</time>
   </trkpt>
   <trkpt lat="37.7587830" lon="-122.4221740">
    <ele>19.6</ele>
    <time>2026-08-30T22:38:09Z</time>
   </trkpt>
   <trkpt lat="37.7587830" lon="-122.4221740">
    <ele>19.6</ele>
    <time>2026-08-30T22:38:10Z</time>
   </trkpt>
   <trkpt lat="37.7587910" lon="-122.4221680">
    <ele>19.6</ele>
    <time>2026-08-30T22:38:11Z</time>
   </trkpt>
   <trkpt lat="37.7587990" lon="-122.4221610">
    <ele>19.6</ele>
    <time>2026-08-30T22:38:12Z</time>
   </trkpt>
   <trkpt lat="37.7588040" lon="-122.4221530">
    <ele>19.4</ele>
    <time>2026-08-30T22:38:13Z</time>
   </trkpt>
   <trkpt lat="37.7588090" lon="-122.4221420">
    <ele>18.7</ele>
    <time>2026-08-30T22:38:14Z</time>
   </trkpt>
   <trkpt lat="37.7588110" lon="-122.4221320">
    <ele>18.7</ele>
    <time>2026-08-30T22:38:15Z</time>
   </trkpt>
   <trkpt lat="37.7588090" lon="-122.4221220">
    <ele>18.7</ele>
    <time>2026-08-30T22:38:16Z</time>
   </trkpt>
   <trkpt lat="37.7588070" lon="-122.4221110">
    <ele>18.6</ele>
    <time>2026-08-30T22:38:17Z</time>
   </trkpt>
   <trkpt lat="37.7587990" lon="-122.4220880">
    <ele>19.2</ele>
    <time>2026-08-30T22:38:18Z</time>
   </trkpt>
   <trkpt lat="37.7587950" lon="-122.4220780">
    <ele>19.2</ele>
    <time>2026-08-30T22:38:19Z</time>
   </trkpt>
   <trkpt lat="37.7587900" lon="-122.4220690">
    <ele>19.2</ele>
    <time>2026-08-30T22:38:20Z</time>
   </trkpt>
   <trkpt lat="37.7587880" lon="-122.4220620">
    <ele>19.2</ele>
    <time>2026-08-30T22:38:21Z</time>
   </trkpt>
   <trkpt lat="37.7587900" lon="-122.4220580">
    <ele>19.2</ele>
    <time>2026-08-30T22:38:22Z</time>
   </trkpt>
   <trkpt lat="37.7587940" lon="-122.4220570">
    <ele>19.2</ele>
    <time>2026-08-30T22:38:23Z</time>
   </trkpt>
   <trkpt lat="37.7587970" lon="-122.4220580">
    <ele>19.2</ele>
    <time>2026-08-30T22:38:24Z</time>
   </trkpt>
  </trkseg>
 </trk>
</gpx>
