<?xml version="1.0" encoding="UTF-8"?>
<gpx creator="StravaGPX" version="1.1" xmlns="http://www.topografix.com/GPX/1/1" xmlns:xsi="http://www.w3.org/2001/XMLSchema-instance" xsi:schemaLocation="http://www.topografix.com/GPX/1/1 http://www.topografix.com/GPX/1/1/gpx.xsd">
 <metadata>
  <time>2026-09-20T20:30:45Z</time>
 </metadata>
 <trk>
  <name>Afternoon Football (Soccer)</name>
  <type>Soccer</type>
  <trkseg>
   <trkpt lat="37.7590020" lon="-122.4221500">
    <ele>17.4</ele>
    <time>2026-09-20T20:30:45Z</time>
   </trkpt>
   <trkpt lat="37.7590020" lon="-122.4221500">
    <ele>17.4</ele>
    <time>2026-09-20T20:30:46Z</time>
   </trkpt>
   <trkpt lat="37.7590020" lon="-122.4221390">
    <ele>17.4</ele>
    <time>2026-09-20T20:30:47Z</time>
   </trkpt>
   <trkpt lat="37.7589970" lon="-122.4221260">
    <ele>17.4</ele>
    <time>2026-09-20T20:30:48Z</time>
   </trkpt>
   <trkpt lat="37.7590050" lon="-122.4221080">
    <ele>17.5</ele>
    <time>2026-09-20T20:30:49Z</time>
   </trkpt>
   <trkpt lat="37.7590040" lon="-122.4221190">
    <ele>17.4</ele>
    <time>2026-09-20T20:30:50Z</time>
   </trkpt>
   <trkpt lat="37.7590010" lon="-122.4221230">
    <ele>17.4</ele>
    <time>2026-09-20T20:30:51Z</time>
   </trkpt>
   <trkpt lat="37.7589990" lon="-122.4221220">
    <ele>17.4</ele>
    <time>2026-09-20T20:30:52Z</time>
   </trkpt>
   <trkpt lat="37.7589960" lon="-122.4221210">
    <ele>17.4</ele>
    <time>2026-09-20T20:30:53Z</time>
   </trkpt>
   <trkpt lat="37.7589950" lon="-122.4221210">
    <ele>17.4</ele>
    <time>2026-09-20T20:30:54Z</time>
   </trkpt>
   <trkpt lat="37.7589940" lon="-122.4221230">
    <ele>17.4</ele>
    <time>2026-09-20T20:30:55Z</time>
   </trkpt>
   <trkpt lat="37.7590160" lon="-122.4221330">
    <ele>17.4</ele>
    <time>2026-09-20T20:30:56Z</time>
   </trkpt>
   <trkpt lat="37.7590170" lon="-122.4221340">
    <ele>17.4</ele>
    <time>2026-09-20T20:30:57Z</time>
   </trkpt>
   <trkpt lat="37.7589970" lon="-122.4221280">
    <ele>17.4</ele>
    <time>2026-09-20T20:30:58Z</time>
   </trkpt>
   <trkpt lat="37.7589970" lon="-122.4221280">
    <ele>17.4</ele>
    <time>2026-09-20T20:30:59Z</time>
   </trkpt>
   <trkpt lat="37.7589970" lon="-122.4221280">
    <ele>17.4</ele>
    <time>2026-09-20T20:31:00Z</time>
   </trkpt>
   <trkpt lat="37.7589970" lon="-122.4221280">
    <ele>17.4</ele>
    <time>2026-09-20T20:31:01Z</time>
   </trkpt>
   <trkpt lat="37.7589970" lon="-122.4221280">
    <ele>17.4</ele>
    <time>2026-09-20T20:31:02Z</time>
   </trkpt>
   <trkpt lat="37.7589970" lon="-122.4221280">
    <ele>17.4</ele>
    <time>2026-09-20T20:31:03Z</time>
   </trkpt>
   <trkpt lat="37.7589970" lon="-122.4221280">
    <ele>17.4</ele>
    <time>2026-09-20T20:31:04Z</time>
   </trkpt>
   <trkpt lat="37.7589970" lon="-122.4221280">
    <ele>17.4</ele>
    <time>2026-09-20T20:31:05Z</time>
   </trkpt>
   <trkpt lat="37.7590970" lon="-122.4222140">
    <ele>17.3</ele>
    <time>2026-09-20T20:31:06Z</time>
   </trkpt>
   <trkpt lat="37.7591230" lon="-122.4222260">
    <ele>17.2</ele>
    <time>2026-09-20T20:31:07Z</time>
   </trkpt>
   <trkpt lat="37.7591230" lon="-122.4222260">
    <ele>17.2</ele>
    <time>2026-09-20T20:31:08Z</time>
   </trkpt>
   <trkpt lat="37.7591230" lon="-122.4222260">
    <ele>17.2</ele>
    <time>2026-09-20T20:31:09Z</time>
   </trkpt>
   <trkpt lat="37.7590060" lon="-122.4221230">
    <ele>17.4</ele>
    <time>2026-09-20T20:31:10Z</time>
   </trkpt>
   <trkpt lat="37.7590080" lon="-122.4221220">
    <ele>17.4</ele>
    <time>2026-09-20T20:31:11Z</time>
   </trkpt>
   <trkpt lat="37.7590160" lon="-122.4221220">
    <ele>17.4</ele>
    <time>2026-09-20T20:31:12Z</time>
   </trkpt>
   <trkpt lat="37.7590190" lon="-122.4221230">
    <ele>17.4</ele>
    <time>2026-09-20T20:31:13Z</time>
   </trkpt>
   <trkpt lat="37.7590190" lon="-122.4221150">
    <ele>17.4</ele>
    <time>2026-09-20T20:31:14Z</time>
   </trkpt>
   <trkpt lat="37.7590100" lon="-122.4221210">
    <ele>17.4</ele>
    <time>2026-09-20T20:31:15Z</time>
   </trkpt>
   <trkpt lat="37.7590100" lon="-122.4221220">
    <ele>17.4</ele>
    <time>2026-09-20T20:31:16Z</time>
   </trkpt>
   <trkpt lat="37.7590080" lon="-122.4221210">
    <ele>17.4</ele>
    <time>2026-09-20T20:31:17Z</time>
   </trkpt>
   <trkpt lat="37.7590070" lon="-122.4221210">
    <ele>17.4</ele>
    <time>2026-09-20T20:31:18Z</time>
   </trkpt>
   <trkpt lat="37.7590070" lon="-122.4221210">
    <ele>17.4</ele>
    <time>2026-09-20T20:31:19Z</time>
   </trkpt>
   <trkpt lat="37.7590070" lon="-122.4221210">
    <ele>17.4</ele>
    <time>2026-09-20T20:31:20Z</time>
   </trkpt>
   <trkpt lat="37.7590080" lon="-122.4221240">
    <ele>17.4</ele>
    <time>2026-09-20T20:31:21Z</time>
   </trkpt>
   <trkpt lat="37.7590080" lon="-122.4221240">
    <ele>17.4</ele>
    <time>2026-09-20T20:31:22Z</time>
   </trkpt>
   <trkpt lat="37.7590080" lon="-122.4221240">
    <ele>17.4</ele>
    <time>2026-09-20T20:31:23Z</time>
   </trkpt>
   <trkpt lat="37.7590080" lon="-122.4221240">
    <ele>17.4</ele>
    <time>2026-09-20T20:31:24Z</time>
   </trkpt>
   <trkpt lat="37.7590080" lon="-122.4221230">
    <ele>17.4</ele>
    <time>2026-09-20T20:31:25Z</time>
   </trkpt>
   <trkpt lat="37.7590100" lon="-122.4221230">
    <ele>17.4</ele>
    <time>2026-09-20T20:31:26Z</time>
   </trkpt>
   <trkpt lat="37.7590010" lon="-122.4221460">
    <ele>17.4</ele>
    <time>2026-09-20T20:31:27Z</time>
   </trkpt>
   <trkpt lat="37.7589960" lon="-122.4221600">
    <ele>17.4</ele>
    <time>2026-09-20T20:31:28Z</time>
   </trkpt>
   <trkpt lat="37.7589960" lon="-122.4221740">
    <ele>17.4</ele>
    <time>2026-09-20T20:31:29Z</time>
   </trkpt>
   <trkpt lat="37.7589950" lon="-122.4221960">
    <ele>17.4</ele>
    <time>2026-09-20T20:31:30Z</time>
   </trkpt>
   <trkpt lat="37.7589900" lon="-122.4222180">
    <ele>17.4</ele>
    <time>2026-09-20T20:31:31Z</time>
   </trkpt>
   <trkpt lat="37.7589750" lon="-122.4222410">
    <ele>17.4</ele>
    <time>2026-09-20T20:31:32Z</time>
   </trkpt>
   <trkpt lat="37.7589760" lon="-122.4222650">
    <ele>17.4</ele>
    <time>2026-09-20T20:31:33Z</time>
   </trkpt>
   <trkpt lat="37.7590040" lon="-122.4222760">
    <ele>17.4</ele>
    <time>2026-09-20T20:31:34Z</time>
   </trkpt>
   <trkpt lat="37.7590250" lon="-122.4222190">
    <ele>17.4</ele>
    <time>2026-09-20T20:31:35Z</time>
   </trkpt>
   <trkpt lat="37.7590510" lon="-122.4221560">
    <ele>17.4</ele>
    <time>2026-09-20T20:31:36Z</time>
   </trkpt>
   <trkpt lat="37.7590550" lon="-122.4221120">
    <ele>17.4</ele>
    <time>2026-09-20T20:31:37Z</time>
   </trkpt>
   <trkpt lat="37.7590720" lon="-122.4221030">
    <ele>17.4</ele>
    <time>2026-09-20T20:31:38Z</time>
   </trkpt>
   <trkpt lat="37.7590950" lon="-122.4220910">
    <ele>17.3</ele>
    <time>2026-09-20T20:31:39Z</time>
   </trkpt>
   <trkpt lat="37.7591270" lon="-122.4220840">
    <ele>17.3</ele>
    <time>2026-09-20T20:31:40Z</time>
   </trkpt>
   <trkpt lat="37.7591580" lon="-122.4220520">
    <ele>17.3</ele>
    <time>2026-09-20T20:31:41Z</time>
   </trkpt>
   <trkpt lat="37.7591700" lon="-122.4219800">
    <ele>17.3</ele>
    <time>2026-09-20T20:31:42Z</time>
   </trkpt>
   <trkpt lat="37.7591710" lon="-122.4219570">
    <ele>17.3</ele>
    <time>2026-09-20T20:31:43Z</time>
   </trkpt>
   <trkpt lat="37.7591520" lon="-122.4219600">
    <ele>17.3</ele>
    <time>2026-09-20T20:31:44Z</time>
   </trkpt>
   <trkpt lat="37.7591270" lon="-122.4219470">
    <ele>17.4</ele>
    <time>2026-09-20T20:31:45Z</time>
   </trkpt>
   <trkpt lat="37.7590990" lon="-122.4219650">
    <ele>17.4</ele>
    <time>2026-09-20T20:31:46Z</time>
   </trkpt>
   <trkpt lat="37.7590720" lon="-122.4220110">
    <ele>17.4</ele>
    <time>2026-09-20T20:31:47Z</time>
   </trkpt>
   <trkpt lat="37.7590550" lon="-122.4220790">
    <ele>17.4</ele>
    <time>2026-09-20T20:31:48Z</time>
   </trkpt>
   <trkpt lat="37.7590500" lon="-122.4221520">
    <ele>17.4</ele>
    <time>2026-09-20T20:31:49Z</time>
   </trkpt>
   <trkpt lat="37.7590320" lon="-122.4221970">
    <ele>17.4</ele>
    <time>2026-09-20T20:31:50Z</time>
   </trkpt>
   <trkpt lat="37.7590520" lon="-122.4222090">
    <ele>17.3</ele>
    <time>2026-09-20T20:31:51Z</time>
   </trkpt>
   <trkpt lat="37.7590700" lon="-122.4221920">
    <ele>17.3</ele>
    <time>2026-09-20T20:31:52Z</time>
   </trkpt>
   <trkpt lat="37.7590950" lon="-122.4221490">
    <ele>17.3</ele>
    <time>2026-09-20T20:31:53Z</time>
   </trkpt>
   <trkpt lat="37.7591130" lon="-122.4221230">
    <ele>17.3</ele>
    <time>2026-09-20T20:31:54Z</time>
   </trkpt>
   <trkpt lat="37.7591360" lon="-122.4220830">
    <ele>17.3</ele>
    <time>2026-09-20T20:31:55Z</time>
   </trkpt>
   <trkpt lat="37.7591410" lon="-122.4220290">
    <ele>17.3</ele>
    <time>2026-09-20T20:31:56Z</time>
   </trkpt>
   <trkpt lat="37.7591120" lon="-122.4219810">
    <ele>17.4</ele>
    <time>2026-09-20T20:31:57Z</time>
   </trkpt>
   <trkpt lat="37.7590930" lon="-122.4219660">
    <ele>17.4</ele>
    <time>2026-09-20T20:31:58Z</time>
   </trkpt>
   <trkpt lat="37.7590820" lon="-122.4219830">
    <ele>17.4</ele>
    <time>2026-09-20T20:31:59Z</time>
   </trkpt>
   <trkpt lat="37.7590550" lon="-122.4219880">
    <ele>17.4</ele>
    <time>2026-09-20T20:32:00Z</time>
   </trkpt>
   <trkpt lat="37.7591380" lon="-122.4221100">
    <ele>17.3</ele>
    <time>2026-09-20T20:32:01Z</time>
   </trkpt>
   <trkpt lat="37.7591660" lon="-122.4221800">
    <ele>17.2</ele>
    <time>2026-09-20T20:32:02Z</time>
   </trkpt>
   <trkpt lat="37.7591870" lon="-122.4222390">
    <ele>17.2</ele>
    <time>2026-09-20T20:32:03Z</time>
   </trkpt>
   <trkpt lat="37.7592070" lon="-122.4222590">
    <ele>17.2</ele>
    <time>2026-09-20T20:32:04Z</time>
   </trkpt>
   <trkpt lat="37.7592260" lon="-122.4222340">
    <ele>17.2</ele>
    <time>2026-09-20T20:32:05Z</time>
   </trkpt>
   <trkpt lat="37.7592050" lon="-122.4221720">
    <ele>17.2</ele>
    <time>2026-09-20T20:32:06Z</time>
   </trkpt>
   <trkpt lat="37.7591590" lon="-122.4221190">
    <ele>17.3</ele>
    <time>2026-09-20T20:32:07Z</time>
   </trkpt>
   <trkpt lat="37.7591060" lon="-122.4220930">
    <ele>17.3</ele>
    <time>2026-09-20T20:32:08Z</time>
   </trkpt>
   <trkpt lat="37.7590670" lon="-122.4220610">
    <ele>17.4</ele>
    <time>2026-09-20T20:32:09Z</time>
   </trkpt>
   <trkpt lat="37.7590300" lon="-122.4220360">
    <ele>17.4</ele>
    <time>2026-09-20T20:32:10Z</time>
   </trkpt>
   <trkpt lat="37.7589970" lon="-122.4220140">
    <ele>17.5</ele>
    <time>2026-09-20T20:32:11Z</time>
   </trkpt>
   <trkpt lat="37.7589650" lon="-122.4220010">
    <ele>17.5</ele>
    <time>2026-09-20T20:32:12Z</time>
   </trkpt>
   <trkpt lat="37.7589550" lon="-122.4220640">
    <ele>17.5</ele>
    <time>2026-09-20T20:32:13Z</time>
   </trkpt>
   <trkpt lat="37.7589540" lon="-122.4221350">
    <ele>17.4</ele>
    <time>2026-09-20T20:32:14Z</time>
   </trkpt>
   <trkpt lat="37.7589610" lon="-122.4222030">
    <ele>17.4</ele>
    <time>2026-09-20T20:32:15Z</time>
   </trkpt>
   <trkpt lat="37.7589830" lon="-122.4222480">
    <ele>17.4</ele>
    <time>2026-09-20T20:32:16Z</time>
   </trkpt>
   <trkpt lat="37.7590060" lon="-122.4222930">
    <ele>17.4</ele>
    <time>2026-09-20T20:32:17Z</time>
   </trkpt>
   <trkpt lat="37.7590170" lon="-122.4223280">
    <ele>17.3</ele>
    <time>2026-09-20T20:32:18Z</time>
   </trkpt>
   <trkpt lat="37.7590360" lon="-122.4222910">
    <ele>17.3</ele>
    <time>2026-09-20T20:32:19Z</time>
   </trkpt>
   <trkpt lat="37.7590660" lon="-122.4222340">
    <ele>17.3</ele>
    <time>2026-09-20T20:32:20Z</time>
   </trkpt>
   <trkpt lat="37.7590750" lon="-122.4222180">
    <ele>17.3</ele>
    <time>2026-09-20T20:32:21Z</time>
   </trkpt>
   <trkpt lat="37.7590490" lon="-122.4222000">
    <ele>17.3</ele>
    <time>2026-09-20T20:32:22Z</time>
   </trkpt>
   <trkpt lat="37.7590610" lon="-122.4222470">
    <ele>17.3</ele>
    <time>2026-09-20T20:32:23Z</time>
   </trkpt>
   <trkpt lat="37.7590370" lon="-122.4222230">
    <ele>17.4</ele>
    <time>2026-09-20T20:32:24Z</time>
   </trkpt>
   <trkpt lat="37.7590320" lon="-122.4222020">
    <ele>17.4</ele>
    <time>2026-09-20T20:32:25Z</time>
   </trkpt>
   <trkpt lat="37.7590300" lon="-122.4221860">
    <ele>17.4</ele>
    <time>2026-09-20T20:32:26Z</time>
   </trkpt>
   <trkpt lat="37.7590320" lon="-122.4221730">
    <ele>17.4</ele>
    <time>2026-09-20T20:32:27Z</time>
   </trkpt>
   <trkpt lat="37.7590310" lon="-122.4221560">
    <ele>17.4</ele>
    <time>2026-09-20T20:32:28Z</time>
   </trkpt>
   <trkpt lat="37.7590320" lon="-122.4221400">
    <ele>17.4</ele>
    <time>2026-09-20T20:32:29Z</time>
   </trkpt>
   <trkpt lat="37.7590300" lon="-122.4221280">
    <ele>17.4</ele>
    <time>2026-09-20T20:32:30Z</time>
   </trkpt>
   <trkpt lat="37.7590270" lon="-122.4221150">
    <ele>17.4</ele>
    <time>2026-09-20T20:32:31Z</time>
   </trkpt>
   <trkpt lat="37.7590210" lon="-122.4221090">
    <ele>17.4</ele>
    <time>2026-09-20T20:32:32Z</time>
   </trkpt>
   <trkpt lat="37.7590140" lon="-122.4221090">
    <ele>17.4</ele>
    <time>2026-09-20T20:32:33Z</time>
   </trkpt>
   <trkpt lat="37.7590060" lon="-122.4221050">
    <ele>17.5</ele>
    <time>2026-09-20T20:32:34Z</time>
   </trkpt>
   <trkpt lat="37.7590100" lon="-122.4221130">
    <ele>17.5</ele>
    <time>2026-09-20T20:32:35Z</time>
   </trkpt>
   <trkpt lat="37.7590100" lon="-122.4221100">
    <ele>17.5</ele>
    <time>2026-09-20T20:32:36Z</time>
   </trkpt>
   <trkpt lat="37.7590080" lon="-122.4221000">
    <ele>17.5</ele>
    <time>2026-09-20T20:32:37Z</time>
   </trkpt>
   <trkpt lat="37.7590110" lon="-122.4221030">
    <ele>17.4</ele>
    <time>2026-09-20T20:32:38Z</time>
   </trkpt>
   <trkpt lat="37.7590110" lon="-122.4221020">
    <ele>17.4</ele>
    <time>2026-09-20T20:32:39Z</time>
   </trkpt>
   <trkpt lat="37.7590140" lon="-122.4221040">
    <ele>17.4</ele>
    <time>2026-09-20T20:32:40Z</time>
   </trkpt>
   <trkpt lat="37.7590130" lon="-122.4221070">
    <ele>17.4</ele>
    <time>2026-09-20T20:32:41Z</time>
   </trkpt>
   <trkpt lat="37.7590180" lon="-122.4221020">
    <ele>17.4</ele>
    <time>2026-09-20T20:32:42Z</time>
   </trkpt>
   <trkpt lat="37.7590160" lon="-122.4221080">
    <ele>17.4</ele>
    <time>2026-09-20T20:32:43Z</time>
   </trkpt>
   <trkpt lat="37.7590180" lon="-122.4221080">
    <ele>17.4</ele>
    <time>2026-09-20T20:32:44Z</time>
   </trkpt>
   <trkpt lat="37.7590240" lon="-122.4221160">
    <ele>17.4</ele>
    <time>2026-09-20T20:32:45Z</time>
   </trkpt>
   <trkpt lat="37.7590230" lon="-122.4221200">
    <ele>17.4</ele>
    <time>2026-09-20T20:32:46Z</time>
   </trkpt>
   <trkpt lat="37.7590180" lon="-122.4221330">
    <ele>17.4</ele>
    <time>2026-09-20T20:32:47Z</time>
   </trkpt>
   <trkpt lat="37.7590170" lon="-122.4221380">
    <ele>17.4</ele>
    <time>2026-09-20T20:32:48Z</time>
   </trkpt>
   <trkpt lat="37.7590230" lon="-122.4221330">
    <ele>17.4</ele>
    <time>2026-09-20T20:32:49Z</time>
   </trkpt>
   <trkpt lat="37.7590330" lon="-122.4221250">
    <ele>17.4</ele>
    <time>2026-09-20T20:32:50Z</time>
   </trkpt>
   <trkpt lat="37.7590390" lon="-122.4221190">
    <ele>17.4</ele>
    <time>2026-09-20T20:32:51Z</time>
   </trkpt>
   <trkpt lat="37.7590450" lon="-122.4221100">
    <ele>17.4</ele>
    <time>2026-09-20T20:32:52Z</time>
   </trkpt>
   <trkpt lat="37.7590450" lon="-122.4220990">
    <ele>17.4</ele>
    <time>2026-09-20T20:32:53Z</time>
   </trkpt>
   <trkpt lat="37.7590470" lon="-122.4220860">
    <ele>17.4</ele>
    <time>2026-09-20T20:32:54Z</time>
   </trkpt>
   <trkpt lat="37.7590300" lon="-122.4220740">
    <ele>17.4</ele>
    <time>2026-09-20T20:32:55Z</time>
   </trkpt>
   <trkpt lat="37.7590170" lon="-122.4220640">
    <ele>17.4</ele>
    <time>2026-09-20T20:32:56Z</time>
   </trkpt>
   <trkpt lat="37.7589900" lon="-122.4220580">
    <ele>17.5</ele>
    <time>2026-09-20T20:32:57Z</time>
   </trkpt>
   <trkpt lat="37.7589550" lon="-122.4220280">
    <ele>17.5</ele>
    <time>2026-09-20T20:32:58Z</time>
   </trkpt>
   <trkpt lat="37.7589570" lon="-122.4220220">
    <ele>17.5</ele>
    <time>2026-09-20T20:32:59Z</time>
   </trkpt>
   <trkpt lat="37.7589570" lon="-122.4220490">
    <ele>17.5</ele>
    <time>2026-09-20T20:33:00Z</time>
   </trkpt>
   <trkpt lat="37.7589250" lon="-122.4221190">
    <ele>17.5</ele>
    <time>2026-09-20T20:33:01Z</time>
   </trkpt>
   <trkpt lat="37.7589090" lon="-122.4222080">
    <ele>17.4</ele>
    <time>2026-09-20T20:33:02Z</time>
   </trkpt>
   <trkpt lat="37.7589030" lon="-122.4222860">
    <ele>17.4</ele>
    <time>2026-09-20T20:33:03Z</time>
   </trkpt>
   <trkpt lat="37.7589040" lon="-122.4223150">
    <ele>17.4</ele>
    <time>2026-09-20T20:33:04Z</time>
   </trkpt>
   <trkpt lat="37.7589100" lon="-122.4223190">
    <ele>17.4</ele>
    <time>2026-09-20T20:33:05Z</time>
   </trkpt>
   <trkpt lat="37.7589250" lon="-122.4223260">
    <ele>17.4</ele>
    <time>2026-09-20T20:33:06Z</time>
   </trkpt>
   <trkpt lat="37.7589450" lon="-122.4223300">
    <ele>17.4</ele>
    <time>2026-09-20T20:33:07Z</time>
   </trkpt>
   <trkpt lat="37.7590000" lon="-122.4223320">
    <ele>17.3</ele>
    <time>2026-09-20T20:33:08Z</time>
   </trkpt>
   <trkpt lat="37.7590440" lon="-122.4223210">
    <ele>17.3</ele>
    <time>2026-09-20T20:33:09Z</time>
   </trkpt>
   <trkpt lat="37.7590450" lon="-122.4222850">
    <ele>17.3</ele>
    <time>2026-09-20T20:33:10Z</time>
   </trkpt>
   <trkpt lat="37.7590410" lon="-122.4222470">
    <ele>17.3</ele>
    <time>2026-09-20T20:33:11Z</time>
   </trkpt>
   <trkpt lat="37.7590350" lon="-122.4222100">
    <ele>17.4</ele>
    <time>2026-09-20T20:33:12Z</time>
   </trkpt>
   <trkpt lat="37.7590300" lon="-122.4221740">
    <ele>17.4</ele>
    <time>2026-09-20T20:33:13Z</time>
   </trkpt>
   <trkpt lat="37.7590430" lon="-122.4221260">
    <ele>17.4</ele>
    <time>2026-09-20T20:33:14Z</time>
   </trkpt>
   <trkpt lat="37.7590440" lon="-122.4221100">
    <ele>17.4</ele>
    <time>2026-09-20T20:33:15Z</time>
   </trkpt>
   <trkpt lat="37.7590510" lon="-122.4221100">
    <ele>17.4</ele>
    <time>2026-09-20T20:33:16Z</time>
   </trkpt>
   <trkpt lat="37.7590540" lon="-122.4221020">
    <ele>17.4</ele>
    <time>2026-09-20T20:33:17Z</time>
   </trkpt>
   <trkpt lat="37.7590530" lon="-122.4221000">
    <ele>17.4</ele>
    <time>2026-09-20T20:33:18Z</time>
   </trkpt>
   <trkpt lat="37.7590400" lon="-122.4221010">
    <ele>17.4</ele>
    <time>2026-09-20T20:33:19Z</time>
   </trkpt>
   <trkpt lat="37.7590260" lon="-122.4221010">
    <ele>17.4</ele>
    <time>2026-09-20T20:33:20Z</time>
   </trkpt>
   <trkpt lat="37.7590100" lon="-122.4221040">
    <ele>17.5</ele>
    <time>2026-09-20T20:33:21Z</time>
   </trkpt>
   <trkpt lat="37.7590000" lon="-122.4221120">
    <ele>17.5</ele>
    <time>2026-09-20T20:33:22Z</time>
   </trkpt>
   <trkpt lat="37.7589880" lon="-122.4221160">
    <ele>17.4</ele>
    <time>2026-09-20T20:33:23Z</time>
   </trkpt>
   <trkpt lat="37.7589750" lon="-122.4221190">
    <ele>17.4</ele>
    <time>2026-09-20T20:33:24Z</time>
   </trkpt>
   <trkpt lat="37.7589750" lon="-122.4221160">
    <ele>17.4</ele>
    <time>2026-09-20T20:33:25Z</time>
   </trkpt>
   <trkpt lat="37.7589800" lon="-122.4221140">
    <ele>17.4</ele>
    <time>2026-09-20T20:33:26Z</time>
   </trkpt>
   <trkpt lat="37.7589840" lon="-122.4221130">
    <ele>17.5</ele>
    <time>2026-09-20T20:33:27Z</time>
   </trkpt>
   <trkpt lat="37.7589860" lon="-122.4221120">
    <ele>17.5</ele>
    <time>2026-09-20T20:33:28Z</time>
   </trkpt>
   <trkpt lat="37.7589870" lon="-122.4221090">
    <ele>17.5</ele>
    <time>2026-09-20T20:33:29Z</time>
   </trkpt>
   <trkpt lat="37.7589820" lon="-122.4220940">
    <ele>17.5</ele>
    <time>2026-09-20T20:33:30Z</time>
   </trkpt>
   <trkpt lat="37.7589810" lon="-122.4220880">
    <ele>17.5</ele>
    <time>2026-09-20T20:33:31Z</time>
   </trkpt>
   <trkpt lat="37.7590080" lon="-122.4220880">
    <ele>17.5</ele>
    <time>2026-09-20T20:33:32Z</time>
   </trkpt>
   <trkpt lat="37.7590440" lon="-122.4220990">
    <ele>17.4</ele>
    <time>2026-09-20T20:33:33Z</time>
   </trkpt>
   <trkpt lat="37.7590710" lon="-122.4220930">
    <ele>17.4</ele>
    <time>2026-09-20T20:33:34Z</time>
   </trkpt>
   <trkpt lat="37.7591180" lon="-122.4220770">
    <ele>17.3</ele>
    <time>2026-09-20T20:33:35Z</time>
   </trkpt>
   <trkpt lat="37.7591820" lon="-122.4220540">
    <ele>17.3</ele>
    <time>2026-09-20T20:33:36Z</time>
   </trkpt>
   <trkpt lat="37.7592340" lon="-122.4220720">
    <ele>17.1</ele>
    <time>2026-09-20T20:33:37Z</time>
   </trkpt>
   <trkpt lat="37.7592620" lon="-122.4220980">
    <ele>16.9</ele>
    <time>2026-09-20T20:33:38Z</time>
   </trkpt>
   <trkpt lat="37.7592610" lon="-122.4221050">
    <ele>16.9</ele>
    <time>2026-09-20T20:33:39Z</time>
   </trkpt>
   <trkpt lat="37.7592250" lon="-122.4220970">
    <ele>17.1</ele>
    <time>2026-09-20T20:33:40Z</time>
   </trkpt>
   <trkpt lat="37.7592150" lon="-122.4220950">
    <ele>17.1</ele>
    <time>2026-09-20T20:33:41Z</time>
   </trkpt>
   <trkpt lat="37.7592100" lon="-122.4220960">
    <ele>17.2</ele>
    <time>2026-09-20T20:33:42Z</time>
   </trkpt>
   <trkpt lat="37.7592000" lon="-122.4220970">
    <ele>17.2</ele>
    <time>2026-09-20T20:33:43Z</time>
   </trkpt>
   <trkpt lat="37.7592010" lon="-122.4220820">
    <ele>17.2</ele>
    <time>2026-09-20T20:33:44Z</time>
   </trkpt>
   <trkpt lat="37.7591610" lon="-122.4220640">
    <ele>17.3</ele>
    <time>2026-09-20T20:33:45Z</time>
   </trkpt>
   <trkpt lat="37.7591260" lon="-122.4220200">
    <ele>17.3</ele>
    <time>2026-09-20T20:33:46Z</time>
   </trkpt>
   <trkpt lat="37.7591200" lon="-122.4220060">
    <ele>17.3</ele>
    <time>2026-09-20T20:33:47Z</time>
   </trkpt>
   <trkpt lat="37.7590900" lon="-122.4220000">
    <ele>17.4</ele>
    <time>2026-09-20T20:33:48Z</time>
   </trkpt>
   <trkpt lat="37.7590800" lon="-122.4219920">
    <ele>17.4</ele>
    <time>2026-09-20T20:33:49Z</time>
   </trkpt>
   <trkpt lat="37.7590690" lon="-122.4219430">
    <ele>17.4</ele>
    <time>2026-09-20T20:33:50Z</time>
   </trkpt>
   <trkpt lat="37.7590940" lon="-122.4219030">
    <ele>17.4</ele>
    <time>2026-09-20T20:33:51Z</time>
   </trkpt>
   <trkpt lat="37.7591130" lon="-122.4219060">
    <ele>17.4</ele>
    <time>2026-09-20T20:33:52Z</time>
   </trkpt>
   <trkpt lat="37.7591200" lon="-122.4219210">
    <ele>17.4</ele>
    <time>2026-09-20T20:33:53Z</time>
   </trkpt>
   <trkpt lat="37.7591570" lon="-122.4219200">
    <ele>17.4</ele>
    <time>2026-09-20T20:33:54Z</time>
   </trkpt>
   <trkpt lat="37.7591780" lon="-122.4219330">
    <ele>17.4</ele>
    <time>2026-09-20T20:33:55Z</time>
   </trkpt>
   <trkpt lat="37.7591640" lon="-122.4219480">
    <ele>17.3</ele>
    <time>2026-09-20T20:33:56Z</time>
   </trkpt>
   <trkpt lat="37.7591490" lon="-122.4219860">
    <ele>17.3</ele>
    <time>2026-09-20T20:33:57Z</time>
   </trkpt>
   <trkpt lat="37.7591200" lon="-122.4220270">
    <ele>17.3</ele>
    <time>2026-09-20T20:33:58Z</time>
   </trkpt>
   <trkpt lat="37.7590990" lon="-122.4220660">
    <ele>17.3</ele>
    <time>2026-09-20T20:33:59Z</time>
   </trkpt>
   <trkpt lat="37.7590960" lon="-122.4220980">
    <ele>17.3</ele>
    <time>2026-09-20T20:34:00Z</time>
   </trkpt>
   <trkpt lat="37.7590860" lon="-122.4221150">
    <ele>17.3</ele>
    <time>2026-09-20T20:34:01Z</time>
   </trkpt>
   <trkpt lat="37.7590800" lon="-122.4221220">
    <ele>17.3</ele>
    <time>2026-09-20T20:34:02Z</time>
   </trkpt>
   <trkpt lat="37.7590930" lon="-122.4221100">
    <ele>17.3</ele>
    <time>2026-09-20T20:34:03Z</time>
   </trkpt>
   <trkpt lat="37.7591200" lon="-122.4220750">
    <ele>17.3</ele>
    <time>2026-09-20T20:34:04Z</time>
   </trkpt>
   <trkpt lat="37.7591570" lon="-122.4220130">
    <ele>17.3</ele>
    <time>2026-09-20T20:34:05Z</time>
   </trkpt>
   <trkpt lat="37.7591850" lon="-122.4219700">
    <ele>17.3</ele>
    <time>2026-09-20T20:34:06Z</time>
   </trkpt>
   <trkpt lat="37.7591740" lon="-122.4219130">
    <ele>17.4</ele>
    <time>2026-09-20T20:34:07Z</time>
   </trkpt>
   <trkpt lat="37.7591520" lon="-122.4218700">
    <ele>17.4</ele>
    <time>2026-09-20T20:34:08Z</time>
   </trkpt>
   <trkpt lat="37.7591450" lon="-122.4218720">
    <ele>17.4</ele>
    <time>2026-09-20T20:34:09Z</time>
   </trkpt>
   <trkpt lat="37.7591360" lon="-122.4218790">
    <ele>17.4</ele>
    <time>2026-09-20T20:34:10Z</time>
   </trkpt>
   <trkpt lat="37.7591370" lon="-122.4218770">
    <ele>17.4</ele>
    <time>2026-09-20T20:34:11Z</time>
   </trkpt>
   <trkpt lat="37.7591420" lon="-122.4218860">
    <ele>17.4</ele>
    <time>2026-09-20T20:34:12Z</time>
   </trkpt>
   <trkpt lat="37.7591380" lon="-122.4219380">
    <ele>17.4</ele>
    <time>2026-09-20T20:34:13Z</time>
   </trkpt>
   <trkpt lat="37.7591130" lon="-122.4219930">
    <ele>17.3</ele>
    <time>2026-09-20T20:34:14Z</time>
   </trkpt>
   <trkpt lat="37.7590870" lon="-122.4220340">
    <ele>17.3</ele>
    <time>2026-09-20T20:34:15Z</time>
   </trkpt>
   <trkpt lat="37.7590680" lon="-122.4220780">
    <ele>17.4</ele>
    <time>2026-09-20T20:34:16Z</time>
   </trkpt>
   <trkpt lat="37.7590570" lon="-122.4221160">
    <ele>17.4</ele>
    <time>2026-09-20T20:34:17Z</time>
   </trkpt>
   <trkpt lat="37.7590540" lon="-122.4221420">
    <ele>17.4</ele>
    <time>2026-09-20T20:34:18Z</time>
   </trkpt>
   <trkpt lat="37.7590580" lon="-122.4221690">
    <ele>17.3</ele>
    <time>2026-09-20T20:34:19Z</time>
   </trkpt>
   <trkpt lat="37.7590620" lon="-122.4221870">
    <ele>17.3</ele>
    <time>2026-09-20T20:34:20Z</time>
   </trkpt>
   <trkpt lat="37.7590630" lon="-122.4221900">
    <ele>17.3</ele>
    <time>2026-09-20T20:34:21Z</time>
   </trkpt>
   <trkpt lat="37.7590630" lon="-122.4221780">
    <ele>17.3</ele>
    <time>2026-09-20T20:34:22Z</time>
   </trkpt>
   <trkpt lat="37.7590630" lon="-122.4221750">
    <ele>17.3</ele>
    <time>2026-09-20T20:34:23Z</time>
   </trkpt>
   <trkpt lat="37.7590630" lon="-122.4221750">
    <ele>17.3</ele>
    <time>2026-09-20T20:34:24Z</time>
   </trkpt>
   <trkpt lat="37.7590650" lon="-122.4221750">
    <ele>17.3</ele>
    <time>2026-09-20T20:34:25Z</time>
   </trkpt>
   <trkpt lat="37.7590610" lon="-122.4221810">
    <ele>17.3</ele>
    <time>2026-09-20T20:34:26Z</time>
   </trkpt>
   <trkpt lat="37.7590540" lon="-122.4221820">
    <ele>17.3</ele>
    <time>2026-09-20T20:34:27Z</time>
   </trkpt>
   <trkpt lat="37.7590480" lon="-122.4221790">
    <ele>17.3</ele>
    <time>2026-09-20T20:34:28Z</time>
   </trkpt>
   <trkpt lat="37.7590420" lon="-122.4221730">
    <ele>17.4</ele>
    <time>2026-09-20T20:34:29Z</time>
   </trkpt>
   <trkpt lat="37.7590390" lon="-122.4221650">
    <ele>17.4</ele>
    <time>2026-09-20T20:34:30Z</time>
   </trkpt>
   <trkpt lat="37.7590460" lon="-122.4221650">
    <ele>17.3</ele>
    <time>2026-09-20T20:34:31Z</time>
   </trkpt>
   <trkpt lat="37.7590600" lon="-122.4221580">
    <ele>17.3</ele>
    <time>2026-09-20T20:34:32Z</time>
   </trkpt>
   <trkpt lat="37.7590660" lon="-122.4221600">
    <ele>17.3</ele>
    <time>2026-09-20T20:34:33Z</time>
   </trkpt>
   <trkpt lat="37.7590740" lon="-122.4221680">
    <ele>17.3</ele>
    <time>2026-09-20T20:34:34Z</time>
   </trkpt>
   <trkpt lat="37.7590860" lon="-122.4221730">
    <ele>17.3</ele>
    <time>2026-09-20T20:34:35Z</time>
   </trkpt>
   <trkpt lat="37.7590870" lon="-122.4221760">
    <ele>17.3</ele>
    <time>2026-09-20T20:34:36Z</time>
   </trkpt>
   <trkpt lat="37.7590940" lon="-122.4221880">
    <ele>17.3</ele>
    <time>2026-09-20T20:34:37Z</time>
   </trkpt>
   <trkpt lat="37.7590970" lon="-122.4222050">
    <ele>17.3</ele>
    <time>2026-09-20T20:34:38Z</time>
   </trkpt>
   <trkpt lat="37.7590840" lon="-122.4222190">
    <ele>17.3</ele>
    <time>2026-09-20T20:34:39Z</time>
   </trkpt>
   <trkpt lat="37.7590700" lon="-122.4222330">
    <ele>17.3</ele>
    <time>2026-09-20T20:34:40Z</time>
   </trkpt>
   <trkpt lat="37.7590620" lon="-122.4222380">
    <ele>17.3</ele>
    <time>2026-09-20T20:34:41Z</time>
   </trkpt>
   <trkpt lat="37.7590660" lon="-122.4222420">
    <ele>17.3</ele>
    <time>2026-09-20T20:34:42Z</time>
   </trkpt>
   <trkpt lat="37.7590730" lon="-122.4222430">
    <ele>17.3</ele>
    <time>2026-09-20T20:34:43Z</time>
   </trkpt>
   <trkpt lat="37.7590800" lon="-122.4222410">
    <ele>17.3</ele>
    <time>2026-09-20T20:34:44Z</time>
   </trkpt>
   <trkpt lat="37.7590860" lon="-122.4222380">
    <ele>17.3</ele>
    <time>2026-09-20T20:34:45Z</time>
   </trkpt>
   <trkpt lat="37.7590750" lon="-122.4222430">
    <ele>17.3</ele>
    <time>2026-09-20T20:34:46Z</time>
   </trkpt>
   <trkpt lat="37.7590560" lon="-122.4222760">
    <ele>17.3</ele>
    <time>2026-09-20T20:34:47Z</time>
   </trkpt>
   <trkpt lat="37.7590220" lon="-122.4223090">
    <ele>17.3</ele>
    <time>2026-09-20T20:34:48Z</time>
   </trkpt>
   <trkpt lat="37.7590340" lon="-122.4222700">
    <ele>17.3</ele>
    <time>2026-09-20T20:34:49Z</time>
   </trkpt>
   <trkpt lat="37.7590360" lon="-122.4222140">
    <ele>17.4</ele>
    <time>2026-09-20T20:34:50Z</time>
   </trkpt>
   <trkpt lat="37.7590230" lon="-122.4221770">
    <ele>17.4</ele>
    <time>2026-09-20T20:34:51Z</time>
   </trkpt>
   <trkpt lat="37.7589650" lon="-122.4221420">
    <ele>17.4</ele>
    <time>2026-09-20T20:34:52Z</time>
   </trkpt>
   <trkpt lat="37.7588910" lon="-122.4220860">
    <ele>17.6</ele>
    <time>2026-09-20T20:34:53Z</time>
   </trkpt>
   <trkpt lat="37.7588550" lon="-122.4220470">
    <ele>17.9</ele>
    <time>2026-09-20T20:34:54Z</time>
   </trkpt>
   <trkpt lat="37.7588440" lon="-122.4220090">
    <ele>18.0</ele>
    <time>2026-09-20T20:34:55Z</time>
   </trkpt>
   <trkpt lat="37.7588650" lon="-122.4220040">
    <ele>18.0</ele>
    <time>2026-09-20T20:34:56Z</time>
   </trkpt>
   <trkpt lat="37.7588950" lon="-122.4219720">
    <ele>17.7</ele>
    <time>2026-09-20T20:34:57Z</time>
   </trkpt>
   <trkpt lat="37.7589190" lon="-122.4219160">
    <ele>17.5</ele>
    <time>2026-09-20T20:34:58Z</time>
   </trkpt>
   <trkpt lat="37.7589290" lon="-122.4218950">
    <ele>17.5</ele>
    <time>2026-09-20T20:34:59Z</time>
   </trkpt>
   <trkpt lat="37.7589460" lon="-122.4219210">
    <ele>17.5</ele>
    <time>2026-09-20T20:35:00Z</time>
   </trkpt>
   <trkpt lat="37.7589590" lon="-122.4219780">
    <ele>17.5</ele>
    <time>2026-09-20T20:35:01Z</time>
   </trkpt>
   <trkpt lat="37.7589680" lon="-122.4220560">
    <ele>17.5</ele>
    <time>2026-09-20T20:35:02Z</time>
   </trkpt>
   <trkpt lat="37.7589760" lon="-122.4221080">
    <ele>17.5</ele>
    <time>2026-09-20T20:35:03Z</time>
   </trkpt>
   <trkpt lat="37.7589800" lon="-122.4221720">
    <ele>17.4</ele>
    <time>2026-09-20T20:35:04Z</time>
   </trkpt>
   <trkpt lat="37.7589840" lon="-122.4222320">
    <ele>17.4</ele>
    <time>2026-09-20T20:35:05Z</time>
   </trkpt>
   <trkpt lat="37.7590160" lon="-122.4222610">
    <ele>17.3</ele>
    <time>2026-09-20T20:35:06Z</time>
   </trkpt>
   <trkpt lat="37.7590600" lon="-122.4222630">
    <ele>17.3</ele>
    <time>2026-09-20T20:35:07Z</time>
   </trkpt>
   <trkpt lat="37.7590910" lon="-122.4222560">
    <ele>17.3</ele>
    <time>2026-09-20T20:35:08Z</time>
   </trkpt>
   <trkpt lat="37.7591080" lon="-122.4222960">
    <ele>17.2</ele>
    <time>2026-09-20T20:35:09Z</time>
   </trkpt>
   <trkpt lat="37.7590770" lon="-122.4223050">
    <ele>17.3</ele>
    <time>2026-09-20T20:35:10Z</time>
   </trkpt>
   <trkpt lat="37.7590540" lon="-122.4222870">
    <ele>17.3</ele>
    <time>2026-09-20T20:35:11Z</time>
   </trkpt>
   <trkpt lat="37.7590320" lon="-122.4222620">
    <ele>17.3</ele>
    <time>2026-09-20T20:35:12Z</time>
   </trkpt>
   <trkpt lat="37.7590020" lon="-122.4222470">
    <ele>17.4</ele>
    <time>2026-09-20T20:35:13Z</time>
   </trkpt>
   <trkpt lat="37.7590000" lon="-122.4222190">
    <ele>17.4</ele>
    <time>2026-09-20T20:35:14Z</time>
   </trkpt>
   <trkpt lat="37.7590110" lon="-122.4221980">
    <ele>17.4</ele>
    <time>2026-09-20T20:35:15Z</time>
   </trkpt>
   <trkpt lat="37.7590080" lon="-122.4221740">
    <ele>17.4</ele>
    <time>2026-09-20T20:35:16Z</time>
   </trkpt>
   <trkpt lat="37.7589870" lon="-122.4221250">
    <ele>17.4</ele>
    <time>2026-09-20T20:35:17Z</time>
   </trkpt>
   <trkpt lat="37.7590020" lon="-122.4221600">
    <ele>17.4</ele>
    <time>2026-09-20T20:35:18Z</time>
   </trkpt>
   <trkpt lat="37.7590180" lon="-122.4221950">
    <ele>17.4</ele>
    <time>2026-09-20T20:35:19Z</time>
   </trkpt>
   <trkpt lat="37.7590170" lon="-122.4222710">
    <ele>17.3</ele>
    <time>2026-09-20T20:35:20Z</time>
   </trkpt>
   <trkpt lat="37.7590220" lon="-122.4223210">
    <ele>17.3</ele>
    <time>2026-09-20T20:35:21Z</time>
   </trkpt>
   <trkpt lat="37.7590450" lon="-122.4223610">
    <ele>17.3</ele>
    <time>2026-09-20T20:35:22Z</time>
   </trkpt>
   <trkpt lat="37.7590730" lon="-122.4223820">
    <ele>17.2</ele>
    <time>2026-09-20T20:35:23Z</time>
   </trkpt>
   <trkpt lat="37.7591050" lon="-122.4223700">
    <ele>17.3</ele>
    <time>2026-09-20T20:35:24Z</time>
   </trkpt>
   <trkpt lat="37.7591120" lon="-122.4223650">
    <ele>17.3</ele>
    <time>2026-09-20T20:35:25Z</time>
   </trkpt>
   <trkpt lat="37.7591130" lon="-122.4223540">
    <ele>17.2</ele>
    <time>2026-09-20T20:35:26Z</time>
   </trkpt>
   <trkpt lat="37.7590960" lon="-122.4223510">
    <ele>17.3</ele>
    <time>2026-09-20T20:35:27Z</time>
   </trkpt>
   <trkpt lat="37.7590820" lon="-122.4223500">
    <ele>17.3</ele>
    <time>2026-09-20T20:35:28Z</time>
   </trkpt>
   <trkpt lat="37.7590780" lon="-122.4223400">
    <ele>17.3</ele>
    <time>2026-09-20T20:35:29Z</time>
   </trkpt>
   <trkpt lat="37.7590730" lon="-122.4223290">
    <ele>17.3</ele>
    <time>2026-09-20T20:35:30Z</time>
   </trkpt>
   <trkpt lat="37.7590640" lon="-122.4223200">
    <ele>17.3</ele>
    <time>2026-09-20T20:35:31Z</time>
   </trkpt>
   <trkpt lat="37.7590580" lon="-122.4223090">
    <ele>17.3</ele>
    <time>2026-09-20T20:35:32Z</time>
   </trkpt>
   <trkpt lat="37.7590580" lon="-122.4223090">
    <ele>17.3</ele>
    <time>2026-09-20T20:35:33Z</time>
   </trkpt>
   <trkpt lat="37.7590550" lon="-122.4222910">
    <ele>17.3</ele>
    <time>2026-09-20T20:35:34Z</time>
   </trkpt>
   <trkpt lat="37.7590510" lon="-122.4222830">
    <ele>17.3</ele>
    <time>2026-09-20T20:35:35Z</time>
   </trkpt>
   <trkpt lat="37.7590470" lon="-122.4222890">
    <ele>17.3</ele>
    <time>2026-09-20T20:35:36Z</time>
   </trkpt>
   <trkpt lat="37.7590340" lon="-122.4222910">
    <ele>17.3</ele>
    <time>2026-09-20T20:35:37Z</time>
   </trkpt>
   <trkpt lat="37.7590250" lon="-122.4222900">
    <ele>17.3</ele>
    <time>2026-09-20T20:35:38Z</time>
   </trkpt>
   <trkpt lat="37.7590250" lon="-122.4222810">
    <ele>17.3</ele>
    <time>2026-09-20T20:35:39Z</time>
   </trkpt>
   <trkpt lat="37.7590200" lon="-122.4222750">
    <ele>17.3</ele>
    <time>2026-09-20T20:35:40Z</time>
   </trkpt>
   <trkpt lat="37.7590190" lon="-122.4222630">
    <ele>17.3</ele>
    <time>2026-09-20T20:35:41Z</time>
   </trkpt>
   <trkpt lat="37.7590180" lon="-122.4222460">
    <ele>17.3</ele>
    <time>2026-09-20T20:35:42Z</time>
   </trkpt>
   <trkpt lat="37.7590180" lon="-122.4222310">
    <ele>17.4</ele>
    <time>2026-09-20T20:35:43Z</time>
   </trkpt>
   <trkpt lat="37.7590200" lon="-122.4222130">
    <ele>17.4</ele>
    <time>2026-09-20T20:35:44Z</time>
   </trkpt>
   <trkpt lat="37.7590210" lon="-122.4222020">
    <ele>17.4</ele>
    <time>2026-09-20T20:35:45Z</time>
   </trkpt>
   <trkpt lat="37.7590280" lon="-122.4221880">
    <ele>17.4</ele>
    <time>2026-09-20T20:35:46Z</time>
   </trkpt>
   <trkpt lat="37.7590390" lon="-122.4221950">
    <ele>17.4</ele>
    <time>2026-09-20T20:35:47Z</time>
   </trkpt>
   <trkpt lat="37.7590460" lon="-122.4221960">
    <ele>17.3</ele>
    <time>2026-09-20T20:35:48Z</time>
   </trkpt>
   <trkpt lat="37.7590500" lon="-122.4221870">
    <ele>17.3</ele>
    <time>2026-09-20T20:35:49Z</time>
   </trkpt>
   <trkpt lat="37.7590580" lon="-122.4221700">
    <ele>17.3</ele>
    <time>2026-09-20T20:35:50Z</time>
   </trkpt>
   <trkpt lat="37.7590610" lon="-122.4221540">
    <ele>17.4</ele>
    <time>2026-09-20T20:35:51Z</time>
   </trkpt>
   <trkpt lat="37.7590620" lon="-122.4221350">
    <ele>17.4</ele>
    <time>2026-09-20T20:35:52Z</time>
   </trkpt>
   <trkpt lat="37.7590620" lon="-122.4221230">
    <ele>17.4</ele>
    <time>2026-09-20T20:35:53Z</time>
   </trkpt>
   <trkpt lat="37.7590610" lon="-122.4221100">
    <ele>17.4</ele>
    <time>2026-09-20T20:35:54Z</time>
   </trkpt>
   <trkpt lat="37.7590620" lon="-122.4221010">
    <ele>17.4</ele>
    <time>2026-09-20T20:35:55Z</time>
   </trkpt>
   <trkpt lat="37.7590610" lon="-122.4220960">
    <ele>17.4</ele>
    <time>2026-09-20T20:35:56Z</time>
   </trkpt>
   <trkpt lat="37.7590570" lon="-122.4220940">
    <ele>17.4</ele>
    <time>2026-09-20T20:35:57Z</time>
   </trkpt>
   <trkpt lat="37.7590560" lon="-122.4221020">
    <ele>17.4</ele>
    <time>2026-09-20T20:35:58Z</time>
   </trkpt>
   <trkpt lat="37.7590490" lon="-122.4221100">
    <ele>17.4</ele>
    <time>2026-09-20T20:35:59Z</time>
   </trkpt>
   <trkpt lat="37.7590360" lon="-122.4221130">
    <ele>17.4</ele>
    <time>2026-09-20T20:36:00Z</time>
   </trkpt>
   <trkpt lat="37.7590330" lon="-122.4221210">
    <ele>17.4</ele>
    <time>2026-09-20T20:36:01Z</time>
   </trkpt>
   <trkpt lat="37.7590270" lon="-122.4221230">
    <ele>17.4</ele>
    <time>2026-09-20T20:36:02Z</time>
   </trkpt>
   <trkpt lat="37.7590190" lon="-122.4221270">
    <ele>17.4</ele>
    <time>2026-09-20T20:36:03Z</time>
   </trkpt>
   <trkpt lat="37.7590180" lon="-122.4221330">
    <ele>17.4</ele>
    <time>2026-09-20T20:36:04Z</time>
   </trkpt>
   <trkpt lat="37.7590220" lon="-122.4221320">
    <ele>17.4</ele>
    <time>2026-09-20T20:36:05Z</time>
   </trkpt>
   <trkpt lat="37.7590190" lon="-122.4221340">
    <ele>17.4</ele>
    <time>2026-09-20T20:36:06Z</time>
   </trkpt>
   <trkpt lat="37.7590130" lon="-122.4221400">
    <ele>17.4</ele>
    <time>2026-09-20T20:36:07Z</time>
   </trkpt>
   <trkpt lat="37.7590040" lon="-122.4221580">
    <ele>17.4</ele>
    <time>2026-09-20T20:36:08Z</time>
   </trkpt>
   <trkpt lat="37.7589730" lon="-122.4221890">
    <ele>17.4</ele>
    <time>2026-09-20T20:36:09Z</time>
   </trkpt>
   <trkpt lat="37.7589500" lon="-122.4222150">
    <ele>17.4</ele>
    <time>2026-09-20T20:36:10Z</time>
   </trkpt>
   <trkpt lat="37.7589330" lon="-122.4222220">
    <ele>17.4</ele>
    <time>2026-09-20T20:36:11Z</time>
   </trkpt>
   <trkpt lat="37.7589380" lon="-122.4222020">
    <ele>17.4</ele>
    <time>2026-09-20T20:36:12Z</time>
   </trkpt>
   <trkpt lat="37.7589300" lon="-122.4221990">
    <ele>17.4</ele>
    <time>2026-09-20T20:36:13Z</time>
   </trkpt>
   <trkpt lat="37.7589270" lon="-122.4221920">
    <ele>17.4</ele>
    <time>2026-09-20T20:36:14Z</time>
   </trkpt>
   <trkpt lat="37.7589310" lon="-122.4221840">
    <ele>17.4</ele>
    <time>2026-09-20T20:36:15Z</time>
   </trkpt>
   <trkpt lat="37.7589340" lon="-122.4221620">
    <ele>17.4</ele>
    <time>2026-09-20T20:36:16Z</time>
   </trkpt>
   <trkpt lat="37.7589340" lon="-122.4221450">
    <ele>17.5</ele>
    <time>2026-09-20T20:36:17Z</time>
   </trkpt>
   <trkpt lat="37.7589720" lon="-122.4221150">
    <ele>17.4</ele>
    <time>2026-09-20T20:36:18Z</time>
   </trkpt>
   <trkpt lat="37.7590060" lon="-122.4221110">
    <ele>17.5</ele>
    <time>2026-09-20T20:36:19Z</time>
   </trkpt>
   <trkpt lat="37.7590270" lon="-122.4221050">
    <ele>17.4</ele>
    <time>2026-09-20T20:36:20Z</time>
   </trkpt>
   <trkpt lat="37.7590530" lon="-122.4221010">
    <ele>17.4</ele>
    <time>2026-09-20T20:36:21Z</time>
   </trkpt>
   <trkpt lat="37.7590700" lon="-122.4221040">
    <ele>17.4</ele>
    <time>2026-09-20T20:36:22Z</time>
   </trkpt>
   <trkpt lat="37.7590810" lon="-122.4221330">
    <ele>17.3</ele>
    <time>2026-09-20T20:36:23Z</time>
   </trkpt>
   <trkpt lat="37.7590740" lon="-122.4221760">
    <ele>17.3</ele>
    <time>2026-09-20T20:36:24Z</time>
   </trkpt>
   <trkpt lat="37.7590710" lon="-122.4222270">
    <ele>17.3</ele>
    <time>2026-09-20T20:36:25Z</time>
   </trkpt>
   <trkpt lat="37.7590800" lon="-122.4222680">
    <ele>17.3</ele>
    <time>2026-09-20T20:36:26Z</time>
   </trkpt>
   <trkpt lat="37.7590850" lon="-122.4222720">
    <ele>17.3</ele>
    <time>2026-09-20T20:36:27Z</time>
   </trkpt>
   <trkpt lat="37.7590700" lon="-122.4222390">
    <ele>17.3</ele>
    <time>2026-09-20T20:36:28Z</time>
   </trkpt>
   <trkpt lat="37.7590610" lon="-122.4222300">
    <ele>17.3</ele>
    <time>2026-09-20T20:36:29Z</time>
   </trkpt>
   <trkpt lat="37.7590540" lon="-122.4222120">
    <ele>17.3</ele>
    <time>2026-09-20T20:36:30Z</time>
   </trkpt>
   <trkpt lat="37.7590510" lon="-122.4221980">
    <ele>17.3</ele>
    <time>2026-09-20T20:36:31Z</time>
   </trkpt>
   <trkpt lat="37.7590420" lon="-122.4221870">
    <ele>17.4</ele>
    <time>2026-09-20T20:36:32Z</time>
   </trkpt>
   <trkpt lat="37.7590380" lon="-122.4221700">
    <ele>17.4</ele>
    <time>2026-09-20T20:36:33Z</time>
   </trkpt>
   <trkpt lat="37.7590320" lon="-122.4221580">
    <ele>17.4</ele>
    <time>2026-09-20T20:36:34Z</time>
   </trkpt>
   <trkpt lat="37.7590310" lon="-122.4221540">
    <ele>17.4</ele>
    <time>2026-09-20T20:36:35Z</time>
   </trkpt>
   <trkpt lat="37.7590270" lon="-122.4221440">
    <ele>17.4</ele>
    <time>2026-09-20T20:36:36Z</time>
   </trkpt>
   <trkpt lat="37.7590230" lon="-122.4221300">
    <ele>17.4</ele>
    <time>2026-09-20T20:36:37Z</time>
   </trkpt>
   <trkpt lat="37.7590160" lon="-122.4221350">
    <ele>17.4</ele>
    <time>2026-09-20T20:36:38Z</time>
   </trkpt>
   <trkpt lat="37.7590120" lon="-122.4221390">
    <ele>17.4</ele>
    <time>2026-09-20T20:36:39Z</time>
   </trkpt>
   <trkpt lat="37.7590180" lon="-122.4221430">
    <ele>17.4</ele>
    <time>2026-09-20T20:36:40Z</time>
   </trkpt>
   <trkpt lat="37.7590240" lon="-122.4221370">
    <ele>17.4</ele>
    <time>2026-09-20T20:36:41Z</time>
   </trkpt>
   <trkpt lat="37.7590460" lon="-122.4221390">
    <ele>17.4</ele>
    <time>2026-09-20T20:36:42Z</time>
   </trkpt>
   <trkpt lat="37.7590500" lon="-122.4221610">
    <ele>17.3</ele>
    <time>2026-09-20T20:36:43Z</time>
   </trkpt>
   <trkpt lat="37.7590740" lon="-122.4222050">
    <ele>17.3</ele>
    <time>2026-09-20T20:36:44Z</time>
   </trkpt>
   <trkpt lat="37.7590820" lon="-122.4222290">
    <ele>17.3</ele>
    <time>2026-09-20T20:36:45Z</time>
   </trkpt>
   <trkpt lat="37.7590640" lon="-122.4222520">
    <ele>17.3</ele>
    <time>2026-09-20T20:36:46Z</time>
   </trkpt>
   <trkpt lat="37.7590520" lon="-122.4222280">
    <ele>17.3</ele>
    <time>2026-09-20T20:36:47Z</time>
   </trkpt>
   <trkpt lat="37.7590570" lon="-122.4221940">
    <ele>17.3</ele>
    <time>2026-09-20T20:36:48Z</time>
   </trkpt>
   <trkpt lat="37.7590710" lon="-122.4221930">
    <ele>17.3</ele>
    <time>2026-09-20T20:36:49Z</time>
   </trkpt>
   <trkpt lat="37.7590810" lon="-122.4222250">
    <ele>17.3</ele>
    <time>2026-09-20T20:36:50Z</time>
   </trkpt>
   <trkpt lat="37.7590730" lon="-122.4222460">
    <ele>17.3</ele>
    <time>2026-09-20T20:36:51Z</time>
   </trkpt>
   <trkpt lat="37.7590580" lon="-122.4222270">
    <ele>17.3</ele>
    <time>2026-09-20T20:36:52Z</time>
   </trkpt>
   <trkpt lat="37.7590510" lon="-122.4221720">
    <ele>17.3</ele>
    <time>2026-09-20T20:36:53Z</time>
   </trkpt>
   <trkpt lat="37.7590620" lon="-122.4221480">
    <ele>17.4</ele>
    <time>2026-09-20T20:36:54Z</time>
   </trkpt>
   <trkpt lat="37.7590930" lon="-122.4221350">
    <ele>17.3</ele>
    <time>2026-09-20T20:36:55Z</time>
   </trkpt>
   <trkpt lat="37.7591080" lon="-122.4221250">
    <ele>17.3</ele>
    <time>2026-09-20T20:36:56Z</time>
   </trkpt>
   <trkpt lat="37.7591250" lon="-122.4221200">
    <ele>17.3</ele>
    <time>2026-09-20T20:36:57Z</time>
   </trkpt>
   <trkpt lat="37.7591340" lon="-122.4221080">
    <ele>17.3</ele>
    <time>2026-09-20T20:36:58Z</time>
   </trkpt>
   <trkpt lat="37.7591380" lon="-122.4221010">
    <ele>17.3</ele>
    <time>2026-09-20T20:36:59Z</time>
   </trkpt>
   <trkpt lat="37.7591330" lon="-122.4221350">
    <ele>17.3</ele>
    <time>2026-09-20T20:37:00Z</time>
   </trkpt>
   <trkpt lat="37.7591190" lon="-122.4221700">
    <ele>17.3</ele>
    <time>2026-09-20T20:37:01Z</time>
   </trkpt>
   <trkpt lat="37.7591080" lon="-122.4221780">
    <ele>17.3</ele>
    <time>2026-09-20T20:37:02Z</time>
   </trkpt>
   <trkpt lat="37.7591100" lon="-122.4221670">
    <ele>17.3</ele>
    <time>2026-09-20T20:37:03Z</time>
   </trkpt>
   <trkpt lat="37.7591170" lon="-122.4222040">
    <ele>17.2</ele>
    <time>2026-09-20T20:37:04Z</time>
   </trkpt>
   <trkpt lat="37.7591160" lon="-122.4222150">
    <ele>17.2</ele>
    <time>2026-09-20T20:37:05Z</time>
   </trkpt>
   <trkpt lat="37.7591090" lon="-122.4222300">
    <ele>17.3</ele>
    <time>2026-09-20T20:37:06Z</time>
   </trkpt>
   <trkpt lat="37.7591010" lon="-122.4222480">
    <ele>17.3</ele>
    <time>2026-09-20T20:37:07Z</time>
   </trkpt>
   <trkpt lat="37.7590800" lon="-122.4222930">
    <ele>17.2</ele>
    <time>2026-09-20T20:37:08Z</time>
   </trkpt>
   <trkpt lat="37.7590440" lon="-122.4223410">
    <ele>17.3</ele>
    <time>2026-09-20T20:37:09Z</time>
   </trkpt>
   <trkpt lat="37.7590170" lon="-122.4223610">
    <ele>17.3</ele>
    <time>2026-09-20T20:37:10Z</time>
   </trkpt>
   <trkpt lat="37.7590080" lon="-122.4223460">
    <ele>17.3</ele>
    <time>2026-09-20T20:37:11Z</time>
   </trkpt>
   <trkpt lat="37.7590260" lon="-122.4223310">
    <ele>17.3</ele>
    <time>2026-09-20T20:37:12Z</time>
   </trkpt>
   <trkpt lat="37.7590260" lon="-122.4223370">
    <ele>17.3</ele>
    <time>2026-09-20T20:37:13Z</time>
   </trkpt>
   <trkpt lat="37.7590270" lon="-122.4223310">
    <ele>17.3</ele>
    <time>2026-09-20T20:37:14Z</time>
   </trkpt>
   <trkpt lat="37.7590340" lon="-122.4223290">
    <ele>17.3</ele>
    <time>2026-09-20T20:37:15Z</time>
   </trkpt>
   <trkpt lat="37.7590330" lon="-122.4223230">
    <ele>17.3</ele>
    <time>2026-09-20T20:37:16Z</time>
   </trkpt>
   <trkpt lat="37.7590440" lon="-122.4223170">
    <ele>17.3</ele>
    <time>2026-09-20T20:37:17Z</time>
   </trkpt>
   <trkpt lat="37.7590530" lon="-122.4223080">
    <ele>17.3</ele>
    <time>2026-09-20T20:37:18Z</time>
   </trkpt>
   <trkpt lat="37.7590590" lon="-122.4222990">
    <ele>17.3</ele>
    <time>2026-09-20T20:37:19Z</time>
   </trkpt>
   <trkpt lat="37.7590630" lon="-122.4222880">
    <ele>17.3</ele>
    <time>2026-09-20T20:37:20Z</time>
   </trkpt>
   <trkpt lat="37.7590690" lon="-122.4222770">
    <ele>17.3</ele>
    <time>2026-09-20T20:37:21Z</time>
   </trkpt>
   <trkpt lat="37.7590750" lon="-122.4222720">
    <ele>17.3</ele>
    <time>2026-09-20T20:37:22Z</time>
   </trkpt>
   <trkpt lat="37.7590840" lon="-122.4222630">
    <ele>17.3</ele>
    <time>2026-09-20T20:37:23Z</time>
   </trkpt>
   <trkpt lat="37.7590880" lon="-122.4222500">
    <ele>17.3</ele>
    <time>2026-09-20T20:37:24Z</time>
   </trkpt>
   <trkpt lat="37.7590940" lon="-122.4222400">
    <ele>17.3</ele>
    <time>2026-09-20T20:37:25Z</time>
   </trkpt>
   <trkpt lat="37.7590970" lon="-122.4222300">
    <ele>17.3</ele>
    <time>2026-09-20T20:37:26Z</time>
   </trkpt>
   <trkpt lat="37.7591010" lon="-122.4222190">
    <ele>17.3</ele>
    <time>2026-09-20T20:37:27Z</time>
   </trkpt>
   <trkpt lat="37.7591030" lon="-122.4222060">
    <ele>17.3</ele>
    <time>2026-09-20T20:37:28Z</time>
   </trkpt>
   <trkpt lat="37.7591030" lon="-122.4221950">
    <ele>17.3</ele>
    <time>2026-09-20T20:37:29Z</time>
   </trkpt>
   <trkpt lat="37.7591020" lon="-122.4221850">
    <ele>17.3</ele>
    <time>2026-09-20T20:37:30Z</time>
   </trkpt>
   <trkpt lat="37.7591020" lon="-122.4221770">
    <ele>17.3</ele>
    <time>2026-09-20T20:37:31Z</time>
   </trkpt>
   <trkpt lat="37.7591010" lon="-122.4221770">
    <ele>17.3</ele>
    <time>2026-09-20T20:37:32Z</time>
   </trkpt>
   <trkpt lat="37.7590960" lon="-122.4221660">
    <ele>17.3</ele>
    <time>2026-09-20T20:37:33Z</time>
   </trkpt>
   <trkpt lat="37.7590940" lon="-122.4221540">
    <ele>17.3</ele>
    <time>2026-09-20T20:37:34Z</time>
   </trkpt>
   <trkpt lat="37.7590910" lon="-122.4221450">
    <ele>17.3</ele>
    <time>2026-09-20T20:37:35Z</time>
   </trkpt>
   <trkpt lat="37.7590910" lon="-122.4221460">
    <ele>17.3</ele>
    <time>2026-09-20T20:37:36Z</time>
   </trkpt>
   <trkpt lat="37.7590910" lon="-122.4221460">
    <ele>17.3</ele>
    <time>2026-09-20T20:37:37Z</time>
   </trkpt>
   <trkpt lat="37.7590980" lon="-122.4221280">
    <ele>17.3</ele>
    <time>2026-09-20T20:37:38Z</time>
   </trkpt>
   <trkpt lat="37.7591010" lon="-122.4221160">
    <ele>17.3</ele>
    <time>2026-09-20T20:37:39Z</time>
   </trkpt>
   <trkpt lat="37.7590910" lon="-122.4221110">
    <ele>17.3</ele>
    <time>2026-09-20T20:37:40Z</time>
   </trkpt>
   <trkpt lat="37.7590710" lon="-122.4220860">
    <ele>17.4</ele>
    <time>2026-09-20T20:37:41Z</time>
   </trkpt>
   <trkpt lat="37.7590620" lon="-122.4220580">
    <ele>17.4</ele>
    <time>2026-09-20T20:37:42Z</time>
   </trkpt>
   <trkpt lat="37.7590510" lon="-122.4219930">
    <ele>17.4</ele>
    <time>2026-09-20T20:37:43Z</time>
   </trkpt>
   <trkpt lat="37.7590420" lon="-122.4219810">
    <ele>17.4</ele>
    <time>2026-09-20T20:37:44Z</time>
   </trkpt>
   <trkpt lat="37.7590500" lon="-122.4220120">
    <ele>17.4</ele>
    <time>2026-09-20T20:37:45Z</time>
   </trkpt>
   <trkpt lat="37.7590580" lon="-122.4220600">
    <ele>17.4</ele>
    <time>2026-09-20T20:37:46Z</time>
   </trkpt>
   <trkpt lat="37.7590650" lon="-122.4221310">
    <ele>17.4</ele>
    <time>2026-09-20T20:37:47Z</time>
   </trkpt>
   <trkpt lat="37.7590680" lon="-122.4221400">
    <ele>17.4</ele>
    <time>2026-09-20T20:37:48Z</time>
   </trkpt>
   <trkpt lat="37.7590800" lon="-122.4221450">
    <ele>17.3</ele>
    <time>2026-09-20T20:37:49Z</time>
   </trkpt>
   <trkpt lat="37.7590950" lon="-122.4221220">
    <ele>17.3</ele>
    <time>2026-09-20T20:37:50Z</time>
   </trkpt>
   <trkpt lat="37.7591040" lon="-122.4220890">
    <ele>17.3</ele>
    <time>2026-09-20T20:37:51Z</time>
   </trkpt>
   <trkpt lat="37.7591070" lon="-122.4220720">
    <ele>17.3</ele>
    <time>2026-09-20T20:37:52Z</time>
   </trkpt>
   <trkpt lat="37.7591220" lon="-122.4220680">
    <ele>17.3</ele>
    <time>2026-09-20T20:37:53Z</time>
   </trkpt>
   <trkpt lat="37.7591580" lon="-122.4221110">
    <ele>17.3</ele>
    <time>2026-09-20T20:37:54Z</time>
   </trkpt>
   <trkpt lat="37.7592000" lon="-122.4221480">
    <ele>17.2</ele>
    <time>2026-09-20T20:37:55Z</time>
   </trkpt>
   <trkpt lat="37.7592380" lon="-122.4222030">
    <ele>17.2</ele>
    <time>2026-09-20T20:37:56Z</time>
   </trkpt>
   <trkpt lat="37.7592610" lon="-122.4222790">
    <ele>17.1</ele>
    <time>2026-09-20T20:37:57Z</time>
   </trkpt>
   <trkpt lat="37.7592540" lon="-122.4223800">
    <ele>16.9</ele>
    <time>2026-09-20T20:37:58Z</time>
   </trkpt>
   <trkpt lat="37.7591960" lon="-122.4224670">
    <ele>17.1</ele>
    <time>2026-09-20T20:37:59Z</time>
   </trkpt>
   <trkpt lat="37.7591960" lon="-122.4225430">
    <ele>17.0</ele>
    <time>2026-09-20T20:38:00Z</time>
   </trkpt>
   <trkpt lat="37.7590430" lon="-122.4223500">
    <ele>17.3</ele>
    <time>2026-09-20T20:38:01Z</time>
   </trkpt>
   <trkpt lat="37.7590510" lon="-122.4223440">
    <ele>17.3</ele>
    <time>2026-09-20T20:38:02Z</time>
   </trkpt>
   <trkpt lat="37.7590480" lon="-122.4223400">
    <ele>17.3</ele>
    <time>2026-09-20T20:38:03Z</time>
   </trkpt>
   <trkpt lat="37.7590530" lon="-122.4223180">
    <ele>17.3</ele>
    <time>2026-09-20T20:38:04Z</time>
   </trkpt>
   <trkpt lat="37.7590740" lon="-122.4222650">
    <ele>17.3</ele>
    <time>2026-09-20T20:38:05Z</time>
   </trkpt>
   <trkpt lat="37.7591000" lon="-122.4222890">
    <ele>17.2</ele>
    <time>2026-09-20T20:38:06Z</time>
   </trkpt>
   <trkpt lat="37.7591130" lon="-122.4222990">
    <ele>17.2</ele>
    <time>2026-09-20T20:38:07Z</time>
   </trkpt>
   <trkpt lat="37.7591240" lon="-122.4223080">
    <ele>17.2</ele>
    <time>2026-09-20T20:38:08Z</time>
   </trkpt>
   <trkpt lat="37.7591380" lon="-122.4223050">
    <ele>17.2</ele>
    <time>2026-09-20T20:38:09Z</time>
   </trkpt>
   <trkpt lat="37.7591480" lon="-122.4223000">
    <ele>17.2</ele>
    <time>2026-09-20T20:38:10Z</time>
   </trkpt>
   <trkpt lat="37.7591680" lon="-122.4222610">
    <ele>17.2</ele>
    <time>2026-09-20T20:38:11Z</time>
   </trkpt>
   <trkpt lat="37.7591890" lon="-122.4222470">
    <ele>17.2</ele>
    <time>2026-09-20T20:38:12Z</time>
   </trkpt>
   <trkpt lat="37.7591880" lon="-122.4222500">
    <ele>17.2</ele>
    <time>2026-09-20T20:38:13Z</time>
   </trkpt>
   <trkpt lat="37.7592000" lon="-122.4222410">
    <ele>17.2</ele>
    <time>2026-09-20T20:38:14Z</time>
   </trkpt>
   <trkpt lat="37.7591980" lon="-122.4222330">
    <ele>17.2</ele>
    <time>2026-09-20T20:38:15Z</time>
   </trkpt>
   <trkpt lat="37.7591860" lon="-122.4222310">
    <ele>17.2</ele>
    <time>2026-09-20T20:38:16Z</time>
   </trkpt>
   <trkpt lat="37.7591840" lon="-122.4222040">
    <ele>17.2</ele>
    <time>2026-09-20T20:38:17Z</time>
   </trkpt>
   <trkpt lat="37.7591940" lon="-122.4221800">
    <ele>17.2</ele>
    <time>2026-09-20T20:38:18Z</time>
   </trkpt>
   <trkpt lat="37.7591960" lon="-122.4221230">
    <ele>17.2</ele>
    <time>2026-09-20T20:38:19Z</time>
   </trkpt>
   <trkpt lat="37.7591850" lon="-122.4220820">
    <ele>17.2</ele>
    <time>2026-09-20T20:38:20Z</time>
   </trkpt>
   <trkpt lat="37.7591800" lon="-122.4220680">
    <ele>17.3</ele>
    <time>2026-09-20T20:38:21Z</time>
   </trkpt>
   <trkpt lat="37.7591500" lon="-122.4220720">
    <ele>17.3</ele>
    <time>2026-09-20T20:38:22Z</time>
   </trkpt>
   <trkpt lat="37.7591280" lon="-122.4221500">
    <ele>17.3</ele>
    <time>2026-09-20T20:38:23Z</time>
   </trkpt>
   <trkpt lat="37.7590990" lon="-122.4222080">
    <ele>17.3</ele>
    <time>2026-09-20T20:38:24Z</time>
   </trkpt>
   <trkpt lat="37.7590660" lon="-122.4222430">
    <ele>17.3</ele>
    <time>2026-09-20T20:38:25Z</time>
   </trkpt>
   <trkpt lat="37.7590240" lon="-122.4222500">
    <ele>17.3</ele>
    <time>2026-09-20T20:38:26Z</time>
   </trkpt>
   <trkpt lat="37.7590050" lon="-122.4222680">
    <ele>17.4</ele>
    <time>2026-09-20T20:38:27Z</time>
   </trkpt>
   <trkpt lat="37.7589980" lon="-122.4222830">
    <ele>17.4</ele>
    <time>2026-09-20T20:38:28Z</time>
   </trkpt>
   <trkpt lat="37.7589980" lon="-122.4222790">
    <ele>17.4</ele>
    <time>2026-09-20T20:38:29Z</time>
   </trkpt>
   <trkpt lat="37.7589940" lon="-122.4222640">
    <ele>17.4</ele>
    <time>2026-09-20T20:38:30Z</time>
   </trkpt>
   <trkpt lat="37.7589930" lon="-122.4222590">
    <ele>17.4</ele>
    <time>2026-09-20T20:38:31Z</time>
   </trkpt>
   <trkpt lat="37.7589940" lon="-122.4222490">
    <ele>17.4</ele>
    <time>2026-09-20T20:38:32Z</time>
   </trkpt>
   <trkpt lat="37.7589890" lon="-122.4222410">
    <ele>17.4</ele>
    <time>2026-09-20T20:38:33Z</time>
   </trkpt>
   <trkpt lat="37.7589860" lon="-122.4222220">
    <ele>17.4</ele>
    <time>2026-09-20T20:38:34Z</time>
   </trkpt>
   <trkpt lat="37.7589870" lon="-122.4222090">
    <ele>17.4</ele>
    <time>2026-09-20T20:38:35Z</time>
   </trkpt>
   <trkpt lat="37.7589800" lon="-122.4222110">
    <ele>17.4</ele>
    <time>2026-09-20T20:38:36Z</time>
   </trkpt>
   <trkpt lat="37.7589800" lon="-122.4222010">
    <ele>17.4</ele>
    <time>2026-09-20T20:38:37Z</time>
   </trkpt>
   <trkpt lat="37.7589880" lon="-122.4221870">
    <ele>17.4</ele>
    <time>2026-09-20T20:38:38Z</time>
   </trkpt>
   <trkpt lat="37.7589870" lon="-122.4221680">
    <ele>17.4</ele>
    <time>2026-09-20T20:38:39Z</time>
   </trkpt>
   <trkpt lat="37.7589890" lon="-122.4221530">
    <ele>17.4</ele>
    <time>2026-09-20T20:38:40Z</time>
   </trkpt>
   <trkpt lat="37.7589930" lon="-122.4221350">
    <ele>17.4</ele>
    <time>2026-09-20T20:38:41Z</time>
   </trkpt>
   <trkpt lat="37.7589960" lon="-122.4221250">
    <ele>17.4</ele>
    <time>2026-09-20T20:38:42Z</time>
   </trkpt>
   <trkpt lat="37.7590030" lon="-122.4221270">
    <ele>17.4</ele>
    <time>2026-09-20T20:38:43Z</time>
   </trkpt>
   <trkpt lat="37.7590040" lon="-122.4221310">
    <ele>17.4</ele>
    <time>2026-09-20T20:38:44Z</time>
   </trkpt>
   <trkpt lat="37.7590030" lon="-122.4221320">
    <ele>17.4</ele>
    <time>2026-09-20T20:38:45Z</time>
   </trkpt>
   <trkpt lat="37.7590030" lon="-122.4221320">
    <ele>17.4</ele>
    <time>2026-09-20T20:38:46Z</time>
   </trkpt>
   <trkpt lat="37.7590070" lon="-122.4221330">
    <ele>17.4</ele>
    <time>2026-09-20T20:38:47Z</time>
   </trkpt>
   <trkpt lat="37.7590100" lon="-122.4221260">
    <ele>17.4</ele>
    <time>2026-09-20T20:38:48Z</time>
   </trkpt>
   <trkpt lat="37.7590170" lon="-122.4221170">
    <ele>17.4</ele>
    <time>2026-09-20T20:38:49Z</time>
   </trkpt>
   <trkpt lat="37.7590230" lon="-122.4221080">
    <ele>17.4</ele>
    <time>2026-09-20T20:38:50Z</time>
   </trkpt>
   <trkpt lat="37.7590240" lon="-122.4221090">
    <ele>17.4</ele>
    <time>2026-09-20T20:38:51Z</time>
   </trkpt>
   <trkpt lat="37.7590230" lon="-122.4221010">
    <ele>17.4</ele>
    <time>2026-09-20T20:38:52Z</time>
   </trkpt>
   <trkpt lat="37.7590140" lon="-122.4220990">
    <ele>17.4</ele>
    <time>2026-09-20T20:38:53Z</time>
   </trkpt>
   <trkpt lat="37.7590050" lon="-122.4220980">
    <ele>17.5</ele>
    <time>2026-09-20T20:38:54Z</time>
   </trkpt>
   <trkpt lat="37.7590010" lon="-122.4220950">
    <ele>17.5</ele>
    <time>2026-09-20T20:38:55Z</time>
   </trkpt>
   <trkpt lat="37.7589950" lon="-122.4220930">
    <ele>17.5</ele>
    <time>2026-09-20T20:38:56Z</time>
   </trkpt>
   <trkpt lat="37.7589930" lon="-122.4220900">
    <ele>17.5</ele>
    <time>2026-09-20T20:38:57Z</time>
   </trkpt>
   <trkpt lat="37.7589870" lon="-122.4220820">
    <ele>17.5</ele>
    <time>2026-09-20T20:38:58Z</time>
   </trkpt>
   <trkpt lat="37.7589860" lon="-122.4220820">
    <ele>17.5</ele>
    <time>2026-09-20T20:38:59Z</time>
   </trkpt>
   <trkpt lat="37.7589870" lon="-122.4220800">
    <ele>17.5</ele>
    <time>2026-09-20T20:39:00Z</time>
   </trkpt>
   <trkpt lat="37.7589920" lon="-122.4220790">
    <ele>17.5</ele>
    <time>2026-09-20T20:39:01Z</time>
   </trkpt>
   <trkpt lat="37.7590000" lon="-122.4220770">
    <ele>17.5</ele>
    <time>2026-09-20T20:39:02Z</time>
   </trkpt>
   <trkpt lat="37.7590080" lon="-122.4220770">
    <ele>17.5</ele>
    <time>2026-09-20T20:39:03Z</time>
   </trkpt>
   <trkpt lat="37.7590110" lon="-122.4220880">
    <ele>17.4</ele>
    <time>2026-09-20T20:39:04Z</time>
   </trkpt>
   <trkpt lat="37.7590310" lon="-122.4221100">
    <ele>17.4</ele>
    <time>2026-09-20T20:39:05Z</time>
   </trkpt>
   <trkpt lat="37.7590350" lon="-122.4221260">
    <ele>17.4</ele>
    <time>2026-09-20T20:39:06Z</time>
   </trkpt>
   <trkpt lat="37.7590460" lon="-122.4221370">
    <ele>17.4</ele>
    <time>2026-09-20T20:39:07Z</time>
   </trkpt>
   <trkpt lat="37.7590490" lon="-122.4221390">
    <ele>17.4</ele>
    <time>2026-09-20T20:39:08Z</time>
   </trkpt>
   <trkpt lat="37.7590530" lon="-122.4221340">
    <ele>17.4</ele>
    <time>2026-09-20T20:39:09Z</time>
   </trkpt>
   <trkpt lat="37.7590540" lon="-122.4221260">
    <ele>17.4</ele>
    <time>2026-09-20T20:39:10Z</time>
   </trkpt>
   <trkpt lat="37.7590460" lon="-122.4221160">
    <ele>17.4</ele>
    <time>2026-09-20T20:39:11Z</time>
   </trkpt>
   <trkpt lat="37.7590300" lon="-122.4221030">
    <ele>17.4</ele>
    <time>2026-09-20T20:39:12Z</time>
   </trkpt>
   <trkpt lat="37.7590160" lon="-122.4220880">
    <ele>17.4</ele>
    <time>2026-09-20T20:39:13Z</time>
   </trkpt>
   <trkpt lat="37.7589800" lon="-122.4220630">
    <ele>17.5</ele>
    <time>2026-09-20T20:39:14Z</time>
   </trkpt>
   <trkpt lat="37.7589400" lon="-122.4220340">
    <ele>17.5</ele>
    <time>2026-09-20T20:39:15Z</time>
   </trkpt>
   <trkpt lat="37.7589440" lon="-122.4220100">
    <ele>17.5</ele>
    <time>2026-09-20T20:39:16Z</time>
   </trkpt>
   <trkpt lat="37.7589600" lon="-122.4220080">
    <ele>17.5</ele>
    <time>2026-09-20T20:39:17Z</time>
   </trkpt>
   <trkpt lat="37.7589560" lon="-122.4220280">
    <ele>17.5</ele>
    <time>2026-09-20T20:39:18Z</time>
   </trkpt>
   <trkpt lat="37.7589850" lon="-122.4220710">
    <ele>17.5</ele>
    <time>2026-09-20T20:39:19Z</time>
   </trkpt>
   <trkpt lat="37.7590020" lon="-122.4221040">
    <ele>17.5</ele>
    <time>2026-09-20T20:39:20Z</time>
   </trkpt>
   <trkpt lat="37.7590110" lon="-122.4221510">
    <ele>17.4</ele>
    <time>2026-09-20T20:39:21Z</time>
   </trkpt>
   <trkpt lat="37.7590080" lon="-122.4221670">
    <ele>17.4</ele>
    <time>2026-09-20T20:39:22Z</time>
   </trkpt>
   <trkpt lat="37.7589960" lon="-122.4221780">
    <ele>17.4</ele>
    <time>2026-09-20T20:39:23Z</time>
   </trkpt>
   <trkpt lat="37.7589960" lon="-122.4221670">
    <ele>17.4</ele>
    <time>2026-09-20T20:39:24Z</time>
   </trkpt>
   <trkpt lat="37.7589980" lon="-122.4221470">
    <ele>17.4</ele>
    <time>2026-09-20T20:39:25Z</time>
   </trkpt>
   <trkpt lat="37.7589960" lon="-122.4221310">
    <ele>17.4</ele>
    <time>2026-09-20T20:39:26Z</time>
   </trkpt>
   <trkpt lat="37.7589940" lon="-122.4221160">
    <ele>17.4</ele>
    <time>2026-09-20T20:39:27Z</time>
   </trkpt>
   <trkpt lat="37.7589900" lon="-122.4221070">
    <ele>17.5</ele>
    <time>2026-09-20T20:39:28Z</time>
   </trkpt>
   <trkpt lat="37.7589900" lon="-122.4221040">
    <ele>17.5</ele>
    <time>2026-09-20T20:39:29Z</time>
   </trkpt>
   <trkpt lat="37.7589940" lon="-122.4221150">
    <ele>17.4</ele>
    <time>2026-09-20T20:39:30Z</time>
   </trkpt>
   <trkpt lat="37.7590010" lon="-122.4221230">
    <ele>17.4</ele>
    <time>2026-09-20T20:39:31Z</time>
   </trkpt>
   <trkpt lat="37.7590110" lon="-122.4221420">
    <ele>17.4</ele>
    <time>2026-09-20T20:39:32Z</time>
   </trkpt>
   <trkpt lat="37.7590200" lon="-122.4221560">
    <ele>17.4</ele>
    <time>2026-09-20T20:39:33Z</time>
   </trkpt>
   <trkpt lat="37.7590240" lon="-122.4221650">
    <ele>17.4</ele>
    <time>2026-09-20T20:39:34Z</time>
   </trkpt>
   <trkpt lat="37.7590170" lon="-122.4221640">
    <ele>17.4</ele>
    <time>2026-09-20T20:39:35Z</time>
   </trkpt>
   <trkpt lat="37.7590030" lon="-122.4221650">
    <ele>17.4</ele>
    <time>2026-09-20T20:39:36Z</time>
   </trkpt>
   <trkpt lat="37.7589690" lon="-122.4221640">
    <ele>17.4</ele>
    <time>2026-09-20T20:39:37Z</time>
   </trkpt>
   <trkpt lat="37.7589430" lon="-122.4221510">
    <ele>17.4</ele>
    <time>2026-09-20T20:39:38Z</time>
   </trkpt>
   <trkpt lat="37.7589320" lon="-122.4221270">
    <ele>17.5</ele>
    <time>2026-09-20T20:39:39Z</time>
   </trkpt>
   <trkpt lat="37.7589370" lon="-122.4220830">
    <ele>17.5</ele>
    <time>2026-09-20T20:39:40Z</time>
   </trkpt>
   <trkpt lat="37.7589640" lon="-122.4220390">
    <ele>17.5</ele>
    <time>2026-09-20T20:39:41Z</time>
   </trkpt>
   <trkpt lat="37.7589880" lon="-122.4220080">
    <ele>17.5</ele>
    <time>2026-09-20T20:39:42Z</time>
   </trkpt>
   <trkpt lat="37.7589990" lon="-122.4219740">
    <ele>17.5</ele>
    <time>2026-09-20T20:39:43Z</time>
   </trkpt>
   <trkpt lat="37.7590310" lon="-122.4219150">
    <ele>17.5</ele>
    <time>2026-09-20T20:39:44Z</time>
   </trkpt>
   <trkpt lat="37.7590510" lon="-122.4219040">
    <ele>17.4</ele>
    <time>2026-09-20T20:39:45Z</time>
   </trkpt>
   <trkpt lat="37.7590590" lon="-122.4219130">
    <ele>17.4</ele>
    <time>2026-09-20T20:39:46Z</time>
   </trkpt>
   <trkpt lat="37.7590810" lon="-122.4219190">
    <ele>17.4</ele>
    <time>2026-09-20T20:39:47Z</time>
   </trkpt>
   <trkpt lat="37.7590900" lon="-122.4219430">
    <ele>17.4</ele>
    <time>2026-09-20T20:39:48Z</time>
   </trkpt>
   <trkpt lat="37.7590890" lon="-122.4219650">
    <ele>17.4</ele>
    <time>2026-09-20T20:39:49Z</time>
   </trkpt>
   <trkpt lat="37.7590850" lon="-122.4219800">
    <ele>17.4</ele>
    <time>2026-09-20T20:39:50Z</time>
   </trkpt>
   <trkpt lat="37.7590850" lon="-122.4219990">
    <ele>17.4</ele>
    <time>2026-09-20T20:39:51Z</time>
   </trkpt>
   <trkpt lat="37.7590730" lon="-122.4220330">
    <ele>17.4</ele>
    <time>2026-09-20T20:39:52Z</time>
   </trkpt>
   <trkpt lat="37.7590500" lon="-122.4220530">
    <ele>17.4</ele>
    <time>2026-09-20T20:39:53Z</time>
   </trkpt>
   <trkpt lat="37.7590250" lon="-122.4220430">
    <ele>17.4</ele>
    <time>2026-09-20T20:39:54Z</time>
   </trkpt>
   <trkpt lat="37.7590050" lon="-122.4220340">
    <ele>17.5</ele>
    <time>2026-09-20T20:39:55Z</time>
   </trkpt>
   <trkpt lat="37.7589890" lon="-122.4220310">
    <ele>17.5</ele>
    <time>2026-09-20T20:39:56Z</time>
   </trkpt>
   <trkpt lat="37.7589800" lon="-122.4220280">
    <ele>17.5</ele>
    <time>2026-09-20T20:39:57Z</time>
   </trkpt>
   <trkpt lat="37.7589680" lon="-122.4220250">
    <ele>17.5</ele>
    <time>2026-09-20T20:39:58Z</time>
   </trkpt>
   <trkpt lat="37.7589600" lon="-122.4220180">
    <ele>17.5</ele>
    <time>2026-09-20T20:39:59Z</time>
   </trkpt>
   <trkpt lat="37.7589750" lon="-122.4220170">
    <ele>17.5</ele>
    <time>2026-09-20T20:40:00Z</time>
   </trkpt>
   <trkpt lat="37.7589770" lon="-122.4219960">
    <ele>17.5</ele>
    <time>2026-09-20T20:40:01Z</time>
   </trkpt>
   <trkpt lat="37.7589790" lon="-122.4219930">
    <ele>17.5</ele>
    <time>2026-09-20T20:40:02Z</time>
   </trkpt>
   <trkpt lat="37.7589690" lon="-122.4219850">
    <ele>17.5</ele>
    <time>2026-09-20T20:40:03Z</time>
   </trkpt>
   <trkpt lat="37.7589570" lon="-122.4219790">
    <ele>17.5</ele>
    <time>2026-09-20T20:40:04Z</time>
   </trkpt>
   <trkpt lat="37.7589470" lon="-122.4219810">
    <ele>17.5</ele>
    <time>2026-09-20T20:40:05Z</time>
   </trkpt>
   <trkpt lat="37.7589370" lon="-122.4219760">
    <ele>17.5</ele>
    <time>2026-09-20T20:40:06Z</time>
   </trkpt>
   <trkpt lat="37.7589530" lon="-122.4219470">
    <ele>17.5</ele>
    <time>2026-09-20T20:40:07Z</time>
   </trkpt>
   <trkpt lat="37.7589870" lon="-122.4219130">
    <ele>17.5</ele>
    <time>2026-09-20T20:40:08Z</time>
   </trkpt>
   <trkpt lat="37.7590190" lon="-122.4219170">
    <ele>17.5</ele>
    <time>2026-09-20T20:40:09Z</time>
   </trkpt>
   <trkpt lat="37.7590490" lon="-122.4219200">
    <ele>17.4</ele>
    <time>2026-09-20T20:40:10Z</time>
   </trkpt>
   <trkpt lat="37.7590750" lon="-122.4219140">
    <ele>17.4</ele>
    <time>2026-09-20T20:40:11Z</time>
   </trkpt>
   <trkpt lat="37.7590640" lon="-122.4219250">
    <ele>17.4</ele>
    <time>2026-09-20T20:40:12Z</time>
   </trkpt>
   <trkpt lat="37.7590500" lon="-122.4219310">
    <ele>17.4</ele>
    <time>2026-09-20T20:40:13Z</time>
   </trkpt>
   <trkpt lat="37.7590490" lon="-122.4219610">
    <ele>17.4</ele>
    <time>2026-09-20T20:40:14Z</time>
   </trkpt>
   <trkpt lat="37.7590220" lon="-122.4220420">
    <ele>17.4</ele>
    <time>2026-09-20T20:40:15Z</time>
   </trkpt>
   <trkpt lat="37.7589940" lon="-122.4221230">
    <ele>17.4</ele>
    <time>2026-09-20T20:40:16Z</time>
   </trkpt>
   <trkpt lat="37.7589810" lon="-122.4221680">
    <ele>17.4</ele>
    <time>2026-09-20T20:40:17Z</time>
   </trkpt>
   <trkpt lat="37.7589600" lon="-122.4221670">
    <ele>17.4</ele>
    <time>2026-09-20T20:40:18Z</time>
   </trkpt>
   <trkpt lat="37.7589430" lon="-122.4221280">
    <ele>17.4</ele>
    <time>2026-09-20T20:40:19Z</time>
   </trkpt>
   <trkpt lat="37.7589590" lon="-122.4220870">
    <ele>17.5</ele>
    <time>2026-09-20T20:40:20Z</time>
   </trkpt>
   <trkpt lat="37.7589730" lon="-122.4220470">
    <ele>17.5</ele>
    <time>2026-09-20T20:40:21Z</time>
   </trkpt>
   <trkpt lat="37.7589790" lon="-122.4220400">
    <ele>17.5</ele>
    <time>2026-09-20T20:40:22Z</time>
   </trkpt>
   <trkpt lat="37.7589810" lon="-122.4220460">
    <ele>17.5</ele>
    <time>2026-09-20T20:40:23Z</time>
   </trkpt>
   <trkpt lat="37.7589670" lon="-122.4220620">
    <ele>17.5</ele>
    <time>2026-09-20T20:40:24Z</time>
   </trkpt>
   <trkpt lat="37.7589770" lon="-122.4220410">
    <ele>17.5</ele>
    <time>2026-09-20T20:40:25Z</time>
   </trkpt>
   <trkpt lat="37.7589860" lon="-122.4220390">
    <ele>17.5</ele>
    <time>2026-09-20T20:40:26Z</time>
   </trkpt>
   <trkpt lat="37.7590160" lon="-122.4220660">
    <ele>17.4</ele>
    <time>2026-09-20T20:40:27Z</time>
   </trkpt>
   <trkpt lat="37.7590310" lon="-122.4221370">
    <ele>17.4</ele>
    <time>2026-09-20T20:40:28Z</time>
   </trkpt>
   <trkpt lat="37.7590300" lon="-122.4222150">
    <ele>17.4</ele>
    <time>2026-09-20T20:40:29Z</time>
   </trkpt>
   <trkpt lat="37.7590070" lon="-122.4222950">
    <ele>17.4</ele>
    <time>2026-09-20T20:40:30Z</time>
   </trkpt>
   <trkpt lat="37.7590100" lon="-122.4223240">
    <ele>17.4</ele>
    <time>2026-09-20T20:40:31Z</time>
   </trkpt>
   <trkpt lat="37.7590120" lon="-122.4222830">
    <ele>17.3</ele>
    <time>2026-09-20T20:40:32Z</time>
   </trkpt>
   <trkpt lat="37.7590130" lon="-122.4222420">
    <ele>17.4</ele>
    <time>2026-09-20T20:40:33Z</time>
   </trkpt>
   <trkpt lat="37.7590090" lon="-122.4222270">
    <ele>17.4</ele>
    <time>2026-09-20T20:40:34Z</time>
   </trkpt>
   <trkpt lat="37.7589990" lon="-122.4222400">
    <ele>17.4</ele>
    <time>2026-09-20T20:40:35Z</time>
   </trkpt>
   <trkpt lat="37.7590230" lon="-122.4222760">
    <ele>17.3</ele>
    <time>2026-09-20T20:40:36Z</time>
   </trkpt>
   <trkpt lat="37.7590350" lon="-122.4223090">
    <ele>17.3</ele>
    <time>2026-09-20T20:40:37Z</time>
   </trkpt>
   <trkpt lat="37.7590320" lon="-122.4223140">
    <ele>17.3</ele>
    <time>2026-09-20T20:40:38Z</time>
   </trkpt>
   <trkpt lat="37.7590170" lon="-122.4222990">
    <ele>17.3</ele>
    <time>2026-09-20T20:40:39Z</time>
   </trkpt>
   <trkpt lat="37.7589950" lon="-122.4222950">
    <ele>17.4</ele>
    <time>2026-09-20T20:40:40Z</time>
   </trkpt>
   <trkpt lat="37.7589800" lon="-122.4222800">
    <ele>17.4</ele>
    <time>2026-09-20T20:40:41Z</time>
   </trkpt>
   <trkpt lat="37.7589820" lon="-122.4222690">
    <ele>17.4</ele>
    <time>2026-09-20T20:40:42Z</time>
   </trkpt>
   <trkpt lat="37.7589830" lon="-122.4222610">
    <ele>17.4</ele>
    <time>2026-09-20T20:40:43Z</time>
   </trkpt>
   <trkpt lat="37.7589960" lon="-122.4222520">
    <ele>17.4</ele>
    <time>2026-09-20T20:40:44Z</time>
   </trkpt>
   <trkpt lat="37.7589940" lon="-122.4222570">
    <ele>17.4</ele>
    <time>2026-09-20T20:40:45Z</time>
   </trkpt>
   <trkpt lat="37.7589890" lon="-122.4222510">
    <ele>17.4</ele>
    <time>2026-09-20T20:40:46Z</time>
   </trkpt>
   <trkpt lat="37.7590070" lon="-122.4222350">
    <ele>17.4</ele>
    <time>2026-09-20T20:40:47Z</time>
   </trkpt>
   <trkpt lat="37.7590120" lon="-122.4222260">
    <ele>17.4</ele>
    <time>2026-09-20T20:40:48Z</time>
   </trkpt>
   <trkpt lat="37.7590120" lon="-122.4222190">
    <ele>17.4</ele>
    <time>2026-09-20T20:40:49Z</time>
   </trkpt>
   <trkpt lat="37.7590120" lon="-122.4222110">
    <ele>17.4</ele>
    <time>2026-09-20T20:40:50Z</time>
   </trkpt>
   <trkpt lat="37.7590090" lon="-122.4221990">
    <ele>17.4</ele>
    <time>2026-09-20T20:40:51Z</time>
   </trkpt>
   <trkpt lat="37.7590080" lon="-122.4221830">
    <ele>17.4</ele>
    <time>2026-09-20T20:40:52Z</time>
   </trkpt>
   <trkpt lat="37.7590060" lon="-122.4221710">
    <ele>17.4</ele>
    <time>2026-09-20T20:40:53Z</time>
   </trkpt>
   <trkpt lat="37.7590050" lon="-122.4221650">
    <ele>17.4</ele>
    <time>2026-09-20T20:40:54Z</time>
   </trkpt>
   <trkpt lat="37.7590050" lon="-122.4221690">
    <ele>17.4</ele>
    <time>2026-09-20T20:40:55Z</time>
   </trkpt>
   <trkpt lat="37.7590070" lon="-122.4221570">
    <ele>17.4</ele>
    <time>2026-09-20T20:40:56Z</time>
   </trkpt>
   <trkpt lat="37.7590070" lon="-122.4221410">
    <ele>17.4</ele>
    <time>2026-09-20T20:40:57Z</time>
   </trkpt>
   <trkpt lat="37.7589970" lon="-122.4221290">
    <ele>17.4</ele>
    <time>2026-09-20T20:40:58Z</time>
   </trkpt>
   <trkpt lat="37.7589940" lon="-122.4221060">
    <ele>17.5</ele>
    <time>2026-09-20T20:40:59Z</time>
   </trkpt>
   <trkpt lat="37.7589810" lon="-122.4220770">
    <ele>17.5</ele>
    <time>2026-09-20T20:41:00Z</time>
   </trkpt>
   <trkpt lat="37.7589820" lon="-122.4220520">
    <ele>17.5</ele>
    <time>2026-09-20T20:41:01Z</time>
   </trkpt>
   <trkpt lat="37.7589780" lon="-122.4220570">
    <ele>17.5</ele>
    <time>2026-09-20T20:41:02Z</time>
   </trkpt>
   <trkpt lat="37.7589810" lon="-122.4220670">
    <ele>17.5</ele>
    <time>2026-09-20T20:41:03Z</time>
   </trkpt>
   <trkpt lat="37.7589730" lon="-122.4220790">
    <ele>17.5</ele>
    <time>2026-09-20T20:41:04Z</time>
   </trkpt>
   <trkpt lat="37.7589570" lon="-122.4220950">
    <ele>17.5</ele>
    <time>2026-09-20T20:41:05Z</time>
   </trkpt>
   <trkpt lat="37.7589510" lon="-122.4220840">
    <ele>17.5</ele>
    <time>2026-09-20T20:41:06Z</time>
   </trkpt>
   <trkpt lat="37.7589490" lon="-122.4220750">
    <ele>17.5</ele>
    <time>2026-09-20T20:41:07Z</time>
   </trkpt>
   <trkpt lat="37.7589490" lon="-122.4220690">
    <ele>17.5</ele>
    <time>2026-09-20T20:41:08Z</time>
   </trkpt>
   <trkpt lat="37.7589500" lon="-122.4220750">
    <ele>17.5</ele>
    <time>2026-09-20T20:41:09Z</time>
   </trkpt>
   <trkpt lat="37.7589370" lon="-122.4220870">
    <ele>17.5</ele>
    <time>2026-09-20T20:41:10Z</time>
   </trkpt>
   <trkpt lat="37.7589320" lon="-122.4221140">
    <ele>17.5</ele>
    <time>2026-09-20T20:41:11Z</time>
   </trkpt>
   <trkpt lat="37.7589320" lon="-122.4221270">
    <ele>17.5</ele>
    <time>2026-09-20T20:41:12Z</time>
   </trkpt>
   <trkpt lat="37.7589330" lon="-122.4221280">
    <ele>17.5</ele>
    <time>2026-09-20T20:41:13Z</time>
   </trkpt>
   <trkpt lat="37.7589450" lon="-122.4221530">
    <ele>17.4</ele>
    <time>2026-09-20T20:41:14Z</time>
   </trkpt>
   <trkpt lat="37.7589730" lon="-122.4221840">
    <ele>17.4</ele>
    <time>2026-09-20T20:41:15Z</time>
   </trkpt>
   <trkpt lat="37.7589920" lon="-122.4222120">
    <ele>17.4</ele>
    <time>2026-09-20T20:41:16Z</time>
   </trkpt>
   <trkpt lat="37.7589990" lon="-122.4222150">
    <ele>17.4</ele>
    <time>2026-09-20T20:41:17Z</time>
   </trkpt>
   <trkpt lat="37.7589890" lon="-122.4222160">
    <ele>17.4</ele>
    <time>2026-09-20T20:41:18Z</time>
   </trkpt>
   <trkpt lat="37.7589870" lon="-122.4221950">
    <ele>17.4</ele>
    <time>2026-09-20T20:41:19Z</time>
   </trkpt>
   <trkpt lat="37.7590090" lon="-122.4221800">
    <ele>17.4</ele>
    <time>2026-09-20T20:41:20Z</time>
   </trkpt>
   <trkpt lat="37.7590240" lon="-122.4221700">
    <ele>17.4</ele>
    <time>2026-09-20T20:41:21Z</time>
   </trkpt>
   <trkpt lat="37.7590350" lon="-122.4221810">
    <ele>17.4</ele>
    <time>2026-09-20T20:41:22Z</time>
   </trkpt>
   <trkpt lat="37.7590560" lon="-122.4221800">
    <ele>17.3</ele>
    <time>2026-09-20T20:41:23Z</time>
   </trkpt>
   <trkpt lat="37.7590740" lon="-122.4221810">
    <ele>17.3</ele>
    <time>2026-09-20T20:41:24Z</time>
   </trkpt>
   <trkpt lat="37.7591110" lon="-122.4221960">
    <ele>17.3</ele>
    <time>2026-09-20T20:41:25Z</time>
   </trkpt>
   <trkpt lat="37.7591320" lon="-122.4222240">
    <ele>17.2</ele>
    <time>2026-09-20T20:41:26Z</time>
   </trkpt>
   <trkpt lat="37.7591450" lon="-122.4222060">
    <ele>17.2</ele>
    <time>2026-09-20T20:41:27Z</time>
   </trkpt>
   <trkpt lat="37.7591650" lon="-122.4221540">
    <ele>17.3</ele>
    <time>2026-09-20T20:41:28Z</time>
   </trkpt>
   <trkpt lat="37.7591810" lon="-122.4221170">
    <ele>17.2</ele>
    <time>2026-09-20T20:41:29Z</time>
   </trkpt>
   <trkpt lat="37.7591690" lon="-122.4220740">
    <ele>17.3</ele>
    <time>2026-09-20T20:41:30Z</time>
   </trkpt>
   <trkpt lat="37.7591420" lon="-122.4220560">
    <ele>17.3</ele>
    <time>2026-09-20T20:41:31Z</time>
   </trkpt>
   <trkpt lat="37.7591330" lon="-122.4220360">
    <ele>17.3</ele>
    <time>2026-09-20T20:41:32Z</time>
   </trkpt>
   <trkpt lat="37.7591240" lon="-122.4220290">
    <ele>17.3</ele>
    <time>2026-09-20T20:41:33Z</time>
   </trkpt>
   <trkpt lat="37.7591120" lon="-122.4220130">
    <ele>17.4</ele>
    <time>2026-09-20T20:41:34Z</time>
   </trkpt>
   <trkpt lat="37.7591150" lon="-122.4219600">
    <ele>17.4</ele>
    <time>2026-09-20T20:41:35Z</time>
   </trkpt>
   <trkpt lat="37.7591240" lon="-122.4219070">
    <ele>17.4</ele>
    <time>2026-09-20T20:41:36Z</time>
   </trkpt>
   <trkpt lat="37.7591350" lon="-122.4218610">
    <ele>17.4</ele>
    <time>2026-09-20T20:41:37Z</time>
   </trkpt>
   <trkpt lat="37.7591610" lon="-122.4218230">
    <ele>17.4</ele>
    <time>2026-09-20T20:41:38Z</time>
   </trkpt>
   <trkpt lat="37.7591600" lon="-122.4218050">
    <ele>17.4</ele>
    <time>2026-09-20T20:41:39Z</time>
   </trkpt>
   <trkpt lat="37.7591160" lon="-122.4218100">
    <ele>17.5</ele>
    <time>2026-09-20T20:41:40Z</time>
   </trkpt>
   <trkpt lat="37.7590960" lon="-122.4218400">
    <ele>17.5</ele>
    <time>2026-09-20T20:41:41Z</time>
   </trkpt>
   <trkpt lat="37.7590890" lon="-122.4218680">
    <ele>17.4</ele>
    <time>2026-09-20T20:41:42Z</time>
   </trkpt>
   <trkpt lat="37.7590870" lon="-122.4218970">
    <ele>17.4</ele>
    <time>2026-09-20T20:41:43Z</time>
   </trkpt>
   <trkpt lat="37.7590830" lon="-122.4219140">
    <ele>17.4</ele>
    <time>2026-09-20T20:41:44Z</time>
   </trkpt>
   <trkpt lat="37.7590810" lon="-122.4219310">
    <ele>17.4</ele>
    <time>2026-09-20T20:41:45Z</time>
   </trkpt>
   <trkpt lat="37.7590770" lon="-122.4219500">
    <ele>17.4</ele>
    <time>2026-09-20T20:41:46Z</time>
   </trkpt>
   <trkpt lat="37.7590670" lon="-122.4219580">
    <ele>17.4</ele>
    <time>2026-09-20T20:41:47Z</time>
   </trkpt>
   <trkpt lat="37.7590610" lon="-122.4219540">
    <ele>17.4</ele>
    <time>2026-09-20T20:41:48Z</time>
   </trkpt>
   <trkpt lat="37.7590720" lon="-122.4219350">
    <ele>17.4</ele>
    <time>2026-09-20T20:41:49Z</time>
   </trkpt>
   <trkpt lat="37.7590820" lon="-122.4219180">
    <ele>17.4</ele>
    <time>2026-09-20T20:41:50Z</time>
   </trkpt>
   <trkpt lat="37.7590800" lon="-122.4218960">
    <ele>17.4</ele>
    <time>2026-09-20T20:41:51Z</time>
   </trkpt>
   <trkpt lat="37.7590510" lon="-122.4218730">
    <ele>17.5</ele>
    <time>2026-09-20T20:41:52Z</time>
   </trkpt>
   <trkpt lat="37.7590240" lon="-122.4218660">
    <ele>17.5</ele>
    <time>2026-09-20T20:41:53Z</time>
   </trkpt>
   <trkpt lat="37.7590080" lon="-122.4218680">
    <ele>17.6</ele>
    <time>2026-09-20T20:41:54Z</time>
   </trkpt>
   <trkpt lat="37.7590120" lon="-122.4218760">
    <ele>17.5</ele>
    <time>2026-09-20T20:41:55Z</time>
   </trkpt>
   <trkpt lat="37.7590350" lon="-122.4218820">
    <ele>17.5</ele>
    <time>2026-09-20T20:41:56Z</time>
   </trkpt>
   <trkpt lat="37.7590510" lon="-122.4218840">
    <ele>17.5</ele>
    <time>2026-09-20T20:41:57Z</time>
   </trkpt>
   <trkpt lat="37.7590590" lon="-122.4218960">
    <ele>17.5</ele>
    <time>2026-09-20T20:41:58Z</time>
   </trkpt>
   <trkpt lat="37.7590600" lon="-122.4219170">
    <ele>17.4</ele>
    <time>2026-09-20T20:41:59Z</time>
   </trkpt>
   <trkpt lat="37.7590520" lon="-122.4219340">
    <ele>17.4</ele>
    <time>2026-09-20T20:42:00Z</time>
   </trkpt>
   <trkpt lat="37.7590270" lon="-122.4219480">
    <ele>17.4</ele>
    <time>2026-09-20T20:42:01Z</time>
   </trkpt>
   <trkpt lat="37.7590080" lon="-122.4219580">
    <ele>17.5</ele>
    <time>2026-09-20T20:42:02Z</time>
   </trkpt>
   <trkpt lat="37.7589950" lon="-122.4219560">
    <ele>17.5</ele>
    <time>2026-09-20T20:42:03Z</time>
   </trkpt>
   <trkpt lat="37.7589980" lon="-122.4219370">
    <ele>17.5</ele>
    <time>2026-09-20T20:42:04Z</time>
   </trkpt>
   <trkpt lat="37.7590060" lon="-122.4219190">
    <ele>17.5</ele>
    <time>2026-09-20T20:42:05Z</time>
   </trkpt>
   <trkpt lat="37.7589780" lon="-122.4219390">
    <ele>17.5</ele>
    <time>2026-09-20T20:42:06Z</time>
   </trkpt>
   <trkpt lat="37.7589610" lon="-122.4219570">
    <ele>17.5</ele>
    <time>2026-09-20T20:42:07Z</time>
   </trkpt>
   <trkpt lat="37.7589650" lon="-122.4219650">
    <ele>17.5</ele>
    <time>2026-09-20T20:42:08Z</time>
   </trkpt>
   <trkpt lat="37.7589740" lon="-122.4219780">
    <ele>17.5</ele>
    <time>2026-09-20T20:42:09Z</time>
   </trkpt>
   <trkpt lat="37.7589760" lon="-122.4219940">
    <ele>17.5</ele>
    <time>2026-09-20T20:42:10Z</time>
   </trkpt>
   <trkpt lat="37.7589760" lon="-122.4220080">
    <ele>17.5</ele>
    <time>2026-09-20T20:42:11Z</time>
   </trkpt>
   <trkpt lat="37.7589750" lon="-122.4220250">
    <ele>17.5</ele>
    <time>2026-09-20T20:42:12Z</time>
   </trkpt>
   <trkpt lat="37.7589770" lon="-122.4220440">
    <ele>17.5</ele>
    <time>2026-09-20T20:42:13Z</time>
   </trkpt>
   <trkpt lat="37.7589790" lon="-122.4220640">
    <ele>17.5</ele>
    <time>2026-09-20T20:42:14Z</time>
   </trkpt>
   <trkpt lat="37.7589800" lon="-122.4220810">
    <ele>17.5</ele>
    <time>2026-09-20T20:42:15Z</time>
   </trkpt>
   <trkpt lat="37.7589880" lon="-122.4220990">
    <ele>17.5</ele>
    <time>2026-09-20T20:42:16Z</time>
   </trkpt>
   <trkpt lat="37.7589950" lon="-122.4221200">
    <ele>17.4</ele>
    <time>2026-09-20T20:42:17Z</time>
   </trkpt>
   <trkpt lat="37.7589910" lon="-122.4221500">
    <ele>17.4</ele>
    <time>2026-09-20T20:42:18Z</time>
   </trkpt>
   <trkpt lat="37.7589950" lon="-122.4221810">
    <ele>17.4</ele>
    <time>2026-09-20T20:42:19Z</time>
   </trkpt>
   <trkpt lat="37.7589920" lon="-122.4222180">
    <ele>17.4</ele>
    <time>2026-09-20T20:42:20Z</time>
   </trkpt>
   <trkpt lat="37.7589850" lon="-122.4222540">
    <ele>17.4</ele>
    <time>2026-09-20T20:42:21Z</time>
   </trkpt>
   <trkpt lat="37.7589920" lon="-122.4222560">
    <ele>17.4</ele>
    <time>2026-09-20T20:42:22Z</time>
   </trkpt>
   <trkpt lat="37.7589990" lon="-122.4222590">
    <ele>17.4</ele>
    <time>2026-09-20T20:42:23Z</time>
   </trkpt>
   <trkpt lat="37.7590060" lon="-122.4222610">
    <ele>17.4</ele>
    <time>2026-09-20T20:42:24Z</time>
   </trkpt>
   <trkpt lat="37.7590060" lon="-122.4222610">
    <ele>17.4</ele>
    <time>2026-09-20T20:42:25Z</time>
   </trkpt>
   <trkpt lat="37.7590060" lon="-122.4222610">
    <ele>17.4</ele>
    <time>2026-09-20T20:42:26Z</time>
   </trkpt>
   <trkpt lat="37.7590230" lon="-122.4222670">
    <ele>17.3</ele>
    <time>2026-09-20T20:42:27Z</time>
   </trkpt>
   <trkpt lat="37.7590230" lon="-122.4222670">
    <ele>17.3</ele>
    <time>2026-09-20T20:42:28Z</time>
   </trkpt>
   <trkpt lat="37.7590230" lon="-122.4222670">
    <ele>17.3</ele>
    <time>2026-09-20T20:42:29Z</time>
   </trkpt>
   <trkpt lat="37.7590430" lon="-122.4222740">
    <ele>17.3</ele>
    <time>2026-09-20T20:42:30Z</time>
   </trkpt>
   <trkpt lat="37.7590430" lon="-122.4222740">
    <ele>17.3</ele>
    <time>2026-09-20T20:42:31Z</time>
   </trkpt>
   <trkpt lat="37.7590430" lon="-122.4222740">
    <ele>17.3</ele>
    <time>2026-09-20T20:42:32Z</time>
   </trkpt>
   <trkpt lat="37.7590610" lon="-122.4222800">
    <ele>17.3</ele>
    <time>2026-09-20T20:42:33Z</time>
   </trkpt>
   <trkpt lat="37.7590610" lon="-122.4222800">
    <ele>17.3</ele>
    <time>2026-09-20T20:42:34Z</time>
   </trkpt>
   <trkpt lat="37.7590610" lon="-122.4222800">
    <ele>17.3</ele>
    <time>2026-09-20T20:42:35Z</time>
   </trkpt>
   <trkpt lat="37.7590610" lon="-122.4222800">
    <ele>17.3</ele>
    <time>2026-09-20T20:42:36Z</time>
   </trkpt>
   <trkpt lat="37.7590610" lon="-122.4222800">
    <ele>17.3</ele>
    <time>2026-09-20T20:42:37Z</time>
   </trkpt>
   <trkpt lat="37.7590760" lon="-122.4222850">
    <ele>17.3</ele>
    <time>2026-09-20T20:42:38Z</time>
   </trkpt>
   <trkpt lat="37.7590960" lon="-122.4222920">
    <ele>17.2</ele>
    <time>2026-09-20T20:42:39Z</time>
   </trkpt>
   <trkpt lat="37.7591160" lon="-122.4222990">
    <ele>17.2</ele>
    <time>2026-09-20T20:42:40Z</time>
   </trkpt>
   <trkpt lat="37.7591500" lon="-122.4223650">
    <ele>17.2</ele>
    <time>2026-09-20T20:42:41Z</time>
   </trkpt>
   <trkpt lat="37.7591010" lon="-122.4223480">
    <ele>17.3</ele>
    <time>2026-09-20T20:42:42Z</time>
   </trkpt>
   <trkpt lat="37.7590940" lon="-122.4223250">
    <ele>17.2</ele>
    <time>2026-09-20T20:42:43Z</time>
   </trkpt>
   <trkpt lat="37.7590910" lon="-122.4223130">
    <ele>17.2</ele>
    <time>2026-09-20T20:42:44Z</time>
   </trkpt>
   <trkpt lat="37.7590920" lon="-122.4223170">
    <ele>17.2</ele>
    <time>2026-09-20T20:42:45Z</time>
   </trkpt>
   <trkpt lat="37.7590790" lon="-122.4223220">
    <ele>17.2</ele>
    <time>2026-09-20T20:42:46Z</time>
   </trkpt>
   <trkpt lat="37.7590700" lon="-122.4223260">
    <ele>17.3</ele>
    <time>2026-09-20T20:42:47Z</time>
   </trkpt>
   <trkpt lat="37.7590840" lon="-122.4223570">
    <ele>17.3</ele>
    <time>2026-09-20T20:42:48Z</time>
   </trkpt>
   <trkpt lat="37.7591070" lon="-122.4222810">
    <ele>17.3</ele>
    <time>2026-09-20T20:42:49Z</time>
   </trkpt>
   <trkpt lat="37.7591310" lon="-122.4222640">
    <ele>17.2</ele>
    <time>2026-09-20T20:42:50Z</time>
   </trkpt>
   <trkpt lat="37.7591470" lon="-122.4222920">
    <ele>17.2</ele>
    <time>2026-09-20T20:42:51Z</time>
   </trkpt>
   <trkpt lat="37.7591760" lon="-122.4222890">
    <ele>17.2</ele>
    <time>2026-09-20T20:42:52Z</time>
   </trkpt>
   <trkpt lat="37.7591900" lon="-122.4222860">
    <ele>17.1</ele>
    <time>2026-09-20T20:42:53Z</time>
   </trkpt>
   <trkpt lat="37.7592240" lon="-122.4222460">
    <ele>17.1</ele>
    <time>2026-09-20T20:42:54Z</time>
   </trkpt>
   <trkpt lat="37.7592680" lon="-122.4222120">
    <ele>17.1</ele>
    <time>2026-09-20T20:42:55Z</time>
   </trkpt>
   <trkpt lat="37.7592870" lon="-122.4221900">
    <ele>16.9</ele>
    <time>2026-09-20T20:42:56Z</time>
   </trkpt>
   <trkpt lat="37.7592850" lon="-122.4222030">
    <ele>16.9</ele>
    <time>2026-09-20T20:42:57Z</time>
   </trkpt>
   <trkpt lat="37.7592560" lon="-122.4222090">
    <ele>17.1</ele>
    <time>2026-09-20T20:42:58Z</time>
   </trkpt>
   <trkpt lat="37.7592140" lon="-122.4222430">
    <ele>17.1</ele>
    <time>2026-09-20T20:42:59Z</time>
   </trkpt>
   <trkpt lat="37.7591900" lon="-122.4222680">
    <ele>17.2</ele>
    <time>2026-09-20T20:43:00Z</time>
   </trkpt>
   <trkpt lat="37.7591740" lon="-122.4222740">
    <ele>17.2</ele>
    <time>2026-09-20T20:43:01Z</time>
   </trkpt>
   <trkpt lat="37.7591750" lon="-122.4222480">
    <ele>17.2</ele>
    <time>2026-09-20T20:43:02Z</time>
   </trkpt>
   <trkpt lat="37.7591970" lon="-122.4222580">
    <ele>17.2</ele>
    <time>2026-09-20T20:43:03Z</time>
   </trkpt>
   <trkpt lat="37.7591780" lon="-122.4222380">
    <ele>17.2</ele>
    <time>2026-09-20T20:43:04Z</time>
   </trkpt>
   <trkpt lat="37.7591580" lon="-122.4222190">
    <ele>17.2</ele>
    <time>2026-09-20T20:43:05Z</time>
   </trkpt>
   <trkpt lat="37.7591590" lon="-122.4222230">
    <ele>17.2</ele>
    <time>2026-09-20T20:43:06Z</time>
   </trkpt>
   <trkpt lat="37.7591680" lon="-122.4222070">
    <ele>17.2</ele>
    <time>2026-09-20T20:43:07Z</time>
   </trkpt>
   <trkpt lat="37.7591430" lon="-122.4222170">
    <ele>17.2</ele>
    <time>2026-09-20T20:43:08Z</time>
   </trkpt>
   <trkpt lat="37.7591030" lon="-122.4222440">
    <ele>17.3</ele>
    <time>2026-09-20T20:43:09Z</time>
   </trkpt>
   <trkpt lat="37.7590680" lon="-122.4222700">
    <ele>17.3</ele>
    <time>2026-09-20T20:43:10Z</time>
   </trkpt>
   <trkpt lat="37.7590800" lon="-122.4223030">
    <ele>17.2</ele>
    <time>2026-09-20T20:43:11Z</time>
   </trkpt>
   <trkpt lat="37.7590380" lon="-122.4222700">
    <ele>17.3</ele>
    <time>2026-09-20T20:43:12Z</time>
   </trkpt>
   <trkpt lat="37.7590450" lon="-122.4222330">
    <ele>17.3</ele>
    <time>2026-09-20T20:43:13Z</time>
   </trkpt>
   <trkpt lat="37.7590340" lon="-122.4222190">
    <ele>17.4</ele>
    <time>2026-09-20T20:43:14Z</time>
   </trkpt>
   <trkpt lat="37.7590230" lon="-122.4222290">
    <ele>17.4</ele>
    <time>2026-09-20T20:43:15Z</time>
   </trkpt>
   <trkpt lat="37.7590230" lon="-122.4222380">
    <ele>17.4</ele>
    <time>2026-09-20T20:43:16Z</time>
   </trkpt>
   <trkpt lat="37.7590230" lon="-122.4222260">
    <ele>17.4</ele>
    <time>2026-09-20T20:43:17Z</time>
   </trkpt>
   <trkpt lat="37.7590330" lon="-122.4222070">
    <ele>17.4</ele>
    <time>2026-09-20T20:43:18Z</time>
   </trkpt>
   <trkpt lat="37.7590430" lon="-122.4221850">
    <ele>17.4</ele>
    <time>2026-09-20T20:43:19Z</time>
   </trkpt>
   <trkpt lat="37.7590490" lon="-122.4221710">
    <ele>17.3</ele>
    <time>2026-09-20T20:43:20Z</time>
   </trkpt>
   <trkpt lat="37.7590570" lon="-122.4221460">
    <ele>17.4</ele>
    <time>2026-09-20T20:43:21Z</time>
   </trkpt>
   <trkpt lat="37.7590600" lon="-122.4221460">
    <ele>17.4</ele>
    <time>2026-09-20T20:43:22Z</time>
   </trkpt>
   <trkpt lat="37.7590570" lon="-122.4221620">
    <ele>17.3</ele>
    <time>2026-09-20T20:43:23Z</time>
   </trkpt>
   <trkpt lat="37.7590420" lon="-122.4221740">
    <ele>17.4</ele>
    <time>2026-09-20T20:43:24Z</time>
   </trkpt>
   <trkpt lat="37.7590130" lon="-122.4222060">
    <ele>17.4</ele>
    <time>2026-09-20T20:43:25Z</time>
   </trkpt>
   <trkpt lat="37.7590040" lon="-122.4222580">
    <ele>17.4</ele>
    <time>2026-09-20T20:43:26Z</time>
   </trkpt>
   <trkpt lat="37.7590020" lon="-122.4222950">
    <ele>17.4</ele>
    <time>2026-09-20T20:43:27Z</time>
   </trkpt>
   <trkpt lat="37.7590150" lon="-122.4223180">
    <ele>17.3</ele>
    <time>2026-09-20T20:43:28Z</time>
   </trkpt>
   <trkpt lat="37.7590340" lon="-122.4223380">
    <ele>17.3</ele>
    <time>2026-09-20T20:43:29Z</time>
   </trkpt>
   <trkpt lat="37.7590460" lon="-122.4223550">
    <ele>17.3</ele>
    <time>2026-09-20T20:43:30Z</time>
   </trkpt>
   <trkpt lat="37.7590600" lon="-122.4223660">
    <ele>17.3</ele>
    <time>2026-09-20T20:43:31Z</time>
   </trkpt>
   <trkpt lat="37.7590780" lon="-122.4223570">
    <ele>17.3</ele>
    <time>2026-09-20T20:43:32Z</time>
   </trkpt>
   <trkpt lat="37.7590800" lon="-122.4223330">
    <ele>17.3</ele>
    <time>2026-09-20T20:43:33Z</time>
   </trkpt>
   <trkpt lat="37.7590700" lon="-122.4223080">
    <ele>17.3</ele>
    <time>2026-09-20T20:43:34Z</time>
   </trkpt>
   <trkpt lat="37.7590660" lon="-122.4222900">
    <ele>17.3</ele>
    <time>2026-09-20T20:43:35Z</time>
   </trkpt>
   <trkpt lat="37.7590660" lon="-122.4222770">
    <ele>17.3</ele>
    <time>2026-09-20T20:43:36Z</time>
   </trkpt>
   <trkpt lat="37.7590690" lon="-122.4222640">
    <ele>17.3</ele>
    <time>2026-09-20T20:43:37Z</time>
   </trkpt>
   <trkpt lat="37.7590700" lon="-122.4222380">
    <ele>17.3</ele>
    <time>2026-09-20T20:43:38Z</time>
   </trkpt>
   <trkpt lat="37.7590690" lon="-122.4222190">
    <ele>17.3</ele>
    <time>2026-09-20T20:43:39Z</time>
   </trkpt>
   <trkpt lat="37.7590640" lon="-122.4222020">
    <ele>17.3</ele>
    <time>2026-09-20T20:43:40Z</time>
   </trkpt>
   <trkpt lat="37.7590650" lon="-122.4221780">
    <ele>17.3</ele>
    <time>2026-09-20T20:43:41Z</time>
   </trkpt>
   <trkpt lat="37.7590800" lon="-122.4221560">
    <ele>17.3</ele>
    <time>2026-09-20T20:43:42Z</time>
   </trkpt>
   <trkpt lat="37.7590950" lon="-122.4221330">
    <ele>17.3</ele>
    <time>2026-09-20T20:43:43Z</time>
   </trkpt>
   <trkpt lat="37.7591140" lon="-122.4221290">
    <ele>17.3</ele>
    <time>2026-09-20T20:43:44Z</time>
   </trkpt>
   <trkpt lat="37.7590630" lon="-122.4219880">
    <ele>17.4</ele>
    <time>2026-09-20T20:43:45Z</time>
   </trkpt>
   <trkpt lat="37.7590540" lon="-122.4219480">
    <ele>17.4</ele>
    <time>2026-09-20T20:43:46Z</time>
   </trkpt>
   <trkpt lat="37.7590580" lon="-122.4219350">
    <ele>17.4</ele>
    <time>2026-09-20T20:43:47Z</time>
   </trkpt>
   <trkpt lat="37.7590600" lon="-122.4219470">
    <ele>17.4</ele>
    <time>2026-09-20T20:43:48Z</time>
   </trkpt>
   <trkpt lat="37.7590600" lon="-122.4219450">
    <ele>17.4</ele>
    <time>2026-09-20T20:43:49Z</time>
   </trkpt>
   <trkpt lat="37.7590600" lon="-122.4219450">
    <ele>17.4</ele>
    <time>2026-09-20T20:43:50Z</time>
   </trkpt>
   <trkpt lat="37.7590630" lon="-122.4219470">
    <ele>17.4</ele>
    <time>2026-09-20T20:43:51Z</time>
   </trkpt>
   <trkpt lat="37.7590690" lon="-122.4219400">
    <ele>17.4</ele>
    <time>2026-09-20T20:43:52Z</time>
   </trkpt>
   <trkpt lat="37.7590820" lon="-122.4219430">
    <ele>17.4</ele>
    <time>2026-09-20T20:43:53Z</time>
   </trkpt>
   <trkpt lat="37.7590880" lon="-122.4219610">
    <ele>17.4</ele>
    <time>2026-09-20T20:43:54Z</time>
   </trkpt>
   <trkpt lat="37.7590840" lon="-122.4219750">
    <ele>17.4</ele>
    <time>2026-09-20T20:43:55Z</time>
   </trkpt>
   <trkpt lat="37.7590800" lon="-122.4219930">
    <ele>17.4</ele>
    <time>2026-09-20T20:43:56Z</time>
   </trkpt>
   <trkpt lat="37.7590800" lon="-122.4220110">
    <ele>17.4</ele>
    <time>2026-09-20T20:43:57Z</time>
   </trkpt>
   <trkpt lat="37.7590770" lon="-122.4220230">
    <ele>17.4</ele>
    <time>2026-09-20T20:43:58Z</time>
   </trkpt>
   <trkpt lat="37.7590800" lon="-122.4220450">
    <ele>17.3</ele>
    <time>2026-09-20T20:43:59Z</time>
   </trkpt>
   <trkpt lat="37.7590850" lon="-122.4220610">
    <ele>17.3</ele>
    <time>2026-09-20T20:44:00Z</time>
   </trkpt>
   <trkpt lat="37.7590810" lon="-122.4220750">
    <ele>17.3</ele>
    <time>2026-09-20T20:44:01Z</time>
   </trkpt>
   <trkpt lat="37.7590820" lon="-122.4220880">
    <ele>17.3</ele>
    <time>2026-09-20T20:44:02Z</time>
   </trkpt>
   <trkpt lat="37.7590810" lon="-122.4221010">
    <ele>17.3</ele>
    <time>2026-09-20T20:44:03Z</time>
   </trkpt>
   <trkpt lat="37.7590780" lon="-122.4221170">
    <ele>17.4</ele>
    <time>2026-09-20T20:44:04Z</time>
   </trkpt>
   <trkpt lat="37.7590760" lon="-122.4221300">
    <ele>17.4</ele>
    <time>2026-09-20T20:44:05Z</time>
   </trkpt>
   <trkpt lat="37.7590760" lon="-122.4221400">
    <ele>17.4</ele>
    <time>2026-09-20T20:44:06Z</time>
   </trkpt>
   <trkpt lat="37.7590750" lon="-122.4221450">
    <ele>17.4</ele>
    <time>2026-09-20T20:44:07Z</time>
   </trkpt>
   <trkpt lat="37.7590750" lon="-122.4221590">
    <ele>17.3</ele>
    <time>2026-09-20T20:44:08Z</time>
   </trkpt>
   <trkpt lat="37.7590770" lon="-122.4221670">
    <ele>17.3</ele>
    <time>2026-09-20T20:44:09Z</time>
   </trkpt>
   <trkpt lat="37.7590770" lon="-122.4221800">
    <ele>17.3</ele>
    <time>2026-09-20T20:44:10Z</time>
   </trkpt>
   <trkpt lat="37.7590770" lon="-122.4221880">
    <ele>17.3</ele>
    <time>2026-09-20T20:44:11Z</time>
   </trkpt>
   <trkpt lat="37.7590740" lon="-122.4221900">
    <ele>17.3</ele>
    <time>2026-09-20T20:44:12Z</time>
   </trkpt>
   <trkpt lat="37.7590650" lon="-122.4221980">
    <ele>17.3</ele>
    <time>2026-09-20T20:44:13Z</time>
   </trkpt>
   <trkpt lat="37.7590500" lon="-122.4221820">
    <ele>17.3</ele>
    <time>2026-09-20T20:44:14Z</time>
   </trkpt>
   <trkpt lat="37.7590450" lon="-122.4221680">
    <ele>17.3</ele>
    <time>2026-09-20T20:44:15Z</time>
   </trkpt>
   <trkpt lat="37.7590510" lon="-122.4221620">
    <ele>17.3</ele>
    <time>2026-09-20T20:44:16Z</time>
   </trkpt>
   <trkpt lat="37.7590510" lon="-122.4221480">
    <ele>17.4</ele>
    <time>2026-09-20T20:44:17Z</time>
   </trkpt>
   <trkpt lat="37.7590540" lon="-122.4221360">
    <ele>17.4</ele>
    <time>2026-09-20T20:44:18Z</time>
   </trkpt>
   <trkpt lat="37.7590550" lon="-122.4221280">
    <ele>17.4</ele>
    <time>2026-09-20T20:44:19Z</time>
   </trkpt>
   <trkpt lat="37.7590560" lon="-122.4221190">
    <ele>17.4</ele>
    <time>2026-09-20T20:44:20Z</time>
   </trkpt>
   <trkpt lat="37.7590570" lon="-122.4221110">
    <ele>17.4</ele>
    <time>2026-09-20T20:44:21Z</time>
   </trkpt>
   <trkpt lat="37.7590570" lon="-122.4221120">
    <ele>17.4</ele>
    <time>2026-09-20T20:44:22Z</time>
   </trkpt>
   <trkpt lat="37.7590590" lon="-122.4221140">
    <ele>17.4</ele>
    <time>2026-09-20T20:44:23Z</time>
   </trkpt>
   <trkpt lat="37.7590600" lon="-122.4221210">
    <ele>17.4</ele>
    <time>2026-09-20T20:44:24Z</time>
   </trkpt>
   <trkpt lat="37.7590580" lon="-122.4221210">
    <ele>17.4</ele>
    <time>2026-09-20T20:44:25Z</time>
   </trkpt>
   <trkpt lat="37.7590570" lon="-122.4221210">
    <ele>17.4</ele>
    <time>2026-09-20T20:44:26Z</time>
   </trkpt>
   <trkpt lat="37.7590570" lon="-122.4221200">
    <ele>17.4</ele>
    <time>2026-09-20T20:44:27Z</time>
   </trkpt>
   <trkpt lat="37.7590570" lon="-122.4221200">
    <ele>17.4</ele>
    <time>2026-09-20T20:44:28Z</time>
   </trkpt>
   <trkpt lat="37.7590670" lon="-122.4221150">
    <ele>17.4</ele>
    <time>2026-09-20T20:44:29Z</time>
   </trkpt>
   <trkpt lat="37.7590650" lon="-122.4221170">
    <ele>17.4</ele>
    <time>2026-09-20T20:44:30Z</time>
   </trkpt>
   <trkpt lat="37.7590660" lon="-122.4221240">
    <ele>17.4</ele>
    <time>2026-09-20T20:44:31Z</time>
   </trkpt>
   <trkpt lat="37.7590650" lon="-122.4221250">
    <ele>17.4</ele>
    <time>2026-09-20T20:44:32Z</time>
   </trkpt>
   <trkpt lat="37.7590650" lon="-122.4221280">
    <ele>17.4</ele>
    <time>2026-09-20T20:44:33Z</time>
   </trkpt>
   <trkpt lat="37.7590640" lon="-122.4221280">
    <ele>17.4</ele>
    <time>2026-09-20T20:44:34Z</time>
   </trkpt>
   <trkpt lat="37.7590640" lon="-122.4221280">
    <ele>17.4</ele>
    <time>2026-09-20T20:44:35Z</time>
   </trkpt>
   <trkpt lat="37.7590640" lon="-122.4221280">
    <ele>17.4</ele>
    <time>2026-09-20T20:44:36Z</time>
   </trkpt>
   <trkpt lat="37.7590640" lon="-122.4221280">
    <ele>17.4</ele>
    <time>2026-09-20T20:44:37Z</time>
   </trkpt>
   <trkpt lat="37.7590640" lon="-122.4221280">
    <ele>17.4</ele>
    <time>2026-09-20T20:44:38Z</time>
   </trkpt>
   <trkpt lat="37.7590630" lon="-122.4221300">
    <ele>17.4</ele>
    <time>2026-09-20T20:44:39Z</time>
   </trkpt>
   <trkpt lat="37.7590630" lon="-122.4221300">
    <ele>17.4</ele>
    <time>2026-09-20T20:44:40Z</time>
   </trkpt>
   <trkpt lat="37.7590620" lon="-122.4221300">
    <ele>17.4</ele>
    <time>2026-09-20T20:44:41Z</time>
   </trkpt>
   <trkpt lat="37.7590630" lon="-122.4221300">
    <ele>17.4</ele>
    <time>2026-09-20T20:44:42Z</time>
   </trkpt>
   <trkpt lat="37.7590620" lon="-122.4221230">
    <ele>17.4</ele>
    <time>2026-09-20T20:44:43Z</time>
   </trkpt>
   <trkpt lat="37.7590620" lon="-122.4221260">
    <ele>17.4</ele>
    <time>2026-09-20T20:44:44Z</time>
   </trkpt>
   <trkpt lat="37.7590610" lon="-122.4221260">
    <ele>17.4</ele>
    <time>2026-09-20T20:44:45Z</time>
   </trkpt>
   <trkpt lat="37.7590600" lon="-122.4221260">
    <ele>17.4</ele>
    <time>2026-09-20T20:44:46Z</time>
   </trkpt>
   <trkpt lat="37.7590610" lon="-122.4221290">
    <ele>17.4</ele>
    <time>2026-09-20T20:44:47Z</time>
   </trkpt>
   <trkpt lat="37.7590610" lon="-122.4221280">
    <ele>17.4</ele>
    <time>2026-09-20T20:44:48Z</time>
   </trkpt>
   <trkpt lat="37.7590620" lon="-122.4221290">
    <ele>17.4</ele>
    <time>2026-09-20T20:44:49Z</time>
   </trkpt>
   <trkpt lat="37.7590620" lon="-122.4221310">
    <ele>17.4</ele>
    <time>2026-09-20T20:44:50Z</time>
   </trkpt>
   <trkpt lat="37.7590610" lon="-122.4221330">
    <ele>17.4</ele>
    <time>2026-09-20T20:44:51Z</time>
   </trkpt>
   <trkpt lat="37.7590590" lon="-122.4221290">
    <ele>17.4</ele>
    <time>2026-09-20T20:44:52Z</time>
   </trkpt>
   <trkpt lat="37.7590520" lon="-122.4221300">
    <ele>17.4</ele>
    <time>2026-09-20T20:44:53Z</time>
   </trkpt>
   <trkpt lat="37.7590450" lon="-122.4221370">
    <ele>17.4</ele>
    <time>2026-09-20T20:44:54Z</time>
   </trkpt>
   <trkpt lat="37.7590300" lon="-122.4221410">
    <ele>17.4</ele>
    <time>2026-09-20T20:44:55Z</time>
   </trkpt>
   <trkpt lat="37.7590200" lon="-122.4221550">
    <ele>17.4</ele>
    <time>2026-09-20T20:44:56Z</time>
   </trkpt>
   <trkpt lat="37.7590180" lon="-122.4221680">
    <ele>17.4</ele>
    <time>2026-09-20T20:44:57Z</time>
   </trkpt>
   <trkpt lat="37.7590160" lon="-122.4221810">
    <ele>17.4</ele>
    <time>2026-09-20T20:44:58Z</time>
   </trkpt>
   <trkpt lat="37.7590160" lon="-122.4221980">
    <ele>17.4</ele>
    <time>2026-09-20T20:44:59Z</time>
   </trkpt>
   <trkpt lat="37.7590160" lon="-122.4222090">
    <ele>17.4</ele>
    <time>2026-09-20T20:45:00Z</time>
   </trkpt>
   <trkpt lat="37.7590150" lon="-122.4222250">
    <ele>17.4</ele>
    <time>2026-09-20T20:45:01Z</time>
   </trkpt>
   <trkpt lat="37.7590220" lon="-122.4222370">
    <ele>17.4</ele>
    <time>2026-09-20T20:45:02Z</time>
   </trkpt>
   <trkpt lat="37.7590240" lon="-122.4222670">
    <ele>17.3</ele>
    <time>2026-09-20T20:45:03Z</time>
   </trkpt>
   <trkpt lat="37.7590220" lon="-122.4222890">
    <ele>17.3</ele>
    <time>2026-09-20T20:45:04Z</time>
   </trkpt>
   <trkpt lat="37.7590260" lon="-122.4222730">
    <ele>17.3</ele>
    <time>2026-09-20T20:45:05Z</time>
   </trkpt>
   <trkpt lat="37.7590300" lon="-122.4222890">
    <ele>17.3</ele>
    <time>2026-09-20T20:45:06Z</time>
   </trkpt>
   <trkpt lat="37.7590310" lon="-122.4222850">
    <ele>17.3</ele>
    <time>2026-09-20T20:45:07Z</time>
   </trkpt>
   <trkpt lat="37.7590350" lon="-122.4223010">
    <ele>17.3</ele>
    <time>2026-09-20T20:45:08Z</time>
   </trkpt>
   <trkpt lat="37.7590360" lon="-122.4223110">
    <ele>17.3</ele>
    <time>2026-09-20T20:45:09Z</time>
   </trkpt>
   <trkpt lat="37.7590320" lon="-122.4223230">
    <ele>17.3</ele>
    <time>2026-09-20T20:45:10Z</time>
   </trkpt>
   <trkpt lat="37.7590320" lon="-122.4223300">
    <ele>17.3</ele>
    <time>2026-09-20T20:45:11Z</time>
   </trkpt>
   <trkpt lat="37.7590330" lon="-122.4223170">
    <ele>17.3</ele>
    <time>2026-09-20T20:45:12Z</time>
   </trkpt>
   <trkpt lat="37.7590320" lon="-122.4223130">
    <ele>17.3</ele>
    <time>2026-09-20T20:45:13Z</time>
   </trkpt>
   <trkpt lat="37.7590300" lon="-122.4223080">
    <ele>17.3</ele>
    <time>2026-09-20T20:45:14Z</time>
   </trkpt>
   <trkpt lat="37.7590280" lon="-122.4223090">
    <ele>17.3</ele>
    <time>2026-09-20T20:45:15Z</time>
   </trkpt>
   <trkpt lat="37.7590240" lon="-122.4223090">
    <ele>17.3</ele>
    <time>2026-09-20T20:45:16Z</time>
   </trkpt>
   <trkpt lat="37.7590440" lon="-122.4221480">
    <ele>17.4</ele>
    <time>2026-09-20T21:07:06Z</time>
   </trkpt>
   <trkpt lat="37.7590300" lon="-122.4221430">
    <ele>17.4</ele>
    <time>2026-09-20T21:07:07Z</time>
   </trkpt>
   <trkpt lat="37.7590170" lon="-122.4221520">
    <ele>17.4</ele>
    <time>2026-09-20T21:07:08Z</time>
   </trkpt>
   <trkpt lat="37.7590110" lon="-122.4221540">
    <ele>17.4</ele>
    <time>2026-09-20T21:07:09Z</time>
   </trkpt>
   <trkpt lat="37.7590020" lon="-122.4221500">
    <ele>17.4</ele>
    <time>2026-09-20T21:07:10Z</time>
   </trkpt>
   <trkpt lat="37.7589930" lon="-122.4221510">
    <ele>17.4</ele>
    <time>2026-09-20T21:07:11Z</time>
   </trkpt>
   <trkpt lat="37.7589740" lon="-122.4221520">
    <ele>17.4</ele>
    <time>2026-09-20T21:07:12Z</time>
   </trkpt>
   <trkpt lat="37.7589610" lon="-122.4221490">
    <ele>17.4</ele>
    <time>2026-09-20T21:07:13Z</time>
   </trkpt>
   <trkpt lat="37.7589490" lon="-122.4221440">
    <ele>17.4</ele>
    <time>2026-09-20T21:07:14Z</time>
   </trkpt>
   <trkpt lat="37.7589510" lon="-122.4221230">
    <ele>17.4</ele>
    <time>2026-09-20T21:07:15Z</time>
   </trkpt>
   <trkpt lat="37.7589450" lon="-122.4220880">
    <ele>17.5</ele>
    <time>2026-09-20T21:07:16Z</time>
   </trkpt>
   <trkpt lat="37.7589420" lon="-122.4220790">
    <ele>17.5</ele>
    <time>2026-09-20T21:07:17Z</time>
   </trkpt>
   <trkpt lat="37.7589450" lon="-122.4220440">
    <ele>17.5</ele>
    <time>2026-09-20T21:07:18Z</time>
   </trkpt>
   <trkpt lat="37.7589690" lon="-122.4220380">
    <ele>17.5</ele>
    <time>2026-09-20T21:07:19Z</time>
   </trkpt>
   <trkpt lat="37.7589370" lon="-122.4220380">
    <ele>17.5</ele>
    <time>2026-09-20T21:07:20Z</time>
   </trkpt>
   <trkpt lat="37.7589060" lon="-122.4220680">
    <ele>17.6</ele>
    <time>2026-09-20T21:07:21Z</time>
   </trkpt>
   <trkpt lat="37.7588750" lon="-122.4221520">
    <ele>17.5</ele>
    <time>2026-09-20T21:07:22Z</time>
   </trkpt>
   <trkpt lat="37.7588760" lon="-122.4221010">
    <ele>17.6</ele>
    <time>2026-09-20T21:07:23Z</time>
   </trkpt>
   <trkpt lat="37.7589090" lon="-122.4220410">
    <ele>17.5</ele>
    <time>2026-09-20T21:07:24Z</time>
   </trkpt>
   <trkpt lat="37.7589210" lon="-122.4220010">
    <ele>17.5</ele>
    <time>2026-09-20T21:07:25Z</time>
   </trkpt>
   <trkpt lat="37.7589230" lon="-122.4219840">
    <ele>17.5</ele>
    <time>2026-09-20T21:07:26Z</time>
   </trkpt>
   <trkpt lat="37.7589430" lon="-122.4220250">
    <ele>17.5</ele>
    <time>2026-09-20T21:07:27Z</time>
   </trkpt>
   <trkpt lat="37.7589690" lon="-122.4220740">
    <ele>17.5</ele>
    <time>2026-09-20T21:07:28Z</time>
   </trkpt>
   <trkpt lat="37.7589770" lon="-122.4221280">
    <ele>17.4</ele>
    <time>2026-09-20T21:07:29Z</time>
   </trkpt>
   <trkpt lat="37.7589750" lon="-122.4221460">
    <ele>17.4</ele>
    <time>2026-09-20T21:07:30Z</time>
   </trkpt>
   <trkpt lat="37.7589820" lon="-122.4221640">
    <ele>17.4</ele>
    <time>2026-09-20T21:07:31Z</time>
   </trkpt>
   <trkpt lat="37.7589920" lon="-122.4221920">
    <ele>17.4</ele>
    <time>2026-09-20T21:07:32Z</time>
   </trkpt>
   <trkpt lat="37.7590190" lon="-122.4222360">
    <ele>17.4</ele>
    <time>2026-09-20T21:07:33Z</time>
   </trkpt>
   <trkpt lat="37.7590450" lon="-122.4222550">
    <ele>17.3</ele>
    <time>2026-09-20T21:07:34Z</time>
   </trkpt>
   <trkpt lat="37.7590270" lon="-122.4222320">
    <ele>17.4</ele>
    <time>2026-09-20T21:07:35Z</time>
   </trkpt>
   <trkpt lat="37.7590090" lon="-122.4222080">
    <ele>17.4</ele>
    <time>2026-09-20T21:07:36Z</time>
   </trkpt>
   <trkpt lat="37.7589850" lon="-122.4221520">
    <ele>17.4</ele>
    <time>2026-09-20T21:07:37Z</time>
   </trkpt>
   <trkpt lat="37.7589740" lon="-122.4220810">
    <ele>17.5</ele>
    <time>2026-09-20T21:07:38Z</time>
   </trkpt>
   <trkpt lat="37.7589650" lon="-122.4220580">
    <ele>17.5</ele>
    <time>2026-09-20T21:07:39Z</time>
   </trkpt>
   <trkpt lat="37.7589580" lon="-122.4220510">
    <ele>17.5</ele>
    <time>2026-09-20T21:07:40Z</time>
   </trkpt>
   <trkpt lat="37.7589510" lon="-122.4220690">
    <ele>17.5</ele>
    <time>2026-09-20T21:07:41Z</time>
   </trkpt>
   <trkpt lat="37.7589460" lon="-122.4220780">
    <ele>17.5</ele>
    <time>2026-09-20T21:07:42Z</time>
   </trkpt>
   <trkpt lat="37.7589230" lon="-122.4220720">
    <ele>17.5</ele>
    <time>2026-09-20T21:07:43Z</time>
   </trkpt>
   <trkpt lat="37.7589110" lon="-122.4221040">
    <ele>17.5</ele>
    <time>2026-09-20T21:07:44Z</time>
   </trkpt>
   <trkpt lat="37.7589120" lon="-122.4221510">
    <ele>17.5</ele>
    <time>2026-09-20T21:07:45Z</time>
   </trkpt>
   <trkpt lat="37.7589330" lon="-122.4221720">
    <ele>17.4</ele>
    <time>2026-09-20T21:07:46Z</time>
   </trkpt>
   <trkpt lat="37.7589710" lon="-122.4222170">
    <ele>17.4</ele>
    <time>2026-09-20T21:07:47Z</time>
   </trkpt>
   <trkpt lat="37.7590020" lon="-122.4221730">
    <ele>17.4</ele>
    <time>2026-09-20T21:07:48Z</time>
   </trkpt>
   <trkpt lat="37.7590420" lon="-122.4221700">
    <ele>17.4</ele>
    <time>2026-09-20T21:07:49Z</time>
   </trkpt>
   <trkpt lat="37.7590460" lon="-122.4222740">
    <ele>17.3</ele>
    <time>2026-09-20T21:07:50Z</time>
   </trkpt>
   <trkpt lat="37.7590420" lon="-122.4223840">
    <ele>17.3</ele>
    <time>2026-09-20T21:07:51Z</time>
   </trkpt>
   <trkpt lat="37.7590250" lon="-122.4223950">
    <ele>17.3</ele>
    <time>2026-09-20T21:07:52Z</time>
   </trkpt>
   <trkpt lat="37.7590260" lon="-122.4223120">
    <ele>17.3</ele>
    <time>2026-09-20T21:07:53Z</time>
   </trkpt>
   <trkpt lat="37.7590310" lon="-122.4221950">
    <ele>17.4</ele>
    <time>2026-09-20T21:07:54Z</time>
   </trkpt>
   <trkpt lat="37.7590470" lon="-122.4220680">
    <ele>17.4</ele>
    <time>2026-09-20T21:07:55Z</time>
   </trkpt>
   <trkpt lat="37.7591080" lon="-122.4219780">
    <ele>17.4</ele>
    <time>2026-09-20T21:07:56Z</time>
   </trkpt>
   <trkpt lat="37.7591270" lon="-122.4219900">
    <ele>17.3</ele>
    <time>2026-09-20T21:07:57Z</time>
   </trkpt>
   <trkpt lat="37.7591120" lon="-122.4220100">
    <ele>17.4</ele>
    <time>2026-09-20T21:07:58Z</time>
   </trkpt>
   <trkpt lat="37.7590910" lon="-122.4220120">
    <ele>17.4</ele>
    <time>2026-09-20T21:07:59Z</time>
   </trkpt>
   <trkpt lat="37.7590520" lon="-122.4220460">
    <ele>17.4</ele>
    <time>2026-09-20T21:08:00Z</time>
   </trkpt>
   <trkpt lat="37.7590190" lon="-122.4220950">
    <ele>17.4</ele>
    <time>2026-09-20T21:08:01Z</time>
   </trkpt>
   <trkpt lat="37.7590290" lon="-122.4220630">
    <ele>17.4</ele>
    <time>2026-09-20T21:08:02Z</time>
   </trkpt>
   <trkpt lat="37.7590640" lon="-122.4220630">
    <ele>17.4</ele>
    <time>2026-09-20T21:08:03Z</time>
   </trkpt>
   <trkpt lat="37.7590740" lon="-122.4221600">
    <ele>17.3</ele>
    <time>2026-09-20T21:08:04Z</time>
   </trkpt>
   <trkpt lat="37.7590630" lon="-122.4222460">
    <ele>17.3</ele>
    <time>2026-09-20T21:08:05Z</time>
   </trkpt>
   <trkpt lat="37.7590270" lon="-122.4222990">
    <ele>17.3</ele>
    <time>2026-09-20T21:08:06Z</time>
   </trkpt>
   <trkpt lat="37.7590460" lon="-122.4222780">
    <ele>17.3</ele>
    <time>2026-09-20T21:08:07Z</time>
   </trkpt>
   <trkpt lat="37.7590640" lon="-122.4222570">
    <ele>17.3</ele>
    <time>2026-09-20T21:08:08Z</time>
   </trkpt>
   <trkpt lat="37.7590560" lon="-122.4221820">
    <ele>17.3</ele>
    <time>2026-09-20T21:08:09Z</time>
   </trkpt>
   <trkpt lat="37.7590660" lon="-122.4220890">
    <ele>17.4</ele>
    <time>2026-09-20T21:08:10Z</time>
   </trkpt>
   <trkpt lat="37.7590570" lon="-122.4220120">
    <ele>17.4</ele>
    <time>2026-09-20T21:08:11Z</time>
   </trkpt>
   <trkpt lat="37.7590340" lon="-122.4219810">
    <ele>17.4</ele>
    <time>2026-09-20T21:08:12Z</time>
   </trkpt>
   <trkpt lat="37.7590120" lon="-122.4219580">
    <ele>17.4</ele>
    <time>2026-09-20T21:08:13Z</time>
   </trkpt>
   <trkpt lat="37.7590410" lon="-122.4219430">
    <ele>17.4</ele>
    <time>2026-09-20T21:08:14Z</time>
   </trkpt>
   <trkpt lat="37.7590900" lon="-122.4219930">
    <ele>17.4</ele>
    <time>2026-09-20T21:08:15Z</time>
   </trkpt>
   <trkpt lat="37.7590920" lon="-122.4221110">
    <ele>17.3</ele>
    <time>2026-09-20T21:08:16Z</time>
   </trkpt>
   <trkpt lat="37.7590500" lon="-122.4222110">
    <ele>17.3</ele>
    <time>2026-09-20T21:08:17Z</time>
   </trkpt>
   <trkpt lat="37.7590050" lon="-122.4222340">
    <ele>17.4</ele>
    <time>2026-09-20T21:08:18Z</time>
   </trkpt>
   <trkpt lat="37.7589860" lon="-122.4221890">
    <ele>17.4</ele>
    <time>2026-09-20T21:08:19Z</time>
   </trkpt>
   <trkpt lat="37.7589630" lon="-122.4221920">
    <ele>17.4</ele>
    <time>2026-09-20T21:08:20Z</time>
   </trkpt>
   <trkpt lat="37.7589630" lon="-122.4222040">
    <ele>17.4</ele>
    <time>2026-09-20T21:08:21Z</time>
   </trkpt>
   <trkpt lat="37.7589530" lon="-122.4222090">
    <ele>17.4</ele>
    <time>2026-09-20T21:08:22Z</time>
   </trkpt>
   <trkpt lat="37.7589780" lon="-122.4221620">
    <ele>17.4</ele>
    <time>2026-09-20T21:08:23Z</time>
   </trkpt>
   <trkpt lat="37.7590060" lon="-122.4220950">
    <ele>17.5</ele>
    <time>2026-09-20T21:08:24Z</time>
   </trkpt>
   <trkpt lat="37.7590310" lon="-122.4220400">
    <ele>17.4</ele>
    <time>2026-09-20T21:08:25Z</time>
   </trkpt>
   <trkpt lat="37.7590520" lon="-122.4220060">
    <ele>17.4</ele>
    <time>2026-09-20T21:08:26Z</time>
   </trkpt>
   <trkpt lat="37.7590580" lon="-122.4219800">
    <ele>17.4</ele>
    <time>2026-09-20T21:08:27Z</time>
   </trkpt>
   <trkpt lat="37.7590760" lon="-122.4219490">
    <ele>17.4</ele>
    <time>2026-09-20T21:08:28Z</time>
   </trkpt>
   <trkpt lat="37.7590920" lon="-122.4219640">
    <ele>17.4</ele>
    <time>2026-09-20T21:08:29Z</time>
   </trkpt>
   <trkpt lat="37.7590920" lon="-122.4219850">
    <ele>17.4</ele>
    <time>2026-09-20T21:08:30Z</time>
   </trkpt>
   <trkpt lat="37.7590700" lon="-122.4219990">
    <ele>17.4</ele>
    <time>2026-09-20T21:08:31Z</time>
   </trkpt>
   <trkpt lat="37.7590530" lon="-122.4219960">
    <ele>17.4</ele>
    <time>2026-09-20T21:08:32Z</time>
   </trkpt>
   <trkpt lat="37.7590320" lon="-122.4220110">
    <ele>17.4</ele>
    <time>2026-09-20T21:08:33Z</time>
   </trkpt>
   <trkpt lat="37.7589980" lon="-122.4220310">
    <ele>17.5</ele>
    <time>2026-09-20T21:08:34Z</time>
   </trkpt>
   <trkpt lat="37.7589850" lon="-122.4220380">
    <ele>17.5</ele>
    <time>2026-09-20T21:08:35Z</time>
   </trkpt>
   <trkpt lat="37.7589620" lon="-122.4220250">
    <ele>17.5</ele>
    <time>2026-09-20T21:08:36Z</time>
   </trkpt>
   <trkpt lat="37.7589540" lon="-122.4220030">
    <ele>17.5</ele>
    <time>2026-09-20T21:08:37Z</time>
   </trkpt>
   <trkpt lat="37.7589590" lon="-122.4219850">
    <ele>17.5</ele>
    <time>2026-09-20T21:08:38Z</time>
   </trkpt>
   <trkpt lat="37.7589710" lon="-122.4219770">
    <ele>17.5</ele>
    <time>2026-09-20T21:08:39Z</time>
   </trkpt>
   <trkpt lat="37.7590000" lon="-122.4219850">
    <ele>17.5</ele>
    <time>2026-09-20T21:08:40Z</time>
   </trkpt>
   <trkpt lat="37.7590280" lon="-122.4220030">
    <ele>17.4</ele>
    <time>2026-09-20T21:08:41Z</time>
   </trkpt>
   <trkpt lat="37.7590430" lon="-122.4220130">
    <ele>17.4</ele>
    <time>2026-09-20T21:08:42Z</time>
   </trkpt>
   <trkpt lat="37.7590650" lon="-122.4220230">
    <ele>17.4</ele>
    <time>2026-09-20T21:08:43Z</time>
   </trkpt>
   <trkpt lat="37.7590740" lon="-122.4220380">
    <ele>17.4</ele>
    <time>2026-09-20T21:08:44Z</time>
   </trkpt>
   <trkpt lat="37.7590770" lon="-122.4220660">
    <ele>17.4</ele>
    <time>2026-09-20T21:08:45Z</time>
   </trkpt>
   <trkpt lat="37.7590570" lon="-122.4220880">
    <ele>17.4</ele>
    <time>2026-09-20T21:08:46Z</time>
   </trkpt>
   <trkpt lat="37.7590350" lon="-122.4220890">
    <ele>17.4</ele>
    <time>2026-09-20T21:08:47Z</time>
   </trkpt>
   <trkpt lat="37.7590200" lon="-122.4220970">
    <ele>17.4</ele>
    <time>2026-09-20T21:08:48Z</time>
   </trkpt>
   <trkpt lat="37.7590050" lon="-122.4221000">
    <ele>17.5</ele>
    <time>2026-09-20T21:08:49Z</time>
   </trkpt>
   <trkpt lat="37.7589960" lon="-122.4221040">
    <ele>17.5</ele>
    <time>2026-09-20T21:08:50Z</time>
   </trkpt>
   <trkpt lat="37.7589900" lon="-122.4221060">
    <ele>17.5</ele>
    <time>2026-09-20T21:08:51Z</time>
   </trkpt>
   <trkpt lat="37.7589850" lon="-122.4221180">
    <ele>17.4</ele>
    <time>2026-09-20T21:08:52Z</time>
   </trkpt>
   <trkpt lat="37.7589510" lon="-122.4221210">
    <ele>17.4</ele>
    <time>2026-09-20T21:08:53Z</time>
   </trkpt>
   <trkpt lat="37.7589290" lon="-122.4220820">
    <ele>17.5</ele>
    <time>2026-09-20T21:08:54Z</time>
   </trkpt>
   <trkpt lat="37.7589330" lon="-122.4220810">
    <ele>17.5</ele>
    <time>2026-09-20T21:08:55Z</time>
   </trkpt>
   <trkpt lat="37.7589390" lon="-122.4221050">
    <ele>17.5</ele>
    <time>2026-09-20T21:08:56Z</time>
   </trkpt>
   <trkpt lat="37.7589420" lon="-122.4221230">
    <ele>17.5</ele>
    <time>2026-09-20T21:08:57Z</time>
   </trkpt>
   <trkpt lat="37.7589530" lon="-122.4221590">
    <ele>17.4</ele>
    <time>2026-09-20T21:08:58Z</time>
   </trkpt>
   <trkpt lat="37.7589540" lon="-122.4221660">
    <ele>17.4</ele>
    <time>2026-09-20T21:08:59Z</time>
   </trkpt>
   <trkpt lat="37.7589540" lon="-122.4221500">
    <ele>17.4</ele>
    <time>2026-09-20T21:09:00Z</time>
   </trkpt>
   <trkpt lat="37.7589820" lon="-122.4221120">
    <ele>17.5</ele>
    <time>2026-09-20T21:09:01Z</time>
   </trkpt>
   <trkpt lat="37.7590000" lon="-122.4220970">
    <ele>17.5</ele>
    <time>2026-09-20T21:09:02Z</time>
   </trkpt>
   <trkpt lat="37.7590200" lon="-122.4221110">
    <ele>17.4</ele>
    <time>2026-09-20T21:09:03Z</time>
   </trkpt>
   <trkpt lat="37.7590280" lon="-122.4221310">
    <ele>17.4</ele>
    <time>2026-09-20T21:09:04Z</time>
   </trkpt>
   <trkpt lat="37.7590300" lon="-122.4221430">
    <ele>17.4</ele>
    <time>2026-09-20T21:09:05Z</time>
   </trkpt>
   <trkpt lat="37.7590260" lon="-122.4221510">
    <ele>17.4</ele>
    <time>2026-09-20T21:09:06Z</time>
   </trkpt>
   <trkpt lat="37.7590270" lon="-122.4221520">
    <ele>17.4</ele>
    <time>2026-09-20T21:09:07Z</time>
   </trkpt>
   <trkpt lat="37.7590290" lon="-122.4221530">
    <ele>17.4</ele>
    <time>2026-09-20T21:09:08Z</time>
   </trkpt>
   <trkpt lat="37.7590340" lon="-122.4221500">
    <ele>17.4</ele>
    <time>2026-09-20T21:09:09Z</time>
   </trkpt>
   <trkpt lat="37.7590380" lon="-122.4221440">
    <ele>17.4</ele>
    <time>2026-09-20T21:09:10Z</time>
   </trkpt>
   <trkpt lat="37.7590370" lon="-122.4221410">
    <ele>17.4</ele>
    <time>2026-09-20T21:09:11Z</time>
   </trkpt>
   <trkpt lat="37.7590360" lon="-122.4221410">
    <ele>17.4</ele>
    <time>2026-09-20T21:09:12Z</time>
   </trkpt>
   <trkpt lat="37.7590370" lon="-122.4221440">
    <ele>17.4</ele>
    <time>2026-09-20T21:09:13Z</time>
   </trkpt>
   <trkpt lat="37.7590470" lon="-122.4221590">
    <ele>17.3</ele>
    <time>2026-09-20T21:09:14Z</time>
   </trkpt>
   <trkpt lat="37.7590560" lon="-122.4221640">
    <ele>17.3</ele>
    <time>2026-09-20T21:09:15Z</time>
   </trkpt>
   <trkpt lat="37.7590590" lon="-122.4221670">
    <ele>17.3</ele>
    <time>2026-09-20T21:09:16Z</time>
   </trkpt>
   <trkpt lat="37.7590840" lon="-122.4221680">
    <ele>17.3</ele>
    <time>2026-09-20T21:09:17Z</time>
   </trkpt>
   <trkpt lat="37.7591000" lon="-122.4221620">
    <ele>17.3</ele>
    <time>2026-09-20T21:09:18Z</time>
   </trkpt>
   <trkpt lat="37.7591150" lon="-122.4221340">
    <ele>17.3</ele>
    <time>2026-09-20T21:09:19Z</time>
   </trkpt>
   <trkpt lat="37.7590980" lon="-122.4220940">
    <ele>17.3</ele>
    <time>2026-09-20T21:09:20Z</time>
   </trkpt>
   <trkpt lat="37.7590230" lon="-122.4220570">
    <ele>17.4</ele>
    <time>2026-09-20T21:09:21Z</time>
   </trkpt>
   <trkpt lat="37.7589340" lon="-122.4219710">
    <ele>17.5</ele>
    <time>2026-09-20T21:09:22Z</time>
   </trkpt>
   <trkpt lat="37.7588420" lon="-122.4219270">
    <ele>18.2</ele>
    <time>2026-09-20T21:09:23Z</time>
   </trkpt>
   <trkpt lat="37.7587460" lon="-122.4219110">
    <ele>19.1</ele>
    <time>2026-09-20T21:09:24Z</time>
   </trkpt>
   <trkpt lat="37.7586910" lon="-122.4219170">
    <ele>19.6</ele>
    <time>2026-09-20T21:09:25Z</time>
   </trkpt>
   <trkpt lat="37.7590280" lon="-122.4219370">
    <ele>17.5</ele>
    <time>2026-09-20T21:09:26Z</time>
   </trkpt>
   <trkpt lat="37.7590420" lon="-122.4219540">
    <ele>17.4</ele>
    <time>2026-09-20T21:09:27Z</time>
   </trkpt>
   <trkpt lat="37.7590480" lon="-122.4219580">
    <ele>17.4</ele>
    <time>2026-09-20T21:09:28Z</time>
   </trkpt>
   <trkpt lat="37.7590570" lon="-122.4219650">
    <ele>17.4</ele>
    <time>2026-09-20T21:09:29Z</time>
   </trkpt>
   <trkpt lat="37.7590740" lon="-122.4219660">
    <ele>17.4</ele>
    <time>2026-09-20T21:09:30Z</time>
   </trkpt>
   <trkpt lat="37.7590740" lon="-122.4219610">
    <ele>17.4</ele>
    <time>2026-09-20T21:09:31Z</time>
   </trkpt>
   <trkpt lat="37.7590880" lon="-122.4219670">
    <ele>17.4</ele>
    <time>2026-09-20T21:09:32Z</time>
   </trkpt>
   <trkpt lat="37.7591290" lon="-122.4219730">
    <ele>17.4</ele>
    <time>2026-09-20T21:09:33Z</time>
   </trkpt>
   <trkpt lat="37.7591360" lon="-122.4219820">
    <ele>17.4</ele>
    <time>2026-09-20T21:09:34Z</time>
   </trkpt>
   <trkpt lat="37.7591600" lon="-122.4220040">
    <ele>17.3</ele>
    <time>2026-09-20T21:09:35Z</time>
   </trkpt>
   <trkpt lat="37.7591750" lon="-122.4220160">
    <ele>17.3</ele>
    <time>2026-09-20T21:09:36Z</time>
   </trkpt>
   <trkpt lat="37.7591520" lon="-122.4220370">
    <ele>17.3</ele>
    <time>2026-09-20T21:09:37Z</time>
   </trkpt>
   <trkpt lat="37.7591040" lon="-122.4220300">
    <ele>17.3</ele>
    <time>2026-09-20T21:09:38Z</time>
   </trkpt>
   <trkpt lat="37.7591030" lon="-122.4220380">
    <ele>17.3</ele>
    <time>2026-09-20T21:09:39Z</time>
   </trkpt>
   <trkpt lat="37.7590840" lon="-122.4220610">
    <ele>17.3</ele>
    <time>2026-09-20T21:09:40Z</time>
   </trkpt>
   <trkpt lat="37.7590660" lon="-122.4220720">
    <ele>17.4</ele>
    <time>2026-09-20T21:09:41Z</time>
   </trkpt>
   <trkpt lat="37.7590530" lon="-122.4220810">
    <ele>17.4</ele>
    <time>2026-09-20T21:09:42Z</time>
   </trkpt>
   <trkpt lat="37.7590530" lon="-122.4220910">
    <ele>17.4</ele>
    <time>2026-09-20T21:09:43Z</time>
   </trkpt>
   <trkpt lat="37.7590420" lon="-122.4221010">
    <ele>17.4</ele>
    <time>2026-09-20T21:09:44Z</time>
   </trkpt>
   <trkpt lat="37.7590290" lon="-122.4221000">
    <ele>17.4</ele>
    <time>2026-09-20T21:09:45Z</time>
   </trkpt>
   <trkpt lat="37.7589910" lon="-122.4221090">
    <ele>17.5</ele>
    <time>2026-09-20T21:09:46Z</time>
   </trkpt>
   <trkpt lat="37.7589810" lon="-122.4221210">
    <ele>17.4</ele>
    <time>2026-09-20T21:09:47Z</time>
   </trkpt>
   <trkpt lat="37.7589580" lon="-122.4221240">
    <ele>17.4</ele>
    <time>2026-09-20T21:09:48Z</time>
   </trkpt>
   <trkpt lat="37.7589620" lon="-122.4221110">
    <ele>17.5</ele>
    <time>2026-09-20T21:09:49Z</time>
   </trkpt>
   <trkpt lat="37.7589940" lon="-122.4221020">
    <ele>17.5</ele>
    <time>2026-09-20T21:09:50Z</time>
   </trkpt>
   <trkpt lat="37.7590100" lon="-122.4220870">
    <ele>17.5</ele>
    <time>2026-09-20T21:09:51Z</time>
   </trkpt>
   <trkpt lat="37.7590260" lon="-122.4220560">
    <ele>17.4</ele>
    <time>2026-09-20T21:09:52Z</time>
   </trkpt>
   <trkpt lat="37.7590630" lon="-122.4220260">
    <ele>17.4</ele>
    <time>2026-09-20T21:09:53Z</time>
   </trkpt>
   <trkpt lat="37.7590900" lon="-122.4220390">
    <ele>17.3</ele>
    <time>2026-09-20T21:09:54Z</time>
   </trkpt>
   <trkpt lat="37.7590980" lon="-122.4220580">
    <ele>17.3</ele>
    <time>2026-09-20T21:09:55Z</time>
   </trkpt>
   <trkpt lat="37.7591100" lon="-122.4220440">
    <ele>17.3</ele>
    <time>2026-09-20T21:09:56Z</time>
   </trkpt>
   <trkpt lat="37.7591360" lon="-122.4220070">
    <ele>17.3</ele>
    <time>2026-09-20T21:09:57Z</time>
   </trkpt>
   <trkpt lat="37.7591710" lon="-122.4219730">
    <ele>17.3</ele>
    <time>2026-09-20T21:09:58Z</time>
   </trkpt>
   <trkpt lat="37.7591970" lon="-122.4219470">
    <ele>17.3</ele>
    <time>2026-09-20T21:09:59Z</time>
   </trkpt>
   <trkpt lat="37.7592050" lon="-122.4219230">
    <ele>17.3</ele>
    <time>2026-09-20T21:10:00Z</time>
   </trkpt>
   <trkpt lat="37.7592000" lon="-122.4219410">
    <ele>17.3</ele>
    <time>2026-09-20T21:10:01Z</time>
   </trkpt>
   <trkpt lat="37.7592040" lon="-122.4219380">
    <ele>17.3</ele>
    <time>2026-09-20T21:10:02Z</time>
   </trkpt>
   <trkpt lat="37.7591980" lon="-122.4219440">
    <ele>17.3</ele>
    <time>2026-09-20T21:10:03Z</time>
   </trkpt>
   <trkpt lat="37.7591890" lon="-122.4219500">
    <ele>17.3</ele>
    <time>2026-09-20T21:10:04Z</time>
   </trkpt>
   <trkpt lat="37.7591770" lon="-122.4219480">
    <ele>17.3</ele>
    <time>2026-09-20T21:10:05Z</time>
   </trkpt>
   <trkpt lat="37.7591650" lon="-122.4219540">
    <ele>17.3</ele>
    <time>2026-09-20T21:10:06Z</time>
   </trkpt>
   <trkpt lat="37.7591500" lon="-122.4219580">
    <ele>17.3</ele>
    <time>2026-09-20T21:10:07Z</time>
   </trkpt>
   <trkpt lat="37.7591460" lon="-122.4219630">
    <ele>17.4</ele>
    <time>2026-09-20T21:10:08Z</time>
   </trkpt>
   <trkpt lat="37.7591500" lon="-122.4219630">
    <ele>17.3</ele>
    <time>2026-09-20T21:10:09Z</time>
   </trkpt>
   <trkpt lat="37.7591690" lon="-122.4219630">
    <ele>17.3</ele>
    <time>2026-09-20T21:10:10Z</time>
   </trkpt>
   <trkpt lat="37.7591920" lon="-122.4219610">
    <ele>17.3</ele>
    <time>2026-09-20T21:10:11Z</time>
   </trkpt>
   <trkpt lat="37.7592100" lon="-122.4219480">
    <ele>17.3</ele>
    <time>2026-09-20T21:10:12Z</time>
   </trkpt>
   <trkpt lat="37.7592080" lon="-122.4219520">
    <ele>17.3</ele>
    <time>2026-09-20T21:10:13Z</time>
   </trkpt>
   <trkpt lat="37.7592040" lon="-122.4219570">
    <ele>17.3</ele>
    <time>2026-09-20T21:10:14Z</time>
   </trkpt>
   <trkpt lat="37.7591990" lon="-122.4219580">
    <ele>17.3</ele>
    <time>2026-09-20T21:10:15Z</time>
   </trkpt>
   <trkpt lat="37.7591900" lon="-122.4219590">
    <ele>17.3</ele>
    <time>2026-09-20T21:10:16Z</time>
   </trkpt>
   <trkpt lat="37.7591830" lon="-122.4219620">
    <ele>17.3</ele>
    <time>2026-09-20T21:10:17Z</time>
   </trkpt>
   <trkpt lat="37.7591790" lon="-122.4219630">
    <ele>17.3</ele>
    <time>2026-09-20T21:10:18Z</time>
   </trkpt>
   <trkpt lat="37.7591780" lon="-122.4219650">
    <ele>17.3</ele>
    <time>2026-09-20T21:10:19Z</time>
   </trkpt>
   <trkpt lat="37.7591760" lon="-122.4219660">
    <ele>17.3</ele>
    <time>2026-09-20T21:10:20Z</time>
   </trkpt>
   <trkpt lat="37.7591760" lon="-122.4219660">
    <ele>17.3</ele>
    <time>2026-09-20T21:10:21Z</time>
   </trkpt>
   <trkpt lat="37.7591760" lon="-122.4219660">
    <ele>17.3</ele>
    <time>2026-09-20T21:10:22Z</time>
   </trkpt>
   <trkpt lat="37.7591760" lon="-122.4219660">
    <ele>17.3</ele>
    <time>2026-09-20T21:10:23Z</time>
   </trkpt>
   <trkpt lat="37.7591760" lon="-122.4219660">
    <ele>17.3</ele>
    <time>2026-09-20T21:10:24Z</time>
   </trkpt>
   <trkpt lat="37.7591760" lon="-122.4219670">
    <ele>17.3</ele>
    <time>2026-09-20T21:10:25Z</time>
   </trkpt>
   <trkpt lat="37.7591780" lon="-122.4219650">
    <ele>17.3</ele>
    <time>2026-09-20T21:10:26Z</time>
   </trkpt>
   <trkpt lat="37.7591840" lon="-122.4219680">
    <ele>17.3</ele>
    <time>2026-09-20T21:10:27Z</time>
   </trkpt>
   <trkpt lat="37.7591900" lon="-122.4219560">
    <ele>17.3</ele>
    <time>2026-09-20T21:10:28Z</time>
   </trkpt>
   <trkpt lat="37.7591910" lon="-122.4219340">
    <ele>17.3</ele>
    <time>2026-09-20T21:10:29Z</time>
   </trkpt>
   <trkpt lat="37.7591930" lon="-122.4219050">
    <ele>17.3</ele>
    <time>2026-09-20T21:10:30Z</time>
   </trkpt>
   <trkpt lat="37.7591810" lon="-122.4218750">
    <ele>17.3</ele>
    <time>2026-09-20T21:10:31Z</time>
   </trkpt>
   <trkpt lat="37.7591770" lon="-122.4218860">
    <ele>17.4</ele>
    <time>2026-09-20T21:10:32Z</time>
   </trkpt>
   <trkpt lat="37.7591850" lon="-122.4218930">
    <ele>17.3</ele>
    <time>2026-09-20T21:10:33Z</time>
   </trkpt>
   <trkpt lat="37.7591770" lon="-122.4219140">
    <ele>17.4</ele>
    <time>2026-09-20T21:10:34Z</time>
   </trkpt>
   <trkpt lat="37.7591580" lon="-122.4219420">
    <ele>17.3</ele>
    <time>2026-09-20T21:10:35Z</time>
   </trkpt>
   <trkpt lat="37.7591390" lon="-122.4219910">
    <ele>17.3</ele>
    <time>2026-09-20T21:10:36Z</time>
   </trkpt>
   <trkpt lat="37.7591070" lon="-122.4220120">
    <ele>17.4</ele>
    <time>2026-09-20T21:10:37Z</time>
   </trkpt>
   <trkpt lat="37.7590740" lon="-122.4220370">
    <ele>17.4</ele>
    <time>2026-09-20T21:10:38Z</time>
   </trkpt>
   <trkpt lat="37.7590430" lon="-122.4220630">
    <ele>17.4</ele>
    <time>2026-09-20T21:10:39Z</time>
   </trkpt>
   <trkpt lat="37.7590220" lon="-122.4220780">
    <ele>17.4</ele>
    <time>2026-09-20T21:10:40Z</time>
   </trkpt>
   <trkpt lat="37.7589780" lon="-122.4220760">
    <ele>17.5</ele>
    <time>2026-09-20T21:10:41Z</time>
   </trkpt>
   <trkpt lat="37.7589600" lon="-122.4220770">
    <ele>17.5</ele>
    <time>2026-09-20T21:10:42Z</time>
   </trkpt>
   <trkpt lat="37.7589420" lon="-122.4220640">
    <ele>17.5</ele>
    <time>2026-09-20T21:10:43Z</time>
   </trkpt>
   <trkpt lat="37.7589290" lon="-122.4220260">
    <ele>17.5</ele>
    <time>2026-09-20T21:10:44Z</time>
   </trkpt>
   <trkpt lat="37.7589190" lon="-122.4220070">
    <ele>17.5</ele>
    <time>2026-09-20T21:10:45Z</time>
   </trkpt>
   <trkpt lat="37.7589110" lon="-122.4220130">
    <ele>17.5</ele>
    <time>2026-09-20T21:10:46Z</time>
   </trkpt>
   <trkpt lat="37.7589140" lon="-122.4220440">
    <ele>17.5</ele>
    <time>2026-09-20T21:10:47Z</time>
   </trkpt>
   <trkpt lat="37.7589200" lon="-122.4220660">
    <ele>17.5</ele>
    <time>2026-09-20T21:10:48Z</time>
   </trkpt>
   <trkpt lat="37.7589370" lon="-122.4220790">
    <ele>17.5</ele>
    <time>2026-09-20T21:10:49Z</time>
   </trkpt>
   <trkpt lat="37.7589540" lon="-122.4220710">
    <ele>17.5</ele>
    <time>2026-09-20T21:10:50Z</time>
   </trkpt>
   <trkpt lat="37.7589550" lon="-122.4220590">
    <ele>17.5</ele>
    <time>2026-09-20T21:10:51Z</time>
   </trkpt>
   <trkpt lat="37.7589500" lon="-122.4220520">
    <ele>17.5</ele>
    <time>2026-09-20T21:10:52Z</time>
   </trkpt>
   <trkpt lat="37.7589180" lon="-122.4220380">
    <ele>17.5</ele>
    <time>2026-09-20T21:10:53Z</time>
   </trkpt>
   <trkpt lat="37.7588960" lon="-122.4220150">
    <ele>17.6</ele>
    <time>2026-09-20T21:10:54Z</time>
   </trkpt>
   <trkpt lat="37.7588940" lon="-122.4220150">
    <ele>17.6</ele>
    <time>2026-09-20T21:10:55Z</time>
   </trkpt>
   <trkpt lat="37.7589080" lon="-122.4220410">
    <ele>17.6</ele>
    <time>2026-09-20T21:10:56Z</time>
   </trkpt>
   <trkpt lat="37.7589190" lon="-122.4220900">
    <ele>17.5</ele>
    <time>2026-09-20T21:10:57Z</time>
   </trkpt>
   <trkpt lat="37.7589340" lon="-122.4221270">
    <ele>17.5</ele>
    <time>2026-09-20T21:10:58Z</time>
   </trkpt>
   <trkpt lat="37.7589380" lon="-122.4221400">
    <ele>17.5</ele>
    <time>2026-09-20T21:10:59Z</time>
   </trkpt>
   <trkpt lat="37.7589420" lon="-122.4221410">
    <ele>17.5</ele>
    <time>2026-09-20T21:11:00Z</time>
   </trkpt>
   <trkpt lat="37.7589470" lon="-122.4221440">
    <ele>17.4</ele>
    <time>2026-09-20T21:11:01Z</time>
   </trkpt>
   <trkpt lat="37.7589490" lon="-122.4221510">
    <ele>17.4</ele>
    <time>2026-09-20T21:11:02Z</time>
   </trkpt>
   <trkpt lat="37.7589540" lon="-122.4221630">
    <ele>17.4</ele>
    <time>2026-09-20T21:11:03Z</time>
   </trkpt>
   <trkpt lat="37.7589580" lon="-122.4221760">
    <ele>17.4</ele>
    <time>2026-09-20T21:11:04Z</time>
   </trkpt>
   <trkpt lat="37.7589560" lon="-122.4221900">
    <ele>17.4</ele>
    <time>2026-09-20T21:11:05Z</time>
   </trkpt>
   <trkpt lat="37.7589480" lon="-122.4222040">
    <ele>17.4</ele>
    <time>2026-09-20T21:11:06Z</time>
   </trkpt>
   <trkpt lat="37.7589480" lon="-122.4222300">
    <ele>17.4</ele>
    <time>2026-09-20T21:11:07Z</time>
   </trkpt>
   <trkpt lat="37.7589480" lon="-122.4222570">
    <ele>17.4</ele>
    <time>2026-09-20T21:11:08Z</time>
   </trkpt>
   <trkpt lat="37.7589570" lon="-122.4222560">
    <ele>17.4</ele>
    <time>2026-09-20T21:11:09Z</time>
   </trkpt>
   <trkpt lat="37.7589550" lon="-122.4222420">
    <ele>17.4</ele>
    <time>2026-09-20T21:11:10Z</time>
   </trkpt>
   <trkpt lat="37.7589710" lon="-122.4222070">
    <ele>17.4</ele>
    <time>2026-09-20T21:11:11Z</time>
   </trkpt>
   <trkpt lat="37.7589930" lon="-122.4221340">
    <ele>17.4</ele>
    <time>2026-09-20T21:11:12Z</time>
   </trkpt>
   <trkpt lat="37.7590050" lon="-122.4221020">
    <ele>17.5</ele>
    <time>2026-09-20T21:11:13Z</time>
   </trkpt>
   <trkpt lat="37.7590210" lon="-122.4221020">
    <ele>17.4</ele>
    <time>2026-09-20T21:11:14Z</time>
   </trkpt>
   <trkpt lat="37.7590550" lon="-122.4221140">
    <ele>17.4</ele>
    <time>2026-09-20T21:11:15Z</time>
   </trkpt>
   <trkpt lat="37.7590530" lon="-122.4221320">
    <ele>17.4</ele>
    <time>2026-09-20T21:11:16Z</time>
   </trkpt>
   <trkpt lat="37.7590530" lon="-122.4221310">
    <ele>17.4</ele>
    <time>2026-09-20T21:11:17Z</time>
   </trkpt>
   <trkpt lat="37.7590370" lon="-122.4221470">
    <ele>17.4</ele>
    <time>2026-09-20T21:11:18Z</time>
   </trkpt>
   <trkpt lat="37.7590160" lon="-122.4222080">
    <ele>17.4</ele>
    <time>2026-09-20T21:11:19Z</time>
   </trkpt>
   <trkpt lat="37.7590090" lon="-122.4222750">
    <ele>17.4</ele>
    <time>2026-09-20T21:11:20Z</time>
   </trkpt>
   <trkpt lat="37.7589970" lon="-122.4223300">
    <ele>17.3</ele>
    <time>2026-09-20T21:11:21Z</time>
   </trkpt>
   <trkpt lat="37.7589720" lon="-122.4223730">
    <ele>17.3</ele>
    <time>2026-09-20T21:11:22Z</time>
   </trkpt>
   <trkpt lat="37.7589410" lon="-122.4223850">
    <ele>17.4</ele>
    <time>2026-09-20T21:11:23Z</time>
   </trkpt>
   <trkpt lat="37.7589120" lon="-122.4223800">
    <ele>17.4</ele>
    <time>2026-09-20T21:11:24Z</time>
   </trkpt>
   <trkpt lat="37.7589080" lon="-122.4223590">
    <ele>17.4</ele>
    <time>2026-09-20T21:11:25Z</time>
   </trkpt>
   <trkpt lat="37.7589040" lon="-122.4223340">
    <ele>17.4</ele>
    <time>2026-09-20T21:11:26Z</time>
   </trkpt>
   <trkpt lat="37.7588880" lon="-122.4222780">
    <ele>17.5</ele>
    <time>2026-09-20T21:11:27Z</time>
   </trkpt>
   <trkpt lat="37.7588940" lon="-122.4222070">
    <ele>17.5</ele>
    <time>2026-09-20T21:11:28Z</time>
   </trkpt>
   <trkpt lat="37.7589200" lon="-122.4221520">
    <ele>17.5</ele>
    <time>2026-09-20T21:11:29Z</time>
   </trkpt>
   <trkpt lat="37.7589530" lon="-122.4221250">
    <ele>17.4</ele>
    <time>2026-09-20T21:11:30Z</time>
   </trkpt>
   <trkpt lat="37.7590060" lon="-122.4221190">
    <ele>17.4</ele>
    <time>2026-09-20T21:11:31Z</time>
   </trkpt>
   <trkpt lat="37.7590350" lon="-122.4221300">
    <ele>17.4</ele>
    <time>2026-09-20T21:11:32Z</time>
   </trkpt>
   <trkpt lat="37.7590520" lon="-122.4221160">
    <ele>17.4</ele>
    <time>2026-09-20T21:11:33Z</time>
   </trkpt>
   <trkpt lat="37.7590490" lon="-122.4220790">
    <ele>17.4</ele>
    <time>2026-09-20T21:11:34Z</time>
   </trkpt>
   <trkpt lat="37.7590270" lon="-122.4220040">
    <ele>17.4</ele>
    <time>2026-09-20T21:11:35Z</time>
   </trkpt>
   <trkpt lat="37.7589600" lon="-122.4219460">
    <ele>17.5</ele>
    <time>2026-09-20T21:11:36Z</time>
   </trkpt>
   <trkpt lat="37.7588940" lon="-122.4219110">
    <ele>17.8</ele>
    <time>2026-09-20T21:11:37Z</time>
   </trkpt>
   <trkpt lat="37.7588430" lon="-122.4218850">
    <ele>18.2</ele>
    <time>2026-09-20T21:11:38Z</time>
   </trkpt>
   <trkpt lat="37.7588040" lon="-122.4219020">
    <ele>18.9</ele>
    <time>2026-09-20T21:11:39Z</time>
   </trkpt>
   <trkpt lat="37.7588270" lon="-122.4219210">
    <ele>18.6</ele>
    <time>2026-09-20T21:11:40Z</time>
   </trkpt>
   <trkpt lat="37.7588680" lon="-122.4219630">
    <ele>18.1</ele>
    <time>2026-09-20T21:11:41Z</time>
   </trkpt>
   <trkpt lat="37.7589070" lon="-122.4220030">
    <ele>17.6</ele>
    <time>2026-09-20T21:11:42Z</time>
   </trkpt>
   <trkpt lat="37.7589350" lon="-122.4220610">
    <ele>17.5</ele>
    <time>2026-09-20T21:11:43Z</time>
   </trkpt>
   <trkpt lat="37.7589660" lon="-122.4220870">
    <ele>17.5</ele>
    <time>2026-09-20T21:11:44Z</time>
   </trkpt>
   <trkpt lat="37.7589700" lon="-122.4220900">
    <ele>17.5</ele>
    <time>2026-09-20T21:11:45Z</time>
   </trkpt>
   <trkpt lat="37.7589800" lon="-122.4220640">
    <ele>17.5</ele>
    <time>2026-09-20T21:11:46Z</time>
   </trkpt>
   <trkpt lat="37.7589790" lon="-122.4220220">
    <ele>17.5</ele>
    <time>2026-09-20T21:11:47Z</time>
   </trkpt>
   <trkpt lat="37.7589750" lon="-122.4220150">
    <ele>17.5</ele>
    <time>2026-09-20T21:11:48Z</time>
   </trkpt>
   <trkpt lat="37.7589800" lon="-122.4220200">
    <ele>17.5</ele>
    <time>2026-09-20T21:11:49Z</time>
   </trkpt>
   <trkpt lat="37.7589750" lon="-122.4220260">
    <ele>17.5</ele>
    <time>2026-09-20T21:11:50Z</time>
   </trkpt>
   <trkpt lat="37.7589370" lon="-122.4220230">
    <ele>17.5</ele>
    <time>2026-09-20T21:11:51Z</time>
   </trkpt>
   <trkpt lat="37.7589110" lon="-122.4219970">
    <ele>17.5</ele>
    <time>2026-09-20T21:11:52Z</time>
   </trkpt>
   <trkpt lat="37.7589120" lon="-122.4219970">
    <ele>17.5</ele>
    <time>2026-09-20T21:11:53Z</time>
   </trkpt>
   <trkpt lat="37.7589250" lon="-122.4220150">
    <ele>17.5</ele>
    <time>2026-09-20T21:11:54Z</time>
   </trkpt>
   <trkpt lat="37.7589260" lon="-122.4220600">
    <ele>17.5</ele>
    <time>2026-09-20T21:11:55Z</time>
   </trkpt>
   <trkpt lat="37.7589180" lon="-122.4221020">
    <ele>17.5</ele>
    <time>2026-09-20T21:11:56Z</time>
   </trkpt>
   <trkpt lat="37.7588990" lon="-122.4221100">
    <ele>17.6</ele>
    <time>2026-09-20T21:11:57Z</time>
   </trkpt>
   <trkpt lat="37.7589010" lon="-122.4220670">
    <ele>17.6</ele>
    <time>2026-09-20T21:11:58Z</time>
   </trkpt>
   <trkpt lat="37.7589090" lon="-122.4220370">
    <ele>17.5</ele>
    <time>2026-09-20T21:11:59Z</time>
   </trkpt>
   <trkpt lat="37.7589470" lon="-122.4220530">
    <ele>17.5</ele>
    <time>2026-09-20T21:12:00Z</time>
   </trkpt>
   <trkpt lat="37.7589710" lon="-122.4221210">
    <ele>17.4</ele>
    <time>2026-09-20T21:12:01Z</time>
   </trkpt>
   <trkpt lat="37.7589900" lon="-122.4221930">
    <ele>17.4</ele>
    <time>2026-09-20T21:12:02Z</time>
   </trkpt>
   <trkpt lat="37.7590150" lon="-122.4222750">
    <ele>17.3</ele>
    <time>2026-09-20T21:12:03Z</time>
   </trkpt>
   <trkpt lat="37.7590190" lon="-122.4223120">
    <ele>17.3</ele>
    <time>2026-09-20T21:12:04Z</time>
   </trkpt>
   <trkpt lat="37.7590260" lon="-122.4223090">
    <ele>17.3</ele>
    <time>2026-09-20T21:12:05Z</time>
   </trkpt>
   <trkpt lat="37.7590230" lon="-122.4222970">
    <ele>17.3</ele>
    <time>2026-09-20T21:12:06Z</time>
   </trkpt>
   <trkpt lat="37.7590130" lon="-122.4222620">
    <ele>17.3</ele>
    <time>2026-09-20T21:12:07Z</time>
   </trkpt>
   <trkpt lat="37.7590050" lon="-122.4222480">
    <ele>17.4</ele>
    <time>2026-09-20T21:12:08Z</time>
   </trkpt>
   <trkpt lat="37.7589870" lon="-122.4222440">
    <ele>17.4</ele>
    <time>2026-09-20T21:12:09Z</time>
   </trkpt>
   <trkpt lat="37.7589800" lon="-122.4222260">
    <ele>17.4</ele>
    <time>2026-09-20T21:12:10Z</time>
   </trkpt>
   <trkpt lat="37.7589700" lon="-122.4221880">
    <ele>17.4</ele>
    <time>2026-09-20T21:12:11Z</time>
   </trkpt>
   <trkpt lat="37.7589780" lon="-122.4221690">
    <ele>17.4</ele>
    <time>2026-09-20T21:12:12Z</time>
   </trkpt>
   <trkpt lat="37.7590050" lon="-122.4221550">
    <ele>17.4</ele>
    <time>2026-09-20T21:12:13Z</time>
   </trkpt>
   <trkpt lat="37.7590230" lon="-122.4221320">
    <ele>17.4</ele>
    <time>2026-09-20T21:12:14Z</time>
   </trkpt>
   <trkpt lat="37.7590340" lon="-122.4220850">
    <ele>17.4</ele>
    <time>2026-09-20T21:12:15Z</time>
   </trkpt>
   <trkpt lat="37.7590360" lon="-122.4220520">
    <ele>17.4</ele>
    <time>2026-09-20T21:12:16Z</time>
   </trkpt>
   <trkpt lat="37.7590360" lon="-122.4220400">
    <ele>17.4</ele>
    <time>2026-09-20T21:12:17Z</time>
   </trkpt>
   <trkpt lat="37.7590470" lon="-122.4220290">
    <ele>17.4</ele>
    <time>2026-09-20T21:12:18Z</time>
   </trkpt>
   <trkpt lat="37.7590680" lon="-122.4220360">
    <ele>17.4</ele>
    <time>2026-09-20T21:12:19Z</time>
   </trkpt>
   <trkpt lat="37.7590710" lon="-122.4220350">
    <ele>17.4</ele>
    <time>2026-09-20T21:12:20Z</time>
   </trkpt>
   <trkpt lat="37.7590670" lon="-122.4220360">
    <ele>17.4</ele>
    <time>2026-09-20T21:12:21Z</time>
   </trkpt>
   <trkpt lat="37.7590650" lon="-122.4220340">
    <ele>17.4</ele>
    <time>2026-09-20T21:12:22Z</time>
   </trkpt>
   <trkpt lat="37.7590580" lon="-122.4220390">
    <ele>17.4</ele>
    <time>2026-09-20T21:12:23Z</time>
   </trkpt>
   <trkpt lat="37.7590460" lon="-122.4220700">
    <ele>17.4</ele>
    <time>2026-09-20T21:12:24Z</time>
   </trkpt>
   <trkpt lat="37.7590280" lon="-122.4220920">
    <ele>17.4</ele>
    <time>2026-09-20T21:12:25Z</time>
   </trkpt>
   <trkpt lat="37.7590070" lon="-122.4221180">
    <ele>17.4</ele>
    <time>2026-09-20T21:12:26Z</time>
   </trkpt>
   <trkpt lat="37.7589980" lon="-122.4221130">
    <ele>17.5</ele>
    <time>2026-09-20T21:12:27Z</time>
   </trkpt>
   <trkpt lat="37.7589870" lon="-122.4220950">
    <ele>17.5</ele>
    <time>2026-09-20T21:12:28Z</time>
   </trkpt>
   <trkpt lat="37.7589680" lon="-122.4220800">
    <ele>17.5</ele>
    <time>2026-09-20T21:12:29Z</time>
   </trkpt>
   <trkpt lat="37.7589280" lon="-122.4220530">
    <ele>17.5</ele>
    <time>2026-09-20T21:12:30Z</time>
   </trkpt>
   <trkpt lat="37.7588950" lon="-122.4220550">
    <ele>17.6</ele>
    <time>2026-09-20T21:12:31Z</time>
   </trkpt>
   <trkpt lat="37.7588760" lon="-122.4220430">
    <ele>17.6</ele>
    <time>2026-09-20T21:12:32Z</time>
   </trkpt>
   <trkpt lat="37.7588790" lon="-122.4220370">
    <ele>17.6</ele>
    <time>2026-09-20T21:12:33Z</time>
   </trkpt>
   <trkpt lat="37.7588730" lon="-122.4220330">
    <ele>17.9</ele>
    <time>2026-09-20T21:12:34Z</time>
   </trkpt>
   <trkpt lat="37.7588710" lon="-122.4220440">
    <ele>17.9</ele>
    <time>2026-09-20T21:12:35Z</time>
   </trkpt>
   <trkpt lat="37.7588790" lon="-122.4220690">
    <ele>17.6</ele>
    <time>2026-09-20T21:12:36Z</time>
   </trkpt>
   <trkpt lat="37.7588850" lon="-122.4220900">
    <ele>17.6</ele>
    <time>2026-09-20T21:12:37Z</time>
   </trkpt>
   <trkpt lat="37.7588920" lon="-122.4221110">
    <ele>17.6</ele>
    <time>2026-09-20T21:12:38Z</time>
   </trkpt>
   <trkpt lat="37.7589060" lon="-122.4221130">
    <ele>17.6</ele>
    <time>2026-09-20T21:12:39Z</time>
   </trkpt>
   <trkpt lat="37.7589230" lon="-122.4221020">
    <ele>17.5</ele>
    <time>2026-09-20T21:12:40Z</time>
   </trkpt>
   <trkpt lat="37.7589350" lon="-122.4220970">
    <ele>17.5</ele>
    <time>2026-09-20T21:12:41Z</time>
   </trkpt>
   <trkpt lat="37.7589710" lon="-122.4220930">
    <ele>17.5</ele>
    <time>2026-09-20T21:12:42Z</time>
   </trkpt>
   <trkpt lat="37.7589990" lon="-122.4220720">
    <ele>17.5</ele>
    <time>2026-09-20T21:12:43Z</time>
   </trkpt>
   <trkpt lat="37.7590250" lon="-122.4220370">
    <ele>17.4</ele>
    <time>2026-09-20T21:12:44Z</time>
   </trkpt>
   <trkpt lat="37.7590320" lon="-122.4220050">
    <ele>17.4</ele>
    <time>2026-09-20T21:12:45Z</time>
   </trkpt>
   <trkpt lat="37.7590080" lon="-122.4219660">
    <ele>17.5</ele>
    <time>2026-09-20T21:12:46Z</time>
   </trkpt>
   <trkpt lat="37.7589560" lon="-122.4219080">
    <ele>17.5</ele>
    <time>2026-09-20T21:12:47Z</time>
   </trkpt>
   <trkpt lat="37.7589040" lon="-122.4218550">
    <ele>17.7</ele>
    <time>2026-09-20T21:12:48Z</time>
   </trkpt>
   <trkpt lat="37.7589040" lon="-122.4218530">
    <ele>17.7</ele>
    <time>2026-09-20T21:12:49Z</time>
   </trkpt>
   <trkpt lat="37.7588940" lon="-122.4218530">
    <ele>17.7</ele>
    <time>2026-09-20T21:12:50Z</time>
   </trkpt>
   <trkpt lat="37.7588850" lon="-122.4218470">
    <ele>17.7</ele>
    <time>2026-09-20T21:12:51Z</time>
   </trkpt>
   <trkpt lat="37.7588820" lon="-122.4218450">
    <ele>17.7</ele>
    <time>2026-09-20T21:12:52Z</time>
   </trkpt>
   <trkpt lat="37.7588820" lon="-122.4218400">
    <ele>17.7</ele>
    <time>2026-09-20T21:12:53Z</time>
   </trkpt>
   <trkpt lat="37.7588860" lon="-122.4218370">
    <ele>17.7</ele>
    <time>2026-09-20T21:12:54Z</time>
   </trkpt>
   <trkpt lat="37.7588950" lon="-122.4218410">
    <ele>17.7</ele>
    <time>2026-09-20T21:12:55Z</time>
   </trkpt>
   <trkpt lat="37.7588980" lon="-122.4218560">
    <ele>17.8</ele>
    <time>2026-09-20T21:12:56Z</time>
   </trkpt>
   <trkpt lat="37.7589020" lon="-122.4218650">
    <ele>17.8</ele>
    <time>2026-09-20T21:12:57Z</time>
   </trkpt>
   <trkpt lat="37.7589410" lon="-122.4218660">
    <ele>17.5</ele>
    <time>2026-09-20T21:12:58Z</time>
   </trkpt>
   <trkpt lat="37.7589540" lon="-122.4218670">
    <ele>17.5</ele>
    <time>2026-09-20T21:12:59Z</time>
   </trkpt>
   <trkpt lat="37.7589580" lon="-122.4218700">
    <ele>17.5</ele>
    <time>2026-09-20T21:13:00Z</time>
   </trkpt>
   <trkpt lat="37.7589630" lon="-122.4218700">
    <ele>17.5</ele>
    <time>2026-09-20T21:13:01Z</time>
   </trkpt>
   <trkpt lat="37.7589660" lon="-122.4218770">
    <ele>17.5</ele>
    <time>2026-09-20T21:13:02Z</time>
   </trkpt>
   <trkpt lat="37.7589820" lon="-122.4218860">
    <ele>17.6</ele>
    <time>2026-09-20T21:13:03Z</time>
   </trkpt>
   <trkpt lat="37.7589970" lon="-122.4218910">
    <ele>17.6</ele>
    <time>2026-09-20T21:13:04Z</time>
   </trkpt>
   <trkpt lat="37.7590130" lon="-122.4219110">
    <ele>17.5</ele>
    <time>2026-09-20T21:13:05Z</time>
   </trkpt>
   <trkpt lat="37.7590190" lon="-122.4219440">
    <ele>17.4</ele>
    <time>2026-09-20T21:13:06Z</time>
   </trkpt>
   <trkpt lat="37.7590090" lon="-122.4219980">
    <ele>17.5</ele>
    <time>2026-09-20T21:13:07Z</time>
   </trkpt>
   <trkpt lat="37.7589940" lon="-122.4221150">
    <ele>17.4</ele>
    <time>2026-09-20T21:13:08Z</time>
   </trkpt>
   <trkpt lat="37.7589950" lon="-122.4222010">
    <ele>17.4</ele>
    <time>2026-09-20T21:13:09Z</time>
   </trkpt>
   <trkpt lat="37.7590330" lon="-122.4223190">
    <ele>17.3</ele>
    <time>2026-09-20T21:13:10Z</time>
   </trkpt>
   <trkpt lat="37.7590420" lon="-122.4223810">
    <ele>17.3</ele>
    <time>2026-09-20T21:13:11Z</time>
   </trkpt>
   <trkpt lat="37.7590430" lon="-122.4223740">
    <ele>17.3</ele>
    <time>2026-09-20T21:13:12Z</time>
   </trkpt>
   <trkpt lat="37.7590340" lon="-122.4223520">
    <ele>17.3</ele>
    <time>2026-09-20T21:13:13Z</time>
   </trkpt>
   <trkpt lat="37.7590510" lon="-122.4223340">
    <ele>17.3</ele>
    <time>2026-09-20T21:13:14Z</time>
   </trkpt>
   <trkpt lat="37.7590550" lon="-122.4223320">
    <ele>17.3</ele>
    <time>2026-09-20T21:13:15Z</time>
   </trkpt>
   <trkpt lat="37.7590510" lon="-122.4223220">
    <ele>17.3</ele>
    <time>2026-09-20T21:13:16Z</time>
   </trkpt>
   <trkpt lat="37.7590570" lon="-122.4223240">
    <ele>17.3</ele>
    <time>2026-09-20T21:13:17Z</time>
   </trkpt>
   <trkpt lat="37.7590570" lon="-122.4223240">
    <ele>17.3</ele>
    <time>2026-09-20T21:13:18Z</time>
   </trkpt>
   <trkpt lat="37.7590610" lon="-122.4223240">
    <ele>17.3</ele>
    <time>2026-09-20T21:13:19Z</time>
   </trkpt>
   <trkpt lat="37.7590480" lon="-122.4223270">
    <ele>17.3</ele>
    <time>2026-09-20T21:13:20Z</time>
   </trkpt>
   <trkpt lat="37.7590370" lon="-122.4223380">
    <ele>17.3</ele>
    <time>2026-09-20T21:13:21Z</time>
   </trkpt>
   <trkpt lat="37.7590210" lon="-122.4223400">
    <ele>17.3</ele>
    <time>2026-09-20T21:13:22Z</time>
   </trkpt>
   <trkpt lat="37.7590020" lon="-122.4223420">
    <ele>17.3</ele>
    <time>2026-09-20T21:13:23Z</time>
   </trkpt>
   <trkpt lat="37.7589960" lon="-122.4223330">
    <ele>17.3</ele>
    <time>2026-09-20T21:13:24Z</time>
   </trkpt>
   <trkpt lat="37.7589880" lon="-122.4223210">
    <ele>17.4</ele>
    <time>2026-09-20T21:13:25Z</time>
   </trkpt>
   <trkpt lat="37.7590540" lon="-122.4220210">
    <ele>17.4</ele>
    <time>2026-09-20T21:15:42Z</time>
   </trkpt>
   <trkpt lat="37.7590510" lon="-122.4220200">
    <ele>17.4</ele>
    <time>2026-09-20T21:15:43Z</time>
   </trkpt>
   <trkpt lat="37.7590520" lon="-122.4220200">
    <ele>17.4</ele>
    <time>2026-09-20T21:15:44Z</time>
   </trkpt>
   <trkpt lat="37.7590670" lon="-122.4220200">
    <ele>17.4</ele>
    <time>2026-09-20T21:15:45Z</time>
   </trkpt>
   <trkpt lat="37.7590790" lon="-122.4220590">
    <ele>17.3</ele>
    <time>2026-09-20T21:15:46Z</time>
   </trkpt>
   <trkpt lat="37.7590980" lon="-122.4220950">
    <ele>17.3</ele>
    <time>2026-09-20T21:15:47Z</time>
   </trkpt>
   <trkpt lat="37.7591130" lon="-122.4221630">
    <ele>17.3</ele>
    <time>2026-09-20T21:15:48Z</time>
   </trkpt>
   <trkpt lat="37.7590720" lon="-122.4221980">
    <ele>17.3</ele>
    <time>2026-09-20T21:15:49Z</time>
   </trkpt>
   <trkpt lat="37.7590190" lon="-122.4222210">
    <ele>17.4</ele>
    <time>2026-09-20T21:15:50Z</time>
   </trkpt>
   <trkpt lat="37.7589750" lon="-122.4222190">
    <ele>17.4</ele>
    <time>2026-09-20T21:15:51Z</time>
   </trkpt>
   <trkpt lat="37.7589580" lon="-122.4222180">
    <ele>17.4</ele>
    <time>2026-09-20T21:15:52Z</time>
   </trkpt>
   <trkpt lat="37.7589630" lon="-122.4222820">
    <ele>17.4</ele>
    <time>2026-09-20T21:15:53Z</time>
   </trkpt>
   <trkpt lat="37.7589720" lon="-122.4223400">
    <ele>17.4</ele>
    <time>2026-09-20T21:15:54Z</time>
   </trkpt>
   <trkpt lat="37.7589750" lon="-122.4223700">
    <ele>17.4</ele>
    <time>2026-09-20T21:15:55Z</time>
   </trkpt>
   <trkpt lat="37.7589720" lon="-122.4223730">
    <ele>17.3</ele>
    <time>2026-09-20T21:15:56Z</time>
   </trkpt>
   <trkpt lat="37.7589900" lon="-122.4223690">
    <ele>17.3</ele>
    <time>2026-09-20T21:15:57Z</time>
   </trkpt>
   <trkpt lat="37.7589920" lon="-122.4223630">
    <ele>17.3</ele>
    <time>2026-09-20T21:15:58Z</time>
   </trkpt>
   <trkpt lat="37.7589940" lon="-122.4223570">
    <ele>17.3</ele>
    <time>2026-09-20T21:15:59Z</time>
   </trkpt>
   <trkpt lat="37.7589960" lon="-122.4223500">
    <ele>17.3</ele>
    <time>2026-09-20T21:16:00Z</time>
   </trkpt>
   <trkpt lat="37.7589980" lon="-122.4223440">
    <ele>17.3</ele>
    <time>2026-09-20T21:16:01Z</time>
   </trkpt>
   <trkpt lat="37.7590000" lon="-122.4223380">
    <ele>17.3</ele>
    <time>2026-09-20T21:16:02Z</time>
   </trkpt>
   <trkpt lat="37.7590010" lon="-122.4223320">
    <ele>17.3</ele>
    <time>2026-09-20T21:16:03Z</time>
   </trkpt>
   <trkpt lat="37.7590030" lon="-122.4223260">
    <ele>17.4</ele>
    <time>2026-09-20T21:16:04Z</time>
   </trkpt>
   <trkpt lat="37.7590050" lon="-122.4223190">
    <ele>17.4</ele>
    <time>2026-09-20T21:16:05Z</time>
   </trkpt>
   <trkpt lat="37.7590070" lon="-122.4223130">
    <ele>17.4</ele>
    <time>2026-09-20T21:16:06Z</time>
   </trkpt>
   <trkpt lat="37.7590090" lon="-122.4223070">
    <ele>17.4</ele>
    <time>2026-09-20T21:16:07Z</time>
   </trkpt>
   <trkpt lat="37.7590360" lon="-122.4222550">
    <ele>17.3</ele>
    <time>2026-09-20T21:16:08Z</time>
   </trkpt>
   <trkpt lat="37.7590540" lon="-122.4222160">
    <ele>17.3</ele>
    <time>2026-09-20T21:16:09Z</time>
   </trkpt>
   <trkpt lat="37.7590630" lon="-122.4221830">
    <ele>17.3</ele>
    <time>2026-09-20T21:16:10Z</time>
   </trkpt>
   <trkpt lat="37.7590660" lon="-122.4221490">
    <ele>17.4</ele>
    <time>2026-09-20T21:16:11Z</time>
   </trkpt>
   <trkpt lat="37.7590810" lon="-122.4221060">
    <ele>17.3</ele>
    <time>2026-09-20T21:16:12Z</time>
   </trkpt>
   <trkpt lat="37.7591160" lon="-122.4221010">
    <ele>17.3</ele>
    <time>2026-09-20T21:16:13Z</time>
   </trkpt>
   <trkpt lat="37.7591330" lon="-122.4221040">
    <ele>17.3</ele>
    <time>2026-09-20T21:16:14Z</time>
   </trkpt>
   <trkpt lat="37.7591310" lon="-122.4221110">
    <ele>17.3</ele>
    <time>2026-09-20T21:16:15Z</time>
   </trkpt>
   <trkpt lat="37.7591400" lon="-122.4221210">
    <ele>17.3</ele>
    <time>2026-09-20T21:16:16Z</time>
   </trkpt>
   <trkpt lat="37.7591510" lon="-122.4221270">
    <ele>17.3</ele>
    <time>2026-09-20T21:16:17Z</time>
   </trkpt>
   <trkpt lat="37.7591580" lon="-122.4221370">
    <ele>17.3</ele>
    <time>2026-09-20T21:16:18Z</time>
   </trkpt>
   <trkpt lat="37.7591650" lon="-122.4221480">
    <ele>17.3</ele>
    <time>2026-09-20T21:16:19Z</time>
   </trkpt>
   <trkpt lat="37.7591670" lon="-122.4221540">
    <ele>17.3</ele>
    <time>2026-09-20T21:16:20Z</time>
   </trkpt>
   <trkpt lat="37.7591610" lon="-122.4221490">
    <ele>17.3</ele>
    <time>2026-09-20T21:16:21Z</time>
   </trkpt>
   <trkpt lat="37.7591340" lon="-122.4221220">
    <ele>17.3</ele>
    <time>2026-09-20T21:16:22Z</time>
   </trkpt>
   <trkpt lat="37.7591050" lon="-122.4221210">
    <ele>17.3</ele>
    <time>2026-09-20T21:16:23Z</time>
   </trkpt>
   <trkpt lat="37.7590610" lon="-122.4221520">
    <ele>17.4</ele>
    <time>2026-09-20T21:16:24Z</time>
   </trkpt>
   <trkpt lat="37.7590220" lon="-122.4222050">
    <ele>17.4</ele>
    <time>2026-09-20T21:16:25Z</time>
   </trkpt>
   <trkpt lat="37.7590300" lon="-122.4222930">
    <ele>17.3</ele>
    <time>2026-09-20T21:16:26Z</time>
   </trkpt>
   <trkpt lat="37.7590410" lon="-122.4223600">
    <ele>17.3</ele>
    <time>2026-09-20T21:16:27Z</time>
   </trkpt>
   <trkpt lat="37.7590590" lon="-122.4223920">
    <ele>17.2</ele>
    <time>2026-09-20T21:16:28Z</time>
   </trkpt>
   <trkpt lat="37.7590900" lon="-122.4223630">
    <ele>17.3</ele>
    <time>2026-09-20T21:16:29Z</time>
   </trkpt>
   <trkpt lat="37.7591020" lon="-122.4223300">
    <ele>17.3</ele>
    <time>2026-09-20T21:16:30Z</time>
   </trkpt>
   <trkpt lat="37.7591040" lon="-122.4222940">
    <ele>17.2</ele>
    <time>2026-09-20T21:16:31Z</time>
   </trkpt>
   <trkpt lat="37.7591140" lon="-122.4222680">
    <ele>17.2</ele>
    <time>2026-09-20T21:16:32Z</time>
   </trkpt>
   <trkpt lat="37.7591220" lon="-122.4222570">
    <ele>17.2</ele>
    <time>2026-09-20T21:16:33Z</time>
   </trkpt>
   <trkpt lat="37.7591120" lon="-122.4222520">
    <ele>17.3</ele>
    <time>2026-09-20T21:16:34Z</time>
   </trkpt>
   <trkpt lat="37.7591050" lon="-122.4222460">
    <ele>17.3</ele>
    <time>2026-09-20T21:16:35Z</time>
   </trkpt>
   <trkpt lat="37.7591070" lon="-122.4222490">
    <ele>17.3</ele>
    <time>2026-09-20T21:16:36Z</time>
   </trkpt>
   <trkpt lat="37.7591050" lon="-122.4222470">
    <ele>17.3</ele>
    <time>2026-09-20T21:16:37Z</time>
   </trkpt>
   <trkpt lat="37.7591170" lon="-122.4222270">
    <ele>17.2</ele>
    <time>2026-09-20T21:16:38Z</time>
   </trkpt>
   <trkpt lat="37.7591180" lon="-122.4222300">
    <ele>17.2</ele>
    <time>2026-09-20T21:16:39Z</time>
   </trkpt>
   <trkpt lat="37.7591160" lon="-122.4222330">
    <ele>17.2</ele>
    <time>2026-09-20T21:16:40Z</time>
   </trkpt>
   <trkpt lat="37.7591340" lon="-122.4222210">
    <ele>17.2</ele>
    <time>2026-09-20T21:16:41Z</time>
   </trkpt>
   <trkpt lat="37.7591650" lon="-122.4222250">
    <ele>17.2</ele>
    <time>2026-09-20T21:16:42Z</time>
   </trkpt>
   <trkpt lat="37.7591650" lon="-122.4222320">
    <ele>17.2</ele>
    <time>2026-09-20T21:16:43Z</time>
   </trkpt>
   <trkpt lat="37.7591530" lon="-122.4222340">
    <ele>17.2</ele>
    <time>2026-09-20T21:16:44Z</time>
   </trkpt>
   <trkpt lat="37.7591520" lon="-122.4222380">
    <ele>17.2</ele>
    <time>2026-09-20T21:16:45Z</time>
   </trkpt>
   <trkpt lat="37.7591400" lon="-122.4222630">
    <ele>17.2</ele>
    <time>2026-09-20T21:16:46Z</time>
   </trkpt>
   <trkpt lat="37.7591140" lon="-122.4222810">
    <ele>17.2</ele>
    <time>2026-09-20T21:16:47Z</time>
   </trkpt>
   <trkpt lat="37.7590920" lon="-122.4222770">
    <ele>17.3</ele>
    <time>2026-09-20T21:16:48Z</time>
   </trkpt>
   <trkpt lat="37.7590800" lon="-122.4222720">
    <ele>17.3</ele>
    <time>2026-09-20T21:16:49Z</time>
   </trkpt>
   <trkpt lat="37.7590760" lon="-122.4222690">
    <ele>17.3</ele>
    <time>2026-09-20T21:16:50Z</time>
   </trkpt>
   <trkpt lat="37.7590720" lon="-122.4222700">
    <ele>17.3</ele>
    <time>2026-09-20T21:16:51Z</time>
   </trkpt>
   <trkpt lat="37.7590660" lon="-122.4222720">
    <ele>17.3</ele>
    <time>2026-09-20T21:16:52Z</time>
   </trkpt>
   <trkpt lat="37.7590580" lon="-122.4222740">
    <ele>17.3</ele>
    <time>2026-09-20T21:16:53Z</time>
   </trkpt>
   <trkpt lat="37.7590640" lon="-122.4222830">
    <ele>17.3</ele>
    <time>2026-09-20T21:16:54Z</time>
   </trkpt>
   <trkpt lat="37.7590780" lon="-122.4222590">
    <ele>17.3</ele>
    <time>2026-09-20T21:16:55Z</time>
   </trkpt>
   <trkpt lat="37.7590830" lon="-122.4221990">
    <ele>17.3</ele>
    <time>2026-09-20T21:16:56Z</time>
   </trkpt>
   <trkpt lat="37.7590650" lon="-122.4221160">
    <ele>17.4</ele>
    <time>2026-09-20T21:16:57Z</time>
   </trkpt>
   <trkpt lat="37.7590680" lon="-122.4220780">
    <ele>17.4</ele>
    <time>2026-09-20T21:16:58Z</time>
   </trkpt>
   <trkpt lat="37.7590650" lon="-122.4221140">
    <ele>17.4</ele>
    <time>2026-09-20T21:16:59Z</time>
   </trkpt>
   <trkpt lat="37.7590620" lon="-122.4221500">
    <ele>17.4</ele>
    <time>2026-09-20T21:17:00Z</time>
   </trkpt>
   <trkpt lat="37.7590550" lon="-122.4221950">
    <ele>17.3</ele>
    <time>2026-09-20T21:17:01Z</time>
   </trkpt>
   <trkpt lat="37.7590410" lon="-122.4222200">
    <ele>17.4</ele>
    <time>2026-09-20T21:17:02Z</time>
   </trkpt>
   <trkpt lat="37.7590250" lon="-122.4222300">
    <ele>17.4</ele>
    <time>2026-09-20T21:17:03Z</time>
   </trkpt>
   <trkpt lat="37.7590370" lon="-122.4222210">
    <ele>17.4</ele>
    <time>2026-09-20T21:17:04Z</time>
   </trkpt>
   <trkpt lat="37.7590470" lon="-122.4221990">
    <ele>17.3</ele>
    <time>2026-09-20T21:17:05Z</time>
   </trkpt>
   <trkpt lat="37.7590450" lon="-122.4221660">
    <ele>17.3</ele>
    <time>2026-09-20T21:17:06Z</time>
   </trkpt>
   <trkpt lat="37.7590530" lon="-122.4221410">
    <ele>17.4</ele>
    <time>2026-09-20T21:17:07Z</time>
   </trkpt>
   <trkpt lat="37.7590630" lon="-122.4221250">
    <ele>17.4</ele>
    <time>2026-09-20T21:17:08Z</time>
   </trkpt>
   <trkpt lat="37.7590660" lon="-122.4221110">
    <ele>17.4</ele>
    <time>2026-09-20T21:17:09Z</time>
   </trkpt>
   <trkpt lat="37.7590710" lon="-122.4221020">
    <ele>17.4</ele>
    <time>2026-09-20T21:17:10Z</time>
   </trkpt>
   <trkpt lat="37.7590760" lon="-122.4220930">
    <ele>17.4</ele>
    <time>2026-09-20T21:17:11Z</time>
   </trkpt>
   <trkpt lat="37.7590810" lon="-122.4220840">
    <ele>17.3</ele>
    <time>2026-09-20T21:17:12Z</time>
   </trkpt>
   <trkpt lat="37.7590890" lon="-122.4220860">
    <ele>17.3</ele>
    <time>2026-09-20T21:17:13Z</time>
   </trkpt>
   <trkpt lat="37.7591020" lon="-122.4221030">
    <ele>17.3</ele>
    <time>2026-09-20T21:17:14Z</time>
   </trkpt>
   <trkpt lat="37.7591230" lon="-122.4221400">
    <ele>17.3</ele>
    <time>2026-09-20T21:17:15Z</time>
   </trkpt>
   <trkpt lat="37.7591190" lon="-122.4222020">
    <ele>17.2</ele>
    <time>2026-09-20T21:17:16Z</time>
   </trkpt>
   <trkpt lat="37.7591020" lon="-122.4222410">
    <ele>17.3</ele>
    <time>2026-09-20T21:17:17Z</time>
   </trkpt>
   <trkpt lat="37.7590710" lon="-122.4222660">
    <ele>17.3</ele>
    <time>2026-09-20T21:17:18Z</time>
   </trkpt>
   <trkpt lat="37.7590410" lon="-122.4222840">
    <ele>17.3</ele>
    <time>2026-09-20T21:17:19Z</time>
   </trkpt>
   <trkpt lat="37.7590180" lon="-122.4222970">
    <ele>17.3</ele>
    <time>2026-09-20T21:17:20Z</time>
   </trkpt>
   <trkpt lat="37.7590020" lon="-122.4222880">
    <ele>17.4</ele>
    <time>2026-09-20T21:17:21Z</time>
   </trkpt>
   <trkpt lat="37.7590030" lon="-122.4222920">
    <ele>17.4</ele>
    <time>2026-09-20T21:17:22Z</time>
   </trkpt>
   <trkpt lat="37.7590170" lon="-122.4222830">
    <ele>17.3</ele>
    <time>2026-09-20T21:17:23Z</time>
   </trkpt>
   <trkpt lat="37.7590590" lon="-122.4222610">
    <ele>17.3</ele>
    <time>2026-09-20T21:17:24Z</time>
   </trkpt>
   <trkpt lat="37.7590820" lon="-122.4222250">
    <ele>17.3</ele>
    <time>2026-09-20T21:17:25Z</time>
   </trkpt>
   <trkpt lat="37.7590790" lon="-122.4221730">
    <ele>17.3</ele>
    <time>2026-09-20T21:17:26Z</time>
   </trkpt>
   <trkpt lat="37.7590960" lon="-122.4221340">
    <ele>17.3</ele>
    <time>2026-09-20T21:17:27Z</time>
   </trkpt>
   <trkpt lat="37.7591020" lon="-122.4221270">
    <ele>17.3</ele>
    <time>2026-09-20T21:17:28Z</time>
   </trkpt>
   <trkpt lat="37.7591210" lon="-122.4221720">
    <ele>17.3</ele>
    <time>2026-09-20T21:17:29Z</time>
   </trkpt>
   <trkpt lat="37.7591410" lon="-122.4222060">
    <ele>17.2</ele>
    <time>2026-09-20T21:17:30Z</time>
   </trkpt>
   <trkpt lat="37.7591200" lon="-122.4222080">
    <ele>17.2</ele>
    <time>2026-09-20T21:17:31Z</time>
   </trkpt>
   <trkpt lat="37.7590780" lon="-122.4221490">
    <ele>17.4</ele>
    <time>2026-09-20T21:17:32Z</time>
   </trkpt>
   <trkpt lat="37.7590280" lon="-122.4220620">
    <ele>17.4</ele>
    <time>2026-09-20T21:17:33Z</time>
   </trkpt>
   <trkpt lat="37.7589670" lon="-122.4219940">
    <ele>17.5</ele>
    <time>2026-09-20T21:17:34Z</time>
   </trkpt>
   <trkpt lat="37.7589170" lon="-122.4219430">
    <ele>17.5</ele>
    <time>2026-09-20T21:17:35Z</time>
   </trkpt>
   <trkpt lat="37.7588910" lon="-122.4219040">
    <ele>17.8</ele>
    <time>2026-09-20T21:17:36Z</time>
   </trkpt>
   <trkpt lat="37.7588700" lon="-122.4218930">
    <ele>18.2</ele>
    <time>2026-09-20T21:17:37Z</time>
   </trkpt>
   <trkpt lat="37.7588800" lon="-122.4219070">
    <ele>17.8</ele>
    <time>2026-09-20T21:17:38Z</time>
   </trkpt>
   <trkpt lat="37.7589020" lon="-122.4219060">
    <ele>17.8</ele>
    <time>2026-09-20T21:17:39Z</time>
   </trkpt>
   <trkpt lat="37.7589280" lon="-122.4219110">
    <ele>17.5</ele>
    <time>2026-09-20T21:17:40Z</time>
   </trkpt>
   <trkpt lat="37.7589440" lon="-122.4219120">
    <ele>17.5</ele>
    <time>2026-09-20T21:17:41Z</time>
   </trkpt>
   <trkpt lat="37.7589520" lon="-122.4219160">
    <ele>17.5</ele>
    <time>2026-09-20T21:17:42Z</time>
   </trkpt>
   <trkpt lat="37.7589580" lon="-122.4219320">
    <ele>17.5</ele>
    <time>2026-09-20T21:17:43Z</time>
   </trkpt>
   <trkpt lat="37.7589730" lon="-122.4219620">
    <ele>17.5</ele>
    <time>2026-09-20T21:17:44Z</time>
   </trkpt>
   <trkpt lat="37.7590120" lon="-122.4220640">
    <ele>17.4</ele>
    <time>2026-09-20T21:17:45Z</time>
   </trkpt>
   <trkpt lat="37.7590330" lon="-122.4221140">
    <ele>17.4</ele>
    <time>2026-09-20T21:17:46Z</time>
   </trkpt>
   <trkpt lat="37.7590460" lon="-122.4221390">
    <ele>17.4</ele>
    <time>2026-09-20T21:17:47Z</time>
   </trkpt>
   <trkpt lat="37.7590660" lon="-122.4221350">
    <ele>17.4</ele>
    <time>2026-09-20T21:17:48Z</time>
   </trkpt>
   <trkpt lat="37.7590750" lon="-122.4221340">
    <ele>17.4</ele>
    <time>2026-09-20T21:17:49Z</time>
   </trkpt>
   <trkpt lat="37.7590790" lon="-122.4221210">
    <ele>17.3</ele>
    <time>2026-09-20T21:17:50Z</time>
   </trkpt>
   <trkpt lat="37.7590830" lon="-122.4221070">
    <ele>17.3</ele>
    <time>2026-09-20T21:17:51Z</time>
   </trkpt>
   <trkpt lat="37.7590800" lon="-122.4221170">
    <ele>17.3</ele>
    <time>2026-09-20T21:17:52Z</time>
   </trkpt>
   <trkpt lat="37.7590680" lon="-122.4221340">
    <ele>17.4</ele>
    <time>2026-09-20T21:17:53Z</time>
   </trkpt>
   <trkpt lat="37.7590280" lon="-122.4221660">
    <ele>17.4</ele>
    <time>2026-09-20T21:17:54Z</time>
   </trkpt>
   <trkpt lat="37.7590020" lon="-122.4222020">
    <ele>17.4</ele>
    <time>2026-09-20T21:17:55Z</time>
   </trkpt>
   <trkpt lat="37.7590060" lon="-122.4222270">
    <ele>17.4</ele>
    <time>2026-09-20T21:17:56Z</time>
   </trkpt>
   <trkpt lat="37.7590180" lon="-122.4222560">
    <ele>17.3</ele>
    <time>2026-09-20T21:17:57Z</time>
   </trkpt>
   <trkpt lat="37.7590050" lon="-122.4222470">
    <ele>17.4</ele>
    <time>2026-09-20T21:17:58Z</time>
   </trkpt>
   <trkpt lat="37.7589790" lon="-122.4222310">
    <ele>17.4</ele>
    <time>2026-09-20T21:17:59Z</time>
   </trkpt>
   <trkpt lat="37.7589330" lon="-122.4221660">
    <ele>17.4</ele>
    <time>2026-09-20T21:18:00Z</time>
   </trkpt>
   <trkpt lat="37.7589010" lon="-122.4221080">
    <ele>17.6</ele>
    <time>2026-09-20T21:18:01Z</time>
   </trkpt>
   <trkpt lat="37.7588910" lon="-122.4220600">
    <ele>17.6</ele>
    <time>2026-09-20T21:18:02Z</time>
   </trkpt>
   <trkpt lat="37.7589140" lon="-122.4219970">
    <ele>17.5</ele>
    <time>2026-09-20T21:18:03Z</time>
   </trkpt>
   <trkpt lat="37.7589640" lon="-122.4219420">
    <ele>17.5</ele>
    <time>2026-09-20T21:18:04Z</time>
   </trkpt>
   <trkpt lat="37.7590070" lon="-122.4219250">
    <ele>17.5</ele>
    <time>2026-09-20T21:18:05Z</time>
   </trkpt>
   <trkpt lat="37.7590350" lon="-122.4219040">
    <ele>17.5</ele>
    <time>2026-09-20T21:18:06Z</time>
   </trkpt>
   <trkpt lat="37.7590610" lon="-122.4219110">
    <ele>17.4</ele>
    <time>2026-09-20T21:18:07Z</time>
   </trkpt>
   <trkpt lat="37.7590590" lon="-122.4219340">
    <ele>17.4</ele>
    <time>2026-09-20T21:18:08Z</time>
   </trkpt>
   <trkpt lat="37.7590540" lon="-122.4219400">
    <ele>17.4</ele>
    <time>2026-09-20T21:18:09Z</time>
   </trkpt>
   <trkpt lat="37.7590480" lon="-122.4219690">
    <ele>17.4</ele>
    <time>2026-09-20T21:18:10Z</time>
   </trkpt>
   <trkpt lat="37.7590470" lon="-122.4219910">
    <ele>17.4</ele>
    <time>2026-09-20T21:18:11Z</time>
   </trkpt>
   <trkpt lat="37.7590420" lon="-122.4220250">
    <ele>17.4</ele>
    <time>2026-09-20T21:18:12Z</time>
   </trkpt>
   <trkpt lat="37.7590390" lon="-122.4220870">
    <ele>17.4</ele>
    <time>2026-09-20T21:18:13Z</time>
   </trkpt>
   <trkpt lat="37.7590660" lon="-122.4221550">
    <ele>17.4</ele>
    <time>2026-09-20T21:18:14Z</time>
   </trkpt>
   <trkpt lat="37.7590680" lon="-122.4222130">
    <ele>17.3</ele>
    <time>2026-09-20T21:18:15Z</time>
   </trkpt>
   <trkpt lat="37.7590520" lon="-122.4222120">
    <ele>17.3</ele>
    <time>2026-09-20T21:18:16Z</time>
   </trkpt>
   <trkpt lat="37.7590580" lon="-122.4221610">
    <ele>17.3</ele>
    <time>2026-09-20T21:18:17Z</time>
   </trkpt>
   <trkpt lat="37.7590690" lon="-122.4221320">
    <ele>17.4</ele>
    <time>2026-09-20T21:18:18Z</time>
   </trkpt>
   <trkpt lat="37.7590720" lon="-122.4221050">
    <ele>17.4</ele>
    <time>2026-09-20T21:18:19Z</time>
   </trkpt>
   <trkpt lat="37.7590720" lon="-122.4221040">
    <ele>17.4</ele>
    <time>2026-09-20T21:18:20Z</time>
   </trkpt>
   <trkpt lat="37.7590590" lon="-122.4221070">
    <ele>17.4</ele>
    <time>2026-09-20T21:18:21Z</time>
   </trkpt>
   <trkpt lat="37.7590530" lon="-122.4221030">
    <ele>17.4</ele>
    <time>2026-09-20T21:18:22Z</time>
   </trkpt>
   <trkpt lat="37.7590420" lon="-122.4220940">
    <ele>17.4</ele>
    <time>2026-09-20T21:18:23Z</time>
   </trkpt>
   <trkpt lat="37.7590420" lon="-122.4220790">
    <ele>17.4</ele>
    <time>2026-09-20T21:18:24Z</time>
   </trkpt>
   <trkpt lat="37.7590410" lon="-122.4220680">
    <ele>17.4</ele>
    <time>2026-09-20T21:18:25Z</time>
   </trkpt>
   <trkpt lat="37.7590350" lon="-122.4220610">
    <ele>17.4</ele>
    <time>2026-09-20T21:18:26Z</time>
   </trkpt>
   <trkpt lat="37.7590270" lon="-122.4220640">
    <ele>17.4</ele>
    <time>2026-09-20T21:18:27Z</time>
   </trkpt>
   <trkpt lat="37.7590150" lon="-122.4220730">
    <ele>17.4</ele>
    <time>2026-09-20T21:18:28Z</time>
   </trkpt>
   <trkpt lat="37.7590030" lon="-122.4220860">
    <ele>17.5</ele>
    <time>2026-09-20T21:18:29Z</time>
   </trkpt>
   <trkpt lat="37.7590030" lon="-122.4220950">
    <ele>17.5</ele>
    <time>2026-09-20T21:18:30Z</time>
   </trkpt>
   <trkpt lat="37.7590000" lon="-122.4221040">
    <ele>17.5</ele>
    <time>2026-09-20T21:18:31Z</time>
   </trkpt>
   <trkpt lat="37.7589940" lon="-122.4221270">
    <ele>17.4</ele>
    <time>2026-09-20T21:18:32Z</time>
   </trkpt>
   <trkpt lat="37.7589820" lon="-122.4221520">
    <ele>17.4</ele>
    <time>2026-09-20T21:18:33Z</time>
   </trkpt>
   <trkpt lat="37.7589530" lon="-122.4221680">
    <ele>17.4</ele>
    <time>2026-09-20T21:18:34Z</time>
   </trkpt>
   <trkpt lat="37.7589590" lon="-122.4221340">
    <ele>17.4</ele>
    <time>2026-09-20T21:18:35Z</time>
   </trkpt>
   <trkpt lat="37.7589780" lon="-122.4221270">
    <ele>17.4</ele>
    <time>2026-09-20T21:18:36Z</time>
   </trkpt>
   <trkpt lat="37.7589990" lon="-122.4221160">
    <ele>17.4</ele>
    <time>2026-09-20T21:18:37Z</time>
   </trkpt>
   <trkpt lat="37.7590180" lon="-122.4221080">
    <ele>17.4</ele>
    <time>2026-09-20T21:18:38Z</time>
   </trkpt>
   <trkpt lat="37.7590330" lon="-122.4221030">
    <ele>17.4</ele>
    <time>2026-09-20T21:18:39Z</time>
   </trkpt>
   <trkpt lat="37.7590330" lon="-122.4221080">
    <ele>17.4</ele>
    <time>2026-09-20T21:18:40Z</time>
   </trkpt>
   <trkpt lat="37.7590200" lon="-122.4221240">
    <ele>17.4</ele>
    <time>2026-09-20T21:18:41Z</time>
   </trkpt>
   <trkpt lat="37.7589900" lon="-122.4221390">
    <ele>17.4</ele>
    <time>2026-09-20T21:18:42Z</time>
   </trkpt>
   <trkpt lat="37.7589550" lon="-122.4221520">
    <ele>17.4</ele>
    <time>2026-09-20T21:18:43Z</time>
   </trkpt>
   <trkpt lat="37.7589280" lon="-122.4221630">
    <ele>17.4</ele>
    <time>2026-09-20T21:18:44Z</time>
   </trkpt>
   <trkpt lat="37.7588990" lon="-122.4222010">
    <ele>17.5</ele>
    <time>2026-09-20T21:18:45Z</time>
   </trkpt>
   <trkpt lat="37.7588950" lon="-122.4222490">
    <ele>17.5</ele>
    <time>2026-09-20T21:18:46Z</time>
   </trkpt>
   <trkpt lat="37.7588910" lon="-122.4222960">
    <ele>17.4</ele>
    <time>2026-09-20T21:18:47Z</time>
   </trkpt>
   <trkpt lat="37.7588830" lon="-122.4223110">
    <ele>17.4</ele>
    <time>2026-09-20T21:18:48Z</time>
   </trkpt>
   <trkpt lat="37.7588940" lon="-122.4223130">
    <ele>17.4</ele>
    <time>2026-09-20T21:18:49Z</time>
   </trkpt>
   <trkpt lat="37.7588980" lon="-122.4222810">
    <ele>17.5</ele>
    <time>2026-09-20T21:18:50Z</time>
   </trkpt>
   <trkpt lat="37.7588960" lon="-122.4222510">
    <ele>17.5</ele>
    <time>2026-09-20T21:18:51Z</time>
   </trkpt>
   <trkpt lat="37.7589060" lon="-122.4222250">
    <ele>17.5</ele>
    <time>2026-09-20T21:18:52Z</time>
   </trkpt>
   <trkpt lat="37.7589160" lon="-122.4222140">
    <ele>17.4</ele>
    <time>2026-09-20T21:18:53Z</time>
   </trkpt>
   <trkpt lat="37.7589250" lon="-122.4222090">
    <ele>17.4</ele>
    <time>2026-09-20T21:18:54Z</time>
   </trkpt>
   <trkpt lat="37.7589310" lon="-122.4222070">
    <ele>17.4</ele>
    <time>2026-09-20T21:18:55Z</time>
   </trkpt>
   <trkpt lat="37.7589310" lon="-122.4222110">
    <ele>17.4</ele>
    <time>2026-09-20T21:18:56Z</time>
   </trkpt>
   <trkpt lat="37.7589340" lon="-122.4222070">
    <ele>17.4</ele>
    <time>2026-09-20T21:18:57Z</time>
   </trkpt>
   <trkpt lat="37.7589440" lon="-122.4221980">
    <ele>17.4</ele>
    <time>2026-09-20T21:18:58Z</time>
   </trkpt>
   <trkpt lat="37.7589550" lon="-122.4221860">
    <ele>17.4</ele>
    <time>2026-09-20T21:18:59Z</time>
   </trkpt>
   <trkpt lat="37.7589600" lon="-122.4221830">
    <ele>17.4</ele>
    <time>2026-09-20T21:19:00Z</time>
   </trkpt>
   <trkpt lat="37.7589670" lon="-122.4221730">
    <ele>17.4</ele>
    <time>2026-09-20T21:19:01Z</time>
   </trkpt>
   <trkpt lat="37.7589690" lon="-122.4221760">
    <ele>17.4</ele>
    <time>2026-09-20T21:19:02Z</time>
   </trkpt>
   <trkpt lat="37.7589660" lon="-122.4221790">
    <ele>17.4</ele>
    <time>2026-09-20T21:19:03Z</time>
   </trkpt>
   <trkpt lat="37.7589680" lon="-122.4221800">
    <ele>17.4</ele>
    <time>2026-09-20T21:19:04Z</time>
   </trkpt>
   <trkpt lat="37.7589510" lon="-122.4221820">
    <ele>17.4</ele>
    <time>2026-09-20T21:19:05Z</time>
   </trkpt>
   <trkpt lat="37.7589390" lon="-122.4221810">
    <ele>17.4</ele>
    <time>2026-09-20T21:19:06Z</time>
   </trkpt>
   <trkpt lat="37.7589390" lon="-122.4221700">
    <ele>17.4</ele>
    <time>2026-09-20T21:19:07Z</time>
   </trkpt>
   <trkpt lat="37.7589490" lon="-122.4221550">
    <ele>17.4</ele>
    <time>2026-09-20T21:19:08Z</time>
   </trkpt>
   <trkpt lat="37.7589610" lon="-122.4221210">
    <ele>17.4</ele>
    <time>2026-09-20T21:19:09Z</time>
   </trkpt>
   <trkpt lat="37.7589800" lon="-122.4221040">
    <ele>17.5</ele>
    <time>2026-09-20T21:19:10Z</time>
   </trkpt>
   <trkpt lat="37.7589990" lon="-122.4220660">
    <ele>17.5</ele>
    <time>2026-09-20T21:19:11Z</time>
   </trkpt>
   <trkpt lat="37.7590180" lon="-122.4220470">
    <ele>17.4</ele>
    <time>2026-09-20T21:19:12Z</time>
   </trkpt>
   <trkpt lat="37.7590640" lon="-122.4220020">
    <ele>17.4</ele>
    <time>2026-09-20T21:19:13Z</time>
   </trkpt>
   <trkpt lat="37.7590720" lon="-122.4219600">
    <ele>17.4</ele>
    <time>2026-09-20T21:19:14Z</time>
   </trkpt>
   <trkpt lat="37.7590840" lon="-122.4219680">
    <ele>17.4</ele>
    <time>2026-09-20T21:19:15Z</time>
   </trkpt>
   <trkpt lat="37.7591040" lon="-122.4219770">
    <ele>17.4</ele>
    <time>2026-09-20T21:19:16Z</time>
   </trkpt>
   <trkpt lat="37.7591070" lon="-122.4220050">
    <ele>17.4</ele>
    <time>2026-09-20T21:19:17Z</time>
   </trkpt>
   <trkpt lat="37.7591050" lon="-122.4220410">
    <ele>17.3</ele>
    <time>2026-09-20T21:19:18Z</time>
   </trkpt>
   <trkpt lat="37.7590990" lon="-122.4220700">
    <ele>17.3</ele>
    <time>2026-09-20T21:19:19Z</time>
   </trkpt>
   <trkpt lat="37.7590970" lon="-122.4220920">
    <ele>17.3</ele>
    <time>2026-09-20T21:19:20Z</time>
   </trkpt>
   <trkpt lat="37.7590870" lon="-122.4221120">
    <ele>17.3</ele>
    <time>2026-09-20T21:19:21Z</time>
   </trkpt>
   <trkpt lat="37.7590730" lon="-122.4221320">
    <ele>17.4</ele>
    <time>2026-09-20T21:19:22Z</time>
   </trkpt>
   <trkpt lat="37.7590740" lon="-122.4221400">
    <ele>17.4</ele>
    <time>2026-09-20T21:19:23Z</time>
   </trkpt>
   <trkpt lat="37.7590720" lon="-122.4221510">
    <ele>17.4</ele>
    <time>2026-09-20T21:19:24Z</time>
   </trkpt>
   <trkpt lat="37.7590670" lon="-122.4221590">
    <ele>17.3</ele>
    <time>2026-09-20T21:19:25Z</time>
   </trkpt>
   <trkpt lat="37.7590530" lon="-122.4221600">
    <ele>17.3</ele>
    <time>2026-09-20T21:19:26Z</time>
   </trkpt>
   <trkpt lat="37.7590420" lon="-122.4221620">
    <ele>17.4</ele>
    <time>2026-09-20T21:19:27Z</time>
   </trkpt>
   <trkpt lat="37.7590350" lon="-122.4221700">
    <ele>17.4</ele>
    <time>2026-09-20T21:19:28Z</time>
   </trkpt>
   <trkpt lat="37.7590350" lon="-122.4221760">
    <ele>17.4</ele>
    <time>2026-09-20T21:19:29Z</time>
   </trkpt>
   <trkpt lat="37.7590360" lon="-122.4221760">
    <ele>17.4</ele>
    <time>2026-09-20T21:19:30Z</time>
   </trkpt>
   <trkpt lat="37.7590370" lon="-122.4221750">
    <ele>17.4</ele>
    <time>2026-09-20T21:19:31Z</time>
   </trkpt>
   <trkpt lat="37.7590390" lon="-122.4221740">
    <ele>17.4</ele>
    <time>2026-09-20T21:19:32Z</time>
   </trkpt>
   <trkpt lat="37.7590440" lon="-122.4221670">
    <ele>17.4</ele>
    <time>2026-09-20T21:19:33Z</time>
   </trkpt>
   <trkpt lat="37.7590510" lon="-122.4221650">
    <ele>17.3</ele>
    <time>2026-09-20T21:19:34Z</time>
   </trkpt>
   <trkpt lat="37.7590510" lon="-122.4221560">
    <ele>17.4</ele>
    <time>2026-09-20T21:19:35Z</time>
   </trkpt>
   <trkpt lat="37.7590480" lon="-122.4221320">
    <ele>17.4</ele>
    <time>2026-09-20T21:19:36Z</time>
   </trkpt>
   <trkpt lat="37.7590370" lon="-122.4220970">
    <ele>17.4</ele>
    <time>2026-09-20T21:19:37Z</time>
   </trkpt>
   <trkpt lat="37.7590450" lon="-122.4220640">
    <ele>17.4</ele>
    <time>2026-09-20T21:19:38Z</time>
   </trkpt>
   <trkpt lat="37.7590500" lon="-122.4220330">
    <ele>17.4</ele>
    <time>2026-09-20T21:19:39Z</time>
   </trkpt>
   <trkpt lat="37.7590860" lon="-122.4219820">
    <ele>17.4</ele>
    <time>2026-09-20T21:19:40Z</time>
   </trkpt>
   <trkpt lat="37.7591300" lon="-122.4219170">
    <ele>17.4</ele>
    <time>2026-09-20T21:19:41Z</time>
   </trkpt>
   <trkpt lat="37.7591530" lon="-122.4219070">
    <ele>17.4</ele>
    <time>2026-09-20T21:19:42Z</time>
   </trkpt>
   <trkpt lat="37.7591640" lon="-122.4219200">
    <ele>17.4</ele>
    <time>2026-09-20T21:19:43Z</time>
   </trkpt>
   <trkpt lat="37.7591710" lon="-122.4219330">
    <ele>17.4</ele>
    <time>2026-09-20T21:19:44Z</time>
   </trkpt>
   <trkpt lat="37.7591760" lon="-122.4219300">
    <ele>17.4</ele>
    <time>2026-09-20T21:19:45Z</time>
   </trkpt>
   <trkpt lat="37.7591830" lon="-122.4219220">
    <ele>17.3</ele>
    <time>2026-09-20T21:19:46Z</time>
   </trkpt>
   <trkpt lat="37.7591850" lon="-122.4219260">
    <ele>17.3</ele>
    <time>2026-09-20T21:19:47Z</time>
   </trkpt>
   <trkpt lat="37.7591850" lon="-122.4219400">
    <ele>17.3</ele>
    <time>2026-09-20T21:19:48Z</time>
   </trkpt>
   <trkpt lat="37.7591900" lon="-122.4219560">
    <ele>17.3</ele>
    <time>2026-09-20T21:19:49Z</time>
   </trkpt>
   <trkpt lat="37.7591810" lon="-122.4219820">
    <ele>17.3</ele>
    <time>2026-09-20T21:19:50Z</time>
   </trkpt>
   <trkpt lat="37.7591770" lon="-122.4220000">
    <ele>17.3</ele>
    <time>2026-09-20T21:19:51Z</time>
   </trkpt>
   <trkpt lat="37.7591700" lon="-122.4220190">
    <ele>17.3</ele>
    <time>2026-09-20T21:19:52Z</time>
   </trkpt>
   <trkpt lat="37.7591630" lon="-122.4220350">
    <ele>17.3</ele>
    <time>2026-09-20T21:19:53Z</time>
   </trkpt>
   <trkpt lat="37.7591570" lon="-122.4220440">
    <ele>17.3</ele>
    <time>2026-09-20T21:19:54Z</time>
   </trkpt>
   <trkpt lat="37.7591510" lon="-122.4220460">
    <ele>17.3</ele>
    <time>2026-09-20T21:19:55Z</time>
   </trkpt>
   <trkpt lat="37.7591470" lon="-122.4220530">
    <ele>17.3</ele>
    <time>2026-09-20T21:19:56Z</time>
   </trkpt>
   <trkpt lat="37.7591370" lon="-122.4220700">
    <ele>17.3</ele>
    <time>2026-09-20T21:19:57Z</time>
   </trkpt>
   <trkpt lat="37.7591270" lon="-122.4220830">
    <ele>17.3</ele>
    <time>2026-09-20T21:19:58Z</time>
   </trkpt>
   <trkpt lat="37.7591190" lon="-122.4220980">
    <ele>17.3</ele>
    <time>2026-09-20T21:19:59Z</time>
   </trkpt>
   <trkpt lat="37.7591160" lon="-122.4221090">
    <ele>17.3</ele>
    <time>2026-09-20T21:20:00Z</time>
   </trkpt>
   <trkpt lat="37.7591090" lon="-122.4221180">
    <ele>17.3</ele>
    <time>2026-09-20T21:20:01Z</time>
   </trkpt>
   <trkpt lat="37.7590970" lon="-122.4221180">
    <ele>17.3</ele>
    <time>2026-09-20T21:20:02Z</time>
   </trkpt>
   <trkpt lat="37.7590870" lon="-122.4221140">
    <ele>17.3</ele>
    <time>2026-09-20T21:20:03Z</time>
   </trkpt>
   <trkpt lat="37.7590650" lon="-122.4221080">
    <ele>17.4</ele>
    <time>2026-09-20T21:20:04Z</time>
   </trkpt>
   <trkpt lat="37.7590420" lon="-122.4220650">
    <ele>17.4</ele>
    <time>2026-09-20T21:20:05Z</time>
   </trkpt>
   <trkpt lat="37.7590370" lon="-122.4220030">
    <ele>17.4</ele>
    <time>2026-09-20T21:20:06Z</time>
   </trkpt>
   <trkpt lat="37.7590440" lon="-122.4219650">
    <ele>17.4</ele>
    <time>2026-09-20T21:20:07Z</time>
   </trkpt>
   <trkpt lat="37.7590540" lon="-122.4219630">
    <ele>17.4</ele>
    <time>2026-09-20T21:20:08Z</time>
   </trkpt>
   <trkpt lat="37.7590620" lon="-122.4219730">
    <ele>17.4</ele>
    <time>2026-09-20T21:20:09Z</time>
   </trkpt>
   <trkpt lat="37.7590630" lon="-122.4220150">
    <ele>17.4</ele>
    <time>2026-09-20T21:20:10Z</time>
   </trkpt>
   <trkpt lat="37.7590680" lon="-122.4220320">
    <ele>17.4</ele>
    <time>2026-09-20T21:20:11Z</time>
   </trkpt>
   <trkpt lat="37.7590660" lon="-122.4220680">
    <ele>17.4</ele>
    <time>2026-09-20T21:20:12Z</time>
   </trkpt>
   <trkpt lat="37.7590630" lon="-122.4220930">
    <ele>17.4</ele>
    <time>2026-09-20T21:20:13Z</time>
   </trkpt>
   <trkpt lat="37.7590620" lon="-122.4221180">
    <ele>17.4</ele>
    <time>2026-09-20T21:20:14Z</time>
   </trkpt>
   <trkpt lat="37.7590550" lon="-122.4221400">
    <ele>17.4</ele>
    <time>2026-09-20T21:20:15Z</time>
   </trkpt>
   <trkpt lat="37.7590520" lon="-122.4221600">
    <ele>17.3</ele>
    <time>2026-09-20T21:20:16Z</time>
   </trkpt>
   <trkpt lat="37.7590500" lon="-122.4221730">
    <ele>17.3</ele>
    <time>2026-09-20T21:20:17Z</time>
   </trkpt>
   <trkpt lat="37.7590610" lon="-122.4221720">
    <ele>17.3</ele>
    <time>2026-09-20T21:20:18Z</time>
   </trkpt>
   <trkpt lat="37.7590680" lon="-122.4221660">
    <ele>17.3</ele>
    <time>2026-09-20T21:20:19Z</time>
   </trkpt>
   <trkpt lat="37.7590740" lon="-122.4221670">
    <ele>17.3</ele>
    <time>2026-09-20T21:20:20Z</time>
   </trkpt>
   <trkpt lat="37.7590820" lon="-122.4221790">
    <ele>17.3</ele>
    <time>2026-09-20T21:20:21Z</time>
   </trkpt>
   <trkpt lat="37.7590910" lon="-122.4221930">
    <ele>17.3</ele>
    <time>2026-09-20T21:20:22Z</time>
   </trkpt>
   <trkpt lat="37.7590940" lon="-122.4222000">
    <ele>17.3</ele>
    <time>2026-09-20T21:20:23Z</time>
   </trkpt>
   <trkpt lat="37.7591050" lon="-122.4222180">
    <ele>17.3</ele>
    <time>2026-09-20T21:20:24Z</time>
   </trkpt>
   <trkpt lat="37.7590990" lon="-122.4222480">
    <ele>17.3</ele>
    <time>2026-09-20T21:20:25Z</time>
   </trkpt>
   <trkpt lat="37.7590980" lon="-122.4222680">
    <ele>17.3</ele>
    <time>2026-09-20T21:20:26Z</time>
   </trkpt>
   <trkpt lat="37.7590940" lon="-122.4222700">
    <ele>17.3</ele>
    <time>2026-09-20T21:20:27Z</time>
   </trkpt>
   <trkpt lat="37.7590660" lon="-122.4222410">
    <ele>17.3</ele>
    <time>2026-09-20T21:20:28Z</time>
   </trkpt>
   <trkpt lat="37.7590490" lon="-122.4221910">
    <ele>17.3</ele>
    <time>2026-09-20T21:20:29Z</time>
   </trkpt>
   <trkpt lat="37.7590660" lon="-122.4221510">
    <ele>17.4</ele>
    <time>2026-09-20T21:20:30Z</time>
   </trkpt>
   <trkpt lat="37.7590840" lon="-122.4221400">
    <ele>17.3</ele>
    <time>2026-09-20T21:20:31Z</time>
   </trkpt>
   <trkpt lat="37.7591290" lon="-122.4221470">
    <ele>17.3</ele>
    <time>2026-09-20T21:20:32Z</time>
   </trkpt>
   <trkpt lat="37.7591640" lon="-122.4221070">
    <ele>17.3</ele>
    <time>2026-09-20T21:20:33Z</time>
   </trkpt>
   <trkpt lat="37.7592020" lon="-122.4220840">
    <ele>17.2</ele>
    <time>2026-09-20T21:20:34Z</time>
   </trkpt>
   <trkpt lat="37.7592030" lon="-122.4221080">
    <ele>17.2</ele>
    <time>2026-09-20T21:20:35Z</time>
   </trkpt>
   <trkpt lat="37.7592120" lon="-122.4221350">
    <ele>17.2</ele>
    <time>2026-09-20T21:20:36Z</time>
   </trkpt>
   <trkpt lat="37.7592260" lon="-122.4221730">
    <ele>17.2</ele>
    <time>2026-09-20T21:20:37Z</time>
   </trkpt>
   <trkpt lat="37.7592540" lon="-122.4221910">
    <ele>17.1</ele>
    <time>2026-09-20T21:20:38Z</time>
   </trkpt>
   <trkpt lat="37.7590570" lon="-122.4223460">
    <ele>17.3</ele>
    <time>2026-09-20T21:20:39Z</time>
   </trkpt>
   <trkpt lat="37.7590540" lon="-122.4223670">
    <ele>17.3</ele>
    <time>2026-09-20T21:20:40Z</time>
   </trkpt>
   <trkpt lat="37.7590500" lon="-122.4223680">
    <ele>17.3</ele>
    <time>2026-09-20T21:20:41Z</time>
   </trkpt>
   <trkpt lat="37.7590570" lon="-122.4223720">
    <ele>17.2</ele>
    <time>2026-09-20T21:20:42Z</time>
   </trkpt>
   <trkpt lat="37.7590720" lon="-122.4223470">
    <ele>17.3</ele>
    <time>2026-09-20T21:20:43Z</time>
   </trkpt>
   <trkpt lat="37.7590720" lon="-122.4223270">
    <ele>17.3</ele>
    <time>2026-09-20T21:20:44Z</time>
   </trkpt>
   <trkpt lat="37.7590610" lon="-122.4223080">
    <ele>17.3</ele>
    <time>2026-09-20T21:20:45Z</time>
   </trkpt>
   <trkpt lat="37.7590510" lon="-122.4222950">
    <ele>17.3</ele>
    <time>2026-09-20T21:20:46Z</time>
   </trkpt>
   <trkpt lat="37.7590460" lon="-122.4222820">
    <ele>17.3</ele>
    <time>2026-09-20T21:20:47Z</time>
   </trkpt>
   <trkpt lat="37.7590400" lon="-122.4222720">
    <ele>17.3</ele>
    <time>2026-09-20T21:20:48Z</time>
   </trkpt>
   <trkpt lat="37.7590370" lon="-122.4222580">
    <ele>17.3</ele>
    <time>2026-09-20T21:20:49Z</time>
   </trkpt>
   <trkpt lat="37.7590400" lon="-122.4222400">
    <ele>17.4</ele>
    <time>2026-09-20T21:20:50Z</time>
   </trkpt>
   <trkpt lat="37.7590480" lon="-122.4222190">
    <ele>17.3</ele>
    <time>2026-09-20T21:20:51Z</time>
   </trkpt>
   <trkpt lat="37.7590600" lon="-122.4222000">
    <ele>17.3</ele>
    <time>2026-09-20T21:20:52Z</time>
   </trkpt>
   <trkpt lat="37.7590740" lon="-122.4221860">
    <ele>17.3</ele>
    <time>2026-09-20T21:20:53Z</time>
   </trkpt>
   <trkpt lat="37.7590760" lon="-122.4221620">
    <ele>17.3</ele>
    <time>2026-09-20T21:20:54Z</time>
   </trkpt>
   <trkpt lat="37.7590820" lon="-122.4221490">
    <ele>17.3</ele>
    <time>2026-09-20T21:20:55Z</time>
   </trkpt>
   <trkpt lat="37.7590820" lon="-122.4221380">
    <ele>17.3</ele>
    <time>2026-09-20T21:20:56Z</time>
   </trkpt>
   <trkpt lat="37.7590860" lon="-122.4221230">
    <ele>17.3</ele>
    <time>2026-09-20T21:20:57Z</time>
   </trkpt>
   <trkpt lat="37.7590950" lon="-122.4221050">
    <ele>17.3</ele>
    <time>2026-09-20T21:20:58Z</time>
   </trkpt>
   <trkpt lat="37.7590990" lon="-122.4220940">
    <ele>17.3</ele>
    <time>2026-09-20T21:20:59Z</time>
   </trkpt>
   <trkpt lat="37.7591030" lon="-122.4220860">
    <ele>17.3</ele>
    <time>2026-09-20T21:21:00Z</time>
   </trkpt>
   <trkpt lat="37.7590900" lon="-122.4220650">
    <ele>17.3</ele>
    <time>2026-09-20T21:21:01Z</time>
   </trkpt>
   <trkpt lat="37.7590880" lon="-122.4220600">
    <ele>17.3</ele>
    <time>2026-09-20T21:21:02Z</time>
   </trkpt>
   <trkpt lat="37.7590800" lon="-122.4220620">
    <ele>17.3</ele>
    <time>2026-09-20T21:21:03Z</time>
   </trkpt>
   <trkpt lat="37.7590760" lon="-122.4220670">
    <ele>17.4</ele>
    <time>2026-09-20T21:21:04Z</time>
   </trkpt>
   <trkpt lat="37.7590740" lon="-122.4220750">
    <ele>17.4</ele>
    <time>2026-09-20T21:21:05Z</time>
   </trkpt>
   <trkpt lat="37.7590620" lon="-122.4220770">
    <ele>17.4</ele>
    <time>2026-09-20T21:21:06Z</time>
   </trkpt>
   <trkpt lat="37.7590510" lon="-122.4220800">
    <ele>17.4</ele>
    <time>2026-09-20T21:21:07Z</time>
   </trkpt>
   <trkpt lat="37.7590420" lon="-122.4220840">
    <ele>17.4</ele>
    <time>2026-09-20T21:21:08Z</time>
   </trkpt>
   <trkpt lat="37.7590370" lon="-122.4220870">
    <ele>17.4</ele>
    <time>2026-09-20T21:21:09Z</time>
   </trkpt>
   <trkpt lat="37.7590310" lon="-122.4220810">
    <ele>17.4</ele>
    <time>2026-09-20T21:21:10Z</time>
   </trkpt>
   <trkpt lat="37.7590290" lon="-122.4220630">
    <ele>17.4</ele>
    <time>2026-09-20T21:21:11Z</time>
   </trkpt>
   <trkpt lat="37.7590340" lon="-122.4220450">
    <ele>17.4</ele>
    <time>2026-09-20T21:21:12Z</time>
   </trkpt>
   <trkpt lat="37.7590450" lon="-122.4220300">
    <ele>17.4</ele>
    <time>2026-09-20T21:21:13Z</time>
   </trkpt>
   <trkpt lat="37.7590680" lon="-122.4220340">
    <ele>17.4</ele>
    <time>2026-09-20T21:21:14Z</time>
   </trkpt>
   <trkpt lat="37.7590700" lon="-122.4220810">
    <ele>17.4</ele>
    <time>2026-09-20T21:21:15Z</time>
   </trkpt>
   <trkpt lat="37.7590580" lon="-122.4220940">
    <ele>17.4</ele>
    <time>2026-09-20T21:21:16Z</time>
   </trkpt>
   <trkpt lat="37.7590570" lon="-122.4220910">
    <ele>17.4</ele>
    <time>2026-09-20T21:21:17Z</time>
   </trkpt>
   <trkpt lat="37.7590490" lon="-122.4221050">
    <ele>17.4</ele>
    <time>2026-09-20T21:21:18Z</time>
   </trkpt>
   <trkpt lat="37.7590490" lon="-122.4221040">
    <ele>17.4</ele>
    <time>2026-09-20T21:21:19Z</time>
   </trkpt>
   <trkpt lat="37.7590440" lon="-122.4221050">
    <ele>17.4</ele>
    <time>2026-09-20T21:21:20Z</time>
   </trkpt>
   <trkpt lat="37.7590390" lon="-122.4221050">
    <ele>17.4</ele>
    <time>2026-09-20T21:21:21Z</time>
   </trkpt>
   <trkpt lat="37.7590360" lon="-122.4221020">
    <ele>17.4</ele>
    <time>2026-09-20T21:21:22Z</time>
   </trkpt>
   <trkpt lat="37.7590390" lon="-122.4220970">
    <ele>17.4</ele>
    <time>2026-09-20T21:21:23Z</time>
   </trkpt>
   <trkpt lat="37.7590360" lon="-122.4221000">
    <ele>17.4</ele>
    <time>2026-09-20T21:21:24Z</time>
   </trkpt>
   <trkpt lat="37.7590360" lon="-122.4220980">
    <ele>17.4</ele>
    <time>2026-09-20T21:21:25Z</time>
   </trkpt>
   <trkpt lat="37.7590350" lon="-122.4221050">
    <ele>17.4</ele>
    <time>2026-09-20T21:21:26Z</time>
   </trkpt>
   <trkpt lat="37.7590380" lon="-122.4221050">
    <ele>17.4</ele>
    <time>2026-09-20T21:21:27Z</time>
   </trkpt>
   <trkpt lat="37.7590400" lon="-122.4221070">
    <ele>17.4</ele>
    <time>2026-09-20T21:21:28Z</time>
   </trkpt>
   <trkpt lat="37.7590410" lon="-122.4221060">
    <ele>17.4</ele>
    <time>2026-09-20T21:21:29Z</time>
   </trkpt>
   <trkpt lat="37.7590420" lon="-122.4221050">
    <ele>17.4</ele>
    <time>2026-09-20T21:21:30Z</time>
   </trkpt>
   <trkpt lat="37.7590410" lon="-122.4221080">
    <ele>17.4</ele>
    <time>2026-09-20T21:21:31Z</time>
   </trkpt>
   <trkpt lat="37.7590390" lon="-122.4221070">
    <ele>17.4</ele>
    <time>2026-09-20T21:21:32Z</time>
   </trkpt>
   <trkpt lat="37.7590400" lon="-122.4221060">
    <ele>17.4</ele>
    <time>2026-09-20T21:21:33Z</time>
   </trkpt>
   <trkpt lat="37.7590390" lon="-122.4221070">
    <ele>17.4</ele>
    <time>2026-09-20T21:21:34Z</time>
   </trkpt>
   <trkpt lat="37.7590400" lon="-122.4221090">
    <ele>17.4</ele>
    <time>2026-09-20T21:21:35Z</time>
   </trkpt>
   <trkpt lat="37.7590320" lon="-122.4221060">
    <ele>17.4</ele>
    <time>2026-09-20T21:21:36Z</time>
   </trkpt>
   <trkpt lat="37.7590330" lon="-122.4220930">
    <ele>17.4</ele>
    <time>2026-09-20T21:21:37Z</time>
   </trkpt>
   <trkpt lat="37.7590520" lon="-122.4220960">
    <ele>17.4</ele>
    <time>2026-09-20T21:21:38Z</time>
   </trkpt>
   <trkpt lat="37.7590650" lon="-122.4221030">
    <ele>17.4</ele>
    <time>2026-09-20T21:21:39Z</time>
   </trkpt>
   <trkpt lat="37.7590730" lon="-122.4221290">
    <ele>17.4</ele>
    <time>2026-09-20T21:21:40Z</time>
   </trkpt>
   <trkpt lat="37.7590770" lon="-122.4221970">
    <ele>17.3</ele>
    <time>2026-09-20T21:21:41Z</time>
   </trkpt>
   <trkpt lat="37.7590910" lon="-122.4222390">
    <ele>17.3</ele>
    <time>2026-09-20T21:21:42Z</time>
   </trkpt>
   <trkpt lat="37.7591210" lon="-122.4222440">
    <ele>17.2</ele>
    <time>2026-09-20T21:21:43Z</time>
   </trkpt>
   <trkpt lat="37.7591300" lon="-122.4222210">
    <ele>17.2</ele>
    <time>2026-09-20T21:21:44Z</time>
   </trkpt>
   <trkpt lat="37.7591050" lon="-122.4221980">
    <ele>17.3</ele>
    <time>2026-09-20T21:21:45Z</time>
   </trkpt>
   <trkpt lat="37.7590450" lon="-122.4221560">
    <ele>17.4</ele>
    <time>2026-09-20T21:21:46Z</time>
   </trkpt>
   <trkpt lat="37.7590080" lon="-122.4221300">
    <ele>17.4</ele>
    <time>2026-09-20T21:21:47Z</time>
   </trkpt>
   <trkpt lat="37.7589850" lon="-122.4221190">
    <ele>17.4</ele>
    <time>2026-09-20T21:21:48Z</time>
   </trkpt>
   <trkpt lat="37.7589900" lon="-122.4220810">
    <ele>17.5</ele>
    <time>2026-09-20T21:21:49Z</time>
   </trkpt>
   <trkpt lat="37.7589980" lon="-122.4220420">
    <ele>17.5</ele>
    <time>2026-09-20T21:21:50Z</time>
   </trkpt>
   <trkpt lat="37.7590060" lon="-122.4220660">
    <ele>17.5</ele>
    <time>2026-09-20T21:21:51Z</time>
   </trkpt>
   <trkpt lat="37.7590130" lon="-122.4220910">
    <ele>17.4</ele>
    <time>2026-09-20T21:21:52Z</time>
   </trkpt>
   <trkpt lat="37.7590330" lon="-122.4221510">
    <ele>17.4</ele>
    <time>2026-09-20T21:21:53Z</time>
   </trkpt>
   <trkpt lat="37.7590550" lon="-122.4221740">
    <ele>17.3</ele>
    <time>2026-09-20T21:21:54Z</time>
   </trkpt>
   <trkpt lat="37.7591210" lon="-122.4222650">
    <ele>17.2</ele>
    <time>2026-09-20T21:21:55Z</time>
   </trkpt>
   <trkpt lat="37.7591640" lon="-122.4222860">
    <ele>17.2</ele>
    <time>2026-09-20T21:21:56Z</time>
   </trkpt>
   <trkpt lat="37.7591800" lon="-122.4222700">
    <ele>17.2</ele>
    <time>2026-09-20T21:21:57Z</time>
   </trkpt>
   <trkpt lat="37.7591800" lon="-122.4222240">
    <ele>17.2</ele>
    <time>2026-09-20T21:21:58Z</time>
   </trkpt>
   <trkpt lat="37.7591040" lon="-122.4222190">
    <ele>17.3</ele>
    <time>2026-09-20T21:21:59Z</time>
   </trkpt>
   <trkpt lat="37.7590670" lon="-122.4222160">
    <ele>17.3</ele>
    <time>2026-09-20T21:22:00Z</time>
   </trkpt>
   <trkpt lat="37.7590410" lon="-122.4222190">
    <ele>17.4</ele>
    <time>2026-09-20T21:22:01Z</time>
   </trkpt>
   <trkpt lat="37.7590400" lon="-122.4222330">
    <ele>17.4</ele>
    <time>2026-09-20T21:22:02Z</time>
   </trkpt>
   <trkpt lat="37.7590280" lon="-122.4222420">
    <ele>17.4</ele>
    <time>2026-09-20T21:22:03Z</time>
   </trkpt>
   <trkpt lat="37.7590300" lon="-122.4222330">
    <ele>17.4</ele>
    <time>2026-09-20T21:22:04Z</time>
   </trkpt>
   <trkpt lat="37.7590280" lon="-122.4222110">
    <ele>17.4</ele>
    <time>2026-09-20T21:22:05Z</time>
   </trkpt>
   <trkpt lat="37.7590330" lon="-122.4221860">
    <ele>17.4</ele>
    <time>2026-09-20T21:22:06Z</time>
   </trkpt>
   <trkpt lat="37.7590360" lon="-122.4221820">
    <ele>17.4</ele>
    <time>2026-09-20T21:22:07Z</time>
   </trkpt>
   <trkpt lat="37.7590390" lon="-122.4221790">
    <ele>17.4</ele>
    <time>2026-09-20T21:22:08Z</time>
   </trkpt>
   <trkpt lat="37.7590420" lon="-122.4221750">
    <ele>17.4</ele>
    <time>2026-09-20T21:22:09Z</time>
   </trkpt>
   <trkpt lat="37.7590420" lon="-122.4221750">
    <ele>17.4</ele>
    <time>2026-09-20T21:22:10Z</time>
   </trkpt>
   <trkpt lat="37.7590480" lon="-122.4221670">
    <ele>17.3</ele>
    <time>2026-09-20T21:22:11Z</time>
   </trkpt>
   <trkpt lat="37.7590480" lon="-122.4221670">
    <ele>17.3</ele>
    <time>2026-09-20T21:22:12Z</time>
   </trkpt>
   <trkpt lat="37.7590480" lon="-122.4221670">
    <ele>17.3</ele>
    <time>2026-09-20T21:22:13Z</time>
   </trkpt>
   <trkpt lat="37.7590550" lon="-122.4221580">
    <ele>17.3</ele>
    <time>2026-09-20T21:22:14Z</time>
   </trkpt>
   <trkpt lat="37.7590550" lon="-122.4221580">
    <ele>17.3</ele>
    <time>2026-09-20T21:22:15Z</time>
   </trkpt>
   <trkpt lat="37.7590550" lon="-122.4221580">
    <ele>17.3</ele>
    <time>2026-09-20T21:22:16Z</time>
   </trkpt>
   <trkpt lat="37.7590550" lon="-122.4221580">
    <ele>17.3</ele>
    <time>2026-09-20T21:22:17Z</time>
   </trkpt>
   <trkpt lat="37.7590550" lon="-122.4221580">
    <ele>17.3</ele>
    <time>2026-09-20T21:22:18Z</time>
   </trkpt>
   <trkpt lat="37.7590550" lon="-122.4221580">
    <ele>17.3</ele>
    <time>2026-09-20T21:22:19Z</time>
   </trkpt>
   <trkpt lat="37.7590550" lon="-122.4221580">
    <ele>17.3</ele>
    <time>2026-09-20T21:22:20Z</time>
   </trkpt>
   <trkpt lat="37.7590550" lon="-122.4221580">
    <ele>17.3</ele>
    <time>2026-09-20T21:22:21Z</time>
   </trkpt>
   <trkpt lat="37.7590550" lon="-122.4221580">
    <ele>17.3</ele>
    <time>2026-09-20T21:22:22Z</time>
   </trkpt>
   <trkpt lat="37.7590550" lon="-122.4221580">
    <ele>17.3</ele>
    <time>2026-09-20T21:22:23Z</time>
   </trkpt>
   <trkpt lat="37.7590550" lon="-122.4221580">
    <ele>17.3</ele>
    <time>2026-09-20T21:22:24Z</time>
   </trkpt>
   <trkpt lat="37.7590550" lon="-122.4221580">
    <ele>17.3</ele>
    <time>2026-09-20T21:22:25Z</time>
   </trkpt>
   <trkpt lat="37.7590550" lon="-122.4221580">
    <ele>17.3</ele>
    <time>2026-09-20T21:22:26Z</time>
   </trkpt>
   <trkpt lat="37.7590550" lon="-122.4221580">
    <ele>17.3</ele>
    <time>2026-09-20T21:22:27Z</time>
   </trkpt>
   <trkpt lat="37.7590550" lon="-122.4221580">
    <ele>17.3</ele>
    <time>2026-09-20T21:22:28Z</time>
   </trkpt>
   <trkpt lat="37.7590550" lon="-122.4221580">
    <ele>17.3</ele>
    <time>2026-09-20T21:22:29Z</time>
   </trkpt>
   <trkpt lat="37.7590550" lon="-122.4221580">
    <ele>17.3</ele>
    <time>2026-09-20T21:22:30Z</time>
   </trkpt>
   <trkpt lat="37.7590550" lon="-122.4221580">
    <ele>17.3</ele>
    <time>2026-09-20T21:22:31Z</time>
   </trkpt>
   <trkpt lat="37.7590550" lon="-122.4221580">
    <ele>17.3</ele>
    <time>2026-09-20T21:22:32Z</time>
   </trkpt>
   <trkpt lat="37.7590550" lon="-122.4221580">
    <ele>17.3</ele>
    <time>2026-09-20T21:22:33Z</time>
   </trkpt>
   <trkpt lat="37.7590550" lon="-122.4221580">
    <ele>17.3</ele>
    <time>2026-09-20T21:22:34Z</time>
   </trkpt>
   <trkpt lat="37.7590550" lon="-122.4221580">
    <ele>17.3</ele>
    <time>2026-09-20T21:22:35Z</time>
   </trkpt>
   <trkpt lat="37.7590550" lon="-122.4221580">
    <ele>17.3</ele>
    <time>2026-09-20T21:22:36Z</time>
   </trkpt>
   <trkpt lat="37.7590550" lon="-122.4221580">
    <ele>17.3</ele>
    <time>2026-09-20T21:22:37Z</time>
   </trkpt>
   <trkpt lat="37.7590550" lon="-122.4221580">
    <ele>17.3</ele>
    <time>2026-09-20T21:22:38Z</time>
   </trkpt>
   <trkpt lat="37.7590550" lon="-122.4221580">
    <ele>17.3</ele>
    <time>2026-09-20T21:22:39Z</time>
   </trkpt>
   <trkpt lat="37.7590550" lon="-122.4221580">
    <ele>17.3</ele>
    <time>2026-09-20T21:22:40Z</time>
   </trkpt>
   <trkpt lat="37.7590550" lon="-122.4221580">
    <ele>17.3</ele>
    <time>2026-09-20T21:22:41Z</time>
   </trkpt>
   <trkpt lat="37.7590550" lon="-122.4221580">
    <ele>17.3</ele>
    <time>2026-09-20T21:22:42Z</time>
   </trkpt>
   <trkpt lat="37.7590550" lon="-122.4221580">
    <ele>17.3</ele>
    <time>2026-09-20T21:22:43Z</time>
   </trkpt>
   <trkpt lat="37.7590550" lon="-122.4221580">
    <ele>17.3</ele>
    <time>2026-09-20T21:22:44Z</time>
   </trkpt>
   <trkpt lat="37.7590550" lon="-122.4221580">
    <ele>17.3</ele>
    <time>2026-09-20T21:22:45Z</time>
   </trkpt>
   <trkpt lat="37.7590550" lon="-122.4221580">
    <ele>17.3</ele>
    <time>2026-09-20T21:22:46Z</time>
   </trkpt>
   <trkpt lat="37.7590550" lon="-122.4221580">
    <ele>17.3</ele>
    <time>2026-09-20T21:22:47Z</time>
   </trkpt>
   <trkpt lat="37.7590550" lon="-122.4221580">
    <ele>17.3</ele>
    <time>2026-09-20T21:22:48Z</time>
   </trkpt>
   <trkpt lat="37.7590550" lon="-122.4221580">
    <ele>17.3</ele>
    <time>2026-09-20T21:22:49Z</time>
   </trkpt>
   <trkpt lat="37.7590550" lon="-122.4221580">
    <ele>17.3</ele>
    <time>2026-09-20T21:22:50Z</time>
   </trkpt>
   <trkpt lat="37.7590620" lon="-122.4221500">
    <ele>17.4</ele>
    <time>2026-09-20T21:22:51Z</time>
   </trkpt>
   <trkpt lat="37.7590620" lon="-122.4221500">
    <ele>17.4</ele>
    <time>2026-09-20T21:22:52Z</time>
   </trkpt>
   <trkpt lat="37.7590620" lon="-122.4221500">
    <ele>17.4</ele>
    <time>2026-09-20T21:22:53Z</time>
   </trkpt>
   <trkpt lat="37.7590620" lon="-122.4221500">
    <ele>17.4</ele>
    <time>2026-09-20T21:22:54Z</time>
   </trkpt>
   <trkpt lat="37.7590620" lon="-122.4221500">
    <ele>17.4</ele>
    <time>2026-09-20T21:22:55Z</time>
   </trkpt>
   <trkpt lat="37.7590620" lon="-122.4221500">
    <ele>17.4</ele>
    <time>2026-09-20T21:22:56Z</time>
   </trkpt>
   <trkpt lat="37.7590620" lon="-122.4221500">
    <ele>17.4</ele>
    <time>2026-09-20T21:22:57Z</time>
   </trkpt>
   <trkpt lat="37.7590620" lon="-122.4221500">
    <ele>17.4</ele>
    <time>2026-09-20T21:22:58Z</time>
   </trkpt>
   <trkpt lat="37.7590620" lon="-122.4221500">
    <ele>17.4</ele>
    <time>2026-09-20T21:22:59Z</time>
   </trkpt>
   <trkpt lat="37.7590620" lon="-122.4221500">
    <ele>17.4</ele>
    <time>2026-09-20T21:23:00Z</time>
   </trkpt>
   <trkpt lat="37.7590700" lon="-122.4221400">
    <ele>17.4</ele>
    <time>2026-09-20T21:23:01Z</time>
   </trkpt>
   <trkpt lat="37.7590700" lon="-122.4221400">
    <ele>17.4</ele>
    <time>2026-09-20T21:23:02Z</time>
   </trkpt>
   <trkpt lat="37.7590700" lon="-122.4221400">
    <ele>17.4</ele>
    <time>2026-09-20T21:23:03Z</time>
   </trkpt>
   <trkpt lat="37.7590700" lon="-122.4221400">
    <ele>17.4</ele>
    <time>2026-09-20T21:23:04Z</time>
   </trkpt>
   <trkpt lat="37.7590700" lon="-122.4221400">
    <ele>17.4</ele>
    <time>2026-09-20T21:23:05Z</time>
   </trkpt>
   <trkpt lat="37.7590700" lon="-122.4221400">
    <ele>17.4</ele>
    <time>2026-09-20T21:23:06Z</time>
   </trkpt>
   <trkpt lat="37.7590700" lon="-122.4221400">
    <ele>17.4</ele>
    <time>2026-09-20T21:23:07Z</time>
   </trkpt>
   <trkpt lat="37.7590700" lon="-122.4221400">
    <ele>17.4</ele>
    <time>2026-09-20T21:23:08Z</time>
   </trkpt>
   <trkpt lat="37.7590700" lon="-122.4221400">
    <ele>17.4</ele>
    <time>2026-09-20T21:23:09Z</time>
   </trkpt>
   <trkpt lat="37.7590700" lon="-122.4221400">
    <ele>17.4</ele>
    <time>2026-09-20T21:23:10Z</time>
   </trkpt>
   <trkpt lat="37.7590700" lon="-122.4221400">
    <ele>17.4</ele>
    <time>2026-09-20T21:23:11Z</time>
   </trkpt>
   <trkpt lat="37.7590700" lon="-122.4221400">
    <ele>17.4</ele>
    <time>2026-09-20T21:23:12Z</time>
   </trkpt>
   <trkpt lat="37.7590700" lon="-122.4221400">
    <ele>17.4</ele>
    <time>2026-09-20T21:23:13Z</time>
   </trkpt>
   <trkpt lat="37.7590760" lon="-122.4221320">
    <ele>17.4</ele>
    <time>2026-09-20T21:23:14Z</time>
   </trkpt>
   <trkpt lat="37.7590820" lon="-122.4221250">
    <ele>17.3</ele>
    <time>2026-09-20T21:23:15Z</time>
   </trkpt>
   <trkpt lat="37.7590880" lon="-122.4221170">
    <ele>17.3</ele>
    <time>2026-09-20T21:23:16Z</time>
   </trkpt>
   <trkpt lat="37.7591340" lon="-122.4221500">
    <ele>17.3</ele>
    <time>2026-09-20T21:23:17Z</time>
   </trkpt>
   <trkpt lat="37.7591760" lon="-122.4221840">
    <ele>17.2</ele>
    <time>2026-09-20T21:23:18Z</time>
   </trkpt>
   <trkpt lat="37.7592030" lon="-122.4222000">
    <ele>17.2</ele>
    <time>2026-09-20T21:23:19Z</time>
   </trkpt>
   <trkpt lat="37.7592440" lon="-122.4222020">
    <ele>17.2</ele>
    <time>2026-09-20T21:23:20Z</time>
   </trkpt>
   <trkpt lat="37.7590720" lon="-122.4223510">
    <ele>17.3</ele>
    <time>2026-09-20T21:23:21Z</time>
   </trkpt>
   <trkpt lat="37.7590520" lon="-122.4223380">
    <ele>17.3</ele>
    <time>2026-09-20T21:23:22Z</time>
   </trkpt>
   <trkpt lat="37.7590680" lon="-122.4223220">
    <ele>17.3</ele>
    <time>2026-09-20T21:23:23Z</time>
   </trkpt>
   <trkpt lat="37.7590690" lon="-122.4222870">
    <ele>17.3</ele>
    <time>2026-09-20T21:23:24Z</time>
   </trkpt>
   <trkpt lat="37.7590610" lon="-122.4222620">
    <ele>17.3</ele>
    <time>2026-09-20T21:23:25Z</time>
   </trkpt>
   <trkpt lat="37.7590640" lon="-122.4222290">
    <ele>17.3</ele>
    <time>2026-09-20T21:23:26Z</time>
   </trkpt>
   <trkpt lat="37.7590650" lon="-122.4221990">
    <ele>17.3</ele>
    <time>2026-09-20T21:23:27Z</time>
   </trkpt>
   <trkpt lat="37.7590670" lon="-122.4221830">
    <ele>17.3</ele>
    <time>2026-09-20T21:23:28Z</time>
   </trkpt>
   <trkpt lat="37.7590630" lon="-122.4221690">
    <ele>17.3</ele>
    <time>2026-09-20T21:23:29Z</time>
   </trkpt>
   <trkpt lat="37.7590660" lon="-122.4221600">
    <ele>17.3</ele>
    <time>2026-09-20T21:23:30Z</time>
   </trkpt>
   <trkpt lat="37.7590580" lon="-122.4221270">
    <ele>17.4</ele>
    <time>2026-09-20T21:23:31Z</time>
   </trkpt>
   <trkpt lat="37.7590650" lon="-122.4221110">
    <ele>17.4</ele>
    <time>2026-09-20T21:23:32Z</time>
   </trkpt>
   <trkpt lat="37.7590720" lon="-122.4221050">
    <ele>17.4</ele>
    <time>2026-09-20T21:23:33Z</time>
   </trkpt>
   <trkpt lat="37.7590610" lon="-122.4220920">
    <ele>17.4</ele>
    <time>2026-09-20T21:23:34Z</time>
   </trkpt>
   <trkpt lat="37.7590530" lon="-122.4220990">
    <ele>17.4</ele>
    <time>2026-09-20T21:23:35Z</time>
   </trkpt>
   <trkpt lat="37.7590360" lon="-122.4220940">
    <ele>17.4</ele>
    <time>2026-09-20T21:23:36Z</time>
   </trkpt>
   <trkpt lat="37.7590500" lon="-122.4220610">
    <ele>17.4</ele>
    <time>2026-09-20T21:23:37Z</time>
   </trkpt>
   <trkpt lat="37.7590730" lon="-122.4220190">
    <ele>17.4</ele>
    <time>2026-09-20T21:23:38Z</time>
   </trkpt>
   <trkpt lat="37.7590940" lon="-122.4219270">
    <ele>17.4</ele>
    <time>2026-09-20T21:23:39Z</time>
   </trkpt>
   <trkpt lat="37.7591220" lon="-122.4218670">
    <ele>17.4</ele>
    <time>2026-09-20T21:23:40Z</time>
   </trkpt>
   <trkpt lat="37.7591400" lon="-122.4218370">
    <ele>17.5</ele>
    <time>2026-09-20T21:23:41Z</time>
   </trkpt>
   <trkpt lat="37.7591690" lon="-122.4218610">
    <ele>17.4</ele>
    <time>2026-09-20T21:23:42Z</time>
   </trkpt>
   <trkpt lat="37.7591960" lon="-122.4218510">
    <ele>17.4</ele>
    <time>2026-09-20T21:23:43Z</time>
   </trkpt>
   <trkpt lat="37.7591780" lon="-122.4220920">
    <ele>17.3</ele>
    <time>2026-09-20T21:23:44Z</time>
   </trkpt>
   <trkpt lat="37.7591670" lon="-122.4221890">
    <ele>17.2</ele>
    <time>2026-09-20T21:23:45Z</time>
   </trkpt>
   <trkpt lat="37.7591270" lon="-122.4222540">
    <ele>17.2</ele>
    <time>2026-09-20T21:23:46Z</time>
   </trkpt>
   <trkpt lat="37.7590730" lon="-122.4222870">
    <ele>17.3</ele>
    <time>2026-09-20T21:23:47Z</time>
   </trkpt>
   <trkpt lat="37.7590200" lon="-122.4223140">
    <ele>17.3</ele>
    <time>2026-09-20T21:23:48Z</time>
   </trkpt>
   <trkpt lat="37.7590310" lon="-122.4223400">
    <ele>17.3</ele>
    <time>2026-09-20T21:23:49Z</time>
   </trkpt>
   <trkpt lat="37.7591000" lon="-122.4223360">
    <ele>17.3</ele>
    <time>2026-09-20T21:23:50Z</time>
   </trkpt>
   <trkpt lat="37.7591530" lon="-122.4223350">
    <ele>17.2</ele>
    <time>2026-09-20T21:23:51Z</time>
   </trkpt>
   <trkpt lat="37.7592050" lon="-122.4222970">
    <ele>17.1</ele>
    <time>2026-09-20T21:23:52Z</time>
   </trkpt>
   <trkpt lat="37.7592110" lon="-122.4222380">
    <ele>17.2</ele>
    <time>2026-09-20T21:23:53Z</time>
   </trkpt>
   <trkpt lat="37.7591840" lon="-122.4221560">
    <ele>17.2</ele>
    <time>2026-09-20T21:23:54Z</time>
   </trkpt>
   <trkpt lat="37.7591570" lon="-122.4221340">
    <ele>17.3</ele>
    <time>2026-09-20T21:23:55Z</time>
   </trkpt>
   <trkpt lat="37.7591590" lon="-122.4221400">
    <ele>17.3</ele>
    <time>2026-09-20T21:23:56Z</time>
   </trkpt>
   <trkpt lat="37.7591640" lon="-122.4221560">
    <ele>17.3</ele>
    <time>2026-09-20T21:23:57Z</time>
   </trkpt>
   <trkpt lat="37.7591580" lon="-122.4221610">
    <ele>17.2</ele>
    <time>2026-09-20T21:23:58Z</time>
   </trkpt>
   <trkpt lat="37.7591440" lon="-122.4221590">
    <ele>17.3</ele>
    <time>2026-09-20T21:23:59Z</time>
   </trkpt>
   <trkpt lat="37.7591360" lon="-122.4221590">
    <ele>17.3</ele>
    <time>2026-09-20T21:24:00Z</time>
   </trkpt>
   <trkpt lat="37.7591280" lon="-122.4221580">
    <ele>17.3</ele>
    <time>2026-09-20T21:24:01Z</time>
   </trkpt>
   <trkpt lat="37.7591250" lon="-122.4221510">
    <ele>17.3</ele>
    <time>2026-09-20T21:24:02Z</time>
   </trkpt>
   <trkpt lat="37.7591210" lon="-122.4221480">
    <ele>17.3</ele>
    <time>2026-09-20T21:24:03Z</time>
   </trkpt>
   <trkpt lat="37.7590880" lon="-122.4221440">
    <ele>17.3</ele>
    <time>2026-09-20T21:24:04Z</time>
   </trkpt>
   <trkpt lat="37.7590550" lon="-122.4221670">
    <ele>17.3</ele>
    <time>2026-09-20T21:24:05Z</time>
   </trkpt>
   <trkpt lat="37.7590200" lon="-122.4222140">
    <ele>17.4</ele>
    <time>2026-09-20T21:24:06Z</time>
   </trkpt>
   <trkpt lat="37.7589820" lon="-122.4222650">
    <ele>17.4</ele>
    <time>2026-09-20T21:24:07Z</time>
   </trkpt>
   <trkpt lat="37.7589640" lon="-122.4223090">
    <ele>17.4</ele>
    <time>2026-09-20T21:24:08Z</time>
   </trkpt>
   <trkpt lat="37.7589810" lon="-122.4222900">
    <ele>17.4</ele>
    <time>2026-09-20T21:24:09Z</time>
   </trkpt>
   <trkpt lat="37.7589980" lon="-122.4222720">
    <ele>17.4</ele>
    <time>2026-09-20T21:24:10Z</time>
   </trkpt>
   <trkpt lat="37.7590130" lon="-122.4222460">
    <ele>17.3</ele>
    <time>2026-09-20T21:24:11Z</time>
   </trkpt>
   <trkpt lat="37.7590230" lon="-122.4222260">
    <ele>17.4</ele>
    <time>2026-09-20T21:24:12Z</time>
   </trkpt>
   <trkpt lat="37.7590330" lon="-122.4221980">
    <ele>17.4</ele>
    <time>2026-09-20T21:24:13Z</time>
   </trkpt>
   <trkpt lat="37.7590440" lon="-122.4221690">
    <ele>17.4</ele>
    <time>2026-09-20T21:24:14Z</time>
   </trkpt>
   <trkpt lat="37.7590520" lon="-122.4221500">
    <ele>17.4</ele>
    <time>2026-09-20T21:24:15Z</time>
   </trkpt>
   <trkpt lat="37.7590580" lon="-122.4221270">
    <ele>17.4</ele>
    <time>2026-09-20T21:24:16Z</time>
   </trkpt>
   <trkpt lat="37.7590790" lon="-122.4221250">
    <ele>17.3</ele>
    <time>2026-09-20T21:24:17Z</time>
   </trkpt>
   <trkpt lat="37.7590900" lon="-122.4221540">
    <ele>17.3</ele>
    <time>2026-09-20T21:24:18Z</time>
   </trkpt>
   <trkpt lat="37.7590750" lon="-122.4221720">
    <ele>17.3</ele>
    <time>2026-09-20T21:24:19Z</time>
   </trkpt>
   <trkpt lat="37.7590490" lon="-122.4221780">
    <ele>17.3</ele>
    <time>2026-09-20T21:24:20Z</time>
   </trkpt>
   <trkpt lat="37.7590380" lon="-122.4222060">
    <ele>17.4</ele>
    <time>2026-09-20T21:24:21Z</time>
   </trkpt>
   <trkpt lat="37.7591030" lon="-122.4222710">
    <ele>17.3</ele>
    <time>2026-09-20T21:24:22Z</time>
   </trkpt>
   <trkpt lat="37.7591550" lon="-122.4223080">
    <ele>17.2</ele>
    <time>2026-09-20T21:24:23Z</time>
   </trkpt>
   <trkpt lat="37.7591870" lon="-122.4223450">
    <ele>17.1</ele>
    <time>2026-09-20T21:24:24Z</time>
   </trkpt>
   <trkpt lat="37.7591970" lon="-122.4223610">
    <ele>17.1</ele>
    <time>2026-09-20T21:24:25Z</time>
   </trkpt>
   <trkpt lat="37.7591870" lon="-122.4223430">
    <ele>17.1</ele>
    <time>2026-09-20T21:24:26Z</time>
   </trkpt>
   <trkpt lat="37.7591890" lon="-122.4223380">
    <ele>17.1</ele>
    <time>2026-09-20T21:24:27Z</time>
   </trkpt>
   <trkpt lat="37.7591900" lon="-122.4223490">
    <ele>17.1</ele>
    <time>2026-09-20T21:24:28Z</time>
   </trkpt>
   <trkpt lat="37.7591850" lon="-122.4223430">
    <ele>17.1</ele>
    <time>2026-09-20T21:24:29Z</time>
   </trkpt>
   <trkpt lat="37.7591880" lon="-122.4223470">
    <ele>17.1</ele>
    <time>2026-09-20T21:24:30Z</time>
   </trkpt>
   <trkpt lat="37.7591730" lon="-122.4223410">
    <ele>17.2</ele>
    <time>2026-09-20T21:24:31Z</time>
   </trkpt>
   <trkpt lat="37.7591630" lon="-122.4223350">
    <ele>17.2</ele>
    <time>2026-09-20T21:24:32Z</time>
   </trkpt>
   <trkpt lat="37.7591540" lon="-122.4223240">
    <ele>17.2</ele>
    <time>2026-09-20T21:24:33Z</time>
   </trkpt>
   <trkpt lat="37.7591530" lon="-122.4223160">
    <ele>17.2</ele>
    <time>2026-09-20T21:24:34Z</time>
   </trkpt>
   <trkpt lat="37.7591460" lon="-122.4223050">
    <ele>17.2</ele>
    <time>2026-09-20T21:24:35Z</time>
   </trkpt>
   <trkpt lat="37.7591380" lon="-122.4223020">
    <ele>17.2</ele>
    <time>2026-09-20T21:24:36Z</time>
   </trkpt>
   <trkpt lat="37.7591320" lon="-122.4222980">
    <ele>17.2</ele>
    <time>2026-09-20T21:24:37Z</time>
   </trkpt>
   <trkpt lat="37.7591210" lon="-122.4222940">
    <ele>17.2</ele>
    <time>2026-09-20T21:24:38Z</time>
   </trkpt>
   <trkpt lat="37.7591160" lon="-122.4222830">
    <ele>17.2</ele>
    <time>2026-09-20T21:24:39Z</time>
   </trkpt>
   <trkpt lat="37.7591170" lon="-122.4222690">
    <ele>17.2</ele>
    <time>2026-09-20T21:24:40Z</time>
   </trkpt>
   <trkpt lat="37.7591130" lon="-122.4222470">
    <ele>17.2</ele>
    <time>2026-09-20T21:24:41Z</time>
   </trkpt>
   <trkpt lat="37.7591130" lon="-122.4222300">
    <ele>17.2</ele>
    <time>2026-09-20T21:24:42Z</time>
   </trkpt>
   <trkpt lat="37.7591120" lon="-122.4222130">
    <ele>17.3</ele>
    <time>2026-09-20T21:24:43Z</time>
   </trkpt>
   <trkpt lat="37.7591200" lon="-122.4222090">
    <ele>17.2</ele>
    <time>2026-09-20T21:24:44Z</time>
   </trkpt>
   <trkpt lat="37.7591260" lon="-122.4222140">
    <ele>17.2</ele>
    <time>2026-09-20T21:24:45Z</time>
   </trkpt>
   <trkpt lat="37.7591260" lon="-122.4221960">
    <ele>17.3</ele>
    <time>2026-09-20T21:24:46Z</time>
   </trkpt>
   <trkpt lat="37.7591190" lon="-122.4221710">
    <ele>17.3</ele>
    <time>2026-09-20T21:24:47Z</time>
   </trkpt>
   <trkpt lat="37.7591160" lon="-122.4221620">
    <ele>17.3</ele>
    <time>2026-09-20T21:24:48Z</time>
   </trkpt>
   <trkpt lat="37.7591070" lon="-122.4221640">
    <ele>17.3</ele>
    <time>2026-09-20T21:24:49Z</time>
   </trkpt>
   <trkpt lat="37.7591120" lon="-122.4221680">
    <ele>17.3</ele>
    <time>2026-09-20T21:24:50Z</time>
   </trkpt>
   <trkpt lat="37.7591120" lon="-122.4221670">
    <ele>17.3</ele>
    <time>2026-09-20T21:24:51Z</time>
   </trkpt>
   <trkpt lat="37.7591120" lon="-122.4221660">
    <ele>17.3</ele>
    <time>2026-09-20T21:24:52Z</time>
   </trkpt>
   <trkpt lat="37.7591120" lon="-122.4221650">
    <ele>17.3</ele>
    <time>2026-09-20T21:24:53Z</time>
   </trkpt>
   <trkpt lat="37.7591100" lon="-122.4221640">
    <ele>17.3</ele>
    <time>2026-09-20T21:24:54Z</time>
   </trkpt>
   <trkpt lat="37.7591030" lon="-122.4221620">
    <ele>17.3</ele>
    <time>2026-09-20T21:24:55Z</time>
   </trkpt>
   <trkpt lat="37.7590960" lon="-122.4221480">
    <ele>17.3</ele>
    <time>2026-09-20T21:24:56Z</time>
   </trkpt>
   <trkpt lat="37.7590970" lon="-122.4221320">
    <ele>17.3</ele>
    <time>2026-09-20T21:24:57Z</time>
   </trkpt>
   <trkpt lat="37.7591060" lon="-122.4221040">
    <ele>17.3</ele>
    <time>2026-09-20T21:24:58Z</time>
   </trkpt>
   <trkpt lat="37.7591220" lon="-122.4220920">
    <ele>17.3</ele>
    <time>2026-09-20T21:24:59Z</time>
   </trkpt>
   <trkpt lat="37.7591380" lon="-122.4220900">
    <ele>17.3</ele>
    <time>2026-09-20T21:25:00Z</time>
   </trkpt>
   <trkpt lat="37.7591470" lon="-122.4220860">
    <ele>17.3</ele>
    <time>2026-09-20T21:25:01Z</time>
   </trkpt>
   <trkpt lat="37.7591450" lon="-122.4220790">
    <ele>17.3</ele>
    <time>2026-09-20T21:25:02Z</time>
   </trkpt>
   <trkpt lat="37.7591380" lon="-122.4220760">
    <ele>17.3</ele>
    <time>2026-09-20T21:25:03Z</time>
   </trkpt>
   <trkpt lat="37.7591320" lon="-122.4220740">
    <ele>17.3</ele>
    <time>2026-09-20T21:25:04Z</time>
   </trkpt>
   <trkpt lat="37.7591260" lon="-122.4220700">
    <ele>17.3</ele>
    <time>2026-09-20T21:25:05Z</time>
   </trkpt>
   <trkpt lat="37.7591220" lon="-122.4220480">
    <ele>17.3</ele>
    <time>2026-09-20T21:25:06Z</time>
   </trkpt>
   <trkpt lat="37.7591180" lon="-122.4220240">
    <ele>17.3</ele>
    <time>2026-09-20T21:25:07Z</time>
   </trkpt>
   <trkpt lat="37.7591160" lon="-122.4219960">
    <ele>17.3</ele>
    <time>2026-09-20T21:25:08Z</time>
   </trkpt>
   <trkpt lat="37.7591230" lon="-122.4219870">
    <ele>17.3</ele>
    <time>2026-09-20T21:25:09Z</time>
   </trkpt>
   <trkpt lat="37.7591300" lon="-122.4220060">
    <ele>17.3</ele>
    <time>2026-09-20T21:25:10Z</time>
   </trkpt>
   <trkpt lat="37.7591400" lon="-122.4220410">
    <ele>17.3</ele>
    <time>2026-09-20T21:25:11Z</time>
   </trkpt>
   <trkpt lat="37.7591460" lon="-122.4220720">
    <ele>17.3</ele>
    <time>2026-09-20T21:25:12Z</time>
   </trkpt>
   <trkpt lat="37.7591470" lon="-122.4221010">
    <ele>17.3</ele>
    <time>2026-09-20T21:25:13Z</time>
   </trkpt>
   <trkpt lat="37.7591410" lon="-122.4221220">
    <ele>17.3</ele>
    <time>2026-09-20T21:25:14Z</time>
   </trkpt>
   <trkpt lat="37.7591210" lon="-122.4221340">
    <ele>17.3</ele>
    <time>2026-09-20T21:25:15Z</time>
   </trkpt>
   <trkpt lat="37.7591130" lon="-122.4221390">
    <ele>17.3</ele>
    <time>2026-09-20T21:25:16Z</time>
   </trkpt>
   <trkpt lat="37.7591060" lon="-122.4221420">
    <ele>17.3</ele>
    <time>2026-09-20T21:25:17Z</time>
   </trkpt>
   <trkpt lat="37.7591270" lon="-122.4221140">
    <ele>17.3</ele>
    <time>2026-09-20T21:25:18Z</time>
   </trkpt>
   <trkpt lat="37.7591430" lon="-122.4220700">
    <ele>17.3</ele>
    <time>2026-09-20T21:25:19Z</time>
   </trkpt>
   <trkpt lat="37.7591490" lon="-122.4220410">
    <ele>17.3</ele>
    <time>2026-09-20T21:25:20Z</time>
   </trkpt>
   <trkpt lat="37.7591400" lon="-122.4220320">
    <ele>17.3</ele>
    <time>2026-09-20T21:25:21Z</time>
   </trkpt>
   <trkpt lat="37.7591380" lon="-122.4220280">
    <ele>17.3</ele>
    <time>2026-09-20T21:25:22Z</time>
   </trkpt>
   <trkpt lat="37.7591340" lon="-122.4220300">
    <ele>17.3</ele>
    <time>2026-09-20T21:25:23Z</time>
   </trkpt>
   <trkpt lat="37.7591250" lon="-122.4220300">
    <ele>17.3</ele>
    <time>2026-09-20T21:25:24Z</time>
   </trkpt>
   <trkpt lat="37.7591150" lon="-122.4220380">
    <ele>17.3</ele>
    <time>2026-09-20T21:25:25Z</time>
   </trkpt>
   <trkpt lat="37.7591070" lon="-122.4220420">
    <ele>17.3</ele>
    <time>2026-09-20T21:25:26Z</time>
   </trkpt>
   <trkpt lat="37.7591010" lon="-122.4220530">
    <ele>17.3</ele>
    <time>2026-09-20T21:25:27Z</time>
   </trkpt>
   <trkpt lat="37.7590980" lon="-122.4220590">
    <ele>17.3</ele>
    <time>2026-09-20T21:25:28Z</time>
   </trkpt>
   <trkpt lat="37.7590970" lon="-122.4220670">
    <ele>17.3</ele>
    <time>2026-09-20T21:25:29Z</time>
   </trkpt>
   <trkpt lat="37.7590970" lon="-122.4220760">
    <ele>17.3</ele>
    <time>2026-09-20T21:25:30Z</time>
   </trkpt>
   <trkpt lat="37.7590980" lon="-122.4220830">
    <ele>17.3</ele>
    <time>2026-09-20T21:25:31Z</time>
   </trkpt>
   <trkpt lat="37.7591000" lon="-122.4220960">
    <ele>17.3</ele>
    <time>2026-09-20T21:25:32Z</time>
   </trkpt>
   <trkpt lat="37.7591010" lon="-122.4221070">
    <ele>17.3</ele>
    <time>2026-09-20T21:25:33Z</time>
   </trkpt>
   <trkpt lat="37.7591040" lon="-122.4221150">
    <ele>17.3</ele>
    <time>2026-09-20T21:25:34Z</time>
   </trkpt>
   <trkpt lat="37.7591030" lon="-122.4221260">
    <ele>17.3</ele>
    <time>2026-09-20T21:25:35Z</time>
   </trkpt>
   <trkpt lat="37.7591030" lon="-122.4221320">
    <ele>17.3</ele>
    <time>2026-09-20T21:25:36Z</time>
   </trkpt>
   <trkpt lat="37.7591040" lon="-122.4221370">
    <ele>17.3</ele>
    <time>2026-09-20T21:25:37Z</time>
   </trkpt>
   <trkpt lat="37.7590960" lon="-122.4221530">
    <ele>17.3</ele>
    <time>2026-09-20T21:25:38Z</time>
   </trkpt>
   <trkpt lat="37.7590920" lon="-122.4221600">
    <ele>17.3</ele>
    <time>2026-09-20T21:25:39Z</time>
   </trkpt>
   <trkpt lat="37.7590750" lon="-122.4221620">
    <ele>17.3</ele>
    <time>2026-09-20T21:25:40Z</time>
   </trkpt>
   <trkpt lat="37.7590590" lon="-122.4221460">
    <ele>17.4</ele>
    <time>2026-09-20T21:25:41Z</time>
   </trkpt>
   <trkpt lat="37.7590540" lon="-122.4221170">
    <ele>17.4</ele>
    <time>2026-09-20T21:25:42Z</time>
   </trkpt>
   <trkpt lat="37.7590730" lon="-122.4220800">
    <ele>17.4</ele>
    <time>2026-09-20T21:25:43Z</time>
   </trkpt>
   <trkpt lat="37.7590840" lon="-122.4220750">
    <ele>17.3</ele>
    <time>2026-09-20T21:25:44Z</time>
   </trkpt>
   <trkpt lat="37.7590900" lon="-122.4220690">
    <ele>17.3</ele>
    <time>2026-09-20T21:25:45Z</time>
   </trkpt>
   <trkpt lat="37.7591030" lon="-122.4220550">
    <ele>17.3</ele>
    <time>2026-09-20T21:25:46Z</time>
   </trkpt>
   <trkpt lat="37.7591040" lon="-122.4220500">
    <ele>17.3</ele>
    <time>2026-09-20T21:25:47Z</time>
   </trkpt>
   <trkpt lat="37.7591090" lon="-122.4220270">
    <ele>17.4</ele>
    <time>2026-09-20T21:25:48Z</time>
   </trkpt>
   <trkpt lat="37.7591080" lon="-122.4220100">
    <ele>17.4</ele>
    <time>2026-09-20T21:25:49Z</time>
   </trkpt>
   <trkpt lat="37.7591070" lon="-122.4220000">
    <ele>17.4</ele>
    <time>2026-09-20T21:25:50Z</time>
   </trkpt>
   <trkpt lat="37.7591050" lon="-122.4220110">
    <ele>17.4</ele>
    <time>2026-09-20T21:25:51Z</time>
   </trkpt>
   <trkpt lat="37.7591100" lon="-122.4220270">
    <ele>17.4</ele>
    <time>2026-09-20T21:25:52Z</time>
   </trkpt>
   <trkpt lat="37.7591100" lon="-122.4220460">
    <ele>17.3</ele>
    <time>2026-09-20T21:25:53Z</time>
   </trkpt>
   <trkpt lat="37.7591200" lon="-122.4220580">
    <ele>17.3</ele>
    <time>2026-09-20T21:25:54Z</time>
   </trkpt>
   <trkpt lat="37.7590980" lon="-122.4220700">
    <ele>17.3</ele>
    <time>2026-09-20T21:25:55Z</time>
   </trkpt>
   <trkpt lat="37.7590880" lon="-122.4220640">
    <ele>17.3</ele>
    <time>2026-09-20T21:25:56Z</time>
   </trkpt>
   <trkpt lat="37.7590810" lon="-122.4220530">
    <ele>17.3</ele>
    <time>2026-09-20T21:25:57Z</time>
   </trkpt>
   <trkpt lat="37.7590830" lon="-122.4220350">
    <ele>17.3</ele>
    <time>2026-09-20T21:25:58Z</time>
   </trkpt>
   <trkpt lat="37.7590780" lon="-122.4220160">
    <ele>17.4</ele>
    <time>2026-09-20T21:25:59Z</time>
   </trkpt>
   <trkpt lat="37.7590850" lon="-122.4220110">
    <ele>17.4</ele>
    <time>2026-09-20T21:26:00Z</time>
   </trkpt>
   <trkpt lat="37.7590870" lon="-122.4220030">
    <ele>17.4</ele>
    <time>2026-09-20T21:26:01Z</time>
   </trkpt>
   <trkpt lat="37.7590950" lon="-122.4220510">
    <ele>17.3</ele>
    <time>2026-09-20T21:26:02Z</time>
   </trkpt>
   <trkpt lat="37.7591320" lon="-122.4221020">
    <ele>17.3</ele>
    <time>2026-09-20T21:26:03Z</time>
   </trkpt>
   <trkpt lat="37.7591400" lon="-122.4221110">
    <ele>17.3</ele>
    <time>2026-09-20T21:26:04Z</time>
   </trkpt>
   <trkpt lat="37.7591550" lon="-122.4221310">
    <ele>17.3</ele>
    <time>2026-09-20T21:26:05Z</time>
   </trkpt>
   <trkpt lat="37.7591830" lon="-122.4221430">
    <ele>17.2</ele>
    <time>2026-09-20T21:26:06Z</time>
   </trkpt>
   <trkpt lat="37.7591760" lon="-122.4221830">
    <ele>17.2</ele>
    <time>2026-09-20T21:26:07Z</time>
   </trkpt>
   <trkpt lat="37.7591500" lon="-122.4222090">
    <ele>17.2</ele>
    <time>2026-09-20T21:26:08Z</time>
   </trkpt>
   <trkpt lat="37.7591260" lon="-122.4222170">
    <ele>17.2</ele>
    <time>2026-09-20T21:26:09Z</time>
   </trkpt>
   <trkpt lat="37.7591240" lon="-122.4222300">
    <ele>17.2</ele>
    <time>2026-09-20T21:26:10Z</time>
   </trkpt>
   <trkpt lat="37.7591160" lon="-122.4222230">
    <ele>17.2</ele>
    <time>2026-09-20T21:26:11Z</time>
   </trkpt>
   <trkpt lat="37.7590970" lon="-122.4222200">
    <ele>17.3</ele>
    <time>2026-09-20T21:26:12Z</time>
   </trkpt>
   <trkpt lat="37.7590810" lon="-122.4222480">
    <ele>17.3</ele>
    <time>2026-09-20T21:26:13Z</time>
   </trkpt>
   <trkpt lat="37.7590750" lon="-122.4222650">
    <ele>17.3</ele>
    <time>2026-09-20T21:26:14Z</time>
   </trkpt>
   <trkpt lat="37.7590680" lon="-122.4222520">
    <ele>17.3</ele>
    <time>2026-09-20T21:26:15Z</time>
   </trkpt>
   <trkpt lat="37.7590700" lon="-122.4222260">
    <ele>17.3</ele>
    <time>2026-09-20T21:26:16Z</time>
   </trkpt>
   <trkpt lat="37.7590630" lon="-122.4222030">
    <ele>17.3</ele>
    <time>2026-09-20T21:26:17Z</time>
   </trkpt>
   <trkpt lat="37.7590620" lon="-122.4221880">
    <ele>17.3</ele>
    <time>2026-09-20T21:26:18Z</time>
   </trkpt>
   <trkpt lat="37.7590620" lon="-122.4221740">
    <ele>17.3</ele>
    <time>2026-09-20T21:26:19Z</time>
   </trkpt>
   <trkpt lat="37.7590630" lon="-122.4221520">
    <ele>17.4</ele>
    <time>2026-09-20T21:26:20Z</time>
   </trkpt>
   <trkpt lat="37.7590650" lon="-122.4221540">
    <ele>17.4</ele>
    <time>2026-09-20T21:26:21Z</time>
   </trkpt>
   <trkpt lat="37.7590700" lon="-122.4221790">
    <ele>17.3</ele>
    <time>2026-09-20T21:26:22Z</time>
   </trkpt>
   <trkpt lat="37.7590690" lon="-122.4222010">
    <ele>17.3</ele>
    <time>2026-09-20T21:26:23Z</time>
   </trkpt>
   <trkpt lat="37.7590650" lon="-122.4222250">
    <ele>17.3</ele>
    <time>2026-09-20T21:26:24Z</time>
   </trkpt>
   <trkpt lat="37.7590560" lon="-122.4222270">
    <ele>17.3</ele>
    <time>2026-09-20T21:26:25Z</time>
   </trkpt>
   <trkpt lat="37.7590560" lon="-122.4222180">
    <ele>17.3</ele>
    <time>2026-09-20T21:26:26Z</time>
   </trkpt>
   <trkpt lat="37.7590610" lon="-122.4222120">
    <ele>17.3</ele>
    <time>2026-09-20T21:26:27Z</time>
   </trkpt>
   <trkpt lat="37.7590410" lon="-122.4222250">
    <ele>17.4</ele>
    <time>2026-09-20T21:26:28Z</time>
   </trkpt>
   <trkpt lat="37.7590130" lon="-122.4222290">
    <ele>17.4</ele>
    <time>2026-09-20T21:26:29Z</time>
   </trkpt>
   <trkpt lat="37.7589750" lon="-122.4222580">
    <ele>17.4</ele>
    <time>2026-09-20T21:26:30Z</time>
   </trkpt>
   <trkpt lat="37.7589570" lon="-122.4222750">
    <ele>17.4</ele>
    <time>2026-09-20T21:26:31Z</time>
   </trkpt>
   <trkpt lat="37.7589760" lon="-122.4222600">
    <ele>17.4</ele>
    <time>2026-09-20T21:26:32Z</time>
   </trkpt>
   <trkpt lat="37.7589950" lon="-122.4222440">
    <ele>17.4</ele>
    <time>2026-09-20T21:26:33Z</time>
   </trkpt>
   <trkpt lat="37.7590140" lon="-122.4222290">
    <ele>17.4</ele>
    <time>2026-09-20T21:26:34Z</time>
   </trkpt>
   <trkpt lat="37.7590230" lon="-122.4221930">
    <ele>17.4</ele>
    <time>2026-09-20T21:26:35Z</time>
   </trkpt>
   <trkpt lat="37.7590210" lon="-122.4221760">
    <ele>17.4</ele>
    <time>2026-09-20T21:26:36Z</time>
   </trkpt>
   <trkpt lat="37.7590110" lon="-122.4221650">
    <ele>17.4</ele>
    <time>2026-09-20T21:26:37Z</time>
   </trkpt>
   <trkpt lat="37.7589930" lon="-122.4221690">
    <ele>17.4</ele>
    <time>2026-09-20T21:26:38Z</time>
   </trkpt>
   <trkpt lat="37.7589580" lon="-122.4221750">
    <ele>17.4</ele>
    <time>2026-09-20T21:26:39Z</time>
   </trkpt>
   <trkpt lat="37.7589310" lon="-122.4221790">
    <ele>17.4</ele>
    <time>2026-09-20T21:26:40Z</time>
   </trkpt>
   <trkpt lat="37.7588990" lon="-122.4221860">
    <ele>17.5</ele>
    <time>2026-09-20T21:26:41Z</time>
   </trkpt>
   <trkpt lat="37.7588800" lon="-122.4221940">
    <ele>17.5</ele>
    <time>2026-09-20T21:26:42Z</time>
   </trkpt>
   <trkpt lat="37.7588940" lon="-122.4222040">
    <ele>17.5</ele>
    <time>2026-09-20T21:26:43Z</time>
   </trkpt>
   <trkpt lat="37.7589060" lon="-122.4222130">
    <ele>17.5</ele>
    <time>2026-09-20T21:26:44Z</time>
   </trkpt>
   <trkpt lat="37.7589190" lon="-122.4222220">
    <ele>17.4</ele>
    <time>2026-09-20T21:26:45Z</time>
   </trkpt>
   <trkpt lat="37.7589610" lon="-122.4222190">
    <ele>17.4</ele>
    <time>2026-09-20T21:26:46Z</time>
   </trkpt>
   <trkpt lat="37.7589860" lon="-122.4222130">
    <ele>17.4</ele>
    <time>2026-09-20T21:26:47Z</time>
   </trkpt>
   <trkpt lat="37.7590000" lon="-122.4222080">
    <ele>17.4</ele>
    <time>2026-09-20T21:26:48Z</time>
   </trkpt>
   <trkpt lat="37.7590050" lon="-122.4221930">
    <ele>17.4</ele>
    <time>2026-09-20T21:26:49Z</time>
   </trkpt>
   <trkpt lat="37.7590080" lon="-122.4221860">
    <ele>17.4</ele>
    <time>2026-09-20T21:26:50Z</time>
   </trkpt>
   <trkpt lat="37.7590090" lon="-122.4221850">
    <ele>17.4</ele>
    <time>2026-09-20T21:26:51Z</time>
   </trkpt>
   <trkpt lat="37.7590160" lon="-122.4221850">
    <ele>17.4</ele>
    <time>2026-09-20T21:26:52Z</time>
   </trkpt>
   <trkpt lat="37.7590240" lon="-122.4221880">
    <ele>17.4</ele>
    <time>2026-09-20T21:26:53Z</time>
   </trkpt>
   <trkpt lat="37.7590300" lon="-122.4221940">
    <ele>17.4</ele>
    <time>2026-09-20T21:26:54Z</time>
   </trkpt>
   <trkpt lat="37.7590430" lon="-122.4221960">
    <ele>17.4</ele>
    <time>2026-09-20T21:26:55Z</time>
   </trkpt>
   <trkpt lat="37.7590500" lon="-122.4221950">
    <ele>17.3</ele>
    <time>2026-09-20T21:26:56Z</time>
   </trkpt>
   <trkpt lat="37.7590610" lon="-122.4221990">
    <ele>17.3</ele>
    <time>2026-09-20T21:26:57Z</time>
   </trkpt>
   <trkpt lat="37.7590530" lon="-122.4222000">
    <ele>17.3</ele>
    <time>2026-09-20T21:26:58Z</time>
   </trkpt>
   <trkpt lat="37.7590550" lon="-122.4221980">
    <ele>17.3</ele>
    <time>2026-09-20T21:26:59Z</time>
   </trkpt>
   <trkpt lat="37.7590450" lon="-122.4222070">
    <ele>17.3</ele>
    <time>2026-09-20T21:27:00Z</time>
   </trkpt>
   <trkpt lat="37.7590270" lon="-122.4222170">
    <ele>17.4</ele>
    <time>2026-09-20T21:27:01Z</time>
   </trkpt>
   <trkpt lat="37.7589910" lon="-122.4222230">
    <ele>17.4</ele>
    <time>2026-09-20T21:27:02Z</time>
   </trkpt>
   <trkpt lat="37.7589670" lon="-122.4222250">
    <ele>17.4</ele>
    <time>2026-09-20T21:27:03Z</time>
   </trkpt>
   <trkpt lat="37.7589580" lon="-122.4222240">
    <ele>17.4</ele>
    <time>2026-09-20T21:27:04Z</time>
   </trkpt>
   <trkpt lat="37.7589590" lon="-122.4222150">
    <ele>17.4</ele>
    <time>2026-09-20T21:27:05Z</time>
   </trkpt>
   <trkpt lat="37.7589570" lon="-122.4222130">
    <ele>17.4</ele>
    <time>2026-09-20T21:27:06Z</time>
   </trkpt>
   <trkpt lat="37.7589520" lon="-122.4222070">
    <ele>17.4</ele>
    <time>2026-09-20T21:27:07Z</time>
   </trkpt>
   <trkpt lat="37.7589540" lon="-122.4221960">
    <ele>17.4</ele>
    <time>2026-09-20T21:27:08Z</time>
   </trkpt>
   <trkpt lat="37.7589590" lon="-122.4221950">
    <ele>17.4</ele>
    <time>2026-09-20T21:27:09Z</time>
   </trkpt>
   <trkpt lat="37.7589580" lon="-122.4221900">
    <ele>17.4</ele>
    <time>2026-09-20T21:27:10Z</time>
   </trkpt>
   <trkpt lat="37.7589570" lon="-122.4221900">
    <ele>17.4</ele>
    <time>2026-09-20T21:27:11Z</time>
   </trkpt>
   <trkpt lat="37.7589590" lon="-122.4221860">
    <ele>17.4</ele>
    <time>2026-09-20T21:27:12Z</time>
   </trkpt>
   <trkpt lat="37.7589740" lon="-122.4221690">
    <ele>17.4</ele>
    <time>2026-09-20T21:27:13Z</time>
   </trkpt>
   <trkpt lat="37.7590080" lon="-122.4221480">
    <ele>17.4</ele>
    <time>2026-09-20T21:27:14Z</time>
   </trkpt>
   <trkpt lat="37.7590080" lon="-122.4221210">
    <ele>17.4</ele>
    <time>2026-09-20T21:27:15Z</time>
   </trkpt>
   <trkpt lat="37.7590110" lon="-122.4220810">
    <ele>17.4</ele>
    <time>2026-09-20T21:27:16Z</time>
   </trkpt>
   <trkpt lat="37.7590180" lon="-122.4220320">
    <ele>17.4</ele>
    <time>2026-09-20T21:27:17Z</time>
   </trkpt>
   <trkpt lat="37.7590290" lon="-122.4219460">
    <ele>17.4</ele>
    <time>2026-09-20T21:27:18Z</time>
   </trkpt>
   <trkpt lat="37.7590450" lon="-122.4218710">
    <ele>17.5</ele>
    <time>2026-09-20T21:27:19Z</time>
   </trkpt>
   <trkpt lat="37.7590700" lon="-122.4218320">
    <ele>17.5</ele>
    <time>2026-09-20T21:27:20Z</time>
   </trkpt>
   <trkpt lat="37.7590950" lon="-122.4218290">
    <ele>17.5</ele>
    <time>2026-09-20T21:27:21Z</time>
   </trkpt>
   <trkpt lat="37.7591110" lon="-122.4218370">
    <ele>17.5</ele>
    <time>2026-09-20T21:27:22Z</time>
   </trkpt>
   <trkpt lat="37.7591100" lon="-122.4218560">
    <ele>17.4</ele>
    <time>2026-09-20T21:27:23Z</time>
   </trkpt>
   <trkpt lat="37.7590850" lon="-122.4218790">
    <ele>17.4</ele>
    <time>2026-09-20T21:27:24Z</time>
   </trkpt>
   <trkpt lat="37.7590540" lon="-122.4219060">
    <ele>17.4</ele>
    <time>2026-09-20T21:27:25Z</time>
   </trkpt>
   <trkpt lat="37.7590400" lon="-122.4219290">
    <ele>17.5</ele>
    <time>2026-09-20T21:27:26Z</time>
   </trkpt>
   <trkpt lat="37.7590240" lon="-122.4219390">
    <ele>17.5</ele>
    <time>2026-09-20T21:27:27Z</time>
   </trkpt>
   <trkpt lat="37.7590050" lon="-122.4219540">
    <ele>17.5</ele>
    <time>2026-09-20T21:27:28Z</time>
   </trkpt>
   <trkpt lat="37.7589950" lon="-122.4219630">
    <ele>17.5</ele>
    <time>2026-09-20T21:27:29Z</time>
   </trkpt>
   <trkpt lat="37.7590030" lon="-122.4219570">
    <ele>17.5</ele>
    <time>2026-09-20T21:27:30Z</time>
   </trkpt>
   <trkpt lat="37.7590110" lon="-122.4219600">
    <ele>17.4</ele>
    <time>2026-09-20T21:27:31Z</time>
   </trkpt>
   <trkpt lat="37.7590110" lon="-122.4219740">
    <ele>17.4</ele>
    <time>2026-09-20T21:27:32Z</time>
   </trkpt>
   <trkpt lat="37.7590080" lon="-122.4219650">
    <ele>17.5</ele>
    <time>2026-09-20T21:27:33Z</time>
   </trkpt>
   <trkpt lat="37.7589970" lon="-122.4219730">
    <ele>17.5</ele>
    <time>2026-09-20T21:27:34Z</time>
   </trkpt>
   <trkpt lat="37.7589790" lon="-122.4219750">
    <ele>17.5</ele>
    <time>2026-09-20T21:27:35Z</time>
   </trkpt>
   <trkpt lat="37.7589650" lon="-122.4219760">
    <ele>17.5</ele>
    <time>2026-09-20T21:27:36Z</time>
   </trkpt>
   <trkpt lat="37.7589690" lon="-122.4219730">
    <ele>17.5</ele>
    <time>2026-09-20T21:27:37Z</time>
   </trkpt>
   <trkpt lat="37.7589820" lon="-122.4219740">
    <ele>17.5</ele>
    <time>2026-09-20T21:27:38Z</time>
   </trkpt>
   <trkpt lat="37.7590200" lon="-122.4219930">
    <ele>17.4</ele>
    <time>2026-09-20T21:27:39Z</time>
   </trkpt>
   <trkpt lat="37.7590690" lon="-122.4219980">
    <ele>17.4</ele>
    <time>2026-09-20T21:27:40Z</time>
   </trkpt>
   <trkpt lat="37.7591050" lon="-122.4220270">
    <ele>17.4</ele>
    <time>2026-09-20T21:27:41Z</time>
   </trkpt>
   <trkpt lat="37.7591130" lon="-122.4220500">
    <ele>17.3</ele>
    <time>2026-09-20T21:27:42Z</time>
   </trkpt>
   <trkpt lat="37.7590850" lon="-122.4220640">
    <ele>17.3</ele>
    <time>2026-09-20T21:27:43Z</time>
   </trkpt>
   <trkpt lat="37.7590770" lon="-122.4220710">
    <ele>17.4</ele>
    <time>2026-09-20T21:27:44Z</time>
   </trkpt>
   <trkpt lat="37.7590840" lon="-122.4220880">
    <ele>17.3</ele>
    <time>2026-09-20T21:27:45Z</time>
   </trkpt>
   <trkpt lat="37.7590940" lon="-122.4220800">
    <ele>17.3</ele>
    <time>2026-09-20T21:27:46Z</time>
   </trkpt>
   <trkpt lat="37.7591050" lon="-122.4220840">
    <ele>17.3</ele>
    <time>2026-09-20T21:27:47Z</time>
   </trkpt>
   <trkpt lat="37.7591110" lon="-122.4220880">
    <ele>17.3</ele>
    <time>2026-09-20T21:27:48Z</time>
   </trkpt>
   <trkpt lat="37.7591190" lon="-122.4220940">
    <ele>17.3</ele>
    <time>2026-09-20T21:27:49Z</time>
   </trkpt>
   <trkpt lat="37.7591200" lon="-122.4220950">
    <ele>17.3</ele>
    <time>2026-09-20T21:27:50Z</time>
   </trkpt>
   <trkpt lat="37.7591210" lon="-122.4220910">
    <ele>17.3</ele>
    <time>2026-09-20T21:27:51Z</time>
   </trkpt>
   <trkpt lat="37.7591160" lon="-122.4220840">
    <ele>17.3</ele>
    <time>2026-09-20T21:27:52Z</time>
   </trkpt>
   <trkpt lat="37.7591110" lon="-122.4220810">
    <ele>17.3</ele>
    <time>2026-09-20T21:27:53Z</time>
   </trkpt>
   <trkpt lat="37.7591080" lon="-122.4220790">
    <ele>17.3</ele>
    <time>2026-09-20T21:27:54Z</time>
   </trkpt>
   <trkpt lat="37.7591010" lon="-122.4220810">
    <ele>17.3</ele>
    <time>2026-09-20T21:27:55Z</time>
   </trkpt>
   <trkpt lat="37.7590980" lon="-122.4220840">
    <ele>17.3</ele>
    <time>2026-09-20T21:27:56Z</time>
   </trkpt>
   <trkpt lat="37.7591000" lon="-122.4221040">
    <ele>17.3</ele>
    <time>2026-09-20T21:27:57Z</time>
   </trkpt>
   <trkpt lat="37.7591010" lon="-122.4221230">
    <ele>17.3</ele>
    <time>2026-09-20T21:27:58Z</time>
   </trkpt>
   <trkpt lat="37.7591070" lon="-122.4221380">
    <ele>17.3</ele>
    <time>2026-09-20T21:27:59Z</time>
   </trkpt>
   <trkpt lat="37.7591170" lon="-122.4221540">
    <ele>17.3</ele>
    <time>2026-09-20T21:28:00Z</time>
   </trkpt>
   <trkpt lat="37.7591240" lon="-122.4221640">
    <ele>17.3</ele>
    <time>2026-09-20T21:28:01Z</time>
   </trkpt>
   <trkpt lat="37.7591270" lon="-122.4221610">
    <ele>17.3</ele>
    <time>2026-09-20T21:28:02Z</time>
   </trkpt>
   <trkpt lat="37.7591300" lon="-122.4221580">
    <ele>17.3</ele>
    <time>2026-09-20T21:28:03Z</time>
   </trkpt>
   <trkpt lat="37.7591250" lon="-122.4221480">
    <ele>17.3</ele>
    <time>2026-09-20T21:28:04Z</time>
   </trkpt>
   <trkpt lat="37.7591130" lon="-122.4221410">
    <ele>17.3</ele>
    <time>2026-09-20T21:28:05Z</time>
   </trkpt>
   <trkpt lat="37.7590980" lon="-122.4221310">
    <ele>17.3</ele>
    <time>2026-09-20T21:28:06Z</time>
   </trkpt>
   <trkpt lat="37.7590950" lon="-122.4221190">
    <ele>17.3</ele>
    <time>2026-09-20T21:28:07Z</time>
   </trkpt>
   <trkpt lat="37.7590730" lon="-122.4221220">
    <ele>17.4</ele>
    <time>2026-09-20T21:28:08Z</time>
   </trkpt>
   <trkpt lat="37.7590610" lon="-122.4221210">
    <ele>17.4</ele>
    <time>2026-09-20T21:28:09Z</time>
   </trkpt>
   <trkpt lat="37.7590450" lon="-122.4221230">
    <ele>17.4</ele>
    <time>2026-09-20T21:28:10Z</time>
   </trkpt>
   <trkpt lat="37.7590450" lon="-122.4221400">
    <ele>17.4</ele>
    <time>2026-09-20T21:28:11Z</time>
   </trkpt>
   <trkpt lat="37.7590610" lon="-122.4221610">
    <ele>17.3</ele>
    <time>2026-09-20T21:28:12Z</time>
   </trkpt>
   <trkpt lat="37.7590760" lon="-122.4221980">
    <ele>17.3</ele>
    <time>2026-09-20T21:28:13Z</time>
   </trkpt>
   <trkpt lat="37.7590900" lon="-122.4222090">
    <ele>17.3</ele>
    <time>2026-09-20T21:28:14Z</time>
   </trkpt>
   <trkpt lat="37.7591160" lon="-122.4222230">
    <ele>17.2</ele>
    <time>2026-09-20T21:28:15Z</time>
   </trkpt>
   <trkpt lat="37.7591180" lon="-122.4222240">
    <ele>17.2</ele>
    <time>2026-09-20T21:28:16Z</time>
   </trkpt>
   <trkpt lat="37.7591000" lon="-122.4222220">
    <ele>17.3</ele>
    <time>2026-09-20T21:28:17Z</time>
   </trkpt>
   <trkpt lat="37.7590730" lon="-122.4222120">
    <ele>17.3</ele>
    <time>2026-09-20T21:28:18Z</time>
   </trkpt>
   <trkpt lat="37.7590460" lon="-122.4222020">
    <ele>17.3</ele>
    <time>2026-09-20T21:28:19Z</time>
   </trkpt>
   <trkpt lat="37.7590270" lon="-122.4221840">
    <ele>17.4</ele>
    <time>2026-09-20T21:28:20Z</time>
   </trkpt>
   <trkpt lat="37.7589530" lon="-122.4221380">
    <ele>17.4</ele>
    <time>2026-09-20T21:28:21Z</time>
   </trkpt>
   <trkpt lat="37.7589350" lon="-122.4220810">
    <ele>17.5</ele>
    <time>2026-09-20T21:28:22Z</time>
   </trkpt>
   <trkpt lat="37.7589920" lon="-122.4220270">
    <ele>17.5</ele>
    <time>2026-09-20T21:28:23Z</time>
   </trkpt>
   <trkpt lat="37.7590500" lon="-122.4220070">
    <ele>17.4</ele>
    <time>2026-09-20T21:28:24Z</time>
   </trkpt>
   <trkpt lat="37.7590840" lon="-122.4219780">
    <ele>17.4</ele>
    <time>2026-09-20T21:28:25Z</time>
   </trkpt>
   <trkpt lat="37.7590760" lon="-122.4219660">
    <ele>17.4</ele>
    <time>2026-09-20T21:28:26Z</time>
   </trkpt>
   <trkpt lat="37.7590710" lon="-122.4219380">
    <ele>17.4</ele>
    <time>2026-09-20T21:28:27Z</time>
   </trkpt>
   <trkpt lat="37.7590550" lon="-122.4219620">
    <ele>17.4</ele>
    <time>2026-09-20T21:28:28Z</time>
   </trkpt>
   <trkpt lat="37.7590640" lon="-122.4219890">
    <ele>17.4</ele>
    <time>2026-09-20T21:28:29Z</time>
   </trkpt>
   <trkpt lat="37.7590580" lon="-122.4220310">
    <ele>17.4</ele>
    <time>2026-09-20T21:28:30Z</time>
   </trkpt>
   <trkpt lat="37.7590780" lon="-122.4220770">
    <ele>17.4</ele>
    <time>2026-09-20T21:28:31Z</time>
   </trkpt>
   <trkpt lat="37.7591170" lon="-122.4221240">
    <ele>17.3</ele>
    <time>2026-09-20T21:28:32Z</time>
   </trkpt>
   <trkpt lat="37.7591530" lon="-122.4221650">
    <ele>17.2</ele>
    <time>2026-09-20T21:28:33Z</time>
   </trkpt>
   <trkpt lat="37.7591740" lon="-122.4221880">
    <ele>17.2</ele>
    <time>2026-09-20T21:28:34Z</time>
   </trkpt>
   <trkpt lat="37.7591910" lon="-122.4222040">
    <ele>17.2</ele>
    <time>2026-09-20T21:28:35Z</time>
   </trkpt>
   <trkpt lat="37.7591800" lon="-122.4221960">
    <ele>17.2</ele>
    <time>2026-09-20T21:28:36Z</time>
   </trkpt>
   <trkpt lat="37.7591650" lon="-122.4221760">
    <ele>17.2</ele>
    <time>2026-09-20T21:28:37Z</time>
   </trkpt>
   <trkpt lat="37.7591830" lon="-122.4221430">
    <ele>17.2</ele>
    <time>2026-09-20T21:28:38Z</time>
   </trkpt>
   <trkpt lat="37.7592110" lon="-122.4221650">
    <ele>17.2</ele>
    <time>2026-09-20T21:28:39Z</time>
   </trkpt>
   <trkpt lat="37.7592110" lon="-122.4221970">
    <ele>17.2</ele>
    <time>2026-09-20T21:28:40Z</time>
   </trkpt>
   <trkpt lat="37.7592010" lon="-122.4222120">
    <ele>17.2</ele>
    <time>2026-09-20T21:28:41Z</time>
   </trkpt>
   <trkpt lat="37.7591890" lon="-122.4221920">
    <ele>17.2</ele>
    <time>2026-09-20T21:28:42Z</time>
   </trkpt>
   <trkpt lat="37.7591840" lon="-122.4221860">
    <ele>17.2</ele>
    <time>2026-09-20T21:28:43Z</time>
   </trkpt>
   <trkpt lat="37.7591780" lon="-122.4221770">
    <ele>17.2</ele>
    <time>2026-09-20T21:28:44Z</time>
   </trkpt>
   <trkpt lat="37.7591720" lon="-122.4221620">
    <ele>17.2</ele>
    <time>2026-09-20T21:28:45Z</time>
   </trkpt>
   <trkpt lat="37.7591650" lon="-122.4221570">
    <ele>17.2</ele>
    <time>2026-09-20T21:28:46Z</time>
   </trkpt>
   <trkpt lat="37.7591560" lon="-122.4221580">
    <ele>17.2</ele>
    <time>2026-09-20T21:28:47Z</time>
   </trkpt>
   <trkpt lat="37.7591410" lon="-122.4221750">
    <ele>17.3</ele>
    <time>2026-09-20T21:28:48Z</time>
   </trkpt>
   <trkpt lat="37.7591310" lon="-122.4221960">
    <ele>17.3</ele>
    <time>2026-09-20T21:28:49Z</time>
   </trkpt>
   <trkpt lat="37.7591370" lon="-122.4222240">
    <ele>17.2</ele>
    <time>2026-09-20T21:28:50Z</time>
   </trkpt>
   <trkpt lat="37.7591500" lon="-122.4222240">
    <ele>17.2</ele>
    <time>2026-09-20T21:28:51Z</time>
   </trkpt>
   <trkpt lat="37.7591570" lon="-122.4222090">
    <ele>17.2</ele>
    <time>2026-09-20T21:28:52Z</time>
   </trkpt>
   <trkpt lat="37.7591770" lon="-122.4221770">
    <ele>17.2</ele>
    <time>2026-09-20T21:28:53Z</time>
   </trkpt>
   <trkpt lat="37.7591840" lon="-122.4221550">
    <ele>17.2</ele>
    <time>2026-09-20T21:28:54Z</time>
   </trkpt>
   <trkpt lat="37.7591800" lon="-122.4221260">
    <ele>17.2</ele>
    <time>2026-09-20T21:28:55Z</time>
   </trkpt>
   <trkpt lat="37.7591680" lon="-122.4221120">
    <ele>17.3</ele>
    <time>2026-09-20T21:28:56Z</time>
   </trkpt>
   <trkpt lat="37.7591540" lon="-122.4221080">
    <ele>17.3</ele>
    <time>2026-09-20T21:28:57Z</time>
   </trkpt>
   <trkpt lat="37.7591430" lon="-122.4221080">
    <ele>17.3</ele>
    <time>2026-09-20T21:28:58Z</time>
   </trkpt>
   <trkpt lat="37.7591360" lon="-122.4221060">
    <ele>17.3</ele>
    <time>2026-09-20T21:28:59Z</time>
   </trkpt>
   <trkpt lat="37.7591430" lon="-122.4221030">
    <ele>17.3</ele>
    <time>2026-09-20T21:29:00Z</time>
   </trkpt>
   <trkpt lat="37.7591520" lon="-122.4221010">
    <ele>17.3</ele>
    <time>2026-09-20T21:29:01Z</time>
   </trkpt>
   <trkpt lat="37.7591430" lon="-122.4220900">
    <ele>17.3</ele>
    <time>2026-09-20T21:29:02Z</time>
   </trkpt>
   <trkpt lat="37.7591190" lon="-122.4220490">
    <ele>17.3</ele>
    <time>2026-09-20T21:29:03Z</time>
   </trkpt>
   <trkpt lat="37.7591010" lon="-122.4220290">
    <ele>17.3</ele>
    <time>2026-09-20T21:29:04Z</time>
   </trkpt>
   <trkpt lat="37.7590790" lon="-122.4220040">
    <ele>17.4</ele>
    <time>2026-09-20T21:29:05Z</time>
   </trkpt>
   <trkpt lat="37.7590350" lon="-122.4220010">
    <ele>17.4</ele>
    <time>2026-09-20T21:29:06Z</time>
   </trkpt>
   <trkpt lat="37.7589890" lon="-122.4220020">
    <ele>17.5</ele>
    <time>2026-09-20T21:29:07Z</time>
   </trkpt>
   <trkpt lat="37.7589550" lon="-122.4220240">
    <ele>17.5</ele>
    <time>2026-09-20T21:29:08Z</time>
   </trkpt>
   <trkpt lat="37.7589430" lon="-122.4220710">
    <ele>17.5</ele>
    <time>2026-09-20T21:29:09Z</time>
   </trkpt>
   <trkpt lat="37.7589470" lon="-122.4221450">
    <ele>17.4</ele>
    <time>2026-09-20T21:29:10Z</time>
   </trkpt>
   <trkpt lat="37.7589320" lon="-122.4222220">
    <ele>17.4</ele>
    <time>2026-09-20T21:29:11Z</time>
   </trkpt>
   <trkpt lat="37.7589550" lon="-122.4222320">
    <ele>17.4</ele>
    <time>2026-09-20T21:29:12Z</time>
   </trkpt>
   <trkpt lat="37.7589390" lon="-122.4222010">
    <ele>17.4</ele>
    <time>2026-09-20T21:29:13Z</time>
   </trkpt>
   <trkpt lat="37.7589470" lon="-122.4221920">
    <ele>17.4</ele>
    <time>2026-09-20T21:29:14Z</time>
   </trkpt>
   <trkpt lat="37.7589810" lon="-122.4222030">
    <ele>17.4</ele>
    <time>2026-09-20T21:29:15Z</time>
   </trkpt>
   <trkpt lat="37.7590020" lon="-122.4222140">
    <ele>17.4</ele>
    <time>2026-09-20T21:29:16Z</time>
   </trkpt>
   <trkpt lat="37.7590040" lon="-122.4222050">
    <ele>17.4</ele>
    <time>2026-09-20T21:29:17Z</time>
   </trkpt>
   <trkpt lat="37.7590160" lon="-122.4221950">
    <ele>17.4</ele>
    <time>2026-09-20T21:29:18Z</time>
   </trkpt>
   <trkpt lat="37.7590280" lon="-122.4221820">
    <ele>17.4</ele>
    <time>2026-09-20T21:29:19Z</time>
   </trkpt>
   <trkpt lat="37.7590470" lon="-122.4221660">
    <ele>17.3</ele>
    <time>2026-09-20T21:29:20Z</time>
   </trkpt>
   <trkpt lat="37.7590720" lon="-122.4221540">
    <ele>17.4</ele>
    <time>2026-09-20T21:29:21Z</time>
   </trkpt>
   <trkpt lat="37.7590860" lon="-122.4221440">
    <ele>17.3</ele>
    <time>2026-09-20T21:29:22Z</time>
   </trkpt>
   <trkpt lat="37.7591020" lon="-122.4221270">
    <ele>17.3</ele>
    <time>2026-09-20T21:29:23Z</time>
   </trkpt>
   <trkpt lat="37.7591140" lon="-122.4220990">
    <ele>17.3</ele>
    <time>2026-09-20T21:29:24Z</time>
   </trkpt>
   <trkpt lat="37.7591460" lon="-122.4220710">
    <ele>17.3</ele>
    <time>2026-09-20T21:29:25Z</time>
   </trkpt>
   <trkpt lat="37.7591710" lon="-122.4220800">
    <ele>17.3</ele>
    <time>2026-09-20T21:29:26Z</time>
   </trkpt>
   <trkpt lat="37.7591620" lon="-122.4220280">
    <ele>17.3</ele>
    <time>2026-09-20T21:29:27Z</time>
   </trkpt>
   <trkpt lat="37.7591630" lon="-122.4219660">
    <ele>17.3</ele>
    <time>2026-09-20T21:29:28Z</time>
   </trkpt>
   <trkpt lat="37.7591740" lon="-122.4219150">
    <ele>17.4</ele>
    <time>2026-09-20T21:29:29Z</time>
   </trkpt>
   <trkpt lat="37.7591780" lon="-122.4218750">
    <ele>17.4</ele>
    <time>2026-09-20T21:29:30Z</time>
   </trkpt>
   <trkpt lat="37.7591740" lon="-122.4218590">
    <ele>17.4</ele>
    <time>2026-09-20T21:29:31Z</time>
   </trkpt>
   <trkpt lat="37.7591550" lon="-122.4218630">
    <ele>17.4</ele>
    <time>2026-09-20T21:29:32Z</time>
   </trkpt>
   <trkpt lat="37.7591360" lon="-122.4218810">
    <ele>17.4</ele>
    <time>2026-09-20T21:29:33Z</time>
   </trkpt>
   <trkpt lat="37.7591270" lon="-122.4218960">
    <ele>17.4</ele>
    <time>2026-09-20T21:29:34Z</time>
   </trkpt>
   <trkpt lat="37.7591240" lon="-122.4219070">
    <ele>17.4</ele>
    <time>2026-09-20T21:29:35Z</time>
   </trkpt>
   <trkpt lat="37.7591300" lon="-122.4219170">
    <ele>17.4</ele>
    <time>2026-09-20T21:29:36Z</time>
   </trkpt>
   <trkpt lat="37.7591330" lon="-122.4219270">
    <ele>17.4</ele>
    <time>2026-09-20T21:29:37Z</time>
   </trkpt>
   <trkpt lat="37.7591300" lon="-122.4219410">
    <ele>17.4</ele>
    <time>2026-09-20T21:29:38Z</time>
   </trkpt>
   <trkpt lat="37.7591300" lon="-122.4219520">
    <ele>17.4</ele>
    <time>2026-09-20T21:29:39Z</time>
   </trkpt>
   <trkpt lat="37.7591340" lon="-122.4219630">
    <ele>17.4</ele>
    <time>2026-09-20T21:29:40Z</time>
   </trkpt>
   <trkpt lat="37.7591370" lon="-122.4219730">
    <ele>17.4</ele>
    <time>2026-09-20T21:29:41Z</time>
   </trkpt>
   <trkpt lat="37.7591360" lon="-122.4219710">
    <ele>17.4</ele>
    <time>2026-09-20T21:29:42Z</time>
   </trkpt>
   <trkpt lat="37.7591390" lon="-122.4219660">
    <ele>17.4</ele>
    <time>2026-09-20T21:29:43Z</time>
   </trkpt>
   <trkpt lat="37.7591460" lon="-122.4219650">
    <ele>17.4</ele>
    <time>2026-09-20T21:29:44Z</time>
   </trkpt>
   <trkpt lat="37.7591530" lon="-122.4219600">
    <ele>17.3</ele>
    <time>2026-09-20T21:29:45Z</time>
   </trkpt>
   <trkpt lat="37.7591620" lon="-122.4219530">
    <ele>17.3</ele>
    <time>2026-09-20T21:29:46Z</time>
   </trkpt>
   <trkpt lat="37.7591630" lon="-122.4219400">
    <ele>17.4</ele>
    <time>2026-09-20T21:29:47Z</time>
   </trkpt>
   <trkpt lat="37.7591690" lon="-122.4219330">
    <ele>17.4</ele>
    <time>2026-09-20T21:29:48Z</time>
   </trkpt>
   <trkpt lat="37.7591770" lon="-122.4219360">
    <ele>17.4</ele>
    <time>2026-09-20T21:29:49Z</time>
   </trkpt>
   <trkpt lat="37.7591860" lon="-122.4219340">
    <ele>17.3</ele>
    <time>2026-09-20T21:29:50Z</time>
   </trkpt>
   <trkpt lat="37.7591770" lon="-122.4219280">
    <ele>17.4</ele>
    <time>2026-09-20T21:29:51Z</time>
   </trkpt>
   <trkpt lat="37.7591700" lon="-122.4219230">
    <ele>17.4</ele>
    <time>2026-09-20T21:29:52Z</time>
   </trkpt>
   <trkpt lat="37.7591600" lon="-122.4219110">
    <ele>17.4</ele>
    <time>2026-09-20T21:29:53Z</time>
   </trkpt>
   <trkpt lat="37.7591570" lon="-122.4219040">
    <ele>17.4</ele>
    <time>2026-09-20T21:29:54Z</time>
   </trkpt>
   <trkpt lat="37.7591510" lon="-122.4219000">
    <ele>17.4</ele>
    <time>2026-09-20T21:29:55Z</time>
   </trkpt>
   <trkpt lat="37.7591440" lon="-122.4218990">
    <ele>17.4</ele>
    <time>2026-09-20T21:29:56Z</time>
   </trkpt>
   <trkpt lat="37.7591290" lon="-122.4219140">
    <ele>17.4</ele>
    <time>2026-09-20T21:29:57Z</time>
   </trkpt>
   <trkpt lat="37.7591210" lon="-122.4219270">
    <ele>17.4</ele>
    <time>2026-09-20T21:29:58Z</time>
   </trkpt>
   <trkpt lat="37.7591140" lon="-122.4219390">
    <ele>17.4</ele>
    <time>2026-09-20T21:29:59Z</time>
   </trkpt>
   <trkpt lat="37.7591090" lon="-122.4219480">
    <ele>17.4</ele>
    <time>2026-09-20T21:30:00Z</time>
   </trkpt>
   <trkpt lat="37.7591030" lon="-122.4219610">
    <ele>17.4</ele>
    <time>2026-09-20T21:30:01Z</time>
   </trkpt>
   <trkpt lat="37.7590930" lon="-122.4219780">
    <ele>17.4</ele>
    <time>2026-09-20T21:30:02Z</time>
   </trkpt>
   <trkpt lat="37.7590790" lon="-122.4220170">
    <ele>17.4</ele>
    <time>2026-09-20T21:30:03Z</time>
   </trkpt>
   <trkpt lat="37.7590630" lon="-122.4220760">
    <ele>17.4</ele>
    <time>2026-09-20T21:30:04Z</time>
   </trkpt>
   <trkpt lat="37.7590560" lon="-122.4220980">
    <ele>17.4</ele>
    <time>2026-09-20T21:30:05Z</time>
   </trkpt>
   <trkpt lat="37.7590440" lon="-122.4221320">
    <ele>17.4</ele>
    <time>2026-09-20T21:30:06Z</time>
   </trkpt>
   <trkpt lat="37.7590310" lon="-122.4221660">
    <ele>17.4</ele>
    <time>2026-09-20T21:30:07Z</time>
   </trkpt>
   <trkpt lat="37.7590190" lon="-122.4221980">
    <ele>17.4</ele>
    <time>2026-09-20T21:30:08Z</time>
   </trkpt>
   <trkpt lat="37.7590030" lon="-122.4222610">
    <ele>17.4</ele>
    <time>2026-09-20T21:30:09Z</time>
   </trkpt>
   <trkpt lat="37.7590110" lon="-122.4222620">
    <ele>17.3</ele>
    <time>2026-09-20T21:30:10Z</time>
   </trkpt>
   <trkpt lat="37.7590220" lon="-122.4222460">
    <ele>17.3</ele>
    <time>2026-09-20T21:30:11Z</time>
   </trkpt>
   <trkpt lat="37.7590300" lon="-122.4222330">
    <ele>17.4</ele>
    <time>2026-09-20T21:30:12Z</time>
   </trkpt>
   <trkpt lat="37.7590340" lon="-122.4222180">
    <ele>17.4</ele>
    <time>2026-09-20T21:30:13Z</time>
   </trkpt>
   <trkpt lat="37.7590370" lon="-122.4222090">
    <ele>17.4</ele>
    <time>2026-09-20T21:30:14Z</time>
   </trkpt>
   <trkpt lat="37.7590390" lon="-122.4221890">
    <ele>17.4</ele>
    <time>2026-09-20T21:30:15Z</time>
   </trkpt>
   <trkpt lat="37.7590410" lon="-122.4221740">
    <ele>17.4</ele>
    <time>2026-09-20T21:30:16Z</time>
   </trkpt>
   <trkpt lat="37.7590400" lon="-122.4221510">
    <ele>17.4</ele>
    <time>2026-09-20T21:30:17Z</time>
   </trkpt>
   <trkpt lat="37.7590370" lon="-122.4221440">
    <ele>17.4</ele>
    <time>2026-09-20T21:30:18Z</time>
   </trkpt>
   <trkpt lat="37.7590300" lon="-122.4221320">
    <ele>17.4</ele>
    <time>2026-09-20T21:30:19Z</time>
   </trkpt>
   <trkpt lat="37.7590290" lon="-122.4221240">
    <ele>17.4</ele>
    <time>2026-09-20T21:30:20Z</time>
   </trkpt>
   <trkpt lat="37.7590260" lon="-122.4221250">
    <ele>17.4</ele>
    <time>2026-09-20T21:30:21Z</time>
   </trkpt>
   <trkpt lat="37.7590200" lon="-122.4221310">
    <ele>17.4</ele>
    <time>2026-09-20T21:30:22Z</time>
   </trkpt>
   <trkpt lat="37.7590000" lon="-122.4221220">
    <ele>17.4</ele>
    <time>2026-09-20T21:30:23Z</time>
   </trkpt>
   <trkpt lat="37.7590030" lon="-122.4220950">
    <ele>17.5</ele>
    <time>2026-09-20T21:30:24Z</time>
   </trkpt>
   <trkpt lat="37.7590110" lon="-122.4220800">
    <ele>17.4</ele>
    <time>2026-09-20T21:30:25Z</time>
   </trkpt>
   <trkpt lat="37.7590270" lon="-122.4220950">
    <ele>17.4</ele>
    <time>2026-09-20T21:30:26Z</time>
   </trkpt>
   <trkpt lat="37.7590260" lon="-122.4221140">
    <ele>17.4</ele>
    <time>2026-09-20T21:30:27Z</time>
   </trkpt>
   <trkpt lat="37.7590110" lon="-122.4221150">
    <ele>17.4</ele>
    <time>2026-09-20T21:30:28Z</time>
   </trkpt>
   <trkpt lat="37.7590010" lon="-122.4221170">
    <ele>17.4</ele>
    <time>2026-09-20T21:30:29Z</time>
   </trkpt>
   <trkpt lat="37.7590250" lon="-122.4221060">
    <ele>17.4</ele>
    <time>2026-09-20T21:30:30Z</time>
   </trkpt>
   <trkpt lat="37.7590530" lon="-122.4221270">
    <ele>17.4</ele>
    <time>2026-09-20T21:30:31Z</time>
   </trkpt>
   <trkpt lat="37.7590990" lon="-122.4221410">
    <ele>17.3</ele>
    <time>2026-09-20T21:30:32Z</time>
   </trkpt>
   <trkpt lat="37.7591260" lon="-122.4221340">
    <ele>17.3</ele>
    <time>2026-09-20T21:30:33Z</time>
   </trkpt>
   <trkpt lat="37.7591510" lon="-122.4221830">
    <ele>17.2</ele>
    <time>2026-09-20T21:30:34Z</time>
   </trkpt>
   <trkpt lat="37.7591830" lon="-122.4222070">
    <ele>17.2</ele>
    <time>2026-09-20T21:30:35Z</time>
   </trkpt>
   <trkpt lat="37.7591720" lon="-122.4222410">
    <ele>17.2</ele>
    <time>2026-09-20T21:30:36Z</time>
   </trkpt>
   <trkpt lat="37.7591390" lon="-122.4222580">
    <ele>17.2</ele>
    <time>2026-09-20T21:30:37Z</time>
   </trkpt>
   <trkpt lat="37.7591030" lon="-122.4222210">
    <ele>17.3</ele>
    <time>2026-09-20T21:30:38Z</time>
   </trkpt>
   <trkpt lat="37.7591210" lon="-122.4221930">
    <ele>17.3</ele>
    <time>2026-09-20T21:30:39Z</time>
   </trkpt>
   <trkpt lat="37.7591550" lon="-122.4221890">
    <ele>17.2</ele>
    <time>2026-09-20T21:30:40Z</time>
   </trkpt>
   <trkpt lat="37.7591870" lon="-122.4221740">
    <ele>17.2</ele>
    <time>2026-09-20T21:30:41Z</time>
   </trkpt>
   <trkpt lat="37.7591830" lon="-122.4222080">
    <ele>17.2</ele>
    <time>2026-09-20T21:30:42Z</time>
   </trkpt>
   <trkpt lat="37.7591640" lon="-122.4222530">
    <ele>17.2</ele>
    <time>2026-09-20T21:30:43Z</time>
   </trkpt>
   <trkpt lat="37.7591400" lon="-122.4222740">
    <ele>17.2</ele>
    <time>2026-09-20T21:30:44Z</time>
   </trkpt>
   <trkpt lat="37.7591380" lon="-122.4222700">
    <ele>17.2</ele>
    <time>2026-09-20T21:30:45Z</time>
   </trkpt>
   <trkpt lat="37.7591370" lon="-122.4222670">
    <ele>17.2</ele>
    <time>2026-09-20T21:30:46Z</time>
   </trkpt>
   <trkpt lat="37.7591260" lon="-122.4222590">
    <ele>17.2</ele>
    <time>2026-09-20T21:30:47Z</time>
   </trkpt>
   <trkpt lat="37.7591090" lon="-122.4222550">
    <ele>17.3</ele>
    <time>2026-09-20T21:30:48Z</time>
   </trkpt>
   <trkpt lat="37.7591120" lon="-122.4222290">
    <ele>17.3</ele>
    <time>2026-09-20T21:30:49Z</time>
   </trkpt>
   <trkpt lat="37.7591030" lon="-122.4222140">
    <ele>17.3</ele>
    <time>2026-09-20T21:30:50Z</time>
   </trkpt>
   <trkpt lat="37.7590770" lon="-122.4221950">
    <ele>17.3</ele>
    <time>2026-09-20T21:30:51Z</time>
   </trkpt>
   <trkpt lat="37.7590520" lon="-122.4221730">
    <ele>17.3</ele>
    <time>2026-09-20T21:30:52Z</time>
   </trkpt>
   <trkpt lat="37.7590520" lon="-122.4221660">
    <ele>17.3</ele>
    <time>2026-09-20T21:30:53Z</time>
   </trkpt>
   <trkpt lat="37.7590360" lon="-122.4221660">
    <ele>17.4</ele>
    <time>2026-09-20T21:30:54Z</time>
   </trkpt>
   <trkpt lat="37.7590430" lon="-122.4221710">
    <ele>17.4</ele>
    <time>2026-09-20T21:30:55Z</time>
   </trkpt>
   <trkpt lat="37.7590480" lon="-122.4221690">
    <ele>17.3</ele>
    <time>2026-09-20T21:30:56Z</time>
   </trkpt>
   <trkpt lat="37.7590400" lon="-122.4221540">
    <ele>17.4</ele>
    <time>2026-09-20T21:30:57Z</time>
   </trkpt>
   <trkpt lat="37.7590370" lon="-122.4221410">
    <ele>17.4</ele>
    <time>2026-09-20T21:30:58Z</time>
   </trkpt>
   <trkpt lat="37.7590340" lon="-122.4221260">
    <ele>17.4</ele>
    <time>2026-09-20T21:30:59Z</time>
   </trkpt>
   <trkpt lat="37.7590340" lon="-122.4221090">
    <ele>17.4</ele>
    <time>2026-09-20T21:31:00Z</time>
   </trkpt>
   <trkpt lat="37.7590360" lon="-122.4220950">
    <ele>17.4</ele>
    <time>2026-09-20T21:31:01Z</time>
   </trkpt>
   <trkpt lat="37.7590400" lon="-122.4220830">
    <ele>17.4</ele>
    <time>2026-09-20T21:31:02Z</time>
   </trkpt>
   <trkpt lat="37.7590460" lon="-122.4220700">
    <ele>17.4</ele>
    <time>2026-09-20T21:31:03Z</time>
   </trkpt>
   <trkpt lat="37.7590520" lon="-122.4220590">
    <ele>17.4</ele>
    <time>2026-09-20T21:31:04Z</time>
   </trkpt>
   <trkpt lat="37.7590580" lon="-122.4220460">
    <ele>17.4</ele>
    <time>2026-09-20T21:31:05Z</time>
   </trkpt>
   <trkpt lat="37.7590600" lon="-122.4220360">
    <ele>17.4</ele>
    <time>2026-09-20T21:31:06Z</time>
   </trkpt>
   <trkpt lat="37.7590660" lon="-122.4220260">
    <ele>17.4</ele>
    <time>2026-09-20T21:31:07Z</time>
   </trkpt>
   <trkpt lat="37.7590710" lon="-122.4220170">
    <ele>17.4</ele>
    <time>2026-09-20T21:31:08Z</time>
   </trkpt>
   <trkpt lat="37.7590730" lon="-122.4220210">
    <ele>17.4</ele>
    <time>2026-09-20T21:31:09Z</time>
   </trkpt>
   <trkpt lat="37.7590730" lon="-122.4220240">
    <ele>17.4</ele>
    <time>2026-09-20T21:31:10Z</time>
   </trkpt>
   <trkpt lat="37.7590740" lon="-122.4220250">
    <ele>17.4</ele>
    <time>2026-09-20T21:31:11Z</time>
   </trkpt>
   <trkpt lat="37.7590740" lon="-122.4220250">
    <ele>17.4</ele>
    <time>2026-09-20T21:31:12Z</time>
   </trkpt>
   <trkpt lat="37.7590770" lon="-122.4220260">
    <ele>17.4</ele>
    <time>2026-09-20T21:31:13Z</time>
   </trkpt>
   <trkpt lat="37.7590810" lon="-122.4220330">
    <ele>17.3</ele>
    <time>2026-09-20T21:31:14Z</time>
   </trkpt>
   <trkpt lat="37.7590840" lon="-122.4220370">
    <ele>17.3</ele>
    <time>2026-09-20T21:31:15Z</time>
   </trkpt>
   <trkpt lat="37.7590880" lon="-122.4220470">
    <ele>17.3</ele>
    <time>2026-09-20T21:31:16Z</time>
   </trkpt>
   <trkpt lat="37.7590910" lon="-122.4220510">
    <ele>17.3</ele>
    <time>2026-09-20T21:31:17Z</time>
   </trkpt>
   <trkpt lat="37.7590900" lon="-122.4220610">
    <ele>17.3</ele>
    <time>2026-09-20T21:31:18Z</time>
   </trkpt>
   <trkpt lat="37.7590890" lon="-122.4220620">
    <ele>17.3</ele>
    <time>2026-09-20T21:31:19Z</time>
   </trkpt>
   <trkpt lat="37.7590920" lon="-122.4220610">
    <ele>17.3</ele>
    <time>2026-09-20T21:31:20Z</time>
   </trkpt>
   <trkpt lat="37.7590960" lon="-122.4220410">
    <ele>17.3</ele>
    <time>2026-09-20T21:31:21Z</time>
   </trkpt>
   <trkpt lat="37.7590850" lon="-122.4220450">
    <ele>17.3</ele>
    <time>2026-09-20T21:31:22Z</time>
   </trkpt>
   <trkpt lat="37.7590820" lon="-122.4220500">
    <ele>17.3</ele>
    <time>2026-09-20T21:31:23Z</time>
   </trkpt>
   <trkpt lat="37.7590810" lon="-122.4220480">
    <ele>17.3</ele>
    <time>2026-09-20T21:31:24Z</time>
   </trkpt>
   <trkpt lat="37.7590810" lon="-122.4220500">
    <ele>17.3</ele>
    <time>2026-09-20T21:31:25Z</time>
   </trkpt>
   <trkpt lat="37.7590810" lon="-122.4220480">
    <ele>17.3</ele>
    <time>2026-09-20T21:31:26Z</time>
   </trkpt>
   <trkpt lat="37.7590750" lon="-122.4220510">
    <ele>17.4</ele>
    <time>2026-09-20T21:31:27Z</time>
   </trkpt>
   <trkpt lat="37.7590740" lon="-122.4220570">
    <ele>17.4</ele>
    <time>2026-09-20T21:31:28Z</time>
   </trkpt>
   <trkpt lat="37.7590740" lon="-122.4220560">
    <ele>17.4</ele>
    <time>2026-09-20T21:31:29Z</time>
   </trkpt>
   <trkpt lat="37.7590710" lon="-122.4220550">
    <ele>17.4</ele>
    <time>2026-09-20T21:31:30Z</time>
   </trkpt>
   <trkpt lat="37.7590650" lon="-122.4220570">
    <ele>17.4</ele>
    <time>2026-09-20T21:31:31Z</time>
   </trkpt>
   <trkpt lat="37.7590590" lon="-122.4220610">
    <ele>17.4</ele>
    <time>2026-09-20T21:31:32Z</time>
   </trkpt>
   <trkpt lat="37.7590530" lon="-122.4220610">
    <ele>17.4</ele>
    <time>2026-09-20T21:31:33Z</time>
   </trkpt>
   <trkpt lat="37.7590550" lon="-122.4220610">
    <ele>17.4</ele>
    <time>2026-09-20T21:31:34Z</time>
   </trkpt>
   <trkpt lat="37.7590540" lon="-122.4220630">
    <ele>17.4</ele>
    <time>2026-09-20T21:31:35Z</time>
   </trkpt>
   <trkpt lat="37.7590530" lon="-122.4220660">
    <ele>17.4</ele>
    <time>2026-09-20T21:31:36Z</time>
   </trkpt>
   <trkpt lat="37.7590530" lon="-122.4220640">
    <ele>17.4</ele>
    <time>2026-09-20T21:31:37Z</time>
   </trkpt>
   <trkpt lat="37.7590530" lon="-122.4220650">
    <ele>17.4</ele>
    <time>2026-09-20T21:31:38Z</time>
   </trkpt>
   <trkpt lat="37.7590520" lon="-122.4220680">
    <ele>17.4</ele>
    <time>2026-09-20T21:31:39Z</time>
   </trkpt>
   <trkpt lat="37.7590500" lon="-122.4220670">
    <ele>17.4</ele>
    <time>2026-09-20T21:31:40Z</time>
   </trkpt>
   <trkpt lat="37.7590470" lon="-122.4220710">
    <ele>17.4</ele>
    <time>2026-09-20T21:31:41Z</time>
   </trkpt>
   <trkpt lat="37.7590460" lon="-122.4220840">
    <ele>17.4</ele>
    <time>2026-09-20T21:31:42Z</time>
   </trkpt>
   <trkpt lat="37.7590400" lon="-122.4220870">
    <ele>17.4</ele>
    <time>2026-09-20T21:31:43Z</time>
   </trkpt>
   <trkpt lat="37.7590350" lon="-122.4220760">
    <ele>17.4</ele>
    <time>2026-09-20T21:31:44Z</time>
   </trkpt>
   <trkpt lat="37.7590320" lon="-122.4220850">
    <ele>17.4</ele>
    <time>2026-09-20T21:31:45Z</time>
   </trkpt>
   <trkpt lat="37.7590490" lon="-122.4220970">
    <ele>17.4</ele>
    <time>2026-09-20T21:31:46Z</time>
   </trkpt>
   <trkpt lat="37.7590420" lon="-122.4221230">
    <ele>17.4</ele>
    <time>2026-09-20T21:31:47Z</time>
   </trkpt>
   <trkpt lat="37.7590170" lon="-122.4221670">
    <ele>17.4</ele>
    <time>2026-09-20T21:31:48Z</time>
   </trkpt>
   <trkpt lat="37.7590240" lon="-122.4221930">
    <ele>17.4</ele>
    <time>2026-09-20T21:31:49Z</time>
   </trkpt>
   <trkpt lat="37.7590580" lon="-122.4221860">
    <ele>17.3</ele>
    <time>2026-09-20T21:31:50Z</time>
   </trkpt>
   <trkpt lat="37.7590930" lon="-122.4221800">
    <ele>17.3</ele>
    <time>2026-09-20T21:31:51Z</time>
   </trkpt>
   <trkpt lat="37.7591580" lon="-122.4222000">
    <ele>17.2</ele>
    <time>2026-09-20T21:31:52Z</time>
   </trkpt>
   <trkpt lat="37.7591850" lon="-122.4222180">
    <ele>17.2</ele>
    <time>2026-09-20T21:31:53Z</time>
   </trkpt>
   <trkpt lat="37.7591460" lon="-122.4222490">
    <ele>17.2</ele>
    <time>2026-09-20T21:31:54Z</time>
   </trkpt>
   <trkpt lat="37.7590930" lon="-122.4222600">
    <ele>17.3</ele>
    <time>2026-09-20T21:31:55Z</time>
   </trkpt>
   <trkpt lat="37.7590300" lon="-122.4222550">
    <ele>17.3</ele>
    <time>2026-09-20T21:31:56Z</time>
   </trkpt>
   <trkpt lat="37.7589970" lon="-122.4222470">
    <ele>17.4</ele>
    <time>2026-09-20T21:31:57Z</time>
   </trkpt>
   <trkpt lat="37.7589760" lon="-122.4222140">
    <ele>17.4</ele>
    <time>2026-09-20T21:31:58Z</time>
   </trkpt>
   <trkpt lat="37.7589720" lon="-122.4221870">
    <ele>17.4</ele>
    <time>2026-09-20T21:31:59Z</time>
   </trkpt>
   <trkpt lat="37.7589880" lon="-122.4221690">
    <ele>17.4</ele>
    <time>2026-09-20T21:32:00Z</time>
   </trkpt>
   <trkpt lat="37.7589970" lon="-122.4221690">
    <ele>17.4</ele>
    <time>2026-09-20T21:32:01Z</time>
   </trkpt>
   <trkpt lat="37.7589900" lon="-122.4221850">
    <ele>17.4</ele>
    <time>2026-09-20T21:32:02Z</time>
   </trkpt>
   <trkpt lat="37.7589770" lon="-122.4222220">
    <ele>17.4</ele>
    <time>2026-09-20T21:32:03Z</time>
   </trkpt>
   <trkpt lat="37.7589690" lon="-122.4222700">
    <ele>17.4</ele>
    <time>2026-09-20T21:32:04Z</time>
   </trkpt>
   <trkpt lat="37.7589460" lon="-122.4222780">
    <ele>17.4</ele>
    <time>2026-09-20T21:32:05Z</time>
   </trkpt>
   <trkpt lat="37.7589270" lon="-122.4222550">
    <ele>17.4</ele>
    <time>2026-09-20T21:32:06Z</time>
   </trkpt>
   <trkpt lat="37.7589530" lon="-122.4222240">
    <ele>17.4</ele>
    <time>2026-09-20T21:32:07Z</time>
   </trkpt>
   <trkpt lat="37.7589690" lon="-122.4222070">
    <ele>17.4</ele>
    <time>2026-09-20T21:32:08Z</time>
   </trkpt>
   <trkpt lat="37.7589690" lon="-122.4222090">
    <ele>17.4</ele>
    <time>2026-09-20T21:32:09Z</time>
   </trkpt>
   <trkpt lat="37.7589940" lon="-122.4221960">
    <ele>17.4</ele>
    <time>2026-09-20T21:32:10Z</time>
   </trkpt>
   <trkpt lat="37.7590050" lon="-122.4222080">
    <ele>17.4</ele>
    <time>2026-09-20T21:32:11Z</time>
   </trkpt>
   <trkpt lat="37.7590140" lon="-122.4222100">
    <ele>17.4</ele>
    <time>2026-09-20T21:32:12Z</time>
   </trkpt>
   <trkpt lat="37.7589950" lon="-122.4222030">
    <ele>17.4</ele>
    <time>2026-09-20T21:32:13Z</time>
   </trkpt>
   <trkpt lat="37.7589860" lon="-122.4222040">
    <ele>17.4</ele>
    <time>2026-09-20T21:32:14Z</time>
   </trkpt>
   <trkpt lat="37.7589840" lon="-122.4222220">
    <ele>17.4</ele>
    <time>2026-09-20T21:32:15Z</time>
   </trkpt>
   <trkpt lat="37.7589600" lon="-122.4222350">
    <ele>17.4</ele>
    <time>2026-09-20T21:32:16Z</time>
   </trkpt>
   <trkpt lat="37.7589610" lon="-122.4222230">
    <ele>17.4</ele>
    <time>2026-09-20T21:32:17Z</time>
   </trkpt>
   <trkpt lat="37.7589860" lon="-122.4221990">
    <ele>17.4</ele>
    <time>2026-09-20T21:32:18Z</time>
   </trkpt>
   <trkpt lat="37.7589970" lon="-122.4221550">
    <ele>17.4</ele>
    <time>2026-09-20T21:32:19Z</time>
   </trkpt>
   <trkpt lat="37.7589820" lon="-122.4220910">
    <ele>17.5</ele>
    <time>2026-09-20T21:32:20Z</time>
   </trkpt>
   <trkpt lat="37.7589640" lon="-122.4220640">
    <ele>17.5</ele>
    <time>2026-09-20T21:32:21Z</time>
   </trkpt>
   <trkpt lat="37.7589710" lon="-122.4220830">
    <ele>17.5</ele>
    <time>2026-09-20T21:32:22Z</time>
   </trkpt>
   <trkpt lat="37.7589680" lon="-122.4220840">
    <ele>17.5</ele>
    <time>2026-09-20T21:32:23Z</time>
   </trkpt>
   <trkpt lat="37.7589700" lon="-122.4220820">
    <ele>17.5</ele>
    <time>2026-09-20T21:32:24Z</time>
   </trkpt>
   <trkpt lat="37.7589860" lon="-122.4220690">
    <ele>17.5</ele>
    <time>2026-09-20T21:32:25Z</time>
   </trkpt>
   <trkpt lat="37.7590130" lon="-122.4220670">
    <ele>17.4</ele>
    <time>2026-09-20T21:32:26Z</time>
   </trkpt>
   <trkpt lat="37.7590290" lon="-122.4220680">
    <ele>17.4</ele>
    <time>2026-09-20T21:32:27Z</time>
   </trkpt>
   <trkpt lat="37.7590250" lon="-122.4220460">
    <ele>17.4</ele>
    <time>2026-09-20T21:32:28Z</time>
   </trkpt>
   <trkpt lat="37.7590240" lon="-122.4220120">
    <ele>17.4</ele>
    <time>2026-09-20T21:32:29Z</time>
   </trkpt>
   <trkpt lat="37.7590380" lon="-122.4219890">
    <ele>17.4</ele>
    <time>2026-09-20T21:32:30Z</time>
   </trkpt>
   <trkpt lat="37.7590660" lon="-122.4220030">
    <ele>17.4</ele>
    <time>2026-09-20T21:32:31Z</time>
   </trkpt>
   <trkpt lat="37.7590810" lon="-122.4220160">
    <ele>17.4</ele>
    <time>2026-09-20T21:32:32Z</time>
   </trkpt>
   <trkpt lat="37.7590750" lon="-122.4220290">
    <ele>17.4</ele>
    <time>2026-09-20T21:32:33Z</time>
   </trkpt>
   <trkpt lat="37.7590340" lon="-122.4220210">
    <ele>17.4</ele>
    <time>2026-09-20T21:32:34Z</time>
   </trkpt>
   <trkpt lat="37.7589740" lon="-122.4220320">
    <ele>17.5</ele>
    <time>2026-09-20T21:32:35Z</time>
   </trkpt>
   <trkpt lat="37.7589460" lon="-122.4220350">
    <ele>17.5</ele>
    <time>2026-09-20T21:32:36Z</time>
   </trkpt>
   <trkpt lat="37.7589330" lon="-122.4220310">
    <ele>17.5</ele>
    <time>2026-09-20T21:32:37Z</time>
   </trkpt>
   <trkpt lat="37.7589440" lon="-122.4220170">
    <ele>17.5</ele>
    <time>2026-09-20T21:32:38Z</time>
   </trkpt>
   <trkpt lat="37.7589670" lon="-122.4220160">
    <ele>17.5</ele>
    <time>2026-09-20T21:32:39Z</time>
   </trkpt>
   <trkpt lat="37.7589760" lon="-122.4220140">
    <ele>17.5</ele>
    <time>2026-09-20T21:32:40Z</time>
   </trkpt>
   <trkpt lat="37.7589870" lon="-122.4220100">
    <ele>17.5</ele>
    <time>2026-09-20T21:32:41Z</time>
   </trkpt>
   <trkpt lat="37.7589840" lon="-122.4220200">
    <ele>17.5</ele>
    <time>2026-09-20T21:32:42Z</time>
   </trkpt>
   <trkpt lat="37.7589700" lon="-122.4220430">
    <ele>17.5</ele>
    <time>2026-09-20T21:32:43Z</time>
   </trkpt>
   <trkpt lat="37.7589590" lon="-122.4220970">
    <ele>17.5</ele>
    <time>2026-09-20T21:32:44Z</time>
   </trkpt>
   <trkpt lat="37.7589800" lon="-122.4221600">
    <ele>17.4</ele>
    <time>2026-09-20T21:32:45Z</time>
   </trkpt>
   <trkpt lat="37.7589870" lon="-122.4222220">
    <ele>17.4</ele>
    <time>2026-09-20T21:32:46Z</time>
   </trkpt>
   <trkpt lat="37.7589800" lon="-122.4222580">
    <ele>17.4</ele>
    <time>2026-09-20T21:32:47Z</time>
   </trkpt>
   <trkpt lat="37.7589700" lon="-122.4222640">
    <ele>17.4</ele>
    <time>2026-09-20T21:32:48Z</time>
   </trkpt>
   <trkpt lat="37.7589290" lon="-122.4222450">
    <ele>17.4</ele>
    <time>2026-09-20T21:32:49Z</time>
   </trkpt>
   <trkpt lat="37.7589040" lon="-122.4221770">
    <ele>17.5</ele>
    <time>2026-09-20T21:32:50Z</time>
   </trkpt>
   <trkpt lat="37.7589220" lon="-122.4220460">
    <ele>17.5</ele>
    <time>2026-09-20T21:32:51Z</time>
   </trkpt>
   <trkpt lat="37.7589440" lon="-122.4219670">
    <ele>17.5</ele>
    <time>2026-09-20T21:32:52Z</time>
   </trkpt>
   <trkpt lat="37.7589790" lon="-122.4219090">
    <ele>17.5</ele>
    <time>2026-09-20T21:32:53Z</time>
   </trkpt>
   <trkpt lat="37.7590260" lon="-122.4218750">
    <ele>17.5</ele>
    <time>2026-09-20T21:32:54Z</time>
   </trkpt>
   <trkpt lat="37.7590640" lon="-122.4218770">
    <ele>17.5</ele>
    <time>2026-09-20T21:32:55Z</time>
   </trkpt>
   <trkpt lat="37.7590730" lon="-122.4218920">
    <ele>17.5</ele>
    <time>2026-09-20T21:32:56Z</time>
   </trkpt>
   <trkpt lat="37.7590430" lon="-122.4219160">
    <ele>17.5</ele>
    <time>2026-09-20T21:32:57Z</time>
   </trkpt>
   <trkpt lat="37.7590340" lon="-122.4219270">
    <ele>17.5</ele>
    <time>2026-09-20T21:32:58Z</time>
   </trkpt>
   <trkpt lat="37.7590470" lon="-122.4219300">
    <ele>17.4</ele>
    <time>2026-09-20T21:32:59Z</time>
   </trkpt>
   <trkpt lat="37.7590560" lon="-122.4219320">
    <ele>17.4</ele>
    <time>2026-09-20T21:33:00Z</time>
   </trkpt>
   <trkpt lat="37.7590660" lon="-122.4219340">
    <ele>17.4</ele>
    <time>2026-09-20T21:33:01Z</time>
   </trkpt>
   <trkpt lat="37.7590670" lon="-122.4219360">
    <ele>17.4</ele>
    <time>2026-09-20T21:33:02Z</time>
   </trkpt>
   <trkpt lat="37.7590670" lon="-122.4219390">
    <ele>17.4</ele>
    <time>2026-09-20T21:33:03Z</time>
   </trkpt>
   <trkpt lat="37.7590690" lon="-122.4219430">
    <ele>17.4</ele>
    <time>2026-09-20T21:33:04Z</time>
   </trkpt>
   <trkpt lat="37.7590640" lon="-122.4219480">
    <ele>17.4</ele>
    <time>2026-09-20T21:33:05Z</time>
   </trkpt>
   <trkpt lat="37.7590530" lon="-122.4219710">
    <ele>17.4</ele>
    <time>2026-09-20T21:33:06Z</time>
   </trkpt>
   <trkpt lat="37.7590390" lon="-122.4219850">
    <ele>17.4</ele>
    <time>2026-09-20T21:33:07Z</time>
   </trkpt>
   <trkpt lat="37.7590510" lon="-122.4219910">
    <ele>17.4</ele>
    <time>2026-09-20T21:33:08Z</time>
   </trkpt>
   <trkpt lat="37.7590560" lon="-122.4220020">
    <ele>17.4</ele>
    <time>2026-09-20T21:33:09Z</time>
   </trkpt>
   <trkpt lat="37.7590710" lon="-122.4220160">
    <ele>17.4</ele>
    <time>2026-09-20T21:33:10Z</time>
   </trkpt>
   <trkpt lat="37.7590800" lon="-122.4220430">
    <ele>17.3</ele>
    <time>2026-09-20T21:33:11Z</time>
   </trkpt>
   <trkpt lat="37.7590790" lon="-122.4220770">
    <ele>17.3</ele>
    <time>2026-09-20T21:33:12Z</time>
   </trkpt>
   <trkpt lat="37.7590440" lon="-122.4221570">
    <ele>17.4</ele>
    <time>2026-09-20T21:33:13Z</time>
   </trkpt>
   <trkpt lat="37.7589770" lon="-122.4221980">
    <ele>17.4</ele>
    <time>2026-09-20T21:33:14Z</time>
   </trkpt>
   <trkpt lat="37.7589090" lon="-122.4222190">
    <ele>17.4</ele>
    <time>2026-09-20T21:33:15Z</time>
   </trkpt>
   <trkpt lat="37.7588350" lon="-122.4222310">
    <ele>18.7</ele>
    <time>2026-09-20T21:33:16Z</time>
   </trkpt>
   <trkpt lat="37.7588120" lon="-122.4222660">
    <ele>18.6</ele>
    <time>2026-09-20T21:33:17Z</time>
   </trkpt>
   <trkpt lat="37.7588430" lon="-122.4222710">
    <ele>17.9</ele>
    <time>2026-09-20T21:33:18Z</time>
   </trkpt>
   <trkpt lat="37.7588700" lon="-122.4222590">
    <ele>17.9</ele>
    <time>2026-09-20T21:33:19Z</time>
   </trkpt>
   <trkpt lat="37.7589140" lon="-122.4221820">
    <ele>17.4</ele>
    <time>2026-09-20T21:33:20Z</time>
   </trkpt>
   <trkpt lat="37.7589490" lon="-122.4220960">
    <ele>17.5</ele>
    <time>2026-09-20T21:33:21Z</time>
   </trkpt>
   <trkpt lat="37.7589560" lon="-122.4220640">
    <ele>17.5</ele>
    <time>2026-09-20T21:33:22Z</time>
   </trkpt>
   <trkpt lat="37.7589690" lon="-122.4220610">
    <ele>17.5</ele>
    <time>2026-09-20T21:33:23Z</time>
   </trkpt>
   <trkpt lat="37.7589630" lon="-122.4220660">
    <ele>17.5</ele>
    <time>2026-09-20T21:33:24Z</time>
   </trkpt>
   <trkpt lat="37.7589440" lon="-122.4220750">
    <ele>17.5</ele>
    <time>2026-09-20T21:33:25Z</time>
   </trkpt>
   <trkpt lat="37.7589140" lon="-122.4220750">
    <ele>17.5</ele>
    <time>2026-09-20T21:33:26Z</time>
   </trkpt>
   <trkpt lat="37.7589160" lon="-122.4220810">
    <ele>17.5</ele>
    <time>2026-09-20T21:33:27Z</time>
   </trkpt>
   <trkpt lat="37.7589390" lon="-122.4220930">
    <ele>17.5</ele>
    <time>2026-09-20T21:33:28Z</time>
   </trkpt>
   <trkpt lat="37.7589580" lon="-122.4220950">
    <ele>17.5</ele>
    <time>2026-09-20T21:33:29Z</time>
   </trkpt>
   <trkpt lat="37.7589780" lon="-122.4220990">
    <ele>17.5</ele>
    <time>2026-09-20T21:33:30Z</time>
   </trkpt>
   <trkpt lat="37.7590090" lon="-122.4220940">
    <ele>17.5</ele>
    <time>2026-09-20T21:33:31Z</time>
   </trkpt>
   <trkpt lat="37.7590440" lon="-122.4220600">
    <ele>17.4</ele>
    <time>2026-09-20T21:33:32Z</time>
   </trkpt>
   <trkpt lat="37.7590660" lon="-122.4220300">
    <ele>17.4</ele>
    <time>2026-09-20T21:33:33Z</time>
   </trkpt>
   <trkpt lat="37.7591080" lon="-122.4219800">
    <ele>17.4</ele>
    <time>2026-09-20T21:33:34Z</time>
   </trkpt>
   <trkpt lat="37.7590790" lon="-122.4219630">
    <ele>17.4</ele>
    <time>2026-09-20T21:33:35Z</time>
   </trkpt>
   <trkpt lat="37.7590210" lon="-122.4219370">
    <ele>17.5</ele>
    <time>2026-09-20T21:33:36Z</time>
   </trkpt>
   <trkpt lat="37.7589740" lon="-122.4219340">
    <ele>17.5</ele>
    <time>2026-09-20T21:33:37Z</time>
   </trkpt>
   <trkpt lat="37.7589640" lon="-122.4219600">
    <ele>17.5</ele>
    <time>2026-09-20T21:33:38Z</time>
   </trkpt>
   <trkpt lat="37.7589740" lon="-122.4219850">
    <ele>17.5</ele>
    <time>2026-09-20T21:33:39Z</time>
   </trkpt>
   <trkpt lat="37.7589850" lon="-122.4220080">
    <ele>17.5</ele>
    <time>2026-09-20T21:33:40Z</time>
   </trkpt>
   <trkpt lat="37.7589900" lon="-122.4220240">
    <ele>17.5</ele>
    <time>2026-09-20T21:33:41Z</time>
   </trkpt>
   <trkpt lat="37.7589970" lon="-122.4220380">
    <ele>17.5</ele>
    <time>2026-09-20T21:33:42Z</time>
   </trkpt>
   <trkpt lat="37.7589950" lon="-122.4220530">
    <ele>17.5</ele>
    <time>2026-09-20T21:33:43Z</time>
   </trkpt>
   <trkpt lat="37.7590060" lon="-122.4220970">
    <ele>17.5</ele>
    <time>2026-09-20T21:33:44Z</time>
   </trkpt>
   <trkpt lat="37.7590220" lon="-122.4221430">
    <ele>17.4</ele>
    <time>2026-09-20T21:33:45Z</time>
   </trkpt>
   <trkpt lat="37.7590580" lon="-122.4221730">
    <ele>17.3</ele>
    <time>2026-09-20T21:33:46Z</time>
   </trkpt>
   <trkpt lat="37.7590910" lon="-122.4221600">
    <ele>17.3</ele>
    <time>2026-09-20T21:33:47Z</time>
   </trkpt>
   <trkpt lat="37.7590730" lon="-122.4221430">
    <ele>17.4</ele>
    <time>2026-09-20T21:33:48Z</time>
   </trkpt>
   <trkpt lat="37.7590580" lon="-122.4221410">
    <ele>17.4</ele>
    <time>2026-09-20T21:33:49Z</time>
   </trkpt>
   <trkpt lat="37.7590530" lon="-122.4221450">
    <ele>17.4</ele>
    <time>2026-09-20T21:33:50Z</time>
   </trkpt>
   <trkpt lat="37.7590580" lon="-122.4221460">
    <ele>17.4</ele>
    <time>2026-09-20T21:33:51Z</time>
   </trkpt>
   <trkpt lat="37.7590570" lon="-122.4221480">
    <ele>17.4</ele>
    <time>2026-09-20T21:33:52Z</time>
   </trkpt>
   <trkpt lat="37.7590530" lon="-122.4221510">
    <ele>17.4</ele>
    <time>2026-09-20T21:33:53Z</time>
   </trkpt>
   <trkpt lat="37.7590500" lon="-122.4221330">
    <ele>17.4</ele>
    <time>2026-09-20T21:33:54Z</time>
   </trkpt>
   <trkpt lat="37.7590460" lon="-122.4221270">
    <ele>17.4</ele>
    <time>2026-09-20T21:33:55Z</time>
   </trkpt>
   <trkpt lat="37.7590430" lon="-122.4221200">
    <ele>17.4</ele>
    <time>2026-09-20T21:33:56Z</time>
   </trkpt>
   <trkpt lat="37.7590420" lon="-122.4221130">
    <ele>17.4</ele>
    <time>2026-09-20T21:33:57Z</time>
   </trkpt>
   <trkpt lat="37.7590390" lon="-122.4221030">
    <ele>17.4</ele>
    <time>2026-09-20T21:33:58Z</time>
   </trkpt>
   <trkpt lat="37.7590380" lon="-122.4220950">
    <ele>17.4</ele>
    <time>2026-09-20T21:33:59Z</time>
   </trkpt>
   <trkpt lat="37.7590370" lon="-122.4220930">
    <ele>17.4</ele>
    <time>2026-09-20T21:34:00Z</time>
   </trkpt>
   <trkpt lat="37.7590400" lon="-122.4220910">
    <ele>17.4</ele>
    <time>2026-09-20T21:34:01Z</time>
   </trkpt>
   <trkpt lat="37.7590400" lon="-122.4220920">
    <ele>17.4</ele>
    <time>2026-09-20T21:34:02Z</time>
   </trkpt>
   <trkpt lat="37.7590520" lon="-122.4220730">
    <ele>17.4</ele>
    <time>2026-09-20T21:34:03Z</time>
   </trkpt>
   <trkpt lat="37.7590620" lon="-122.4220440">
    <ele>17.4</ele>
    <time>2026-09-20T21:34:04Z</time>
   </trkpt>
   <trkpt lat="37.7590460" lon="-122.4220260">
    <ele>17.4</ele>
    <time>2026-09-20T21:34:05Z</time>
   </trkpt>
   <trkpt lat="37.7590320" lon="-122.4220300">
    <ele>17.4</ele>
    <time>2026-09-20T21:34:06Z</time>
   </trkpt>
   <trkpt lat="37.7590280" lon="-122.4220520">
    <ele>17.4</ele>
    <time>2026-09-20T21:34:07Z</time>
   </trkpt>
   <trkpt lat="37.7590100" lon="-122.4220860">
    <ele>17.5</ele>
    <time>2026-09-20T21:34:08Z</time>
   </trkpt>
   <trkpt lat="37.7589850" lon="-122.4221030">
    <ele>17.5</ele>
    <time>2026-09-20T21:34:09Z</time>
   </trkpt>
   <trkpt lat="37.7589520" lon="-122.4221060">
    <ele>17.5</ele>
    <time>2026-09-20T21:34:10Z</time>
   </trkpt>
   <trkpt lat="37.7589300" lon="-122.4221120">
    <ele>17.5</ele>
    <time>2026-09-20T21:34:11Z</time>
   </trkpt>
   <trkpt lat="37.7589240" lon="-122.4221050">
    <ele>17.5</ele>
    <time>2026-09-20T21:34:12Z</time>
   </trkpt>
   <trkpt lat="37.7589290" lon="-122.4220890">
    <ele>17.5</ele>
    <time>2026-09-20T21:34:13Z</time>
   </trkpt>
   <trkpt lat="37.7589340" lon="-122.4220760">
    <ele>17.5</ele>
    <time>2026-09-20T21:34:14Z</time>
   </trkpt>
   <trkpt lat="37.7589560" lon="-122.4220530">
    <ele>17.5</ele>
    <time>2026-09-20T21:34:15Z</time>
   </trkpt>
   <trkpt lat="37.7589950" lon="-122.4220050">
    <ele>17.5</ele>
    <time>2026-09-20T21:34:16Z</time>
   </trkpt>
   <trkpt lat="37.7590350" lon="-122.4219540">
    <ele>17.4</ele>
    <time>2026-09-20T21:34:17Z</time>
   </trkpt>
   <trkpt lat="37.7590680" lon="-122.4219190">
    <ele>17.4</ele>
    <time>2026-09-20T21:34:18Z</time>
   </trkpt>
   <trkpt lat="37.7590790" lon="-122.4219250">
    <ele>17.4</ele>
    <time>2026-09-20T21:34:19Z</time>
   </trkpt>
   <trkpt lat="37.7590820" lon="-122.4219610">
    <ele>17.4</ele>
    <time>2026-09-20T21:34:20Z</time>
   </trkpt>
   <trkpt lat="37.7590830" lon="-122.4219900">
    <ele>17.4</ele>
    <time>2026-09-20T21:34:21Z</time>
   </trkpt>
   <trkpt lat="37.7590880" lon="-122.4220230">
    <ele>17.4</ele>
    <time>2026-09-20T21:34:22Z</time>
   </trkpt>
   <trkpt lat="37.7590810" lon="-122.4220520">
    <ele>17.3</ele>
    <time>2026-09-20T21:34:23Z</time>
   </trkpt>
   <trkpt lat="37.7590710" lon="-122.4220650">
    <ele>17.4</ele>
    <time>2026-09-20T21:34:24Z</time>
   </trkpt>
   <trkpt lat="37.7590650" lon="-122.4220850">
    <ele>17.4</ele>
    <time>2026-09-20T21:34:25Z</time>
   </trkpt>
   <trkpt lat="37.7590600" lon="-122.4221080">
    <ele>17.4</ele>
    <time>2026-09-20T21:34:26Z</time>
   </trkpt>
   <trkpt lat="37.7590570" lon="-122.4221160">
    <ele>17.4</ele>
    <time>2026-09-20T21:34:27Z</time>
   </trkpt>
   <trkpt lat="37.7590500" lon="-122.4221290">
    <ele>17.4</ele>
    <time>2026-09-20T21:34:28Z</time>
   </trkpt>
   <trkpt lat="37.7590410" lon="-122.4221320">
    <ele>17.4</ele>
    <time>2026-09-20T21:34:29Z</time>
   </trkpt>
   <trkpt lat="37.7590320" lon="-122.4221290">
    <ele>17.4</ele>
    <time>2026-09-20T21:34:30Z</time>
   </trkpt>
   <trkpt lat="37.7590200" lon="-122.4221290">
    <ele>17.4</ele>
    <time>2026-09-20T21:34:31Z</time>
   </trkpt>
   <trkpt lat="37.7590110" lon="-122.4221220">
    <ele>17.4</ele>
    <time>2026-09-20T21:34:32Z</time>
   </trkpt>
   <trkpt lat="37.7589980" lon="-122.4221270">
    <ele>17.4</ele>
    <time>2026-09-20T21:34:33Z</time>
   </trkpt>
   <trkpt lat="37.7589830" lon="-122.4221220">
    <ele>17.4</ele>
    <time>2026-09-20T21:34:34Z</time>
   </trkpt>
   <trkpt lat="37.7589850" lon="-122.4221250">
    <ele>17.4</ele>
    <time>2026-09-20T21:34:35Z</time>
   </trkpt>
   <trkpt lat="37.7589850" lon="-122.4221320">
    <ele>17.4</ele>
    <time>2026-09-20T21:34:36Z</time>
   </trkpt>
   <trkpt lat="37.7589810" lon="-122.4221440">
    <ele>17.4</ele>
    <time>2026-09-20T21:34:37Z</time>
   </trkpt>
   <trkpt lat="37.7589690" lon="-122.4221570">
    <ele>17.4</ele>
    <time>2026-09-20T21:34:38Z</time>
   </trkpt>
   <trkpt lat="37.7589660" lon="-122.4221550">
    <ele>17.4</ele>
    <time>2026-09-20T21:34:39Z</time>
   </trkpt>
   <trkpt lat="37.7589430" lon="-122.4221490">
    <ele>17.4</ele>
    <time>2026-09-20T21:34:40Z</time>
   </trkpt>
   <trkpt lat="37.7589190" lon="-122.4221280">
    <ele>17.5</ele>
    <time>2026-09-20T21:34:41Z</time>
   </trkpt>
   <trkpt lat="37.7589180" lon="-122.4220870">
    <ele>17.5</ele>
    <time>2026-09-20T21:34:42Z</time>
   </trkpt>
   <trkpt lat="37.7589340" lon="-122.4220650">
    <ele>17.5</ele>
    <time>2026-09-20T21:34:43Z</time>
   </trkpt>
   <trkpt lat="37.7589580" lon="-122.4220590">
    <ele>17.5</ele>
    <time>2026-09-20T21:34:44Z</time>
   </trkpt>
   <trkpt lat="37.7589820" lon="-122.4220520">
    <ele>17.5</ele>
    <time>2026-09-20T21:34:45Z</time>
   </trkpt>
   <trkpt lat="37.7590090" lon="-122.4220400">
    <ele>17.5</ele>
    <time>2026-09-20T21:34:46Z</time>
   </trkpt>
   <trkpt lat="37.7590390" lon="-122.4220640">
    <ele>17.4</ele>
    <time>2026-09-20T21:34:47Z</time>
   </trkpt>
   <trkpt lat="37.7590550" lon="-122.4220890">
    <ele>17.4</ele>
    <time>2026-09-20T21:34:48Z</time>
   </trkpt>
   <trkpt lat="37.7590640" lon="-122.4221060">
    <ele>17.4</ele>
    <time>2026-09-20T21:34:49Z</time>
   </trkpt>
   <trkpt lat="37.7590770" lon="-122.4221100">
    <ele>17.4</ele>
    <time>2026-09-20T21:34:50Z</time>
   </trkpt>
   <trkpt lat="37.7590920" lon="-122.4221130">
    <ele>17.3</ele>
    <time>2026-09-20T21:34:51Z</time>
   </trkpt>
   <trkpt lat="37.7591020" lon="-122.4221210">
    <ele>17.3</ele>
    <time>2026-09-20T21:34:52Z</time>
   </trkpt>
   <trkpt lat="37.7590890" lon="-122.4221240">
    <ele>17.3</ele>
    <time>2026-09-20T21:34:53Z</time>
   </trkpt>
   <trkpt lat="37.7590730" lon="-122.4221020">
    <ele>17.4</ele>
    <time>2026-09-20T21:34:54Z</time>
   </trkpt>
   <trkpt lat="37.7590670" lon="-122.4220900">
    <ele>17.4</ele>
    <time>2026-09-20T21:34:55Z</time>
   </trkpt>
   <trkpt lat="37.7590730" lon="-122.4220830">
    <ele>17.4</ele>
    <time>2026-09-20T21:34:56Z</time>
   </trkpt>
   <trkpt lat="37.7590830" lon="-122.4220730">
    <ele>17.3</ele>
    <time>2026-09-20T21:34:57Z</time>
   </trkpt>
   <trkpt lat="37.7590850" lon="-122.4220310">
    <ele>17.3</ele>
    <time>2026-09-20T21:34:58Z</time>
   </trkpt>
   <trkpt lat="37.7590740" lon="-122.4219990">
    <ele>17.4</ele>
    <time>2026-09-20T21:34:59Z</time>
   </trkpt>
   <trkpt lat="37.7590560" lon="-122.4219670">
    <ele>17.4</ele>
    <time>2026-09-20T21:35:00Z</time>
   </trkpt>
   <trkpt lat="37.7590440" lon="-122.4219350">
    <ele>17.5</ele>
    <time>2026-09-20T21:35:01Z</time>
   </trkpt>
   <trkpt lat="37.7590480" lon="-122.4219170">
    <ele>17.4</ele>
    <time>2026-09-20T21:35:02Z</time>
   </trkpt>
   <trkpt lat="37.7590690" lon="-122.4219180">
    <ele>17.4</ele>
    <time>2026-09-20T21:35:03Z</time>
   </trkpt>
   <trkpt lat="37.7591180" lon="-122.4219260">
    <ele>17.4</ele>
    <time>2026-09-20T21:35:04Z</time>
   </trkpt>
   <trkpt lat="37.7591620" lon="-122.4219200">
    <ele>17.4</ele>
    <time>2026-09-20T21:35:05Z</time>
   </trkpt>
   <trkpt lat="37.7591910" lon="-122.4219050">
    <ele>17.3</ele>
    <time>2026-09-20T21:35:06Z</time>
   </trkpt>
   <trkpt lat="37.7592170" lon="-122.4218970">
    <ele>17.2</ele>
    <time>2026-09-20T21:35:07Z</time>
   </trkpt>
   <trkpt lat="37.7592070" lon="-122.4218950">
    <ele>17.3</ele>
    <time>2026-09-20T21:35:08Z</time>
   </trkpt>
   <trkpt lat="37.7591900" lon="-122.4218860">
    <ele>17.3</ele>
    <time>2026-09-20T21:35:09Z</time>
   </trkpt>
   <trkpt lat="37.7591720" lon="-122.4218890">
    <ele>17.4</ele>
    <time>2026-09-20T21:35:10Z</time>
   </trkpt>
   <trkpt lat="37.7591550" lon="-122.4219070">
    <ele>17.4</ele>
    <time>2026-09-20T21:35:11Z</time>
   </trkpt>
   <trkpt lat="37.7591430" lon="-122.4219380">
    <ele>17.4</ele>
    <time>2026-09-20T21:35:12Z</time>
   </trkpt>
   <trkpt lat="37.7591410" lon="-122.4219750">
    <ele>17.4</ele>
    <time>2026-09-20T21:35:13Z</time>
   </trkpt>
   <trkpt lat="37.7591300" lon="-122.4220060">
    <ele>17.3</ele>
    <time>2026-09-20T21:35:14Z</time>
   </trkpt>
   <trkpt lat="37.7591240" lon="-122.4220150">
    <ele>17.3</ele>
    <time>2026-09-20T21:35:15Z</time>
   </trkpt>
   <trkpt lat="37.7591210" lon="-122.4220380">
    <ele>17.3</ele>
    <time>2026-09-20T21:35:16Z</time>
   </trkpt>
   <trkpt lat="37.7591260" lon="-122.4220510">
    <ele>17.3</ele>
    <time>2026-09-20T21:35:17Z</time>
   </trkpt>
   <trkpt lat="37.7591140" lon="-122.4220560">
    <ele>17.3</ele>
    <time>2026-09-20T21:35:18Z</time>
   </trkpt>
   <trkpt lat="37.7590850" lon="-122.4220430">
    <ele>17.3</ele>
    <time>2026-09-20T21:35:19Z</time>
   </trkpt>
   <trkpt lat="37.7590730" lon="-122.4220650">
    <ele>17.4</ele>
    <time>2026-09-20T21:35:20Z</time>
   </trkpt>
   <trkpt lat="37.7590760" lon="-122.4221250">
    <ele>17.4</ele>
    <time>2026-09-20T21:35:21Z</time>
   </trkpt>
   <trkpt lat="37.7591110" lon="-122.4221670">
    <ele>17.3</ele>
    <time>2026-09-20T21:35:22Z</time>
   </trkpt>
   <trkpt lat="37.7591410" lon="-122.4221660">
    <ele>17.3</ele>
    <time>2026-09-20T21:35:23Z</time>
   </trkpt>
   <trkpt lat="37.7591800" lon="-122.4221440">
    <ele>17.2</ele>
    <time>2026-09-20T21:35:24Z</time>
   </trkpt>
   <trkpt lat="37.7592140" lon="-122.4221210">
    <ele>17.2</ele>
    <time>2026-09-20T21:35:25Z</time>
   </trkpt>
   <trkpt lat="37.7592310" lon="-122.4221190">
    <ele>17.2</ele>
    <time>2026-09-20T21:35:26Z</time>
   </trkpt>
   <trkpt lat="37.7592370" lon="-122.4221520">
    <ele>17.2</ele>
    <time>2026-09-20T21:35:27Z</time>
   </trkpt>
   <trkpt lat="37.7592100" lon="-122.4222070">
    <ele>17.2</ele>
    <time>2026-09-20T21:35:28Z</time>
   </trkpt>
   <trkpt lat="37.7591780" lon="-122.4222400">
    <ele>17.2</ele>
    <time>2026-09-20T21:35:29Z</time>
   </trkpt>
   <trkpt lat="37.7591590" lon="-122.4222780">
    <ele>17.2</ele>
    <time>2026-09-20T21:35:30Z</time>
   </trkpt>
   <trkpt lat="37.7591380" lon="-122.4222830">
    <ele>17.2</ele>
    <time>2026-09-20T21:35:31Z</time>
   </trkpt>
   <trkpt lat="37.7591640" lon="-122.4222560">
    <ele>17.2</ele>
    <time>2026-09-20T21:35:32Z</time>
   </trkpt>
   <trkpt lat="37.7592020" lon="-122.4222160">
    <ele>17.2</ele>
    <time>2026-09-20T21:35:33Z</time>
   </trkpt>
   <trkpt lat="37.7592100" lon="-122.4222130">
    <ele>17.2</ele>
    <time>2026-09-20T21:35:34Z</time>
   </trkpt>
   <trkpt lat="37.7592130" lon="-122.4222150">
    <ele>17.2</ele>
    <time>2026-09-20T21:35:35Z</time>
   </trkpt>
   <trkpt lat="37.7592020" lon="-122.4222170">
    <ele>17.2</ele>
    <time>2026-09-20T21:35:36Z</time>
   </trkpt>
   <trkpt lat="37.7591940" lon="-122.4222020">
    <ele>17.2</ele>
    <time>2026-09-20T21:35:37Z</time>
   </trkpt>
   <trkpt lat="37.7591800" lon="-122.4221780">
    <ele>17.2</ele>
    <time>2026-09-20T21:35:38Z</time>
   </trkpt>
   <trkpt lat="37.7591710" lon="-122.4221440">
    <ele>17.3</ele>
    <time>2026-09-20T21:35:39Z</time>
   </trkpt>
   <trkpt lat="37.7591790" lon="-122.4221480">
    <ele>17.3</ele>
    <time>2026-09-20T21:35:40Z</time>
   </trkpt>
   <trkpt lat="37.7591780" lon="-122.4221810">
    <ele>17.2</ele>
    <time>2026-09-20T21:35:41Z</time>
   </trkpt>
   <trkpt lat="37.7591800" lon="-122.4222420">
    <ele>17.2</ele>
    <time>2026-09-20T21:35:42Z</time>
   </trkpt>
   <trkpt lat="37.7591760" lon="-122.4222830">
    <ele>17.2</ele>
    <time>2026-09-20T21:35:43Z</time>
   </trkpt>
   <trkpt lat="37.7591660" lon="-122.4223100">
    <ele>17.2</ele>
    <time>2026-09-20T21:35:44Z</time>
   </trkpt>
   <trkpt lat="37.7591640" lon="-122.4222920">
    <ele>17.2</ele>
    <time>2026-09-20T21:35:45Z</time>
   </trkpt>
   <trkpt lat="37.7591590" lon="-122.4222680">
    <ele>17.2</ele>
    <time>2026-09-20T21:35:46Z</time>
   </trkpt>
   <trkpt lat="37.7591500" lon="-122.4222050">
    <ele>17.2</ele>
    <time>2026-09-20T21:35:47Z</time>
   </trkpt>
   <trkpt lat="37.7591420" lon="-122.4221400">
    <ele>17.3</ele>
    <time>2026-09-20T21:35:48Z</time>
   </trkpt>
   <trkpt lat="37.7591430" lon="-122.4221440">
    <ele>17.3</ele>
    <time>2026-09-20T21:35:49Z</time>
   </trkpt>
   <trkpt lat="37.7591440" lon="-122.4221770">
    <ele>17.3</ele>
    <time>2026-09-20T21:35:50Z</time>
   </trkpt>
   <trkpt lat="37.7591520" lon="-122.4222020">
    <ele>17.2</ele>
    <time>2026-09-20T21:35:51Z</time>
   </trkpt>
   <trkpt lat="37.7591560" lon="-122.4222100">
    <ele>17.2</ele>
    <time>2026-09-20T21:35:52Z</time>
   </trkpt>
   <trkpt lat="37.7591540" lon="-122.4221940">
    <ele>17.2</ele>
    <time>2026-09-20T21:35:53Z</time>
   </trkpt>
   <trkpt lat="37.7591440" lon="-122.4222150">
    <ele>17.2</ele>
    <time>2026-09-20T21:35:54Z</time>
   </trkpt>
   <trkpt lat="37.7591380" lon="-122.4222180">
    <ele>17.2</ele>
    <time>2026-09-20T21:35:55Z</time>
   </trkpt>
   <trkpt lat="37.7591470" lon="-122.4222090">
    <ele>17.2</ele>
    <time>2026-09-20T21:35:56Z</time>
   </trkpt>
   <trkpt lat="37.7591520" lon="-122.4222180">
    <ele>17.2</ele>
    <time>2026-09-20T21:35:57Z</time>
   </trkpt>
   <trkpt lat="37.7591550" lon="-122.4222130">
    <ele>17.2</ele>
    <time>2026-09-20T21:35:58Z</time>
   </trkpt>
   <trkpt lat="37.7591450" lon="-122.4222190">
    <ele>17.2</ele>
    <time>2026-09-20T21:35:59Z</time>
   </trkpt>
   <trkpt lat="37.7591270" lon="-122.4222170">
    <ele>17.2</ele>
    <time>2026-09-20T21:36:00Z</time>
   </trkpt>
   <trkpt lat="37.7591090" lon="-122.4222060">
    <ele>17.3</ele>
    <time>2026-09-20T21:36:01Z</time>
   </trkpt>
   <trkpt lat="37.7591060" lon="-122.4222050">
    <ele>17.3</ele>
    <time>2026-09-20T21:36:02Z</time>
   </trkpt>
   <trkpt lat="37.7591030" lon="-122.4222110">
    <ele>17.3</ele>
    <time>2026-09-20T21:36:03Z</time>
   </trkpt>
   <trkpt lat="37.7590940" lon="-122.4222250">
    <ele>17.3</ele>
    <time>2026-09-20T21:36:04Z</time>
   </trkpt>
   <trkpt lat="37.7590690" lon="-122.4222390">
    <ele>17.3</ele>
    <time>2026-09-20T21:36:05Z</time>
   </trkpt>
   <trkpt lat="37.7590420" lon="-122.4222620">
    <ele>17.3</ele>
    <time>2026-09-20T21:36:06Z</time>
   </trkpt>
   <trkpt lat="37.7590300" lon="-122.4222650">
    <ele>17.3</ele>
    <time>2026-09-20T21:36:07Z</time>
   </trkpt>
   <trkpt lat="37.7590250" lon="-122.4222410">
    <ele>17.4</ele>
    <time>2026-09-20T21:36:08Z</time>
   </trkpt>
   <trkpt lat="37.7590290" lon="-122.4222140">
    <ele>17.4</ele>
    <time>2026-09-20T21:36:09Z</time>
   </trkpt>
   <trkpt lat="37.7590410" lon="-122.4221920">
    <ele>17.4</ele>
    <time>2026-09-20T21:36:10Z</time>
   </trkpt>
   <trkpt lat="37.7590430" lon="-122.4221810">
    <ele>17.4</ele>
    <time>2026-09-20T21:36:11Z</time>
   </trkpt>
   <trkpt lat="37.7590430" lon="-122.4221790">
    <ele>17.4</ele>
    <time>2026-09-20T21:36:12Z</time>
   </trkpt>
   <trkpt lat="37.7590520" lon="-122.4221880">
    <ele>17.3</ele>
    <time>2026-09-20T21:36:13Z</time>
   </trkpt>
   <trkpt lat="37.7590830" lon="-122.4221930">
    <ele>17.3</ele>
    <time>2026-09-20T21:36:14Z</time>
   </trkpt>
   <trkpt lat="37.7591200" lon="-122.4222060">
    <ele>17.2</ele>
    <time>2026-09-20T21:36:15Z</time>
   </trkpt>
   <trkpt lat="37.7591480" lon="-122.4221890">
    <ele>17.2</ele>
    <time>2026-09-20T21:36:16Z</time>
   </trkpt>
   <trkpt lat="37.7591420" lon="-122.4221510">
    <ele>17.3</ele>
    <time>2026-09-20T21:36:17Z</time>
   </trkpt>
   <trkpt lat="37.7591250" lon="-122.4221290">
    <ele>17.3</ele>
    <time>2026-09-20T21:36:18Z</time>
   </trkpt>
   <trkpt lat="37.7591180" lon="-122.4221140">
    <ele>17.3</ele>
    <time>2026-09-20T21:36:19Z</time>
   </trkpt>
   <trkpt lat="37.7591090" lon="-122.4220880">
    <ele>17.3</ele>
    <time>2026-09-20T21:36:20Z</time>
   </trkpt>
   <trkpt lat="37.7591090" lon="-122.4220440">
    <ele>17.3</ele>
    <time>2026-09-20T21:36:21Z</time>
   </trkpt>
   <trkpt lat="37.7591390" lon="-122.4219780">
    <ele>17.4</ele>
    <time>2026-09-20T21:36:22Z</time>
   </trkpt>
   <trkpt lat="37.7591320" lon="-122.4219800">
    <ele>17.4</ele>
    <time>2026-09-20T21:36:23Z</time>
   </trkpt>
   <trkpt lat="37.7591340" lon="-122.4220060">
    <ele>17.3</ele>
    <time>2026-09-20T21:36:24Z</time>
   </trkpt>
   <trkpt lat="37.7591360" lon="-122.4220180">
    <ele>17.3</ele>
    <time>2026-09-20T21:36:25Z</time>
   </trkpt>
   <trkpt lat="37.7591150" lon="-122.4219980">
    <ele>17.3</ele>
    <time>2026-09-20T21:36:26Z</time>
   </trkpt>
   <trkpt lat="37.7590830" lon="-122.4219700">
    <ele>17.4</ele>
    <time>2026-09-20T21:36:27Z</time>
   </trkpt>
   <trkpt lat="37.7590560" lon="-122.4219400">
    <ele>17.4</ele>
    <time>2026-09-20T21:36:28Z</time>
   </trkpt>
   <trkpt lat="37.7590420" lon="-122.4219170">
    <ele>17.5</ele>
    <time>2026-09-20T21:36:29Z</time>
   </trkpt>
   <trkpt lat="37.7590530" lon="-122.4218810">
    <ele>17.5</ele>
    <time>2026-09-20T21:36:30Z</time>
   </trkpt>
   <trkpt lat="37.7590820" lon="-122.4218930">
    <ele>17.4</ele>
    <time>2026-09-20T21:36:31Z</time>
   </trkpt>
   <trkpt lat="37.7591040" lon="-122.4219360">
    <ele>17.4</ele>
    <time>2026-09-20T21:36:32Z</time>
   </trkpt>
   <trkpt lat="37.7591100" lon="-122.4219860">
    <ele>17.4</ele>
    <time>2026-09-20T21:36:33Z</time>
   </trkpt>
   <trkpt lat="37.7591000" lon="-122.4220030">
    <ele>17.4</ele>
    <time>2026-09-20T21:36:34Z</time>
   </trkpt>
   <trkpt lat="37.7590930" lon="-122.4220160">
    <ele>17.4</ele>
    <time>2026-09-20T21:36:35Z</time>
   </trkpt>
   <trkpt lat="37.7590870" lon="-122.4220120">
    <ele>17.4</ele>
    <time>2026-09-20T21:36:36Z</time>
   </trkpt>
   <trkpt lat="37.7590830" lon="-122.4219930">
    <ele>17.4</ele>
    <time>2026-09-20T21:36:37Z</time>
   </trkpt>
   <trkpt lat="37.7590670" lon="-122.4219640">
    <ele>17.4</ele>
    <time>2026-09-20T21:36:38Z</time>
   </trkpt>
   <trkpt lat="37.7590700" lon="-122.4219570">
    <ele>17.4</ele>
    <time>2026-09-20T21:36:39Z</time>
   </trkpt>
   <trkpt lat="37.7590760" lon="-122.4219540">
    <ele>17.4</ele>
    <time>2026-09-20T21:36:40Z</time>
   </trkpt>
   <trkpt lat="37.7590960" lon="-122.4219860">
    <ele>17.4</ele>
    <time>2026-09-20T21:36:41Z</time>
   </trkpt>
   <trkpt lat="37.7591350" lon="-122.4220690">
    <ele>17.3</ele>
    <time>2026-09-20T21:36:42Z</time>
   </trkpt>
   <trkpt lat="37.7591700" lon="-122.4221370">
    <ele>17.3</ele>
    <time>2026-09-20T21:36:43Z</time>
   </trkpt>
   <trkpt lat="37.7592010" lon="-122.4221730">
    <ele>17.2</ele>
    <time>2026-09-20T21:36:44Z</time>
   </trkpt>
   <trkpt lat="37.7591880" lon="-122.4221930">
    <ele>17.2</ele>
    <time>2026-09-20T21:36:45Z</time>
   </trkpt>
   <trkpt lat="37.7591870" lon="-122.4222120">
    <ele>17.2</ele>
    <time>2026-09-20T21:36:46Z</time>
   </trkpt>
   <trkpt lat="37.7591770" lon="-122.4221990">
    <ele>17.2</ele>
    <time>2026-09-20T21:36:47Z</time>
   </trkpt>
   <trkpt lat="37.7591650" lon="-122.4221610">
    <ele>17.2</ele>
    <time>2026-09-20T21:36:48Z</time>
   </trkpt>
   <trkpt lat="37.7591580" lon="-122.4221340">
    <ele>17.3</ele>
    <time>2026-09-20T21:36:49Z</time>
   </trkpt>
   <trkpt lat="37.7591530" lon="-122.4221140">
    <ele>17.3</ele>
    <time>2026-09-20T21:36:50Z</time>
   </trkpt>
   <trkpt lat="37.7591490" lon="-122.4221030">
    <ele>17.3</ele>
    <time>2026-09-20T21:36:51Z</time>
   </trkpt>
   <trkpt lat="37.7591490" lon="-122.4221000">
    <ele>17.3</ele>
    <time>2026-09-20T21:36:52Z</time>
   </trkpt>
   <trkpt lat="37.7591530" lon="-122.4221050">
    <ele>17.3</ele>
    <time>2026-09-20T21:36:53Z</time>
   </trkpt>
   <trkpt lat="37.7591540" lon="-122.4221020">
    <ele>17.3</ele>
    <time>2026-09-20T21:36:54Z</time>
   </trkpt>
   <trkpt lat="37.7591560" lon="-122.4221020">
    <ele>17.3</ele>
    <time>2026-09-20T21:36:55Z</time>
   </trkpt>
   <trkpt lat="37.7591550" lon="-122.4220990">
    <ele>17.3</ele>
    <time>2026-09-20T21:36:56Z</time>
   </trkpt>
   <trkpt lat="37.7591560" lon="-122.4220950">
    <ele>17.3</ele>
    <time>2026-09-20T21:36:57Z</time>
   </trkpt>
   <trkpt lat="37.7591540" lon="-122.4220930">
    <ele>17.3</ele>
    <time>2026-09-20T21:36:58Z</time>
   </trkpt>
   <trkpt lat="37.7591530" lon="-122.4220970">
    <ele>17.3</ele>
    <time>2026-09-20T21:36:59Z</time>
   </trkpt>
   <trkpt lat="37.7591560" lon="-122.4221060">
    <ele>17.3</ele>
    <time>2026-09-20T21:37:00Z</time>
   </trkpt>
   <trkpt lat="37.7591620" lon="-122.4221140">
    <ele>17.3</ele>
    <time>2026-09-20T21:37:01Z</time>
   </trkpt>
   <trkpt lat="37.7591700" lon="-122.4221250">
    <ele>17.3</ele>
    <time>2026-09-20T21:37:02Z</time>
   </trkpt>
   <trkpt lat="37.7591760" lon="-122.4221330">
    <ele>17.3</ele>
    <time>2026-09-20T21:37:03Z</time>
   </trkpt>
   <trkpt lat="37.7591790" lon="-122.4221350">
    <ele>17.3</ele>
    <time>2026-09-20T21:37:04Z</time>
   </trkpt>
   <trkpt lat="37.7591720" lon="-122.4221240">
    <ele>17.3</ele>
    <time>2026-09-20T21:37:05Z</time>
   </trkpt>
   <trkpt lat="37.7591570" lon="-122.4221090">
    <ele>17.3</ele>
    <time>2026-09-20T21:37:06Z</time>
   </trkpt>
   <trkpt lat="37.7591240" lon="-122.4220900">
    <ele>17.3</ele>
    <time>2026-09-20T21:37:07Z</time>
   </trkpt>
   <trkpt lat="37.7590820" lon="-122.4220580">
    <ele>17.3</ele>
    <time>2026-09-20T21:37:08Z</time>
   </trkpt>
   <trkpt lat="37.7590660" lon="-122.4220200">
    <ele>17.4</ele>
    <time>2026-09-20T21:37:09Z</time>
   </trkpt>
   <trkpt lat="37.7590860" lon="-122.4220540">
    <ele>17.3</ele>
    <time>2026-09-20T21:37:10Z</time>
   </trkpt>
   <trkpt lat="37.7591050" lon="-122.4220890">
    <ele>17.3</ele>
    <time>2026-09-20T21:37:11Z</time>
   </trkpt>
   <trkpt lat="37.7591250" lon="-122.4221230">
    <ele>17.3</ele>
    <time>2026-09-20T21:37:12Z</time>
   </trkpt>
   <trkpt lat="37.7591930" lon="-122.4222130">
    <ele>17.2</ele>
    <time>2026-09-20T21:37:13Z</time>
   </trkpt>
   <trkpt lat="37.7591690" lon="-122.4223080">
    <ele>17.2</ele>
    <time>2026-09-20T21:37:14Z</time>
   </trkpt>
   <trkpt lat="37.7591710" lon="-122.4223200">
    <ele>17.2</ele>
    <time>2026-09-20T21:37:15Z</time>
   </trkpt>
   <trkpt lat="37.7591490" lon="-122.4223380">
    <ele>17.2</ele>
    <time>2026-09-20T21:37:16Z</time>
   </trkpt>
   <trkpt lat="37.7590960" lon="-122.4223210">
    <ele>17.2</ele>
    <time>2026-09-20T21:37:17Z</time>
   </trkpt>
   <trkpt lat="37.7590620" lon="-122.4223240">
    <ele>17.3</ele>
    <time>2026-09-20T21:37:18Z</time>
   </trkpt>
   <trkpt lat="37.7590640" lon="-122.4223220">
    <ele>17.3</ele>
    <time>2026-09-20T21:37:19Z</time>
   </trkpt>
   <trkpt lat="37.7590700" lon="-122.4223050">
    <ele>17.3</ele>
    <time>2026-09-20T21:37:20Z</time>
   </trkpt>
   <trkpt lat="37.7590750" lon="-122.4223100">
    <ele>17.3</ele>
    <time>2026-09-20T21:37:21Z</time>
   </trkpt>
   <trkpt lat="37.7590770" lon="-122.4223330">
    <ele>17.3</ele>
    <time>2026-09-20T21:37:22Z</time>
   </trkpt>
   <trkpt lat="37.7590790" lon="-122.4223480">
    <ele>17.3</ele>
    <time>2026-09-20T21:37:23Z</time>
   </trkpt>
   <trkpt lat="37.7590850" lon="-122.4223490">
    <ele>17.3</ele>
    <time>2026-09-20T21:37:24Z</time>
   </trkpt>
   <trkpt lat="37.7590870" lon="-122.4223450">
    <ele>17.3</ele>
    <time>2026-09-20T21:37:25Z</time>
   </trkpt>
   <trkpt lat="37.7590960" lon="-122.4223280">
    <ele>17.3</ele>
    <time>2026-09-20T21:37:26Z</time>
   </trkpt>
   <trkpt lat="37.7591030" lon="-122.4223060">
    <ele>17.2</ele>
    <time>2026-09-20T21:37:27Z</time>
   </trkpt>
   <trkpt lat="37.7590980" lon="-122.4222930">
    <ele>17.2</ele>
    <time>2026-09-20T21:37:28Z</time>
   </trkpt>
   <trkpt lat="37.7590930" lon="-122.4222810">
    <ele>17.3</ele>
    <time>2026-09-20T21:37:29Z</time>
   </trkpt>
   <trkpt lat="37.7590990" lon="-122.4222570">
    <ele>17.3</ele>
    <time>2026-09-20T21:37:30Z</time>
   </trkpt>
   <trkpt lat="37.7590990" lon="-122.4222440">
    <ele>17.3</ele>
    <time>2026-09-20T21:37:31Z</time>
   </trkpt>
   <trkpt lat="37.7590960" lon="-122.4222290">
    <ele>17.3</ele>
    <time>2026-09-20T21:37:32Z</time>
   </trkpt>
   <trkpt lat="37.7591050" lon="-122.4222010">
    <ele>17.3</ele>
    <time>2026-09-20T21:37:33Z</time>
   </trkpt>
   <trkpt lat="37.7591180" lon="-122.4221990">
    <ele>17.3</ele>
    <time>2026-09-20T21:37:34Z</time>
   </trkpt>
   <trkpt lat="37.7591190" lon="-122.4221730">
    <ele>17.3</ele>
    <time>2026-09-20T21:37:35Z</time>
   </trkpt>
   <trkpt lat="37.7591200" lon="-122.4221490">
    <ele>17.3</ele>
    <time>2026-09-20T21:37:36Z</time>
   </trkpt>
   <trkpt lat="37.7591140" lon="-122.4221240">
    <ele>17.3</ele>
    <time>2026-09-20T21:37:37Z</time>
   </trkpt>
   <trkpt lat="37.7590970" lon="-122.4220600">
    <ele>17.3</ele>
    <time>2026-09-20T21:37:38Z</time>
   </trkpt>
   <trkpt lat="37.7590920" lon="-122.4220100">
    <ele>17.4</ele>
    <time>2026-09-20T21:37:39Z</time>
   </trkpt>
   <trkpt lat="37.7590610" lon="-122.4219960">
    <ele>17.4</ele>
    <time>2026-09-20T21:37:40Z</time>
   </trkpt>
   <trkpt lat="37.7590330" lon="-122.4219970">
    <ele>17.4</ele>
    <time>2026-09-20T21:37:41Z</time>
   </trkpt>
   <trkpt lat="37.7590010" lon="-122.4220120">
    <ele>17.5</ele>
    <time>2026-09-20T21:37:42Z</time>
   </trkpt>
   <trkpt lat="37.7589970" lon="-122.4220540">
    <ele>17.5</ele>
    <time>2026-09-20T21:37:43Z</time>
   </trkpt>
   <trkpt lat="37.7590080" lon="-122.4220680">
    <ele>17.5</ele>
    <time>2026-09-20T21:37:44Z</time>
   </trkpt>
   <trkpt lat="37.7590330" lon="-122.4220640">
    <ele>17.4</ele>
    <time>2026-09-20T21:37:45Z</time>
   </trkpt>
   <trkpt lat="37.7590420" lon="-122.4220680">
    <ele>17.4</ele>
    <time>2026-09-20T21:37:46Z</time>
   </trkpt>
   <trkpt lat="37.7590400" lon="-122.4220620">
    <ele>17.4</ele>
    <time>2026-09-20T21:37:47Z</time>
   </trkpt>
   <trkpt lat="37.7590450" lon="-122.4220640">
    <ele>17.4</ele>
    <time>2026-09-20T21:37:48Z</time>
   </trkpt>
   <trkpt lat="37.7590390" lon="-122.4220860">
    <ele>17.4</ele>
    <time>2026-09-20T21:37:49Z</time>
   </trkpt>
   <trkpt lat="37.7590410" lon="-122.4221060">
    <ele>17.4</ele>
    <time>2026-09-20T21:37:50Z</time>
   </trkpt>
   <trkpt lat="37.7590530" lon="-122.4221510">
    <ele>17.4</ele>
    <time>2026-09-20T21:37:51Z</time>
   </trkpt>
   <trkpt lat="37.7590330" lon="-122.4221590">
    <ele>17.4</ele>
    <time>2026-09-20T21:37:52Z</time>
   </trkpt>
   <trkpt lat="37.7590210" lon="-122.4221720">
    <ele>17.4</ele>
    <time>2026-09-20T21:37:53Z</time>
   </trkpt>
   <trkpt lat="37.7590200" lon="-122.4221920">
    <ele>17.4</ele>
    <time>2026-09-20T21:37:54Z</time>
   </trkpt>
   <trkpt lat="37.7590380" lon="-122.4221890">
    <ele>17.4</ele>
    <time>2026-09-20T21:37:55Z</time>
   </trkpt>
   <trkpt lat="37.7590570" lon="-122.4221980">
    <ele>17.3</ele>
    <time>2026-09-20T21:37:56Z</time>
   </trkpt>
   <trkpt lat="37.7590890" lon="-122.4222010">
    <ele>17.3</ele>
    <time>2026-09-20T21:37:57Z</time>
   </trkpt>
   <trkpt lat="37.7591090" lon="-122.4221840">
    <ele>17.3</ele>
    <time>2026-09-20T21:37:58Z</time>
   </trkpt>
   <trkpt lat="37.7591410" lon="-122.4221440">
    <ele>17.3</ele>
    <time>2026-09-20T21:37:59Z</time>
   </trkpt>
   <trkpt lat="37.7591750" lon="-122.4220830">
    <ele>17.3</ele>
    <time>2026-09-20T21:38:00Z</time>
   </trkpt>
   <trkpt lat="37.7591870" lon="-122.4220590">
    <ele>17.3</ele>
    <time>2026-09-20T21:38:01Z</time>
   </trkpt>
   <trkpt lat="37.7591680" lon="-122.4220780">
    <ele>17.3</ele>
    <time>2026-09-20T21:38:02Z</time>
   </trkpt>
   <trkpt lat="37.7591540" lon="-122.4220970">
    <ele>17.3</ele>
    <time>2026-09-20T21:38:03Z</time>
   </trkpt>
   <trkpt lat="37.7591510" lon="-122.4221000">
    <ele>17.3</ele>
    <time>2026-09-20T21:38:04Z</time>
   </trkpt>
   <trkpt lat="37.7591520" lon="-122.4220980">
    <ele>17.3</ele>
    <time>2026-09-20T21:38:05Z</time>
   </trkpt>
   <trkpt lat="37.7591450" lon="-122.4220980">
    <ele>17.3</ele>
    <time>2026-09-20T21:38:06Z</time>
   </trkpt>
   <trkpt lat="37.7591370" lon="-122.4220990">
    <ele>17.3</ele>
    <time>2026-09-20T21:38:07Z</time>
   </trkpt>
   <trkpt lat="37.7591280" lon="-122.4220970">
    <ele>17.3</ele>
    <time>2026-09-20T21:38:08Z</time>
   </trkpt>
   <trkpt lat="37.7591210" lon="-122.4220980">
    <ele>17.3</ele>
    <time>2026-09-20T21:38:09Z</time>
   </trkpt>
   <trkpt lat="37.7591130" lon="-122.4221010">
    <ele>17.3</ele>
    <time>2026-09-20T21:38:10Z</time>
   </trkpt>
   <trkpt lat="37.7591030" lon="-122.4220980">
    <ele>17.3</ele>
    <time>2026-09-20T21:38:11Z</time>
   </trkpt>
   <trkpt lat="37.7590930" lon="-122.4220910">
    <ele>17.3</ele>
    <time>2026-09-20T21:38:12Z</time>
   </trkpt>
   <trkpt lat="37.7590820" lon="-122.4220670">
    <ele>17.3</ele>
    <time>2026-09-20T21:38:13Z</time>
   </trkpt>
   <trkpt lat="37.7590630" lon="-122.4220460">
    <ele>17.4</ele>
    <time>2026-09-20T21:38:14Z</time>
   </trkpt>
   <trkpt lat="37.7590620" lon="-122.4220160">
    <ele>17.4</ele>
    <time>2026-09-20T21:38:15Z</time>
   </trkpt>
   <trkpt lat="37.7590690" lon="-122.4219980">
    <ele>17.4</ele>
    <time>2026-09-20T21:38:16Z</time>
   </trkpt>
   <trkpt lat="37.7590700" lon="-122.4219860">
    <ele>17.4</ele>
    <time>2026-09-20T21:38:17Z</time>
   </trkpt>
   <trkpt lat="37.7590650" lon="-122.4219960">
    <ele>17.4</ele>
    <time>2026-09-20T21:38:18Z</time>
   </trkpt>
   <trkpt lat="37.7590610" lon="-122.4220130">
    <ele>17.4</ele>
    <time>2026-09-20T21:38:19Z</time>
   </trkpt>
   <trkpt lat="37.7590590" lon="-122.4220390">
    <ele>17.4</ele>
    <time>2026-09-20T21:38:20Z</time>
   </trkpt>
   <trkpt lat="37.7590630" lon="-122.4220580">
    <ele>17.4</ele>
    <time>2026-09-20T21:38:21Z</time>
   </trkpt>
   <trkpt lat="37.7590620" lon="-122.4220720">
    <ele>17.4</ele>
    <time>2026-09-20T21:38:22Z</time>
   </trkpt>
   <trkpt lat="37.7590560" lon="-122.4220890">
    <ele>17.4</ele>
    <time>2026-09-20T21:38:23Z</time>
   </trkpt>
   <trkpt lat="37.7590460" lon="-122.4221080">
    <ele>17.4</ele>
    <time>2026-09-20T21:38:24Z</time>
   </trkpt>
   <trkpt lat="37.7590490" lon="-122.4221220">
    <ele>17.4</ele>
    <time>2026-09-20T21:38:25Z</time>
   </trkpt>
   <trkpt lat="37.7590450" lon="-122.4221280">
    <ele>17.4</ele>
    <time>2026-09-20T21:38:26Z</time>
   </trkpt>
   <trkpt lat="37.7590360" lon="-122.4221400">
    <ele>17.4</ele>
    <time>2026-09-20T21:38:27Z</time>
   </trkpt>
   <trkpt lat="37.7590280" lon="-122.4221370">
    <ele>17.4</ele>
    <time>2026-09-20T21:38:28Z</time>
   </trkpt>
   <trkpt lat="37.7590170" lon="-122.4221330">
    <ele>17.4</ele>
    <time>2026-09-20T21:38:29Z</time>
   </trkpt>
   <trkpt lat="37.7590090" lon="-122.4221330">
    <ele>17.4</ele>
    <time>2026-09-20T21:38:30Z</time>
   </trkpt>
   <trkpt lat="37.7590030" lon="-122.4221340">
    <ele>17.4</ele>
    <time>2026-09-20T21:38:31Z</time>
   </trkpt>
   <trkpt lat="37.7589980" lon="-122.4221360">
    <ele>17.4</ele>
    <time>2026-09-20T21:38:32Z</time>
   </trkpt>
   <trkpt lat="37.7589920" lon="-122.4221270">
    <ele>17.4</ele>
    <time>2026-09-20T21:38:33Z</time>
   </trkpt>
   <trkpt lat="37.7589880" lon="-122.4221200">
    <ele>17.4</ele>
    <time>2026-09-20T21:38:34Z</time>
   </trkpt>
   <trkpt lat="37.7589910" lon="-122.4221160">
    <ele>17.4</ele>
    <time>2026-09-20T21:38:35Z</time>
   </trkpt>
   <trkpt lat="37.7589940" lon="-122.4221070">
    <ele>17.5</ele>
    <time>2026-09-20T21:38:36Z</time>
   </trkpt>
   <trkpt lat="37.7589950" lon="-122.4221110">
    <ele>17.5</ele>
    <time>2026-09-20T21:38:37Z</time>
   </trkpt>
   <trkpt lat="37.7589960" lon="-122.4221110">
    <ele>17.5</ele>
    <time>2026-09-20T21:38:38Z</time>
   </trkpt>
   <trkpt lat="37.7589960" lon="-122.4221120">
    <ele>17.5</ele>
    <time>2026-09-20T21:38:39Z</time>
   </trkpt>
   <trkpt lat="37.7589960" lon="-122.4221120">
    <ele>17.5</ele>
    <time>2026-09-20T21:38:40Z</time>
   </trkpt>
   <trkpt lat="37.7589960" lon="-122.4221100">
    <ele>17.5</ele>
    <time>2026-09-20T21:38:41Z</time>
   </trkpt>
   <trkpt lat="37.7589990" lon="-122.4221030">
    <ele>17.5</ele>
    <time>2026-09-20T21:38:42Z</time>
   </trkpt>
   <trkpt lat="37.7589950" lon="-122.4220950">
    <ele>17.5</ele>
    <time>2026-09-20T21:38:43Z</time>
   </trkpt>
   <trkpt lat="37.7589850" lon="-122.4220950">
    <ele>17.5</ele>
    <time>2026-09-20T21:38:44Z</time>
   </trkpt>
   <trkpt lat="37.7589780" lon="-122.4220970">
    <ele>17.5</ele>
    <time>2026-09-20T21:38:45Z</time>
   </trkpt>
   <trkpt lat="37.7589680" lon="-122.4221000">
    <ele>17.5</ele>
    <time>2026-09-20T21:38:46Z</time>
   </trkpt>
  </trkseg>
 </trk>
</gpx>
