<?xml version="1.0" encoding="UTF-8"?>
<gpx creator="StravaGPX" version="1.1" xmlns="http://www.topografix.com/GPX/1/1" xmlns:xsi="http://www.w3.org/2001/XMLSchema-instance" xsi:schemaLocation="http://www.topografix.com/GPX/1/1 http://www.topografix.com/GPX/1/1/gpx.xsd">
 <trk>
  <name>Bicicleta</name>
  <type>cycling</type>
  <trkseg>
   <trkpt lat="4.8102920" lon="-75.7010810">
    <ele>1398.7</ele>
   </trkpt>
   <trkpt lat="4.8102920" lon="-75.7010810">
    <ele>1398.7</ele>
   </trkpt>
   <trkpt lat="4.8102920" lon="-75.7010810">
    <ele>1398.7</ele>
   </trkpt>
   <trkpt lat="4.8102980" lon="-75.7010790">
    <ele>1398.7</ele>
   </trkpt>
   <trkpt lat="4.8103050" lon="-75.7010840">
    <ele>1398.7</ele>
   </trkpt>
   <trkpt lat="4.8103130" lon="-75.7010860">
    <ele>1398.6</ele>
   </trkpt>
   <trkpt lat="4.8103200" lon="-75.7010910">
    <ele>1398.6</ele>
   </trkpt>
   <trkpt lat="4.8103270" lon="-75.7010950">
    <ele>1398.6</ele>
   </trkpt>
   <trkpt lat="4.8103340" lon="-75.7011010">
    <ele>1398.6</ele>
   </trkpt>
   <trkpt lat="4.8103420" lon="-75.7011110">
    <ele>1398.5</ele>
   </trkpt>
   <trkpt lat="4.8103470" lon="-75.7011190">
    <ele>1398.5</ele>
   </trkpt>
   <trkpt lat="4.8103510" lon="-75.7011260">
    <ele>1398.5</ele>
   </trkpt>
   <trkpt lat="4.8103540" lon="-75.7011300">
    <ele>1398.4</ele>
   </trkpt>
   <trkpt lat="4.8103550" lon="-75.7011320">
    <ele>1398.4</ele>
   </trkpt>
   <trkpt lat="4.8103540" lon="-75.7011330">
    <ele>1398.4</ele>
   </trkpt>
   <trkpt lat="4.8103510" lon="-75.7011330">
    <ele>1398.4</ele>
   </trkpt>
   <trkpt lat="4.8103470" lon="-75.7011330">
    <ele>1398.4</ele>
   </trkpt>
   <trkpt lat="4.8103430" lon="-75.7011330">
    <ele>1398.4</ele>
   </trkpt>
   <trkpt lat="4.8103380" lon="-75.7011340">
    <ele>1398.4</ele>
   </trkpt>
   <trkpt lat="4.8103350" lon="-75.7011350">
    <ele>1398.4</ele>
   </trkpt>
   <trkpt lat="4.8103320" lon="-75.7011370">
    <ele>1398.3</ele>
   </trkpt>
   <trkpt lat="4.8103300" lon="-75.7011390">
    <ele>1398.3</ele>
   </trkpt>
   <trkpt lat="4.8103280" lon="-75.7011390">
    <ele>1398.3</ele>
   </trkpt>
   <trkpt lat="4.8103270" lon="-75.7011390">
    <ele>1398.3</ele>
   </trkpt>
   <trkpt lat="4.8103260" lon="-75.7011380">
    <ele>1398.3</ele>
   </trkpt>
   <trkpt lat="4.8103260" lon="-75.7011340">
    <ele>1398.3</ele>
   </trkpt>
   <trkpt lat="4.8103280" lon="-75.7011300">
    <ele>1398.3</ele>
   </trkpt>
   <trkpt lat="4.8103330" lon="-75.7011280">
    <ele>1398.3</ele>
   </trkpt>
   <trkpt lat="4.8103370" lon="-75.7011280">
    <ele>1398.3</ele>
   </trkpt>
   <trkpt lat="4.8103400" lon="-75.7011290">
    <ele>1398.3</ele>
   </trkpt>
   <trkpt lat="4.8103440" lon="-75.7011340">
    <ele>1398.2</ele>
   </trkpt>
   <trkpt lat="4.8103470" lon="-75.7011380">
    <ele>1398.2</ele>
   </trkpt>
   <trkpt lat="4.8103470" lon="-75.7011410">
    <ele>1398.2</ele>
   </trkpt>
   <trkpt lat="4.8103480" lon="-75.7011430">
    <ele>1398.2</ele>
   </trkpt>
   <trkpt lat="4.8103500" lon="-75.7011450">
    <ele>1398.2</ele>
   </trkpt>
   <trkpt lat="4.8103520" lon="-75.7011440">
    <ele>1398.2</ele>
   </trkpt>
   <trkpt lat="4.8103520" lon="-75.7011420">
    <ele>1398.2</ele>
   </trkpt>
   <trkpt lat="4.8103510" lon="-75.7011380">
    <ele>1398.2</ele>
   </trkpt>
   <trkpt lat="4.8103500" lon="-75.7011320">
    <ele>1398.1</ele>
   </trkpt>
   <trkpt lat="4.8103490" lon="-75.7011240">
    <ele>1398.1</ele>
   </trkpt>
   <trkpt lat="4.8103490" lon="-75.7011160">
    <ele>1398.1</ele>
   </trkpt>
   <trkpt lat="4.8103510" lon="-75.7011090">
    <ele>1398.1</ele>
   </trkpt>
   <trkpt lat="4.8103530" lon="-75.7011030">
    <ele>1398.0</ele>
   </trkpt>
   <trkpt lat="4.8103570" lon="-75.7010980">
    <ele>1398.0</ele>
   </trkpt>
   <trkpt lat="4.8103620" lon="-75.7010950">
    <ele>1398.0</ele>
   </trkpt>
   <trkpt lat="4.8103670" lon="-75.7010920">
    <ele>1398.0</ele>
   </trkpt>
   <trkpt lat="4.8103710" lon="-75.7010900">
    <ele>1398.0</ele>
   </trkpt>
   <trkpt lat="4.8103760" lon="-75.7010870">
    <ele>1397.9</ele>
   </trkpt>
   <trkpt lat="4.8103800" lon="-75.7010820">
    <ele>1397.9</ele>
   </trkpt>
   <trkpt lat="4.8103810" lon="-75.7010750">
    <ele>1397.9</ele>
   </trkpt>
   <trkpt lat="4.8103800" lon="-75.7010640">
    <ele>1397.9</ele>
   </trkpt>
   <trkpt lat="4.8103780" lon="-75.7010480">
    <ele>1397.8</ele>
   </trkpt>
   <trkpt lat="4.8103740" lon="-75.7010270">
    <ele>1397.7</ele>
   </trkpt>
   <trkpt lat="4.8103690" lon="-75.7010020">
    <ele>1397.7</ele>
   </trkpt>
   <trkpt lat="4.8103650" lon="-75.7009730">
    <ele>1397.6</ele>
   </trkpt>
   <trkpt lat="4.8103600" lon="-75.7009420">
    <ele>1397.5</ele>
   </trkpt>
   <trkpt lat="4.8103540" lon="-75.7009090">
    <ele>1397.4</ele>
   </trkpt>
   <trkpt lat="4.8103480" lon="-75.7008770">
    <ele>1397.3</ele>
   </trkpt>
   <trkpt lat="4.8103410" lon="-75.7008440">
    <ele>1397.2</ele>
   </trkpt>
   <trkpt lat="4.8103340" lon="-75.7008130">
    <ele>1397.2</ele>
   </trkpt>
   <trkpt lat="4.8103280" lon="-75.7007840">
    <ele>1397.1</ele>
   </trkpt>
   <trkpt lat="4.8103220" lon="-75.7007570">
    <ele>1397.1</ele>
   </trkpt>
   <trkpt lat="4.8103160" lon="-75.7007300">
    <ele>1397.0</ele>
   </trkpt>
   <trkpt lat="4.8103110" lon="-75.7007030">
    <ele>1397.0</ele>
   </trkpt>
   <trkpt lat="4.8103050" lon="-75.7006730">
    <ele>1397.0</ele>
   </trkpt>
   <trkpt lat="4.8102980" lon="-75.7006410">
    <ele>1396.9</ele>
   </trkpt>
   <trkpt lat="4.8102910" lon="-75.7006090">
    <ele>1396.9</ele>
   </trkpt>
   <trkpt lat="4.8102850" lon="-75.7005770">
    <ele>1396.8</ele>
   </trkpt>
   <trkpt lat="4.8102790" lon="-75.7005450">
    <ele>1396.8</ele>
   </trkpt>
   <trkpt lat="4.8102730" lon="-75.7005150">
    <ele>1396.8</ele>
   </trkpt>
   <trkpt lat="4.8102670" lon="-75.7004850">
    <ele>1396.7</ele>
   </trkpt>
   <trkpt lat="4.8102610" lon="-75.7004550">
    <ele>1396.7</ele>
   </trkpt>
   <trkpt lat="4.8102540" lon="-75.7004250">
    <ele>1396.7</ele>
   </trkpt>
   <trkpt lat="4.8102470" lon="-75.7003950">
    <ele>1396.7</ele>
   </trkpt>
   <trkpt lat="4.8102390" lon="-75.7003640">
    <ele>1396.6</ele>
   </trkpt>
   <trkpt lat="4.8102330" lon="-75.7003320">
    <ele>1396.6</ele>
   </trkpt>
   <trkpt lat="4.8102280" lon="-75.7002980">
    <ele>1396.6</ele>
   </trkpt>
   <trkpt lat="4.8102230" lon="-75.7002620">
    <ele>1396.6</ele>
   </trkpt>
   <trkpt lat="4.8102190" lon="-75.7002270">
    <ele>1396.6</ele>
   </trkpt>
   <trkpt lat="4.8102160" lon="-75.7001900">
    <ele>1396.6</ele>
   </trkpt>
   <trkpt lat="4.8102120" lon="-75.7001530">
    <ele>1396.6</ele>
   </trkpt>
   <trkpt lat="4.8102080" lon="-75.7001170">
    <ele>1396.5</ele>
   </trkpt>
   <trkpt lat="4.8102040" lon="-75.7000820">
    <ele>1396.5</ele>
   </trkpt>
   <trkpt lat="4.8102000" lon="-75.7000490">
    <ele>1396.5</ele>
   </trkpt>
   <trkpt lat="4.8101960" lon="-75.7000180">
    <ele>1396.6</ele>
   </trkpt>
   <trkpt lat="4.8101940" lon="-75.6999880">
    <ele>1396.6</ele>
   </trkpt>
   <trkpt lat="4.8101920" lon="-75.6999580">
    <ele>1396.6</ele>
   </trkpt>
   <trkpt lat="4.8101910" lon="-75.6999300">
    <ele>1396.6</ele>
   </trkpt>
   <trkpt lat="4.8101910" lon="-75.6999020">
    <ele>1396.6</ele>
   </trkpt>
   <trkpt lat="4.8101910" lon="-75.6998740">
    <ele>1396.6</ele>
   </trkpt>
   <trkpt lat="4.8101910" lon="-75.6998470">
    <ele>1396.7</ele>
   </trkpt>
   <trkpt lat="4.8101900" lon="-75.6998200">
    <ele>1396.7</ele>
   </trkpt>
   <trkpt lat="4.8101890" lon="-75.6997940">
    <ele>1396.7</ele>
   </trkpt>
   <trkpt lat="4.8101860" lon="-75.6997680">
    <ele>1396.7</ele>
   </trkpt>
   <trkpt lat="4.8101830" lon="-75.6997410">
    <ele>1396.8</ele>
   </trkpt>
   <trkpt lat="4.8101800" lon="-75.6997150">
    <ele>1396.8</ele>
   </trkpt>
   <trkpt lat="4.8101760" lon="-75.6996880">
    <ele>1396.8</ele>
   </trkpt>
   <trkpt lat="4.8101730" lon="-75.6996600">
    <ele>1396.8</ele>
   </trkpt>
   <trkpt lat="4.8101700" lon="-75.6996310">
    <ele>1396.9</ele>
   </trkpt>
   <trkpt lat="4.8101670" lon="-75.6996000">
    <ele>1396.9</ele>
   </trkpt>
   <trkpt lat="4.8101650" lon="-75.6995670">
    <ele>1396.9</ele>
   </trkpt>
   <trkpt lat="4.8101630" lon="-75.6995330">
    <ele>1396.9</ele>
   </trkpt>
   <trkpt lat="4.8101600" lon="-75.6995000">
    <ele>1397.0</ele>
   </trkpt>
   <trkpt lat="4.8101580" lon="-75.6994670">
    <ele>1397.0</ele>
   </trkpt>
   <trkpt lat="4.8101550" lon="-75.6994340">
    <ele>1397.0</ele>
   </trkpt>
   <trkpt lat="4.8101520" lon="-75.6994010">
    <ele>1397.1</ele>
   </trkpt>
   <trkpt lat="4.8101500" lon="-75.6993680">
    <ele>1397.1</ele>
   </trkpt>
   <trkpt lat="4.8101490" lon="-75.6993330">
    <ele>1397.1</ele>
   </trkpt>
   <trkpt lat="4.8101480" lon="-75.6992990">
    <ele>1397.1</ele>
   </trkpt>
   <trkpt lat="4.8101480" lon="-75.6992640">
    <ele>1397.2</ele>
   </trkpt>
   <trkpt lat="4.8101480" lon="-75.6992290">
    <ele>1397.2</ele>
   </trkpt>
   <trkpt lat="4.8101490" lon="-75.6991950">
    <ele>1397.2</ele>
   </trkpt>
   <trkpt lat="4.8101490" lon="-75.6991620">
    <ele>1397.2</ele>
   </trkpt>
   <trkpt lat="4.8101500" lon="-75.6991280">
    <ele>1397.2</ele>
   </trkpt>
   <trkpt lat="4.8101500" lon="-75.6990960">
    <ele>1397.2</ele>
   </trkpt>
   <trkpt lat="4.8101500" lon="-75.6990630">
    <ele>1397.3</ele>
   </trkpt>
   <trkpt lat="4.8101490" lon="-75.6990300">
    <ele>1397.3</ele>
   </trkpt>
   <trkpt lat="4.8101470" lon="-75.6989960">
    <ele>1397.3</ele>
   </trkpt>
   <trkpt lat="4.8101450" lon="-75.6989620">
    <ele>1397.3</ele>
   </trkpt>
   <trkpt lat="4.8101430" lon="-75.6989280">
    <ele>1397.3</ele>
   </trkpt>
   <trkpt lat="4.8101410" lon="-75.6988960">
    <ele>1397.3</ele>
   </trkpt>
   <trkpt lat="4.8101410" lon="-75.6988640">
    <ele>1397.4</ele>
   </trkpt>
   <trkpt lat="4.8101410" lon="-75.6988330">
    <ele>1397.4</ele>
   </trkpt>
   <trkpt lat="4.8101420" lon="-75.6988030">
    <ele>1397.5</ele>
   </trkpt>
   <trkpt lat="4.8101440" lon="-75.6987740">
    <ele>1397.5</ele>
   </trkpt>
   <trkpt lat="4.8101450" lon="-75.6987450">
    <ele>1397.5</ele>
   </trkpt>
   <trkpt lat="4.8101450" lon="-75.6987170">
    <ele>1397.6</ele>
   </trkpt>
   <trkpt lat="4.8101450" lon="-75.6986880">
    <ele>1397.6</ele>
   </trkpt>
   <trkpt lat="4.8101420" lon="-75.6986600">
    <ele>1397.7</ele>
   </trkpt>
   <trkpt lat="4.8101390" lon="-75.6986320">
    <ele>1397.8</ele>
   </trkpt>
   <trkpt lat="4.8101360" lon="-75.6986040">
    <ele>1397.8</ele>
   </trkpt>
   <trkpt lat="4.8101320" lon="-75.6985760">
    <ele>1397.9</ele>
   </trkpt>
   <trkpt lat="4.8101280" lon="-75.6985480">
    <ele>1397.9</ele>
   </trkpt>
   <trkpt lat="4.8101240" lon="-75.6985220">
    <ele>1398.0</ele>
   </trkpt>
   <trkpt lat="4.8101200" lon="-75.6984950">
    <ele>1398.0</ele>
   </trkpt>
   <trkpt lat="4.8101160" lon="-75.6984700">
    <ele>1398.1</ele>
   </trkpt>
   <trkpt lat="4.8101100" lon="-75.6984450">
    <ele>1398.1</ele>
   </trkpt>
   <trkpt lat="4.8101030" lon="-75.6984200">
    <ele>1398.2</ele>
   </trkpt>
   <trkpt lat="4.8100950" lon="-75.6983950">
    <ele>1398.2</ele>
   </trkpt>
   <trkpt lat="4.8100850" lon="-75.6983710">
    <ele>1398.2</ele>
   </trkpt>
   <trkpt lat="4.8100730" lon="-75.6983470">
    <ele>1398.3</ele>
   </trkpt>
   <trkpt lat="4.8100610" lon="-75.6983230">
    <ele>1398.3</ele>
   </trkpt>
   <trkpt lat="4.8100490" lon="-75.6983010">
    <ele>1398.4</ele>
   </trkpt>
   <trkpt lat="4.8100350" lon="-75.6982780">
    <ele>1398.4</ele>
   </trkpt>
   <trkpt lat="4.8100210" lon="-75.6982560">
    <ele>1398.5</ele>
   </trkpt>
   <trkpt lat="4.8100060" lon="-75.6982330">
    <ele>1398.5</ele>
   </trkpt>
   <trkpt lat="4.8099900" lon="-75.6982110">
    <ele>1398.6</ele>
   </trkpt>
   <trkpt lat="4.8099740" lon="-75.6981890">
    <ele>1398.6</ele>
   </trkpt>
   <trkpt lat="4.8099580" lon="-75.6981680">
    <ele>1398.6</ele>
   </trkpt>
   <trkpt lat="4.8099430" lon="-75.6981470">
    <ele>1398.7</ele>
   </trkpt>
   <trkpt lat="4.8099270" lon="-75.6981260">
    <ele>1398.7</ele>
   </trkpt>
   <trkpt lat="4.8099120" lon="-75.6981050">
    <ele>1398.8</ele>
   </trkpt>
   <trkpt lat="4.8098970" lon="-75.6980840">
    <ele>1398.8</ele>
   </trkpt>
   <trkpt lat="4.8098800" lon="-75.6980630">
    <ele>1398.9</ele>
   </trkpt>
   <trkpt lat="4.8098620" lon="-75.6980450">
    <ele>1398.9</ele>
   </trkpt>
   <trkpt lat="4.8098430" lon="-75.6980280">
    <ele>1399.0</ele>
   </trkpt>
   <trkpt lat="4.8098220" lon="-75.6980120">
    <ele>1399.0</ele>
   </trkpt>
   <trkpt lat="4.8098000" lon="-75.6979980">
    <ele>1399.0</ele>
   </trkpt>
   <trkpt lat="4.8097770" lon="-75.6979840">
    <ele>1399.0</ele>
   </trkpt>
   <trkpt lat="4.8097540" lon="-75.6979700">
    <ele>1399.1</ele>
   </trkpt>
   <trkpt lat="4.8097310" lon="-75.6979560">
    <ele>1399.1</ele>
   </trkpt>
   <trkpt lat="4.8097080" lon="-75.6979430">
    <ele>1399.1</ele>
   </trkpt>
   <trkpt lat="4.8096840" lon="-75.6979290">
    <ele>1399.1</ele>
   </trkpt>
   <trkpt lat="4.8096590" lon="-75.6979150">
    <ele>1399.1</ele>
   </trkpt>
   <trkpt lat="4.8096330" lon="-75.6979020">
    <ele>1399.1</ele>
   </trkpt>
   <trkpt lat="4.8096070" lon="-75.6978880">
    <ele>1399.1</ele>
   </trkpt>
   <trkpt lat="4.8095800" lon="-75.6978740">
    <ele>1399.1</ele>
   </trkpt>
   <trkpt lat="4.8095540" lon="-75.6978580">
    <ele>1399.2</ele>
   </trkpt>
   <trkpt lat="4.8095280" lon="-75.6978420">
    <ele>1399.2</ele>
   </trkpt>
   <trkpt lat="4.8095020" lon="-75.6978250">
    <ele>1399.2</ele>
   </trkpt>
   <trkpt lat="4.8094760" lon="-75.6978080">
    <ele>1399.2</ele>
   </trkpt>
   <trkpt lat="4.8094500" lon="-75.6977910">
    <ele>1399.2</ele>
   </trkpt>
   <trkpt lat="4.8094250" lon="-75.6977750">
    <ele>1399.3</ele>
   </trkpt>
   <trkpt lat="4.8094000" lon="-75.6977600">
    <ele>1399.3</ele>
   </trkpt>
   <trkpt lat="4.8093750" lon="-75.6977460">
    <ele>1399.4</ele>
   </trkpt>
   <trkpt lat="4.8093510" lon="-75.6977320">
    <ele>1399.4</ele>
   </trkpt>
   <trkpt lat="4.8093280" lon="-75.6977190">
    <ele>1399.5</ele>
   </trkpt>
   <trkpt lat="4.8093050" lon="-75.6977060">
    <ele>1399.5</ele>
   </trkpt>
   <trkpt lat="4.8092830" lon="-75.6976930">
    <ele>1399.6</ele>
   </trkpt>
   <trkpt lat="4.8092630" lon="-75.6976810">
    <ele>1399.6</ele>
   </trkpt>
   <trkpt lat="4.8092440" lon="-75.6976690">
    <ele>1399.7</ele>
   </trkpt>
   <trkpt lat="4.8092250" lon="-75.6976590">
    <ele>1399.7</ele>
   </trkpt>
   <trkpt lat="4.8092070" lon="-75.6976500">
    <ele>1399.8</ele>
   </trkpt>
   <trkpt lat="4.8091890" lon="-75.6976440">
    <ele>1399.8</ele>
   </trkpt>
   <trkpt lat="4.8091710" lon="-75.6976380">
    <ele>1399.8</ele>
   </trkpt>
   <trkpt lat="4.8091540" lon="-75.6976320">
    <ele>1399.9</ele>
   </trkpt>
   <trkpt lat="4.8091360" lon="-75.6976270">
    <ele>1399.9</ele>
   </trkpt>
   <trkpt lat="4.8091200" lon="-75.6976190">
    <ele>1399.9</ele>
   </trkpt>
   <trkpt lat="4.8091060" lon="-75.6976110">
    <ele>1400.0</ele>
   </trkpt>
   <trkpt lat="4.8090930" lon="-75.6976010">
    <ele>1400.0</ele>
   </trkpt>
   <trkpt lat="4.8090800" lon="-75.6975900">
    <ele>1400.0</ele>
   </trkpt>
   <trkpt lat="4.8090690" lon="-75.6975800">
    <ele>1400.0</ele>
   </trkpt>
   <trkpt lat="4.8090580" lon="-75.6975680">
    <ele>1400.1</ele>
   </trkpt>
   <trkpt lat="4.8090480" lon="-75.6975570">
    <ele>1400.1</ele>
   </trkpt>
   <trkpt lat="4.8090380" lon="-75.6975460">
    <ele>1400.1</ele>
   </trkpt>
   <trkpt lat="4.8090290" lon="-75.6975350">
    <ele>1400.1</ele>
   </trkpt>
   <trkpt lat="4.8090200" lon="-75.6975250">
    <ele>1400.2</ele>
   </trkpt>
   <trkpt lat="4.8090090" lon="-75.6975160">
    <ele>1400.2</ele>
   </trkpt>
   <trkpt lat="4.8089990" lon="-75.6975070">
    <ele>1400.2</ele>
   </trkpt>
   <trkpt lat="4.8089870" lon="-75.6974980">
    <ele>1400.3</ele>
   </trkpt>
   <trkpt lat="4.8089750" lon="-75.6974890">
    <ele>1400.3</ele>
   </trkpt>
   <trkpt lat="4.8089620" lon="-75.6974790">
    <ele>1400.3</ele>
   </trkpt>
   <trkpt lat="4.8089490" lon="-75.6974680">
    <ele>1400.4</ele>
   </trkpt>
   <trkpt lat="4.8089370" lon="-75.6974550">
    <ele>1400.4</ele>
   </trkpt>
   <trkpt lat="4.8089240" lon="-75.6974400">
    <ele>1400.4</ele>
   </trkpt>
   <trkpt lat="4.8089110" lon="-75.6974250">
    <ele>1400.5</ele>
   </trkpt>
   <trkpt lat="4.8088990" lon="-75.6974080">
    <ele>1400.5</ele>
   </trkpt>
   <trkpt lat="4.8088870" lon="-75.6973900">
    <ele>1400.5</ele>
   </trkpt>
   <trkpt lat="4.8088760" lon="-75.6973720">
    <ele>1400.5</ele>
   </trkpt>
   <trkpt lat="4.8088640" lon="-75.6973540">
    <ele>1400.5</ele>
   </trkpt>
   <trkpt lat="4.8088530" lon="-75.6973350">
    <ele>1400.6</ele>
   </trkpt>
   <trkpt lat="4.8088410" lon="-75.6973150">
    <ele>1400.6</ele>
   </trkpt>
   <trkpt lat="4.8088290" lon="-75.6972950">
    <ele>1400.6</ele>
   </trkpt>
   <trkpt lat="4.8088190" lon="-75.6972740">
    <ele>1400.6</ele>
   </trkpt>
   <trkpt lat="4.8088090" lon="-75.6972530">
    <ele>1400.6</ele>
   </trkpt>
   <trkpt lat="4.8088000" lon="-75.6972340">
    <ele>1400.6</ele>
   </trkpt>
   <trkpt lat="4.8087910" lon="-75.6972150">
    <ele>1400.6</ele>
   </trkpt>
   <trkpt lat="4.8087840" lon="-75.6971970">
    <ele>1400.6</ele>
   </trkpt>
   <trkpt lat="4.8087770" lon="-75.6971790">
    <ele>1400.6</ele>
   </trkpt>
   <trkpt lat="4.8087730" lon="-75.6971620">
    <ele>1400.7</ele>
   </trkpt>
   <trkpt lat="4.8087700" lon="-75.6971470">
    <ele>1400.7</ele>
   </trkpt>
   <trkpt lat="4.8087680" lon="-75.6971320">
    <ele>1400.7</ele>
   </trkpt>
   <trkpt lat="4.8087650" lon="-75.6971190">
    <ele>1400.7</ele>
   </trkpt>
   <trkpt lat="4.8087620" lon="-75.6971060">
    <ele>1400.7</ele>
   </trkpt>
   <trkpt lat="4.8087590" lon="-75.6970930">
    <ele>1400.7</ele>
   </trkpt>
   <trkpt lat="4.8087550" lon="-75.6970800">
    <ele>1400.7</ele>
   </trkpt>
   <trkpt lat="4.8087510" lon="-75.6970690">
    <ele>1400.7</ele>
   </trkpt>
   <trkpt lat="4.8087490" lon="-75.6970600">
    <ele>1400.7</ele>
   </trkpt>
   <trkpt lat="4.8087480" lon="-75.6970540">
    <ele>1400.7</ele>
   </trkpt>
   <trkpt lat="4.8087470" lon="-75.6970500">
    <ele>1400.7</ele>
   </trkpt>
   <trkpt lat="4.8087470" lon="-75.6970480">
    <ele>1400.7</ele>
   </trkpt>
   <trkpt lat="4.8087480" lon="-75.6970460">
    <ele>1400.7</ele>
   </trkpt>
   <trkpt lat="4.8087480" lon="-75.6970450">
    <ele>1400.7</ele>
   </trkpt>
   <trkpt lat="4.8087490" lon="-75.6970430">
    <ele>1400.7</ele>
   </trkpt>
   <trkpt lat="4.8087510" lon="-75.6970430">
    <ele>1400.7</ele>
   </trkpt>
   <trkpt lat="4.8087530" lon="-75.6970440">
    <ele>1400.7</ele>
   </trkpt>
   <trkpt lat="4.8087560" lon="-75.6970480">
    <ele>1400.7</ele>
   </trkpt>
   <trkpt lat="4.8087600" lon="-75.6970540">
    <ele>1400.7</ele>
   </trkpt>
   <trkpt lat="4.8087630" lon="-75.6970630">
    <ele>1400.7</ele>
   </trkpt>
   <trkpt lat="4.8087660" lon="-75.6970740">
    <ele>1400.7</ele>
   </trkpt>
   <trkpt lat="4.8087680" lon="-75.6970870">
    <ele>1400.7</ele>
   </trkpt>
   <trkpt lat="4.8087710" lon="-75.6971010">
    <ele>1400.7</ele>
   </trkpt>
   <trkpt lat="4.8087740" lon="-75.6971170">
    <ele>1400.8</ele>
   </trkpt>
   <trkpt lat="4.8087780" lon="-75.6971340">
    <ele>1400.8</ele>
   </trkpt>
   <trkpt lat="4.8087830" lon="-75.6971500">
    <ele>1400.8</ele>
   </trkpt>
   <trkpt lat="4.8087870" lon="-75.6971640">
    <ele>1400.8</ele>
   </trkpt>
   <trkpt lat="4.8087920" lon="-75.6971770">
    <ele>1400.8</ele>
   </trkpt>
   <trkpt lat="4.8087960" lon="-75.6971890">
    <ele>1400.8</ele>
   </trkpt>
   <trkpt lat="4.8088010" lon="-75.6971990">
    <ele>1400.8</ele>
   </trkpt>
   <trkpt lat="4.8088060" lon="-75.6972110">
    <ele>1400.8</ele>
   </trkpt>
   <trkpt lat="4.8088100" lon="-75.6972240">
    <ele>1400.8</ele>
   </trkpt>
   <trkpt lat="4.8088150" lon="-75.6972380">
    <ele>1400.8</ele>
   </trkpt>
   <trkpt lat="4.8088190" lon="-75.6972540">
    <ele>1400.8</ele>
   </trkpt>
   <trkpt lat="4.8088230" lon="-75.6972710">
    <ele>1400.8</ele>
   </trkpt>
   <trkpt lat="4.8088270" lon="-75.6972890">
    <ele>1400.9</ele>
   </trkpt>
   <trkpt lat="4.8088340" lon="-75.6973090">
    <ele>1400.8</ele>
   </trkpt>
   <trkpt lat="4.8088450" lon="-75.6973270">
    <ele>1400.7</ele>
   </trkpt>
   <trkpt lat="4.8088570" lon="-75.6973460">
    <ele>1400.7</ele>
   </trkpt>
   <trkpt lat="4.8088690" lon="-75.6973650">
    <ele>1400.6</ele>
   </trkpt>
   <trkpt lat="4.8088840" lon="-75.6973840">
    <ele>1400.6</ele>
   </trkpt>
   <trkpt lat="4.8088980" lon="-75.6974010">
    <ele>1400.5</ele>
   </trkpt>
   <trkpt lat="4.8089120" lon="-75.6974190">
    <ele>1400.5</ele>
   </trkpt>
   <trkpt lat="4.8089270" lon="-75.6974370">
    <ele>1400.4</ele>
   </trkpt>
   <trkpt lat="4.8089450" lon="-75.6974530">
    <ele>1400.4</ele>
   </trkpt>
   <trkpt lat="4.8089650" lon="-75.6974700">
    <ele>1400.3</ele>
   </trkpt>
   <trkpt lat="4.8089860" lon="-75.6974870">
    <ele>1400.3</ele>
   </trkpt>
   <trkpt lat="4.8090090" lon="-75.6975050">
    <ele>1400.2</ele>
   </trkpt>
   <trkpt lat="4.8090350" lon="-75.6975250">
    <ele>1400.2</ele>
   </trkpt>
   <trkpt lat="4.8090620" lon="-75.6975450">
    <ele>1400.1</ele>
   </trkpt>
   <trkpt lat="4.8090910" lon="-75.6975650">
    <ele>1400.0</ele>
   </trkpt>
   <trkpt lat="4.8091210" lon="-75.6975850">
    <ele>1400.0</ele>
   </trkpt>
   <trkpt lat="4.8091520" lon="-75.6976030">
    <ele>1399.9</ele>
   </trkpt>
   <trkpt lat="4.8091820" lon="-75.6976220">
    <ele>1399.8</ele>
   </trkpt>
   <trkpt lat="4.8092110" lon="-75.6976390">
    <ele>1399.8</ele>
   </trkpt>
   <trkpt lat="4.8092360" lon="-75.6976560">
    <ele>1399.7</ele>
   </trkpt>
   <trkpt lat="4.8092600" lon="-75.6976720">
    <ele>1399.7</ele>
   </trkpt>
   <trkpt lat="4.8092820" lon="-75.6976880">
    <ele>1399.6</ele>
   </trkpt>
   <trkpt lat="4.8093030" lon="-75.6977020">
    <ele>1399.6</ele>
   </trkpt>
   <trkpt lat="4.8093250" lon="-75.6977170">
    <ele>1399.5</ele>
   </trkpt>
   <trkpt lat="4.8093490" lon="-75.6977320">
    <ele>1399.5</ele>
   </trkpt>
   <trkpt lat="4.8093730" lon="-75.6977480">
    <ele>1399.4</ele>
   </trkpt>
   <trkpt lat="4.8094000" lon="-75.6977660">
    <ele>1399.3</ele>
   </trkpt>
   <trkpt lat="4.8094270" lon="-75.6977850">
    <ele>1399.3</ele>
   </trkpt>
   <trkpt lat="4.8094560" lon="-75.6978030">
    <ele>1399.2</ele>
   </trkpt>
   <trkpt lat="4.8094850" lon="-75.6978210">
    <ele>1399.2</ele>
   </trkpt>
   <trkpt lat="4.8095150" lon="-75.6978370">
    <ele>1399.2</ele>
   </trkpt>
   <trkpt lat="4.8095460" lon="-75.6978530">
    <ele>1399.2</ele>
   </trkpt>
   <trkpt lat="4.8095770" lon="-75.6978680">
    <ele>1399.1</ele>
   </trkpt>
   <trkpt lat="4.8096070" lon="-75.6978820">
    <ele>1399.1</ele>
   </trkpt>
   <trkpt lat="4.8096370" lon="-75.6978970">
    <ele>1399.1</ele>
   </trkpt>
   <trkpt lat="4.8096650" lon="-75.6979130">
    <ele>1399.1</ele>
   </trkpt>
   <trkpt lat="4.8096920" lon="-75.6979310">
    <ele>1399.1</ele>
   </trkpt>
   <trkpt lat="4.8097190" lon="-75.6979480">
    <ele>1399.1</ele>
   </trkpt>
   <trkpt lat="4.8097450" lon="-75.6979650">
    <ele>1399.1</ele>
   </trkpt>
   <trkpt lat="4.8097710" lon="-75.6979830">
    <ele>1399.1</ele>
   </trkpt>
   <trkpt lat="4.8097960" lon="-75.6980010">
    <ele>1399.0</ele>
   </trkpt>
   <trkpt lat="4.8098200" lon="-75.6980190">
    <ele>1399.0</ele>
   </trkpt>
   <trkpt lat="4.8098410" lon="-75.6980390">
    <ele>1399.0</ele>
   </trkpt>
   <trkpt lat="4.8098610" lon="-75.6980600">
    <ele>1398.9</ele>
   </trkpt>
   <trkpt lat="4.8098810" lon="-75.6980810">
    <ele>1398.9</ele>
   </trkpt>
   <trkpt lat="4.8099000" lon="-75.6981020">
    <ele>1398.8</ele>
   </trkpt>
   <trkpt lat="4.8099200" lon="-75.6981230">
    <ele>1398.8</ele>
   </trkpt>
   <trkpt lat="4.8099410" lon="-75.6981440">
    <ele>1398.7</ele>
   </trkpt>
   <trkpt lat="4.8099630" lon="-75.6981660">
    <ele>1398.7</ele>
   </trkpt>
   <trkpt lat="4.8099840" lon="-75.6981880">
    <ele>1398.6</ele>
   </trkpt>
   <trkpt lat="4.8100030" lon="-75.6982110">
    <ele>1398.6</ele>
   </trkpt>
   <trkpt lat="4.8100210" lon="-75.6982360">
    <ele>1398.5</ele>
   </trkpt>
   <trkpt lat="4.8100370" lon="-75.6982630">
    <ele>1398.5</ele>
   </trkpt>
   <trkpt lat="4.8100500" lon="-75.6982910">
    <ele>1398.4</ele>
   </trkpt>
   <trkpt lat="4.8100610" lon="-75.6983210">
    <ele>1398.4</ele>
   </trkpt>
   <trkpt lat="4.8100710" lon="-75.6983500">
    <ele>1398.3</ele>
   </trkpt>
   <trkpt lat="4.8100790" lon="-75.6983800">
    <ele>1398.3</ele>
   </trkpt>
   <trkpt lat="4.8100860" lon="-75.6984090">
    <ele>1398.2</ele>
   </trkpt>
   <trkpt lat="4.8100930" lon="-75.6984380">
    <ele>1398.2</ele>
   </trkpt>
   <trkpt lat="4.8100980" lon="-75.6984670">
    <ele>1398.1</ele>
   </trkpt>
   <trkpt lat="4.8101030" lon="-75.6984960">
    <ele>1398.1</ele>
   </trkpt>
   <trkpt lat="4.8101070" lon="-75.6985250">
    <ele>1398.0</ele>
   </trkpt>
   <trkpt lat="4.8101100" lon="-75.6985540">
    <ele>1398.0</ele>
   </trkpt>
   <trkpt lat="4.8101120" lon="-75.6985840">
    <ele>1397.9</ele>
   </trkpt>
   <trkpt lat="4.8101150" lon="-75.6986130">
    <ele>1397.9</ele>
   </trkpt>
   <trkpt lat="4.8101160" lon="-75.6986430">
    <ele>1397.8</ele>
   </trkpt>
   <trkpt lat="4.8101180" lon="-75.6986730">
    <ele>1397.8</ele>
   </trkpt>
   <trkpt lat="4.8101210" lon="-75.6987030">
    <ele>1397.7</ele>
   </trkpt>
   <trkpt lat="4.8101230" lon="-75.6987330">
    <ele>1397.7</ele>
   </trkpt>
   <trkpt lat="4.8101260" lon="-75.6987630">
    <ele>1397.6</ele>
   </trkpt>
   <trkpt lat="4.8101290" lon="-75.6987930">
    <ele>1397.6</ele>
   </trkpt>
   <trkpt lat="4.8101320" lon="-75.6988240">
    <ele>1397.5</ele>
   </trkpt>
   <trkpt lat="4.8101330" lon="-75.6988560">
    <ele>1397.5</ele>
   </trkpt>
   <trkpt lat="4.8101350" lon="-75.6988890">
    <ele>1397.4</ele>
   </trkpt>
   <trkpt lat="4.8101360" lon="-75.6989220">
    <ele>1397.4</ele>
   </trkpt>
   <trkpt lat="4.8101380" lon="-75.6989550">
    <ele>1397.3</ele>
   </trkpt>
   <trkpt lat="4.8101400" lon="-75.6989890">
    <ele>1397.3</ele>
   </trkpt>
   <trkpt lat="4.8101430" lon="-75.6990220">
    <ele>1397.3</ele>
   </trkpt>
   <trkpt lat="4.8101460" lon="-75.6990550">
    <ele>1397.3</ele>
   </trkpt>
   <trkpt lat="4.8101480" lon="-75.6990890">
    <ele>1397.2</ele>
   </trkpt>
   <trkpt lat="4.8101510" lon="-75.6991230">
    <ele>1397.2</ele>
   </trkpt>
   <trkpt lat="4.8101540" lon="-75.6991570">
    <ele>1397.2</ele>
   </trkpt>
   <trkpt lat="4.8101570" lon="-75.6991920">
    <ele>1397.2</ele>
   </trkpt>
   <trkpt lat="4.8101600" lon="-75.6992260">
    <ele>1397.2</ele>
   </trkpt>
   <trkpt lat="4.8101620" lon="-75.6992610">
    <ele>1397.2</ele>
   </trkpt>
   <trkpt lat="4.8101650" lon="-75.6992970">
    <ele>1397.1</ele>
   </trkpt>
   <trkpt lat="4.8101670" lon="-75.6993320">
    <ele>1397.1</ele>
   </trkpt>
   <trkpt lat="4.8101690" lon="-75.6993680">
    <ele>1397.1</ele>
   </trkpt>
   <trkpt lat="4.8101700" lon="-75.6994040">
    <ele>1397.1</ele>
   </trkpt>
   <trkpt lat="4.8101710" lon="-75.6994390">
    <ele>1397.0</ele>
   </trkpt>
   <trkpt lat="4.8101720" lon="-75.6994730">
    <ele>1397.0</ele>
   </trkpt>
   <trkpt lat="4.8101720" lon="-75.6995080">
    <ele>1397.0</ele>
   </trkpt>
   <trkpt lat="4.8101720" lon="-75.6995410">
    <ele>1396.9</ele>
   </trkpt>
   <trkpt lat="4.8101720" lon="-75.6995750">
    <ele>1396.9</ele>
   </trkpt>
   <trkpt lat="4.8101710" lon="-75.6996100">
    <ele>1396.9</ele>
   </trkpt>
   <trkpt lat="4.8101700" lon="-75.6996440">
    <ele>1396.8</ele>
   </trkpt>
   <trkpt lat="4.8101680" lon="-75.6996790">
    <ele>1396.8</ele>
   </trkpt>
   <trkpt lat="4.8101670" lon="-75.6997140">
    <ele>1396.8</ele>
   </trkpt>
   <trkpt lat="4.8101650" lon="-75.6997490">
    <ele>1396.8</ele>
   </trkpt>
   <trkpt lat="4.8101650" lon="-75.6997840">
    <ele>1396.7</ele>
   </trkpt>
   <trkpt lat="4.8101650" lon="-75.6998190">
    <ele>1396.7</ele>
   </trkpt>
   <trkpt lat="4.8101670" lon="-75.6998550">
    <ele>1396.7</ele>
   </trkpt>
   <trkpt lat="4.8101690" lon="-75.6998900">
    <ele>1396.6</ele>
   </trkpt>
   <trkpt lat="4.8101720" lon="-75.6999240">
    <ele>1396.6</ele>
   </trkpt>
   <trkpt lat="4.8101750" lon="-75.6999580">
    <ele>1396.6</ele>
   </trkpt>
   <trkpt lat="4.8101780" lon="-75.6999890">
    <ele>1396.6</ele>
   </trkpt>
   <trkpt lat="4.8101810" lon="-75.7000180">
    <ele>1396.5</ele>
   </trkpt>
   <trkpt lat="4.8101840" lon="-75.7000460">
    <ele>1396.5</ele>
   </trkpt>
   <trkpt lat="4.8101870" lon="-75.7000710">
    <ele>1396.5</ele>
   </trkpt>
   <trkpt lat="4.8101900" lon="-75.7000930">
    <ele>1396.6</ele>
   </trkpt>
   <trkpt lat="4.8101930" lon="-75.7001160">
    <ele>1396.6</ele>
   </trkpt>
   <trkpt lat="4.8101980" lon="-75.7001400">
    <ele>1396.6</ele>
   </trkpt>
   <trkpt lat="4.8102040" lon="-75.7001640">
    <ele>1396.6</ele>
   </trkpt>
   <trkpt lat="4.8102100" lon="-75.7001900">
    <ele>1396.6</ele>
   </trkpt>
   <trkpt lat="4.8102180" lon="-75.7002180">
    <ele>1396.6</ele>
   </trkpt>
   <trkpt lat="4.8102260" lon="-75.7002470">
    <ele>1396.6</ele>
   </trkpt>
   <trkpt lat="4.8102330" lon="-75.7002760">
    <ele>1396.6</ele>
   </trkpt>
   <trkpt lat="4.8102400" lon="-75.7003060">
    <ele>1396.7</ele>
   </trkpt>
   <trkpt lat="4.8102460" lon="-75.7003370">
    <ele>1396.7</ele>
   </trkpt>
   <trkpt lat="4.8102510" lon="-75.7003680">
    <ele>1396.7</ele>
   </trkpt>
   <trkpt lat="4.8102560" lon="-75.7003990">
    <ele>1396.8</ele>
   </trkpt>
   <trkpt lat="4.8102610" lon="-75.7004310">
    <ele>1396.8</ele>
   </trkpt>
   <trkpt lat="4.8102660" lon="-75.7004620">
    <ele>1396.9</ele>
   </trkpt>
   <trkpt lat="4.8102710" lon="-75.7004920">
    <ele>1396.9</ele>
   </trkpt>
   <trkpt lat="4.8102760" lon="-75.7005230">
    <ele>1396.9</ele>
   </trkpt>
   <trkpt lat="4.8102820" lon="-75.7005550">
    <ele>1397.0</ele>
   </trkpt>
   <trkpt lat="4.8102870" lon="-75.7005860">
    <ele>1397.0</ele>
   </trkpt>
   <trkpt lat="4.8102930" lon="-75.7006180">
    <ele>1397.1</ele>
   </trkpt>
   <trkpt lat="4.8102980" lon="-75.7006500">
    <ele>1397.2</ele>
   </trkpt>
   <trkpt lat="4.8103030" lon="-75.7006810">
    <ele>1397.3</ele>
   </trkpt>
   <trkpt lat="4.8103070" lon="-75.7007130">
    <ele>1397.4</ele>
   </trkpt>
   <trkpt lat="4.8103100" lon="-75.7007460">
    <ele>1397.5</ele>
   </trkpt>
   <trkpt lat="4.8103130" lon="-75.7007770">
    <ele>1397.6</ele>
   </trkpt>
   <trkpt lat="4.8103150" lon="-75.7008090">
    <ele>1397.7</ele>
   </trkpt>
   <trkpt lat="4.8103180" lon="-75.7008390">
    <ele>1397.8</ele>
   </trkpt>
   <trkpt lat="4.8103220" lon="-75.7008680">
    <ele>1397.9</ele>
   </trkpt>
   <trkpt lat="4.8103260" lon="-75.7008960">
    <ele>1398.0</ele>
   </trkpt>
   <trkpt lat="4.8103300" lon="-75.7009240">
    <ele>1398.1</ele>
   </trkpt>
   <trkpt lat="4.8103340" lon="-75.7009500">
    <ele>1398.2</ele>
   </trkpt>
   <trkpt lat="4.8103370" lon="-75.7009770">
    <ele>1398.3</ele>
   </trkpt>
   <trkpt lat="4.8103400" lon="-75.7010040">
    <ele>1398.5</ele>
   </trkpt>
   <trkpt lat="4.8103430" lon="-75.7010320">
    <ele>1398.6</ele>
   </trkpt>
   <trkpt lat="4.8103470" lon="-75.7010610">
    <ele>1398.7</ele>
   </trkpt>
   <trkpt lat="4.8103520" lon="-75.7010900">
    <ele>1398.8</ele>
   </trkpt>
   <trkpt lat="4.8103560" lon="-75.7011190">
    <ele>1398.9</ele>
   </trkpt>
   <trkpt lat="4.8103600" lon="-75.7011480">
    <ele>1399.0</ele>
   </trkpt>
   <trkpt lat="4.8103650" lon="-75.7011770">
    <ele>1399.1</ele>
   </trkpt>
   <trkpt lat="4.8103690" lon="-75.7012060">
    <ele>1399.2</ele>
   </trkpt>
   <trkpt lat="4.8103730" lon="-75.7012360">
    <ele>1399.3</ele>
   </trkpt>
   <trkpt lat="4.8103790" lon="-75.7012650">
    <ele>1399.4</ele>
   </trkpt>
   <trkpt lat="4.8103850" lon="-75.7012960">
    <ele>1399.5</ele>
   </trkpt>
   <trkpt lat="4.8103920" lon="-75.7013260">
    <ele>1399.5</ele>
   </trkpt>
   <trkpt lat="4.8103990" lon="-75.7013560">
    <ele>1399.6</ele>
   </trkpt>
   <trkpt lat="4.8104050" lon="-75.7013860">
    <ele>1399.7</ele>
   </trkpt>
   <trkpt lat="4.8104110" lon="-75.7014170">
    <ele>1399.8</ele>
   </trkpt>
   <trkpt lat="4.8104170" lon="-75.7014490">
    <ele>1399.8</ele>
   </trkpt>
   <trkpt lat="4.8104240" lon="-75.7014810">
    <ele>1399.8</ele>
   </trkpt>
   <trkpt lat="4.8104310" lon="-75.7015140">
    <ele>1399.9</ele>
   </trkpt>
   <trkpt lat="4.8104380" lon="-75.7015490">
    <ele>1399.9</ele>
   </trkpt>
   <trkpt lat="4.8104460" lon="-75.7015840">
    <ele>1399.9</ele>
   </trkpt>
   <trkpt lat="4.8104530" lon="-75.7016190">
    <ele>1399.9</ele>
   </trkpt>
   <trkpt lat="4.8104610" lon="-75.7016560">
    <ele>1399.9</ele>
   </trkpt>
   <trkpt lat="4.8104680" lon="-75.7016920">
    <ele>1399.9</ele>
   </trkpt>
   <trkpt lat="4.8104750" lon="-75.7017280">
    <ele>1399.9</ele>
   </trkpt>
   <trkpt lat="4.8104820" lon="-75.7017630">
    <ele>1399.9</ele>
   </trkpt>
   <trkpt lat="4.8104880" lon="-75.7017980">
    <ele>1399.9</ele>
   </trkpt>
   <trkpt lat="4.8104950" lon="-75.7018340">
    <ele>1399.9</ele>
   </trkpt>
   <trkpt lat="4.8105010" lon="-75.7018700">
    <ele>1399.9</ele>
   </trkpt>
   <trkpt lat="4.8105070" lon="-75.7019070">
    <ele>1399.9</ele>
   </trkpt>
   <trkpt lat="4.8105130" lon="-75.7019450">
    <ele>1399.8</ele>
   </trkpt>
   <trkpt lat="4.8105190" lon="-75.7019840">
    <ele>1399.8</ele>
   </trkpt>
   <trkpt lat="4.8105240" lon="-75.7020230">
    <ele>1399.8</ele>
   </trkpt>
   <trkpt lat="4.8105290" lon="-75.7020620">
    <ele>1399.8</ele>
   </trkpt>
   <trkpt lat="4.8105330" lon="-75.7021030">
    <ele>1399.8</ele>
   </trkpt>
   <trkpt lat="4.8105380" lon="-75.7021430">
    <ele>1399.8</ele>
   </trkpt>
   <trkpt lat="4.8105440" lon="-75.7021840">
    <ele>1399.7</ele>
   </trkpt>
   <trkpt lat="4.8105510" lon="-75.7022230">
    <ele>1399.7</ele>
   </trkpt>
   <trkpt lat="4.8105590" lon="-75.7022630">
    <ele>1399.7</ele>
   </trkpt>
   <trkpt lat="4.8105680" lon="-75.7023030">
    <ele>1399.6</ele>
   </trkpt>
   <trkpt lat="4.8105760" lon="-75.7023420">
    <ele>1399.6</ele>
   </trkpt>
   <trkpt lat="4.8105830" lon="-75.7023820">
    <ele>1399.4</ele>
   </trkpt>
   <trkpt lat="4.8105880" lon="-75.7024230">
    <ele>1399.3</ele>
   </trkpt>
   <trkpt lat="4.8105930" lon="-75.7024650">
    <ele>1399.2</ele>
   </trkpt>
   <trkpt lat="4.8105970" lon="-75.7025080">
    <ele>1399.1</ele>
   </trkpt>
   <trkpt lat="4.8106000" lon="-75.7025520">
    <ele>1399.0</ele>
   </trkpt>
   <trkpt lat="4.8106040" lon="-75.7025950">
    <ele>1398.9</ele>
   </trkpt>
   <trkpt lat="4.8106080" lon="-75.7026390">
    <ele>1398.9</ele>
   </trkpt>
   <trkpt lat="4.8106140" lon="-75.7026810">
    <ele>1398.8</ele>
   </trkpt>
   <trkpt lat="4.8106210" lon="-75.7027230">
    <ele>1398.7</ele>
   </trkpt>
   <trkpt lat="4.8106290" lon="-75.7027640">
    <ele>1398.7</ele>
   </trkpt>
   <trkpt lat="4.8106390" lon="-75.7028050">
    <ele>1398.6</ele>
   </trkpt>
   <trkpt lat="4.8106490" lon="-75.7028460">
    <ele>1398.6</ele>
   </trkpt>
   <trkpt lat="4.8106600" lon="-75.7028860">
    <ele>1398.5</ele>
   </trkpt>
   <trkpt lat="4.8106710" lon="-75.7029260">
    <ele>1398.5</ele>
   </trkpt>
   <trkpt lat="4.8106820" lon="-75.7029680">
    <ele>1398.4</ele>
   </trkpt>
   <trkpt lat="4.8106930" lon="-75.7030090">
    <ele>1398.3</ele>
   </trkpt>
   <trkpt lat="4.8107060" lon="-75.7030510">
    <ele>1398.3</ele>
   </trkpt>
   <trkpt lat="4.8107200" lon="-75.7030920">
    <ele>1398.2</ele>
   </trkpt>
   <trkpt lat="4.8107340" lon="-75.7031330">
    <ele>1398.2</ele>
   </trkpt>
   <trkpt lat="4.8107500" lon="-75.7031740">
    <ele>1398.1</ele>
   </trkpt>
   <trkpt lat="4.8107660" lon="-75.7032130">
    <ele>1398.1</ele>
   </trkpt>
   <trkpt lat="4.8107820" lon="-75.7032520">
    <ele>1398.1</ele>
   </trkpt>
   <trkpt lat="4.8107980" lon="-75.7032890">
    <ele>1398.1</ele>
   </trkpt>
   <trkpt lat="4.8108150" lon="-75.7033250">
    <ele>1398.1</ele>
   </trkpt>
   <trkpt lat="4.8108310" lon="-75.7033620">
    <ele>1398.1</ele>
   </trkpt>
   <trkpt lat="4.8108470" lon="-75.7033960">
    <ele>1398.1</ele>
   </trkpt>
   <trkpt lat="4.8108640" lon="-75.7034290">
    <ele>1398.2</ele>
   </trkpt>
   <trkpt lat="4.8108810" lon="-75.7034610">
    <ele>1398.2</ele>
   </trkpt>
   <trkpt lat="4.8108980" lon="-75.7034900">
    <ele>1398.2</ele>
   </trkpt>
   <trkpt lat="4.8109160" lon="-75.7035170">
    <ele>1398.2</ele>
   </trkpt>
   <trkpt lat="4.8109330" lon="-75.7035420">
    <ele>1398.2</ele>
   </trkpt>
   <trkpt lat="4.8109500" lon="-75.7035670">
    <ele>1398.2</ele>
   </trkpt>
   <trkpt lat="4.8109660" lon="-75.7035920">
    <ele>1398.3</ele>
   </trkpt>
   <trkpt lat="4.8109810" lon="-75.7036170">
    <ele>1398.3</ele>
   </trkpt>
   <trkpt lat="4.8109960" lon="-75.7036430">
    <ele>1398.3</ele>
   </trkpt>
   <trkpt lat="4.8110110" lon="-75.7036710">
    <ele>1398.3</ele>
   </trkpt>
   <trkpt lat="4.8110270" lon="-75.7036980">
    <ele>1398.4</ele>
   </trkpt>
   <trkpt lat="4.8110440" lon="-75.7037250">
    <ele>1398.4</ele>
   </trkpt>
   <trkpt lat="4.8110610" lon="-75.7037520">
    <ele>1398.5</ele>
   </trkpt>
   <trkpt lat="4.8110780" lon="-75.7037780">
    <ele>1398.5</ele>
   </trkpt>
   <trkpt lat="4.8110950" lon="-75.7038030">
    <ele>1398.5</ele>
   </trkpt>
   <trkpt lat="4.8111110" lon="-75.7038280">
    <ele>1398.6</ele>
   </trkpt>
   <trkpt lat="4.8111270" lon="-75.7038520">
    <ele>1398.6</ele>
   </trkpt>
   <trkpt lat="4.8111420" lon="-75.7038740">
    <ele>1398.6</ele>
   </trkpt>
   <trkpt lat="4.8111570" lon="-75.7038970">
    <ele>1398.6</ele>
   </trkpt>
   <trkpt lat="4.8111720" lon="-75.7039190">
    <ele>1398.7</ele>
   </trkpt>
   <trkpt lat="4.8111880" lon="-75.7039430">
    <ele>1398.7</ele>
   </trkpt>
   <trkpt lat="4.8112040" lon="-75.7039690">
    <ele>1398.8</ele>
   </trkpt>
   <trkpt lat="4.8112220" lon="-75.7039960">
    <ele>1398.8</ele>
   </trkpt>
   <trkpt lat="4.8112390" lon="-75.7040240">
    <ele>1398.8</ele>
   </trkpt>
   <trkpt lat="4.8112580" lon="-75.7040520">
    <ele>1398.9</ele>
   </trkpt>
   <trkpt lat="4.8112760" lon="-75.7040810">
    <ele>1398.9</ele>
   </trkpt>
   <trkpt lat="4.8112940" lon="-75.7041090">
    <ele>1398.9</ele>
   </trkpt>
   <trkpt lat="4.8113120" lon="-75.7041360">
    <ele>1398.9</ele>
   </trkpt>
   <trkpt lat="4.8113290" lon="-75.7041630">
    <ele>1398.9</ele>
   </trkpt>
   <trkpt lat="4.8113450" lon="-75.7041890">
    <ele>1398.9</ele>
   </trkpt>
   <trkpt lat="4.8113620" lon="-75.7042150">
    <ele>1399.0</ele>
   </trkpt>
   <trkpt lat="4.8113780" lon="-75.7042420">
    <ele>1399.0</ele>
   </trkpt>
   <trkpt lat="4.8113950" lon="-75.7042690">
    <ele>1399.0</ele>
   </trkpt>
   <trkpt lat="4.8114120" lon="-75.7042960">
    <ele>1399.0</ele>
   </trkpt>
   <trkpt lat="4.8114310" lon="-75.7043220">
    <ele>1399.0</ele>
   </trkpt>
   <trkpt lat="4.8114500" lon="-75.7043490">
    <ele>1399.1</ele>
   </trkpt>
   <trkpt lat="4.8114690" lon="-75.7043770">
    <ele>1399.1</ele>
   </trkpt>
   <trkpt lat="4.8114890" lon="-75.7044050">
    <ele>1399.2</ele>
   </trkpt>
   <trkpt lat="4.8115080" lon="-75.7044350">
    <ele>1399.2</ele>
   </trkpt>
   <trkpt lat="4.8115280" lon="-75.7044650">
    <ele>1399.2</ele>
   </trkpt>
   <trkpt lat="4.8115470" lon="-75.7044970">
    <ele>1399.3</ele>
   </trkpt>
   <trkpt lat="4.8115660" lon="-75.7045290">
    <ele>1399.3</ele>
   </trkpt>
   <trkpt lat="4.8115840" lon="-75.7045610">
    <ele>1399.4</ele>
   </trkpt>
   <trkpt lat="4.8116020" lon="-75.7045930">
    <ele>1399.4</ele>
   </trkpt>
   <trkpt lat="4.8116190" lon="-75.7046260">
    <ele>1399.4</ele>
   </trkpt>
   <trkpt lat="4.8116360" lon="-75.7046600">
    <ele>1399.5</ele>
   </trkpt>
   <trkpt lat="4.8116510" lon="-75.7046940">
    <ele>1399.5</ele>
   </trkpt>
   <trkpt lat="4.8116660" lon="-75.7047290">
    <ele>1399.6</ele>
   </trkpt>
   <trkpt lat="4.8116810" lon="-75.7047650">
    <ele>1399.6</ele>
   </trkpt>
   <trkpt lat="4.8116950" lon="-75.7048020">
    <ele>1399.7</ele>
   </trkpt>
   <trkpt lat="4.8117080" lon="-75.7048390">
    <ele>1399.7</ele>
   </trkpt>
   <trkpt lat="4.8117200" lon="-75.7048770">
    <ele>1399.8</ele>
   </trkpt>
   <trkpt lat="4.8117300" lon="-75.7049140">
    <ele>1399.8</ele>
   </trkpt>
   <trkpt lat="4.8117390" lon="-75.7049500">
    <ele>1399.8</ele>
   </trkpt>
   <trkpt lat="4.8117470" lon="-75.7049840">
    <ele>1399.9</ele>
   </trkpt>
   <trkpt lat="4.8117550" lon="-75.7050190">
    <ele>1399.9</ele>
   </trkpt>
   <trkpt lat="4.8117610" lon="-75.7050520">
    <ele>1399.9</ele>
   </trkpt>
   <trkpt lat="4.8117680" lon="-75.7050850">
    <ele>1399.9</ele>
   </trkpt>
   <trkpt lat="4.8117740" lon="-75.7051200">
    <ele>1399.9</ele>
   </trkpt>
   <trkpt lat="4.8117800" lon="-75.7051550">
    <ele>1399.9</ele>
   </trkpt>
   <trkpt lat="4.8117870" lon="-75.7051890">
    <ele>1400.0</ele>
   </trkpt>
   <trkpt lat="4.8117940" lon="-75.7052230">
    <ele>1400.0</ele>
   </trkpt>
   <trkpt lat="4.8117990" lon="-75.7052550">
    <ele>1400.0</ele>
   </trkpt>
   <trkpt lat="4.8118040" lon="-75.7052860">
    <ele>1400.0</ele>
   </trkpt>
   <trkpt lat="4.8118070" lon="-75.7053170">
    <ele>1400.0</ele>
   </trkpt>
   <trkpt lat="4.8118090" lon="-75.7053470">
    <ele>1400.0</ele>
   </trkpt>
   <trkpt lat="4.8118100" lon="-75.7053750">
    <ele>1400.0</ele>
   </trkpt>
   <trkpt lat="4.8118110" lon="-75.7054030">
    <ele>1400.0</ele>
   </trkpt>
   <trkpt lat="4.8118130" lon="-75.7054300">
    <ele>1400.0</ele>
   </trkpt>
   <trkpt lat="4.8118150" lon="-75.7054580">
    <ele>1400.0</ele>
   </trkpt>
   <trkpt lat="4.8118180" lon="-75.7054870">
    <ele>1400.1</ele>
   </trkpt>
   <trkpt lat="4.8118220" lon="-75.7055180">
    <ele>1400.1</ele>
   </trkpt>
   <trkpt lat="4.8118250" lon="-75.7055500">
    <ele>1400.1</ele>
   </trkpt>
   <trkpt lat="4.8118280" lon="-75.7055840">
    <ele>1400.1</ele>
   </trkpt>
   <trkpt lat="4.8118320" lon="-75.7056190">
    <ele>1400.0</ele>
   </trkpt>
   <trkpt lat="4.8118360" lon="-75.7056550">
    <ele>1400.0</ele>
   </trkpt>
   <trkpt lat="4.8118390" lon="-75.7056910">
    <ele>1400.0</ele>
   </trkpt>
   <trkpt lat="4.8118430" lon="-75.7057270">
    <ele>1400.0</ele>
   </trkpt>
   <trkpt lat="4.8118460" lon="-75.7057620">
    <ele>1400.0</ele>
   </trkpt>
   <trkpt lat="4.8118480" lon="-75.7057970">
    <ele>1400.0</ele>
   </trkpt>
   <trkpt lat="4.8118510" lon="-75.7058310">
    <ele>1399.9</ele>
   </trkpt>
   <trkpt lat="4.8118530" lon="-75.7058650">
    <ele>1399.9</ele>
   </trkpt>
   <trkpt lat="4.8118550" lon="-75.7058990">
    <ele>1399.9</ele>
   </trkpt>
   <trkpt lat="4.8118580" lon="-75.7059320">
    <ele>1399.9</ele>
   </trkpt>
   <trkpt lat="4.8118600" lon="-75.7059660">
    <ele>1400.1</ele>
   </trkpt>
   <trkpt lat="4.8118630" lon="-75.7060000">
    <ele>1400.6</ele>
   </trkpt>
   <trkpt lat="4.8118660" lon="-75.7060330">
    <ele>1400.5</ele>
   </trkpt>
   <trkpt lat="4.8118690" lon="-75.7060650">
    <ele>1400.4</ele>
   </trkpt>
   <trkpt lat="4.8118730" lon="-75.7060950">
    <ele>1400.3</ele>
   </trkpt>
   <trkpt lat="4.8118750" lon="-75.7061230">
    <ele>1400.2</ele>
   </trkpt>
   <trkpt lat="4.8118770" lon="-75.7061490">
    <ele>1400.1</ele>
   </trkpt>
   <trkpt lat="4.8118780" lon="-75.7061730">
    <ele>1400.0</ele>
   </trkpt>
   <trkpt lat="4.8118800" lon="-75.7061970">
    <ele>1399.9</ele>
   </trkpt>
   <trkpt lat="4.8118810" lon="-75.7062190">
    <ele>1399.9</ele>
   </trkpt>
   <trkpt lat="4.8118820" lon="-75.7062420">
    <ele>1399.8</ele>
   </trkpt>
   <trkpt lat="4.8118830" lon="-75.7062630">
    <ele>1399.7</ele>
   </trkpt>
   <trkpt lat="4.8118840" lon="-75.7062850">
    <ele>1399.6</ele>
   </trkpt>
   <trkpt lat="4.8118830" lon="-75.7063050">
    <ele>1399.5</ele>
   </trkpt>
   <trkpt lat="4.8118820" lon="-75.7063280">
    <ele>1399.5</ele>
   </trkpt>
   <trkpt lat="4.8118790" lon="-75.7063510">
    <ele>1399.4</ele>
   </trkpt>
   <trkpt lat="4.8118760" lon="-75.7063770">
    <ele>1399.4</ele>
   </trkpt>
   <trkpt lat="4.8118740" lon="-75.7064050">
    <ele>1399.3</ele>
   </trkpt>
   <trkpt lat="4.8118730" lon="-75.7064350">
    <ele>1399.3</ele>
   </trkpt>
   <trkpt lat="4.8118730" lon="-75.7064670">
    <ele>1399.3</ele>
   </trkpt>
   <trkpt lat="4.8118750" lon="-75.7064990">
    <ele>1399.2</ele>
   </trkpt>
   <trkpt lat="4.8118790" lon="-75.7065320">
    <ele>1399.2</ele>
   </trkpt>
   <trkpt lat="4.8118840" lon="-75.7065660">
    <ele>1399.1</ele>
   </trkpt>
   <trkpt lat="4.8118890" lon="-75.7066010">
    <ele>1399.1</ele>
   </trkpt>
   <trkpt lat="4.8118960" lon="-75.7066350">
    <ele>1399.0</ele>
   </trkpt>
   <trkpt lat="4.8119020" lon="-75.7066690">
    <ele>1399.0</ele>
   </trkpt>
   <trkpt lat="4.8119080" lon="-75.7067020">
    <ele>1399.0</ele>
   </trkpt>
   <trkpt lat="4.8119130" lon="-75.7067340">
    <ele>1398.9</ele>
   </trkpt>
   <trkpt lat="4.8119180" lon="-75.7067650">
    <ele>1398.9</ele>
   </trkpt>
   <trkpt lat="4.8119220" lon="-75.7067950">
    <ele>1398.8</ele>
   </trkpt>
   <trkpt lat="4.8119260" lon="-75.7068240">
    <ele>1398.8</ele>
   </trkpt>
   <trkpt lat="4.8119300" lon="-75.7068520">
    <ele>1398.8</ele>
   </trkpt>
   <trkpt lat="4.8119330" lon="-75.7068780">
    <ele>1398.7</ele>
   </trkpt>
   <trkpt lat="4.8119360" lon="-75.7069030">
    <ele>1398.7</ele>
   </trkpt>
   <trkpt lat="4.8119390" lon="-75.7069280">
    <ele>1398.7</ele>
   </trkpt>
   <trkpt lat="4.8119410" lon="-75.7069520">
    <ele>1398.7</ele>
   </trkpt>
   <trkpt lat="4.8119430" lon="-75.7069780">
    <ele>1398.7</ele>
   </trkpt>
   <trkpt lat="4.8119470" lon="-75.7070050">
    <ele>1398.6</ele>
   </trkpt>
   <trkpt lat="4.8119520" lon="-75.7070330">
    <ele>1398.6</ele>
   </trkpt>
   <trkpt lat="4.8119580" lon="-75.7070620">
    <ele>1398.6</ele>
   </trkpt>
   <trkpt lat="4.8119650" lon="-75.7070910">
    <ele>1398.6</ele>
   </trkpt>
   <trkpt lat="4.8119720" lon="-75.7071190">
    <ele>1398.6</ele>
   </trkpt>
   <trkpt lat="4.8119770" lon="-75.7071450">
    <ele>1398.6</ele>
   </trkpt>
   <trkpt lat="4.8119820" lon="-75.7071670">
    <ele>1398.6</ele>
   </trkpt>
   <trkpt lat="4.8119850" lon="-75.7071870">
    <ele>1398.5</ele>
   </trkpt>
   <trkpt lat="4.8119890" lon="-75.7072020">
    <ele>1398.5</ele>
   </trkpt>
   <trkpt lat="4.8119920" lon="-75.7072150">
    <ele>1398.5</ele>
   </trkpt>
   <trkpt lat="4.8119940" lon="-75.7072270">
    <ele>1398.5</ele>
   </trkpt>
   <trkpt lat="4.8119960" lon="-75.7072390">
    <ele>1398.5</ele>
   </trkpt>
   <trkpt lat="4.8119970" lon="-75.7072500">
    <ele>1398.5</ele>
   </trkpt>
   <trkpt lat="4.8119990" lon="-75.7072610">
    <ele>1398.5</ele>
   </trkpt>
   <trkpt lat="4.8120010" lon="-75.7072730">
    <ele>1398.5</ele>
   </trkpt>
   <trkpt lat="4.8120050" lon="-75.7072860">
    <ele>1398.5</ele>
   </trkpt>
   <trkpt lat="4.8120090" lon="-75.7073010">
    <ele>1398.5</ele>
   </trkpt>
   <trkpt lat="4.8120150" lon="-75.7073190">
    <ele>1398.5</ele>
   </trkpt>
   <trkpt lat="4.8120220" lon="-75.7073380">
    <ele>1398.5</ele>
   </trkpt>
   <trkpt lat="4.8120300" lon="-75.7073610">
    <ele>1398.5</ele>
   </trkpt>
   <trkpt lat="4.8120380" lon="-75.7073850">
    <ele>1398.5</ele>
   </trkpt>
   <trkpt lat="4.8120470" lon="-75.7074120">
    <ele>1398.5</ele>
   </trkpt>
   <trkpt lat="4.8120550" lon="-75.7074410">
    <ele>1398.5</ele>
   </trkpt>
   <trkpt lat="4.8120620" lon="-75.7074700">
    <ele>1398.5</ele>
   </trkpt>
   <trkpt lat="4.8120690" lon="-75.7075010">
    <ele>1398.5</ele>
   </trkpt>
   <trkpt lat="4.8120750" lon="-75.7075310">
    <ele>1398.5</ele>
   </trkpt>
   <trkpt lat="4.8120800" lon="-75.7075610">
    <ele>1398.5</ele>
   </trkpt>
   <trkpt lat="4.8120850" lon="-75.7075900">
    <ele>1398.5</ele>
   </trkpt>
   <trkpt lat="4.8120890" lon="-75.7076190">
    <ele>1398.5</ele>
   </trkpt>
   <trkpt lat="4.8120940" lon="-75.7076460">
    <ele>1398.5</ele>
   </trkpt>
   <trkpt lat="4.8120990" lon="-75.7076730">
    <ele>1398.5</ele>
   </trkpt>
   <trkpt lat="4.8121050" lon="-75.7077010">
    <ele>1398.5</ele>
   </trkpt>
   <trkpt lat="4.8121130" lon="-75.7077300">
    <ele>1398.5</ele>
   </trkpt>
   <trkpt lat="4.8121220" lon="-75.7077620">
    <ele>1398.5</ele>
   </trkpt>
   <trkpt lat="4.8121330" lon="-75.7077950">
    <ele>1398.5</ele>
   </trkpt>
   <trkpt lat="4.8121450" lon="-75.7078290">
    <ele>1398.5</ele>
   </trkpt>
   <trkpt lat="4.8121580" lon="-75.7078640">
    <ele>1398.5</ele>
   </trkpt>
   <trkpt lat="4.8121710" lon="-75.7078990">
    <ele>1398.5</ele>
   </trkpt>
   <trkpt lat="4.8121830" lon="-75.7079340">
    <ele>1398.5</ele>
   </trkpt>
   <trkpt lat="4.8121940" lon="-75.7079680">
    <ele>1398.5</ele>
   </trkpt>
   <trkpt lat="4.8122030" lon="-75.7080010">
    <ele>1398.5</ele>
   </trkpt>
   <trkpt lat="4.8122110" lon="-75.7080350">
    <ele>1398.2</ele>
   </trkpt>
   <trkpt lat="4.8122190" lon="-75.7080670">
    <ele>1398.0</ele>
   </trkpt>
   <trkpt lat="4.8122280" lon="-75.7080990">
    <ele>1398.0</ele>
   </trkpt>
   <trkpt lat="4.8122370" lon="-75.7081320">
    <ele>1398.1</ele>
   </trkpt>
   <trkpt lat="4.8122480" lon="-75.7081660">
    <ele>1398.1</ele>
   </trkpt>
   <trkpt lat="4.8122580" lon="-75.7082010">
    <ele>1398.2</ele>
   </trkpt>
   <trkpt lat="4.8122680" lon="-75.7082360">
    <ele>1398.2</ele>
   </trkpt>
   <trkpt lat="4.8122780" lon="-75.7082710">
    <ele>1398.2</ele>
   </trkpt>
   <trkpt lat="4.8122870" lon="-75.7083060">
    <ele>1398.3</ele>
   </trkpt>
   <trkpt lat="4.8122970" lon="-75.7083410">
    <ele>1398.3</ele>
   </trkpt>
   <trkpt lat="4.8123060" lon="-75.7083760">
    <ele>1398.3</ele>
   </trkpt>
   <trkpt lat="4.8123140" lon="-75.7084110">
    <ele>1398.3</ele>
   </trkpt>
   <trkpt lat="4.8123210" lon="-75.7084450">
    <ele>1398.3</ele>
   </trkpt>
   <trkpt lat="4.8123280" lon="-75.7084770">
    <ele>1398.4</ele>
   </trkpt>
   <trkpt lat="4.8123350" lon="-75.7085080">
    <ele>1398.4</ele>
   </trkpt>
   <trkpt lat="4.8123400" lon="-75.7085370">
    <ele>1398.4</ele>
   </trkpt>
   <trkpt lat="4.8123460" lon="-75.7085640">
    <ele>1398.4</ele>
   </trkpt>
   <trkpt lat="4.8123500" lon="-75.7085890">
    <ele>1398.4</ele>
   </trkpt>
   <trkpt lat="4.8123550" lon="-75.7086120">
    <ele>1398.4</ele>
   </trkpt>
   <trkpt lat="4.8123580" lon="-75.7086330">
    <ele>1398.4</ele>
   </trkpt>
   <trkpt lat="4.8123620" lon="-75.7086520">
    <ele>1398.3</ele>
   </trkpt>
   <trkpt lat="4.8123660" lon="-75.7086690">
    <ele>1398.3</ele>
   </trkpt>
   <trkpt lat="4.8123690" lon="-75.7086850">
    <ele>1398.3</ele>
   </trkpt>
   <trkpt lat="4.8123720" lon="-75.7087010">
    <ele>1398.3</ele>
   </trkpt>
   <trkpt lat="4.8123740" lon="-75.7087170">
    <ele>1398.3</ele>
   </trkpt>
   <trkpt lat="4.8123740" lon="-75.7087360">
    <ele>1398.3</ele>
   </trkpt>
   <trkpt lat="4.8123760" lon="-75.7087570">
    <ele>1398.3</ele>
   </trkpt>
   <trkpt lat="4.8123790" lon="-75.7087810">
    <ele>1398.3</ele>
   </trkpt>
   <trkpt lat="4.8123840" lon="-75.7088080">
    <ele>1398.3</ele>
   </trkpt>
   <trkpt lat="4.8123910" lon="-75.7088370">
    <ele>1398.2</ele>
   </trkpt>
   <trkpt lat="4.8124010" lon="-75.7088680">
    <ele>1398.2</ele>
   </trkpt>
   <trkpt lat="4.8124110" lon="-75.7088990">
    <ele>1398.1</ele>
   </trkpt>
   <trkpt lat="4.8124220" lon="-75.7089310">
    <ele>1398.0</ele>
   </trkpt>
   <trkpt lat="4.8124320" lon="-75.7089640">
    <ele>1398.0</ele>
   </trkpt>
   <trkpt lat="4.8124430" lon="-75.7089970">
    <ele>1397.9</ele>
   </trkpt>
   <trkpt lat="4.8124550" lon="-75.7090300">
    <ele>1397.9</ele>
   </trkpt>
   <trkpt lat="4.8124670" lon="-75.7090630">
    <ele>1397.8</ele>
   </trkpt>
   <trkpt lat="4.8124790" lon="-75.7090960">
    <ele>1397.7</ele>
   </trkpt>
   <trkpt lat="4.8124910" lon="-75.7091300">
    <ele>1397.7</ele>
   </trkpt>
   <trkpt lat="4.8125020" lon="-75.7091640">
    <ele>1397.6</ele>
   </trkpt>
   <trkpt lat="4.8125120" lon="-75.7091980">
    <ele>1397.5</ele>
   </trkpt>
   <trkpt lat="4.8125210" lon="-75.7092330">
    <ele>1397.4</ele>
   </trkpt>
   <trkpt lat="4.8125290" lon="-75.7092650">
    <ele>1397.3</ele>
   </trkpt>
   <trkpt lat="4.8125360" lon="-75.7092940">
    <ele>1397.3</ele>
   </trkpt>
   <trkpt lat="4.8125430" lon="-75.7093200">
    <ele>1397.2</ele>
   </trkpt>
   <trkpt lat="4.8125480" lon="-75.7093450">
    <ele>1397.2</ele>
   </trkpt>
   <trkpt lat="4.8125540" lon="-75.7093680">
    <ele>1397.1</ele>
   </trkpt>
   <trkpt lat="4.8125580" lon="-75.7093920">
    <ele>1397.1</ele>
   </trkpt>
   <trkpt lat="4.8125610" lon="-75.7094170">
    <ele>1397.0</ele>
   </trkpt>
   <trkpt lat="4.8125630" lon="-75.7094420">
    <ele>1396.9</ele>
   </trkpt>
   <trkpt lat="4.8125660" lon="-75.7094690">
    <ele>1396.9</ele>
   </trkpt>
   <trkpt lat="4.8125690" lon="-75.7094980">
    <ele>1396.8</ele>
   </trkpt>
   <trkpt lat="4.8125730" lon="-75.7095260">
    <ele>1396.8</ele>
   </trkpt>
   <trkpt lat="4.8125790" lon="-75.7095530">
    <ele>1396.7</ele>
   </trkpt>
   <trkpt lat="4.8125850" lon="-75.7095780">
    <ele>1396.6</ele>
   </trkpt>
   <trkpt lat="4.8125900" lon="-75.7096020">
    <ele>1396.6</ele>
   </trkpt>
   <trkpt lat="4.8125960" lon="-75.7096250">
    <ele>1396.5</ele>
   </trkpt>
   <trkpt lat="4.8126020" lon="-75.7096520">
    <ele>1396.5</ele>
   </trkpt>
   <trkpt lat="4.8126110" lon="-75.7096800">
    <ele>1396.4</ele>
   </trkpt>
   <trkpt lat="4.8126210" lon="-75.7097100">
    <ele>1396.3</ele>
   </trkpt>
   <trkpt lat="4.8126330" lon="-75.7097430">
    <ele>1396.2</ele>
   </trkpt>
   <trkpt lat="4.8126450" lon="-75.7097770">
    <ele>1396.2</ele>
   </trkpt>
   <trkpt lat="4.8126560" lon="-75.7098110">
    <ele>1396.1</ele>
   </trkpt>
   <trkpt lat="4.8126660" lon="-75.7098460">
    <ele>1396.1</ele>
   </trkpt>
   <trkpt lat="4.8126740" lon="-75.7098830">
    <ele>1396.0</ele>
   </trkpt>
   <trkpt lat="4.8126810" lon="-75.7099210">
    <ele>1395.9</ele>
   </trkpt>
   <trkpt lat="4.8126890" lon="-75.7099590">
    <ele>1395.8</ele>
   </trkpt>
   <trkpt lat="4.8126980" lon="-75.7099990">
    <ele>1395.8</ele>
   </trkpt>
   <trkpt lat="4.8127090" lon="-75.7100390">
    <ele>1395.7</ele>
   </trkpt>
   <trkpt lat="4.8127210" lon="-75.7100790">
    <ele>1395.6</ele>
   </trkpt>
   <trkpt lat="4.8127340" lon="-75.7101180">
    <ele>1395.5</ele>
   </trkpt>
   <trkpt lat="4.8127480" lon="-75.7101580">
    <ele>1395.4</ele>
   </trkpt>
   <trkpt lat="4.8127620" lon="-75.7101980">
    <ele>1395.4</ele>
   </trkpt>
   <trkpt lat="4.8127760" lon="-75.7102380">
    <ele>1395.3</ele>
   </trkpt>
   <trkpt lat="4.8127900" lon="-75.7102800">
    <ele>1395.3</ele>
   </trkpt>
   <trkpt lat="4.8128030" lon="-75.7103220">
    <ele>1395.2</ele>
   </trkpt>
   <trkpt lat="4.8128150" lon="-75.7103630">
    <ele>1395.2</ele>
   </trkpt>
   <trkpt lat="4.8128260" lon="-75.7104030">
    <ele>1395.1</ele>
   </trkpt>
   <trkpt lat="4.8128350" lon="-75.7104410">
    <ele>1395.1</ele>
   </trkpt>
   <trkpt lat="4.8128430" lon="-75.7104770">
    <ele>1395.0</ele>
   </trkpt>
   <trkpt lat="4.8128500" lon="-75.7105120">
    <ele>1394.9</ele>
   </trkpt>
   <trkpt lat="4.8128560" lon="-75.7105470">
    <ele>1394.8</ele>
   </trkpt>
   <trkpt lat="4.8128640" lon="-75.7105840">
    <ele>1394.7</ele>
   </trkpt>
   <trkpt lat="4.8128720" lon="-75.7106230">
    <ele>1394.5</ele>
   </trkpt>
   <trkpt lat="4.8128830" lon="-75.7106630">
    <ele>1394.4</ele>
   </trkpt>
   <trkpt lat="4.8128940" lon="-75.7107060">
    <ele>1394.3</ele>
   </trkpt>
   <trkpt lat="4.8129080" lon="-75.7107500">
    <ele>1394.1</ele>
   </trkpt>
   <trkpt lat="4.8129220" lon="-75.7107940">
    <ele>1393.9</ele>
   </trkpt>
   <trkpt lat="4.8129360" lon="-75.7108390">
    <ele>1393.7</ele>
   </trkpt>
   <trkpt lat="4.8129500" lon="-75.7108840">
    <ele>1393.6</ele>
   </trkpt>
   <trkpt lat="4.8129630" lon="-75.7109270">
    <ele>1393.4</ele>
   </trkpt>
   <trkpt lat="4.8129740" lon="-75.7109700">
    <ele>1393.2</ele>
   </trkpt>
   <trkpt lat="4.8129840" lon="-75.7110120">
    <ele>1393.1</ele>
   </trkpt>
   <trkpt lat="4.8129910" lon="-75.7110500">
    <ele>1392.9</ele>
   </trkpt>
   <trkpt lat="4.8129970" lon="-75.7110870">
    <ele>1392.7</ele>
   </trkpt>
   <trkpt lat="4.8130000" lon="-75.7111220">
    <ele>1392.6</ele>
   </trkpt>
   <trkpt lat="4.8130040" lon="-75.7111560">
    <ele>1392.4</ele>
   </trkpt>
   <trkpt lat="4.8130080" lon="-75.7111900">
    <ele>1392.2</ele>
   </trkpt>
   <trkpt lat="4.8130120" lon="-75.7112250">
    <ele>1392.1</ele>
   </trkpt>
   <trkpt lat="4.8130180" lon="-75.7112620">
    <ele>1391.9</ele>
   </trkpt>
   <trkpt lat="4.8130250" lon="-75.7113020">
    <ele>1391.7</ele>
   </trkpt>
   <trkpt lat="4.8130310" lon="-75.7113420">
    <ele>1391.5</ele>
   </trkpt>
   <trkpt lat="4.8130360" lon="-75.7113830">
    <ele>1391.3</ele>
   </trkpt>
   <trkpt lat="4.8130410" lon="-75.7114240">
    <ele>1391.1</ele>
   </trkpt>
   <trkpt lat="4.8130450" lon="-75.7114650">
    <ele>1390.9</ele>
   </trkpt>
   <trkpt lat="4.8130500" lon="-75.7115050">
    <ele>1390.7</ele>
   </trkpt>
   <trkpt lat="4.8130540" lon="-75.7115440">
    <ele>1390.5</ele>
   </trkpt>
   <trkpt lat="4.8130590" lon="-75.7115830">
    <ele>1390.3</ele>
   </trkpt>
   <trkpt lat="4.8130630" lon="-75.7116230">
    <ele>1390.1</ele>
   </trkpt>
   <trkpt lat="4.8130670" lon="-75.7116650">
    <ele>1389.9</ele>
   </trkpt>
   <trkpt lat="4.8130730" lon="-75.7117070">
    <ele>1389.7</ele>
   </trkpt>
   <trkpt lat="4.8130790" lon="-75.7117510">
    <ele>1389.5</ele>
   </trkpt>
   <trkpt lat="4.8130850" lon="-75.7117940">
    <ele>1389.3</ele>
   </trkpt>
   <trkpt lat="4.8130920" lon="-75.7118370">
    <ele>1389.1</ele>
   </trkpt>
   <trkpt lat="4.8130980" lon="-75.7118780">
    <ele>1388.9</ele>
   </trkpt>
   <trkpt lat="4.8131040" lon="-75.7119200">
    <ele>1388.7</ele>
   </trkpt>
   <trkpt lat="4.8131100" lon="-75.7119610">
    <ele>1388.6</ele>
   </trkpt>
   <trkpt lat="4.8131160" lon="-75.7120040">
    <ele>1388.4</ele>
   </trkpt>
   <trkpt lat="4.8131230" lon="-75.7120460">
    <ele>1388.2</ele>
   </trkpt>
   <trkpt lat="4.8131300" lon="-75.7120880">
    <ele>1388.0</ele>
   </trkpt>
   <trkpt lat="4.8131390" lon="-75.7121310">
    <ele>1387.8</ele>
   </trkpt>
   <trkpt lat="4.8131490" lon="-75.7121720">
    <ele>1387.6</ele>
   </trkpt>
   <trkpt lat="4.8131600" lon="-75.7122140">
    <ele>1387.4</ele>
   </trkpt>
   <trkpt lat="4.8131720" lon="-75.7122570">
    <ele>1387.2</ele>
   </trkpt>
   <trkpt lat="4.8131830" lon="-75.7123000">
    <ele>1387.0</ele>
   </trkpt>
   <trkpt lat="4.8131950" lon="-75.7123440">
    <ele>1386.8</ele>
   </trkpt>
   <trkpt lat="4.8132060" lon="-75.7123890">
    <ele>1386.5</ele>
   </trkpt>
   <trkpt lat="4.8132170" lon="-75.7124330">
    <ele>1386.3</ele>
   </trkpt>
   <trkpt lat="4.8132270" lon="-75.7124760">
    <ele>1386.1</ele>
   </trkpt>
   <trkpt lat="4.8132370" lon="-75.7125180">
    <ele>1385.9</ele>
   </trkpt>
   <trkpt lat="4.8132480" lon="-75.7125580">
    <ele>1385.7</ele>
   </trkpt>
   <trkpt lat="4.8132590" lon="-75.7125970">
    <ele>1385.5</ele>
   </trkpt>
   <trkpt lat="4.8132700" lon="-75.7126340">
    <ele>1385.4</ele>
   </trkpt>
   <trkpt lat="4.8132820" lon="-75.7126710">
    <ele>1385.2</ele>
   </trkpt>
   <trkpt lat="4.8132950" lon="-75.7127050">
    <ele>1385.0</ele>
   </trkpt>
   <trkpt lat="4.8133060" lon="-75.7127390">
    <ele>1384.9</ele>
   </trkpt>
   <trkpt lat="4.8133150" lon="-75.7127690">
    <ele>1384.8</ele>
   </trkpt>
   <trkpt lat="4.8133240" lon="-75.7127970">
    <ele>1384.6</ele>
   </trkpt>
   <trkpt lat="4.8133320" lon="-75.7128210">
    <ele>1384.5</ele>
   </trkpt>
   <trkpt lat="4.8133390" lon="-75.7128430">
    <ele>1384.4</ele>
   </trkpt>
   <trkpt lat="4.8133450" lon="-75.7128620">
    <ele>1384.4</ele>
   </trkpt>
   <trkpt lat="4.8133520" lon="-75.7128780">
    <ele>1384.3</ele>
   </trkpt>
   <trkpt lat="4.8133580" lon="-75.7128910">
    <ele>1384.2</ele>
   </trkpt>
   <trkpt lat="4.8133630" lon="-75.7129030">
    <ele>1384.2</ele>
   </trkpt>
   <trkpt lat="4.8133670" lon="-75.7129110">
    <ele>1384.2</ele>
   </trkpt>
   <trkpt lat="4.8133700" lon="-75.7129160">
    <ele>1384.1</ele>
   </trkpt>
   <trkpt lat="4.8133710" lon="-75.7129200">
    <ele>1384.1</ele>
   </trkpt>
   <trkpt lat="4.8133710" lon="-75.7129210">
    <ele>1384.1</ele>
   </trkpt>
   <trkpt lat="4.8133710" lon="-75.7129210">
    <ele>1384.1</ele>
   </trkpt>
   <trkpt lat="4.8133700" lon="-75.7129220">
    <ele>1384.1</ele>
   </trkpt>
   <trkpt lat="4.8133700" lon="-75.7129220">
    <ele>1384.1</ele>
   </trkpt>
   <trkpt lat="4.8133700" lon="-75.7129220">
    <ele>1384.1</ele>
   </trkpt>
   <trkpt lat="4.8133700" lon="-75.7129220">
    <ele>1384.1</ele>
   </trkpt>
   <trkpt lat="4.8133700" lon="-75.7129220">
    <ele>1384.1</ele>
   </trkpt>
   <trkpt lat="4.8133700" lon="-75.7129220">
    <ele>1384.1</ele>
   </trkpt>
   <trkpt lat="4.8133700" lon="-75.7129220">
    <ele>1384.1</ele>
   </trkpt>
   <trkpt lat="4.8133700" lon="-75.7129220">
    <ele>1384.1</ele>
   </trkpt>
   <trkpt lat="4.8133700" lon="-75.7129220">
    <ele>1384.1</ele>
   </trkpt>
   <trkpt lat="4.8133700" lon="-75.7129220">
    <ele>1384.1</ele>
   </trkpt>
   <trkpt lat="4.8133700" lon="-75.7129220">
    <ele>1384.1</ele>
   </trkpt>
   <trkpt lat="4.8133700" lon="-75.7129220">
    <ele>1384.1</ele>
   </trkpt>
   <trkpt lat="4.8133700" lon="-75.7129220">
    <ele>1384.1</ele>
   </trkpt>
   <trkpt lat="4.8133700" lon="-75.7129220">
    <ele>1384.1</ele>
   </trkpt>
   <trkpt lat="4.8133700" lon="-75.7129220">
    <ele>1384.1</ele>
   </trkpt>
   <trkpt lat="4.8133700" lon="-75.7129220">
    <ele>1384.1</ele>
   </trkpt>
   <trkpt lat="4.8133700" lon="-75.7129220">
    <ele>1384.1</ele>
   </trkpt>
   <trkpt lat="4.8133700" lon="-75.7129220">
    <ele>1384.1</ele>
   </trkpt>
   <trkpt lat="4.8133700" lon="-75.7129220">
    <ele>1384.1</ele>
   </trkpt>
   <trkpt lat="4.8133700" lon="-75.7129220">
    <ele>1384.1</ele>
   </trkpt>
   <trkpt lat="4.8133700" lon="-75.7129220">
    <ele>1384.1</ele>
   </trkpt>
   <trkpt lat="4.8133700" lon="-75.7129220">
    <ele>1384.1</ele>
   </trkpt>
   <trkpt lat="4.8133700" lon="-75.7129220">
    <ele>1384.1</ele>
   </trkpt>
   <trkpt lat="4.8133700" lon="-75.7129220">
    <ele>1384.1</ele>
   </trkpt>
   <trkpt lat="4.8133700" lon="-75.7129220">
    <ele>1384.1</ele>
   </trkpt>
   <trkpt lat="4.8133700" lon="-75.7129220">
    <ele>1384.1</ele>
   </trkpt>
   <trkpt lat="4.8133700" lon="-75.7129220">
    <ele>1384.1</ele>
   </trkpt>
   <trkpt lat="4.8133700" lon="-75.7129220">
    <ele>1384.1</ele>
   </trkpt>
   <trkpt lat="4.8133700" lon="-75.7129220">
    <ele>1384.1</ele>
   </trkpt>
   <trkpt lat="4.8133700" lon="-75.7129220">
    <ele>1384.1</ele>
   </trkpt>
   <trkpt lat="4.8133700" lon="-75.7129220">
    <ele>1384.1</ele>
   </trkpt>
   <trkpt lat="4.8133700" lon="-75.7129220">
    <ele>1384.1</ele>
   </trkpt>
   <trkpt lat="4.8133700" lon="-75.7129220">
    <ele>1384.1</ele>
   </trkpt>
   <trkpt lat="4.8133700" lon="-75.7129220">
    <ele>1384.1</ele>
   </trkpt>
   <trkpt lat="4.8133700" lon="-75.7129220">
    <ele>1384.1</ele>
   </trkpt>
   <trkpt lat="4.8133700" lon="-75.7129220">
    <ele>1384.1</ele>
   </trkpt>
   <trkpt lat="4.8133700" lon="-75.7129220">
    <ele>1384.1</ele>
   </trkpt>
   <trkpt lat="4.8133700" lon="-75.7129270">
    <ele>1384.1</ele>
   </trkpt>
   <trkpt lat="4.8133710" lon="-75.7129330">
    <ele>1384.1</ele>
   </trkpt>
   <trkpt lat="4.8133730" lon="-75.7129420">
    <ele>1384.0</ele>
   </trkpt>
   <trkpt lat="4.8133770" lon="-75.7129530">
    <ele>1384.0</ele>
   </trkpt>
   <trkpt lat="4.8133820" lon="-75.7129680">
    <ele>1383.9</ele>
   </trkpt>
   <trkpt lat="4.8133910" lon="-75.7129840">
    <ele>1383.9</ele>
   </trkpt>
   <trkpt lat="4.8134000" lon="-75.7130020">
    <ele>1383.8</ele>
   </trkpt>
   <trkpt lat="4.8134120" lon="-75.7130220">
    <ele>1383.7</ele>
   </trkpt>
   <trkpt lat="4.8134240" lon="-75.7130460">
    <ele>1383.7</ele>
   </trkpt>
   <trkpt lat="4.8134370" lon="-75.7130720">
    <ele>1383.6</ele>
   </trkpt>
   <trkpt lat="4.8134500" lon="-75.7131000">
    <ele>1383.6</ele>
   </trkpt>
   <trkpt lat="4.8134630" lon="-75.7131300">
    <ele>1383.5</ele>
   </trkpt>
   <trkpt lat="4.8134760" lon="-75.7131610">
    <ele>1383.5</ele>
   </trkpt>
   <trkpt lat="4.8134880" lon="-75.7131910">
    <ele>1383.4</ele>
   </trkpt>
   <trkpt lat="4.8135010" lon="-75.7132210">
    <ele>1383.4</ele>
   </trkpt>
   <trkpt lat="4.8135130" lon="-75.7132500">
    <ele>1383.3</ele>
   </trkpt>
   <trkpt lat="4.8135250" lon="-75.7132790">
    <ele>1383.3</ele>
   </trkpt>
   <trkpt lat="4.8135360" lon="-75.7133060">
    <ele>1383.3</ele>
   </trkpt>
   <trkpt lat="4.8135480" lon="-75.7133340">
    <ele>1383.2</ele>
   </trkpt>
   <trkpt lat="4.8135600" lon="-75.7133610">
    <ele>1383.2</ele>
   </trkpt>
   <trkpt lat="4.8135720" lon="-75.7133870">
    <ele>1383.2</ele>
   </trkpt>
   <trkpt lat="4.8135860" lon="-75.7134120">
    <ele>1383.2</ele>
   </trkpt>
   <trkpt lat="4.8136000" lon="-75.7134360">
    <ele>1383.1</ele>
   </trkpt>
   <trkpt lat="4.8136140" lon="-75.7134600">
    <ele>1383.1</ele>
   </trkpt>
   <trkpt lat="4.8136290" lon="-75.7134830">
    <ele>1383.1</ele>
   </trkpt>
   <trkpt lat="4.8136430" lon="-75.7135090">
    <ele>1383.1</ele>
   </trkpt>
   <trkpt lat="4.8136590" lon="-75.7135370">
    <ele>1383.1</ele>
   </trkpt>
   <trkpt lat="4.8136740" lon="-75.7135670">
    <ele>1383.0</ele>
   </trkpt>
   <trkpt lat="4.8136910" lon="-75.7136000">
    <ele>1383.0</ele>
   </trkpt>
   <trkpt lat="4.8137080" lon="-75.7136330">
    <ele>1383.0</ele>
   </trkpt>
   <trkpt lat="4.8137270" lon="-75.7136660">
    <ele>1382.9</ele>
   </trkpt>
   <trkpt lat="4.8137460" lon="-75.7137010">
    <ele>1382.9</ele>
   </trkpt>
   <trkpt lat="4.8137660" lon="-75.7137360">
    <ele>1382.8</ele>
   </trkpt>
   <trkpt lat="4.8137870" lon="-75.7137700">
    <ele>1382.8</ele>
   </trkpt>
   <trkpt lat="4.8138070" lon="-75.7138040">
    <ele>1382.7</ele>
   </trkpt>
   <trkpt lat="4.8138260" lon="-75.7138360">
    <ele>1382.7</ele>
   </trkpt>
   <trkpt lat="4.8138470" lon="-75.7138670">
    <ele>1382.6</ele>
   </trkpt>
   <trkpt lat="4.8138670" lon="-75.7138970">
    <ele>1382.5</ele>
   </trkpt>
   <trkpt lat="4.8138880" lon="-75.7139290">
    <ele>1382.4</ele>
   </trkpt>
   <trkpt lat="4.8139100" lon="-75.7139620">
    <ele>1382.3</ele>
   </trkpt>
   <trkpt lat="4.8139320" lon="-75.7139950">
    <ele>1382.2</ele>
   </trkpt>
   <trkpt lat="4.8139540" lon="-75.7140290">
    <ele>1382.1</ele>
   </trkpt>
   <trkpt lat="4.8139770" lon="-75.7140640">
    <ele>1382.0</ele>
   </trkpt>
   <trkpt lat="4.8140000" lon="-75.7140980">
    <ele>1382.0</ele>
   </trkpt>
   <trkpt lat="4.8140230" lon="-75.7141340">
    <ele>1381.9</ele>
   </trkpt>
   <trkpt lat="4.8140450" lon="-75.7141690">
    <ele>1381.8</ele>
   </trkpt>
   <trkpt lat="4.8140680" lon="-75.7142030">
    <ele>1381.7</ele>
   </trkpt>
   <trkpt lat="4.8140890" lon="-75.7142380">
    <ele>1381.6</ele>
   </trkpt>
   <trkpt lat="4.8141090" lon="-75.7142720">
    <ele>1381.5</ele>
   </trkpt>
   <trkpt lat="4.8141280" lon="-75.7143080">
    <ele>1381.4</ele>
   </trkpt>
   <trkpt lat="4.8141470" lon="-75.7143430">
    <ele>1381.4</ele>
   </trkpt>
   <trkpt lat="4.8141670" lon="-75.7143780">
    <ele>1381.3</ele>
   </trkpt>
   <trkpt lat="4.8141860" lon="-75.7144120">
    <ele>1381.2</ele>
   </trkpt>
   <trkpt lat="4.8142070" lon="-75.7144450">
    <ele>1381.1</ele>
   </trkpt>
   <trkpt lat="4.8142280" lon="-75.7144780">
    <ele>1381.0</ele>
   </trkpt>
   <trkpt lat="4.8142490" lon="-75.7145100">
    <ele>1381.0</ele>
   </trkpt>
   <trkpt lat="4.8142710" lon="-75.7145430">
    <ele>1380.9</ele>
   </trkpt>
   <trkpt lat="4.8142920" lon="-75.7145750">
    <ele>1380.8</ele>
   </trkpt>
   <trkpt lat="4.8143140" lon="-75.7146070">
    <ele>1380.7</ele>
   </trkpt>
   <trkpt lat="4.8143350" lon="-75.7146400">
    <ele>1380.6</ele>
   </trkpt>
   <trkpt lat="4.8143570" lon="-75.7146710">
    <ele>1380.5</ele>
   </trkpt>
   <trkpt lat="4.8143790" lon="-75.7147020">
    <ele>1380.4</ele>
   </trkpt>
   <trkpt lat="4.8143990" lon="-75.7147340">
    <ele>1380.3</ele>
   </trkpt>
   <trkpt lat="4.8144180" lon="-75.7147660">
    <ele>1380.3</ele>
   </trkpt>
   <trkpt lat="4.8144360" lon="-75.7148000">
    <ele>1380.2</ele>
   </trkpt>
   <trkpt lat="4.8144540" lon="-75.7148340">
    <ele>1380.1</ele>
   </trkpt>
   <trkpt lat="4.8144690" lon="-75.7148700">
    <ele>1380.0</ele>
   </trkpt>
   <trkpt lat="4.8144860" lon="-75.7149050">
    <ele>1379.9</ele>
   </trkpt>
   <trkpt lat="4.8145030" lon="-75.7149420">
    <ele>1379.8</ele>
   </trkpt>
   <trkpt lat="4.8145200" lon="-75.7149780">
    <ele>1379.7</ele>
   </trkpt>
   <trkpt lat="4.8145370" lon="-75.7150150">
    <ele>1379.6</ele>
   </trkpt>
   <trkpt lat="4.8145540" lon="-75.7150510">
    <ele>1379.5</ele>
   </trkpt>
   <trkpt lat="4.8145690" lon="-75.7150880">
    <ele>1379.4</ele>
   </trkpt>
   <trkpt lat="4.8145830" lon="-75.7151230">
    <ele>1379.3</ele>
   </trkpt>
   <trkpt lat="4.8145960" lon="-75.7151580">
    <ele>1379.2</ele>
   </trkpt>
   <trkpt lat="4.8146070" lon="-75.7151900">
    <ele>1379.2</ele>
   </trkpt>
   <trkpt lat="4.8146160" lon="-75.7152230">
    <ele>1379.1</ele>
   </trkpt>
   <trkpt lat="4.8146250" lon="-75.7152550">
    <ele>1379.0</ele>
   </trkpt>
   <trkpt lat="4.8146340" lon="-75.7152880">
    <ele>1379.0</ele>
   </trkpt>
   <trkpt lat="4.8146420" lon="-75.7153210">
    <ele>1378.9</ele>
   </trkpt>
   <trkpt lat="4.8146510" lon="-75.7153560">
    <ele>1378.9</ele>
   </trkpt>
   <trkpt lat="4.8146580" lon="-75.7153910">
    <ele>1378.8</ele>
   </trkpt>
   <trkpt lat="4.8146640" lon="-75.7154270">
    <ele>1378.7</ele>
   </trkpt>
   <trkpt lat="4.8146690" lon="-75.7154640">
    <ele>1378.7</ele>
   </trkpt>
   <trkpt lat="4.8146730" lon="-75.7155030">
    <ele>1378.6</ele>
   </trkpt>
   <trkpt lat="4.8146780" lon="-75.7155430">
    <ele>1378.5</ele>
   </trkpt>
   <trkpt lat="4.8146840" lon="-75.7155830">
    <ele>1378.5</ele>
   </trkpt>
   <trkpt lat="4.8146900" lon="-75.7156240">
    <ele>1378.4</ele>
   </trkpt>
   <trkpt lat="4.8146960" lon="-75.7156650">
    <ele>1378.4</ele>
   </trkpt>
   <trkpt lat="4.8147010" lon="-75.7157060">
    <ele>1378.3</ele>
   </trkpt>
   <trkpt lat="4.8147060" lon="-75.7157480">
    <ele>1378.3</ele>
   </trkpt>
   <trkpt lat="4.8147100" lon="-75.7157880">
    <ele>1378.2</ele>
   </trkpt>
   <trkpt lat="4.8147120" lon="-75.7158290">
    <ele>1378.2</ele>
   </trkpt>
   <trkpt lat="4.8147150" lon="-75.7158690">
    <ele>1378.1</ele>
   </trkpt>
   <trkpt lat="4.8147180" lon="-75.7159080">
    <ele>1378.1</ele>
   </trkpt>
   <trkpt lat="4.8147200" lon="-75.7159460">
    <ele>1378.0</ele>
   </trkpt>
   <trkpt lat="4.8147230" lon="-75.7159840">
    <ele>1377.9</ele>
   </trkpt>
   <trkpt lat="4.8147260" lon="-75.7160230">
    <ele>1377.8</ele>
   </trkpt>
   <trkpt lat="4.8147280" lon="-75.7160630">
    <ele>1377.7</ele>
   </trkpt>
   <trkpt lat="4.8147300" lon="-75.7161040">
    <ele>1377.7</ele>
   </trkpt>
   <trkpt lat="4.8147320" lon="-75.7161470">
    <ele>1377.6</ele>
   </trkpt>
   <trkpt lat="4.8147360" lon="-75.7161910">
    <ele>1377.5</ele>
   </trkpt>
   <trkpt lat="4.8147400" lon="-75.7162360">
    <ele>1377.4</ele>
   </trkpt>
   <trkpt lat="4.8147460" lon="-75.7162810">
    <ele>1377.3</ele>
   </trkpt>
   <trkpt lat="4.8147530" lon="-75.7163250">
    <ele>1377.2</ele>
   </trkpt>
   <trkpt lat="4.8147600" lon="-75.7163690">
    <ele>1377.1</ele>
   </trkpt>
   <trkpt lat="4.8147690" lon="-75.7164130">
    <ele>1377.0</ele>
   </trkpt>
   <trkpt lat="4.8147780" lon="-75.7164560">
    <ele>1376.9</ele>
   </trkpt>
   <trkpt lat="4.8147890" lon="-75.7164990">
    <ele>1376.8</ele>
   </trkpt>
   <trkpt lat="4.8148020" lon="-75.7165410">
    <ele>1376.8</ele>
   </trkpt>
   <trkpt lat="4.8148150" lon="-75.7165830">
    <ele>1376.7</ele>
   </trkpt>
   <trkpt lat="4.8148290" lon="-75.7166250">
    <ele>1376.6</ele>
   </trkpt>
   <trkpt lat="4.8148430" lon="-75.7166650">
    <ele>1376.5</ele>
   </trkpt>
   <trkpt lat="4.8148580" lon="-75.7167030">
    <ele>1376.4</ele>
   </trkpt>
   <trkpt lat="4.8148720" lon="-75.7167410">
    <ele>1376.4</ele>
   </trkpt>
   <trkpt lat="4.8148880" lon="-75.7167760">
    <ele>1376.3</ele>
   </trkpt>
   <trkpt lat="4.8149040" lon="-75.7168110">
    <ele>1376.2</ele>
   </trkpt>
   <trkpt lat="4.8149210" lon="-75.7168440">
    <ele>1376.1</ele>
   </trkpt>
   <trkpt lat="4.8149390" lon="-75.7168790">
    <ele>1376.1</ele>
   </trkpt>
   <trkpt lat="4.8149580" lon="-75.7169130">
    <ele>1376.0</ele>
   </trkpt>
   <trkpt lat="4.8149790" lon="-75.7169460">
    <ele>1375.9</ele>
   </trkpt>
   <trkpt lat="4.8150010" lon="-75.7169800">
    <ele>1375.9</ele>
   </trkpt>
   <trkpt lat="4.8150240" lon="-75.7170130">
    <ele>1375.8</ele>
   </trkpt>
   <trkpt lat="4.8150460" lon="-75.7170460">
    <ele>1375.7</ele>
   </trkpt>
   <trkpt lat="4.8150690" lon="-75.7170790">
    <ele>1375.7</ele>
   </trkpt>
   <trkpt lat="4.8150900" lon="-75.7171110">
    <ele>1375.6</ele>
   </trkpt>
   <trkpt lat="4.8151090" lon="-75.7171440">
    <ele>1375.5</ele>
   </trkpt>
   <trkpt lat="4.8151290" lon="-75.7171760">
    <ele>1375.4</ele>
   </trkpt>
   <trkpt lat="4.8151480" lon="-75.7172100">
    <ele>1375.4</ele>
   </trkpt>
   <trkpt lat="4.8151680" lon="-75.7172420">
    <ele>1375.3</ele>
   </trkpt>
   <trkpt lat="4.8151900" lon="-75.7172750">
    <ele>1375.2</ele>
   </trkpt>
   <trkpt lat="4.8152120" lon="-75.7173080">
    <ele>1375.1</ele>
   </trkpt>
   <trkpt lat="4.8152340" lon="-75.7173410">
    <ele>1375.1</ele>
   </trkpt>
   <trkpt lat="4.8152550" lon="-75.7173750">
    <ele>1375.0</ele>
   </trkpt>
   <trkpt lat="4.8152750" lon="-75.7174090">
    <ele>1374.9</ele>
   </trkpt>
   <trkpt lat="4.8152930" lon="-75.7174440">
    <ele>1374.8</ele>
   </trkpt>
   <trkpt lat="4.8153100" lon="-75.7174780">
    <ele>1374.8</ele>
   </trkpt>
   <trkpt lat="4.8153250" lon="-75.7175140">
    <ele>1374.7</ele>
   </trkpt>
   <trkpt lat="4.8153390" lon="-75.7175480">
    <ele>1374.6</ele>
   </trkpt>
   <trkpt lat="4.8153510" lon="-75.7175820">
    <ele>1374.6</ele>
   </trkpt>
   <trkpt lat="4.8153620" lon="-75.7176160">
    <ele>1374.5</ele>
   </trkpt>
   <trkpt lat="4.8153740" lon="-75.7176490">
    <ele>1374.4</ele>
   </trkpt>
   <trkpt lat="4.8153850" lon="-75.7176830">
    <ele>1374.3</ele>
   </trkpt>
   <trkpt lat="4.8153970" lon="-75.7177170">
    <ele>1374.3</ele>
   </trkpt>
   <trkpt lat="4.8154100" lon="-75.7177530">
    <ele>1374.2</ele>
   </trkpt>
   <trkpt lat="4.8154230" lon="-75.7177900">
    <ele>1374.1</ele>
   </trkpt>
   <trkpt lat="4.8154340" lon="-75.7178280">
    <ele>1374.1</ele>
   </trkpt>
   <trkpt lat="4.8154470" lon="-75.7178650">
    <ele>1374.0</ele>
   </trkpt>
   <trkpt lat="4.8154580" lon="-75.7179040">
    <ele>1373.9</ele>
   </trkpt>
   <trkpt lat="4.8154700" lon="-75.7179420">
    <ele>1373.9</ele>
   </trkpt>
   <trkpt lat="4.8154830" lon="-75.7179800">
    <ele>1373.8</ele>
   </trkpt>
   <trkpt lat="4.8154970" lon="-75.7180180">
    <ele>1373.8</ele>
   </trkpt>
   <trkpt lat="4.8155090" lon="-75.7180560">
    <ele>1373.7</ele>
   </trkpt>
   <trkpt lat="4.8155210" lon="-75.7180950">
    <ele>1373.7</ele>
   </trkpt>
   <trkpt lat="4.8155330" lon="-75.7181340">
    <ele>1373.6</ele>
   </trkpt>
   <trkpt lat="4.8155440" lon="-75.7181730">
    <ele>1373.6</ele>
   </trkpt>
   <trkpt lat="4.8155540" lon="-75.7182120">
    <ele>1373.5</ele>
   </trkpt>
   <trkpt lat="4.8155650" lon="-75.7182510">
    <ele>1373.4</ele>
   </trkpt>
   <trkpt lat="4.8155750" lon="-75.7182890">
    <ele>1373.3</ele>
   </trkpt>
   <trkpt lat="4.8155830" lon="-75.7183260">
    <ele>1373.3</ele>
   </trkpt>
   <trkpt lat="4.8155910" lon="-75.7183610">
    <ele>1373.2</ele>
   </trkpt>
   <trkpt lat="4.8155960" lon="-75.7183940">
    <ele>1373.1</ele>
   </trkpt>
   <trkpt lat="4.8156000" lon="-75.7184230">
    <ele>1373.0</ele>
   </trkpt>
   <trkpt lat="4.8156050" lon="-75.7184510">
    <ele>1372.9</ele>
   </trkpt>
   <trkpt lat="4.8156100" lon="-75.7184780">
    <ele>1372.9</ele>
   </trkpt>
   <trkpt lat="4.8156180" lon="-75.7185060">
    <ele>1372.8</ele>
   </trkpt>
   <trkpt lat="4.8156270" lon="-75.7185360">
    <ele>1372.7</ele>
   </trkpt>
   <trkpt lat="4.8156370" lon="-75.7185690">
    <ele>1372.6</ele>
   </trkpt>
   <trkpt lat="4.8156470" lon="-75.7186040">
    <ele>1372.5</ele>
   </trkpt>
   <trkpt lat="4.8156550" lon="-75.7186410">
    <ele>1372.4</ele>
   </trkpt>
   <trkpt lat="4.8156630" lon="-75.7186790">
    <ele>1372.3</ele>
   </trkpt>
   <trkpt lat="4.8156690" lon="-75.7187160">
    <ele>1372.3</ele>
   </trkpt>
   <trkpt lat="4.8156770" lon="-75.7187530">
    <ele>1372.2</ele>
   </trkpt>
   <trkpt lat="4.8156850" lon="-75.7187900">
    <ele>1372.1</ele>
   </trkpt>
   <trkpt lat="4.8156940" lon="-75.7188260">
    <ele>1372.0</ele>
   </trkpt>
   <trkpt lat="4.8157030" lon="-75.7188610">
    <ele>1371.9</ele>
   </trkpt>
   <trkpt lat="4.8157130" lon="-75.7188970">
    <ele>1371.9</ele>
   </trkpt>
   <trkpt lat="4.8157230" lon="-75.7189330">
    <ele>1371.8</ele>
   </trkpt>
   <trkpt lat="4.8157330" lon="-75.7189690">
    <ele>1371.7</ele>
   </trkpt>
   <trkpt lat="4.8157430" lon="-75.7190050">
    <ele>1371.6</ele>
   </trkpt>
   <trkpt lat="4.8157520" lon="-75.7190410">
    <ele>1371.5</ele>
   </trkpt>
   <trkpt lat="4.8157610" lon="-75.7190770">
    <ele>1371.4</ele>
   </trkpt>
   <trkpt lat="4.8157690" lon="-75.7191130">
    <ele>1371.3</ele>
   </trkpt>
   <trkpt lat="4.8157760" lon="-75.7191470">
    <ele>1371.2</ele>
   </trkpt>
   <trkpt lat="4.8157830" lon="-75.7191810">
    <ele>1371.1</ele>
   </trkpt>
   <trkpt lat="4.8157910" lon="-75.7192150">
    <ele>1371.0</ele>
   </trkpt>
   <trkpt lat="4.8157990" lon="-75.7192480">
    <ele>1371.0</ele>
   </trkpt>
   <trkpt lat="4.8158080" lon="-75.7192820">
    <ele>1370.9</ele>
   </trkpt>
   <trkpt lat="4.8158160" lon="-75.7193150">
    <ele>1370.8</ele>
   </trkpt>
   <trkpt lat="4.8158260" lon="-75.7193490">
    <ele>1370.7</ele>
   </trkpt>
   <trkpt lat="4.8158360" lon="-75.7193850">
    <ele>1370.7</ele>
   </trkpt>
   <trkpt lat="4.8158460" lon="-75.7194220">
    <ele>1370.6</ele>
   </trkpt>
   <trkpt lat="4.8158570" lon="-75.7194620">
    <ele>1370.5</ele>
   </trkpt>
   <trkpt lat="4.8158690" lon="-75.7195030">
    <ele>1370.4</ele>
   </trkpt>
   <trkpt lat="4.8158820" lon="-75.7195440">
    <ele>1370.4</ele>
   </trkpt>
   <trkpt lat="4.8158950" lon="-75.7195860">
    <ele>1370.3</ele>
   </trkpt>
   <trkpt lat="4.8159060" lon="-75.7196260">
    <ele>1370.2</ele>
   </trkpt>
   <trkpt lat="4.8159170" lon="-75.7196660">
    <ele>1370.1</ele>
   </trkpt>
   <trkpt lat="4.8159250" lon="-75.7197060">
    <ele>1370.1</ele>
   </trkpt>
   <trkpt lat="4.8159320" lon="-75.7197470">
    <ele>1370.0</ele>
   </trkpt>
   <trkpt lat="4.8159370" lon="-75.7197870">
    <ele>1369.9</ele>
   </trkpt>
   <trkpt lat="4.8159410" lon="-75.7198280">
    <ele>1369.8</ele>
   </trkpt>
   <trkpt lat="4.8159440" lon="-75.7198680">
    <ele>1369.7</ele>
   </trkpt>
   <trkpt lat="4.8159460" lon="-75.7199070">
    <ele>1369.6</ele>
   </trkpt>
   <trkpt lat="4.8159460" lon="-75.7199470">
    <ele>1369.5</ele>
   </trkpt>
   <trkpt lat="4.8159460" lon="-75.7199860">
    <ele>1369.4</ele>
   </trkpt>
   <trkpt lat="4.8159450" lon="-75.7200250">
    <ele>1369.3</ele>
   </trkpt>
   <trkpt lat="4.8159420" lon="-75.7200650">
    <ele>1369.2</ele>
   </trkpt>
   <trkpt lat="4.8159390" lon="-75.7201030">
    <ele>1369.1</ele>
   </trkpt>
   <trkpt lat="4.8159360" lon="-75.7201400">
    <ele>1369.0</ele>
   </trkpt>
   <trkpt lat="4.8159330" lon="-75.7201750">
    <ele>1368.9</ele>
   </trkpt>
   <trkpt lat="4.8159290" lon="-75.7202070">
    <ele>1368.9</ele>
   </trkpt>
   <trkpt lat="4.8159260" lon="-75.7202380">
    <ele>1368.8</ele>
   </trkpt>
   <trkpt lat="4.8159220" lon="-75.7202700">
    <ele>1368.7</ele>
   </trkpt>
   <trkpt lat="4.8159180" lon="-75.7203030">
    <ele>1368.6</ele>
   </trkpt>
   <trkpt lat="4.8159160" lon="-75.7203360">
    <ele>1368.5</ele>
   </trkpt>
   <trkpt lat="4.8159130" lon="-75.7203710">
    <ele>1368.4</ele>
   </trkpt>
   <trkpt lat="4.8159120" lon="-75.7204080">
    <ele>1368.3</ele>
   </trkpt>
   <trkpt lat="4.8159110" lon="-75.7204450">
    <ele>1368.2</ele>
   </trkpt>
   <trkpt lat="4.8159100" lon="-75.7204820">
    <ele>1368.1</ele>
   </trkpt>
   <trkpt lat="4.8159080" lon="-75.7205180">
    <ele>1368.0</ele>
   </trkpt>
   <trkpt lat="4.8159060" lon="-75.7205520">
    <ele>1367.9</ele>
   </trkpt>
   <trkpt lat="4.8159030" lon="-75.7205850">
    <ele>1367.8</ele>
   </trkpt>
   <trkpt lat="4.8159000" lon="-75.7206160">
    <ele>1367.7</ele>
   </trkpt>
   <trkpt lat="4.8158960" lon="-75.7206450">
    <ele>1367.6</ele>
   </trkpt>
   <trkpt lat="4.8158920" lon="-75.7206740">
    <ele>1367.5</ele>
   </trkpt>
   <trkpt lat="4.8158880" lon="-75.7207030">
    <ele>1367.5</ele>
   </trkpt>
   <trkpt lat="4.8158850" lon="-75.7207320">
    <ele>1367.4</ele>
   </trkpt>
   <trkpt lat="4.8158830" lon="-75.7207600">
    <ele>1367.3</ele>
   </trkpt>
   <trkpt lat="4.8158810" lon="-75.7207890">
    <ele>1367.2</ele>
   </trkpt>
   <trkpt lat="4.8158810" lon="-75.7208170">
    <ele>1367.0</ele>
   </trkpt>
   <trkpt lat="4.8158820" lon="-75.7208460">
    <ele>1366.9</ele>
   </trkpt>
   <trkpt lat="4.8158840" lon="-75.7208740">
    <ele>1366.8</ele>
   </trkpt>
   <trkpt lat="4.8158850" lon="-75.7209010">
    <ele>1366.7</ele>
   </trkpt>
   <trkpt lat="4.8158860" lon="-75.7209270">
    <ele>1366.6</ele>
   </trkpt>
   <trkpt lat="4.8158860" lon="-75.7209520">
    <ele>1366.5</ele>
   </trkpt>
   <trkpt lat="4.8158860" lon="-75.7209740">
    <ele>1366.5</ele>
   </trkpt>
   <trkpt lat="4.8158850" lon="-75.7209960">
    <ele>1366.4</ele>
   </trkpt>
   <trkpt lat="4.8158850" lon="-75.7210170">
    <ele>1366.3</ele>
   </trkpt>
   <trkpt lat="4.8158850" lon="-75.7210380">
    <ele>1366.3</ele>
   </trkpt>
   <trkpt lat="4.8158850" lon="-75.7210590">
    <ele>1366.2</ele>
   </trkpt>
   <trkpt lat="4.8158850" lon="-75.7210810">
    <ele>1366.1</ele>
   </trkpt>
   <trkpt lat="4.8158850" lon="-75.7211040">
    <ele>1366.0</ele>
   </trkpt>
   <trkpt lat="4.8158830" lon="-75.7211290">
    <ele>1365.9</ele>
   </trkpt>
   <trkpt lat="4.8158810" lon="-75.7211550">
    <ele>1365.9</ele>
   </trkpt>
   <trkpt lat="4.8158770" lon="-75.7211830">
    <ele>1365.8</ele>
   </trkpt>
   <trkpt lat="4.8158730" lon="-75.7212140">
    <ele>1365.6</ele>
   </trkpt>
   <trkpt lat="4.8158680" lon="-75.7212460">
    <ele>1365.5</ele>
   </trkpt>
   <trkpt lat="4.8158650" lon="-75.7212810">
    <ele>1365.4</ele>
   </trkpt>
   <trkpt lat="4.8158630" lon="-75.7213160">
    <ele>1365.3</ele>
   </trkpt>
   <trkpt lat="4.8158620" lon="-75.7213510">
    <ele>1365.1</ele>
   </trkpt>
   <trkpt lat="4.8158610" lon="-75.7213840">
    <ele>1365.0</ele>
   </trkpt>
   <trkpt lat="4.8158600" lon="-75.7214150">
    <ele>1364.9</ele>
   </trkpt>
   <trkpt lat="4.8158590" lon="-75.7214440">
    <ele>1364.8</ele>
   </trkpt>
   <trkpt lat="4.8158580" lon="-75.7214710">
    <ele>1364.7</ele>
   </trkpt>
   <trkpt lat="4.8158560" lon="-75.7214970">
    <ele>1364.7</ele>
   </trkpt>
   <trkpt lat="4.8158560" lon="-75.7215250">
    <ele>1364.6</ele>
   </trkpt>
   <trkpt lat="4.8158550" lon="-75.7215550">
    <ele>1364.5</ele>
   </trkpt>
   <trkpt lat="4.8158550" lon="-75.7215860">
    <ele>1364.5</ele>
   </trkpt>
   <trkpt lat="4.8158540" lon="-75.7216190">
    <ele>1364.4</ele>
   </trkpt>
   <trkpt lat="4.8158540" lon="-75.7216530">
    <ele>1364.3</ele>
   </trkpt>
   <trkpt lat="4.8158530" lon="-75.7216880">
    <ele>1364.2</ele>
   </trkpt>
   <trkpt lat="4.8158520" lon="-75.7217240">
    <ele>1364.1</ele>
   </trkpt>
   <trkpt lat="4.8158510" lon="-75.7217600">
    <ele>1364.0</ele>
   </trkpt>
   <trkpt lat="4.8158500" lon="-75.7217950">
    <ele>1363.9</ele>
   </trkpt>
   <trkpt lat="4.8158480" lon="-75.7218310">
    <ele>1363.8</ele>
   </trkpt>
   <trkpt lat="4.8158440" lon="-75.7218660">
    <ele>1363.7</ele>
   </trkpt>
   <trkpt lat="4.8158400" lon="-75.7219010">
    <ele>1363.6</ele>
   </trkpt>
   <trkpt lat="4.8158350" lon="-75.7219370">
    <ele>1363.5</ele>
   </trkpt>
   <trkpt lat="4.8158300" lon="-75.7219730">
    <ele>1363.3</ele>
   </trkpt>
   <trkpt lat="4.8158240" lon="-75.7220110">
    <ele>1363.2</ele>
   </trkpt>
   <trkpt lat="4.8158190" lon="-75.7220500">
    <ele>1363.1</ele>
   </trkpt>
   <trkpt lat="4.8158160" lon="-75.7220900">
    <ele>1362.9</ele>
   </trkpt>
   <trkpt lat="4.8158150" lon="-75.7221310">
    <ele>1362.8</ele>
   </trkpt>
   <trkpt lat="4.8158140" lon="-75.7221730">
    <ele>1362.7</ele>
   </trkpt>
   <trkpt lat="4.8158150" lon="-75.7222150">
    <ele>1362.6</ele>
   </trkpt>
   <trkpt lat="4.8158150" lon="-75.7222570">
    <ele>1362.4</ele>
   </trkpt>
   <trkpt lat="4.8158150" lon="-75.7223000">
    <ele>1362.3</ele>
   </trkpt>
   <trkpt lat="4.8158140" lon="-75.7223420">
    <ele>1362.2</ele>
   </trkpt>
   <trkpt lat="4.8158130" lon="-75.7223830">
    <ele>1362.1</ele>
   </trkpt>
   <trkpt lat="4.8158120" lon="-75.7224230">
    <ele>1362.0</ele>
   </trkpt>
   <trkpt lat="4.8158110" lon="-75.7224630">
    <ele>1361.9</ele>
   </trkpt>
   <trkpt lat="4.8158090" lon="-75.7225030">
    <ele>1361.8</ele>
   </trkpt>
   <trkpt lat="4.8158060" lon="-75.7225420">
    <ele>1361.7</ele>
   </trkpt>
   <trkpt lat="4.8158030" lon="-75.7225810">
    <ele>1361.6</ele>
   </trkpt>
   <trkpt lat="4.8158000" lon="-75.7226190">
    <ele>1361.5</ele>
   </trkpt>
   <trkpt lat="4.8157960" lon="-75.7226570">
    <ele>1361.4</ele>
   </trkpt>
   <trkpt lat="4.8157920" lon="-75.7226930">
    <ele>1361.3</ele>
   </trkpt>
   <trkpt lat="4.8157900" lon="-75.7227260">
    <ele>1361.2</ele>
   </trkpt>
   <trkpt lat="4.8157890" lon="-75.7227580">
    <ele>1361.1</ele>
   </trkpt>
   <trkpt lat="4.8157890" lon="-75.7227880">
    <ele>1361.0</ele>
   </trkpt>
   <trkpt lat="4.8157890" lon="-75.7228170">
    <ele>1360.9</ele>
   </trkpt>
   <trkpt lat="4.8157890" lon="-75.7228470">
    <ele>1360.8</ele>
   </trkpt>
   <trkpt lat="4.8157880" lon="-75.7228780">
    <ele>1360.7</ele>
   </trkpt>
   <trkpt lat="4.8157860" lon="-75.7229110">
    <ele>1360.6</ele>
   </trkpt>
   <trkpt lat="4.8157820" lon="-75.7229440">
    <ele>1360.6</ele>
   </trkpt>
   <trkpt lat="4.8157780" lon="-75.7229790">
    <ele>1360.5</ele>
   </trkpt>
   <trkpt lat="4.8157740" lon="-75.7230140">
    <ele>1360.4</ele>
   </trkpt>
   <trkpt lat="4.8157700" lon="-75.7230500">
    <ele>1360.3</ele>
   </trkpt>
   <trkpt lat="4.8157660" lon="-75.7230850">
    <ele>1360.2</ele>
   </trkpt>
   <trkpt lat="4.8157620" lon="-75.7231200">
    <ele>1360.1</ele>
   </trkpt>
   <trkpt lat="4.8157580" lon="-75.7231540">
    <ele>1360.0</ele>
   </trkpt>
   <trkpt lat="4.8157540" lon="-75.7231870">
    <ele>1359.9</ele>
   </trkpt>
   <trkpt lat="4.8157520" lon="-75.7232200">
    <ele>1359.8</ele>
   </trkpt>
   <trkpt lat="4.8157520" lon="-75.7232520">
    <ele>1359.7</ele>
   </trkpt>
   <trkpt lat="4.8157520" lon="-75.7232830">
    <ele>1359.6</ele>
   </trkpt>
   <trkpt lat="4.8157540" lon="-75.7233150">
    <ele>1359.5</ele>
   </trkpt>
   <trkpt lat="4.8157550" lon="-75.7233490">
    <ele>1359.4</ele>
   </trkpt>
   <trkpt lat="4.8157560" lon="-75.7233840">
    <ele>1359.3</ele>
   </trkpt>
   <trkpt lat="4.8157550" lon="-75.7234190">
    <ele>1359.2</ele>
   </trkpt>
   <trkpt lat="4.8157530" lon="-75.7234550">
    <ele>1359.0</ele>
   </trkpt>
   <trkpt lat="4.8157510" lon="-75.7234910">
    <ele>1358.9</ele>
   </trkpt>
   <trkpt lat="4.8157490" lon="-75.7235260">
    <ele>1358.8</ele>
   </trkpt>
   <trkpt lat="4.8157470" lon="-75.7235610">
    <ele>1358.7</ele>
   </trkpt>
   <trkpt lat="4.8157450" lon="-75.7235960">
    <ele>1358.6</ele>
   </trkpt>
   <trkpt lat="4.8157440" lon="-75.7236310">
    <ele>1358.5</ele>
   </trkpt>
   <trkpt lat="4.8157430" lon="-75.7236660">
    <ele>1358.4</ele>
   </trkpt>
   <trkpt lat="4.8157420" lon="-75.7237020">
    <ele>1358.3</ele>
   </trkpt>
   <trkpt lat="4.8157390" lon="-75.7237390">
    <ele>1358.2</ele>
   </trkpt>
   <trkpt lat="4.8157350" lon="-75.7237750">
    <ele>1358.1</ele>
   </trkpt>
   <trkpt lat="4.8157300" lon="-75.7238140">
    <ele>1358.1</ele>
   </trkpt>
   <trkpt lat="4.8157260" lon="-75.7238520">
    <ele>1358.0</ele>
   </trkpt>
   <trkpt lat="4.8157220" lon="-75.7238920">
    <ele>1358.0</ele>
   </trkpt>
   <trkpt lat="4.8157200" lon="-75.7239330">
    <ele>1357.9</ele>
   </trkpt>
   <trkpt lat="4.8157200" lon="-75.7239740">
    <ele>1357.8</ele>
   </trkpt>
   <trkpt lat="4.8157200" lon="-75.7240160">
    <ele>1357.7</ele>
   </trkpt>
   <trkpt lat="4.8157190" lon="-75.7240580">
    <ele>1357.7</ele>
   </trkpt>
   <trkpt lat="4.8157180" lon="-75.7241000">
    <ele>1357.6</ele>
   </trkpt>
   <trkpt lat="4.8157170" lon="-75.7241420">
    <ele>1357.4</ele>
   </trkpt>
   <trkpt lat="4.8157140" lon="-75.7241840">
    <ele>1357.3</ele>
   </trkpt>
   <trkpt lat="4.8157120" lon="-75.7242270">
    <ele>1357.2</ele>
   </trkpt>
   <trkpt lat="4.8157110" lon="-75.7242690">
    <ele>1357.1</ele>
   </trkpt>
   <trkpt lat="4.8157090" lon="-75.7243120">
    <ele>1357.0</ele>
   </trkpt>
   <trkpt lat="4.8157080" lon="-75.7243550">
    <ele>1356.8</ele>
   </trkpt>
   <trkpt lat="4.8157060" lon="-75.7243980">
    <ele>1356.7</ele>
   </trkpt>
   <trkpt lat="4.8157030" lon="-75.7244400">
    <ele>1356.6</ele>
   </trkpt>
   <trkpt lat="4.8157000" lon="-75.7244820">
    <ele>1356.4</ele>
   </trkpt>
   <trkpt lat="4.8156970" lon="-75.7245230">
    <ele>1356.3</ele>
   </trkpt>
   <trkpt lat="4.8156950" lon="-75.7245640">
    <ele>1356.2</ele>
   </trkpt>
   <trkpt lat="4.8156930" lon="-75.7246050">
    <ele>1356.1</ele>
   </trkpt>
   <trkpt lat="4.8156910" lon="-75.7246460">
    <ele>1355.9</ele>
   </trkpt>
   <trkpt lat="4.8156890" lon="-75.7246870">
    <ele>1355.8</ele>
   </trkpt>
   <trkpt lat="4.8156860" lon="-75.7247280">
    <ele>1355.7</ele>
   </trkpt>
   <trkpt lat="4.8156830" lon="-75.7247690">
    <ele>1355.6</ele>
   </trkpt>
   <trkpt lat="4.8156800" lon="-75.7248110">
    <ele>1355.5</ele>
   </trkpt>
   <trkpt lat="4.8156770" lon="-75.7248520">
    <ele>1355.3</ele>
   </trkpt>
   <trkpt lat="4.8156750" lon="-75.7248940">
    <ele>1355.2</ele>
   </trkpt>
   <trkpt lat="4.8156720" lon="-75.7249360">
    <ele>1355.1</ele>
   </trkpt>
   <trkpt lat="4.8156690" lon="-75.7249780">
    <ele>1355.0</ele>
   </trkpt>
   <trkpt lat="4.8156650" lon="-75.7250190">
    <ele>1354.8</ele>
   </trkpt>
   <trkpt lat="4.8156610" lon="-75.7250570">
    <ele>1354.7</ele>
   </trkpt>
   <trkpt lat="4.8156570" lon="-75.7250920">
    <ele>1354.6</ele>
   </trkpt>
   <trkpt lat="4.8156540" lon="-75.7251230">
    <ele>1354.5</ele>
   </trkpt>
   <trkpt lat="4.8156520" lon="-75.7251510">
    <ele>1354.4</ele>
   </trkpt>
   <trkpt lat="4.8156490" lon="-75.7251760">
    <ele>1354.3</ele>
   </trkpt>
   <trkpt lat="4.8156480" lon="-75.7252000">
    <ele>1354.2</ele>
   </trkpt>
   <trkpt lat="4.8156460" lon="-75.7252240">
    <ele>1354.2</ele>
   </trkpt>
   <trkpt lat="4.8156450" lon="-75.7252490">
    <ele>1354.1</ele>
   </trkpt>
   <trkpt lat="4.8156420" lon="-75.7252760">
    <ele>1354.0</ele>
   </trkpt>
   <trkpt lat="4.8156380" lon="-75.7253040">
    <ele>1353.9</ele>
   </trkpt>
   <trkpt lat="4.8156340" lon="-75.7253340">
    <ele>1353.8</ele>
   </trkpt>
   <trkpt lat="4.8156280" lon="-75.7253650">
    <ele>1353.7</ele>
   </trkpt>
   <trkpt lat="4.8156230" lon="-75.7253960">
    <ele>1353.6</ele>
   </trkpt>
   <trkpt lat="4.8156180" lon="-75.7254270">
    <ele>1353.5</ele>
   </trkpt>
   <trkpt lat="4.8156140" lon="-75.7254590">
    <ele>1353.4</ele>
   </trkpt>
   <trkpt lat="4.8156110" lon="-75.7254930">
    <ele>1353.3</ele>
   </trkpt>
   <trkpt lat="4.8156090" lon="-75.7255280">
    <ele>1353.3</ele>
   </trkpt>
   <trkpt lat="4.8156080" lon="-75.7255650">
    <ele>1353.2</ele>
   </trkpt>
   <trkpt lat="4.8156080" lon="-75.7256020">
    <ele>1353.1</ele>
   </trkpt>
   <trkpt lat="4.8156080" lon="-75.7256410">
    <ele>1353.0</ele>
   </trkpt>
   <trkpt lat="4.8156090" lon="-75.7256810">
    <ele>1352.9</ele>
   </trkpt>
   <trkpt lat="4.8156090" lon="-75.7257190">
    <ele>1352.8</ele>
   </trkpt>
   <trkpt lat="4.8156080" lon="-75.7257590">
    <ele>1352.7</ele>
   </trkpt>
   <trkpt lat="4.8156060" lon="-75.7257970">
    <ele>1352.6</ele>
   </trkpt>
   <trkpt lat="4.8156040" lon="-75.7258350">
    <ele>1352.5</ele>
   </trkpt>
   <trkpt lat="4.8156000" lon="-75.7258730">
    <ele>1352.4</ele>
   </trkpt>
   <trkpt lat="4.8155970" lon="-75.7259110">
    <ele>1352.3</ele>
   </trkpt>
   <trkpt lat="4.8155920" lon="-75.7259480">
    <ele>1352.2</ele>
   </trkpt>
   <trkpt lat="4.8155880" lon="-75.7259840">
    <ele>1352.1</ele>
   </trkpt>
   <trkpt lat="4.8155830" lon="-75.7260190">
    <ele>1352.0</ele>
   </trkpt>
   <trkpt lat="4.8155780" lon="-75.7260520">
    <ele>1352.0</ele>
   </trkpt>
   <trkpt lat="4.8155730" lon="-75.7260840">
    <ele>1351.9</ele>
   </trkpt>
   <trkpt lat="4.8155690" lon="-75.7261150">
    <ele>1351.8</ele>
   </trkpt>
   <trkpt lat="4.8155640" lon="-75.7261440">
    <ele>1351.8</ele>
   </trkpt>
   <trkpt lat="4.8155590" lon="-75.7261700">
    <ele>1351.7</ele>
   </trkpt>
   <trkpt lat="4.8155540" lon="-75.7261940">
    <ele>1351.7</ele>
   </trkpt>
   <trkpt lat="4.8155490" lon="-75.7262170">
    <ele>1351.6</ele>
   </trkpt>
   <trkpt lat="4.8155440" lon="-75.7262370">
    <ele>1351.6</ele>
   </trkpt>
   <trkpt lat="4.8155400" lon="-75.7262580">
    <ele>1351.5</ele>
   </trkpt>
   <trkpt lat="4.8155370" lon="-75.7262790">
    <ele>1351.5</ele>
   </trkpt>
   <trkpt lat="4.8155340" lon="-75.7263020">
    <ele>1351.4</ele>
   </trkpt>
   <trkpt lat="4.8155310" lon="-75.7263260">
    <ele>1351.4</ele>
   </trkpt>
   <trkpt lat="4.8155280" lon="-75.7263530">
    <ele>1351.3</ele>
   </trkpt>
   <trkpt lat="4.8155250" lon="-75.7263810">
    <ele>1351.2</ele>
   </trkpt>
   <trkpt lat="4.8155200" lon="-75.7264090">
    <ele>1351.2</ele>
   </trkpt>
   <trkpt lat="4.8155160" lon="-75.7264380">
    <ele>1351.1</ele>
   </trkpt>
   <trkpt lat="4.8155120" lon="-75.7264680">
    <ele>1351.0</ele>
   </trkpt>
   <trkpt lat="4.8155080" lon="-75.7264990">
    <ele>1351.0</ele>
   </trkpt>
   <trkpt lat="4.8155040" lon="-75.7265310">
    <ele>1350.9</ele>
   </trkpt>
   <trkpt lat="4.8155010" lon="-75.7265630">
    <ele>1350.8</ele>
   </trkpt>
   <trkpt lat="4.8154970" lon="-75.7265950">
    <ele>1350.8</ele>
   </trkpt>
   <trkpt lat="4.8154910" lon="-75.7266270">
    <ele>1350.7</ele>
   </trkpt>
   <trkpt lat="4.8154860" lon="-75.7266590">
    <ele>1350.6</ele>
   </trkpt>
   <trkpt lat="4.8154810" lon="-75.7266910">
    <ele>1350.5</ele>
   </trkpt>
   <trkpt lat="4.8154750" lon="-75.7267240">
    <ele>1350.4</ele>
   </trkpt>
   <trkpt lat="4.8154700" lon="-75.7267570">
    <ele>1350.3</ele>
   </trkpt>
   <trkpt lat="4.8154660" lon="-75.7267930">
    <ele>1350.2</ele>
   </trkpt>
   <trkpt lat="4.8154620" lon="-75.7268280">
    <ele>1350.1</ele>
   </trkpt>
   <trkpt lat="4.8154570" lon="-75.7268640">
    <ele>1350.0</ele>
   </trkpt>
   <trkpt lat="4.8154520" lon="-75.7269000">
    <ele>1349.9</ele>
   </trkpt>
   <trkpt lat="4.8154480" lon="-75.7269360">
    <ele>1349.9</ele>
   </trkpt>
   <trkpt lat="4.8154430" lon="-75.7269710">
    <ele>1349.8</ele>
   </trkpt>
   <trkpt lat="4.8154390" lon="-75.7270060">
    <ele>1349.7</ele>
   </trkpt>
   <trkpt lat="4.8154330" lon="-75.7270400">
    <ele>1349.6</ele>
   </trkpt>
   <trkpt lat="4.8154280" lon="-75.7270730">
    <ele>1349.5</ele>
   </trkpt>
   <trkpt lat="4.8154230" lon="-75.7271070">
    <ele>1349.4</ele>
   </trkpt>
   <trkpt lat="4.8154180" lon="-75.7271400">
    <ele>1349.3</ele>
   </trkpt>
   <trkpt lat="4.8154130" lon="-75.7271720">
    <ele>1349.3</ele>
   </trkpt>
   <trkpt lat="4.8154080" lon="-75.7272050">
    <ele>1349.2</ele>
   </trkpt>
   <trkpt lat="4.8154040" lon="-75.7272370">
    <ele>1349.1</ele>
   </trkpt>
   <trkpt lat="4.8153990" lon="-75.7272690">
    <ele>1349.1</ele>
   </trkpt>
   <trkpt lat="4.8153940" lon="-75.7272990">
    <ele>1349.0</ele>
   </trkpt>
   <trkpt lat="4.8153900" lon="-75.7273290">
    <ele>1348.9</ele>
   </trkpt>
   <trkpt lat="4.8153860" lon="-75.7273570">
    <ele>1348.9</ele>
   </trkpt>
   <trkpt lat="4.8153820" lon="-75.7273840">
    <ele>1348.8</ele>
   </trkpt>
   <trkpt lat="4.8153780" lon="-75.7274110">
    <ele>1348.7</ele>
   </trkpt>
   <trkpt lat="4.8153740" lon="-75.7274390">
    <ele>1348.7</ele>
   </trkpt>
   <trkpt lat="4.8153690" lon="-75.7274670">
    <ele>1348.7</ele>
   </trkpt>
   <trkpt lat="4.8153640" lon="-75.7274980">
    <ele>1348.6</ele>
   </trkpt>
   <trkpt lat="4.8153570" lon="-75.7275300">
    <ele>1348.6</ele>
   </trkpt>
   <trkpt lat="4.8153490" lon="-75.7275650">
    <ele>1348.5</ele>
   </trkpt>
   <trkpt lat="4.8153390" lon="-75.7276010">
    <ele>1348.4</ele>
   </trkpt>
   <trkpt lat="4.8153270" lon="-75.7276390">
    <ele>1348.4</ele>
   </trkpt>
   <trkpt lat="4.8153150" lon="-75.7276770">
    <ele>1348.3</ele>
   </trkpt>
   <trkpt lat="4.8153030" lon="-75.7277150">
    <ele>1348.2</ele>
   </trkpt>
   <trkpt lat="4.8152930" lon="-75.7277520">
    <ele>1348.2</ele>
   </trkpt>
   <trkpt lat="4.8152840" lon="-75.7277880">
    <ele>1348.1</ele>
   </trkpt>
   <trkpt lat="4.8152750" lon="-75.7278210">
    <ele>1348.1</ele>
   </trkpt>
   <trkpt lat="4.8152680" lon="-75.7278530">
    <ele>1348.0</ele>
   </trkpt>
   <trkpt lat="4.8152620" lon="-75.7278830">
    <ele>1348.0</ele>
   </trkpt>
   <trkpt lat="4.8152570" lon="-75.7279100">
    <ele>1348.0</ele>
   </trkpt>
   <trkpt lat="4.8152530" lon="-75.7279350">
    <ele>1347.9</ele>
   </trkpt>
   <trkpt lat="4.8152470" lon="-75.7279600">
    <ele>1347.9</ele>
   </trkpt>
   <trkpt lat="4.8152400" lon="-75.7279850">
    <ele>1347.9</ele>
   </trkpt>
   <trkpt lat="4.8152310" lon="-75.7280120">
    <ele>1347.8</ele>
   </trkpt>
   <trkpt lat="4.8152220" lon="-75.7280410">
    <ele>1347.8</ele>
   </trkpt>
   <trkpt lat="4.8152140" lon="-75.7280730">
    <ele>1347.8</ele>
   </trkpt>
   <trkpt lat="4.8152070" lon="-75.7281070">
    <ele>1347.7</ele>
   </trkpt>
   <trkpt lat="4.8152020" lon="-75.7281430">
    <ele>1347.7</ele>
   </trkpt>
   <trkpt lat="4.8151980" lon="-75.7281800">
    <ele>1347.7</ele>
   </trkpt>
   <trkpt lat="4.8151950" lon="-75.7282180">
    <ele>1347.7</ele>
   </trkpt>
   <trkpt lat="4.8151920" lon="-75.7282540">
    <ele>1347.6</ele>
   </trkpt>
   <trkpt lat="4.8151900" lon="-75.7282900">
    <ele>1347.6</ele>
   </trkpt>
   <trkpt lat="4.8151890" lon="-75.7283240">
    <ele>1347.6</ele>
   </trkpt>
   <trkpt lat="4.8151890" lon="-75.7283580">
    <ele>1347.6</ele>
   </trkpt>
   <trkpt lat="4.8151900" lon="-75.7283910">
    <ele>1347.6</ele>
   </trkpt>
   <trkpt lat="4.8151910" lon="-75.7284230">
    <ele>1347.6</ele>
   </trkpt>
   <trkpt lat="4.8151940" lon="-75.7284550">
    <ele>1347.6</ele>
   </trkpt>
   <trkpt lat="4.8151980" lon="-75.7284880">
    <ele>1347.6</ele>
   </trkpt>
   <trkpt lat="4.8152030" lon="-75.7285210">
    <ele>1347.6</ele>
   </trkpt>
   <trkpt lat="4.8152090" lon="-75.7285550">
    <ele>1347.5</ele>
   </trkpt>
   <trkpt lat="4.8152170" lon="-75.7285900">
    <ele>1347.5</ele>
   </trkpt>
   <trkpt lat="4.8152260" lon="-75.7286240">
    <ele>1347.5</ele>
   </trkpt>
   <trkpt lat="4.8152350" lon="-75.7286600">
    <ele>1347.4</ele>
   </trkpt>
   <trkpt lat="4.8152440" lon="-75.7286960">
    <ele>1347.3</ele>
   </trkpt>
   <trkpt lat="4.8152520" lon="-75.7287340">
    <ele>1347.3</ele>
   </trkpt>
   <trkpt lat="4.8152580" lon="-75.7287730">
    <ele>1347.2</ele>
   </trkpt>
   <trkpt lat="4.8152630" lon="-75.7288130">
    <ele>1347.1</ele>
   </trkpt>
   <trkpt lat="4.8152670" lon="-75.7288540">
    <ele>1347.0</ele>
   </trkpt>
   <trkpt lat="4.8152700" lon="-75.7288960">
    <ele>1346.9</ele>
   </trkpt>
   <trkpt lat="4.8152720" lon="-75.7289380">
    <ele>1346.9</ele>
   </trkpt>
   <trkpt lat="4.8152730" lon="-75.7289810">
    <ele>1346.8</ele>
   </trkpt>
   <trkpt lat="4.8152740" lon="-75.7290250">
    <ele>1346.8</ele>
   </trkpt>
   <trkpt lat="4.8152750" lon="-75.7290680">
    <ele>1346.7</ele>
   </trkpt>
   <trkpt lat="4.8152740" lon="-75.7291110">
    <ele>1346.7</ele>
   </trkpt>
   <trkpt lat="4.8152740" lon="-75.7291530">
    <ele>1346.6</ele>
   </trkpt>
   <trkpt lat="4.8152730" lon="-75.7291960">
    <ele>1346.6</ele>
   </trkpt>
   <trkpt lat="4.8152720" lon="-75.7292380">
    <ele>1346.5</ele>
   </trkpt>
   <trkpt lat="4.8152720" lon="-75.7292790">
    <ele>1346.5</ele>
   </trkpt>
   <trkpt lat="4.8152710" lon="-75.7293210">
    <ele>1346.4</ele>
   </trkpt>
   <trkpt lat="4.8152690" lon="-75.7293620">
    <ele>1346.4</ele>
   </trkpt>
   <trkpt lat="4.8152650" lon="-75.7294030">
    <ele>1346.4</ele>
   </trkpt>
   <trkpt lat="4.8152600" lon="-75.7294440">
    <ele>1346.3</ele>
   </trkpt>
   <trkpt lat="4.8152530" lon="-75.7294840">
    <ele>1346.3</ele>
   </trkpt>
   <trkpt lat="4.8152440" lon="-75.7295230">
    <ele>1346.3</ele>
   </trkpt>
   <trkpt lat="4.8152350" lon="-75.7295620">
    <ele>1346.2</ele>
   </trkpt>
   <trkpt lat="4.8152250" lon="-75.7296000">
    <ele>1346.2</ele>
   </trkpt>
   <trkpt lat="4.8152140" lon="-75.7296370">
    <ele>1346.2</ele>
   </trkpt>
   <trkpt lat="4.8152010" lon="-75.7296730">
    <ele>1346.2</ele>
   </trkpt>
   <trkpt lat="4.8151860" lon="-75.7297090">
    <ele>1346.2</ele>
   </trkpt>
   <trkpt lat="4.8151700" lon="-75.7297440">
    <ele>1346.2</ele>
   </trkpt>
   <trkpt lat="4.8151530" lon="-75.7297770">
    <ele>1346.2</ele>
   </trkpt>
   <trkpt lat="4.8151360" lon="-75.7298100">
    <ele>1346.2</ele>
   </trkpt>
   <trkpt lat="4.8151190" lon="-75.7298420">
    <ele>1346.2</ele>
   </trkpt>
   <trkpt lat="4.8151020" lon="-75.7298730">
    <ele>1346.2</ele>
   </trkpt>
   <trkpt lat="4.8150830" lon="-75.7299040">
    <ele>1346.2</ele>
   </trkpt>
   <trkpt lat="4.8150620" lon="-75.7299350">
    <ele>1346.2</ele>
   </trkpt>
   <trkpt lat="4.8150400" lon="-75.7299660">
    <ele>1346.2</ele>
   </trkpt>
   <trkpt lat="4.8150180" lon="-75.7299950">
    <ele>1346.2</ele>
   </trkpt>
   <trkpt lat="4.8149950" lon="-75.7300230">
    <ele>1346.3</ele>
   </trkpt>
   <trkpt lat="4.8149720" lon="-75.7300500">
    <ele>1346.3</ele>
   </trkpt>
   <trkpt lat="4.8149480" lon="-75.7300760">
    <ele>1346.3</ele>
   </trkpt>
   <trkpt lat="4.8149240" lon="-75.7301010">
    <ele>1346.3</ele>
   </trkpt>
   <trkpt lat="4.8149000" lon="-75.7301270">
    <ele>1346.3</ele>
   </trkpt>
   <trkpt lat="4.8148760" lon="-75.7301540">
    <ele>1346.3</ele>
   </trkpt>
   <trkpt lat="4.8148540" lon="-75.7301810">
    <ele>1346.3</ele>
   </trkpt>
   <trkpt lat="4.8148330" lon="-75.7302110">
    <ele>1346.3</ele>
   </trkpt>
   <trkpt lat="4.8148120" lon="-75.7302410">
    <ele>1346.3</ele>
   </trkpt>
   <trkpt lat="4.8147910" lon="-75.7302720">
    <ele>1346.3</ele>
   </trkpt>
   <trkpt lat="4.8147710" lon="-75.7303040">
    <ele>1346.3</ele>
   </trkpt>
   <trkpt lat="4.8147500" lon="-75.7303360">
    <ele>1346.3</ele>
   </trkpt>
   <trkpt lat="4.8147300" lon="-75.7303670">
    <ele>1346.4</ele>
   </trkpt>
   <trkpt lat="4.8147100" lon="-75.7303980">
    <ele>1346.4</ele>
   </trkpt>
   <trkpt lat="4.8146900" lon="-75.7304280">
    <ele>1346.4</ele>
   </trkpt>
   <trkpt lat="4.8146710" lon="-75.7304580">
    <ele>1346.4</ele>
   </trkpt>
   <trkpt lat="4.8146530" lon="-75.7304880">
    <ele>1346.5</ele>
   </trkpt>
   <trkpt lat="4.8146360" lon="-75.7305180">
    <ele>1346.5</ele>
   </trkpt>
   <trkpt lat="4.8146190" lon="-75.7305480">
    <ele>1346.5</ele>
   </trkpt>
   <trkpt lat="4.8146020" lon="-75.7305790">
    <ele>1346.6</ele>
   </trkpt>
   <trkpt lat="4.8145850" lon="-75.7306090">
    <ele>1346.6</ele>
   </trkpt>
   <trkpt lat="4.8145680" lon="-75.7306400">
    <ele>1346.6</ele>
   </trkpt>
   <trkpt lat="4.8145500" lon="-75.7306720">
    <ele>1346.7</ele>
   </trkpt>
   <trkpt lat="4.8145310" lon="-75.7307030">
    <ele>1346.7</ele>
   </trkpt>
   <trkpt lat="4.8145120" lon="-75.7307330">
    <ele>1346.8</ele>
   </trkpt>
   <trkpt lat="4.8144930" lon="-75.7307640">
    <ele>1346.9</ele>
   </trkpt>
   <trkpt lat="4.8144730" lon="-75.7307940">
    <ele>1346.9</ele>
   </trkpt>
   <trkpt lat="4.8144520" lon="-75.7308240">
    <ele>1347.0</ele>
   </trkpt>
   <trkpt lat="4.8144300" lon="-75.7308540">
    <ele>1347.0</ele>
   </trkpt>
   <trkpt lat="4.8144080" lon="-75.7308840">
    <ele>1347.1</ele>
   </trkpt>
   <trkpt lat="4.8143850" lon="-75.7309140">
    <ele>1347.2</ele>
   </trkpt>
   <trkpt lat="4.8143630" lon="-75.7309440">
    <ele>1347.2</ele>
   </trkpt>
   <trkpt lat="4.8143400" lon="-75.7309730">
    <ele>1347.3</ele>
   </trkpt>
   <trkpt lat="4.8143180" lon="-75.7310020">
    <ele>1347.4</ele>
   </trkpt>
   <trkpt lat="4.8142950" lon="-75.7310310">
    <ele>1347.4</ele>
   </trkpt>
   <trkpt lat="4.8142710" lon="-75.7310590">
    <ele>1347.5</ele>
   </trkpt>
   <trkpt lat="4.8142470" lon="-75.7310880">
    <ele>1347.5</ele>
   </trkpt>
   <trkpt lat="4.8142230" lon="-75.7311160">
    <ele>1347.6</ele>
   </trkpt>
   <trkpt lat="4.8141980" lon="-75.7311450">
    <ele>1347.6</ele>
   </trkpt>
   <trkpt lat="4.8141720" lon="-75.7311720">
    <ele>1347.6</ele>
   </trkpt>
   <trkpt lat="4.8141470" lon="-75.7312000">
    <ele>1347.7</ele>
   </trkpt>
   <trkpt lat="4.8141230" lon="-75.7312290">
    <ele>1347.7</ele>
   </trkpt>
   <trkpt lat="4.8141000" lon="-75.7312580">
    <ele>1347.7</ele>
   </trkpt>
   <trkpt lat="4.8140770" lon="-75.7312880">
    <ele>1347.7</ele>
   </trkpt>
   <trkpt lat="4.8140550" lon="-75.7313190">
    <ele>1347.7</ele>
   </trkpt>
   <trkpt lat="4.8140330" lon="-75.7313500">
    <ele>1347.6</ele>
   </trkpt>
   <trkpt lat="4.8140110" lon="-75.7313810">
    <ele>1347.6</ele>
   </trkpt>
   <trkpt lat="4.8139890" lon="-75.7314120">
    <ele>1347.6</ele>
   </trkpt>
   <trkpt lat="4.8139670" lon="-75.7314430">
    <ele>1347.5</ele>
   </trkpt>
   <trkpt lat="4.8139460" lon="-75.7314750">
    <ele>1347.5</ele>
   </trkpt>
   <trkpt lat="4.8139270" lon="-75.7315070">
    <ele>1347.4</ele>
   </trkpt>
   <trkpt lat="4.8139090" lon="-75.7315390">
    <ele>1347.4</ele>
   </trkpt>
   <trkpt lat="4.8138930" lon="-75.7315700">
    <ele>1347.3</ele>
   </trkpt>
   <trkpt lat="4.8138780" lon="-75.7316010">
    <ele>1347.2</ele>
   </trkpt>
   <trkpt lat="4.8138640" lon="-75.7316300">
    <ele>1347.1</ele>
   </trkpt>
   <trkpt lat="4.8138510" lon="-75.7316580">
    <ele>1347.0</ele>
   </trkpt>
   <trkpt lat="4.8138370" lon="-75.7316860">
    <ele>1347.0</ele>
   </trkpt>
   <trkpt lat="4.8138240" lon="-75.7317140">
    <ele>1346.9</ele>
   </trkpt>
   <trkpt lat="4.8138110" lon="-75.7317410">
    <ele>1346.7</ele>
   </trkpt>
   <trkpt lat="4.8137970" lon="-75.7317680">
    <ele>1346.6</ele>
   </trkpt>
   <trkpt lat="4.8137830" lon="-75.7317950">
    <ele>1346.5</ele>
   </trkpt>
   <trkpt lat="4.8137680" lon="-75.7318210">
    <ele>1346.4</ele>
   </trkpt>
   <trkpt lat="4.8137540" lon="-75.7318470">
    <ele>1346.3</ele>
   </trkpt>
   <trkpt lat="4.8137400" lon="-75.7318730">
    <ele>1346.2</ele>
   </trkpt>
   <trkpt lat="4.8137270" lon="-75.7318990">
    <ele>1346.1</ele>
   </trkpt>
   <trkpt lat="4.8137140" lon="-75.7319250">
    <ele>1345.9</ele>
   </trkpt>
   <trkpt lat="4.8137030" lon="-75.7319520">
    <ele>1345.8</ele>
   </trkpt>
   <trkpt lat="4.8136930" lon="-75.7319810">
    <ele>1345.7</ele>
   </trkpt>
   <trkpt lat="4.8136840" lon="-75.7320140">
    <ele>1345.5</ele>
   </trkpt>
   <trkpt lat="4.8136770" lon="-75.7320510">
    <ele>1345.3</ele>
   </trkpt>
   <trkpt lat="4.8136700" lon="-75.7320910">
    <ele>1345.1</ele>
   </trkpt>
   <trkpt lat="4.8136640" lon="-75.7321320">
    <ele>1344.9</ele>
   </trkpt>
   <trkpt lat="4.8136560" lon="-75.7321740">
    <ele>1344.7</ele>
   </trkpt>
   <trkpt lat="4.8136460" lon="-75.7322140">
    <ele>1344.5</ele>
   </trkpt>
   <trkpt lat="4.8136360" lon="-75.7322510">
    <ele>1344.3</ele>
   </trkpt>
   <trkpt lat="4.8136270" lon="-75.7322840">
    <ele>1344.2</ele>
   </trkpt>
   <trkpt lat="4.8136190" lon="-75.7323130">
    <ele>1344.0</ele>
   </trkpt>
   <trkpt lat="4.8136110" lon="-75.7323390">
    <ele>1343.9</ele>
   </trkpt>
   <trkpt lat="4.8136050" lon="-75.7323650">
    <ele>1343.7</ele>
   </trkpt>
   <trkpt lat="4.8136000" lon="-75.7323920">
    <ele>1343.6</ele>
   </trkpt>
   <trkpt lat="4.8135950" lon="-75.7324220">
    <ele>1343.4</ele>
   </trkpt>
   <trkpt lat="4.8135900" lon="-75.7324560">
    <ele>1343.2</ele>
   </trkpt>
   <trkpt lat="4.8135840" lon="-75.7324920">
    <ele>1343.0</ele>
   </trkpt>
   <trkpt lat="4.8135760" lon="-75.7325310">
    <ele>1342.7</ele>
   </trkpt>
   <trkpt lat="4.8135670" lon="-75.7325720">
    <ele>1342.5</ele>
   </trkpt>
   <trkpt lat="4.8135580" lon="-75.7326150">
    <ele>1342.2</ele>
   </trkpt>
   <trkpt lat="4.8135480" lon="-75.7326590">
    <ele>1341.9</ele>
   </trkpt>
   <trkpt lat="4.8135370" lon="-75.7327050">
    <ele>1341.6</ele>
   </trkpt>
   <trkpt lat="4.8135270" lon="-75.7327510">
    <ele>1341.3</ele>
   </trkpt>
   <trkpt lat="4.8135170" lon="-75.7327990">
    <ele>1341.0</ele>
   </trkpt>
   <trkpt lat="4.8135060" lon="-75.7328480">
    <ele>1340.7</ele>
   </trkpt>
   <trkpt lat="4.8134960" lon="-75.7328970">
    <ele>1340.4</ele>
   </trkpt>
   <trkpt lat="4.8134860" lon="-75.7329480">
    <ele>1340.1</ele>
   </trkpt>
   <trkpt lat="4.8134770" lon="-75.7329970">
    <ele>1339.8</ele>
   </trkpt>
   <trkpt lat="4.8134690" lon="-75.7330450">
    <ele>1339.5</ele>
   </trkpt>
   <trkpt lat="4.8134630" lon="-75.7330890">
    <ele>1339.2</ele>
   </trkpt>
   <trkpt lat="4.8134570" lon="-75.7331310">
    <ele>1339.1</ele>
   </trkpt>
   <trkpt lat="4.8134520" lon="-75.7331690">
    <ele>1339.0</ele>
   </trkpt>
   <trkpt lat="4.8134470" lon="-75.7332060">
    <ele>1338.9</ele>
   </trkpt>
   <trkpt lat="4.8134400" lon="-75.7332410">
    <ele>1338.8</ele>
   </trkpt>
   <trkpt lat="4.8134330" lon="-75.7332750">
    <ele>1338.7</ele>
   </trkpt>
   <trkpt lat="4.8134250" lon="-75.7333070">
    <ele>1338.7</ele>
   </trkpt>
   <trkpt lat="4.8134160" lon="-75.7333370">
    <ele>1338.6</ele>
   </trkpt>
   <trkpt lat="4.8134070" lon="-75.7333630">
    <ele>1338.5</ele>
   </trkpt>
   <trkpt lat="4.8133990" lon="-75.7333860">
    <ele>1338.5</ele>
   </trkpt>
   <trkpt lat="4.8133920" lon="-75.7334050">
    <ele>1338.5</ele>
   </trkpt>
   <trkpt lat="4.8133860" lon="-75.7334190">
    <ele>1338.4</ele>
   </trkpt>
   <trkpt lat="4.8133820" lon="-75.7334280">
    <ele>1338.4</ele>
   </trkpt>
   <trkpt lat="4.8133810" lon="-75.7334330">
    <ele>1338.4</ele>
   </trkpt>
   <trkpt lat="4.8133810" lon="-75.7334350">
    <ele>1338.4</ele>
   </trkpt>
   <trkpt lat="4.8133810" lon="-75.7334350">
    <ele>1338.4</ele>
   </trkpt>
   <trkpt lat="4.8133810" lon="-75.7334350">
    <ele>1338.4</ele>
   </trkpt>
   <trkpt lat="4.8133820" lon="-75.7334340">
    <ele>1338.4</ele>
   </trkpt>
   <trkpt lat="4.8133820" lon="-75.7334340">
    <ele>1338.4</ele>
   </trkpt>
   <trkpt lat="4.8133820" lon="-75.7334340">
    <ele>1338.4</ele>
   </trkpt>
   <trkpt lat="4.8133820" lon="-75.7334340">
    <ele>1338.4</ele>
   </trkpt>
   <trkpt lat="4.8133820" lon="-75.7334340">
    <ele>1338.4</ele>
   </trkpt>
   <trkpt lat="4.8133820" lon="-75.7334340">
    <ele>1338.4</ele>
   </trkpt>
   <trkpt lat="4.8133820" lon="-75.7334340">
    <ele>1338.4</ele>
   </trkpt>
   <trkpt lat="4.8133820" lon="-75.7334340">
    <ele>1338.4</ele>
   </trkpt>
   <trkpt lat="4.8133820" lon="-75.7334340">
    <ele>1338.4</ele>
   </trkpt>
   <trkpt lat="4.8133820" lon="-75.7334340">
    <ele>1338.4</ele>
   </trkpt>
   <trkpt lat="4.8133820" lon="-75.7334340">
    <ele>1338.4</ele>
   </trkpt>
   <trkpt lat="4.8133820" lon="-75.7334340">
    <ele>1338.4</ele>
   </trkpt>
   <trkpt lat="4.8133820" lon="-75.7334340">
    <ele>1338.4</ele>
   </trkpt>
   <trkpt lat="4.8133820" lon="-75.7334340">
    <ele>1338.4</ele>
   </trkpt>
   <trkpt lat="4.8133820" lon="-75.7334340">
    <ele>1338.4</ele>
   </trkpt>
   <trkpt lat="4.8133810" lon="-75.7334350">
    <ele>1338.4</ele>
   </trkpt>
   <trkpt lat="4.8133800" lon="-75.7334380">
    <ele>1338.4</ele>
   </trkpt>
   <trkpt lat="4.8133790" lon="-75.7334420">
    <ele>1338.4</ele>
   </trkpt>
   <trkpt lat="4.8133770" lon="-75.7334470">
    <ele>1338.4</ele>
   </trkpt>
   <trkpt lat="4.8133750" lon="-75.7334510">
    <ele>1338.4</ele>
   </trkpt>
   <trkpt lat="4.8133730" lon="-75.7334540">
    <ele>1338.3</ele>
   </trkpt>
   <trkpt lat="4.8133720" lon="-75.7334550">
    <ele>1338.3</ele>
   </trkpt>
   <trkpt lat="4.8133720" lon="-75.7334540">
    <ele>1338.3</ele>
   </trkpt>
   <trkpt lat="4.8133720" lon="-75.7334540">
    <ele>1338.3</ele>
   </trkpt>
   <trkpt lat="4.8133700" lon="-75.7334580">
    <ele>1338.3</ele>
   </trkpt>
   <trkpt lat="4.8133670" lon="-75.7334650">
    <ele>1338.3</ele>
   </trkpt>
   <trkpt lat="4.8133610" lon="-75.7334750">
    <ele>1338.3</ele>
   </trkpt>
   <trkpt lat="4.8133530" lon="-75.7334880">
    <ele>1338.3</ele>
   </trkpt>
   <trkpt lat="4.8133420" lon="-75.7335060">
    <ele>1338.2</ele>
   </trkpt>
   <trkpt lat="4.8133310" lon="-75.7335250">
    <ele>1338.2</ele>
   </trkpt>
   <trkpt lat="4.8133180" lon="-75.7335470">
    <ele>1338.2</ele>
   </trkpt>
   <trkpt lat="4.8133040" lon="-75.7335720">
    <ele>1338.2</ele>
   </trkpt>
   <trkpt lat="4.8132900" lon="-75.7335980">
    <ele>1338.1</ele>
   </trkpt>
   <trkpt lat="4.8132760" lon="-75.7336260">
    <ele>1338.1</ele>
   </trkpt>
   <trkpt lat="4.8132600" lon="-75.7336530">
    <ele>1338.0</ele>
   </trkpt>
   <trkpt lat="4.8132440" lon="-75.7336810">
    <ele>1337.9</ele>
   </trkpt>
   <trkpt lat="4.8132270" lon="-75.7337070">
    <ele>1337.9</ele>
   </trkpt>
   <trkpt lat="4.8132110" lon="-75.7337320">
    <ele>1337.8</ele>
   </trkpt>
   <trkpt lat="4.8131960" lon="-75.7337560">
    <ele>1337.7</ele>
   </trkpt>
   <trkpt lat="4.8131830" lon="-75.7337800">
    <ele>1337.7</ele>
   </trkpt>
   <trkpt lat="4.8131720" lon="-75.7338000">
    <ele>1337.6</ele>
   </trkpt>
   <trkpt lat="4.8131630" lon="-75.7338190">
    <ele>1337.5</ele>
   </trkpt>
   <trkpt lat="4.8131550" lon="-75.7338360">
    <ele>1337.5</ele>
   </trkpt>
   <trkpt lat="4.8131470" lon="-75.7338510">
    <ele>1337.4</ele>
   </trkpt>
   <trkpt lat="4.8131410" lon="-75.7338650">
    <ele>1337.4</ele>
   </trkpt>
   <trkpt lat="4.8131350" lon="-75.7338790">
    <ele>1337.4</ele>
   </trkpt>
   <trkpt lat="4.8131300" lon="-75.7338960">
    <ele>1337.3</ele>
   </trkpt>
   <trkpt lat="4.8131240" lon="-75.7339140">
    <ele>1337.3</ele>
   </trkpt>
   <trkpt lat="4.8131190" lon="-75.7339370">
    <ele>1337.2</ele>
   </trkpt>
   <trkpt lat="4.8131140" lon="-75.7339620">
    <ele>1337.1</ele>
   </trkpt>
   <trkpt lat="4.8131100" lon="-75.7339880">
    <ele>1337.1</ele>
   </trkpt>
   <trkpt lat="4.8131070" lon="-75.7340160">
    <ele>1337.0</ele>
   </trkpt>
   <trkpt lat="4.8131050" lon="-75.7340430">
    <ele>1336.9</ele>
   </trkpt>
   <trkpt lat="4.8131040" lon="-75.7340690">
    <ele>1336.9</ele>
   </trkpt>
   <trkpt lat="4.8131020" lon="-75.7340960">
    <ele>1336.8</ele>
   </trkpt>
   <trkpt lat="4.8130990" lon="-75.7341230">
    <ele>1336.7</ele>
   </trkpt>
   <trkpt lat="4.8130960" lon="-75.7341520">
    <ele>1336.7</ele>
   </trkpt>
   <trkpt lat="4.8130920" lon="-75.7341840">
    <ele>1336.6</ele>
   </trkpt>
   <trkpt lat="4.8130880" lon="-75.7342170">
    <ele>1336.5</ele>
   </trkpt>
   <trkpt lat="4.8130840" lon="-75.7342530">
    <ele>1336.5</ele>
   </trkpt>
   <trkpt lat="4.8130810" lon="-75.7342910">
    <ele>1336.4</ele>
   </trkpt>
   <trkpt lat="4.8130780" lon="-75.7343300">
    <ele>1336.4</ele>
   </trkpt>
   <trkpt lat="4.8130770" lon="-75.7343700">
    <ele>1336.3</ele>
   </trkpt>
   <trkpt lat="4.8130770" lon="-75.7344100">
    <ele>1336.2</ele>
   </trkpt>
   <trkpt lat="4.8130790" lon="-75.7344490">
    <ele>1336.2</ele>
   </trkpt>
   <trkpt lat="4.8130820" lon="-75.7344860">
    <ele>1336.1</ele>
   </trkpt>
   <trkpt lat="4.8130850" lon="-75.7345200">
    <ele>1336.1</ele>
   </trkpt>
   <trkpt lat="4.8130870" lon="-75.7345510">
    <ele>1336.0</ele>
   </trkpt>
   <trkpt lat="4.8130900" lon="-75.7345800">
    <ele>1335.9</ele>
   </trkpt>
   <trkpt lat="4.8130920" lon="-75.7346060">
    <ele>1335.9</ele>
   </trkpt>
   <trkpt lat="4.8130930" lon="-75.7346310">
    <ele>1335.8</ele>
   </trkpt>
   <trkpt lat="4.8130950" lon="-75.7346550">
    <ele>1335.8</ele>
   </trkpt>
   <trkpt lat="4.8130970" lon="-75.7346770">
    <ele>1335.7</ele>
   </trkpt>
   <trkpt lat="4.8131000" lon="-75.7347000">
    <ele>1335.6</ele>
   </trkpt>
   <trkpt lat="4.8131020" lon="-75.7347230">
    <ele>1335.6</ele>
   </trkpt>
   <trkpt lat="4.8131050" lon="-75.7347480">
    <ele>1335.5</ele>
   </trkpt>
   <trkpt lat="4.8131070" lon="-75.7347750">
    <ele>1335.4</ele>
   </trkpt>
   <trkpt lat="4.8131100" lon="-75.7348040">
    <ele>1335.3</ele>
   </trkpt>
   <trkpt lat="4.8131120" lon="-75.7348360">
    <ele>1335.2</ele>
   </trkpt>
   <trkpt lat="4.8131130" lon="-75.7348690">
    <ele>1335.1</ele>
   </trkpt>
   <trkpt lat="4.8131140" lon="-75.7349030">
    <ele>1335.0</ele>
   </trkpt>
   <trkpt lat="4.8131140" lon="-75.7349350">
    <ele>1334.9</ele>
   </trkpt>
   <trkpt lat="4.8131120" lon="-75.7349660">
    <ele>1334.8</ele>
   </trkpt>
   <trkpt lat="4.8131100" lon="-75.7349970">
    <ele>1334.6</ele>
   </trkpt>
   <trkpt lat="4.8131060" lon="-75.7350280">
    <ele>1334.5</ele>
   </trkpt>
   <trkpt lat="4.8131000" lon="-75.7350600">
    <ele>1334.4</ele>
   </trkpt>
   <trkpt lat="4.8130920" lon="-75.7350940">
    <ele>1334.3</ele>
   </trkpt>
   <trkpt lat="4.8130820" lon="-75.7351310">
    <ele>1334.2</ele>
   </trkpt>
   <trkpt lat="4.8130700" lon="-75.7351680">
    <ele>1334.1</ele>
   </trkpt>
   <trkpt lat="4.8130580" lon="-75.7352070">
    <ele>1333.9</ele>
   </trkpt>
   <trkpt lat="4.8130450" lon="-75.7352450">
    <ele>1333.8</ele>
   </trkpt>
   <trkpt lat="4.8130310" lon="-75.7352820">
    <ele>1333.7</ele>
   </trkpt>
   <trkpt lat="4.8130160" lon="-75.7353180">
    <ele>1333.6</ele>
   </trkpt>
   <trkpt lat="4.8130010" lon="-75.7353550">
    <ele>1333.4</ele>
   </trkpt>
   <trkpt lat="4.8129860" lon="-75.7353920">
    <ele>1333.3</ele>
   </trkpt>
   <trkpt lat="4.8129690" lon="-75.7354290">
    <ele>1333.2</ele>
   </trkpt>
   <trkpt lat="4.8129520" lon="-75.7354670">
    <ele>1333.1</ele>
   </trkpt>
   <trkpt lat="4.8129340" lon="-75.7355060">
    <ele>1333.0</ele>
   </trkpt>
   <trkpt lat="4.8129160" lon="-75.7355440">
    <ele>1332.9</ele>
   </trkpt>
   <trkpt lat="4.8128970" lon="-75.7355820">
    <ele>1332.9</ele>
   </trkpt>
   <trkpt lat="4.8128780" lon="-75.7356200">
    <ele>1332.8</ele>
   </trkpt>
   <trkpt lat="4.8128580" lon="-75.7356570">
    <ele>1332.7</ele>
   </trkpt>
   <trkpt lat="4.8128380" lon="-75.7356950">
    <ele>1332.6</ele>
   </trkpt>
   <trkpt lat="4.8128180" lon="-75.7357330">
    <ele>1332.6</ele>
   </trkpt>
   <trkpt lat="4.8127980" lon="-75.7357700">
    <ele>1332.5</ele>
   </trkpt>
   <trkpt lat="4.8127770" lon="-75.7358090">
    <ele>1332.4</ele>
   </trkpt>
   <trkpt lat="4.8127570" lon="-75.7358460">
    <ele>1332.3</ele>
   </trkpt>
   <trkpt lat="4.8127370" lon="-75.7358840">
    <ele>1332.2</ele>
   </trkpt>
   <trkpt lat="4.8127170" lon="-75.7359220">
    <ele>1332.2</ele>
   </trkpt>
   <trkpt lat="4.8126960" lon="-75.7359600">
    <ele>1332.1</ele>
   </trkpt>
   <trkpt lat="4.8126750" lon="-75.7359980">
    <ele>1332.0</ele>
   </trkpt>
   <trkpt lat="4.8126540" lon="-75.7360360">
    <ele>1331.9</ele>
   </trkpt>
   <trkpt lat="4.8126340" lon="-75.7360740">
    <ele>1331.8</ele>
   </trkpt>
   <trkpt lat="4.8126150" lon="-75.7361120">
    <ele>1331.7</ele>
   </trkpt>
   <trkpt lat="4.8125950" lon="-75.7361500">
    <ele>1331.6</ele>
   </trkpt>
   <trkpt lat="4.8125760" lon="-75.7361880">
    <ele>1331.5</ele>
   </trkpt>
   <trkpt lat="4.8125560" lon="-75.7362260">
    <ele>1331.4</ele>
   </trkpt>
   <trkpt lat="4.8125370" lon="-75.7362630">
    <ele>1331.3</ele>
   </trkpt>
   <trkpt lat="4.8125170" lon="-75.7363000">
    <ele>1331.2</ele>
   </trkpt>
   <trkpt lat="4.8124970" lon="-75.7363370">
    <ele>1331.1</ele>
   </trkpt>
   <trkpt lat="4.8124760" lon="-75.7363730">
    <ele>1330.9</ele>
   </trkpt>
   <trkpt lat="4.8124550" lon="-75.7364080">
    <ele>1330.8</ele>
   </trkpt>
   <trkpt lat="4.8124340" lon="-75.7364440">
    <ele>1330.7</ele>
   </trkpt>
   <trkpt lat="4.8124130" lon="-75.7364800">
    <ele>1330.5</ele>
   </trkpt>
   <trkpt lat="4.8123900" lon="-75.7365170">
    <ele>1330.4</ele>
   </trkpt>
   <trkpt lat="4.8123670" lon="-75.7365540">
    <ele>1330.3</ele>
   </trkpt>
   <trkpt lat="4.8123430" lon="-75.7365930">
    <ele>1330.1</ele>
   </trkpt>
   <trkpt lat="4.8123190" lon="-75.7366320">
    <ele>1330.0</ele>
   </trkpt>
   <trkpt lat="4.8122950" lon="-75.7366730">
    <ele>1329.8</ele>
   </trkpt>
   <trkpt lat="4.8122730" lon="-75.7367150">
    <ele>1329.7</ele>
   </trkpt>
   <trkpt lat="4.8122500" lon="-75.7367570">
    <ele>1329.6</ele>
   </trkpt>
   <trkpt lat="4.8122290" lon="-75.7368000">
    <ele>1329.4</ele>
   </trkpt>
   <trkpt lat="4.8122070" lon="-75.7368430">
    <ele>1329.3</ele>
   </trkpt>
   <trkpt lat="4.8121860" lon="-75.7368860">
    <ele>1329.2</ele>
   </trkpt>
   <trkpt lat="4.8121650" lon="-75.7369300">
    <ele>1329.0</ele>
   </trkpt>
   <trkpt lat="4.8121440" lon="-75.7369740">
    <ele>1329.0</ele>
   </trkpt>
   <trkpt lat="4.8121220" lon="-75.7370170">
    <ele>1328.9</ele>
   </trkpt>
   <trkpt lat="4.8121000" lon="-75.7370600">
    <ele>1328.9</ele>
   </trkpt>
   <trkpt lat="4.8120770" lon="-75.7371010">
    <ele>1328.8</ele>
   </trkpt>
   <trkpt lat="4.8120530" lon="-75.7371420">
    <ele>1328.6</ele>
   </trkpt>
   <trkpt lat="4.8120290" lon="-75.7371820">
    <ele>1328.5</ele>
   </trkpt>
   <trkpt lat="4.8120030" lon="-75.7372230">
    <ele>1328.3</ele>
   </trkpt>
   <trkpt lat="4.8119780" lon="-75.7372640">
    <ele>1328.1</ele>
   </trkpt>
   <trkpt lat="4.8119520" lon="-75.7373060">
    <ele>1328.0</ele>
   </trkpt>
   <trkpt lat="4.8119270" lon="-75.7373490">
    <ele>1327.8</ele>
   </trkpt>
   <trkpt lat="4.8119030" lon="-75.7373920">
    <ele>1327.6</ele>
   </trkpt>
   <trkpt lat="4.8118800" lon="-75.7374340">
    <ele>1327.4</ele>
   </trkpt>
   <trkpt lat="4.8118570" lon="-75.7374760">
    <ele>1327.2</ele>
   </trkpt>
   <trkpt lat="4.8118350" lon="-75.7375160">
    <ele>1327.1</ele>
   </trkpt>
   <trkpt lat="4.8118130" lon="-75.7375540">
    <ele>1326.9</ele>
   </trkpt>
   <trkpt lat="4.8117910" lon="-75.7375920">
    <ele>1326.8</ele>
   </trkpt>
   <trkpt lat="4.8117700" lon="-75.7376290">
    <ele>1326.6</ele>
   </trkpt>
   <trkpt lat="4.8117490" lon="-75.7376650">
    <ele>1326.5</ele>
   </trkpt>
   <trkpt lat="4.8117300" lon="-75.7376990">
    <ele>1326.3</ele>
   </trkpt>
   <trkpt lat="4.8117110" lon="-75.7377320">
    <ele>1326.2</ele>
   </trkpt>
   <trkpt lat="4.8116930" lon="-75.7377650">
    <ele>1326.1</ele>
   </trkpt>
   <trkpt lat="4.8116760" lon="-75.7377970">
    <ele>1326.0</ele>
   </trkpt>
   <trkpt lat="4.8116590" lon="-75.7378290">
    <ele>1325.9</ele>
   </trkpt>
   <trkpt lat="4.8116430" lon="-75.7378630">
    <ele>1325.7</ele>
   </trkpt>
   <trkpt lat="4.8116280" lon="-75.7378960">
    <ele>1325.6</ele>
   </trkpt>
   <trkpt lat="4.8116120" lon="-75.7379280">
    <ele>1325.5</ele>
   </trkpt>
   <trkpt lat="4.8115970" lon="-75.7379590">
    <ele>1325.4</ele>
   </trkpt>
   <trkpt lat="4.8115820" lon="-75.7379880">
    <ele>1325.3</ele>
   </trkpt>
   <trkpt lat="4.8115670" lon="-75.7380160">
    <ele>1325.2</ele>
   </trkpt>
   <trkpt lat="4.8115520" lon="-75.7380430">
    <ele>1325.1</ele>
   </trkpt>
   <trkpt lat="4.8115370" lon="-75.7380700">
    <ele>1324.9</ele>
   </trkpt>
   <trkpt lat="4.8115240" lon="-75.7380950">
    <ele>1324.9</ele>
   </trkpt>
   <trkpt lat="4.8115110" lon="-75.7381180">
    <ele>1324.8</ele>
   </trkpt>
   <trkpt lat="4.8114990" lon="-75.7381400">
    <ele>1324.7</ele>
   </trkpt>
   <trkpt lat="4.8114880" lon="-75.7381600">
    <ele>1324.6</ele>
   </trkpt>
   <trkpt lat="4.8114790" lon="-75.7381780">
    <ele>1324.5</ele>
   </trkpt>
   <trkpt lat="4.8114690" lon="-75.7381950">
    <ele>1324.5</ele>
   </trkpt>
   <trkpt lat="4.8114580" lon="-75.7382130">
    <ele>1324.4</ele>
   </trkpt>
   <trkpt lat="4.8114460" lon="-75.7382320">
    <ele>1324.3</ele>
   </trkpt>
   <trkpt lat="4.8114330" lon="-75.7382540">
    <ele>1324.2</ele>
   </trkpt>
   <trkpt lat="4.8114180" lon="-75.7382790">
    <ele>1324.1</ele>
   </trkpt>
   <trkpt lat="4.8114020" lon="-75.7383070">
    <ele>1324.0</ele>
   </trkpt>
   <trkpt lat="4.8113850" lon="-75.7383380">
    <ele>1323.9</ele>
   </trkpt>
   <trkpt lat="4.8113680" lon="-75.7383700">
    <ele>1323.7</ele>
   </trkpt>
   <trkpt lat="4.8113500" lon="-75.7384040">
    <ele>1323.6</ele>
   </trkpt>
   <trkpt lat="4.8113330" lon="-75.7384410">
    <ele>1323.4</ele>
   </trkpt>
   <trkpt lat="4.8113140" lon="-75.7384780">
    <ele>1323.3</ele>
   </trkpt>
   <trkpt lat="4.8112950" lon="-75.7385160">
    <ele>1323.1</ele>
   </trkpt>
   <trkpt lat="4.8112750" lon="-75.7385560">
    <ele>1323.0</ele>
   </trkpt>
   <trkpt lat="4.8112540" lon="-75.7385960">
    <ele>1322.8</ele>
   </trkpt>
   <trkpt lat="4.8112320" lon="-75.7386360">
    <ele>1322.7</ele>
   </trkpt>
   <trkpt lat="4.8112090" lon="-75.7386780">
    <ele>1322.6</ele>
   </trkpt>
   <trkpt lat="4.8111860" lon="-75.7387220">
    <ele>1322.5</ele>
   </trkpt>
   <trkpt lat="4.8111630" lon="-75.7387650">
    <ele>1322.4</ele>
   </trkpt>
   <trkpt lat="4.8111390" lon="-75.7388090">
    <ele>1322.3</ele>
   </trkpt>
   <trkpt lat="4.8111150" lon="-75.7388510">
    <ele>1322.3</ele>
   </trkpt>
   <trkpt lat="4.8110930" lon="-75.7388910">
    <ele>1322.2</ele>
   </trkpt>
   <trkpt lat="4.8110720" lon="-75.7389290">
    <ele>1322.1</ele>
   </trkpt>
   <trkpt lat="4.8110520" lon="-75.7389640">
    <ele>1322.0</ele>
   </trkpt>
   <trkpt lat="4.8110330" lon="-75.7389970">
    <ele>1321.9</ele>
   </trkpt>
   <trkpt lat="4.8110150" lon="-75.7390290">
    <ele>1321.8</ele>
   </trkpt>
   <trkpt lat="4.8109970" lon="-75.7390610">
    <ele>1321.7</ele>
   </trkpt>
   <trkpt lat="4.8109790" lon="-75.7390920">
    <ele>1321.6</ele>
   </trkpt>
   <trkpt lat="4.8109610" lon="-75.7391240">
    <ele>1321.5</ele>
   </trkpt>
   <trkpt lat="4.8109420" lon="-75.7391570">
    <ele>1321.3</ele>
   </trkpt>
   <trkpt lat="4.8109230" lon="-75.7391900">
    <ele>1321.2</ele>
   </trkpt>
   <trkpt lat="4.8109040" lon="-75.7392230">
    <ele>1321.1</ele>
   </trkpt>
   <trkpt lat="4.8108850" lon="-75.7392590">
    <ele>1320.9</ele>
   </trkpt>
   <trkpt lat="4.8108670" lon="-75.7392960">
    <ele>1320.7</ele>
   </trkpt>
   <trkpt lat="4.8108480" lon="-75.7393340">
    <ele>1320.6</ele>
   </trkpt>
   <trkpt lat="4.8108300" lon="-75.7393740">
    <ele>1320.4</ele>
   </trkpt>
   <trkpt lat="4.8108110" lon="-75.7394130">
    <ele>1320.2</ele>
   </trkpt>
   <trkpt lat="4.8107930" lon="-75.7394510">
    <ele>1320.1</ele>
   </trkpt>
   <trkpt lat="4.8107750" lon="-75.7394860">
    <ele>1319.9</ele>
   </trkpt>
   <trkpt lat="4.8107570" lon="-75.7395180">
    <ele>1319.8</ele>
   </trkpt>
   <trkpt lat="4.8107400" lon="-75.7395470">
    <ele>1319.7</ele>
   </trkpt>
   <trkpt lat="4.8107220" lon="-75.7395740">
    <ele>1319.5</ele>
   </trkpt>
   <trkpt lat="4.8107040" lon="-75.7396000">
    <ele>1319.4</ele>
   </trkpt>
   <trkpt lat="4.8106840" lon="-75.7396280">
    <ele>1319.3</ele>
   </trkpt>
   <trkpt lat="4.8106650" lon="-75.7396590">
    <ele>1319.1</ele>
   </trkpt>
   <trkpt lat="4.8106450" lon="-75.7396930">
    <ele>1319.0</ele>
   </trkpt>
   <trkpt lat="4.8106260" lon="-75.7397300">
    <ele>1318.8</ele>
   </trkpt>
   <trkpt lat="4.8106070" lon="-75.7397700">
    <ele>1318.7</ele>
   </trkpt>
   <trkpt lat="4.8105880" lon="-75.7398120">
    <ele>1318.5</ele>
   </trkpt>
   <trkpt lat="4.8105670" lon="-75.7398560">
    <ele>1318.3</ele>
   </trkpt>
   <trkpt lat="4.8105440" lon="-75.7399010">
    <ele>1318.2</ele>
   </trkpt>
   <trkpt lat="4.8105180" lon="-75.7399470">
    <ele>1318.0</ele>
   </trkpt>
   <trkpt lat="4.8104920" lon="-75.7399950">
    <ele>1317.8</ele>
   </trkpt>
   <trkpt lat="4.8104640" lon="-75.7400420">
    <ele>1317.6</ele>
   </trkpt>
   <trkpt lat="4.8104370" lon="-75.7400880">
    <ele>1317.5</ele>
   </trkpt>
   <trkpt lat="4.8104100" lon="-75.7401340">
    <ele>1317.3</ele>
   </trkpt>
   <trkpt lat="4.8103830" lon="-75.7401780">
    <ele>1317.1</ele>
   </trkpt>
   <trkpt lat="4.8103550" lon="-75.7402220">
    <ele>1317.0</ele>
   </trkpt>
   <trkpt lat="4.8103280" lon="-75.7402660">
    <ele>1316.8</ele>
   </trkpt>
   <trkpt lat="4.8103020" lon="-75.7403120">
    <ele>1316.7</ele>
   </trkpt>
   <trkpt lat="4.8102760" lon="-75.7403580">
    <ele>1316.5</ele>
   </trkpt>
   <trkpt lat="4.8102500" lon="-75.7404060">
    <ele>1316.4</ele>
   </trkpt>
   <trkpt lat="4.8102250" lon="-75.7404520">
    <ele>1316.2</ele>
   </trkpt>
   <trkpt lat="4.8102000" lon="-75.7404970">
    <ele>1316.0</ele>
   </trkpt>
   <trkpt lat="4.8101750" lon="-75.7405410">
    <ele>1315.9</ele>
   </trkpt>
   <trkpt lat="4.8101500" lon="-75.7405830">
    <ele>1315.7</ele>
   </trkpt>
   <trkpt lat="4.8101250" lon="-75.7406250">
    <ele>1315.6</ele>
   </trkpt>
   <trkpt lat="4.8101010" lon="-75.7406670">
    <ele>1315.4</ele>
   </trkpt>
   <trkpt lat="4.8100770" lon="-75.7407090">
    <ele>1315.3</ele>
   </trkpt>
   <trkpt lat="4.8100550" lon="-75.7407500">
    <ele>1315.2</ele>
   </trkpt>
   <trkpt lat="4.8100360" lon="-75.7407900">
    <ele>1315.0</ele>
   </trkpt>
   <trkpt lat="4.8100190" lon="-75.7408290">
    <ele>1314.9</ele>
   </trkpt>
   <trkpt lat="4.8100040" lon="-75.7408640">
    <ele>1314.8</ele>
   </trkpt>
   <trkpt lat="4.8099910" lon="-75.7408970">
    <ele>1314.7</ele>
   </trkpt>
   <trkpt lat="4.8099780" lon="-75.7409290">
    <ele>1314.6</ele>
   </trkpt>
   <trkpt lat="4.8099650" lon="-75.7409600">
    <ele>1314.5</ele>
   </trkpt>
   <trkpt lat="4.8099500" lon="-75.7409900">
    <ele>1314.3</ele>
   </trkpt>
   <trkpt lat="4.8099350" lon="-75.7410200">
    <ele>1314.2</ele>
   </trkpt>
   <trkpt lat="4.8099190" lon="-75.7410490">
    <ele>1314.1</ele>
   </trkpt>
   <trkpt lat="4.8099040" lon="-75.7410780">
    <ele>1314.0</ele>
   </trkpt>
   <trkpt lat="4.8098890" lon="-75.7411070">
    <ele>1313.8</ele>
   </trkpt>
   <trkpt lat="4.8098740" lon="-75.7411360">
    <ele>1313.7</ele>
   </trkpt>
   <trkpt lat="4.8098590" lon="-75.7411650">
    <ele>1313.6</ele>
   </trkpt>
   <trkpt lat="4.8098440" lon="-75.7411940">
    <ele>1313.4</ele>
   </trkpt>
   <trkpt lat="4.8098290" lon="-75.7412210">
    <ele>1313.3</ele>
   </trkpt>
   <trkpt lat="4.8098140" lon="-75.7412480">
    <ele>1313.1</ele>
   </trkpt>
   <trkpt lat="4.8098000" lon="-75.7412730">
    <ele>1313.0</ele>
   </trkpt>
   <trkpt lat="4.8097860" lon="-75.7412970">
    <ele>1312.9</ele>
   </trkpt>
   <trkpt lat="4.8097720" lon="-75.7413190">
    <ele>1312.8</ele>
   </trkpt>
   <trkpt lat="4.8097590" lon="-75.7413390">
    <ele>1312.7</ele>
   </trkpt>
   <trkpt lat="4.8097460" lon="-75.7413560">
    <ele>1312.6</ele>
   </trkpt>
   <trkpt lat="4.8097340" lon="-75.7413700">
    <ele>1312.6</ele>
   </trkpt>
   <trkpt lat="4.8097210" lon="-75.7413800">
    <ele>1312.5</ele>
   </trkpt>
   <trkpt lat="4.8097090" lon="-75.7413870">
    <ele>1312.5</ele>
   </trkpt>
   <trkpt lat="4.8096960" lon="-75.7413910">
    <ele>1312.4</ele>
   </trkpt>
   <trkpt lat="4.8096830" lon="-75.7413930">
    <ele>1312.4</ele>
   </trkpt>
   <trkpt lat="4.8096690" lon="-75.7413940">
    <ele>1312.3</ele>
   </trkpt>
   <trkpt lat="4.8096550" lon="-75.7413960">
    <ele>1312.3</ele>
   </trkpt>
   <trkpt lat="4.8096420" lon="-75.7414020">
    <ele>1312.2</ele>
   </trkpt>
   <trkpt lat="4.8096300" lon="-75.7414100">
    <ele>1312.2</ele>
   </trkpt>
   <trkpt lat="4.8096180" lon="-75.7414230">
    <ele>1312.1</ele>
   </trkpt>
   <trkpt lat="4.8096070" lon="-75.7414390">
    <ele>1312.1</ele>
   </trkpt>
   <trkpt lat="4.8095960" lon="-75.7414570">
    <ele>1312.0</ele>
   </trkpt>
   <trkpt lat="4.8095860" lon="-75.7414740">
    <ele>1311.9</ele>
   </trkpt>
   <trkpt lat="4.8095760" lon="-75.7414920">
    <ele>1311.9</ele>
   </trkpt>
   <trkpt lat="4.8095670" lon="-75.7415100">
    <ele>1311.8</ele>
   </trkpt>
   <trkpt lat="4.8095590" lon="-75.7415290">
    <ele>1311.7</ele>
   </trkpt>
   <trkpt lat="4.8095510" lon="-75.7415500">
    <ele>1311.6</ele>
   </trkpt>
   <trkpt lat="4.8095430" lon="-75.7415720">
    <ele>1311.5</ele>
   </trkpt>
   <trkpt lat="4.8095330" lon="-75.7415960">
    <ele>1311.4</ele>
   </trkpt>
   <trkpt lat="4.8095220" lon="-75.7416200">
    <ele>1311.3</ele>
   </trkpt>
   <trkpt lat="4.8095100" lon="-75.7416450">
    <ele>1311.2</ele>
   </trkpt>
   <trkpt lat="4.8094970" lon="-75.7416710">
    <ele>1311.1</ele>
   </trkpt>
   <trkpt lat="4.8094860" lon="-75.7416970">
    <ele>1311.0</ele>
   </trkpt>
   <trkpt lat="4.8094760" lon="-75.7417230">
    <ele>1310.9</ele>
   </trkpt>
   <trkpt lat="4.8094670" lon="-75.7417500">
    <ele>1310.8</ele>
   </trkpt>
   <trkpt lat="4.8094580" lon="-75.7417750">
    <ele>1310.7</ele>
   </trkpt>
   <trkpt lat="4.8094490" lon="-75.7417980">
    <ele>1310.5</ele>
   </trkpt>
   <trkpt lat="4.8094400" lon="-75.7418220">
    <ele>1310.4</ele>
   </trkpt>
   <trkpt lat="4.8094320" lon="-75.7418450">
    <ele>1310.3</ele>
   </trkpt>
   <trkpt lat="4.8094250" lon="-75.7418680">
    <ele>1310.2</ele>
   </trkpt>
   <trkpt lat="4.8094190" lon="-75.7418930">
    <ele>1310.1</ele>
   </trkpt>
   <trkpt lat="4.8094140" lon="-75.7419180">
    <ele>1310.0</ele>
   </trkpt>
   <trkpt lat="4.8094080" lon="-75.7419440">
    <ele>1309.9</ele>
   </trkpt>
   <trkpt lat="4.8094000" lon="-75.7419700">
    <ele>1309.8</ele>
   </trkpt>
   <trkpt lat="4.8093890" lon="-75.7419940">
    <ele>1309.6</ele>
   </trkpt>
   <trkpt lat="4.8093730" lon="-75.7420140">
    <ele>1309.5</ele>
   </trkpt>
   <trkpt lat="4.8093540" lon="-75.7420320">
    <ele>1309.5</ele>
   </trkpt>
   <trkpt lat="4.8093320" lon="-75.7420430">
    <ele>1309.5</ele>
   </trkpt>
   <trkpt lat="4.8093100" lon="-75.7420500">
    <ele>1309.4</ele>
   </trkpt>
   <trkpt lat="4.8092890" lon="-75.7420520">
    <ele>1309.4</ele>
   </trkpt>
   <trkpt lat="4.8092720" lon="-75.7420480">
    <ele>1309.4</ele>
   </trkpt>
   <trkpt lat="4.8092590" lon="-75.7420390">
    <ele>1309.5</ele>
   </trkpt>
   <trkpt lat="4.8092490" lon="-75.7420270">
    <ele>1309.5</ele>
   </trkpt>
   <trkpt lat="4.8092440" lon="-75.7420130">
    <ele>1309.5</ele>
   </trkpt>
   <trkpt lat="4.8092420" lon="-75.7419970">
    <ele>1309.5</ele>
   </trkpt>
   <trkpt lat="4.8092410" lon="-75.7419810">
    <ele>1309.5</ele>
   </trkpt>
   <trkpt lat="4.8092420" lon="-75.7419660">
    <ele>1309.5</ele>
   </trkpt>
   <trkpt lat="4.8092430" lon="-75.7419520">
    <ele>1309.6</ele>
   </trkpt>
   <trkpt lat="4.8092450" lon="-75.7419400">
    <ele>1309.6</ele>
   </trkpt>
   <trkpt lat="4.8092470" lon="-75.7419310">
    <ele>1309.6</ele>
   </trkpt>
   <trkpt lat="4.8092490" lon="-75.7419230">
    <ele>1309.6</ele>
   </trkpt>
   <trkpt lat="4.8092520" lon="-75.7419160">
    <ele>1309.6</ele>
   </trkpt>
   <trkpt lat="4.8092550" lon="-75.7419090">
    <ele>1309.6</ele>
   </trkpt>
   <trkpt lat="4.8092580" lon="-75.7419030">
    <ele>1309.6</ele>
   </trkpt>
   <trkpt lat="4.8092590" lon="-75.7418960">
    <ele>1309.6</ele>
   </trkpt>
   <trkpt lat="4.8092590" lon="-75.7418910">
    <ele>1309.6</ele>
   </trkpt>
   <trkpt lat="4.8092580" lon="-75.7418860">
    <ele>1309.6</ele>
   </trkpt>
   <trkpt lat="4.8092580" lon="-75.7418810">
    <ele>1309.6</ele>
   </trkpt>
   <trkpt lat="4.8092570" lon="-75.7418750">
    <ele>1309.7</ele>
   </trkpt>
   <trkpt lat="4.8092560" lon="-75.7418680">
    <ele>1309.7</ele>
   </trkpt>
   <trkpt lat="4.8092550" lon="-75.7418610">
    <ele>1309.7</ele>
   </trkpt>
   <trkpt lat="4.8092540" lon="-75.7418540">
    <ele>1309.7</ele>
   </trkpt>
   <trkpt lat="4.8092510" lon="-75.7418480">
    <ele>1309.7</ele>
   </trkpt>
   <trkpt lat="4.8092470" lon="-75.7418410">
    <ele>1309.7</ele>
   </trkpt>
   <trkpt lat="4.8092430" lon="-75.7418360">
    <ele>1309.7</ele>
   </trkpt>
   <trkpt lat="4.8092390" lon="-75.7418310">
    <ele>1309.7</ele>
   </trkpt>
   <trkpt lat="4.8092350" lon="-75.7418260">
    <ele>1309.7</ele>
   </trkpt>
   <trkpt lat="4.8092310" lon="-75.7418230">
    <ele>1309.7</ele>
   </trkpt>
   <trkpt lat="4.8092270" lon="-75.7418200">
    <ele>1309.7</ele>
   </trkpt>
   <trkpt lat="4.8092230" lon="-75.7418180">
    <ele>1309.7</ele>
   </trkpt>
   <trkpt lat="4.8092180" lon="-75.7418180">
    <ele>1309.7</ele>
   </trkpt>
   <trkpt lat="4.8092140" lon="-75.7418200">
    <ele>1309.7</ele>
   </trkpt>
   <trkpt lat="4.8092100" lon="-75.7418240">
    <ele>1309.8</ele>
   </trkpt>
   <trkpt lat="4.8092060" lon="-75.7418300">
    <ele>1309.8</ele>
   </trkpt>
   <trkpt lat="4.8092020" lon="-75.7418380">
    <ele>1309.8</ele>
   </trkpt>
   <trkpt lat="4.8091970" lon="-75.7418470">
    <ele>1309.8</ele>
   </trkpt>
   <trkpt lat="4.8091920" lon="-75.7418550">
    <ele>1309.8</ele>
   </trkpt>
   <trkpt lat="4.8091880" lon="-75.7418650">
    <ele>1309.8</ele>
   </trkpt>
   <trkpt lat="4.8091850" lon="-75.7418730">
    <ele>1309.8</ele>
   </trkpt>
   <trkpt lat="4.8091830" lon="-75.7418800">
    <ele>1309.8</ele>
   </trkpt>
   <trkpt lat="4.8091830" lon="-75.7418850">
    <ele>1309.8</ele>
   </trkpt>
   <trkpt lat="4.8091830" lon="-75.7418900">
    <ele>1309.8</ele>
   </trkpt>
   <trkpt lat="4.8091830" lon="-75.7418930">
    <ele>1309.8</ele>
   </trkpt>
   <trkpt lat="4.8091830" lon="-75.7418960">
    <ele>1309.8</ele>
   </trkpt>
   <trkpt lat="4.8091830" lon="-75.7418970">
    <ele>1309.8</ele>
   </trkpt>
   <trkpt lat="4.8091830" lon="-75.7418990">
    <ele>1309.8</ele>
   </trkpt>
   <trkpt lat="4.8091830" lon="-75.7419000">
    <ele>1309.8</ele>
   </trkpt>
   <trkpt lat="4.8091850" lon="-75.7419020">
    <ele>1309.8</ele>
   </trkpt>
   <trkpt lat="4.8091880" lon="-75.7419040">
    <ele>1309.9</ele>
   </trkpt>
   <trkpt lat="4.8091920" lon="-75.7419060">
    <ele>1309.9</ele>
   </trkpt>
   <trkpt lat="4.8091960" lon="-75.7419060">
    <ele>1309.9</ele>
   </trkpt>
   <trkpt lat="4.8092020" lon="-75.7419070">
    <ele>1309.9</ele>
   </trkpt>
   <trkpt lat="4.8092070" lon="-75.7419070">
    <ele>1309.9</ele>
   </trkpt>
   <trkpt lat="4.8092110" lon="-75.7419060">
    <ele>1309.9</ele>
   </trkpt>
   <trkpt lat="4.8092130" lon="-75.7419040">
    <ele>1309.9</ele>
   </trkpt>
   <trkpt lat="4.8092120" lon="-75.7419000">
    <ele>1309.9</ele>
   </trkpt>
   <trkpt lat="4.8092090" lon="-75.7418950">
    <ele>1309.9</ele>
   </trkpt>
   <trkpt lat="4.8092060" lon="-75.7418890">
    <ele>1309.9</ele>
   </trkpt>
   <trkpt lat="4.8092020" lon="-75.7418820">
    <ele>1309.9</ele>
   </trkpt>
   <trkpt lat="4.8091990" lon="-75.7418770">
    <ele>1309.9</ele>
   </trkpt>
   <trkpt lat="4.8091990" lon="-75.7418730">
    <ele>1309.9</ele>
   </trkpt>
   <trkpt lat="4.8091990" lon="-75.7418710">
    <ele>1309.9</ele>
   </trkpt>
   <trkpt lat="4.8092000" lon="-75.7418700">
    <ele>1309.9</ele>
   </trkpt>
   <trkpt lat="4.8092000" lon="-75.7418700">
    <ele>1309.9</ele>
   </trkpt>
   <trkpt lat="4.8092000" lon="-75.7418690">
    <ele>1309.9</ele>
   </trkpt>
   <trkpt lat="4.8092000" lon="-75.7418690">
    <ele>1309.9</ele>
   </trkpt>
   <trkpt lat="4.8092000" lon="-75.7418690">
    <ele>1309.9</ele>
   </trkpt>
   <trkpt lat="4.8092000" lon="-75.7418690">
    <ele>1309.9</ele>
   </trkpt>
   <trkpt lat="4.8092000" lon="-75.7418690">
    <ele>1309.9</ele>
   </trkpt>
   <trkpt lat="4.8092000" lon="-75.7418690">
    <ele>1309.9</ele>
   </trkpt>
   <trkpt lat="4.8092000" lon="-75.7418690">
    <ele>1309.9</ele>
   </trkpt>
   <trkpt lat="4.8092000" lon="-75.7418690">
    <ele>1309.9</ele>
   </trkpt>
   <trkpt lat="4.8092000" lon="-75.7418690">
    <ele>1309.9</ele>
   </trkpt>
   <trkpt lat="4.8092000" lon="-75.7418690">
    <ele>1309.9</ele>
   </trkpt>
   <trkpt lat="4.8092000" lon="-75.7418690">
    <ele>1309.9</ele>
   </trkpt>
   <trkpt lat="4.8092000" lon="-75.7418690">
    <ele>1309.9</ele>
   </trkpt>
   <trkpt lat="4.8092000" lon="-75.7418690">
    <ele>1309.9</ele>
   </trkpt>
   <trkpt lat="4.8092000" lon="-75.7418690">
    <ele>1309.9</ele>
   </trkpt>
   <trkpt lat="4.8092000" lon="-75.7418690">
    <ele>1309.9</ele>
   </trkpt>
   <trkpt lat="4.8092000" lon="-75.7418690">
    <ele>1309.9</ele>
   </trkpt>
   <trkpt lat="4.8092000" lon="-75.7418690">
    <ele>1309.9</ele>
   </trkpt>
   <trkpt lat="4.8092000" lon="-75.7418690">
    <ele>1309.9</ele>
   </trkpt>
   <trkpt lat="4.8092000" lon="-75.7418690">
    <ele>1309.9</ele>
   </trkpt>
   <trkpt lat="4.8092000" lon="-75.7418690">
    <ele>1309.9</ele>
   </trkpt>
   <trkpt lat="4.8092000" lon="-75.7418690">
    <ele>1309.9</ele>
   </trkpt>
   <trkpt lat="4.8092000" lon="-75.7418690">
    <ele>1309.9</ele>
   </trkpt>
   <trkpt lat="4.8092000" lon="-75.7418690">
    <ele>1309.9</ele>
   </trkpt>
   <trkpt lat="4.8092000" lon="-75.7418690">
    <ele>1309.9</ele>
   </trkpt>
   <trkpt lat="4.8092000" lon="-75.7418690">
    <ele>1309.9</ele>
   </trkpt>
   <trkpt lat="4.8092000" lon="-75.7418690">
    <ele>1309.9</ele>
   </trkpt>
   <trkpt lat="4.8092000" lon="-75.7418690">
    <ele>1309.9</ele>
   </trkpt>
   <trkpt lat="4.8092000" lon="-75.7418690">
    <ele>1309.9</ele>
   </trkpt>
   <trkpt lat="4.8092000" lon="-75.7418690">
    <ele>1309.9</ele>
   </trkpt>
   <trkpt lat="4.8092000" lon="-75.7418690">
    <ele>1309.9</ele>
   </trkpt>
   <trkpt lat="4.8092000" lon="-75.7418690">
    <ele>1309.9</ele>
   </trkpt>
   <trkpt lat="4.8092000" lon="-75.7418690">
    <ele>1309.9</ele>
   </trkpt>
   <trkpt lat="4.8092000" lon="-75.7418690">
    <ele>1309.9</ele>
   </trkpt>
   <trkpt lat="4.8092000" lon="-75.7418690">
    <ele>1309.9</ele>
   </trkpt>
   <trkpt lat="4.8092000" lon="-75.7418690">
    <ele>1309.9</ele>
   </trkpt>
   <trkpt lat="4.8092000" lon="-75.7418690">
    <ele>1309.9</ele>
   </trkpt>
   <trkpt lat="4.8092000" lon="-75.7418690">
    <ele>1309.9</ele>
   </trkpt>
   <trkpt lat="4.8092000" lon="-75.7418690">
    <ele>1309.9</ele>
   </trkpt>
   <trkpt lat="4.8092000" lon="-75.7418690">
    <ele>1309.9</ele>
   </trkpt>
   <trkpt lat="4.8092000" lon="-75.7418690">
    <ele>1309.9</ele>
   </trkpt>
   <trkpt lat="4.8092000" lon="-75.7418690">
    <ele>1309.9</ele>
   </trkpt>
   <trkpt lat="4.8092000" lon="-75.7418690">
    <ele>1309.9</ele>
   </trkpt>
   <trkpt lat="4.8092000" lon="-75.7418690">
    <ele>1309.9</ele>
   </trkpt>
   <trkpt lat="4.8092000" lon="-75.7418690">
    <ele>1309.9</ele>
   </trkpt>
   <trkpt lat="4.8092000" lon="-75.7418690">
    <ele>1309.9</ele>
   </trkpt>
   <trkpt lat="4.8092000" lon="-75.7418690">
    <ele>1309.9</ele>
   </trkpt>
   <trkpt lat="4.8092000" lon="-75.7418690">
    <ele>1309.9</ele>
   </trkpt>
   <trkpt lat="4.8092000" lon="-75.7418690">
    <ele>1309.9</ele>
   </trkpt>
   <trkpt lat="4.8092000" lon="-75.7418690">
    <ele>1309.9</ele>
   </trkpt>
   <trkpt lat="4.8092000" lon="-75.7418690">
    <ele>1309.9</ele>
   </trkpt>
   <trkpt lat="4.8092000" lon="-75.7418690">
    <ele>1309.9</ele>
   </trkpt>
   <trkpt lat="4.8092000" lon="-75.7418690">
    <ele>1309.9</ele>
   </trkpt>
   <trkpt lat="4.8092000" lon="-75.7418690">
    <ele>1309.9</ele>
   </trkpt>
   <trkpt lat="4.8092000" lon="-75.7418690">
    <ele>1309.9</ele>
   </trkpt>
   <trkpt lat="4.8092000" lon="-75.7418690">
    <ele>1309.9</ele>
   </trkpt>
   <trkpt lat="4.8092000" lon="-75.7418690">
    <ele>1309.9</ele>
   </trkpt>
   <trkpt lat="4.8092000" lon="-75.7418690">
    <ele>1309.9</ele>
   </trkpt>
   <trkpt lat="4.8092000" lon="-75.7418690">
    <ele>1309.9</ele>
   </trkpt>
   <trkpt lat="4.8092000" lon="-75.7418690">
    <ele>1309.9</ele>
   </trkpt>
   <trkpt lat="4.8092000" lon="-75.7418690">
    <ele>1309.9</ele>
   </trkpt>
   <trkpt lat="4.8092000" lon="-75.7418690">
    <ele>1309.9</ele>
   </trkpt>
   <trkpt lat="4.8092000" lon="-75.7418690">
    <ele>1309.9</ele>
   </trkpt>
  </trkseg>
 </trk>
</gpx>
