<?xml version="1.0" encoding="UTF-8"?>
<gpx creator="StravaGPX" version="1.1" xmlns="http://www.topografix.com/GPX/1/1" xmlns:xsi="http://www.w3.org/2001/XMLSchema-instance" xsi:schemaLocation="http://www.topografix.com/GPX/1/1 http://www.topografix.com/GPX/1/1/gpx.xsd">
 <trk>
  <name>Caminata  Frailes - La Florida</name>
  <type>walking</type>
  <trkseg>
   <trkpt lat="4.8071000" lon="-75.6630590">
    <ele>1513.6</ele>
   </trkpt>
   <trkpt lat="4.8070910" lon="-75.6630520">
    <ele>1513.6</ele>
   </trkpt>
   <trkpt lat="4.8070880" lon="-75.6630470">
    <ele>1513.6</ele>
   </trkpt>
   <trkpt lat="4.8070830" lon="-75.6630420">
    <ele>1513.6</ele>
   </trkpt>
   <trkpt lat="4.8070750" lon="-75.6630370">
    <ele>1513.6</ele>
   </trkpt>
   <trkpt lat="4.8070660" lon="-75.6630300">
    <ele>1513.6</ele>
   </trkpt>
   <trkpt lat="4.8070570" lon="-75.6630250">
    <ele>1513.6</ele>
   </trkpt>
   <trkpt lat="4.8070480" lon="-75.6630210">
    <ele>1513.7</ele>
   </trkpt>
   <trkpt lat="4.8070410" lon="-75.6630170">
    <ele>1513.7</ele>
   </trkpt>
   <trkpt lat="4.8070360" lon="-75.6630100">
    <ele>1513.7</ele>
   </trkpt>
   <trkpt lat="4.8070370" lon="-75.6630120">
    <ele>1513.7</ele>
   </trkpt>
   <trkpt lat="4.8070320" lon="-75.6630090">
    <ele>1513.7</ele>
   </trkpt>
   <trkpt lat="4.8070200" lon="-75.6630030">
    <ele>1513.7</ele>
   </trkpt>
   <trkpt lat="4.8070080" lon="-75.6629990">
    <ele>1513.7</ele>
   </trkpt>
   <trkpt lat="4.8070010" lon="-75.6629990">
    <ele>1513.7</ele>
   </trkpt>
   <trkpt lat="4.8069970" lon="-75.6630040">
    <ele>1513.7</ele>
   </trkpt>
   <trkpt lat="4.8069930" lon="-75.6630040">
    <ele>1513.7</ele>
   </trkpt>
   <trkpt lat="4.8069880" lon="-75.6630060">
    <ele>1513.7</ele>
   </trkpt>
   <trkpt lat="4.8069790" lon="-75.6630020">
    <ele>1513.8</ele>
   </trkpt>
   <trkpt lat="4.8069770" lon="-75.6629860">
    <ele>1513.8</ele>
   </trkpt>
   <trkpt lat="4.8069740" lon="-75.6629720">
    <ele>1513.8</ele>
   </trkpt>
   <trkpt lat="4.8069750" lon="-75.6629580">
    <ele>1513.8</ele>
   </trkpt>
   <trkpt lat="4.8069860" lon="-75.6629390">
    <ele>1513.8</ele>
   </trkpt>
   <trkpt lat="4.8069860" lon="-75.6629390">
    <ele>1513.8</ele>
   </trkpt>
   <trkpt lat="4.8069860" lon="-75.6629390">
    <ele>1513.8</ele>
   </trkpt>
   <trkpt lat="4.8069860" lon="-75.6629390">
    <ele>1513.8</ele>
   </trkpt>
   <trkpt lat="4.8069860" lon="-75.6629390">
    <ele>1513.8</ele>
   </trkpt>
   <trkpt lat="4.8069860" lon="-75.6629390">
    <ele>1513.8</ele>
   </trkpt>
   <trkpt lat="4.8069860" lon="-75.6629390">
    <ele>1513.8</ele>
   </trkpt>
   <trkpt lat="4.8069860" lon="-75.6629390">
    <ele>1513.8</ele>
   </trkpt>
   <trkpt lat="4.8069860" lon="-75.6629390">
    <ele>1513.8</ele>
   </trkpt>
   <trkpt lat="4.8069860" lon="-75.6629390">
    <ele>1513.8</ele>
   </trkpt>
   <trkpt lat="4.8069860" lon="-75.6629390">
    <ele>1513.8</ele>
   </trkpt>
   <trkpt lat="4.8069780" lon="-75.6629210">
    <ele>1513.9</ele>
   </trkpt>
   <trkpt lat="4.8069780" lon="-75.6629210">
    <ele>1513.9</ele>
   </trkpt>
   <trkpt lat="4.8069780" lon="-75.6629210">
    <ele>1513.9</ele>
   </trkpt>
   <trkpt lat="4.8069780" lon="-75.6629210">
    <ele>1513.9</ele>
   </trkpt>
   <trkpt lat="4.8069780" lon="-75.6629210">
    <ele>1513.9</ele>
   </trkpt>
   <trkpt lat="4.8069780" lon="-75.6629210">
    <ele>1513.9</ele>
   </trkpt>
   <trkpt lat="4.8069680" lon="-75.6628980">
    <ele>1513.9</ele>
   </trkpt>
   <trkpt lat="4.8069640" lon="-75.6628900">
    <ele>1513.9</ele>
   </trkpt>
   <trkpt lat="4.8069600" lon="-75.6628810">
    <ele>1513.9</ele>
   </trkpt>
   <trkpt lat="4.8069560" lon="-75.6628720">
    <ele>1513.9</ele>
   </trkpt>
   <trkpt lat="4.8069430" lon="-75.6628440">
    <ele>1514.0</ele>
   </trkpt>
   <trkpt lat="4.8069410" lon="-75.6628390">
    <ele>1514.0</ele>
   </trkpt>
   <trkpt lat="4.8069390" lon="-75.6628350">
    <ele>1514.0</ele>
   </trkpt>
   <trkpt lat="4.8069370" lon="-75.6628300">
    <ele>1514.0</ele>
   </trkpt>
   <trkpt lat="4.8069580" lon="-75.6627720">
    <ele>1514.1</ele>
   </trkpt>
   <trkpt lat="4.8069840" lon="-75.6626960">
    <ele>1514.2</ele>
   </trkpt>
   <trkpt lat="4.8069810" lon="-75.6626880">
    <ele>1514.2</ele>
   </trkpt>
   <trkpt lat="4.8069770" lon="-75.6626860">
    <ele>1514.2</ele>
   </trkpt>
   <trkpt lat="4.8069700" lon="-75.6626850">
    <ele>1514.2</ele>
   </trkpt>
   <trkpt lat="4.8069730" lon="-75.6626860">
    <ele>1514.3</ele>
   </trkpt>
   <trkpt lat="4.8069640" lon="-75.6626850">
    <ele>1514.3</ele>
   </trkpt>
   <trkpt lat="4.8069480" lon="-75.6626810">
    <ele>1514.3</ele>
   </trkpt>
   <trkpt lat="4.8069270" lon="-75.6626820">
    <ele>1514.3</ele>
   </trkpt>
   <trkpt lat="4.8069130" lon="-75.6626860">
    <ele>1514.4</ele>
   </trkpt>
   <trkpt lat="4.8068990" lon="-75.6626900">
    <ele>1514.4</ele>
   </trkpt>
   <trkpt lat="4.8068810" lon="-75.6626840">
    <ele>1514.4</ele>
   </trkpt>
   <trkpt lat="4.8068750" lon="-75.6626830">
    <ele>1514.4</ele>
   </trkpt>
   <trkpt lat="4.8068640" lon="-75.6626800">
    <ele>1514.5</ele>
   </trkpt>
   <trkpt lat="4.8068520" lon="-75.6626730">
    <ele>1514.5</ele>
   </trkpt>
   <trkpt lat="4.8068400" lon="-75.6626640">
    <ele>1514.6</ele>
   </trkpt>
   <trkpt lat="4.8068290" lon="-75.6626540">
    <ele>1514.6</ele>
   </trkpt>
   <trkpt lat="4.8068180" lon="-75.6626440">
    <ele>1514.7</ele>
   </trkpt>
   <trkpt lat="4.8068070" lon="-75.6626350">
    <ele>1514.7</ele>
   </trkpt>
   <trkpt lat="4.8067940" lon="-75.6626230">
    <ele>1514.8</ele>
   </trkpt>
   <trkpt lat="4.8067900" lon="-75.6626160">
    <ele>1514.8</ele>
   </trkpt>
   <trkpt lat="4.8067810" lon="-75.6626070">
    <ele>1514.9</ele>
   </trkpt>
   <trkpt lat="4.8067710" lon="-75.6626000">
    <ele>1514.9</ele>
   </trkpt>
   <trkpt lat="4.8067600" lon="-75.6625960">
    <ele>1514.9</ele>
   </trkpt>
   <trkpt lat="4.8067500" lon="-75.6625940">
    <ele>1515.0</ele>
   </trkpt>
   <trkpt lat="4.8067420" lon="-75.6625920">
    <ele>1515.0</ele>
   </trkpt>
   <trkpt lat="4.8067350" lon="-75.6625910">
    <ele>1515.0</ele>
   </trkpt>
   <trkpt lat="4.8067310" lon="-75.6625870">
    <ele>1515.1</ele>
   </trkpt>
   <trkpt lat="4.8067270" lon="-75.6625830">
    <ele>1515.1</ele>
   </trkpt>
   <trkpt lat="4.8067240" lon="-75.6625780">
    <ele>1515.1</ele>
   </trkpt>
   <trkpt lat="4.8067200" lon="-75.6625730">
    <ele>1515.1</ele>
   </trkpt>
   <trkpt lat="4.8067140" lon="-75.6625670">
    <ele>1515.2</ele>
   </trkpt>
   <trkpt lat="4.8067080" lon="-75.6625620">
    <ele>1515.2</ele>
   </trkpt>
   <trkpt lat="4.8067000" lon="-75.6625550">
    <ele>1515.2</ele>
   </trkpt>
   <trkpt lat="4.8066960" lon="-75.6625410">
    <ele>1515.3</ele>
   </trkpt>
   <trkpt lat="4.8066930" lon="-75.6625380">
    <ele>1515.3</ele>
   </trkpt>
   <trkpt lat="4.8066880" lon="-75.6625350">
    <ele>1515.3</ele>
   </trkpt>
   <trkpt lat="4.8066840" lon="-75.6625290">
    <ele>1515.3</ele>
   </trkpt>
   <trkpt lat="4.8066800" lon="-75.6625240">
    <ele>1515.4</ele>
   </trkpt>
   <trkpt lat="4.8066760" lon="-75.6625190">
    <ele>1515.4</ele>
   </trkpt>
   <trkpt lat="4.8066730" lon="-75.6625140">
    <ele>1515.4</ele>
   </trkpt>
   <trkpt lat="4.8066730" lon="-75.6625080">
    <ele>1515.4</ele>
   </trkpt>
   <trkpt lat="4.8066860" lon="-75.6624850">
    <ele>1515.5</ele>
   </trkpt>
   <trkpt lat="4.8066890" lon="-75.6624780">
    <ele>1515.6</ele>
   </trkpt>
   <trkpt lat="4.8066870" lon="-75.6624690">
    <ele>1515.6</ele>
   </trkpt>
   <trkpt lat="4.8066850" lon="-75.6624600">
    <ele>1515.6</ele>
   </trkpt>
   <trkpt lat="4.8066810" lon="-75.6624530">
    <ele>1515.7</ele>
   </trkpt>
   <trkpt lat="4.8066760" lon="-75.6624450">
    <ele>1515.7</ele>
   </trkpt>
   <trkpt lat="4.8066710" lon="-75.6624370">
    <ele>1515.7</ele>
   </trkpt>
   <trkpt lat="4.8066660" lon="-75.6624310">
    <ele>1515.8</ele>
   </trkpt>
   <trkpt lat="4.8066880" lon="-75.6624080">
    <ele>1515.9</ele>
   </trkpt>
   <trkpt lat="4.8066960" lon="-75.6624030">
    <ele>1515.9</ele>
   </trkpt>
   <trkpt lat="4.8067020" lon="-75.6623990">
    <ele>1515.9</ele>
   </trkpt>
   <trkpt lat="4.8067050" lon="-75.6623960">
    <ele>1515.9</ele>
   </trkpt>
   <trkpt lat="4.8067050" lon="-75.6623900">
    <ele>1516.0</ele>
   </trkpt>
   <trkpt lat="4.8066970" lon="-75.6623820">
    <ele>1516.0</ele>
   </trkpt>
   <trkpt lat="4.8066900" lon="-75.6623730">
    <ele>1516.0</ele>
   </trkpt>
   <trkpt lat="4.8066800" lon="-75.6623660">
    <ele>1516.0</ele>
   </trkpt>
   <trkpt lat="4.8066770" lon="-75.6623530">
    <ele>1516.1</ele>
   </trkpt>
   <trkpt lat="4.8066740" lon="-75.6623500">
    <ele>1516.1</ele>
   </trkpt>
   <trkpt lat="4.8066690" lon="-75.6623420">
    <ele>1516.1</ele>
   </trkpt>
   <trkpt lat="4.8066610" lon="-75.6623320">
    <ele>1516.1</ele>
   </trkpt>
   <trkpt lat="4.8066530" lon="-75.6623220">
    <ele>1516.1</ele>
   </trkpt>
   <trkpt lat="4.8066430" lon="-75.6623150">
    <ele>1516.1</ele>
   </trkpt>
   <trkpt lat="4.8066300" lon="-75.6623130">
    <ele>1516.1</ele>
   </trkpt>
   <trkpt lat="4.8066200" lon="-75.6623140">
    <ele>1516.2</ele>
   </trkpt>
   <trkpt lat="4.8066130" lon="-75.6623130">
    <ele>1516.2</ele>
   </trkpt>
   <trkpt lat="4.8066210" lon="-75.6622970">
    <ele>1516.2</ele>
   </trkpt>
   <trkpt lat="4.8066280" lon="-75.6622990">
    <ele>1516.2</ele>
   </trkpt>
   <trkpt lat="4.8066350" lon="-75.6623030">
    <ele>1516.2</ele>
   </trkpt>
   <trkpt lat="4.8066400" lon="-75.6623050">
    <ele>1516.2</ele>
   </trkpt>
   <trkpt lat="4.8066420" lon="-75.6623070">
    <ele>1516.2</ele>
   </trkpt>
   <trkpt lat="4.8066410" lon="-75.6623080">
    <ele>1516.2</ele>
   </trkpt>
   <trkpt lat="4.8066420" lon="-75.6623090">
    <ele>1516.2</ele>
   </trkpt>
   <trkpt lat="4.8066400" lon="-75.6623090">
    <ele>1516.2</ele>
   </trkpt>
   <trkpt lat="4.8066450" lon="-75.6623090">
    <ele>1516.2</ele>
   </trkpt>
   <trkpt lat="4.8066450" lon="-75.6623090">
    <ele>1516.2</ele>
   </trkpt>
   <trkpt lat="4.8066430" lon="-75.6623080">
    <ele>1516.2</ele>
   </trkpt>
   <trkpt lat="4.8066400" lon="-75.6623050">
    <ele>1516.2</ele>
   </trkpt>
   <trkpt lat="4.8066230" lon="-75.6622940">
    <ele>1516.2</ele>
   </trkpt>
   <trkpt lat="4.8066010" lon="-75.6622810">
    <ele>1516.2</ele>
   </trkpt>
   <trkpt lat="4.8065890" lon="-75.6622710">
    <ele>1516.2</ele>
   </trkpt>
   <trkpt lat="4.8065820" lon="-75.6622620">
    <ele>1516.2</ele>
   </trkpt>
   <trkpt lat="4.8065870" lon="-75.6622570">
    <ele>1516.2</ele>
   </trkpt>
   <trkpt lat="4.8065830" lon="-75.6622530">
    <ele>1516.2</ele>
   </trkpt>
   <trkpt lat="4.8065780" lon="-75.6622490">
    <ele>1516.2</ele>
   </trkpt>
   <trkpt lat="4.8065720" lon="-75.6622430">
    <ele>1516.2</ele>
   </trkpt>
   <trkpt lat="4.8065650" lon="-75.6622370">
    <ele>1516.3</ele>
   </trkpt>
   <trkpt lat="4.8065600" lon="-75.6622300">
    <ele>1516.3</ele>
   </trkpt>
   <trkpt lat="4.8065570" lon="-75.6622220">
    <ele>1516.3</ele>
   </trkpt>
   <trkpt lat="4.8065580" lon="-75.6622140">
    <ele>1516.3</ele>
   </trkpt>
   <trkpt lat="4.8065590" lon="-75.6622050">
    <ele>1516.3</ele>
   </trkpt>
   <trkpt lat="4.8065580" lon="-75.6621940">
    <ele>1516.3</ele>
   </trkpt>
   <trkpt lat="4.8065590" lon="-75.6621840">
    <ele>1516.4</ele>
   </trkpt>
   <trkpt lat="4.8065660" lon="-75.6621790">
    <ele>1516.4</ele>
   </trkpt>
   <trkpt lat="4.8065820" lon="-75.6621660">
    <ele>1516.5</ele>
   </trkpt>
   <trkpt lat="4.8065860" lon="-75.6621600">
    <ele>1516.5</ele>
   </trkpt>
   <trkpt lat="4.8065900" lon="-75.6621520">
    <ele>1516.5</ele>
   </trkpt>
   <trkpt lat="4.8065910" lon="-75.6621430">
    <ele>1516.6</ele>
   </trkpt>
   <trkpt lat="4.8065940" lon="-75.6621340">
    <ele>1516.6</ele>
   </trkpt>
   <trkpt lat="4.8065970" lon="-75.6621260">
    <ele>1516.6</ele>
   </trkpt>
   <trkpt lat="4.8066010" lon="-75.6621170">
    <ele>1516.7</ele>
   </trkpt>
   <trkpt lat="4.8066040" lon="-75.6621090">
    <ele>1516.7</ele>
   </trkpt>
   <trkpt lat="4.8066150" lon="-75.6620950">
    <ele>1516.9</ele>
   </trkpt>
   <trkpt lat="4.8066200" lon="-75.6620890">
    <ele>1516.9</ele>
   </trkpt>
   <trkpt lat="4.8066240" lon="-75.6620820">
    <ele>1517.0</ele>
   </trkpt>
   <trkpt lat="4.8066280" lon="-75.6620740">
    <ele>1517.0</ele>
   </trkpt>
   <trkpt lat="4.8066320" lon="-75.6620670">
    <ele>1517.1</ele>
   </trkpt>
   <trkpt lat="4.8066360" lon="-75.6620600">
    <ele>1517.2</ele>
   </trkpt>
   <trkpt lat="4.8066410" lon="-75.6620550">
    <ele>1517.2</ele>
   </trkpt>
   <trkpt lat="4.8066450" lon="-75.6620480">
    <ele>1517.3</ele>
   </trkpt>
   <trkpt lat="4.8066510" lon="-75.6620410">
    <ele>1517.4</ele>
   </trkpt>
   <trkpt lat="4.8066560" lon="-75.6620350">
    <ele>1517.5</ele>
   </trkpt>
   <trkpt lat="4.8066610" lon="-75.6620280">
    <ele>1517.6</ele>
   </trkpt>
   <trkpt lat="4.8066650" lon="-75.6620240">
    <ele>1517.6</ele>
   </trkpt>
   <trkpt lat="4.8066680" lon="-75.6620190">
    <ele>1517.7</ele>
   </trkpt>
   <trkpt lat="4.8066690" lon="-75.6620140">
    <ele>1517.7</ele>
   </trkpt>
   <trkpt lat="4.8066720" lon="-75.6620100">
    <ele>1517.8</ele>
   </trkpt>
   <trkpt lat="4.8066730" lon="-75.6620030">
    <ele>1517.9</ele>
   </trkpt>
   <trkpt lat="4.8066770" lon="-75.6620010">
    <ele>1517.9</ele>
   </trkpt>
   <trkpt lat="4.8066810" lon="-75.6619980">
    <ele>1518.0</ele>
   </trkpt>
   <trkpt lat="4.8066860" lon="-75.6619950">
    <ele>1518.1</ele>
   </trkpt>
   <trkpt lat="4.8066880" lon="-75.6619900">
    <ele>1518.1</ele>
   </trkpt>
   <trkpt lat="4.8066890" lon="-75.6619860">
    <ele>1518.2</ele>
   </trkpt>
   <trkpt lat="4.8066920" lon="-75.6619820">
    <ele>1518.2</ele>
   </trkpt>
   <trkpt lat="4.8067010" lon="-75.6619770">
    <ele>1518.4</ele>
   </trkpt>
   <trkpt lat="4.8067030" lon="-75.6619760">
    <ele>1518.4</ele>
   </trkpt>
   <trkpt lat="4.8067040" lon="-75.6619730">
    <ele>1518.5</ele>
   </trkpt>
   <trkpt lat="4.8067040" lon="-75.6619690">
    <ele>1518.5</ele>
   </trkpt>
   <trkpt lat="4.8067060" lon="-75.6619650">
    <ele>1518.6</ele>
   </trkpt>
   <trkpt lat="4.8067060" lon="-75.6619600">
    <ele>1518.7</ele>
   </trkpt>
   <trkpt lat="4.8067000" lon="-75.6619580">
    <ele>1518.8</ele>
   </trkpt>
   <trkpt lat="4.8066930" lon="-75.6619560">
    <ele>1518.9</ele>
   </trkpt>
   <trkpt lat="4.8066900" lon="-75.6619540">
    <ele>1518.9</ele>
   </trkpt>
   <trkpt lat="4.8066890" lon="-75.6619500">
    <ele>1519.0</ele>
   </trkpt>
   <trkpt lat="4.8066890" lon="-75.6619430">
    <ele>1519.1</ele>
   </trkpt>
   <trkpt lat="4.8066850" lon="-75.6619340">
    <ele>1519.2</ele>
   </trkpt>
   <trkpt lat="4.8066790" lon="-75.6619260">
    <ele>1519.4</ele>
   </trkpt>
   <trkpt lat="4.8066720" lon="-75.6619190">
    <ele>1519.6</ele>
   </trkpt>
   <trkpt lat="4.8066630" lon="-75.6619170">
    <ele>1519.7</ele>
   </trkpt>
   <trkpt lat="4.8066600" lon="-75.6619160">
    <ele>1519.8</ele>
   </trkpt>
   <trkpt lat="4.8066620" lon="-75.6619110">
    <ele>1519.9</ele>
   </trkpt>
   <trkpt lat="4.8066610" lon="-75.6619020">
    <ele>1520.0</ele>
   </trkpt>
   <trkpt lat="4.8066630" lon="-75.6618930">
    <ele>1520.2</ele>
   </trkpt>
   <trkpt lat="4.8066680" lon="-75.6618840">
    <ele>1520.3</ele>
   </trkpt>
   <trkpt lat="4.8066700" lon="-75.6618750">
    <ele>1520.5</ele>
   </trkpt>
   <trkpt lat="4.8066730" lon="-75.6618660">
    <ele>1520.6</ele>
   </trkpt>
   <trkpt lat="4.8066770" lon="-75.6618600">
    <ele>1520.7</ele>
   </trkpt>
   <trkpt lat="4.8066820" lon="-75.6618570">
    <ele>1520.8</ele>
   </trkpt>
   <trkpt lat="4.8066880" lon="-75.6618570">
    <ele>1520.9</ele>
   </trkpt>
   <trkpt lat="4.8066920" lon="-75.6618620">
    <ele>1521.0</ele>
   </trkpt>
   <trkpt lat="4.8066940" lon="-75.6618680">
    <ele>1521.1</ele>
   </trkpt>
   <trkpt lat="4.8066950" lon="-75.6618710">
    <ele>1521.2</ele>
   </trkpt>
   <trkpt lat="4.8066990" lon="-75.6618710">
    <ele>1521.3</ele>
   </trkpt>
   <trkpt lat="4.8067020" lon="-75.6618730">
    <ele>1521.3</ele>
   </trkpt>
   <trkpt lat="4.8067050" lon="-75.6618730">
    <ele>1521.4</ele>
   </trkpt>
   <trkpt lat="4.8067100" lon="-75.6618730">
    <ele>1521.5</ele>
   </trkpt>
   <trkpt lat="4.8067150" lon="-75.6618700">
    <ele>1521.5</ele>
   </trkpt>
   <trkpt lat="4.8067250" lon="-75.6618700">
    <ele>1521.7</ele>
   </trkpt>
   <trkpt lat="4.8067300" lon="-75.6618660">
    <ele>1521.8</ele>
   </trkpt>
   <trkpt lat="4.8067360" lon="-75.6618630">
    <ele>1521.9</ele>
   </trkpt>
   <trkpt lat="4.8067370" lon="-75.6618670">
    <ele>1522.0</ele>
   </trkpt>
   <trkpt lat="4.8067420" lon="-75.6618660">
    <ele>1522.1</ele>
   </trkpt>
   <trkpt lat="4.8067480" lon="-75.6618660">
    <ele>1522.2</ele>
   </trkpt>
   <trkpt lat="4.8067520" lon="-75.6618660">
    <ele>1522.2</ele>
   </trkpt>
   <trkpt lat="4.8067570" lon="-75.6618640">
    <ele>1522.3</ele>
   </trkpt>
   <trkpt lat="4.8067610" lon="-75.6618590">
    <ele>1522.4</ele>
   </trkpt>
   <trkpt lat="4.8067650" lon="-75.6618520">
    <ele>1522.6</ele>
   </trkpt>
   <trkpt lat="4.8067680" lon="-75.6618430">
    <ele>1522.7</ele>
   </trkpt>
   <trkpt lat="4.8067710" lon="-75.6618330">
    <ele>1522.9</ele>
   </trkpt>
   <trkpt lat="4.8067730" lon="-75.6618260">
    <ele>1523.0</ele>
   </trkpt>
   <trkpt lat="4.8067770" lon="-75.6618190">
    <ele>1523.1</ele>
   </trkpt>
   <trkpt lat="4.8067800" lon="-75.6618130">
    <ele>1523.2</ele>
   </trkpt>
   <trkpt lat="4.8067840" lon="-75.6618090">
    <ele>1523.3</ele>
   </trkpt>
   <trkpt lat="4.8067880" lon="-75.6618050">
    <ele>1523.4</ele>
   </trkpt>
   <trkpt lat="4.8067920" lon="-75.6617960">
    <ele>1523.5</ele>
   </trkpt>
   <trkpt lat="4.8067980" lon="-75.6617920">
    <ele>1523.6</ele>
   </trkpt>
   <trkpt lat="4.8067940" lon="-75.6617980">
    <ele>1523.7</ele>
   </trkpt>
   <trkpt lat="4.8067900" lon="-75.6618000">
    <ele>1523.8</ele>
   </trkpt>
   <trkpt lat="4.8067920" lon="-75.6617970">
    <ele>1523.9</ele>
   </trkpt>
   <trkpt lat="4.8067950" lon="-75.6617940">
    <ele>1523.9</ele>
   </trkpt>
   <trkpt lat="4.8068000" lon="-75.6617920">
    <ele>1524.0</ele>
   </trkpt>
   <trkpt lat="4.8068090" lon="-75.6617850">
    <ele>1524.2</ele>
   </trkpt>
   <trkpt lat="4.8068120" lon="-75.6617820">
    <ele>1524.2</ele>
   </trkpt>
   <trkpt lat="4.8068160" lon="-75.6617750">
    <ele>1524.3</ele>
   </trkpt>
   <trkpt lat="4.8068190" lon="-75.6617680">
    <ele>1524.4</ele>
   </trkpt>
   <trkpt lat="4.8068200" lon="-75.6617600">
    <ele>1524.5</ele>
   </trkpt>
   <trkpt lat="4.8068200" lon="-75.6617520">
    <ele>1524.6</ele>
   </trkpt>
   <trkpt lat="4.8068200" lon="-75.6617450">
    <ele>1524.7</ele>
   </trkpt>
   <trkpt lat="4.8068200" lon="-75.6617360">
    <ele>1524.8</ele>
   </trkpt>
   <trkpt lat="4.8068200" lon="-75.6617290">
    <ele>1524.9</ele>
   </trkpt>
   <trkpt lat="4.8068180" lon="-75.6617210">
    <ele>1525.0</ele>
   </trkpt>
   <trkpt lat="4.8068120" lon="-75.6617090">
    <ele>1525.1</ele>
   </trkpt>
   <trkpt lat="4.8068090" lon="-75.6617000">
    <ele>1525.2</ele>
   </trkpt>
   <trkpt lat="4.8068080" lon="-75.6616930">
    <ele>1525.3</ele>
   </trkpt>
   <trkpt lat="4.8068090" lon="-75.6616840">
    <ele>1525.4</ele>
   </trkpt>
   <trkpt lat="4.8068090" lon="-75.6616730">
    <ele>1525.5</ele>
   </trkpt>
   <trkpt lat="4.8068080" lon="-75.6616630">
    <ele>1525.6</ele>
   </trkpt>
   <trkpt lat="4.8068150" lon="-75.6616610">
    <ele>1525.7</ele>
   </trkpt>
   <trkpt lat="4.8068190" lon="-75.6616580">
    <ele>1525.7</ele>
   </trkpt>
   <trkpt lat="4.8068210" lon="-75.6616520">
    <ele>1525.8</ele>
   </trkpt>
   <trkpt lat="4.8068220" lon="-75.6616440">
    <ele>1525.8</ele>
   </trkpt>
   <trkpt lat="4.8068210" lon="-75.6616360">
    <ele>1525.9</ele>
   </trkpt>
   <trkpt lat="4.8068210" lon="-75.6616280">
    <ele>1526.0</ele>
   </trkpt>
   <trkpt lat="4.8068190" lon="-75.6616180">
    <ele>1526.0</ele>
   </trkpt>
   <trkpt lat="4.8068170" lon="-75.6616090">
    <ele>1526.1</ele>
   </trkpt>
   <trkpt lat="4.8068140" lon="-75.6616010">
    <ele>1526.2</ele>
   </trkpt>
   <trkpt lat="4.8068110" lon="-75.6615930">
    <ele>1526.2</ele>
   </trkpt>
   <trkpt lat="4.8068080" lon="-75.6615860">
    <ele>1526.3</ele>
   </trkpt>
   <trkpt lat="4.8068070" lon="-75.6615780">
    <ele>1526.3</ele>
   </trkpt>
   <trkpt lat="4.8068090" lon="-75.6615710">
    <ele>1526.4</ele>
   </trkpt>
   <trkpt lat="4.8067960" lon="-75.6615650">
    <ele>1526.5</ele>
   </trkpt>
   <trkpt lat="4.8067960" lon="-75.6615620">
    <ele>1526.5</ele>
   </trkpt>
   <trkpt lat="4.8067920" lon="-75.6615540">
    <ele>1526.6</ele>
   </trkpt>
   <trkpt lat="4.8067870" lon="-75.6615460">
    <ele>1526.6</ele>
   </trkpt>
   <trkpt lat="4.8067800" lon="-75.6615320">
    <ele>1526.7</ele>
   </trkpt>
   <trkpt lat="4.8067730" lon="-75.6615190">
    <ele>1526.8</ele>
   </trkpt>
   <trkpt lat="4.8067660" lon="-75.6615080">
    <ele>1526.8</ele>
   </trkpt>
   <trkpt lat="4.8067650" lon="-75.6615010">
    <ele>1526.9</ele>
   </trkpt>
   <trkpt lat="4.8067660" lon="-75.6614980">
    <ele>1526.9</ele>
   </trkpt>
   <trkpt lat="4.8067620" lon="-75.6614900">
    <ele>1526.9</ele>
   </trkpt>
   <trkpt lat="4.8067570" lon="-75.6614820">
    <ele>1527.0</ele>
   </trkpt>
   <trkpt lat="4.8067480" lon="-75.6614750">
    <ele>1527.1</ele>
   </trkpt>
   <trkpt lat="4.8067410" lon="-75.6614670">
    <ele>1527.1</ele>
   </trkpt>
   <trkpt lat="4.8067330" lon="-75.6614590">
    <ele>1527.2</ele>
   </trkpt>
   <trkpt lat="4.8067270" lon="-75.6614500">
    <ele>1527.2</ele>
   </trkpt>
   <trkpt lat="4.8067210" lon="-75.6614380">
    <ele>1527.3</ele>
   </trkpt>
   <trkpt lat="4.8067180" lon="-75.6614310">
    <ele>1527.3</ele>
   </trkpt>
   <trkpt lat="4.8067160" lon="-75.6614230">
    <ele>1527.4</ele>
   </trkpt>
   <trkpt lat="4.8067160" lon="-75.6614150">
    <ele>1527.4</ele>
   </trkpt>
   <trkpt lat="4.8067130" lon="-75.6614070">
    <ele>1527.5</ele>
   </trkpt>
   <trkpt lat="4.8067100" lon="-75.6613980">
    <ele>1527.5</ele>
   </trkpt>
   <trkpt lat="4.8067060" lon="-75.6613910">
    <ele>1527.5</ele>
   </trkpt>
   <trkpt lat="4.8067040" lon="-75.6613820">
    <ele>1527.6</ele>
   </trkpt>
   <trkpt lat="4.8067000" lon="-75.6613680">
    <ele>1527.7</ele>
   </trkpt>
   <trkpt lat="4.8066990" lon="-75.6613600">
    <ele>1527.7</ele>
   </trkpt>
   <trkpt lat="4.8066970" lon="-75.6613510">
    <ele>1527.7</ele>
   </trkpt>
   <trkpt lat="4.8066930" lon="-75.6613410">
    <ele>1527.8</ele>
   </trkpt>
   <trkpt lat="4.8066930" lon="-75.6613340">
    <ele>1527.8</ele>
   </trkpt>
   <trkpt lat="4.8066910" lon="-75.6613240">
    <ele>1527.9</ele>
   </trkpt>
   <trkpt lat="4.8066900" lon="-75.6613160">
    <ele>1527.9</ele>
   </trkpt>
   <trkpt lat="4.8066910" lon="-75.6613090">
    <ele>1528.0</ele>
   </trkpt>
   <trkpt lat="4.8066920" lon="-75.6612960">
    <ele>1528.0</ele>
   </trkpt>
   <trkpt lat="4.8066900" lon="-75.6612890">
    <ele>1528.1</ele>
   </trkpt>
   <trkpt lat="4.8066880" lon="-75.6612790">
    <ele>1528.1</ele>
   </trkpt>
   <trkpt lat="4.8066880" lon="-75.6612680">
    <ele>1528.2</ele>
   </trkpt>
   <trkpt lat="4.8066880" lon="-75.6612590">
    <ele>1528.2</ele>
   </trkpt>
   <trkpt lat="4.8066890" lon="-75.6612530">
    <ele>1528.3</ele>
   </trkpt>
   <trkpt lat="4.8066880" lon="-75.6612450">
    <ele>1528.3</ele>
   </trkpt>
   <trkpt lat="4.8067030" lon="-75.6612450">
    <ele>1528.4</ele>
   </trkpt>
   <trkpt lat="4.8067040" lon="-75.6612410">
    <ele>1528.4</ele>
   </trkpt>
   <trkpt lat="4.8067140" lon="-75.6612380">
    <ele>1528.4</ele>
   </trkpt>
   <trkpt lat="4.8067220" lon="-75.6612340">
    <ele>1528.5</ele>
   </trkpt>
   <trkpt lat="4.8067300" lon="-75.6612280">
    <ele>1528.5</ele>
   </trkpt>
   <trkpt lat="4.8067370" lon="-75.6612210">
    <ele>1528.6</ele>
   </trkpt>
   <trkpt lat="4.8067440" lon="-75.6612130">
    <ele>1528.6</ele>
   </trkpt>
   <trkpt lat="4.8067570" lon="-75.6612040">
    <ele>1528.7</ele>
   </trkpt>
   <trkpt lat="4.8068050" lon="-75.6611850">
    <ele>1529.0</ele>
   </trkpt>
   <trkpt lat="4.8068230" lon="-75.6611820">
    <ele>1529.1</ele>
   </trkpt>
   <trkpt lat="4.8068400" lon="-75.6611750">
    <ele>1529.2</ele>
   </trkpt>
   <trkpt lat="4.8068860" lon="-75.6611630">
    <ele>1529.4</ele>
   </trkpt>
   <trkpt lat="4.8069080" lon="-75.6611560">
    <ele>1529.5</ele>
   </trkpt>
   <trkpt lat="4.8069370" lon="-75.6611500">
    <ele>1529.6</ele>
   </trkpt>
   <trkpt lat="4.8069480" lon="-75.6611460">
    <ele>1529.7</ele>
   </trkpt>
   <trkpt lat="4.8069610" lon="-75.6611420">
    <ele>1529.7</ele>
   </trkpt>
   <trkpt lat="4.8069740" lon="-75.6611390">
    <ele>1529.8</ele>
   </trkpt>
   <trkpt lat="4.8069810" lon="-75.6611380">
    <ele>1529.8</ele>
   </trkpt>
   <trkpt lat="4.8069910" lon="-75.6611360">
    <ele>1529.8</ele>
   </trkpt>
   <trkpt lat="4.8070020" lon="-75.6611330">
    <ele>1529.9</ele>
   </trkpt>
   <trkpt lat="4.8070130" lon="-75.6611300">
    <ele>1529.9</ele>
   </trkpt>
   <trkpt lat="4.8070230" lon="-75.6611280">
    <ele>1530.0</ele>
   </trkpt>
   <trkpt lat="4.8070370" lon="-75.6611330">
    <ele>1530.0</ele>
   </trkpt>
   <trkpt lat="4.8070500" lon="-75.6611350">
    <ele>1530.1</ele>
   </trkpt>
   <trkpt lat="4.8070630" lon="-75.6611390">
    <ele>1530.1</ele>
   </trkpt>
   <trkpt lat="4.8070760" lon="-75.6611450">
    <ele>1530.2</ele>
   </trkpt>
   <trkpt lat="4.8070890" lon="-75.6611500">
    <ele>1530.3</ele>
   </trkpt>
   <trkpt lat="4.8071070" lon="-75.6611650">
    <ele>1530.4</ele>
   </trkpt>
   <trkpt lat="4.8071220" lon="-75.6611830">
    <ele>1530.4</ele>
   </trkpt>
   <trkpt lat="4.8071340" lon="-75.6611940">
    <ele>1530.5</ele>
   </trkpt>
   <trkpt lat="4.8071450" lon="-75.6611970">
    <ele>1530.5</ele>
   </trkpt>
   <trkpt lat="4.8071540" lon="-75.6612040">
    <ele>1530.6</ele>
   </trkpt>
   <trkpt lat="4.8071650" lon="-75.6612080">
    <ele>1530.6</ele>
   </trkpt>
   <trkpt lat="4.8071750" lon="-75.6612070">
    <ele>1530.7</ele>
   </trkpt>
   <trkpt lat="4.8071870" lon="-75.6612200">
    <ele>1530.7</ele>
   </trkpt>
   <trkpt lat="4.8071990" lon="-75.6612270">
    <ele>1530.8</ele>
   </trkpt>
   <trkpt lat="4.8072130" lon="-75.6612330">
    <ele>1530.8</ele>
   </trkpt>
   <trkpt lat="4.8072220" lon="-75.6612380">
    <ele>1530.8</ele>
   </trkpt>
   <trkpt lat="4.8072320" lon="-75.6612440">
    <ele>1530.9</ele>
   </trkpt>
   <trkpt lat="4.8072390" lon="-75.6612530">
    <ele>1530.9</ele>
   </trkpt>
   <trkpt lat="4.8072450" lon="-75.6612600">
    <ele>1530.9</ele>
   </trkpt>
   <trkpt lat="4.8072500" lon="-75.6612650">
    <ele>1531.0</ele>
   </trkpt>
   <trkpt lat="4.8072550" lon="-75.6612690">
    <ele>1531.0</ele>
   </trkpt>
   <trkpt lat="4.8072610" lon="-75.6612710">
    <ele>1531.0</ele>
   </trkpt>
   <trkpt lat="4.8072660" lon="-75.6612710">
    <ele>1531.0</ele>
   </trkpt>
   <trkpt lat="4.8072700" lon="-75.6612690">
    <ele>1531.0</ele>
   </trkpt>
   <trkpt lat="4.8072770" lon="-75.6612700">
    <ele>1531.1</ele>
   </trkpt>
   <trkpt lat="4.8072800" lon="-75.6612670">
    <ele>1531.1</ele>
   </trkpt>
   <trkpt lat="4.8072840" lon="-75.6612600">
    <ele>1531.1</ele>
   </trkpt>
   <trkpt lat="4.8072900" lon="-75.6612550">
    <ele>1531.1</ele>
   </trkpt>
   <trkpt lat="4.8072920" lon="-75.6612480">
    <ele>1531.1</ele>
   </trkpt>
   <trkpt lat="4.8072990" lon="-75.6612440">
    <ele>1531.2</ele>
   </trkpt>
   <trkpt lat="4.8073020" lon="-75.6612370">
    <ele>1531.2</ele>
   </trkpt>
   <trkpt lat="4.8073080" lon="-75.6612230">
    <ele>1531.2</ele>
   </trkpt>
   <trkpt lat="4.8073100" lon="-75.6612170">
    <ele>1531.2</ele>
   </trkpt>
   <trkpt lat="4.8073170" lon="-75.6612140">
    <ele>1531.3</ele>
   </trkpt>
   <trkpt lat="4.8073210" lon="-75.6612060">
    <ele>1531.3</ele>
   </trkpt>
   <trkpt lat="4.8073260" lon="-75.6611970">
    <ele>1531.3</ele>
   </trkpt>
   <trkpt lat="4.8073340" lon="-75.6611900">
    <ele>1531.3</ele>
   </trkpt>
   <trkpt lat="4.8073420" lon="-75.6611840">
    <ele>1531.3</ele>
   </trkpt>
   <trkpt lat="4.8073540" lon="-75.6611740">
    <ele>1531.4</ele>
   </trkpt>
   <trkpt lat="4.8073600" lon="-75.6611680">
    <ele>1531.4</ele>
   </trkpt>
   <trkpt lat="4.8073650" lon="-75.6611590">
    <ele>1531.4</ele>
   </trkpt>
   <trkpt lat="4.8073700" lon="-75.6611490">
    <ele>1531.4</ele>
   </trkpt>
   <trkpt lat="4.8073740" lon="-75.6611360">
    <ele>1531.5</ele>
   </trkpt>
   <trkpt lat="4.8073800" lon="-75.6611260">
    <ele>1531.5</ele>
   </trkpt>
   <trkpt lat="4.8073850" lon="-75.6611150">
    <ele>1531.5</ele>
   </trkpt>
   <trkpt lat="4.8073710" lon="-75.6610940">
    <ele>1531.5</ele>
   </trkpt>
   <trkpt lat="4.8073660" lon="-75.6610800">
    <ele>1531.5</ele>
   </trkpt>
   <trkpt lat="4.8073450" lon="-75.6610580">
    <ele>1531.6</ele>
   </trkpt>
   <trkpt lat="4.8073360" lon="-75.6610460">
    <ele>1531.6</ele>
   </trkpt>
   <trkpt lat="4.8073210" lon="-75.6610310">
    <ele>1531.6</ele>
   </trkpt>
   <trkpt lat="4.8073210" lon="-75.6610310">
    <ele>1531.6</ele>
   </trkpt>
   <trkpt lat="4.8073210" lon="-75.6610310">
    <ele>1531.6</ele>
   </trkpt>
   <trkpt lat="4.8071950" lon="-75.6609940">
    <ele>1531.5</ele>
   </trkpt>
   <trkpt lat="4.8071950" lon="-75.6609940">
    <ele>1531.5</ele>
   </trkpt>
   <trkpt lat="4.8071950" lon="-75.6609940">
    <ele>1531.5</ele>
   </trkpt>
   <trkpt lat="4.8070760" lon="-75.6609590">
    <ele>1531.3</ele>
   </trkpt>
   <trkpt lat="4.8070760" lon="-75.6609590">
    <ele>1531.3</ele>
   </trkpt>
   <trkpt lat="4.8070760" lon="-75.6609590">
    <ele>1531.3</ele>
   </trkpt>
   <trkpt lat="4.8069620" lon="-75.6609260">
    <ele>1531.1</ele>
   </trkpt>
   <trkpt lat="4.8069620" lon="-75.6609260">
    <ele>1531.1</ele>
   </trkpt>
   <trkpt lat="4.8069620" lon="-75.6609260">
    <ele>1531.1</ele>
   </trkpt>
   <trkpt lat="4.8068430" lon="-75.6608910">
    <ele>1531.0</ele>
   </trkpt>
   <trkpt lat="4.8068430" lon="-75.6608910">
    <ele>1531.0</ele>
   </trkpt>
   <trkpt lat="4.8067570" lon="-75.6608520">
    <ele>1531.0</ele>
   </trkpt>
   <trkpt lat="4.8067390" lon="-75.6608360">
    <ele>1531.0</ele>
   </trkpt>
   <trkpt lat="4.8067270" lon="-75.6608230">
    <ele>1531.0</ele>
   </trkpt>
   <trkpt lat="4.8067160" lon="-75.6608140">
    <ele>1531.0</ele>
   </trkpt>
   <trkpt lat="4.8067070" lon="-75.6608040">
    <ele>1531.0</ele>
   </trkpt>
   <trkpt lat="4.8066990" lon="-75.6607880">
    <ele>1531.0</ele>
   </trkpt>
   <trkpt lat="4.8066920" lon="-75.6607680">
    <ele>1531.0</ele>
   </trkpt>
   <trkpt lat="4.8066830" lon="-75.6607500">
    <ele>1531.0</ele>
   </trkpt>
   <trkpt lat="4.8066750" lon="-75.6607280">
    <ele>1531.0</ele>
   </trkpt>
   <trkpt lat="4.8066680" lon="-75.6607150">
    <ele>1531.0</ele>
   </trkpt>
   <trkpt lat="4.8066750" lon="-75.6606950">
    <ele>1531.0</ele>
   </trkpt>
   <trkpt lat="4.8066890" lon="-75.6606790">
    <ele>1531.0</ele>
   </trkpt>
   <trkpt lat="4.8067020" lon="-75.6606640">
    <ele>1531.0</ele>
   </trkpt>
   <trkpt lat="4.8067090" lon="-75.6606490">
    <ele>1531.1</ele>
   </trkpt>
   <trkpt lat="4.8067140" lon="-75.6606320">
    <ele>1531.1</ele>
   </trkpt>
   <trkpt lat="4.8067170" lon="-75.6606160">
    <ele>1531.1</ele>
   </trkpt>
   <trkpt lat="4.8067200" lon="-75.6606020">
    <ele>1531.1</ele>
   </trkpt>
   <trkpt lat="4.8067210" lon="-75.6605900">
    <ele>1531.1</ele>
   </trkpt>
   <trkpt lat="4.8067230" lon="-75.6605750">
    <ele>1531.1</ele>
   </trkpt>
   <trkpt lat="4.8067270" lon="-75.6605600">
    <ele>1531.1</ele>
   </trkpt>
   <trkpt lat="4.8067280" lon="-75.6605460">
    <ele>1531.1</ele>
   </trkpt>
   <trkpt lat="4.8067270" lon="-75.6605310">
    <ele>1531.1</ele>
   </trkpt>
   <trkpt lat="4.8067240" lon="-75.6605180">
    <ele>1531.1</ele>
   </trkpt>
   <trkpt lat="4.8067190" lon="-75.6605060">
    <ele>1531.1</ele>
   </trkpt>
   <trkpt lat="4.8067110" lon="-75.6604950">
    <ele>1531.1</ele>
   </trkpt>
   <trkpt lat="4.8067050" lon="-75.6604840">
    <ele>1531.2</ele>
   </trkpt>
   <trkpt lat="4.8066920" lon="-75.6604780">
    <ele>1531.2</ele>
   </trkpt>
   <trkpt lat="4.8066730" lon="-75.6604770">
    <ele>1531.2</ele>
   </trkpt>
   <trkpt lat="4.8066600" lon="-75.6604730">
    <ele>1531.2</ele>
   </trkpt>
   <trkpt lat="4.8066470" lon="-75.6604700">
    <ele>1531.2</ele>
   </trkpt>
   <trkpt lat="4.8066330" lon="-75.6604680">
    <ele>1531.2</ele>
   </trkpt>
   <trkpt lat="4.8066170" lon="-75.6604650">
    <ele>1531.2</ele>
   </trkpt>
   <trkpt lat="4.8066010" lon="-75.6604630">
    <ele>1531.2</ele>
   </trkpt>
   <trkpt lat="4.8065850" lon="-75.6604630">
    <ele>1531.2</ele>
   </trkpt>
   <trkpt lat="4.8065660" lon="-75.6604650">
    <ele>1531.3</ele>
   </trkpt>
   <trkpt lat="4.8065460" lon="-75.6604690">
    <ele>1531.3</ele>
   </trkpt>
   <trkpt lat="4.8065310" lon="-75.6604720">
    <ele>1531.3</ele>
   </trkpt>
   <trkpt lat="4.8065090" lon="-75.6604810">
    <ele>1531.3</ele>
   </trkpt>
   <trkpt lat="4.8064870" lon="-75.6604870">
    <ele>1531.3</ele>
   </trkpt>
   <trkpt lat="4.8064620" lon="-75.6604950">
    <ele>1531.4</ele>
   </trkpt>
   <trkpt lat="4.8064430" lon="-75.6605000">
    <ele>1531.4</ele>
   </trkpt>
   <trkpt lat="4.8064310" lon="-75.6605030">
    <ele>1531.4</ele>
   </trkpt>
   <trkpt lat="4.8064070" lon="-75.6605040">
    <ele>1531.4</ele>
   </trkpt>
   <trkpt lat="4.8063930" lon="-75.6605050">
    <ele>1531.4</ele>
   </trkpt>
   <trkpt lat="4.8063770" lon="-75.6604980">
    <ele>1531.4</ele>
   </trkpt>
   <trkpt lat="4.8063640" lon="-75.6604940">
    <ele>1531.5</ele>
   </trkpt>
   <trkpt lat="4.8063520" lon="-75.6604890">
    <ele>1531.5</ele>
   </trkpt>
   <trkpt lat="4.8063400" lon="-75.6604820">
    <ele>1531.5</ele>
   </trkpt>
   <trkpt lat="4.8063290" lon="-75.6604770">
    <ele>1531.5</ele>
   </trkpt>
   <trkpt lat="4.8063160" lon="-75.6604700">
    <ele>1531.5</ele>
   </trkpt>
   <trkpt lat="4.8063020" lon="-75.6604630">
    <ele>1531.5</ele>
   </trkpt>
   <trkpt lat="4.8062920" lon="-75.6604600">
    <ele>1531.5</ele>
   </trkpt>
   <trkpt lat="4.8062820" lon="-75.6604550">
    <ele>1531.6</ele>
   </trkpt>
   <trkpt lat="4.8062730" lon="-75.6604490">
    <ele>1531.6</ele>
   </trkpt>
   <trkpt lat="4.8062630" lon="-75.6604450">
    <ele>1531.6</ele>
   </trkpt>
   <trkpt lat="4.8062540" lon="-75.6604380">
    <ele>1531.6</ele>
   </trkpt>
   <trkpt lat="4.8062450" lon="-75.6604320">
    <ele>1531.6</ele>
   </trkpt>
   <trkpt lat="4.8062360" lon="-75.6604270">
    <ele>1531.6</ele>
   </trkpt>
   <trkpt lat="4.8062250" lon="-75.6604220">
    <ele>1531.6</ele>
   </trkpt>
   <trkpt lat="4.8062160" lon="-75.6604170">
    <ele>1531.7</ele>
   </trkpt>
   <trkpt lat="4.8062020" lon="-75.6604090">
    <ele>1531.7</ele>
   </trkpt>
   <trkpt lat="4.8061960" lon="-75.6604070">
    <ele>1531.7</ele>
   </trkpt>
   <trkpt lat="4.8061880" lon="-75.6604010">
    <ele>1531.7</ele>
   </trkpt>
   <trkpt lat="4.8061800" lon="-75.6603970">
    <ele>1531.7</ele>
   </trkpt>
   <trkpt lat="4.8061740" lon="-75.6603900">
    <ele>1531.7</ele>
   </trkpt>
   <trkpt lat="4.8061680" lon="-75.6603840">
    <ele>1531.8</ele>
   </trkpt>
   <trkpt lat="4.8061610" lon="-75.6603800">
    <ele>1531.8</ele>
   </trkpt>
   <trkpt lat="4.8061540" lon="-75.6603740">
    <ele>1531.8</ele>
   </trkpt>
   <trkpt lat="4.8061460" lon="-75.6603680">
    <ele>1531.8</ele>
   </trkpt>
   <trkpt lat="4.8061380" lon="-75.6603620">
    <ele>1531.8</ele>
   </trkpt>
   <trkpt lat="4.8061320" lon="-75.6603550">
    <ele>1531.9</ele>
   </trkpt>
   <trkpt lat="4.8061240" lon="-75.6603480">
    <ele>1531.9</ele>
   </trkpt>
   <trkpt lat="4.8061150" lon="-75.6603420">
    <ele>1531.9</ele>
   </trkpt>
   <trkpt lat="4.8061100" lon="-75.6603380">
    <ele>1531.9</ele>
   </trkpt>
   <trkpt lat="4.8061030" lon="-75.6603320">
    <ele>1531.9</ele>
   </trkpt>
   <trkpt lat="4.8060950" lon="-75.6603260">
    <ele>1532.0</ele>
   </trkpt>
   <trkpt lat="4.8060880" lon="-75.6603200">
    <ele>1532.0</ele>
   </trkpt>
   <trkpt lat="4.8060810" lon="-75.6603140">
    <ele>1532.0</ele>
   </trkpt>
   <trkpt lat="4.8060700" lon="-75.6603100">
    <ele>1532.0</ele>
   </trkpt>
   <trkpt lat="4.8060620" lon="-75.6603080">
    <ele>1532.1</ele>
   </trkpt>
   <trkpt lat="4.8060540" lon="-75.6603040">
    <ele>1532.1</ele>
   </trkpt>
   <trkpt lat="4.8060460" lon="-75.6602990">
    <ele>1532.1</ele>
   </trkpt>
   <trkpt lat="4.8060390" lon="-75.6602930">
    <ele>1532.1</ele>
   </trkpt>
   <trkpt lat="4.8060320" lon="-75.6602860">
    <ele>1532.2</ele>
   </trkpt>
   <trkpt lat="4.8060250" lon="-75.6602790">
    <ele>1532.2</ele>
   </trkpt>
   <trkpt lat="4.8060180" lon="-75.6602720">
    <ele>1532.2</ele>
   </trkpt>
   <trkpt lat="4.8060100" lon="-75.6602620">
    <ele>1532.2</ele>
   </trkpt>
   <trkpt lat="4.8060070" lon="-75.6602580">
    <ele>1532.3</ele>
   </trkpt>
   <trkpt lat="4.8060010" lon="-75.6602510">
    <ele>1532.3</ele>
   </trkpt>
   <trkpt lat="4.8059960" lon="-75.6602430">
    <ele>1532.3</ele>
   </trkpt>
   <trkpt lat="4.8059910" lon="-75.6602360">
    <ele>1532.3</ele>
   </trkpt>
   <trkpt lat="4.8059850" lon="-75.6602270">
    <ele>1532.4</ele>
   </trkpt>
   <trkpt lat="4.8059780" lon="-75.6602200">
    <ele>1532.4</ele>
   </trkpt>
   <trkpt lat="4.8059700" lon="-75.6602140">
    <ele>1532.4</ele>
   </trkpt>
   <trkpt lat="4.8059640" lon="-75.6602080">
    <ele>1532.5</ele>
   </trkpt>
   <trkpt lat="4.8059520" lon="-75.6601970">
    <ele>1532.5</ele>
   </trkpt>
   <trkpt lat="4.8059480" lon="-75.6601930">
    <ele>1532.5</ele>
   </trkpt>
   <trkpt lat="4.8059410" lon="-75.6601880">
    <ele>1532.5</ele>
   </trkpt>
   <trkpt lat="4.8059330" lon="-75.6601840">
    <ele>1532.6</ele>
   </trkpt>
   <trkpt lat="4.8059240" lon="-75.6601790">
    <ele>1532.6</ele>
   </trkpt>
   <trkpt lat="4.8059160" lon="-75.6601730">
    <ele>1532.6</ele>
   </trkpt>
   <trkpt lat="4.8059100" lon="-75.6601660">
    <ele>1532.7</ele>
   </trkpt>
   <trkpt lat="4.8059050" lon="-75.6601600">
    <ele>1532.7</ele>
   </trkpt>
   <trkpt lat="4.8059010" lon="-75.6601520">
    <ele>1532.7</ele>
   </trkpt>
   <trkpt lat="4.8058960" lon="-75.6601440">
    <ele>1532.7</ele>
   </trkpt>
   <trkpt lat="4.8058920" lon="-75.6601350">
    <ele>1532.8</ele>
   </trkpt>
   <trkpt lat="4.8058880" lon="-75.6601250">
    <ele>1532.8</ele>
   </trkpt>
   <trkpt lat="4.8058840" lon="-75.6601170">
    <ele>1532.8</ele>
   </trkpt>
   <trkpt lat="4.8058800" lon="-75.6601080">
    <ele>1532.9</ele>
   </trkpt>
   <trkpt lat="4.8058770" lon="-75.6600990">
    <ele>1532.9</ele>
   </trkpt>
   <trkpt lat="4.8058740" lon="-75.6600890">
    <ele>1532.9</ele>
   </trkpt>
   <trkpt lat="4.8058720" lon="-75.6600810">
    <ele>1532.9</ele>
   </trkpt>
   <trkpt lat="4.8058680" lon="-75.6600700">
    <ele>1533.0</ele>
   </trkpt>
   <trkpt lat="4.8058660" lon="-75.6600620">
    <ele>1533.0</ele>
   </trkpt>
   <trkpt lat="4.8058620" lon="-75.6600530">
    <ele>1533.0</ele>
   </trkpt>
   <trkpt lat="4.8058580" lon="-75.6600440">
    <ele>1533.1</ele>
   </trkpt>
   <trkpt lat="4.8058540" lon="-75.6600360">
    <ele>1533.1</ele>
   </trkpt>
   <trkpt lat="4.8058490" lon="-75.6600270">
    <ele>1533.1</ele>
   </trkpt>
   <trkpt lat="4.8058490" lon="-75.6600270">
    <ele>1533.1</ele>
   </trkpt>
   <trkpt lat="4.8058430" lon="-75.6600120">
    <ele>1533.2</ele>
   </trkpt>
   <trkpt lat="4.8058430" lon="-75.6600120">
    <ele>1533.2</ele>
   </trkpt>
   <trkpt lat="4.8058430" lon="-75.6600120">
    <ele>1533.2</ele>
   </trkpt>
   <trkpt lat="4.8058370" lon="-75.6599990">
    <ele>1533.3</ele>
   </trkpt>
   <trkpt lat="4.8058370" lon="-75.6599990">
    <ele>1533.3</ele>
   </trkpt>
   <trkpt lat="4.8058370" lon="-75.6599990">
    <ele>1533.3</ele>
   </trkpt>
   <trkpt lat="4.8058300" lon="-75.6599830">
    <ele>1533.3</ele>
   </trkpt>
   <trkpt lat="4.8058300" lon="-75.6599830">
    <ele>1533.3</ele>
   </trkpt>
   <trkpt lat="4.8058300" lon="-75.6599830">
    <ele>1533.3</ele>
   </trkpt>
   <trkpt lat="4.8058240" lon="-75.6599680">
    <ele>1533.4</ele>
   </trkpt>
   <trkpt lat="4.8058240" lon="-75.6599680">
    <ele>1533.4</ele>
   </trkpt>
   <trkpt lat="4.8058240" lon="-75.6599680">
    <ele>1533.4</ele>
   </trkpt>
   <trkpt lat="4.8058170" lon="-75.6599540">
    <ele>1533.4</ele>
   </trkpt>
   <trkpt lat="4.8058170" lon="-75.6599540">
    <ele>1533.4</ele>
   </trkpt>
   <trkpt lat="4.8058170" lon="-75.6599540">
    <ele>1533.4</ele>
   </trkpt>
   <trkpt lat="4.8058110" lon="-75.6599390">
    <ele>1533.5</ele>
   </trkpt>
   <trkpt lat="4.8058080" lon="-75.6599320">
    <ele>1533.6</ele>
   </trkpt>
   <trkpt lat="4.8058060" lon="-75.6599260">
    <ele>1533.6</ele>
   </trkpt>
   <trkpt lat="4.8058030" lon="-75.6599200">
    <ele>1533.6</ele>
   </trkpt>
   <trkpt lat="4.8058030" lon="-75.6599200">
    <ele>1533.6</ele>
   </trkpt>
   <trkpt lat="4.8058030" lon="-75.6599200">
    <ele>1533.6</ele>
   </trkpt>
   <trkpt lat="4.8058030" lon="-75.6599200">
    <ele>1533.6</ele>
   </trkpt>
   <trkpt lat="4.8057960" lon="-75.6599040">
    <ele>1533.7</ele>
   </trkpt>
   <trkpt lat="4.8057960" lon="-75.6599040">
    <ele>1533.7</ele>
   </trkpt>
   <trkpt lat="4.8057960" lon="-75.6599040">
    <ele>1533.7</ele>
   </trkpt>
   <trkpt lat="4.8057890" lon="-75.6598890">
    <ele>1533.8</ele>
   </trkpt>
   <trkpt lat="4.8057890" lon="-75.6598890">
    <ele>1533.8</ele>
   </trkpt>
   <trkpt lat="4.8057890" lon="-75.6598890">
    <ele>1533.8</ele>
   </trkpt>
   <trkpt lat="4.8057890" lon="-75.6598890">
    <ele>1533.8</ele>
   </trkpt>
   <trkpt lat="4.8057830" lon="-75.6598730">
    <ele>1533.8</ele>
   </trkpt>
   <trkpt lat="4.8057830" lon="-75.6598730">
    <ele>1533.8</ele>
   </trkpt>
   <trkpt lat="4.8057830" lon="-75.6598730">
    <ele>1533.8</ele>
   </trkpt>
   <trkpt lat="4.8057830" lon="-75.6598730">
    <ele>1533.8</ele>
   </trkpt>
   <trkpt lat="4.8057750" lon="-75.6598560">
    <ele>1533.9</ele>
   </trkpt>
   <trkpt lat="4.8057750" lon="-75.6598560">
    <ele>1533.9</ele>
   </trkpt>
   <trkpt lat="4.8057750" lon="-75.6598560">
    <ele>1533.9</ele>
   </trkpt>
   <trkpt lat="4.8057750" lon="-75.6598560">
    <ele>1533.9</ele>
   </trkpt>
   <trkpt lat="4.8057690" lon="-75.6598400">
    <ele>1534.0</ele>
   </trkpt>
   <trkpt lat="4.8057690" lon="-75.6598400">
    <ele>1534.0</ele>
   </trkpt>
   <trkpt lat="4.8057690" lon="-75.6598400">
    <ele>1534.0</ele>
   </trkpt>
   <trkpt lat="4.8057620" lon="-75.6598260">
    <ele>1534.1</ele>
   </trkpt>
   <trkpt lat="4.8057620" lon="-75.6598260">
    <ele>1534.1</ele>
   </trkpt>
   <trkpt lat="4.8057620" lon="-75.6598260">
    <ele>1534.1</ele>
   </trkpt>
   <trkpt lat="4.8057620" lon="-75.6598260">
    <ele>1534.1</ele>
   </trkpt>
   <trkpt lat="4.8057550" lon="-75.6598100">
    <ele>1534.2</ele>
   </trkpt>
   <trkpt lat="4.8057550" lon="-75.6598100">
    <ele>1534.2</ele>
   </trkpt>
   <trkpt lat="4.8057550" lon="-75.6598100">
    <ele>1534.2</ele>
   </trkpt>
   <trkpt lat="4.8057550" lon="-75.6598100">
    <ele>1534.2</ele>
   </trkpt>
   <trkpt lat="4.8057550" lon="-75.6598100">
    <ele>1534.2</ele>
   </trkpt>
   <trkpt lat="4.8057490" lon="-75.6597940">
    <ele>1534.3</ele>
   </trkpt>
   <trkpt lat="4.8057490" lon="-75.6597940">
    <ele>1534.3</ele>
   </trkpt>
   <trkpt lat="4.8057490" lon="-75.6597940">
    <ele>1534.3</ele>
   </trkpt>
   <trkpt lat="4.8057490" lon="-75.6597940">
    <ele>1534.3</ele>
   </trkpt>
   <trkpt lat="4.8057420" lon="-75.6597800">
    <ele>1534.4</ele>
   </trkpt>
   <trkpt lat="4.8057420" lon="-75.6597800">
    <ele>1534.4</ele>
   </trkpt>
   <trkpt lat="4.8057420" lon="-75.6597800">
    <ele>1534.4</ele>
   </trkpt>
   <trkpt lat="4.8057360" lon="-75.6597650">
    <ele>1534.5</ele>
   </trkpt>
   <trkpt lat="4.8057360" lon="-75.6597650">
    <ele>1534.5</ele>
   </trkpt>
   <trkpt lat="4.8057360" lon="-75.6597650">
    <ele>1534.5</ele>
   </trkpt>
   <trkpt lat="4.8057360" lon="-75.6597650">
    <ele>1534.5</ele>
   </trkpt>
   <trkpt lat="4.8057290" lon="-75.6597490">
    <ele>1534.6</ele>
   </trkpt>
   <trkpt lat="4.8057290" lon="-75.6597490">
    <ele>1534.6</ele>
   </trkpt>
   <trkpt lat="4.8057290" lon="-75.6597490">
    <ele>1534.6</ele>
   </trkpt>
   <trkpt lat="4.8057290" lon="-75.6597490">
    <ele>1534.6</ele>
   </trkpt>
   <trkpt lat="4.8057230" lon="-75.6597360">
    <ele>1534.7</ele>
   </trkpt>
   <trkpt lat="4.8057230" lon="-75.6597360">
    <ele>1534.7</ele>
   </trkpt>
   <trkpt lat="4.8057230" lon="-75.6597360">
    <ele>1534.7</ele>
   </trkpt>
   <trkpt lat="4.8057230" lon="-75.6597360">
    <ele>1534.7</ele>
   </trkpt>
   <trkpt lat="4.8057230" lon="-75.6597360">
    <ele>1534.7</ele>
   </trkpt>
   <trkpt lat="4.8057170" lon="-75.6597210">
    <ele>1534.8</ele>
   </trkpt>
   <trkpt lat="4.8057170" lon="-75.6597210">
    <ele>1534.8</ele>
   </trkpt>
   <trkpt lat="4.8057170" lon="-75.6597210">
    <ele>1534.8</ele>
   </trkpt>
   <trkpt lat="4.8057170" lon="-75.6597210">
    <ele>1534.8</ele>
   </trkpt>
   <trkpt lat="4.8057170" lon="-75.6597210">
    <ele>1534.8</ele>
   </trkpt>
   <trkpt lat="4.8057170" lon="-75.6597210">
    <ele>1534.8</ele>
   </trkpt>
   <trkpt lat="4.8057110" lon="-75.6597080">
    <ele>1534.9</ele>
   </trkpt>
   <trkpt lat="4.8057110" lon="-75.6597080">
    <ele>1534.9</ele>
   </trkpt>
   <trkpt lat="4.8057110" lon="-75.6597080">
    <ele>1534.9</ele>
   </trkpt>
   <trkpt lat="4.8057110" lon="-75.6597080">
    <ele>1534.9</ele>
   </trkpt>
   <trkpt lat="4.8057110" lon="-75.6597080">
    <ele>1534.9</ele>
   </trkpt>
   <trkpt lat="4.8057110" lon="-75.6597080">
    <ele>1534.9</ele>
   </trkpt>
   <trkpt lat="4.8057110" lon="-75.6597080">
    <ele>1534.9</ele>
   </trkpt>
   <trkpt lat="4.8057050" lon="-75.6596930">
    <ele>1535.1</ele>
   </trkpt>
   <trkpt lat="4.8057050" lon="-75.6596930">
    <ele>1535.1</ele>
   </trkpt>
   <trkpt lat="4.8057050" lon="-75.6596930">
    <ele>1535.1</ele>
   </trkpt>
   <trkpt lat="4.8057050" lon="-75.6596930">
    <ele>1535.1</ele>
   </trkpt>
   <trkpt lat="4.8057050" lon="-75.6596930">
    <ele>1535.1</ele>
   </trkpt>
   <trkpt lat="4.8057050" lon="-75.6596930">
    <ele>1535.1</ele>
   </trkpt>
   <trkpt lat="4.8056980" lon="-75.6596780">
    <ele>1535.2</ele>
   </trkpt>
   <trkpt lat="4.8056980" lon="-75.6596780">
    <ele>1535.2</ele>
   </trkpt>
   <trkpt lat="4.8056980" lon="-75.6596780">
    <ele>1535.2</ele>
   </trkpt>
   <trkpt lat="4.8056980" lon="-75.6596780">
    <ele>1535.2</ele>
   </trkpt>
   <trkpt lat="4.8056980" lon="-75.6596780">
    <ele>1535.2</ele>
   </trkpt>
   <trkpt lat="4.8056980" lon="-75.6596780">
    <ele>1535.2</ele>
   </trkpt>
   <trkpt lat="4.8056980" lon="-75.6596780">
    <ele>1535.2</ele>
   </trkpt>
   <trkpt lat="4.8056920" lon="-75.6596620">
    <ele>1535.3</ele>
   </trkpt>
   <trkpt lat="4.8056920" lon="-75.6596620">
    <ele>1535.3</ele>
   </trkpt>
   <trkpt lat="4.8056920" lon="-75.6596620">
    <ele>1535.3</ele>
   </trkpt>
   <trkpt lat="4.8056920" lon="-75.6596620">
    <ele>1535.3</ele>
   </trkpt>
   <trkpt lat="4.8056920" lon="-75.6596620">
    <ele>1535.3</ele>
   </trkpt>
   <trkpt lat="4.8056860" lon="-75.6596480">
    <ele>1535.4</ele>
   </trkpt>
   <trkpt lat="4.8056860" lon="-75.6596480">
    <ele>1535.4</ele>
   </trkpt>
   <trkpt lat="4.8056860" lon="-75.6596480">
    <ele>1535.4</ele>
   </trkpt>
   <trkpt lat="4.8056860" lon="-75.6596480">
    <ele>1535.4</ele>
   </trkpt>
   <trkpt lat="4.8056790" lon="-75.6596330">
    <ele>1535.6</ele>
   </trkpt>
   <trkpt lat="4.8056790" lon="-75.6596330">
    <ele>1535.6</ele>
   </trkpt>
   <trkpt lat="4.8056790" lon="-75.6596330">
    <ele>1535.6</ele>
   </trkpt>
   <trkpt lat="4.8056790" lon="-75.6596330">
    <ele>1535.6</ele>
   </trkpt>
   <trkpt lat="4.8056790" lon="-75.6596330">
    <ele>1535.6</ele>
   </trkpt>
   <trkpt lat="4.8056730" lon="-75.6596200">
    <ele>1535.7</ele>
   </trkpt>
   <trkpt lat="4.8056730" lon="-75.6596200">
    <ele>1535.7</ele>
   </trkpt>
   <trkpt lat="4.8056730" lon="-75.6596200">
    <ele>1535.7</ele>
   </trkpt>
   <trkpt lat="4.8056730" lon="-75.6596200">
    <ele>1535.7</ele>
   </trkpt>
   <trkpt lat="4.8056730" lon="-75.6596200">
    <ele>1535.7</ele>
   </trkpt>
   <trkpt lat="4.8056730" lon="-75.6596200">
    <ele>1535.7</ele>
   </trkpt>
   <trkpt lat="4.8056670" lon="-75.6596050">
    <ele>1535.9</ele>
   </trkpt>
   <trkpt lat="4.8056670" lon="-75.6596050">
    <ele>1535.9</ele>
   </trkpt>
   <trkpt lat="4.8056670" lon="-75.6596050">
    <ele>1535.9</ele>
   </trkpt>
   <trkpt lat="4.8056670" lon="-75.6596050">
    <ele>1535.9</ele>
   </trkpt>
   <trkpt lat="4.8056600" lon="-75.6595890">
    <ele>1536.0</ele>
   </trkpt>
   <trkpt lat="4.8056600" lon="-75.6595890">
    <ele>1536.0</ele>
   </trkpt>
   <trkpt lat="4.8056600" lon="-75.6595890">
    <ele>1536.0</ele>
   </trkpt>
   <trkpt lat="4.8056600" lon="-75.6595890">
    <ele>1536.0</ele>
   </trkpt>
   <trkpt lat="4.8056540" lon="-75.6595740">
    <ele>1536.2</ele>
   </trkpt>
   <trkpt lat="4.8056540" lon="-75.6595740">
    <ele>1536.2</ele>
   </trkpt>
   <trkpt lat="4.8056540" lon="-75.6595740">
    <ele>1536.2</ele>
   </trkpt>
   <trkpt lat="4.8056540" lon="-75.6595740">
    <ele>1536.2</ele>
   </trkpt>
   <trkpt lat="4.8056460" lon="-75.6595570">
    <ele>1536.4</ele>
   </trkpt>
   <trkpt lat="4.8056460" lon="-75.6595570">
    <ele>1536.4</ele>
   </trkpt>
   <trkpt lat="4.8056460" lon="-75.6595570">
    <ele>1536.4</ele>
   </trkpt>
   <trkpt lat="4.8056460" lon="-75.6595570">
    <ele>1536.4</ele>
   </trkpt>
   <trkpt lat="4.8056400" lon="-75.6595420">
    <ele>1536.6</ele>
   </trkpt>
   <trkpt lat="4.8056400" lon="-75.6595420">
    <ele>1536.6</ele>
   </trkpt>
   <trkpt lat="4.8056400" lon="-75.6595420">
    <ele>1536.6</ele>
   </trkpt>
   <trkpt lat="4.8056400" lon="-75.6595420">
    <ele>1536.6</ele>
   </trkpt>
   <trkpt lat="4.8056330" lon="-75.6595260">
    <ele>1536.8</ele>
   </trkpt>
   <trkpt lat="4.8056330" lon="-75.6595260">
    <ele>1536.8</ele>
   </trkpt>
   <trkpt lat="4.8056330" lon="-75.6595260">
    <ele>1536.8</ele>
   </trkpt>
   <trkpt lat="4.8056250" lon="-75.6595090">
    <ele>1537.0</ele>
   </trkpt>
   <trkpt lat="4.8056250" lon="-75.6595090">
    <ele>1537.0</ele>
   </trkpt>
   <trkpt lat="4.8056250" lon="-75.6595090">
    <ele>1537.0</ele>
   </trkpt>
   <trkpt lat="4.8056250" lon="-75.6595090">
    <ele>1537.0</ele>
   </trkpt>
   <trkpt lat="4.8056250" lon="-75.6595090">
    <ele>1537.0</ele>
   </trkpt>
   <trkpt lat="4.8056180" lon="-75.6594920">
    <ele>1537.2</ele>
   </trkpt>
   <trkpt lat="4.8056160" lon="-75.6594870">
    <ele>1537.3</ele>
   </trkpt>
   <trkpt lat="4.8056140" lon="-75.6594830">
    <ele>1537.3</ele>
   </trkpt>
   <trkpt lat="4.8056120" lon="-75.6594780">
    <ele>1537.4</ele>
   </trkpt>
   <trkpt lat="4.8056100" lon="-75.6594730">
    <ele>1537.4</ele>
   </trkpt>
   <trkpt lat="4.8056100" lon="-75.6594730">
    <ele>1537.4</ele>
   </trkpt>
   <trkpt lat="4.8056100" lon="-75.6594730">
    <ele>1537.4</ele>
   </trkpt>
   <trkpt lat="4.8056100" lon="-75.6594730">
    <ele>1537.4</ele>
   </trkpt>
   <trkpt lat="4.8056030" lon="-75.6594570">
    <ele>1537.6</ele>
   </trkpt>
   <trkpt lat="4.8056030" lon="-75.6594570">
    <ele>1537.6</ele>
   </trkpt>
   <trkpt lat="4.8056030" lon="-75.6594570">
    <ele>1537.6</ele>
   </trkpt>
   <trkpt lat="4.8055960" lon="-75.6594400">
    <ele>1537.9</ele>
   </trkpt>
   <trkpt lat="4.8055710" lon="-75.6593820">
    <ele>1538.6</ele>
   </trkpt>
   <trkpt lat="4.8055690" lon="-75.6593780">
    <ele>1538.7</ele>
   </trkpt>
   <trkpt lat="4.8054370" lon="-75.6592700">
    <ele>1540.7</ele>
   </trkpt>
   <trkpt lat="4.8053740" lon="-75.6592200">
    <ele>1541.7</ele>
   </trkpt>
   <trkpt lat="4.8053500" lon="-75.6592010">
    <ele>1542.0</ele>
   </trkpt>
   <trkpt lat="4.8053420" lon="-75.6591940">
    <ele>1542.1</ele>
   </trkpt>
   <trkpt lat="4.8053350" lon="-75.6591890">
    <ele>1542.2</ele>
   </trkpt>
   <trkpt lat="4.8053280" lon="-75.6591850">
    <ele>1542.3</ele>
   </trkpt>
   <trkpt lat="4.8053220" lon="-75.6591810">
    <ele>1542.3</ele>
   </trkpt>
   <trkpt lat="4.8053140" lon="-75.6591750">
    <ele>1542.4</ele>
   </trkpt>
   <trkpt lat="4.8053090" lon="-75.6591730">
    <ele>1542.5</ele>
   </trkpt>
   <trkpt lat="4.8053030" lon="-75.6591690">
    <ele>1542.6</ele>
   </trkpt>
   <trkpt lat="4.8052970" lon="-75.6591660">
    <ele>1542.6</ele>
   </trkpt>
   <trkpt lat="4.8052920" lon="-75.6591620">
    <ele>1542.7</ele>
   </trkpt>
   <trkpt lat="4.8052870" lon="-75.6591590">
    <ele>1542.8</ele>
   </trkpt>
   <trkpt lat="4.8052810" lon="-75.6591560">
    <ele>1542.8</ele>
   </trkpt>
   <trkpt lat="4.8052760" lon="-75.6591520">
    <ele>1542.9</ele>
   </trkpt>
   <trkpt lat="4.8052700" lon="-75.6591490">
    <ele>1543.0</ele>
   </trkpt>
   <trkpt lat="4.8052640" lon="-75.6591460">
    <ele>1543.0</ele>
   </trkpt>
   <trkpt lat="4.8052580" lon="-75.6591440">
    <ele>1543.1</ele>
   </trkpt>
   <trkpt lat="4.8052520" lon="-75.6591420">
    <ele>1543.1</ele>
   </trkpt>
   <trkpt lat="4.8052490" lon="-75.6591510">
    <ele>1543.2</ele>
   </trkpt>
   <trkpt lat="4.8052510" lon="-75.6591550">
    <ele>1543.3</ele>
   </trkpt>
   <trkpt lat="4.8052510" lon="-75.6591610">
    <ele>1543.3</ele>
   </trkpt>
   <trkpt lat="4.8052550" lon="-75.6591660">
    <ele>1543.4</ele>
   </trkpt>
   <trkpt lat="4.8052540" lon="-75.6591670">
    <ele>1543.4</ele>
   </trkpt>
   <trkpt lat="4.8052560" lon="-75.6591730">
    <ele>1543.5</ele>
   </trkpt>
   <trkpt lat="4.8052530" lon="-75.6591750">
    <ele>1543.5</ele>
   </trkpt>
   <trkpt lat="4.8052520" lon="-75.6591780">
    <ele>1543.5</ele>
   </trkpt>
   <trkpt lat="4.8052530" lon="-75.6591810">
    <ele>1543.5</ele>
   </trkpt>
   <trkpt lat="4.8052540" lon="-75.6591850">
    <ele>1543.6</ele>
   </trkpt>
   <trkpt lat="4.8052450" lon="-75.6591840">
    <ele>1543.7</ele>
   </trkpt>
   <trkpt lat="4.8052440" lon="-75.6591880">
    <ele>1543.7</ele>
   </trkpt>
   <trkpt lat="4.8052310" lon="-75.6591910">
    <ele>1543.8</ele>
   </trkpt>
   <trkpt lat="4.8052290" lon="-75.6591970">
    <ele>1543.9</ele>
   </trkpt>
   <trkpt lat="4.8052190" lon="-75.6591990">
    <ele>1544.0</ele>
   </trkpt>
   <trkpt lat="4.8052120" lon="-75.6592000">
    <ele>1544.0</ele>
   </trkpt>
   <trkpt lat="4.8052060" lon="-75.6592030">
    <ele>1544.1</ele>
   </trkpt>
   <trkpt lat="4.8052000" lon="-75.6592040">
    <ele>1544.1</ele>
   </trkpt>
   <trkpt lat="4.8051970" lon="-75.6592100">
    <ele>1544.2</ele>
   </trkpt>
   <trkpt lat="4.8051920" lon="-75.6592090">
    <ele>1544.2</ele>
   </trkpt>
   <trkpt lat="4.8051890" lon="-75.6592130">
    <ele>1544.3</ele>
   </trkpt>
   <trkpt lat="4.8051860" lon="-75.6592110">
    <ele>1544.3</ele>
   </trkpt>
   <trkpt lat="4.8051820" lon="-75.6592110">
    <ele>1544.3</ele>
   </trkpt>
   <trkpt lat="4.8051780" lon="-75.6592140">
    <ele>1544.4</ele>
   </trkpt>
   <trkpt lat="4.8051710" lon="-75.6592160">
    <ele>1544.4</ele>
   </trkpt>
   <trkpt lat="4.8051620" lon="-75.6592190">
    <ele>1544.5</ele>
   </trkpt>
   <trkpt lat="4.8051560" lon="-75.6592200">
    <ele>1544.5</ele>
   </trkpt>
   <trkpt lat="4.8051470" lon="-75.6592230">
    <ele>1544.6</ele>
   </trkpt>
   <trkpt lat="4.8051390" lon="-75.6592280">
    <ele>1544.7</ele>
   </trkpt>
   <trkpt lat="4.8051280" lon="-75.6592290">
    <ele>1544.8</ele>
   </trkpt>
   <trkpt lat="4.8051160" lon="-75.6592310">
    <ele>1544.9</ele>
   </trkpt>
   <trkpt lat="4.8050970" lon="-75.6592320">
    <ele>1545.0</ele>
   </trkpt>
   <trkpt lat="4.8050910" lon="-75.6592330">
    <ele>1545.0</ele>
   </trkpt>
   <trkpt lat="4.8050750" lon="-75.6592290">
    <ele>1545.2</ele>
   </trkpt>
   <trkpt lat="4.8050620" lon="-75.6592230">
    <ele>1545.3</ele>
   </trkpt>
   <trkpt lat="4.8050490" lon="-75.6592160">
    <ele>1545.4</ele>
   </trkpt>
   <trkpt lat="4.8050410" lon="-75.6592110">
    <ele>1545.4</ele>
   </trkpt>
   <trkpt lat="4.8050270" lon="-75.6591970">
    <ele>1545.6</ele>
   </trkpt>
   <trkpt lat="4.8050170" lon="-75.6591810">
    <ele>1545.7</ele>
   </trkpt>
   <trkpt lat="4.8050120" lon="-75.6591700">
    <ele>1545.8</ele>
   </trkpt>
   <trkpt lat="4.8050070" lon="-75.6591580">
    <ele>1545.8</ele>
   </trkpt>
   <trkpt lat="4.8050070" lon="-75.6591580">
    <ele>1545.8</ele>
   </trkpt>
   <trkpt lat="4.8050070" lon="-75.6591580">
    <ele>1545.8</ele>
   </trkpt>
   <trkpt lat="4.8049950" lon="-75.6591290">
    <ele>1546.0</ele>
   </trkpt>
   <trkpt lat="4.8049950" lon="-75.6591290">
    <ele>1546.0</ele>
   </trkpt>
   <trkpt lat="4.8049950" lon="-75.6591290">
    <ele>1546.0</ele>
   </trkpt>
   <trkpt lat="4.8049950" lon="-75.6591290">
    <ele>1546.0</ele>
   </trkpt>
   <trkpt lat="4.8049810" lon="-75.6590970">
    <ele>1546.3</ele>
   </trkpt>
   <trkpt lat="4.8049810" lon="-75.6590970">
    <ele>1546.3</ele>
   </trkpt>
   <trkpt lat="4.8049810" lon="-75.6590970">
    <ele>1546.3</ele>
   </trkpt>
   <trkpt lat="4.8049810" lon="-75.6590970">
    <ele>1546.3</ele>
   </trkpt>
   <trkpt lat="4.8049670" lon="-75.6590640">
    <ele>1546.5</ele>
   </trkpt>
   <trkpt lat="4.8049540" lon="-75.6590320">
    <ele>1546.7</ele>
   </trkpt>
   <trkpt lat="4.8049490" lon="-75.6590210">
    <ele>1546.7</ele>
   </trkpt>
   <trkpt lat="4.8049450" lon="-75.6590110">
    <ele>1546.8</ele>
   </trkpt>
   <trkpt lat="4.8049400" lon="-75.6590000">
    <ele>1546.9</ele>
   </trkpt>
   <trkpt lat="4.8049620" lon="-75.6589480">
    <ele>1547.3</ele>
   </trkpt>
   <trkpt lat="4.8049620" lon="-75.6589480">
    <ele>1547.4</ele>
   </trkpt>
   <trkpt lat="4.8049620" lon="-75.6589480">
    <ele>1547.5</ele>
   </trkpt>
   <trkpt lat="4.8049620" lon="-75.6589480">
    <ele>1547.7</ele>
   </trkpt>
   <trkpt lat="4.8049830" lon="-75.6589320">
    <ele>1547.6</ele>
   </trkpt>
   <trkpt lat="4.8049920" lon="-75.6589250">
    <ele>1547.7</ele>
   </trkpt>
   <trkpt lat="4.8050010" lon="-75.6589180">
    <ele>1547.8</ele>
   </trkpt>
   <trkpt lat="4.8050100" lon="-75.6589120">
    <ele>1548.0</ele>
   </trkpt>
   <trkpt lat="4.8050190" lon="-75.6589050">
    <ele>1548.1</ele>
   </trkpt>
   <trkpt lat="4.8050280" lon="-75.6588980">
    <ele>1548.2</ele>
   </trkpt>
   <trkpt lat="4.8053920" lon="-75.6587560">
    <ele>1543.1</ele>
   </trkpt>
   <trkpt lat="4.8057610" lon="-75.6583690">
    <ele>1539.3</ele>
   </trkpt>
   <trkpt lat="4.8057610" lon="-75.6583690">
    <ele>1539.4</ele>
   </trkpt>
   <trkpt lat="4.8057610" lon="-75.6583690">
    <ele>1539.6</ele>
   </trkpt>
   <trkpt lat="4.8048530" lon="-75.6587230">
    <ele>1549.4</ele>
   </trkpt>
   <trkpt lat="4.8048520" lon="-75.6587160">
    <ele>1549.5</ele>
   </trkpt>
   <trkpt lat="4.8048490" lon="-75.6587100">
    <ele>1549.6</ele>
   </trkpt>
   <trkpt lat="4.8048460" lon="-75.6587020">
    <ele>1549.6</ele>
   </trkpt>
   <trkpt lat="4.8048420" lon="-75.6586940">
    <ele>1549.7</ele>
   </trkpt>
   <trkpt lat="4.8048420" lon="-75.6586930">
    <ele>1549.7</ele>
   </trkpt>
   <trkpt lat="4.8048400" lon="-75.6586880">
    <ele>1549.8</ele>
   </trkpt>
   <trkpt lat="4.8048400" lon="-75.6586750">
    <ele>1549.9</ele>
   </trkpt>
   <trkpt lat="4.8048320" lon="-75.6586510">
    <ele>1550.2</ele>
   </trkpt>
   <trkpt lat="4.8048270" lon="-75.6586430">
    <ele>1550.3</ele>
   </trkpt>
   <trkpt lat="4.8048250" lon="-75.6586410">
    <ele>1550.3</ele>
   </trkpt>
   <trkpt lat="4.8048250" lon="-75.6586400">
    <ele>1550.3</ele>
   </trkpt>
   <trkpt lat="4.8048230" lon="-75.6586350">
    <ele>1550.4</ele>
   </trkpt>
   <trkpt lat="4.8048200" lon="-75.6586300">
    <ele>1550.4</ele>
   </trkpt>
   <trkpt lat="4.8048170" lon="-75.6586210">
    <ele>1550.5</ele>
   </trkpt>
   <trkpt lat="4.8048140" lon="-75.6586130">
    <ele>1550.6</ele>
   </trkpt>
   <trkpt lat="4.8048100" lon="-75.6586070">
    <ele>1550.7</ele>
   </trkpt>
   <trkpt lat="4.8048060" lon="-75.6586020">
    <ele>1550.7</ele>
   </trkpt>
   <trkpt lat="4.8048020" lon="-75.6585970">
    <ele>1550.8</ele>
   </trkpt>
   <trkpt lat="4.8047980" lon="-75.6585910">
    <ele>1550.9</ele>
   </trkpt>
   <trkpt lat="4.8047930" lon="-75.6585850">
    <ele>1551.0</ele>
   </trkpt>
   <trkpt lat="4.8047910" lon="-75.6585810">
    <ele>1551.0</ele>
   </trkpt>
   <trkpt lat="4.8047880" lon="-75.6585760">
    <ele>1551.1</ele>
   </trkpt>
   <trkpt lat="4.8047850" lon="-75.6585730">
    <ele>1551.1</ele>
   </trkpt>
   <trkpt lat="4.8047820" lon="-75.6585690">
    <ele>1551.2</ele>
   </trkpt>
   <trkpt lat="4.8047790" lon="-75.6585640">
    <ele>1551.3</ele>
   </trkpt>
   <trkpt lat="4.8047730" lon="-75.6585530">
    <ele>1551.4</ele>
   </trkpt>
   <trkpt lat="4.8047700" lon="-75.6585450">
    <ele>1551.5</ele>
   </trkpt>
   <trkpt lat="4.8047660" lon="-75.6585350">
    <ele>1551.6</ele>
   </trkpt>
   <trkpt lat="4.8047600" lon="-75.6585240">
    <ele>1551.8</ele>
   </trkpt>
   <trkpt lat="4.8047550" lon="-75.6585140">
    <ele>1551.9</ele>
   </trkpt>
   <trkpt lat="4.8047500" lon="-75.6585020">
    <ele>1552.1</ele>
   </trkpt>
   <trkpt lat="4.8047460" lon="-75.6584930">
    <ele>1552.2</ele>
   </trkpt>
   <trkpt lat="4.8047420" lon="-75.6584830">
    <ele>1552.3</ele>
   </trkpt>
   <trkpt lat="4.8047370" lon="-75.6584750">
    <ele>1552.4</ele>
   </trkpt>
   <trkpt lat="4.8047330" lon="-75.6584710">
    <ele>1552.4</ele>
   </trkpt>
   <trkpt lat="4.8047260" lon="-75.6584660">
    <ele>1552.5</ele>
   </trkpt>
   <trkpt lat="4.8047250" lon="-75.6584560">
    <ele>1552.6</ele>
   </trkpt>
   <trkpt lat="4.8047250" lon="-75.6584440">
    <ele>1552.7</ele>
   </trkpt>
   <trkpt lat="4.8047250" lon="-75.6584320">
    <ele>1552.8</ele>
   </trkpt>
   <trkpt lat="4.8047230" lon="-75.6584220">
    <ele>1552.9</ele>
   </trkpt>
   <trkpt lat="4.8047210" lon="-75.6584100">
    <ele>1553.0</ele>
   </trkpt>
   <trkpt lat="4.8047200" lon="-75.6584020">
    <ele>1553.1</ele>
   </trkpt>
   <trkpt lat="4.8047190" lon="-75.6583920">
    <ele>1553.2</ele>
   </trkpt>
   <trkpt lat="4.8047180" lon="-75.6583830">
    <ele>1553.3</ele>
   </trkpt>
   <trkpt lat="4.8047160" lon="-75.6583750">
    <ele>1553.4</ele>
   </trkpt>
   <trkpt lat="4.8047140" lon="-75.6583650">
    <ele>1553.5</ele>
   </trkpt>
   <trkpt lat="4.8047120" lon="-75.6583540">
    <ele>1553.6</ele>
   </trkpt>
   <trkpt lat="4.8047090" lon="-75.6583440">
    <ele>1553.7</ele>
   </trkpt>
   <trkpt lat="4.8047070" lon="-75.6583350">
    <ele>1553.8</ele>
   </trkpt>
   <trkpt lat="4.8047060" lon="-75.6583200">
    <ele>1554.0</ele>
   </trkpt>
   <trkpt lat="4.8047030" lon="-75.6583130">
    <ele>1554.0</ele>
   </trkpt>
   <trkpt lat="4.8047010" lon="-75.6583050">
    <ele>1554.1</ele>
   </trkpt>
   <trkpt lat="4.8047000" lon="-75.6582950">
    <ele>1554.2</ele>
   </trkpt>
   <trkpt lat="4.8047060" lon="-75.6582830">
    <ele>1554.4</ele>
   </trkpt>
   <trkpt lat="4.8047050" lon="-75.6582720">
    <ele>1554.5</ele>
   </trkpt>
   <trkpt lat="4.8047060" lon="-75.6582750">
    <ele>1554.5</ele>
   </trkpt>
   <trkpt lat="4.8047070" lon="-75.6582720">
    <ele>1554.6</ele>
   </trkpt>
   <trkpt lat="4.8047340" lon="-75.6583750">
    <ele>1555.8</ele>
   </trkpt>
   <trkpt lat="4.8047710" lon="-75.6585260">
    <ele>1557.7</ele>
   </trkpt>
   <trkpt lat="4.8047410" lon="-75.6584420">
    <ele>1558.9</ele>
   </trkpt>
   <trkpt lat="4.8047150" lon="-75.6583710">
    <ele>1559.9</ele>
   </trkpt>
   <trkpt lat="4.8046850" lon="-75.6582870">
    <ele>1561.1</ele>
   </trkpt>
   <trkpt lat="4.8046400" lon="-75.6581610">
    <ele>1563.0</ele>
   </trkpt>
   <trkpt lat="4.8045990" lon="-75.6580480">
    <ele>1564.6</ele>
   </trkpt>
   <trkpt lat="4.8045640" lon="-75.6579500">
    <ele>1565.9</ele>
   </trkpt>
   <trkpt lat="4.8045540" lon="-75.6579220">
    <ele>1566.2</ele>
   </trkpt>
   <trkpt lat="4.8045530" lon="-75.6579110">
    <ele>1566.3</ele>
   </trkpt>
   <trkpt lat="4.8045520" lon="-75.6579150">
    <ele>1566.4</ele>
   </trkpt>
   <trkpt lat="4.8045490" lon="-75.6579130">
    <ele>1566.4</ele>
   </trkpt>
   <trkpt lat="4.8045460" lon="-75.6579100">
    <ele>1566.4</ele>
   </trkpt>
   <trkpt lat="4.8045480" lon="-75.6579110">
    <ele>1566.5</ele>
   </trkpt>
   <trkpt lat="4.8045510" lon="-75.6578990">
    <ele>1566.6</ele>
   </trkpt>
   <trkpt lat="4.8045540" lon="-75.6578890">
    <ele>1566.7</ele>
   </trkpt>
   <trkpt lat="4.8045590" lon="-75.6578780">
    <ele>1566.8</ele>
   </trkpt>
   <trkpt lat="4.8045610" lon="-75.6578690">
    <ele>1566.9</ele>
   </trkpt>
   <trkpt lat="4.8045670" lon="-75.6578550">
    <ele>1567.1</ele>
   </trkpt>
   <trkpt lat="4.8045750" lon="-75.6578460">
    <ele>1567.2</ele>
   </trkpt>
   <trkpt lat="4.8045600" lon="-75.6578090">
    <ele>1567.6</ele>
   </trkpt>
   <trkpt lat="4.8045500" lon="-75.6577900">
    <ele>1567.8</ele>
   </trkpt>
   <trkpt lat="4.8045580" lon="-75.6577680">
    <ele>1568.0</ele>
   </trkpt>
   <trkpt lat="4.8045580" lon="-75.6577680">
    <ele>1568.0</ele>
   </trkpt>
   <trkpt lat="4.8045580" lon="-75.6577680">
    <ele>1568.0</ele>
   </trkpt>
   <trkpt lat="4.8045580" lon="-75.6577680">
    <ele>1568.0</ele>
   </trkpt>
   <trkpt lat="4.8045580" lon="-75.6577680">
    <ele>1568.0</ele>
   </trkpt>
   <trkpt lat="4.8045650" lon="-75.6577490">
    <ele>1568.2</ele>
   </trkpt>
   <trkpt lat="4.8045650" lon="-75.6577490">
    <ele>1568.2</ele>
   </trkpt>
   <trkpt lat="4.8045650" lon="-75.6577490">
    <ele>1568.2</ele>
   </trkpt>
   <trkpt lat="4.8045650" lon="-75.6577490">
    <ele>1568.2</ele>
   </trkpt>
   <trkpt lat="4.8045650" lon="-75.6577490">
    <ele>1568.2</ele>
   </trkpt>
   <trkpt lat="4.8045720" lon="-75.6577270">
    <ele>1568.5</ele>
   </trkpt>
   <trkpt lat="4.8045720" lon="-75.6577270">
    <ele>1568.5</ele>
   </trkpt>
   <trkpt lat="4.8045720" lon="-75.6577270">
    <ele>1568.5</ele>
   </trkpt>
   <trkpt lat="4.8045800" lon="-75.6577070">
    <ele>1568.7</ele>
   </trkpt>
   <trkpt lat="4.8045840" lon="-75.6576940">
    <ele>1568.8</ele>
   </trkpt>
   <trkpt lat="4.8045870" lon="-75.6576880">
    <ele>1568.9</ele>
   </trkpt>
   <trkpt lat="4.8045890" lon="-75.6576820">
    <ele>1568.9</ele>
   </trkpt>
   <trkpt lat="4.8045890" lon="-75.6576820">
    <ele>1568.9</ele>
   </trkpt>
   <trkpt lat="4.8045890" lon="-75.6576820">
    <ele>1568.9</ele>
   </trkpt>
   <trkpt lat="4.8045890" lon="-75.6576820">
    <ele>1568.9</ele>
   </trkpt>
   <trkpt lat="4.8045890" lon="-75.6576820">
    <ele>1568.9</ele>
   </trkpt>
   <trkpt lat="4.8045890" lon="-75.6576820">
    <ele>1568.9</ele>
   </trkpt>
   <trkpt lat="4.8045890" lon="-75.6576820">
    <ele>1568.9</ele>
   </trkpt>
   <trkpt lat="4.8045970" lon="-75.6576590">
    <ele>1569.2</ele>
   </trkpt>
   <trkpt lat="4.8045970" lon="-75.6576590">
    <ele>1569.2</ele>
   </trkpt>
   <trkpt lat="4.8045970" lon="-75.6576590">
    <ele>1569.2</ele>
   </trkpt>
   <trkpt lat="4.8045970" lon="-75.6576590">
    <ele>1569.2</ele>
   </trkpt>
   <trkpt lat="4.8046050" lon="-75.6576380">
    <ele>1569.4</ele>
   </trkpt>
   <trkpt lat="4.8046050" lon="-75.6576380">
    <ele>1569.4</ele>
   </trkpt>
   <trkpt lat="4.8046050" lon="-75.6576380">
    <ele>1569.4</ele>
   </trkpt>
   <trkpt lat="4.8046110" lon="-75.6576210">
    <ele>1569.6</ele>
   </trkpt>
   <trkpt lat="4.8046110" lon="-75.6576210">
    <ele>1569.6</ele>
   </trkpt>
   <trkpt lat="4.8046110" lon="-75.6576210">
    <ele>1569.6</ele>
   </trkpt>
   <trkpt lat="4.8046110" lon="-75.6576210">
    <ele>1569.6</ele>
   </trkpt>
   <trkpt lat="4.8046180" lon="-75.6576020">
    <ele>1569.8</ele>
   </trkpt>
   <trkpt lat="4.8046180" lon="-75.6576020">
    <ele>1569.8</ele>
   </trkpt>
   <trkpt lat="4.8046180" lon="-75.6576020">
    <ele>1569.8</ele>
   </trkpt>
   <trkpt lat="4.8046180" lon="-75.6576020">
    <ele>1569.8</ele>
   </trkpt>
   <trkpt lat="4.8046240" lon="-75.6575830">
    <ele>1570.0</ele>
   </trkpt>
   <trkpt lat="4.8046240" lon="-75.6575830">
    <ele>1570.0</ele>
   </trkpt>
   <trkpt lat="4.8046240" lon="-75.6575830">
    <ele>1570.0</ele>
   </trkpt>
   <trkpt lat="4.8046240" lon="-75.6575830">
    <ele>1570.0</ele>
   </trkpt>
   <trkpt lat="4.8046320" lon="-75.6575620">
    <ele>1570.2</ele>
   </trkpt>
   <trkpt lat="4.8046320" lon="-75.6575620">
    <ele>1570.2</ele>
   </trkpt>
   <trkpt lat="4.8046320" lon="-75.6575620">
    <ele>1570.2</ele>
   </trkpt>
   <trkpt lat="4.8046380" lon="-75.6575440">
    <ele>1570.4</ele>
   </trkpt>
   <trkpt lat="4.8046520" lon="-75.6575060">
    <ele>1570.8</ele>
   </trkpt>
   <trkpt lat="4.8046520" lon="-75.6575070">
    <ele>1570.8</ele>
   </trkpt>
   <trkpt lat="4.8046550" lon="-75.6575060">
    <ele>1570.9</ele>
   </trkpt>
   <trkpt lat="4.8046570" lon="-75.6575050">
    <ele>1570.9</ele>
   </trkpt>
   <trkpt lat="4.8046610" lon="-75.6575010">
    <ele>1570.9</ele>
   </trkpt>
   <trkpt lat="4.8046650" lon="-75.6574970">
    <ele>1571.0</ele>
   </trkpt>
   <trkpt lat="4.8046660" lon="-75.6574940">
    <ele>1571.0</ele>
   </trkpt>
   <trkpt lat="4.8046690" lon="-75.6574900">
    <ele>1571.1</ele>
   </trkpt>
   <trkpt lat="4.8046750" lon="-75.6574840">
    <ele>1571.2</ele>
   </trkpt>
   <trkpt lat="4.8046840" lon="-75.6574760">
    <ele>1571.3</ele>
   </trkpt>
   <trkpt lat="4.8046850" lon="-75.6574760">
    <ele>1571.3</ele>
   </trkpt>
   <trkpt lat="4.8046870" lon="-75.6574740">
    <ele>1571.4</ele>
   </trkpt>
   <trkpt lat="4.8046900" lon="-75.6574720">
    <ele>1571.4</ele>
   </trkpt>
   <trkpt lat="4.8046940" lon="-75.6574680">
    <ele>1571.5</ele>
   </trkpt>
   <trkpt lat="4.8047020" lon="-75.6574600">
    <ele>1571.6</ele>
   </trkpt>
   <trkpt lat="4.8046990" lon="-75.6574640">
    <ele>1571.6</ele>
   </trkpt>
   <trkpt lat="4.8046990" lon="-75.6574640">
    <ele>1571.6</ele>
   </trkpt>
   <trkpt lat="4.8047020" lon="-75.6574610">
    <ele>1571.7</ele>
   </trkpt>
   <trkpt lat="4.8047040" lon="-75.6574600">
    <ele>1571.7</ele>
   </trkpt>
   <trkpt lat="4.8047060" lon="-75.6574590">
    <ele>1571.7</ele>
   </trkpt>
   <trkpt lat="4.8047090" lon="-75.6574560">
    <ele>1571.8</ele>
   </trkpt>
   <trkpt lat="4.8047120" lon="-75.6574520">
    <ele>1571.8</ele>
   </trkpt>
   <trkpt lat="4.8047160" lon="-75.6574490">
    <ele>1571.9</ele>
   </trkpt>
   <trkpt lat="4.8047180" lon="-75.6574440">
    <ele>1571.9</ele>
   </trkpt>
   <trkpt lat="4.8047200" lon="-75.6574390">
    <ele>1572.0</ele>
   </trkpt>
   <trkpt lat="4.8047240" lon="-75.6574310">
    <ele>1572.1</ele>
   </trkpt>
   <trkpt lat="4.8047310" lon="-75.6574160">
    <ele>1572.3</ele>
   </trkpt>
   <trkpt lat="4.8047330" lon="-75.6574100">
    <ele>1572.4</ele>
   </trkpt>
   <trkpt lat="4.8047370" lon="-75.6574020">
    <ele>1572.5</ele>
   </trkpt>
   <trkpt lat="4.8047410" lon="-75.6573930">
    <ele>1572.6</ele>
   </trkpt>
   <trkpt lat="4.8047450" lon="-75.6573820">
    <ele>1572.7</ele>
   </trkpt>
   <trkpt lat="4.8047510" lon="-75.6573700">
    <ele>1572.9</ele>
   </trkpt>
   <trkpt lat="4.8047570" lon="-75.6573610">
    <ele>1573.0</ele>
   </trkpt>
   <trkpt lat="4.8047660" lon="-75.6573430">
    <ele>1573.2</ele>
   </trkpt>
   <trkpt lat="4.8047690" lon="-75.6573360">
    <ele>1573.3</ele>
   </trkpt>
   <trkpt lat="4.8047730" lon="-75.6573260">
    <ele>1573.4</ele>
   </trkpt>
   <trkpt lat="4.8047780" lon="-75.6573160">
    <ele>1573.5</ele>
   </trkpt>
   <trkpt lat="4.8047830" lon="-75.6573070">
    <ele>1573.7</ele>
   </trkpt>
   <trkpt lat="4.8047880" lon="-75.6572990">
    <ele>1573.8</ele>
   </trkpt>
   <trkpt lat="4.8047930" lon="-75.6572900">
    <ele>1573.9</ele>
   </trkpt>
   <trkpt lat="4.8047980" lon="-75.6572820">
    <ele>1574.0</ele>
   </trkpt>
   <trkpt lat="4.8048050" lon="-75.6572740">
    <ele>1574.1</ele>
   </trkpt>
   <trkpt lat="4.8048100" lon="-75.6572680">
    <ele>1574.2</ele>
   </trkpt>
   <trkpt lat="4.8048150" lon="-75.6572590">
    <ele>1574.4</ele>
   </trkpt>
   <trkpt lat="4.8048180" lon="-75.6572540">
    <ele>1574.4</ele>
   </trkpt>
   <trkpt lat="4.8048230" lon="-75.6572500">
    <ele>1574.5</ele>
   </trkpt>
   <trkpt lat="4.8048280" lon="-75.6572460">
    <ele>1574.6</ele>
   </trkpt>
   <trkpt lat="4.8048340" lon="-75.6572440">
    <ele>1574.7</ele>
   </trkpt>
   <trkpt lat="4.8048390" lon="-75.6572410">
    <ele>1574.7</ele>
   </trkpt>
   <trkpt lat="4.8048440" lon="-75.6572360">
    <ele>1574.8</ele>
   </trkpt>
   <trkpt lat="4.8048490" lon="-75.6572320">
    <ele>1574.9</ele>
   </trkpt>
   <trkpt lat="4.8048530" lon="-75.6572290">
    <ele>1575.0</ele>
   </trkpt>
   <trkpt lat="4.8048550" lon="-75.6572280">
    <ele>1575.0</ele>
   </trkpt>
   <trkpt lat="4.8048580" lon="-75.6572250">
    <ele>1575.0</ele>
   </trkpt>
   <trkpt lat="4.8048610" lon="-75.6572220">
    <ele>1575.1</ele>
   </trkpt>
   <trkpt lat="4.8048610" lon="-75.6572200">
    <ele>1575.1</ele>
   </trkpt>
   <trkpt lat="4.8048630" lon="-75.6572170">
    <ele>1575.2</ele>
   </trkpt>
   <trkpt lat="4.8048620" lon="-75.6572170">
    <ele>1575.2</ele>
   </trkpt>
   <trkpt lat="4.8048640" lon="-75.6572150">
    <ele>1575.2</ele>
   </trkpt>
   <trkpt lat="4.8048680" lon="-75.6572100">
    <ele>1575.3</ele>
   </trkpt>
   <trkpt lat="4.8048690" lon="-75.6572100">
    <ele>1575.3</ele>
   </trkpt>
   <trkpt lat="4.8048710" lon="-75.6572070">
    <ele>1575.3</ele>
   </trkpt>
   <trkpt lat="4.8048750" lon="-75.6572010">
    <ele>1575.4</ele>
   </trkpt>
   <trkpt lat="4.8048770" lon="-75.6572000">
    <ele>1575.4</ele>
   </trkpt>
   <trkpt lat="4.8048820" lon="-75.6571960">
    <ele>1575.5</ele>
   </trkpt>
   <trkpt lat="4.8048850" lon="-75.6571930">
    <ele>1575.6</ele>
   </trkpt>
   <trkpt lat="4.8048910" lon="-75.6571880">
    <ele>1575.7</ele>
   </trkpt>
   <trkpt lat="4.8048970" lon="-75.6571850">
    <ele>1575.8</ele>
   </trkpt>
   <trkpt lat="4.8049030" lon="-75.6571810">
    <ele>1575.8</ele>
   </trkpt>
   <trkpt lat="4.8049080" lon="-75.6571770">
    <ele>1575.9</ele>
   </trkpt>
   <trkpt lat="4.8049140" lon="-75.6571730">
    <ele>1576.0</ele>
   </trkpt>
   <trkpt lat="4.8049190" lon="-75.6571680">
    <ele>1576.1</ele>
   </trkpt>
   <trkpt lat="4.8049250" lon="-75.6571630">
    <ele>1576.2</ele>
   </trkpt>
   <trkpt lat="4.8049340" lon="-75.6571560">
    <ele>1576.3</ele>
   </trkpt>
   <trkpt lat="4.8049370" lon="-75.6571510">
    <ele>1576.4</ele>
   </trkpt>
   <trkpt lat="4.8049290" lon="-75.6571550">
    <ele>1576.5</ele>
   </trkpt>
   <trkpt lat="4.8049220" lon="-75.6571590">
    <ele>1576.6</ele>
   </trkpt>
   <trkpt lat="4.8049130" lon="-75.6571700">
    <ele>1576.8</ele>
   </trkpt>
   <trkpt lat="4.8049110" lon="-75.6571740">
    <ele>1576.9</ele>
   </trkpt>
   <trkpt lat="4.8049050" lon="-75.6571880">
    <ele>1577.1</ele>
   </trkpt>
   <trkpt lat="4.8049080" lon="-75.6571920">
    <ele>1577.2</ele>
   </trkpt>
   <trkpt lat="4.8049110" lon="-75.6571940">
    <ele>1577.2</ele>
   </trkpt>
   <trkpt lat="4.8049150" lon="-75.6571930">
    <ele>1577.3</ele>
   </trkpt>
   <trkpt lat="4.8049190" lon="-75.6571890">
    <ele>1577.3</ele>
   </trkpt>
   <trkpt lat="4.8049240" lon="-75.6571870">
    <ele>1577.4</ele>
   </trkpt>
   <trkpt lat="4.8049300" lon="-75.6571840">
    <ele>1577.5</ele>
   </trkpt>
   <trkpt lat="4.8049360" lon="-75.6571810">
    <ele>1577.6</ele>
   </trkpt>
   <trkpt lat="4.8049440" lon="-75.6571770">
    <ele>1577.7</ele>
   </trkpt>
   <trkpt lat="4.8049540" lon="-75.6571700">
    <ele>1577.9</ele>
   </trkpt>
   <trkpt lat="4.8049660" lon="-75.6571600">
    <ele>1578.1</ele>
   </trkpt>
   <trkpt lat="4.8049750" lon="-75.6571520">
    <ele>1578.2</ele>
   </trkpt>
   <trkpt lat="4.8049840" lon="-75.6571470">
    <ele>1578.4</ele>
   </trkpt>
   <trkpt lat="4.8049940" lon="-75.6571370">
    <ele>1578.6</ele>
   </trkpt>
   <trkpt lat="4.8050010" lon="-75.6571280">
    <ele>1578.7</ele>
   </trkpt>
   <trkpt lat="4.8050050" lon="-75.6571200">
    <ele>1578.8</ele>
   </trkpt>
   <trkpt lat="4.8050130" lon="-75.6571150">
    <ele>1578.9</ele>
   </trkpt>
   <trkpt lat="4.8050220" lon="-75.6571080">
    <ele>1579.1</ele>
   </trkpt>
   <trkpt lat="4.8050300" lon="-75.6571070">
    <ele>1579.2</ele>
   </trkpt>
   <trkpt lat="4.8050390" lon="-75.6571000">
    <ele>1579.4</ele>
   </trkpt>
   <trkpt lat="4.8050470" lon="-75.6570940">
    <ele>1579.5</ele>
   </trkpt>
   <trkpt lat="4.8050560" lon="-75.6570870">
    <ele>1579.6</ele>
   </trkpt>
   <trkpt lat="4.8050650" lon="-75.6570830">
    <ele>1579.8</ele>
   </trkpt>
   <trkpt lat="4.8050660" lon="-75.6570780">
    <ele>1579.8</ele>
   </trkpt>
   <trkpt lat="4.8050640" lon="-75.6570790">
    <ele>1579.9</ele>
   </trkpt>
   <trkpt lat="4.8050620" lon="-75.6570780">
    <ele>1579.9</ele>
   </trkpt>
   <trkpt lat="4.8050600" lon="-75.6570750">
    <ele>1579.9</ele>
   </trkpt>
   <trkpt lat="4.8050610" lon="-75.6570760">
    <ele>1580.0</ele>
   </trkpt>
   <trkpt lat="4.8050620" lon="-75.6570790">
    <ele>1580.0</ele>
   </trkpt>
   <trkpt lat="4.8050580" lon="-75.6570780">
    <ele>1580.1</ele>
   </trkpt>
   <trkpt lat="4.8050540" lon="-75.6570770">
    <ele>1580.1</ele>
   </trkpt>
   <trkpt lat="4.8050490" lon="-75.6570760">
    <ele>1580.2</ele>
   </trkpt>
   <trkpt lat="4.8050480" lon="-75.6570770">
    <ele>1580.2</ele>
   </trkpt>
   <trkpt lat="4.8050470" lon="-75.6570770">
    <ele>1580.2</ele>
   </trkpt>
   <trkpt lat="4.8050460" lon="-75.6570780">
    <ele>1580.2</ele>
   </trkpt>
   <trkpt lat="4.8050470" lon="-75.6570800">
    <ele>1580.3</ele>
   </trkpt>
   <trkpt lat="4.8050470" lon="-75.6570810">
    <ele>1580.3</ele>
   </trkpt>
   <trkpt lat="4.8050480" lon="-75.6570800">
    <ele>1580.3</ele>
   </trkpt>
   <trkpt lat="4.8050490" lon="-75.6570800">
    <ele>1580.3</ele>
   </trkpt>
   <trkpt lat="4.8050490" lon="-75.6570800">
    <ele>1580.3</ele>
   </trkpt>
   <trkpt lat="4.8050490" lon="-75.6570800">
    <ele>1580.3</ele>
   </trkpt>
   <trkpt lat="4.8050480" lon="-75.6570820">
    <ele>1580.3</ele>
   </trkpt>
   <trkpt lat="4.8050460" lon="-75.6570820">
    <ele>1580.4</ele>
   </trkpt>
   <trkpt lat="4.8050440" lon="-75.6570830">
    <ele>1580.4</ele>
   </trkpt>
   <trkpt lat="4.8050430" lon="-75.6570840">
    <ele>1580.4</ele>
   </trkpt>
   <trkpt lat="4.8050410" lon="-75.6570830">
    <ele>1580.4</ele>
   </trkpt>
   <trkpt lat="4.8050400" lon="-75.6570820">
    <ele>1580.4</ele>
   </trkpt>
   <trkpt lat="4.8050380" lon="-75.6570800">
    <ele>1580.5</ele>
   </trkpt>
   <trkpt lat="4.8050370" lon="-75.6570770">
    <ele>1580.5</ele>
   </trkpt>
   <trkpt lat="4.8050340" lon="-75.6570670">
    <ele>1580.7</ele>
   </trkpt>
   <trkpt lat="4.8050340" lon="-75.6570600">
    <ele>1580.7</ele>
   </trkpt>
   <trkpt lat="4.8050360" lon="-75.6570480">
    <ele>1580.9</ele>
   </trkpt>
   <trkpt lat="4.8050410" lon="-75.6570380">
    <ele>1581.0</ele>
   </trkpt>
   <trkpt lat="4.8050480" lon="-75.6570300">
    <ele>1581.2</ele>
   </trkpt>
   <trkpt lat="4.8050540" lon="-75.6570230">
    <ele>1581.3</ele>
   </trkpt>
   <trkpt lat="4.8050590" lon="-75.6570140">
    <ele>1581.4</ele>
   </trkpt>
   <trkpt lat="4.8050620" lon="-75.6570080">
    <ele>1581.5</ele>
   </trkpt>
   <trkpt lat="4.8050650" lon="-75.6570030">
    <ele>1581.6</ele>
   </trkpt>
   <trkpt lat="4.8050700" lon="-75.6570010">
    <ele>1581.6</ele>
   </trkpt>
   <trkpt lat="4.8050730" lon="-75.6570020">
    <ele>1581.7</ele>
   </trkpt>
   <trkpt lat="4.8050740" lon="-75.6570030">
    <ele>1581.7</ele>
   </trkpt>
   <trkpt lat="4.8050740" lon="-75.6570030">
    <ele>1581.7</ele>
   </trkpt>
   <trkpt lat="4.8050730" lon="-75.6570010">
    <ele>1581.7</ele>
   </trkpt>
   <trkpt lat="4.8050730" lon="-75.6570000">
    <ele>1581.7</ele>
   </trkpt>
   <trkpt lat="4.8050740" lon="-75.6569980">
    <ele>1581.8</ele>
   </trkpt>
   <trkpt lat="4.8050760" lon="-75.6569960">
    <ele>1581.8</ele>
   </trkpt>
   <trkpt lat="4.8050790" lon="-75.6569950">
    <ele>1581.8</ele>
   </trkpt>
   <trkpt lat="4.8050800" lon="-75.6569950">
    <ele>1581.8</ele>
   </trkpt>
   <trkpt lat="4.8050800" lon="-75.6569960">
    <ele>1581.9</ele>
   </trkpt>
   <trkpt lat="4.8050810" lon="-75.6569970">
    <ele>1581.9</ele>
   </trkpt>
   <trkpt lat="4.8050800" lon="-75.6569980">
    <ele>1581.9</ele>
   </trkpt>
   <trkpt lat="4.8050800" lon="-75.6569980">
    <ele>1581.9</ele>
   </trkpt>
   <trkpt lat="4.8050780" lon="-75.6569990">
    <ele>1581.9</ele>
   </trkpt>
   <trkpt lat="4.8050770" lon="-75.6569990">
    <ele>1581.9</ele>
   </trkpt>
   <trkpt lat="4.8050760" lon="-75.6569990">
    <ele>1581.9</ele>
   </trkpt>
   <trkpt lat="4.8050760" lon="-75.6569990">
    <ele>1581.9</ele>
   </trkpt>
   <trkpt lat="4.8050760" lon="-75.6569980">
    <ele>1582.0</ele>
   </trkpt>
   <trkpt lat="4.8050730" lon="-75.6569970">
    <ele>1582.0</ele>
   </trkpt>
   <trkpt lat="4.8050720" lon="-75.6569970">
    <ele>1582.0</ele>
   </trkpt>
   <trkpt lat="4.8050710" lon="-75.6570050">
    <ele>1582.1</ele>
   </trkpt>
   <trkpt lat="4.8050690" lon="-75.6570120">
    <ele>1582.2</ele>
   </trkpt>
   <trkpt lat="4.8050670" lon="-75.6570180">
    <ele>1582.3</ele>
   </trkpt>
   <trkpt lat="4.8050660" lon="-75.6570230">
    <ele>1582.3</ele>
   </trkpt>
   <trkpt lat="4.8050640" lon="-75.6570280">
    <ele>1582.4</ele>
   </trkpt>
   <trkpt lat="4.8050640" lon="-75.6570300">
    <ele>1582.4</ele>
   </trkpt>
   <trkpt lat="4.8050630" lon="-75.6570320">
    <ele>1582.5</ele>
   </trkpt>
   <trkpt lat="4.8050620" lon="-75.6570340">
    <ele>1582.5</ele>
   </trkpt>
   <trkpt lat="4.8050600" lon="-75.6570350">
    <ele>1582.5</ele>
   </trkpt>
   <trkpt lat="4.8050590" lon="-75.6570360">
    <ele>1582.5</ele>
   </trkpt>
   <trkpt lat="4.8050580" lon="-75.6570380">
    <ele>1582.6</ele>
   </trkpt>
   <trkpt lat="4.8050580" lon="-75.6570390">
    <ele>1582.6</ele>
   </trkpt>
   <trkpt lat="4.8050580" lon="-75.6570400">
    <ele>1582.6</ele>
   </trkpt>
   <trkpt lat="4.8050570" lon="-75.6570410">
    <ele>1582.6</ele>
   </trkpt>
   <trkpt lat="4.8050580" lon="-75.6570420">
    <ele>1582.6</ele>
   </trkpt>
   <trkpt lat="4.8050580" lon="-75.6570420">
    <ele>1582.6</ele>
   </trkpt>
   <trkpt lat="4.8050580" lon="-75.6570430">
    <ele>1582.6</ele>
   </trkpt>
   <trkpt lat="4.8050580" lon="-75.6570440">
    <ele>1582.7</ele>
   </trkpt>
   <trkpt lat="4.8050580" lon="-75.6570450">
    <ele>1582.7</ele>
   </trkpt>
   <trkpt lat="4.8050580" lon="-75.6570470">
    <ele>1582.7</ele>
   </trkpt>
   <trkpt lat="4.8050580" lon="-75.6570480">
    <ele>1582.7</ele>
   </trkpt>
   <trkpt lat="4.8050590" lon="-75.6570500">
    <ele>1582.7</ele>
   </trkpt>
   <trkpt lat="4.8050580" lon="-75.6570520">
    <ele>1582.8</ele>
   </trkpt>
   <trkpt lat="4.8050580" lon="-75.6570550">
    <ele>1582.8</ele>
   </trkpt>
   <trkpt lat="4.8050580" lon="-75.6570580">
    <ele>1582.8</ele>
   </trkpt>
   <trkpt lat="4.8050570" lon="-75.6570600">
    <ele>1582.9</ele>
   </trkpt>
   <trkpt lat="4.8050570" lon="-75.6570620">
    <ele>1582.9</ele>
   </trkpt>
   <trkpt lat="4.8050560" lon="-75.6570650">
    <ele>1582.9</ele>
   </trkpt>
   <trkpt lat="4.8050550" lon="-75.6570670">
    <ele>1583.0</ele>
   </trkpt>
   <trkpt lat="4.8050540" lon="-75.6570700">
    <ele>1583.0</ele>
   </trkpt>
   <trkpt lat="4.8050530" lon="-75.6570730">
    <ele>1583.0</ele>
   </trkpt>
   <trkpt lat="4.8050520" lon="-75.6570750">
    <ele>1583.1</ele>
   </trkpt>
   <trkpt lat="4.8050500" lon="-75.6570770">
    <ele>1583.1</ele>
   </trkpt>
   <trkpt lat="4.8050490" lon="-75.6570790">
    <ele>1583.1</ele>
   </trkpt>
   <trkpt lat="4.8050480" lon="-75.6570810">
    <ele>1583.2</ele>
   </trkpt>
   <trkpt lat="4.8050470" lon="-75.6570830">
    <ele>1583.2</ele>
   </trkpt>
   <trkpt lat="4.8050470" lon="-75.6570850">
    <ele>1583.2</ele>
   </trkpt>
   <trkpt lat="4.8050460" lon="-75.6570860">
    <ele>1583.2</ele>
   </trkpt>
   <trkpt lat="4.8050450" lon="-75.6570880">
    <ele>1583.3</ele>
   </trkpt>
   <trkpt lat="4.8050440" lon="-75.6570890">
    <ele>1583.3</ele>
   </trkpt>
   <trkpt lat="4.8050430" lon="-75.6570900">
    <ele>1583.3</ele>
   </trkpt>
   <trkpt lat="4.8050420" lon="-75.6570920">
    <ele>1583.3</ele>
   </trkpt>
   <trkpt lat="4.8050410" lon="-75.6570930">
    <ele>1583.3</ele>
   </trkpt>
   <trkpt lat="4.8050410" lon="-75.6570940">
    <ele>1583.3</ele>
   </trkpt>
   <trkpt lat="4.8050420" lon="-75.6570950">
    <ele>1583.4</ele>
   </trkpt>
   <trkpt lat="4.8050420" lon="-75.6570950">
    <ele>1583.4</ele>
   </trkpt>
   <trkpt lat="4.8050440" lon="-75.6570950">
    <ele>1583.4</ele>
   </trkpt>
   <trkpt lat="4.8050450" lon="-75.6570960">
    <ele>1583.4</ele>
   </trkpt>
   <trkpt lat="4.8050460" lon="-75.6570960">
    <ele>1583.4</ele>
   </trkpt>
   <trkpt lat="4.8050470" lon="-75.6570960">
    <ele>1583.4</ele>
   </trkpt>
   <trkpt lat="4.8050480" lon="-75.6570960">
    <ele>1583.4</ele>
   </trkpt>
   <trkpt lat="4.8050490" lon="-75.6570960">
    <ele>1583.5</ele>
   </trkpt>
   <trkpt lat="4.8050510" lon="-75.6570950">
    <ele>1583.5</ele>
   </trkpt>
   <trkpt lat="4.8050520" lon="-75.6570940">
    <ele>1583.5</ele>
   </trkpt>
   <trkpt lat="4.8050540" lon="-75.6570930">
    <ele>1583.5</ele>
   </trkpt>
   <trkpt lat="4.8050560" lon="-75.6570910">
    <ele>1583.6</ele>
   </trkpt>
   <trkpt lat="4.8050600" lon="-75.6570860">
    <ele>1583.6</ele>
   </trkpt>
   <trkpt lat="4.8050660" lon="-75.6570800">
    <ele>1583.8</ele>
   </trkpt>
   <trkpt lat="4.8050680" lon="-75.6570740">
    <ele>1583.8</ele>
   </trkpt>
   <trkpt lat="4.8050720" lon="-75.6570670">
    <ele>1583.9</ele>
   </trkpt>
   <trkpt lat="4.8050760" lon="-75.6570600">
    <ele>1584.0</ele>
   </trkpt>
   <trkpt lat="4.8050790" lon="-75.6570520">
    <ele>1584.1</ele>
   </trkpt>
   <trkpt lat="4.8050830" lon="-75.6570450">
    <ele>1584.2</ele>
   </trkpt>
   <trkpt lat="4.8050870" lon="-75.6570320">
    <ele>1584.4</ele>
   </trkpt>
   <trkpt lat="4.8050880" lon="-75.6570270">
    <ele>1584.5</ele>
   </trkpt>
   <trkpt lat="4.8050890" lon="-75.6570200">
    <ele>1584.6</ele>
   </trkpt>
   <trkpt lat="4.8050860" lon="-75.6570170">
    <ele>1584.6</ele>
   </trkpt>
   <trkpt lat="4.8050820" lon="-75.6570130">
    <ele>1584.7</ele>
   </trkpt>
   <trkpt lat="4.8050630" lon="-75.6570050">
    <ele>1584.9</ele>
   </trkpt>
   <trkpt lat="4.8050490" lon="-75.6569930">
    <ele>1585.2</ele>
   </trkpt>
   <trkpt lat="4.8050420" lon="-75.6569850">
    <ele>1585.3</ele>
   </trkpt>
   <trkpt lat="4.8050380" lon="-75.6569770">
    <ele>1585.4</ele>
   </trkpt>
   <trkpt lat="4.8050290" lon="-75.6569680">
    <ele>1585.6</ele>
   </trkpt>
   <trkpt lat="4.8050220" lon="-75.6569580">
    <ele>1585.7</ele>
   </trkpt>
   <trkpt lat="4.8050170" lon="-75.6569450">
    <ele>1585.9</ele>
   </trkpt>
   <trkpt lat="4.8050130" lon="-75.6569390">
    <ele>1586.0</ele>
   </trkpt>
   <trkpt lat="4.8050110" lon="-75.6569310">
    <ele>1586.1</ele>
   </trkpt>
   <trkpt lat="4.8050070" lon="-75.6569220">
    <ele>1586.2</ele>
   </trkpt>
   <trkpt lat="4.8050050" lon="-75.6569140">
    <ele>1586.3</ele>
   </trkpt>
   <trkpt lat="4.8050040" lon="-75.6569050">
    <ele>1586.4</ele>
   </trkpt>
   <trkpt lat="4.8050030" lon="-75.6568950">
    <ele>1586.6</ele>
   </trkpt>
   <trkpt lat="4.8050020" lon="-75.6568830">
    <ele>1586.7</ele>
   </trkpt>
   <trkpt lat="4.8049980" lon="-75.6568750">
    <ele>1586.8</ele>
   </trkpt>
   <trkpt lat="4.8049920" lon="-75.6568670">
    <ele>1586.9</ele>
   </trkpt>
   <trkpt lat="4.8049860" lon="-75.6568620">
    <ele>1587.0</ele>
   </trkpt>
   <trkpt lat="4.8049810" lon="-75.6568610">
    <ele>1587.1</ele>
   </trkpt>
   <trkpt lat="4.8049800" lon="-75.6568610">
    <ele>1587.1</ele>
   </trkpt>
   <trkpt lat="4.8049810" lon="-75.6568600">
    <ele>1587.1</ele>
   </trkpt>
   <trkpt lat="4.8049840" lon="-75.6568600">
    <ele>1587.2</ele>
   </trkpt>
   <trkpt lat="4.8049840" lon="-75.6568600">
    <ele>1587.2</ele>
   </trkpt>
   <trkpt lat="4.8049840" lon="-75.6568610">
    <ele>1587.2</ele>
   </trkpt>
   <trkpt lat="4.8049830" lon="-75.6568620">
    <ele>1587.2</ele>
   </trkpt>
   <trkpt lat="4.8049840" lon="-75.6568620">
    <ele>1587.2</ele>
   </trkpt>
   <trkpt lat="4.8049840" lon="-75.6568580">
    <ele>1587.3</ele>
   </trkpt>
   <trkpt lat="4.8049830" lon="-75.6568580">
    <ele>1587.3</ele>
   </trkpt>
   <trkpt lat="4.8049820" lon="-75.6568590">
    <ele>1587.3</ele>
   </trkpt>
   <trkpt lat="4.8049820" lon="-75.6568580">
    <ele>1587.3</ele>
   </trkpt>
   <trkpt lat="4.8049810" lon="-75.6568570">
    <ele>1587.3</ele>
   </trkpt>
   <trkpt lat="4.8049810" lon="-75.6568560">
    <ele>1587.3</ele>
   </trkpt>
   <trkpt lat="4.8049800" lon="-75.6568560">
    <ele>1587.3</ele>
   </trkpt>
   <trkpt lat="4.8049800" lon="-75.6568560">
    <ele>1587.3</ele>
   </trkpt>
   <trkpt lat="4.8049800" lon="-75.6568540">
    <ele>1587.4</ele>
   </trkpt>
   <trkpt lat="4.8049800" lon="-75.6568520">
    <ele>1587.4</ele>
   </trkpt>
   <trkpt lat="4.8049790" lon="-75.6568520">
    <ele>1587.4</ele>
   </trkpt>
   <trkpt lat="4.8049780" lon="-75.6568510">
    <ele>1587.4</ele>
   </trkpt>
   <trkpt lat="4.8049770" lon="-75.6568510">
    <ele>1587.4</ele>
   </trkpt>
   <trkpt lat="4.8049760" lon="-75.6568510">
    <ele>1587.4</ele>
   </trkpt>
   <trkpt lat="4.8049750" lon="-75.6568500">
    <ele>1587.4</ele>
   </trkpt>
   <trkpt lat="4.8049740" lon="-75.6568470">
    <ele>1587.5</ele>
   </trkpt>
   <trkpt lat="4.8049750" lon="-75.6568450">
    <ele>1587.5</ele>
   </trkpt>
   <trkpt lat="4.8049750" lon="-75.6568420">
    <ele>1587.5</ele>
   </trkpt>
   <trkpt lat="4.8049740" lon="-75.6568410">
    <ele>1587.6</ele>
   </trkpt>
   <trkpt lat="4.8049740" lon="-75.6568340">
    <ele>1587.6</ele>
   </trkpt>
   <trkpt lat="4.8049750" lon="-75.6568240">
    <ele>1587.7</ele>
   </trkpt>
   <trkpt lat="4.8049760" lon="-75.6568170">
    <ele>1587.8</ele>
   </trkpt>
   <trkpt lat="4.8049760" lon="-75.6568090">
    <ele>1587.9</ele>
   </trkpt>
   <trkpt lat="4.8049790" lon="-75.6568020">
    <ele>1588.0</ele>
   </trkpt>
   <trkpt lat="4.8049800" lon="-75.6568000">
    <ele>1588.0</ele>
   </trkpt>
   <trkpt lat="4.8049830" lon="-75.6567970">
    <ele>1588.1</ele>
   </trkpt>
   <trkpt lat="4.8049860" lon="-75.6567910">
    <ele>1588.1</ele>
   </trkpt>
   <trkpt lat="4.8049880" lon="-75.6567820">
    <ele>1588.2</ele>
   </trkpt>
   <trkpt lat="4.8049880" lon="-75.6567740">
    <ele>1588.3</ele>
   </trkpt>
   <trkpt lat="4.8049890" lon="-75.6567640">
    <ele>1588.4</ele>
   </trkpt>
   <trkpt lat="4.8049900" lon="-75.6567580">
    <ele>1588.5</ele>
   </trkpt>
   <trkpt lat="4.8049900" lon="-75.6567560">
    <ele>1588.5</ele>
   </trkpt>
   <trkpt lat="4.8049890" lon="-75.6567520">
    <ele>1588.6</ele>
   </trkpt>
   <trkpt lat="4.8049870" lon="-75.6567460">
    <ele>1588.6</ele>
   </trkpt>
   <trkpt lat="4.8049870" lon="-75.6567390">
    <ele>1588.7</ele>
   </trkpt>
   <trkpt lat="4.8049870" lon="-75.6567320">
    <ele>1588.8</ele>
   </trkpt>
   <trkpt lat="4.8049830" lon="-75.6567240">
    <ele>1588.8</ele>
   </trkpt>
   <trkpt lat="4.8049800" lon="-75.6567160">
    <ele>1588.9</ele>
   </trkpt>
   <trkpt lat="4.8049770" lon="-75.6567080">
    <ele>1589.0</ele>
   </trkpt>
   <trkpt lat="4.8049720" lon="-75.6566990">
    <ele>1589.1</ele>
   </trkpt>
   <trkpt lat="4.8049640" lon="-75.6566890">
    <ele>1589.2</ele>
   </trkpt>
   <trkpt lat="4.8049550" lon="-75.6566780">
    <ele>1589.3</ele>
   </trkpt>
   <trkpt lat="4.8049510" lon="-75.6566720">
    <ele>1589.4</ele>
   </trkpt>
   <trkpt lat="4.8049470" lon="-75.6566660">
    <ele>1589.4</ele>
   </trkpt>
   <trkpt lat="4.8049450" lon="-75.6566590">
    <ele>1589.5</ele>
   </trkpt>
   <trkpt lat="4.8049440" lon="-75.6566510">
    <ele>1589.5</ele>
   </trkpt>
   <trkpt lat="4.8049440" lon="-75.6566410">
    <ele>1589.6</ele>
   </trkpt>
   <trkpt lat="4.8049430" lon="-75.6566360">
    <ele>1589.6</ele>
   </trkpt>
   <trkpt lat="4.8049420" lon="-75.6566330">
    <ele>1589.6</ele>
   </trkpt>
   <trkpt lat="4.8049400" lon="-75.6566310">
    <ele>1589.7</ele>
   </trkpt>
   <trkpt lat="4.8049380" lon="-75.6566270">
    <ele>1589.7</ele>
   </trkpt>
   <trkpt lat="4.8049380" lon="-75.6566240">
    <ele>1589.7</ele>
   </trkpt>
   <trkpt lat="4.8049390" lon="-75.6566210">
    <ele>1589.7</ele>
   </trkpt>
   <trkpt lat="4.8049410" lon="-75.6566150">
    <ele>1589.8</ele>
   </trkpt>
   <trkpt lat="4.8049400" lon="-75.6566090">
    <ele>1589.8</ele>
   </trkpt>
   <trkpt lat="4.8049390" lon="-75.6566020">
    <ele>1589.8</ele>
   </trkpt>
   <trkpt lat="4.8049390" lon="-75.6565920">
    <ele>1589.9</ele>
   </trkpt>
   <trkpt lat="4.8049360" lon="-75.6565790">
    <ele>1589.9</ele>
   </trkpt>
   <trkpt lat="4.8049330" lon="-75.6565690">
    <ele>1590.0</ele>
   </trkpt>
   <trkpt lat="4.8049270" lon="-75.6565570">
    <ele>1590.1</ele>
   </trkpt>
   <trkpt lat="4.8049190" lon="-75.6565480">
    <ele>1590.1</ele>
   </trkpt>
   <trkpt lat="4.8049110" lon="-75.6565420">
    <ele>1590.1</ele>
   </trkpt>
   <trkpt lat="4.8049040" lon="-75.6565350">
    <ele>1590.2</ele>
   </trkpt>
   <trkpt lat="4.8048970" lon="-75.6565290">
    <ele>1590.2</ele>
   </trkpt>
   <trkpt lat="4.8048840" lon="-75.6565220">
    <ele>1590.2</ele>
   </trkpt>
   <trkpt lat="4.8048810" lon="-75.6565170">
    <ele>1590.2</ele>
   </trkpt>
   <trkpt lat="4.8048690" lon="-75.6565120">
    <ele>1590.2</ele>
   </trkpt>
   <trkpt lat="4.8048620" lon="-75.6565040">
    <ele>1590.3</ele>
   </trkpt>
   <trkpt lat="4.8048490" lon="-75.6564960">
    <ele>1590.3</ele>
   </trkpt>
   <trkpt lat="4.8048350" lon="-75.6564970">
    <ele>1590.3</ele>
   </trkpt>
   <trkpt lat="4.8048240" lon="-75.6564980">
    <ele>1590.3</ele>
   </trkpt>
   <trkpt lat="4.8048110" lon="-75.6564990">
    <ele>1590.3</ele>
   </trkpt>
   <trkpt lat="4.8048020" lon="-75.6564980">
    <ele>1590.2</ele>
   </trkpt>
   <trkpt lat="4.8047940" lon="-75.6564950">
    <ele>1590.2</ele>
   </trkpt>
   <trkpt lat="4.8047870" lon="-75.6564920">
    <ele>1590.2</ele>
   </trkpt>
   <trkpt lat="4.8047800" lon="-75.6564860">
    <ele>1590.2</ele>
   </trkpt>
   <trkpt lat="4.8047740" lon="-75.6564800">
    <ele>1590.2</ele>
   </trkpt>
   <trkpt lat="4.8047690" lon="-75.6564730">
    <ele>1590.2</ele>
   </trkpt>
   <trkpt lat="4.8047640" lon="-75.6564670">
    <ele>1590.1</ele>
   </trkpt>
   <trkpt lat="4.8047600" lon="-75.6564590">
    <ele>1590.1</ele>
   </trkpt>
   <trkpt lat="4.8047550" lon="-75.6564510">
    <ele>1590.1</ele>
   </trkpt>
   <trkpt lat="4.8047500" lon="-75.6564410">
    <ele>1590.0</ele>
   </trkpt>
   <trkpt lat="4.8047460" lon="-75.6564360">
    <ele>1590.0</ele>
   </trkpt>
   <trkpt lat="4.8047380" lon="-75.6564280">
    <ele>1589.9</ele>
   </trkpt>
   <trkpt lat="4.8047310" lon="-75.6564220">
    <ele>1589.9</ele>
   </trkpt>
   <trkpt lat="4.8047260" lon="-75.6564170">
    <ele>1589.9</ele>
   </trkpt>
   <trkpt lat="4.8047220" lon="-75.6564070">
    <ele>1589.8</ele>
   </trkpt>
   <trkpt lat="4.8047200" lon="-75.6564010">
    <ele>1589.8</ele>
   </trkpt>
   <trkpt lat="4.8047180" lon="-75.6563940">
    <ele>1589.7</ele>
   </trkpt>
   <trkpt lat="4.8047170" lon="-75.6563840">
    <ele>1589.7</ele>
   </trkpt>
   <trkpt lat="4.8047150" lon="-75.6563760">
    <ele>1589.6</ele>
   </trkpt>
   <trkpt lat="4.8047120" lon="-75.6563650">
    <ele>1589.6</ele>
   </trkpt>
   <trkpt lat="4.8047080" lon="-75.6563560">
    <ele>1589.5</ele>
   </trkpt>
   <trkpt lat="4.8047040" lon="-75.6563500">
    <ele>1589.5</ele>
   </trkpt>
   <trkpt lat="4.8047040" lon="-75.6563510">
    <ele>1589.4</ele>
   </trkpt>
   <trkpt lat="4.8047020" lon="-75.6563480">
    <ele>1589.4</ele>
   </trkpt>
   <trkpt lat="4.8047020" lon="-75.6563550">
    <ele>1589.4</ele>
   </trkpt>
   <trkpt lat="4.8046990" lon="-75.6563500">
    <ele>1589.3</ele>
   </trkpt>
   <trkpt lat="4.8046940" lon="-75.6563490">
    <ele>1589.3</ele>
   </trkpt>
   <trkpt lat="4.8046850" lon="-75.6563530">
    <ele>1589.3</ele>
   </trkpt>
   <trkpt lat="4.8046810" lon="-75.6563570">
    <ele>1589.2</ele>
   </trkpt>
   <trkpt lat="4.8046780" lon="-75.6563530">
    <ele>1589.2</ele>
   </trkpt>
   <trkpt lat="4.8046750" lon="-75.6563470">
    <ele>1589.2</ele>
   </trkpt>
   <trkpt lat="4.8046690" lon="-75.6563490">
    <ele>1589.1</ele>
   </trkpt>
   <trkpt lat="4.8046600" lon="-75.6563470">
    <ele>1589.1</ele>
   </trkpt>
   <trkpt lat="4.8046520" lon="-75.6563420">
    <ele>1589.0</ele>
   </trkpt>
   <trkpt lat="4.8046410" lon="-75.6563370">
    <ele>1588.9</ele>
   </trkpt>
   <trkpt lat="4.8046360" lon="-75.6563310">
    <ele>1588.9</ele>
   </trkpt>
   <trkpt lat="4.8046310" lon="-75.6563230">
    <ele>1588.8</ele>
   </trkpt>
   <trkpt lat="4.8046260" lon="-75.6563140">
    <ele>1588.8</ele>
   </trkpt>
   <trkpt lat="4.8046210" lon="-75.6563090">
    <ele>1588.7</ele>
   </trkpt>
   <trkpt lat="4.8046140" lon="-75.6563090">
    <ele>1588.7</ele>
   </trkpt>
   <trkpt lat="4.8046060" lon="-75.6563070">
    <ele>1588.6</ele>
   </trkpt>
   <trkpt lat="4.8045980" lon="-75.6563030">
    <ele>1588.6</ele>
   </trkpt>
   <trkpt lat="4.8045930" lon="-75.6563040">
    <ele>1588.6</ele>
   </trkpt>
   <trkpt lat="4.8045880" lon="-75.6563010">
    <ele>1588.5</ele>
   </trkpt>
   <trkpt lat="4.8045850" lon="-75.6562970">
    <ele>1588.5</ele>
   </trkpt>
   <trkpt lat="4.8045800" lon="-75.6562850">
    <ele>1588.5</ele>
   </trkpt>
   <trkpt lat="4.8045770" lon="-75.6562840">
    <ele>1588.4</ele>
   </trkpt>
   <trkpt lat="4.8045710" lon="-75.6562830">
    <ele>1588.4</ele>
   </trkpt>
   <trkpt lat="4.8045630" lon="-75.6562860">
    <ele>1588.4</ele>
   </trkpt>
   <trkpt lat="4.8045540" lon="-75.6562840">
    <ele>1588.3</ele>
   </trkpt>
   <trkpt lat="4.8045460" lon="-75.6562810">
    <ele>1588.3</ele>
   </trkpt>
   <trkpt lat="4.8045380" lon="-75.6562750">
    <ele>1588.3</ele>
   </trkpt>
   <trkpt lat="4.8045280" lon="-75.6562750">
    <ele>1588.2</ele>
   </trkpt>
   <trkpt lat="4.8045180" lon="-75.6562710">
    <ele>1588.2</ele>
   </trkpt>
   <trkpt lat="4.8045090" lon="-75.6562650">
    <ele>1588.2</ele>
   </trkpt>
   <trkpt lat="4.8045010" lon="-75.6562580">
    <ele>1588.1</ele>
   </trkpt>
   <trkpt lat="4.8044940" lon="-75.6562580">
    <ele>1588.1</ele>
   </trkpt>
   <trkpt lat="4.8044870" lon="-75.6562560">
    <ele>1588.1</ele>
   </trkpt>
   <trkpt lat="4.8044820" lon="-75.6562490">
    <ele>1588.1</ele>
   </trkpt>
   <trkpt lat="4.8044790" lon="-75.6562400">
    <ele>1588.1</ele>
   </trkpt>
   <trkpt lat="4.8044730" lon="-75.6562300">
    <ele>1588.0</ele>
   </trkpt>
   <trkpt lat="4.8044780" lon="-75.6562230">
    <ele>1588.0</ele>
   </trkpt>
   <trkpt lat="4.8044810" lon="-75.6562130">
    <ele>1588.0</ele>
   </trkpt>
   <trkpt lat="4.8044860" lon="-75.6562040">
    <ele>1588.0</ele>
   </trkpt>
   <trkpt lat="4.8044910" lon="-75.6561940">
    <ele>1588.0</ele>
   </trkpt>
   <trkpt lat="4.8044940" lon="-75.6561850">
    <ele>1588.0</ele>
   </trkpt>
   <trkpt lat="4.8044950" lon="-75.6561760">
    <ele>1588.0</ele>
   </trkpt>
   <trkpt lat="4.8044920" lon="-75.6561670">
    <ele>1588.0</ele>
   </trkpt>
   <trkpt lat="4.8044940" lon="-75.6561550">
    <ele>1588.0</ele>
   </trkpt>
   <trkpt lat="4.8045030" lon="-75.6561460">
    <ele>1588.1</ele>
   </trkpt>
   <trkpt lat="4.8045060" lon="-75.6561340">
    <ele>1588.1</ele>
   </trkpt>
   <trkpt lat="4.8045050" lon="-75.6561210">
    <ele>1588.1</ele>
   </trkpt>
   <trkpt lat="4.8045130" lon="-75.6561120">
    <ele>1588.1</ele>
   </trkpt>
   <trkpt lat="4.8045190" lon="-75.6561050">
    <ele>1588.2</ele>
   </trkpt>
   <trkpt lat="4.8045260" lon="-75.6561000">
    <ele>1588.2</ele>
   </trkpt>
   <trkpt lat="4.8045320" lon="-75.6560940">
    <ele>1588.2</ele>
   </trkpt>
   <trkpt lat="4.8045390" lon="-75.6560870">
    <ele>1588.2</ele>
   </trkpt>
   <trkpt lat="4.8045440" lon="-75.6560770">
    <ele>1588.3</ele>
   </trkpt>
   <trkpt lat="4.8045480" lon="-75.6560610">
    <ele>1588.3</ele>
   </trkpt>
   <trkpt lat="4.8045530" lon="-75.6560530">
    <ele>1588.4</ele>
   </trkpt>
   <trkpt lat="4.8045570" lon="-75.6560440">
    <ele>1588.4</ele>
   </trkpt>
   <trkpt lat="4.8045600" lon="-75.6560370">
    <ele>1588.5</ele>
   </trkpt>
   <trkpt lat="4.8045650" lon="-75.6560290">
    <ele>1588.5</ele>
   </trkpt>
   <trkpt lat="4.8045650" lon="-75.6560230">
    <ele>1588.6</ele>
   </trkpt>
   <trkpt lat="4.8045630" lon="-75.6560170">
    <ele>1588.6</ele>
   </trkpt>
   <trkpt lat="4.8045630" lon="-75.6560090">
    <ele>1588.6</ele>
   </trkpt>
   <trkpt lat="4.8045640" lon="-75.6560000">
    <ele>1588.7</ele>
   </trkpt>
   <trkpt lat="4.8045640" lon="-75.6559900">
    <ele>1588.8</ele>
   </trkpt>
   <trkpt lat="4.8045570" lon="-75.6559870">
    <ele>1588.8</ele>
   </trkpt>
   <trkpt lat="4.8045510" lon="-75.6559790">
    <ele>1588.9</ele>
   </trkpt>
   <trkpt lat="4.8045450" lon="-75.6559740">
    <ele>1588.9</ele>
   </trkpt>
   <trkpt lat="4.8045380" lon="-75.6559670">
    <ele>1589.0</ele>
   </trkpt>
   <trkpt lat="4.8045340" lon="-75.6559580">
    <ele>1589.1</ele>
   </trkpt>
   <trkpt lat="4.8045250" lon="-75.6559510">
    <ele>1589.2</ele>
   </trkpt>
   <trkpt lat="4.8045190" lon="-75.6559420">
    <ele>1589.3</ele>
   </trkpt>
   <trkpt lat="4.8045160" lon="-75.6559310">
    <ele>1589.4</ele>
   </trkpt>
   <trkpt lat="4.8045130" lon="-75.6559210">
    <ele>1589.4</ele>
   </trkpt>
   <trkpt lat="4.8045060" lon="-75.6559160">
    <ele>1589.5</ele>
   </trkpt>
   <trkpt lat="4.8044990" lon="-75.6559060">
    <ele>1589.6</ele>
   </trkpt>
   <trkpt lat="4.8044970" lon="-75.6558990">
    <ele>1589.7</ele>
   </trkpt>
   <trkpt lat="4.8044920" lon="-75.6558890">
    <ele>1589.8</ele>
   </trkpt>
   <trkpt lat="4.8044900" lon="-75.6558820">
    <ele>1589.9</ele>
   </trkpt>
   <trkpt lat="4.8044870" lon="-75.6558740">
    <ele>1589.9</ele>
   </trkpt>
   <trkpt lat="4.8044840" lon="-75.6558660">
    <ele>1590.0</ele>
   </trkpt>
   <trkpt lat="4.8044810" lon="-75.6558580">
    <ele>1590.1</ele>
   </trkpt>
   <trkpt lat="4.8044790" lon="-75.6558490">
    <ele>1590.2</ele>
   </trkpt>
   <trkpt lat="4.8044740" lon="-75.6558380">
    <ele>1590.3</ele>
   </trkpt>
   <trkpt lat="4.8044690" lon="-75.6558430">
    <ele>1590.4</ele>
   </trkpt>
   <trkpt lat="4.8044630" lon="-75.6558530">
    <ele>1590.5</ele>
   </trkpt>
   <trkpt lat="4.8044540" lon="-75.6558610">
    <ele>1590.6</ele>
   </trkpt>
   <trkpt lat="4.8044460" lon="-75.6558640">
    <ele>1590.7</ele>
   </trkpt>
   <trkpt lat="4.8044370" lon="-75.6558650">
    <ele>1590.8</ele>
   </trkpt>
   <trkpt lat="4.8044330" lon="-75.6558610">
    <ele>1590.9</ele>
   </trkpt>
   <trkpt lat="4.8044280" lon="-75.6558540">
    <ele>1590.9</ele>
   </trkpt>
   <trkpt lat="4.8044240" lon="-75.6558460">
    <ele>1591.0</ele>
   </trkpt>
   <trkpt lat="4.8044200" lon="-75.6558390">
    <ele>1591.1</ele>
   </trkpt>
   <trkpt lat="4.8044150" lon="-75.6558330">
    <ele>1591.2</ele>
   </trkpt>
   <trkpt lat="4.8044110" lon="-75.6558240">
    <ele>1591.3</ele>
   </trkpt>
   <trkpt lat="4.8044080" lon="-75.6558180">
    <ele>1591.4</ele>
   </trkpt>
   <trkpt lat="4.8044040" lon="-75.6558130">
    <ele>1591.4</ele>
   </trkpt>
   <trkpt lat="4.8044010" lon="-75.6558110">
    <ele>1591.5</ele>
   </trkpt>
   <trkpt lat="4.8043970" lon="-75.6558060">
    <ele>1591.5</ele>
   </trkpt>
   <trkpt lat="4.8043940" lon="-75.6558010">
    <ele>1591.6</ele>
   </trkpt>
   <trkpt lat="4.8043900" lon="-75.6557980">
    <ele>1591.6</ele>
   </trkpt>
   <trkpt lat="4.8043880" lon="-75.6557950">
    <ele>1591.7</ele>
   </trkpt>
   <trkpt lat="4.8043870" lon="-75.6557920">
    <ele>1591.7</ele>
   </trkpt>
   <trkpt lat="4.8043850" lon="-75.6557870">
    <ele>1591.8</ele>
   </trkpt>
   <trkpt lat="4.8043810" lon="-75.6557810">
    <ele>1591.8</ele>
   </trkpt>
   <trkpt lat="4.8043760" lon="-75.6557750">
    <ele>1591.9</ele>
   </trkpt>
   <trkpt lat="4.8043710" lon="-75.6557700">
    <ele>1592.0</ele>
   </trkpt>
   <trkpt lat="4.8043670" lon="-75.6557660">
    <ele>1592.0</ele>
   </trkpt>
   <trkpt lat="4.8043650" lon="-75.6557640">
    <ele>1592.1</ele>
   </trkpt>
   <trkpt lat="4.8043630" lon="-75.6557630">
    <ele>1592.1</ele>
   </trkpt>
   <trkpt lat="4.8043590" lon="-75.6557590">
    <ele>1592.1</ele>
   </trkpt>
   <trkpt lat="4.8043560" lon="-75.6557550">
    <ele>1592.2</ele>
   </trkpt>
   <trkpt lat="4.8043560" lon="-75.6557520">
    <ele>1592.2</ele>
   </trkpt>
   <trkpt lat="4.8043550" lon="-75.6557480">
    <ele>1592.3</ele>
   </trkpt>
   <trkpt lat="4.8043550" lon="-75.6557440">
    <ele>1592.3</ele>
   </trkpt>
   <trkpt lat="4.8043540" lon="-75.6557370">
    <ele>1592.4</ele>
   </trkpt>
   <trkpt lat="4.8043490" lon="-75.6557290">
    <ele>1592.5</ele>
   </trkpt>
   <trkpt lat="4.8043470" lon="-75.6557270">
    <ele>1592.5</ele>
   </trkpt>
   <trkpt lat="4.8043440" lon="-75.6557230">
    <ele>1592.5</ele>
   </trkpt>
   <trkpt lat="4.8043420" lon="-75.6557180">
    <ele>1592.6</ele>
   </trkpt>
   <trkpt lat="4.8043390" lon="-75.6557120">
    <ele>1592.6</ele>
   </trkpt>
   <trkpt lat="4.8043350" lon="-75.6557050">
    <ele>1592.7</ele>
   </trkpt>
   <trkpt lat="4.8043290" lon="-75.6556970">
    <ele>1592.8</ele>
   </trkpt>
   <trkpt lat="4.8043240" lon="-75.6556900">
    <ele>1592.9</ele>
   </trkpt>
   <trkpt lat="4.8043170" lon="-75.6556820">
    <ele>1593.0</ele>
   </trkpt>
   <trkpt lat="4.8043130" lon="-75.6556750">
    <ele>1593.0</ele>
   </trkpt>
   <trkpt lat="4.8043100" lon="-75.6556680">
    <ele>1593.1</ele>
   </trkpt>
   <trkpt lat="4.8043060" lon="-75.6556600">
    <ele>1593.2</ele>
   </trkpt>
   <trkpt lat="4.8043040" lon="-75.6556550">
    <ele>1593.2</ele>
   </trkpt>
   <trkpt lat="4.8043000" lon="-75.6556480">
    <ele>1593.3</ele>
   </trkpt>
   <trkpt lat="4.8042960" lon="-75.6556410">
    <ele>1593.3</ele>
   </trkpt>
   <trkpt lat="4.8042900" lon="-75.6556340">
    <ele>1593.4</ele>
   </trkpt>
   <trkpt lat="4.8042850" lon="-75.6556290">
    <ele>1593.4</ele>
   </trkpt>
   <trkpt lat="4.8042770" lon="-75.6556230">
    <ele>1593.5</ele>
   </trkpt>
   <trkpt lat="4.8042720" lon="-75.6556200">
    <ele>1593.5</ele>
   </trkpt>
   <trkpt lat="4.8042650" lon="-75.6556160">
    <ele>1593.6</ele>
   </trkpt>
   <trkpt lat="4.8042580" lon="-75.6556110">
    <ele>1593.6</ele>
   </trkpt>
   <trkpt lat="4.8042520" lon="-75.6556050">
    <ele>1593.7</ele>
   </trkpt>
   <trkpt lat="4.8042440" lon="-75.6555970">
    <ele>1593.7</ele>
   </trkpt>
   <trkpt lat="4.8042390" lon="-75.6555930">
    <ele>1593.7</ele>
   </trkpt>
   <trkpt lat="4.8042300" lon="-75.6555890">
    <ele>1593.8</ele>
   </trkpt>
   <trkpt lat="4.8042200" lon="-75.6555860">
    <ele>1593.8</ele>
   </trkpt>
   <trkpt lat="4.8042100" lon="-75.6555830">
    <ele>1593.9</ele>
   </trkpt>
   <trkpt lat="4.8042010" lon="-75.6555780">
    <ele>1593.9</ele>
   </trkpt>
   <trkpt lat="4.8041850" lon="-75.6555750">
    <ele>1594.0</ele>
   </trkpt>
   <trkpt lat="4.8041750" lon="-75.6555710">
    <ele>1594.0</ele>
   </trkpt>
   <trkpt lat="4.8041660" lon="-75.6555650">
    <ele>1594.0</ele>
   </trkpt>
   <trkpt lat="4.8041510" lon="-75.6555610">
    <ele>1594.1</ele>
   </trkpt>
   <trkpt lat="4.8041380" lon="-75.6555550">
    <ele>1594.1</ele>
   </trkpt>
   <trkpt lat="4.8041240" lon="-75.6555480">
    <ele>1594.1</ele>
   </trkpt>
   <trkpt lat="4.8041110" lon="-75.6555400">
    <ele>1594.1</ele>
   </trkpt>
   <trkpt lat="4.8041000" lon="-75.6555340">
    <ele>1594.1</ele>
   </trkpt>
   <trkpt lat="4.8040880" lon="-75.6555280">
    <ele>1594.1</ele>
   </trkpt>
   <trkpt lat="4.8040810" lon="-75.6555230">
    <ele>1594.1</ele>
   </trkpt>
   <trkpt lat="4.8040710" lon="-75.6555180">
    <ele>1594.1</ele>
   </trkpt>
   <trkpt lat="4.8040620" lon="-75.6555120">
    <ele>1594.1</ele>
   </trkpt>
   <trkpt lat="4.8040540" lon="-75.6555070">
    <ele>1594.1</ele>
   </trkpt>
   <trkpt lat="4.8040460" lon="-75.6554990">
    <ele>1594.1</ele>
   </trkpt>
   <trkpt lat="4.8040370" lon="-75.6554920">
    <ele>1594.0</ele>
   </trkpt>
   <trkpt lat="4.8040300" lon="-75.6554850">
    <ele>1594.0</ele>
   </trkpt>
   <trkpt lat="4.8040230" lon="-75.6554800">
    <ele>1594.0</ele>
   </trkpt>
   <trkpt lat="4.8040160" lon="-75.6554760">
    <ele>1594.0</ele>
   </trkpt>
   <trkpt lat="4.8040080" lon="-75.6554700">
    <ele>1593.9</ele>
   </trkpt>
   <trkpt lat="4.8040000" lon="-75.6554650">
    <ele>1593.9</ele>
   </trkpt>
   <trkpt lat="4.8039920" lon="-75.6554590">
    <ele>1593.9</ele>
   </trkpt>
   <trkpt lat="4.8039840" lon="-75.6554530">
    <ele>1593.8</ele>
   </trkpt>
   <trkpt lat="4.8039780" lon="-75.6554500">
    <ele>1593.8</ele>
   </trkpt>
   <trkpt lat="4.8039720" lon="-75.6554480">
    <ele>1593.8</ele>
   </trkpt>
   <trkpt lat="4.8039640" lon="-75.6554460">
    <ele>1593.8</ele>
   </trkpt>
   <trkpt lat="4.8039570" lon="-75.6554430">
    <ele>1593.7</ele>
   </trkpt>
   <trkpt lat="4.8039490" lon="-75.6554440">
    <ele>1593.7</ele>
   </trkpt>
   <trkpt lat="4.8039390" lon="-75.6554420">
    <ele>1593.6</ele>
   </trkpt>
   <trkpt lat="4.8039320" lon="-75.6554390">
    <ele>1593.6</ele>
   </trkpt>
   <trkpt lat="4.8039240" lon="-75.6554400">
    <ele>1593.6</ele>
   </trkpt>
   <trkpt lat="4.8039150" lon="-75.6554410">
    <ele>1593.5</ele>
   </trkpt>
   <trkpt lat="4.8039070" lon="-75.6554410">
    <ele>1593.5</ele>
   </trkpt>
   <trkpt lat="4.8039000" lon="-75.6554420">
    <ele>1593.4</ele>
   </trkpt>
   <trkpt lat="4.8038930" lon="-75.6554460">
    <ele>1593.4</ele>
   </trkpt>
   <trkpt lat="4.8038890" lon="-75.6554500">
    <ele>1593.3</ele>
   </trkpt>
   <trkpt lat="4.8038850" lon="-75.6554560">
    <ele>1593.3</ele>
   </trkpt>
   <trkpt lat="4.8038800" lon="-75.6554580">
    <ele>1593.3</ele>
   </trkpt>
   <trkpt lat="4.8038750" lon="-75.6554620">
    <ele>1593.2</ele>
   </trkpt>
   <trkpt lat="4.8038690" lon="-75.6554640">
    <ele>1593.2</ele>
   </trkpt>
   <trkpt lat="4.8038620" lon="-75.6554680">
    <ele>1593.1</ele>
   </trkpt>
   <trkpt lat="4.8038560" lon="-75.6554690">
    <ele>1593.1</ele>
   </trkpt>
   <trkpt lat="4.8038490" lon="-75.6554690">
    <ele>1593.1</ele>
   </trkpt>
   <trkpt lat="4.8038410" lon="-75.6554670">
    <ele>1593.0</ele>
   </trkpt>
   <trkpt lat="4.8038330" lon="-75.6554660">
    <ele>1593.0</ele>
   </trkpt>
   <trkpt lat="4.8038240" lon="-75.6554650">
    <ele>1592.9</ele>
   </trkpt>
   <trkpt lat="4.8038110" lon="-75.6554630">
    <ele>1592.8</ele>
   </trkpt>
   <trkpt lat="4.8038010" lon="-75.6554620">
    <ele>1592.7</ele>
   </trkpt>
   <trkpt lat="4.8037920" lon="-75.6554610">
    <ele>1592.7</ele>
   </trkpt>
   <trkpt lat="4.8037860" lon="-75.6554610">
    <ele>1592.6</ele>
   </trkpt>
   <trkpt lat="4.8037810" lon="-75.6554590">
    <ele>1592.6</ele>
   </trkpt>
   <trkpt lat="4.8037780" lon="-75.6554580">
    <ele>1592.6</ele>
   </trkpt>
   <trkpt lat="4.8037750" lon="-75.6554560">
    <ele>1592.5</ele>
   </trkpt>
   <trkpt lat="4.8037700" lon="-75.6554520">
    <ele>1592.5</ele>
   </trkpt>
   <trkpt lat="4.8037620" lon="-75.6554480">
    <ele>1592.4</ele>
   </trkpt>
   <trkpt lat="4.8037540" lon="-75.6554450">
    <ele>1592.4</ele>
   </trkpt>
   <trkpt lat="4.8037510" lon="-75.6554440">
    <ele>1592.3</ele>
   </trkpt>
   <trkpt lat="4.8037510" lon="-75.6554460">
    <ele>1592.3</ele>
   </trkpt>
   <trkpt lat="4.8037500" lon="-75.6554480">
    <ele>1592.3</ele>
   </trkpt>
   <trkpt lat="4.8037460" lon="-75.6554540">
    <ele>1592.2</ele>
   </trkpt>
   <trkpt lat="4.8037400" lon="-75.6554650">
    <ele>1592.1</ele>
   </trkpt>
   <trkpt lat="4.8037320" lon="-75.6554800">
    <ele>1592.0</ele>
   </trkpt>
   <trkpt lat="4.8037240" lon="-75.6554910">
    <ele>1591.9</ele>
   </trkpt>
   <trkpt lat="4.8037180" lon="-75.6555130">
    <ele>1591.7</ele>
   </trkpt>
   <trkpt lat="4.8037100" lon="-75.6555270">
    <ele>1591.6</ele>
   </trkpt>
   <trkpt lat="4.8037010" lon="-75.6555310">
    <ele>1591.5</ele>
   </trkpt>
   <trkpt lat="4.8036920" lon="-75.6555230">
    <ele>1591.4</ele>
   </trkpt>
   <trkpt lat="4.8036810" lon="-75.6555130">
    <ele>1591.2</ele>
   </trkpt>
   <trkpt lat="4.8036740" lon="-75.6555090">
    <ele>1591.2</ele>
   </trkpt>
   <trkpt lat="4.8036670" lon="-75.6555090">
    <ele>1591.1</ele>
   </trkpt>
   <trkpt lat="4.8036620" lon="-75.6554990">
    <ele>1591.0</ele>
   </trkpt>
   <trkpt lat="4.8036560" lon="-75.6554880">
    <ele>1590.9</ele>
   </trkpt>
   <trkpt lat="4.8036490" lon="-75.6554810">
    <ele>1590.8</ele>
   </trkpt>
   <trkpt lat="4.8036420" lon="-75.6554730">
    <ele>1590.7</ele>
   </trkpt>
   <trkpt lat="4.8036390" lon="-75.6554660">
    <ele>1590.6</ele>
   </trkpt>
   <trkpt lat="4.8036380" lon="-75.6554630">
    <ele>1590.6</ele>
   </trkpt>
   <trkpt lat="4.8036380" lon="-75.6554630">
    <ele>1590.6</ele>
   </trkpt>
   <trkpt lat="4.8036370" lon="-75.6554660">
    <ele>1590.6</ele>
   </trkpt>
   <trkpt lat="4.8036350" lon="-75.6554700">
    <ele>1590.5</ele>
   </trkpt>
   <trkpt lat="4.8036340" lon="-75.6554730">
    <ele>1590.5</ele>
   </trkpt>
   <trkpt lat="4.8036310" lon="-75.6554770">
    <ele>1590.4</ele>
   </trkpt>
   <trkpt lat="4.8036260" lon="-75.6554820">
    <ele>1590.4</ele>
   </trkpt>
   <trkpt lat="4.8036190" lon="-75.6554870">
    <ele>1590.3</ele>
   </trkpt>
   <trkpt lat="4.8036140" lon="-75.6554890">
    <ele>1590.2</ele>
   </trkpt>
   <trkpt lat="4.8036090" lon="-75.6554900">
    <ele>1590.2</ele>
   </trkpt>
   <trkpt lat="4.8036040" lon="-75.6554900">
    <ele>1590.2</ele>
   </trkpt>
   <trkpt lat="4.8035970" lon="-75.6554920">
    <ele>1590.1</ele>
   </trkpt>
   <trkpt lat="4.8035960" lon="-75.6554880">
    <ele>1590.0</ele>
   </trkpt>
   <trkpt lat="4.8035920" lon="-75.6554850">
    <ele>1590.0</ele>
   </trkpt>
   <trkpt lat="4.8035900" lon="-75.6554830">
    <ele>1590.0</ele>
   </trkpt>
   <trkpt lat="4.8035840" lon="-75.6554820">
    <ele>1589.9</ele>
   </trkpt>
   <trkpt lat="4.8035840" lon="-75.6554790">
    <ele>1589.9</ele>
   </trkpt>
   <trkpt lat="4.8035810" lon="-75.6554810">
    <ele>1589.9</ele>
   </trkpt>
   <trkpt lat="4.8035750" lon="-75.6554850">
    <ele>1589.8</ele>
   </trkpt>
   <trkpt lat="4.8035750" lon="-75.6554930">
    <ele>1589.7</ele>
   </trkpt>
   <trkpt lat="4.8035680" lon="-75.6554960">
    <ele>1589.6</ele>
   </trkpt>
   <trkpt lat="4.8035590" lon="-75.6554940">
    <ele>1589.6</ele>
   </trkpt>
   <trkpt lat="4.8035470" lon="-75.6554900">
    <ele>1589.4</ele>
   </trkpt>
   <trkpt lat="4.8035310" lon="-75.6554870">
    <ele>1589.3</ele>
   </trkpt>
   <trkpt lat="4.8035210" lon="-75.6554850">
    <ele>1589.2</ele>
   </trkpt>
   <trkpt lat="4.8035100" lon="-75.6554820">
    <ele>1589.1</ele>
   </trkpt>
   <trkpt lat="4.8034980" lon="-75.6554780">
    <ele>1589.0</ele>
   </trkpt>
   <trkpt lat="4.8034880" lon="-75.6554750">
    <ele>1588.9</ele>
   </trkpt>
   <trkpt lat="4.8034730" lon="-75.6554700">
    <ele>1588.7</ele>
   </trkpt>
   <trkpt lat="4.8034590" lon="-75.6554690">
    <ele>1588.6</ele>
   </trkpt>
   <trkpt lat="4.8034520" lon="-75.6554700">
    <ele>1588.5</ele>
   </trkpt>
   <trkpt lat="4.8034440" lon="-75.6554720">
    <ele>1588.4</ele>
   </trkpt>
   <trkpt lat="4.8034350" lon="-75.6554730">
    <ele>1588.4</ele>
   </trkpt>
   <trkpt lat="4.8034280" lon="-75.6554730">
    <ele>1588.3</ele>
   </trkpt>
   <trkpt lat="4.8034230" lon="-75.6554710">
    <ele>1588.3</ele>
   </trkpt>
   <trkpt lat="4.8034170" lon="-75.6554650">
    <ele>1588.2</ele>
   </trkpt>
   <trkpt lat="4.8034150" lon="-75.6554630">
    <ele>1588.1</ele>
   </trkpt>
   <trkpt lat="4.8034080" lon="-75.6554600">
    <ele>1588.1</ele>
   </trkpt>
   <trkpt lat="4.8034020" lon="-75.6554580">
    <ele>1588.0</ele>
   </trkpt>
   <trkpt lat="4.8033930" lon="-75.6554590">
    <ele>1587.9</ele>
   </trkpt>
   <trkpt lat="4.8033890" lon="-75.6554580">
    <ele>1587.9</ele>
   </trkpt>
   <trkpt lat="4.8033830" lon="-75.6554580">
    <ele>1587.8</ele>
   </trkpt>
   <trkpt lat="4.8033810" lon="-75.6554640">
    <ele>1587.8</ele>
   </trkpt>
   <trkpt lat="4.8033790" lon="-75.6554740">
    <ele>1587.7</ele>
   </trkpt>
   <trkpt lat="4.8033770" lon="-75.6554780">
    <ele>1587.7</ele>
   </trkpt>
   <trkpt lat="4.8033750" lon="-75.6554830">
    <ele>1587.6</ele>
   </trkpt>
   <trkpt lat="4.8033740" lon="-75.6554870">
    <ele>1587.6</ele>
   </trkpt>
   <trkpt lat="4.8033730" lon="-75.6554920">
    <ele>1587.5</ele>
   </trkpt>
   <trkpt lat="4.8033690" lon="-75.6554950">
    <ele>1587.5</ele>
   </trkpt>
   <trkpt lat="4.8033710" lon="-75.6554990">
    <ele>1587.4</ele>
   </trkpt>
   <trkpt lat="4.8033680" lon="-75.6555020">
    <ele>1587.4</ele>
   </trkpt>
   <trkpt lat="4.8033620" lon="-75.6555040">
    <ele>1587.3</ele>
   </trkpt>
   <trkpt lat="4.8033580" lon="-75.6555060">
    <ele>1587.3</ele>
   </trkpt>
   <trkpt lat="4.8033520" lon="-75.6555090">
    <ele>1587.2</ele>
   </trkpt>
   <trkpt lat="4.8033560" lon="-75.6555110">
    <ele>1587.2</ele>
   </trkpt>
   <trkpt lat="4.8033560" lon="-75.6555120">
    <ele>1587.2</ele>
   </trkpt>
   <trkpt lat="4.8033550" lon="-75.6555140">
    <ele>1587.2</ele>
   </trkpt>
   <trkpt lat="4.8033510" lon="-75.6555180">
    <ele>1587.1</ele>
   </trkpt>
   <trkpt lat="4.8033450" lon="-75.6555210">
    <ele>1587.1</ele>
   </trkpt>
   <trkpt lat="4.8033370" lon="-75.6555240">
    <ele>1587.0</ele>
   </trkpt>
   <trkpt lat="4.8033340" lon="-75.6555300">
    <ele>1586.9</ele>
   </trkpt>
   <trkpt lat="4.8033270" lon="-75.6555330">
    <ele>1586.9</ele>
   </trkpt>
   <trkpt lat="4.8033210" lon="-75.6555360">
    <ele>1586.8</ele>
   </trkpt>
   <trkpt lat="4.8033190" lon="-75.6555410">
    <ele>1586.8</ele>
   </trkpt>
   <trkpt lat="4.8033170" lon="-75.6555450">
    <ele>1586.7</ele>
   </trkpt>
   <trkpt lat="4.8033130" lon="-75.6555460">
    <ele>1586.7</ele>
   </trkpt>
   <trkpt lat="4.8033080" lon="-75.6555480">
    <ele>1586.6</ele>
   </trkpt>
   <trkpt lat="4.8033000" lon="-75.6555490">
    <ele>1586.6</ele>
   </trkpt>
   <trkpt lat="4.8032910" lon="-75.6555520">
    <ele>1586.5</ele>
   </trkpt>
   <trkpt lat="4.8032870" lon="-75.6555560">
    <ele>1586.4</ele>
   </trkpt>
   <trkpt lat="4.8032870" lon="-75.6555580">
    <ele>1586.4</ele>
   </trkpt>
   <trkpt lat="4.8032820" lon="-75.6555590">
    <ele>1586.4</ele>
   </trkpt>
   <trkpt lat="4.8032740" lon="-75.6555600">
    <ele>1586.3</ele>
   </trkpt>
   <trkpt lat="4.8032720" lon="-75.6555610">
    <ele>1586.3</ele>
   </trkpt>
   <trkpt lat="4.8032690" lon="-75.6555610">
    <ele>1586.3</ele>
   </trkpt>
   <trkpt lat="4.8032670" lon="-75.6555590">
    <ele>1586.2</ele>
   </trkpt>
   <trkpt lat="4.8032610" lon="-75.6555560">
    <ele>1586.2</ele>
   </trkpt>
   <trkpt lat="4.8032500" lon="-75.6555530">
    <ele>1586.1</ele>
   </trkpt>
   <trkpt lat="4.8032410" lon="-75.6555520">
    <ele>1586.0</ele>
   </trkpt>
   <trkpt lat="4.8032430" lon="-75.6555520">
    <ele>1586.0</ele>
   </trkpt>
   <trkpt lat="4.8032430" lon="-75.6555520">
    <ele>1586.0</ele>
   </trkpt>
   <trkpt lat="4.8032410" lon="-75.6555520">
    <ele>1586.0</ele>
   </trkpt>
   <trkpt lat="4.8032390" lon="-75.6555520">
    <ele>1586.0</ele>
   </trkpt>
   <trkpt lat="4.8032360" lon="-75.6555520">
    <ele>1585.9</ele>
   </trkpt>
   <trkpt lat="4.8032300" lon="-75.6555510">
    <ele>1585.9</ele>
   </trkpt>
   <trkpt lat="4.8032260" lon="-75.6555520">
    <ele>1585.8</ele>
   </trkpt>
   <trkpt lat="4.8032160" lon="-75.6555500">
    <ele>1585.8</ele>
   </trkpt>
   <trkpt lat="4.8032100" lon="-75.6555460">
    <ele>1585.7</ele>
   </trkpt>
   <trkpt lat="4.8032070" lon="-75.6555430">
    <ele>1585.7</ele>
   </trkpt>
   <trkpt lat="4.8031990" lon="-75.6555390">
    <ele>1585.6</ele>
   </trkpt>
   <trkpt lat="4.8031910" lon="-75.6555340">
    <ele>1585.5</ele>
   </trkpt>
   <trkpt lat="4.8031840" lon="-75.6555290">
    <ele>1585.4</ele>
   </trkpt>
   <trkpt lat="4.8031750" lon="-75.6555240">
    <ele>1585.4</ele>
   </trkpt>
   <trkpt lat="4.8031770" lon="-75.6555210">
    <ele>1585.3</ele>
   </trkpt>
   <trkpt lat="4.8031810" lon="-75.6555150">
    <ele>1585.3</ele>
   </trkpt>
   <trkpt lat="4.8031790" lon="-75.6555080">
    <ele>1585.2</ele>
   </trkpt>
   <trkpt lat="4.8031740" lon="-75.6555030">
    <ele>1585.2</ele>
   </trkpt>
   <trkpt lat="4.8031690" lon="-75.6555000">
    <ele>1585.1</ele>
   </trkpt>
   <trkpt lat="4.8031640" lon="-75.6554950">
    <ele>1585.1</ele>
   </trkpt>
   <trkpt lat="4.8031580" lon="-75.6554910">
    <ele>1585.0</ele>
   </trkpt>
   <trkpt lat="4.8031530" lon="-75.6554860">
    <ele>1584.9</ele>
   </trkpt>
   <trkpt lat="4.8031410" lon="-75.6554770">
    <ele>1584.8</ele>
   </trkpt>
   <trkpt lat="4.8031390" lon="-75.6554750">
    <ele>1584.8</ele>
   </trkpt>
   <trkpt lat="4.8031340" lon="-75.6554700">
    <ele>1584.7</ele>
   </trkpt>
   <trkpt lat="4.8031280" lon="-75.6554640">
    <ele>1584.7</ele>
   </trkpt>
   <trkpt lat="4.8031220" lon="-75.6554600">
    <ele>1584.6</ele>
   </trkpt>
   <trkpt lat="4.8031150" lon="-75.6554550">
    <ele>1584.5</ele>
   </trkpt>
   <trkpt lat="4.8031080" lon="-75.6554520">
    <ele>1584.5</ele>
   </trkpt>
   <trkpt lat="4.8031000" lon="-75.6554470">
    <ele>1584.4</ele>
   </trkpt>
   <trkpt lat="4.8030950" lon="-75.6554430">
    <ele>1584.3</ele>
   </trkpt>
   <trkpt lat="4.8030860" lon="-75.6554330">
    <ele>1584.2</ele>
   </trkpt>
   <trkpt lat="4.8030820" lon="-75.6554290">
    <ele>1584.2</ele>
   </trkpt>
   <trkpt lat="4.8030770" lon="-75.6554250">
    <ele>1584.1</ele>
   </trkpt>
   <trkpt lat="4.8030720" lon="-75.6554200">
    <ele>1584.0</ele>
   </trkpt>
   <trkpt lat="4.8030660" lon="-75.6554140">
    <ele>1584.0</ele>
   </trkpt>
   <trkpt lat="4.8030730" lon="-75.6554100">
    <ele>1583.9</ele>
   </trkpt>
   <trkpt lat="4.8031160" lon="-75.6554160">
    <ele>1583.5</ele>
   </trkpt>
   <trkpt lat="4.8031490" lon="-75.6554200">
    <ele>1583.2</ele>
   </trkpt>
   <trkpt lat="4.8031530" lon="-75.6554160">
    <ele>1583.1</ele>
   </trkpt>
   <trkpt lat="4.8031600" lon="-75.6554060">
    <ele>1583.0</ele>
   </trkpt>
   <trkpt lat="4.8031560" lon="-75.6553920">
    <ele>1582.8</ele>
   </trkpt>
   <trkpt lat="4.8031510" lon="-75.6553780">
    <ele>1582.7</ele>
   </trkpt>
   <trkpt lat="4.8031500" lon="-75.6553700">
    <ele>1582.6</ele>
   </trkpt>
   <trkpt lat="4.8031530" lon="-75.6553680">
    <ele>1582.6</ele>
   </trkpt>
   <trkpt lat="4.8031520" lon="-75.6553670">
    <ele>1582.6</ele>
   </trkpt>
   <trkpt lat="4.8031490" lon="-75.6553680">
    <ele>1582.5</ele>
   </trkpt>
   <trkpt lat="4.8031470" lon="-75.6553750">
    <ele>1582.5</ele>
   </trkpt>
   <trkpt lat="4.8031440" lon="-75.6553830">
    <ele>1582.4</ele>
   </trkpt>
   <trkpt lat="4.8031390" lon="-75.6553860">
    <ele>1582.3</ele>
   </trkpt>
   <trkpt lat="4.8031340" lon="-75.6553910">
    <ele>1582.3</ele>
   </trkpt>
   <trkpt lat="4.8031290" lon="-75.6553950">
    <ele>1582.2</ele>
   </trkpt>
   <trkpt lat="4.8031230" lon="-75.6553960">
    <ele>1582.1</ele>
   </trkpt>
   <trkpt lat="4.8031140" lon="-75.6553950">
    <ele>1582.0</ele>
   </trkpt>
   <trkpt lat="4.8031070" lon="-75.6553950">
    <ele>1582.0</ele>
   </trkpt>
   <trkpt lat="4.8031010" lon="-75.6553940">
    <ele>1581.9</ele>
   </trkpt>
   <trkpt lat="4.8030970" lon="-75.6553930">
    <ele>1581.9</ele>
   </trkpt>
   <trkpt lat="4.8030920" lon="-75.6553930">
    <ele>1581.8</ele>
   </trkpt>
   <trkpt lat="4.8030870" lon="-75.6553930">
    <ele>1581.8</ele>
   </trkpt>
   <trkpt lat="4.8030810" lon="-75.6553930">
    <ele>1581.7</ele>
   </trkpt>
   <trkpt lat="4.8030770" lon="-75.6553920">
    <ele>1581.7</ele>
   </trkpt>
   <trkpt lat="4.8030720" lon="-75.6553900">
    <ele>1581.6</ele>
   </trkpt>
   <trkpt lat="4.8030670" lon="-75.6553870">
    <ele>1581.5</ele>
   </trkpt>
   <trkpt lat="4.8030610" lon="-75.6553820">
    <ele>1581.5</ele>
   </trkpt>
   <trkpt lat="4.8030560" lon="-75.6553770">
    <ele>1581.4</ele>
   </trkpt>
   <trkpt lat="4.8030500" lon="-75.6553700">
    <ele>1581.3</ele>
   </trkpt>
   <trkpt lat="4.8030440" lon="-75.6553620">
    <ele>1581.2</ele>
   </trkpt>
   <trkpt lat="4.8030380" lon="-75.6553550">
    <ele>1581.1</ele>
   </trkpt>
   <trkpt lat="4.8030330" lon="-75.6553490">
    <ele>1581.0</ele>
   </trkpt>
   <trkpt lat="4.8030280" lon="-75.6553440">
    <ele>1580.9</ele>
   </trkpt>
   <trkpt lat="4.8030220" lon="-75.6553390">
    <ele>1580.9</ele>
   </trkpt>
   <trkpt lat="4.8030150" lon="-75.6553350">
    <ele>1580.8</ele>
   </trkpt>
   <trkpt lat="4.8030150" lon="-75.6553310">
    <ele>1580.7</ele>
   </trkpt>
   <trkpt lat="4.8030110" lon="-75.6553290">
    <ele>1580.7</ele>
   </trkpt>
   <trkpt lat="4.8030160" lon="-75.6553320">
    <ele>1580.6</ele>
   </trkpt>
   <trkpt lat="4.8030130" lon="-75.6553300">
    <ele>1580.6</ele>
   </trkpt>
   <trkpt lat="4.8030080" lon="-75.6553260">
    <ele>1580.5</ele>
   </trkpt>
   <trkpt lat="4.8030010" lon="-75.6553210">
    <ele>1580.5</ele>
   </trkpt>
   <trkpt lat="4.8029930" lon="-75.6553160">
    <ele>1580.4</ele>
   </trkpt>
   <trkpt lat="4.8029850" lon="-75.6553110">
    <ele>1580.3</ele>
   </trkpt>
   <trkpt lat="4.8029900" lon="-75.6553130">
    <ele>1580.2</ele>
   </trkpt>
   <trkpt lat="4.8029820" lon="-75.6553080">
    <ele>1580.1</ele>
   </trkpt>
   <trkpt lat="4.8029860" lon="-75.6553090">
    <ele>1580.1</ele>
   </trkpt>
   <trkpt lat="4.8029790" lon="-75.6553040">
    <ele>1580.0</ele>
   </trkpt>
   <trkpt lat="4.8029800" lon="-75.6553030">
    <ele>1580.0</ele>
   </trkpt>
   <trkpt lat="4.8029760" lon="-75.6552990">
    <ele>1579.9</ele>
   </trkpt>
   <trkpt lat="4.8029820" lon="-75.6553010">
    <ele>1579.8</ele>
   </trkpt>
   <trkpt lat="4.8029800" lon="-75.6552980">
    <ele>1579.8</ele>
   </trkpt>
   <trkpt lat="4.8029760" lon="-75.6552940">
    <ele>1579.8</ele>
   </trkpt>
   <trkpt lat="4.8029680" lon="-75.6552890">
    <ele>1579.7</ele>
   </trkpt>
   <trkpt lat="4.8029600" lon="-75.6552860">
    <ele>1579.6</ele>
   </trkpt>
   <trkpt lat="4.8029530" lon="-75.6552830">
    <ele>1579.5</ele>
   </trkpt>
   <trkpt lat="4.8029460" lon="-75.6552790">
    <ele>1579.4</ele>
   </trkpt>
   <trkpt lat="4.8029440" lon="-75.6552750">
    <ele>1579.4</ele>
   </trkpt>
   <trkpt lat="4.8029480" lon="-75.6552740">
    <ele>1579.3</ele>
   </trkpt>
   <trkpt lat="4.8029490" lon="-75.6552710">
    <ele>1579.3</ele>
   </trkpt>
   <trkpt lat="4.8029550" lon="-75.6552690">
    <ele>1579.3</ele>
   </trkpt>
   <trkpt lat="4.8029560" lon="-75.6552670">
    <ele>1579.2</ele>
   </trkpt>
   <trkpt lat="4.8029540" lon="-75.6552610">
    <ele>1579.2</ele>
   </trkpt>
   <trkpt lat="4.8029520" lon="-75.6552550">
    <ele>1579.1</ele>
   </trkpt>
   <trkpt lat="4.8029500" lon="-75.6552470">
    <ele>1579.0</ele>
   </trkpt>
   <trkpt lat="4.8029490" lon="-75.6552380">
    <ele>1578.9</ele>
   </trkpt>
   <trkpt lat="4.8029480" lon="-75.6552300">
    <ele>1578.9</ele>
   </trkpt>
   <trkpt lat="4.8029460" lon="-75.6552210">
    <ele>1578.8</ele>
   </trkpt>
   <trkpt lat="4.8029440" lon="-75.6552120">
    <ele>1578.7</ele>
   </trkpt>
   <trkpt lat="4.8029390" lon="-75.6552010">
    <ele>1578.6</ele>
   </trkpt>
   <trkpt lat="4.8029350" lon="-75.6551970">
    <ele>1578.5</ele>
   </trkpt>
   <trkpt lat="4.8029310" lon="-75.6551920">
    <ele>1578.5</ele>
   </trkpt>
   <trkpt lat="4.8029310" lon="-75.6551860">
    <ele>1578.4</ele>
   </trkpt>
   <trkpt lat="4.8029260" lon="-75.6551780">
    <ele>1578.3</ele>
   </trkpt>
   <trkpt lat="4.8029220" lon="-75.6551690">
    <ele>1578.2</ele>
   </trkpt>
   <trkpt lat="4.8029190" lon="-75.6551630">
    <ele>1578.2</ele>
   </trkpt>
   <trkpt lat="4.8029130" lon="-75.6551490">
    <ele>1578.0</ele>
   </trkpt>
   <trkpt lat="4.8029120" lon="-75.6551450">
    <ele>1578.0</ele>
   </trkpt>
   <trkpt lat="4.8029100" lon="-75.6551370">
    <ele>1577.9</ele>
   </trkpt>
   <trkpt lat="4.8029060" lon="-75.6551260">
    <ele>1577.8</ele>
   </trkpt>
   <trkpt lat="4.8029010" lon="-75.6551170">
    <ele>1577.7</ele>
   </trkpt>
   <trkpt lat="4.8028950" lon="-75.6551070">
    <ele>1577.6</ele>
   </trkpt>
   <trkpt lat="4.8028880" lon="-75.6550980">
    <ele>1577.5</ele>
   </trkpt>
   <trkpt lat="4.8028820" lon="-75.6550880">
    <ele>1577.4</ele>
   </trkpt>
   <trkpt lat="4.8028750" lon="-75.6550800">
    <ele>1577.3</ele>
   </trkpt>
   <trkpt lat="4.8028680" lon="-75.6550710">
    <ele>1577.2</ele>
   </trkpt>
   <trkpt lat="4.8028630" lon="-75.6550630">
    <ele>1577.2</ele>
   </trkpt>
   <trkpt lat="4.8028570" lon="-75.6550510">
    <ele>1577.0</ele>
   </trkpt>
   <trkpt lat="4.8028510" lon="-75.6550520">
    <ele>1577.0</ele>
   </trkpt>
   <trkpt lat="4.8028460" lon="-75.6550560">
    <ele>1576.9</ele>
   </trkpt>
   <trkpt lat="4.8028420" lon="-75.6550570">
    <ele>1576.9</ele>
   </trkpt>
   <trkpt lat="4.8028430" lon="-75.6550710">
    <ele>1576.8</ele>
   </trkpt>
   <trkpt lat="4.8028450" lon="-75.6550870">
    <ele>1576.7</ele>
   </trkpt>
   <trkpt lat="4.8028480" lon="-75.6551030">
    <ele>1576.5</ele>
   </trkpt>
   <trkpt lat="4.8028470" lon="-75.6551050">
    <ele>1576.5</ele>
   </trkpt>
   <trkpt lat="4.8028450" lon="-75.6551080">
    <ele>1576.5</ele>
   </trkpt>
   <trkpt lat="4.8028410" lon="-75.6551110">
    <ele>1576.5</ele>
   </trkpt>
   <trkpt lat="4.8028360" lon="-75.6551130">
    <ele>1576.4</ele>
   </trkpt>
   <trkpt lat="4.8028300" lon="-75.6551150">
    <ele>1576.4</ele>
   </trkpt>
   <trkpt lat="4.8028260" lon="-75.6551150">
    <ele>1576.3</ele>
   </trkpt>
   <trkpt lat="4.8028150" lon="-75.6551160">
    <ele>1576.2</ele>
   </trkpt>
   <trkpt lat="4.8027950" lon="-75.6551160">
    <ele>1576.1</ele>
   </trkpt>
   <trkpt lat="4.8027840" lon="-75.6551160">
    <ele>1576.0</ele>
   </trkpt>
   <trkpt lat="4.8027680" lon="-75.6551140">
    <ele>1575.9</ele>
   </trkpt>
   <trkpt lat="4.8027510" lon="-75.6551070">
    <ele>1575.7</ele>
   </trkpt>
   <trkpt lat="4.8027380" lon="-75.6551030">
    <ele>1575.6</ele>
   </trkpt>
   <trkpt lat="4.8027270" lon="-75.6551010">
    <ele>1575.5</ele>
   </trkpt>
   <trkpt lat="4.8027050" lon="-75.6550970">
    <ele>1575.3</ele>
   </trkpt>
   <trkpt lat="4.8026990" lon="-75.6550940">
    <ele>1575.3</ele>
   </trkpt>
   <trkpt lat="4.8026880" lon="-75.6550920">
    <ele>1575.2</ele>
   </trkpt>
   <trkpt lat="4.8026770" lon="-75.6550910">
    <ele>1575.1</ele>
   </trkpt>
   <trkpt lat="4.8026650" lon="-75.6550940">
    <ele>1575.0</ele>
   </trkpt>
   <trkpt lat="4.8026550" lon="-75.6550990">
    <ele>1574.9</ele>
   </trkpt>
   <trkpt lat="4.8026450" lon="-75.6551020">
    <ele>1574.8</ele>
   </trkpt>
   <trkpt lat="4.8026350" lon="-75.6551060">
    <ele>1574.7</ele>
   </trkpt>
   <trkpt lat="4.8026280" lon="-75.6551100">
    <ele>1574.6</ele>
   </trkpt>
   <trkpt lat="4.8026210" lon="-75.6551160">
    <ele>1574.5</ele>
   </trkpt>
   <trkpt lat="4.8026150" lon="-75.6551250">
    <ele>1574.4</ele>
   </trkpt>
   <trkpt lat="4.8026090" lon="-75.6551340">
    <ele>1574.3</ele>
   </trkpt>
   <trkpt lat="4.8026030" lon="-75.6551420">
    <ele>1574.2</ele>
   </trkpt>
   <trkpt lat="4.8025940" lon="-75.6551500">
    <ele>1574.0</ele>
   </trkpt>
   <trkpt lat="4.8025880" lon="-75.6551540">
    <ele>1574.0</ele>
   </trkpt>
   <trkpt lat="4.8025810" lon="-75.6551560">
    <ele>1573.9</ele>
   </trkpt>
   <trkpt lat="4.8025750" lon="-75.6551570">
    <ele>1573.8</ele>
   </trkpt>
   <trkpt lat="4.8025690" lon="-75.6551550">
    <ele>1573.8</ele>
   </trkpt>
   <trkpt lat="4.8025640" lon="-75.6551520">
    <ele>1573.7</ele>
   </trkpt>
   <trkpt lat="4.8025600" lon="-75.6551480">
    <ele>1573.6</ele>
   </trkpt>
   <trkpt lat="4.8025580" lon="-75.6551500">
    <ele>1573.6</ele>
   </trkpt>
   <trkpt lat="4.8025570" lon="-75.6551500">
    <ele>1573.6</ele>
   </trkpt>
   <trkpt lat="4.8025560" lon="-75.6551490">
    <ele>1573.6</ele>
   </trkpt>
   <trkpt lat="4.8025500" lon="-75.6551510">
    <ele>1573.5</ele>
   </trkpt>
   <trkpt lat="4.8025470" lon="-75.6551510">
    <ele>1573.5</ele>
   </trkpt>
   <trkpt lat="4.8025420" lon="-75.6551520">
    <ele>1573.4</ele>
   </trkpt>
   <trkpt lat="4.8025350" lon="-75.6551520">
    <ele>1573.3</ele>
   </trkpt>
   <trkpt lat="4.8025260" lon="-75.6551530">
    <ele>1573.2</ele>
   </trkpt>
   <trkpt lat="4.8025190" lon="-75.6551550">
    <ele>1573.1</ele>
   </trkpt>
   <trkpt lat="4.8025150" lon="-75.6551550">
    <ele>1573.1</ele>
   </trkpt>
   <trkpt lat="4.8025060" lon="-75.6551540">
    <ele>1573.0</ele>
   </trkpt>
   <trkpt lat="4.8024950" lon="-75.6551560">
    <ele>1572.8</ele>
   </trkpt>
   <trkpt lat="4.8024860" lon="-75.6551590">
    <ele>1572.7</ele>
   </trkpt>
   <trkpt lat="4.8024870" lon="-75.6551620">
    <ele>1572.7</ele>
   </trkpt>
   <trkpt lat="4.8024870" lon="-75.6551660">
    <ele>1572.6</ele>
   </trkpt>
   <trkpt lat="4.8024860" lon="-75.6551700">
    <ele>1572.6</ele>
   </trkpt>
   <trkpt lat="4.8024850" lon="-75.6551750">
    <ele>1572.5</ele>
   </trkpt>
   <trkpt lat="4.8024840" lon="-75.6551820">
    <ele>1572.4</ele>
   </trkpt>
   <trkpt lat="4.8024840" lon="-75.6551910">
    <ele>1572.3</ele>
   </trkpt>
   <trkpt lat="4.8024810" lon="-75.6551990">
    <ele>1572.2</ele>
   </trkpt>
   <trkpt lat="4.8024750" lon="-75.6552050">
    <ele>1572.1</ele>
   </trkpt>
   <trkpt lat="4.8024680" lon="-75.6552090">
    <ele>1572.0</ele>
   </trkpt>
   <trkpt lat="4.8024710" lon="-75.6552180">
    <ele>1571.8</ele>
   </trkpt>
   <trkpt lat="4.8024790" lon="-75.6552300">
    <ele>1571.6</ele>
   </trkpt>
   <trkpt lat="4.8024830" lon="-75.6552310">
    <ele>1571.6</ele>
   </trkpt>
   <trkpt lat="4.8024890" lon="-75.6552350">
    <ele>1571.5</ele>
   </trkpt>
   <trkpt lat="4.8024920" lon="-75.6552400">
    <ele>1571.4</ele>
   </trkpt>
   <trkpt lat="4.8024890" lon="-75.6552460">
    <ele>1571.3</ele>
   </trkpt>
   <trkpt lat="4.8024810" lon="-75.6552550">
    <ele>1571.2</ele>
   </trkpt>
   <trkpt lat="4.8024740" lon="-75.6552630">
    <ele>1571.0</ele>
   </trkpt>
   <trkpt lat="4.8024720" lon="-75.6552610">
    <ele>1571.0</ele>
   </trkpt>
   <trkpt lat="4.8024640" lon="-75.6552660">
    <ele>1570.9</ele>
   </trkpt>
   <trkpt lat="4.8024590" lon="-75.6552650">
    <ele>1570.8</ele>
   </trkpt>
   <trkpt lat="4.8024530" lon="-75.6552650">
    <ele>1570.7</ele>
   </trkpt>
   <trkpt lat="4.8024440" lon="-75.6552690">
    <ele>1570.6</ele>
   </trkpt>
   <trkpt lat="4.8024340" lon="-75.6552760">
    <ele>1570.4</ele>
   </trkpt>
   <trkpt lat="4.8024240" lon="-75.6552830">
    <ele>1570.3</ele>
   </trkpt>
   <trkpt lat="4.8024230" lon="-75.6552700">
    <ele>1570.1</ele>
   </trkpt>
   <trkpt lat="4.8024180" lon="-75.6552650">
    <ele>1570.0</ele>
   </trkpt>
   <trkpt lat="4.8024090" lon="-75.6552590">
    <ele>1569.9</ele>
   </trkpt>
   <trkpt lat="4.8023970" lon="-75.6552520">
    <ele>1569.7</ele>
   </trkpt>
   <trkpt lat="4.8023860" lon="-75.6552430">
    <ele>1569.5</ele>
   </trkpt>
   <trkpt lat="4.8023750" lon="-75.6552360">
    <ele>1569.4</ele>
   </trkpt>
   <trkpt lat="4.8023660" lon="-75.6552320">
    <ele>1569.3</ele>
   </trkpt>
   <trkpt lat="4.8023580" lon="-75.6552300">
    <ele>1569.2</ele>
   </trkpt>
   <trkpt lat="4.8023510" lon="-75.6552280">
    <ele>1569.1</ele>
   </trkpt>
   <trkpt lat="4.8023460" lon="-75.6552260">
    <ele>1569.0</ele>
   </trkpt>
   <trkpt lat="4.8023380" lon="-75.6552260">
    <ele>1568.9</ele>
   </trkpt>
   <trkpt lat="4.8023330" lon="-75.6552250">
    <ele>1568.9</ele>
   </trkpt>
   <trkpt lat="4.8023320" lon="-75.6552210">
    <ele>1568.8</ele>
   </trkpt>
   <trkpt lat="4.8023310" lon="-75.6552170">
    <ele>1568.8</ele>
   </trkpt>
   <trkpt lat="4.8023250" lon="-75.6552130">
    <ele>1568.7</ele>
   </trkpt>
   <trkpt lat="4.8023170" lon="-75.6552110">
    <ele>1568.6</ele>
   </trkpt>
   <trkpt lat="4.8023060" lon="-75.6552120">
    <ele>1568.5</ele>
   </trkpt>
   <trkpt lat="4.8022870" lon="-75.6552130">
    <ele>1568.3</ele>
   </trkpt>
   <trkpt lat="4.8022820" lon="-75.6552120">
    <ele>1568.2</ele>
   </trkpt>
   <trkpt lat="4.8022750" lon="-75.6552100">
    <ele>1568.1</ele>
   </trkpt>
   <trkpt lat="4.8022660" lon="-75.6552090">
    <ele>1568.0</ele>
   </trkpt>
   <trkpt lat="4.8022590" lon="-75.6552070">
    <ele>1567.9</ele>
   </trkpt>
   <trkpt lat="4.8022500" lon="-75.6552010">
    <ele>1567.8</ele>
   </trkpt>
   <trkpt lat="4.8022450" lon="-75.6551950">
    <ele>1567.7</ele>
   </trkpt>
   <trkpt lat="4.8022430" lon="-75.6551950">
    <ele>1567.7</ele>
   </trkpt>
   <trkpt lat="4.8022380" lon="-75.6551920">
    <ele>1567.6</ele>
   </trkpt>
   <trkpt lat="4.8022300" lon="-75.6551920">
    <ele>1567.6</ele>
   </trkpt>
   <trkpt lat="4.8022220" lon="-75.6551910">
    <ele>1567.5</ele>
   </trkpt>
   <trkpt lat="4.8022130" lon="-75.6551860">
    <ele>1567.4</ele>
   </trkpt>
   <trkpt lat="4.8022040" lon="-75.6551800">
    <ele>1567.2</ele>
   </trkpt>
   <trkpt lat="4.8021960" lon="-75.6551720">
    <ele>1567.1</ele>
   </trkpt>
   <trkpt lat="4.8021940" lon="-75.6551730">
    <ele>1567.1</ele>
   </trkpt>
   <trkpt lat="4.8021900" lon="-75.6551770">
    <ele>1567.0</ele>
   </trkpt>
   <trkpt lat="4.8021830" lon="-75.6551740">
    <ele>1567.0</ele>
   </trkpt>
   <trkpt lat="4.8021750" lon="-75.6551700">
    <ele>1566.9</ele>
   </trkpt>
   <trkpt lat="4.8021650" lon="-75.6551640">
    <ele>1566.7</ele>
   </trkpt>
   <trkpt lat="4.8021640" lon="-75.6551690">
    <ele>1566.7</ele>
   </trkpt>
   <trkpt lat="4.8021610" lon="-75.6551780">
    <ele>1566.6</ele>
   </trkpt>
   <trkpt lat="4.8021550" lon="-75.6551740">
    <ele>1566.5</ele>
   </trkpt>
   <trkpt lat="4.8021480" lon="-75.6551690">
    <ele>1566.4</ele>
   </trkpt>
   <trkpt lat="4.8021390" lon="-75.6551650">
    <ele>1566.3</ele>
   </trkpt>
   <trkpt lat="4.8021360" lon="-75.6551610">
    <ele>1566.3</ele>
   </trkpt>
   <trkpt lat="4.8021430" lon="-75.6551540">
    <ele>1566.2</ele>
   </trkpt>
   <trkpt lat="4.8021460" lon="-75.6551450">
    <ele>1566.1</ele>
   </trkpt>
   <trkpt lat="4.8021490" lon="-75.6551270">
    <ele>1565.9</ele>
   </trkpt>
   <trkpt lat="4.8021550" lon="-75.6551070">
    <ele>1565.7</ele>
   </trkpt>
   <trkpt lat="4.8021580" lon="-75.6550900">
    <ele>1565.5</ele>
   </trkpt>
   <trkpt lat="4.8021580" lon="-75.6550690">
    <ele>1565.3</ele>
   </trkpt>
   <trkpt lat="4.8021550" lon="-75.6550660">
    <ele>1565.3</ele>
   </trkpt>
   <trkpt lat="4.8021510" lon="-75.6550600">
    <ele>1565.2</ele>
   </trkpt>
   <trkpt lat="4.8021480" lon="-75.6550530">
    <ele>1565.1</ele>
   </trkpt>
   <trkpt lat="4.8021470" lon="-75.6550450">
    <ele>1565.0</ele>
   </trkpt>
   <trkpt lat="4.8021440" lon="-75.6550380">
    <ele>1565.0</ele>
   </trkpt>
   <trkpt lat="4.8021440" lon="-75.6550290">
    <ele>1564.9</ele>
   </trkpt>
   <trkpt lat="4.8021450" lon="-75.6550240">
    <ele>1564.8</ele>
   </trkpt>
   <trkpt lat="4.8021430" lon="-75.6550180">
    <ele>1564.8</ele>
   </trkpt>
   <trkpt lat="4.8021380" lon="-75.6550160">
    <ele>1564.7</ele>
   </trkpt>
   <trkpt lat="4.8021370" lon="-75.6550150">
    <ele>1564.7</ele>
   </trkpt>
   <trkpt lat="4.8021370" lon="-75.6550100">
    <ele>1564.7</ele>
   </trkpt>
   <trkpt lat="4.8021380" lon="-75.6550020">
    <ele>1564.6</ele>
   </trkpt>
   <trkpt lat="4.8021420" lon="-75.6550110">
    <ele>1564.5</ele>
   </trkpt>
   <trkpt lat="4.8021450" lon="-75.6550110">
    <ele>1564.4</ele>
   </trkpt>
   <trkpt lat="4.8021460" lon="-75.6550070">
    <ele>1564.4</ele>
   </trkpt>
   <trkpt lat="4.8021490" lon="-75.6550010">
    <ele>1564.3</ele>
   </trkpt>
   <trkpt lat="4.8021540" lon="-75.6550080">
    <ele>1564.3</ele>
   </trkpt>
   <trkpt lat="4.8021560" lon="-75.6550130">
    <ele>1564.2</ele>
   </trkpt>
   <trkpt lat="4.8021590" lon="-75.6550100">
    <ele>1564.2</ele>
   </trkpt>
   <trkpt lat="4.8021640" lon="-75.6550010">
    <ele>1564.1</ele>
   </trkpt>
   <trkpt lat="4.8021700" lon="-75.6549890">
    <ele>1563.9</ele>
   </trkpt>
   <trkpt lat="4.8021750" lon="-75.6549770">
    <ele>1563.8</ele>
   </trkpt>
   <trkpt lat="4.8021790" lon="-75.6549680">
    <ele>1563.7</ele>
   </trkpt>
   <trkpt lat="4.8021760" lon="-75.6549720">
    <ele>1563.7</ele>
   </trkpt>
   <trkpt lat="4.8021800" lon="-75.6549630">
    <ele>1563.6</ele>
   </trkpt>
   <trkpt lat="4.8021820" lon="-75.6549570">
    <ele>1563.5</ele>
   </trkpt>
   <trkpt lat="4.8021840" lon="-75.6549490">
    <ele>1563.4</ele>
   </trkpt>
   <trkpt lat="4.8021820" lon="-75.6549540">
    <ele>1563.4</ele>
   </trkpt>
   <trkpt lat="4.8021790" lon="-75.6549580">
    <ele>1563.3</ele>
   </trkpt>
   <trkpt lat="4.8021700" lon="-75.6549660">
    <ele>1563.2</ele>
   </trkpt>
   <trkpt lat="4.8021600" lon="-75.6549780">
    <ele>1563.0</ele>
   </trkpt>
   <trkpt lat="4.8021560" lon="-75.6549790">
    <ele>1563.0</ele>
   </trkpt>
   <trkpt lat="4.8021580" lon="-75.6549820">
    <ele>1563.0</ele>
   </trkpt>
   <trkpt lat="4.8021660" lon="-75.6549860">
    <ele>1562.9</ele>
   </trkpt>
   <trkpt lat="4.8021780" lon="-75.6550060">
    <ele>1562.6</ele>
   </trkpt>
   <trkpt lat="4.8021800" lon="-75.6550100">
    <ele>1562.6</ele>
   </trkpt>
   <trkpt lat="4.8021840" lon="-75.6550100">
    <ele>1562.6</ele>
   </trkpt>
   <trkpt lat="4.8021890" lon="-75.6550050">
    <ele>1562.5</ele>
   </trkpt>
   <trkpt lat="4.8021990" lon="-75.6550040">
    <ele>1562.4</ele>
   </trkpt>
   <trkpt lat="4.8022100" lon="-75.6550020">
    <ele>1562.3</ele>
   </trkpt>
   <trkpt lat="4.8022210" lon="-75.6550000">
    <ele>1562.2</ele>
   </trkpt>
   <trkpt lat="4.8022300" lon="-75.6549980">
    <ele>1562.1</ele>
   </trkpt>
   <trkpt lat="4.8022430" lon="-75.6549970">
    <ele>1561.9</ele>
   </trkpt>
   <trkpt lat="4.8022560" lon="-75.6549940">
    <ele>1561.8</ele>
   </trkpt>
   <trkpt lat="4.8022640" lon="-75.6549910">
    <ele>1561.7</ele>
   </trkpt>
   <trkpt lat="4.8022750" lon="-75.6549860">
    <ele>1561.6</ele>
   </trkpt>
   <trkpt lat="4.8022840" lon="-75.6549780">
    <ele>1561.5</ele>
   </trkpt>
   <trkpt lat="4.8022920" lon="-75.6549680">
    <ele>1561.4</ele>
   </trkpt>
   <trkpt lat="4.8022980" lon="-75.6549550">
    <ele>1561.2</ele>
   </trkpt>
   <trkpt lat="4.8023030" lon="-75.6549410">
    <ele>1561.1</ele>
   </trkpt>
   <trkpt lat="4.8023070" lon="-75.6549280">
    <ele>1560.9</ele>
   </trkpt>
   <trkpt lat="4.8023130" lon="-75.6549060">
    <ele>1560.7</ele>
   </trkpt>
   <trkpt lat="4.8023150" lon="-75.6549010">
    <ele>1560.7</ele>
   </trkpt>
   <trkpt lat="4.8023120" lon="-75.6548860">
    <ele>1560.5</ele>
   </trkpt>
   <trkpt lat="4.8023130" lon="-75.6548720">
    <ele>1560.4</ele>
   </trkpt>
   <trkpt lat="4.8023170" lon="-75.6548630">
    <ele>1560.3</ele>
   </trkpt>
   <trkpt lat="4.8023190" lon="-75.6548500">
    <ele>1560.1</ele>
   </trkpt>
   <trkpt lat="4.8023220" lon="-75.6548410">
    <ele>1560.0</ele>
   </trkpt>
   <trkpt lat="4.8023220" lon="-75.6548270">
    <ele>1559.9</ele>
   </trkpt>
   <trkpt lat="4.8023180" lon="-75.6548150">
    <ele>1559.8</ele>
   </trkpt>
   <trkpt lat="4.8023200" lon="-75.6548010">
    <ele>1559.6</ele>
   </trkpt>
   <trkpt lat="4.8023150" lon="-75.6547890">
    <ele>1559.5</ele>
   </trkpt>
   <trkpt lat="4.8023140" lon="-75.6547760">
    <ele>1559.4</ele>
   </trkpt>
   <trkpt lat="4.8023140" lon="-75.6547610">
    <ele>1559.2</ele>
   </trkpt>
   <trkpt lat="4.8023160" lon="-75.6547490">
    <ele>1559.1</ele>
   </trkpt>
   <trkpt lat="4.8023150" lon="-75.6547360">
    <ele>1559.0</ele>
   </trkpt>
   <trkpt lat="4.8023110" lon="-75.6547190">
    <ele>1558.8</ele>
   </trkpt>
   <trkpt lat="4.8023060" lon="-75.6547040">
    <ele>1558.6</ele>
   </trkpt>
   <trkpt lat="4.8023040" lon="-75.6546930">
    <ele>1558.5</ele>
   </trkpt>
   <trkpt lat="4.8023070" lon="-75.6546820">
    <ele>1558.4</ele>
   </trkpt>
   <trkpt lat="4.8023130" lon="-75.6546770">
    <ele>1558.3</ele>
   </trkpt>
   <trkpt lat="4.8023200" lon="-75.6546730">
    <ele>1558.3</ele>
   </trkpt>
   <trkpt lat="4.8023280" lon="-75.6546700">
    <ele>1558.2</ele>
   </trkpt>
   <trkpt lat="4.8023350" lon="-75.6546660">
    <ele>1558.1</ele>
   </trkpt>
   <trkpt lat="4.8023410" lon="-75.6546660">
    <ele>1558.0</ele>
   </trkpt>
   <trkpt lat="4.8023540" lon="-75.6546700">
    <ele>1557.9</ele>
   </trkpt>
   <trkpt lat="4.8023620" lon="-75.6546750">
    <ele>1557.8</ele>
   </trkpt>
   <trkpt lat="4.8023690" lon="-75.6546800">
    <ele>1557.7</ele>
   </trkpt>
   <trkpt lat="4.8023740" lon="-75.6546780">
    <ele>1557.7</ele>
   </trkpt>
   <trkpt lat="4.8023770" lon="-75.6546720">
    <ele>1557.6</ele>
   </trkpt>
   <trkpt lat="4.8023780" lon="-75.6546660">
    <ele>1557.5</ele>
   </trkpt>
   <trkpt lat="4.8023860" lon="-75.6546720">
    <ele>1557.4</ele>
   </trkpt>
   <trkpt lat="4.8023960" lon="-75.6546720">
    <ele>1557.3</ele>
   </trkpt>
   <trkpt lat="4.8024070" lon="-75.6546720">
    <ele>1557.2</ele>
   </trkpt>
   <trkpt lat="4.8024220" lon="-75.6546730">
    <ele>1557.1</ele>
   </trkpt>
   <trkpt lat="4.8024350" lon="-75.6546720">
    <ele>1557.0</ele>
   </trkpt>
   <trkpt lat="4.8024490" lon="-75.6546700">
    <ele>1556.8</ele>
   </trkpt>
   <trkpt lat="4.8024600" lon="-75.6546670">
    <ele>1556.7</ele>
   </trkpt>
   <trkpt lat="4.8024650" lon="-75.6546650">
    <ele>1556.6</ele>
   </trkpt>
   <trkpt lat="4.8024660" lon="-75.6546640">
    <ele>1556.6</ele>
   </trkpt>
   <trkpt lat="4.8024710" lon="-75.6546620">
    <ele>1556.6</ele>
   </trkpt>
   <trkpt lat="4.8024720" lon="-75.6546630">
    <ele>1556.6</ele>
   </trkpt>
   <trkpt lat="4.8024740" lon="-75.6546620">
    <ele>1556.5</ele>
   </trkpt>
   <trkpt lat="4.8024780" lon="-75.6546590">
    <ele>1556.5</ele>
   </trkpt>
   <trkpt lat="4.8024850" lon="-75.6546560">
    <ele>1556.4</ele>
   </trkpt>
   <trkpt lat="4.8024910" lon="-75.6546520">
    <ele>1556.3</ele>
   </trkpt>
   <trkpt lat="4.8024950" lon="-75.6546490">
    <ele>1556.3</ele>
   </trkpt>
   <trkpt lat="4.8025010" lon="-75.6546460">
    <ele>1556.2</ele>
   </trkpt>
   <trkpt lat="4.8025030" lon="-75.6546450">
    <ele>1556.2</ele>
   </trkpt>
   <trkpt lat="4.8025070" lon="-75.6546410">
    <ele>1556.1</ele>
   </trkpt>
   <trkpt lat="4.8025130" lon="-75.6546380">
    <ele>1556.1</ele>
   </trkpt>
   <trkpt lat="4.8025200" lon="-75.6546390">
    <ele>1556.0</ele>
   </trkpt>
   <trkpt lat="4.8025240" lon="-75.6546390">
    <ele>1556.0</ele>
   </trkpt>
   <trkpt lat="4.8025280" lon="-75.6546390">
    <ele>1555.9</ele>
   </trkpt>
   <trkpt lat="4.8025320" lon="-75.6546380">
    <ele>1555.9</ele>
   </trkpt>
   <trkpt lat="4.8025330" lon="-75.6546360">
    <ele>1555.9</ele>
   </trkpt>
   <trkpt lat="4.8025340" lon="-75.6546350">
    <ele>1555.9</ele>
   </trkpt>
   <trkpt lat="4.8025320" lon="-75.6546380">
    <ele>1555.8</ele>
   </trkpt>
   <trkpt lat="4.8025260" lon="-75.6546420">
    <ele>1555.7</ele>
   </trkpt>
   <trkpt lat="4.8025150" lon="-75.6546450">
    <ele>1555.6</ele>
   </trkpt>
   <trkpt lat="4.8025080" lon="-75.6546460">
    <ele>1555.6</ele>
   </trkpt>
   <trkpt lat="4.8025030" lon="-75.6546480">
    <ele>1555.5</ele>
   </trkpt>
   <trkpt lat="4.8024980" lon="-75.6546510">
    <ele>1555.5</ele>
   </trkpt>
   <trkpt lat="4.8024940" lon="-75.6546520">
    <ele>1555.4</ele>
   </trkpt>
   <trkpt lat="4.8024900" lon="-75.6546530">
    <ele>1555.4</ele>
   </trkpt>
   <trkpt lat="4.8024840" lon="-75.6546530">
    <ele>1555.3</ele>
   </trkpt>
   <trkpt lat="4.8024770" lon="-75.6546530">
    <ele>1555.3</ele>
   </trkpt>
   <trkpt lat="4.8024730" lon="-75.6546520">
    <ele>1555.2</ele>
   </trkpt>
   <trkpt lat="4.8024690" lon="-75.6546510">
    <ele>1555.2</ele>
   </trkpt>
   <trkpt lat="4.8024630" lon="-75.6546510">
    <ele>1555.1</ele>
   </trkpt>
   <trkpt lat="4.8024620" lon="-75.6546500">
    <ele>1555.1</ele>
   </trkpt>
   <trkpt lat="4.8024560" lon="-75.6546490">
    <ele>1555.1</ele>
   </trkpt>
   <trkpt lat="4.8024530" lon="-75.6546480">
    <ele>1555.0</ele>
   </trkpt>
   <trkpt lat="4.8024510" lon="-75.6546470">
    <ele>1555.0</ele>
   </trkpt>
   <trkpt lat="4.8024500" lon="-75.6546470">
    <ele>1555.0</ele>
   </trkpt>
   <trkpt lat="4.8024500" lon="-75.6546480">
    <ele>1555.0</ele>
   </trkpt>
   <trkpt lat="4.8024480" lon="-75.6546480">
    <ele>1555.0</ele>
   </trkpt>
   <trkpt lat="4.8024470" lon="-75.6546480">
    <ele>1555.0</ele>
   </trkpt>
   <trkpt lat="4.8024460" lon="-75.6546470">
    <ele>1555.0</ele>
   </trkpt>
   <trkpt lat="4.8024460" lon="-75.6546450">
    <ele>1555.0</ele>
   </trkpt>
   <trkpt lat="4.8024440" lon="-75.6546460">
    <ele>1554.9</ele>
   </trkpt>
   <trkpt lat="4.8024430" lon="-75.6546470">
    <ele>1554.9</ele>
   </trkpt>
   <trkpt lat="4.8024420" lon="-75.6546450">
    <ele>1554.9</ele>
   </trkpt>
   <trkpt lat="4.8024410" lon="-75.6546330">
    <ele>1554.8</ele>
   </trkpt>
   <trkpt lat="4.8024420" lon="-75.6546230">
    <ele>1554.7</ele>
   </trkpt>
   <trkpt lat="4.8024410" lon="-75.6546100">
    <ele>1554.6</ele>
   </trkpt>
   <trkpt lat="4.8024390" lon="-75.6546080">
    <ele>1554.6</ele>
   </trkpt>
   <trkpt lat="4.8024380" lon="-75.6545950">
    <ele>1554.5</ele>
   </trkpt>
   <trkpt lat="4.8024380" lon="-75.6545910">
    <ele>1554.4</ele>
   </trkpt>
   <trkpt lat="4.8024370" lon="-75.6545840">
    <ele>1554.4</ele>
   </trkpt>
   <trkpt lat="4.8024370" lon="-75.6545880">
    <ele>1554.3</ele>
   </trkpt>
   <trkpt lat="4.8024370" lon="-75.6545800">
    <ele>1554.3</ele>
   </trkpt>
   <trkpt lat="4.8024380" lon="-75.6545810">
    <ele>1554.2</ele>
   </trkpt>
   <trkpt lat="4.8024390" lon="-75.6545740">
    <ele>1554.2</ele>
   </trkpt>
   <trkpt lat="4.8024390" lon="-75.6545700">
    <ele>1554.2</ele>
   </trkpt>
   <trkpt lat="4.8024390" lon="-75.6545690">
    <ele>1554.1</ele>
   </trkpt>
   <trkpt lat="4.8024400" lon="-75.6545540">
    <ele>1554.0</ele>
   </trkpt>
   <trkpt lat="4.8024380" lon="-75.6545490">
    <ele>1554.0</ele>
   </trkpt>
   <trkpt lat="4.8024340" lon="-75.6545490">
    <ele>1554.0</ele>
   </trkpt>
   <trkpt lat="4.8024230" lon="-75.6545480">
    <ele>1553.9</ele>
   </trkpt>
   <trkpt lat="4.8024170" lon="-75.6545440">
    <ele>1553.8</ele>
   </trkpt>
   <trkpt lat="4.8024120" lon="-75.6545390">
    <ele>1553.8</ele>
   </trkpt>
   <trkpt lat="4.8024070" lon="-75.6545310">
    <ele>1553.7</ele>
   </trkpt>
   <trkpt lat="4.8024020" lon="-75.6545210">
    <ele>1553.6</ele>
   </trkpt>
   <trkpt lat="4.8023970" lon="-75.6545100">
    <ele>1553.5</ele>
   </trkpt>
   <trkpt lat="4.8023890" lon="-75.6544950">
    <ele>1553.4</ele>
   </trkpt>
   <trkpt lat="4.8023870" lon="-75.6544880">
    <ele>1553.3</ele>
   </trkpt>
   <trkpt lat="4.8023840" lon="-75.6544810">
    <ele>1553.2</ele>
   </trkpt>
   <trkpt lat="4.8023820" lon="-75.6544680">
    <ele>1553.1</ele>
   </trkpt>
   <trkpt lat="4.8023790" lon="-75.6544620">
    <ele>1553.1</ele>
   </trkpt>
   <trkpt lat="4.8023770" lon="-75.6544500">
    <ele>1553.0</ele>
   </trkpt>
   <trkpt lat="4.8023760" lon="-75.6544350">
    <ele>1552.9</ele>
   </trkpt>
   <trkpt lat="4.8023740" lon="-75.6544210">
    <ele>1552.8</ele>
   </trkpt>
   <trkpt lat="4.8023710" lon="-75.6544090">
    <ele>1552.7</ele>
   </trkpt>
   <trkpt lat="4.8023670" lon="-75.6543940">
    <ele>1552.6</ele>
   </trkpt>
   <trkpt lat="4.8023650" lon="-75.6543810">
    <ele>1552.5</ele>
   </trkpt>
   <trkpt lat="4.8023620" lon="-75.6543720">
    <ele>1552.4</ele>
   </trkpt>
   <trkpt lat="4.8023650" lon="-75.6543450">
    <ele>1552.2</ele>
   </trkpt>
   <trkpt lat="4.8023640" lon="-75.6543360">
    <ele>1552.1</ele>
   </trkpt>
   <trkpt lat="4.8023610" lon="-75.6543280">
    <ele>1552.0</ele>
   </trkpt>
   <trkpt lat="4.8023540" lon="-75.6543230">
    <ele>1552.0</ele>
   </trkpt>
   <trkpt lat="4.8023470" lon="-75.6543150">
    <ele>1551.9</ele>
   </trkpt>
   <trkpt lat="4.8023430" lon="-75.6543070">
    <ele>1551.8</ele>
   </trkpt>
   <trkpt lat="4.8023370" lon="-75.6542910">
    <ele>1551.7</ele>
   </trkpt>
   <trkpt lat="4.8023320" lon="-75.6542840">
    <ele>1551.6</ele>
   </trkpt>
   <trkpt lat="4.8023260" lon="-75.6542770">
    <ele>1551.5</ele>
   </trkpt>
   <trkpt lat="4.8023230" lon="-75.6542710">
    <ele>1551.4</ele>
   </trkpt>
   <trkpt lat="4.8023190" lon="-75.6542640">
    <ele>1551.4</ele>
   </trkpt>
   <trkpt lat="4.8023120" lon="-75.6542550">
    <ele>1551.3</ele>
   </trkpt>
   <trkpt lat="4.8023120" lon="-75.6542480">
    <ele>1551.2</ele>
   </trkpt>
   <trkpt lat="4.8023120" lon="-75.6542400">
    <ele>1551.2</ele>
   </trkpt>
   <trkpt lat="4.8023140" lon="-75.6542340">
    <ele>1551.1</ele>
   </trkpt>
   <trkpt lat="4.8023160" lon="-75.6542300">
    <ele>1551.1</ele>
   </trkpt>
   <trkpt lat="4.8023030" lon="-75.6542400">
    <ele>1550.9</ele>
   </trkpt>
   <trkpt lat="4.8022850" lon="-75.6542590">
    <ele>1550.7</ele>
   </trkpt>
   <trkpt lat="4.8022850" lon="-75.6542590">
    <ele>1550.7</ele>
   </trkpt>
   <trkpt lat="4.8022850" lon="-75.6542590">
    <ele>1550.7</ele>
   </trkpt>
   <trkpt lat="4.8022850" lon="-75.6542590">
    <ele>1550.7</ele>
   </trkpt>
   <trkpt lat="4.8022850" lon="-75.6542590">
    <ele>1550.7</ele>
   </trkpt>
   <trkpt lat="4.8022850" lon="-75.6542590">
    <ele>1550.7</ele>
   </trkpt>
   <trkpt lat="4.8022850" lon="-75.6542590">
    <ele>1550.7</ele>
   </trkpt>
   <trkpt lat="4.8022850" lon="-75.6542590">
    <ele>1550.7</ele>
   </trkpt>
   <trkpt lat="4.8022850" lon="-75.6542590">
    <ele>1550.7</ele>
   </trkpt>
   <trkpt lat="4.8022720" lon="-75.6542340">
    <ele>1550.4</ele>
   </trkpt>
   <trkpt lat="4.8022720" lon="-75.6542340">
    <ele>1550.4</ele>
   </trkpt>
   <trkpt lat="4.8022720" lon="-75.6542340">
    <ele>1550.4</ele>
   </trkpt>
   <trkpt lat="4.8022720" lon="-75.6542340">
    <ele>1550.4</ele>
   </trkpt>
   <trkpt lat="4.8022610" lon="-75.6542120">
    <ele>1550.2</ele>
   </trkpt>
   <trkpt lat="4.8022430" lon="-75.6541780">
    <ele>1549.8</ele>
   </trkpt>
   <trkpt lat="4.8022410" lon="-75.6541740">
    <ele>1549.8</ele>
   </trkpt>
   <trkpt lat="4.8022360" lon="-75.6541670">
    <ele>1549.7</ele>
   </trkpt>
   <trkpt lat="4.8022310" lon="-75.6541580">
    <ele>1549.6</ele>
   </trkpt>
   <trkpt lat="4.8022250" lon="-75.6541490">
    <ele>1549.5</ele>
   </trkpt>
   <trkpt lat="4.8022210" lon="-75.6541410">
    <ele>1549.4</ele>
   </trkpt>
   <trkpt lat="4.8022240" lon="-75.6541180">
    <ele>1549.3</ele>
   </trkpt>
   <trkpt lat="4.8022220" lon="-75.6541130">
    <ele>1549.3</ele>
   </trkpt>
   <trkpt lat="4.8022190" lon="-75.6541070">
    <ele>1549.3</ele>
   </trkpt>
   <trkpt lat="4.8022160" lon="-75.6540970">
    <ele>1549.3</ele>
   </trkpt>
   <trkpt lat="4.8022130" lon="-75.6540930">
    <ele>1549.3</ele>
   </trkpt>
   <trkpt lat="4.8022110" lon="-75.6540930">
    <ele>1549.3</ele>
   </trkpt>
   <trkpt lat="4.8022070" lon="-75.6540960">
    <ele>1549.3</ele>
   </trkpt>
   <trkpt lat="4.8022180" lon="-75.6540800">
    <ele>1549.2</ele>
   </trkpt>
   <trkpt lat="4.8022170" lon="-75.6540810">
    <ele>1549.2</ele>
   </trkpt>
   <trkpt lat="4.8022150" lon="-75.6540860">
    <ele>1549.2</ele>
   </trkpt>
   <trkpt lat="4.8022130" lon="-75.6540980">
    <ele>1549.2</ele>
   </trkpt>
   <trkpt lat="4.8022100" lon="-75.6541110">
    <ele>1549.2</ele>
   </trkpt>
   <trkpt lat="4.8022070" lon="-75.6541220">
    <ele>1549.2</ele>
   </trkpt>
   <trkpt lat="4.8022120" lon="-75.6541200">
    <ele>1549.2</ele>
   </trkpt>
   <trkpt lat="4.8022130" lon="-75.6541220">
    <ele>1549.2</ele>
   </trkpt>
   <trkpt lat="4.8022120" lon="-75.6541250">
    <ele>1549.2</ele>
   </trkpt>
   <trkpt lat="4.8022100" lon="-75.6541270">
    <ele>1549.2</ele>
   </trkpt>
   <trkpt lat="4.8022060" lon="-75.6541330">
    <ele>1549.2</ele>
   </trkpt>
   <trkpt lat="4.8022030" lon="-75.6541390">
    <ele>1549.2</ele>
   </trkpt>
   <trkpt lat="4.8022020" lon="-75.6541420">
    <ele>1549.2</ele>
   </trkpt>
   <trkpt lat="4.8022010" lon="-75.6541440">
    <ele>1549.2</ele>
   </trkpt>
   <trkpt lat="4.8022010" lon="-75.6541440">
    <ele>1549.2</ele>
   </trkpt>
   <trkpt lat="4.8022010" lon="-75.6541450">
    <ele>1549.2</ele>
   </trkpt>
   <trkpt lat="4.8021960" lon="-75.6541520">
    <ele>1549.2</ele>
   </trkpt>
   <trkpt lat="4.8021900" lon="-75.6541610">
    <ele>1549.2</ele>
   </trkpt>
   <trkpt lat="4.8021850" lon="-75.6541660">
    <ele>1549.2</ele>
   </trkpt>
   <trkpt lat="4.8021800" lon="-75.6541680">
    <ele>1549.2</ele>
   </trkpt>
   <trkpt lat="4.8021760" lon="-75.6541690">
    <ele>1549.2</ele>
   </trkpt>
   <trkpt lat="4.8021710" lon="-75.6541680">
    <ele>1549.2</ele>
   </trkpt>
   <trkpt lat="4.8021650" lon="-75.6541640">
    <ele>1549.1</ele>
   </trkpt>
   <trkpt lat="4.8021510" lon="-75.6541530">
    <ele>1548.9</ele>
   </trkpt>
   <trkpt lat="4.8021240" lon="-75.6541350">
    <ele>1548.6</ele>
   </trkpt>
   <trkpt lat="4.8021080" lon="-75.6541260">
    <ele>1548.4</ele>
   </trkpt>
   <trkpt lat="4.8020930" lon="-75.6541160">
    <ele>1548.3</ele>
   </trkpt>
   <trkpt lat="4.8020820" lon="-75.6541080">
    <ele>1548.1</ele>
   </trkpt>
   <trkpt lat="4.8020720" lon="-75.6541020">
    <ele>1548.0</ele>
   </trkpt>
   <trkpt lat="4.8020650" lon="-75.6540970">
    <ele>1547.9</ele>
   </trkpt>
   <trkpt lat="4.8020550" lon="-75.6540900">
    <ele>1547.8</ele>
   </trkpt>
   <trkpt lat="4.8020520" lon="-75.6540830">
    <ele>1547.8</ele>
   </trkpt>
   <trkpt lat="4.8020530" lon="-75.6540740">
    <ele>1547.7</ele>
   </trkpt>
   <trkpt lat="4.8020610" lon="-75.6540650">
    <ele>1547.6</ele>
   </trkpt>
   <trkpt lat="4.8020770" lon="-75.6540540">
    <ele>1547.4</ele>
   </trkpt>
   <trkpt lat="4.8020950" lon="-75.6540430">
    <ele>1547.2</ele>
   </trkpt>
   <trkpt lat="4.8021170" lon="-75.6540290">
    <ele>1546.9</ele>
   </trkpt>
   <trkpt lat="4.8021240" lon="-75.6540190">
    <ele>1546.8</ele>
   </trkpt>
   <trkpt lat="4.8021290" lon="-75.6540070">
    <ele>1546.7</ele>
   </trkpt>
   <trkpt lat="4.8021330" lon="-75.6539970">
    <ele>1546.6</ele>
   </trkpt>
   <trkpt lat="4.8021340" lon="-75.6539870">
    <ele>1546.5</ele>
   </trkpt>
   <trkpt lat="4.8021330" lon="-75.6539780">
    <ele>1546.4</ele>
   </trkpt>
   <trkpt lat="4.8021290" lon="-75.6539710">
    <ele>1546.3</ele>
   </trkpt>
   <trkpt lat="4.8021280" lon="-75.6539680">
    <ele>1546.3</ele>
   </trkpt>
   <trkpt lat="4.8021260" lon="-75.6539650">
    <ele>1546.2</ele>
   </trkpt>
   <trkpt lat="4.8021250" lon="-75.6539590">
    <ele>1546.2</ele>
   </trkpt>
   <trkpt lat="4.8021220" lon="-75.6539550">
    <ele>1546.1</ele>
   </trkpt>
   <trkpt lat="4.8021190" lon="-75.6539500">
    <ele>1546.1</ele>
   </trkpt>
   <trkpt lat="4.8021170" lon="-75.6539420">
    <ele>1546.0</ele>
   </trkpt>
   <trkpt lat="4.8021150" lon="-75.6539340">
    <ele>1545.9</ele>
   </trkpt>
   <trkpt lat="4.8021140" lon="-75.6539290">
    <ele>1545.9</ele>
   </trkpt>
   <trkpt lat="4.8021080" lon="-75.6539250">
    <ele>1545.8</ele>
   </trkpt>
   <trkpt lat="4.8020990" lon="-75.6539250">
    <ele>1545.7</ele>
   </trkpt>
   <trkpt lat="4.8020830" lon="-75.6539280">
    <ele>1545.5</ele>
   </trkpt>
   <trkpt lat="4.8020680" lon="-75.6539340">
    <ele>1545.4</ele>
   </trkpt>
   <trkpt lat="4.8020670" lon="-75.6539430">
    <ele>1545.3</ele>
   </trkpt>
   <trkpt lat="4.8020710" lon="-75.6539470">
    <ele>1545.2</ele>
   </trkpt>
   <trkpt lat="4.8020760" lon="-75.6539470">
    <ele>1545.1</ele>
   </trkpt>
   <trkpt lat="4.8020780" lon="-75.6539460">
    <ele>1545.1</ele>
   </trkpt>
   <trkpt lat="4.8020790" lon="-75.6539460">
    <ele>1545.1</ele>
   </trkpt>
   <trkpt lat="4.8020780" lon="-75.6539460">
    <ele>1545.1</ele>
   </trkpt>
   <trkpt lat="4.8020770" lon="-75.6539460">
    <ele>1545.1</ele>
   </trkpt>
   <trkpt lat="4.8020760" lon="-75.6539470">
    <ele>1545.1</ele>
   </trkpt>
   <trkpt lat="4.8020770" lon="-75.6539480">
    <ele>1545.1</ele>
   </trkpt>
   <trkpt lat="4.8020770" lon="-75.6539480">
    <ele>1545.1</ele>
   </trkpt>
   <trkpt lat="4.8020780" lon="-75.6539470">
    <ele>1545.0</ele>
   </trkpt>
   <trkpt lat="4.8020780" lon="-75.6539470">
    <ele>1545.0</ele>
   </trkpt>
   <trkpt lat="4.8020770" lon="-75.6539460">
    <ele>1545.0</ele>
   </trkpt>
   <trkpt lat="4.8020760" lon="-75.6539450">
    <ele>1545.0</ele>
   </trkpt>
   <trkpt lat="4.8020770" lon="-75.6539420">
    <ele>1545.0</ele>
   </trkpt>
   <trkpt lat="4.8020780" lon="-75.6539370">
    <ele>1544.9</ele>
   </trkpt>
   <trkpt lat="4.8020780" lon="-75.6539300">
    <ele>1544.8</ele>
   </trkpt>
   <trkpt lat="4.8020770" lon="-75.6539230">
    <ele>1544.8</ele>
   </trkpt>
   <trkpt lat="4.8020770" lon="-75.6539180">
    <ele>1544.7</ele>
   </trkpt>
   <trkpt lat="4.8020760" lon="-75.6539130">
    <ele>1544.7</ele>
   </trkpt>
   <trkpt lat="4.8020760" lon="-75.6539070">
    <ele>1544.6</ele>
   </trkpt>
   <trkpt lat="4.8020750" lon="-75.6538970">
    <ele>1544.5</ele>
   </trkpt>
   <trkpt lat="4.8020730" lon="-75.6538820">
    <ele>1544.3</ele>
   </trkpt>
   <trkpt lat="4.8020720" lon="-75.6538690">
    <ele>1544.1</ele>
   </trkpt>
   <trkpt lat="4.8020710" lon="-75.6538560">
    <ele>1544.0</ele>
   </trkpt>
   <trkpt lat="4.8020700" lon="-75.6538420">
    <ele>1543.8</ele>
   </trkpt>
   <trkpt lat="4.8020700" lon="-75.6538310">
    <ele>1543.7</ele>
   </trkpt>
   <trkpt lat="4.8020690" lon="-75.6538180">
    <ele>1543.5</ele>
   </trkpt>
   <trkpt lat="4.8020680" lon="-75.6538070">
    <ele>1543.4</ele>
   </trkpt>
   <trkpt lat="4.8020650" lon="-75.6537970">
    <ele>1543.2</ele>
   </trkpt>
   <trkpt lat="4.8020520" lon="-75.6537770">
    <ele>1542.9</ele>
   </trkpt>
   <trkpt lat="4.8020560" lon="-75.6537680">
    <ele>1542.8</ele>
   </trkpt>
   <trkpt lat="4.8020570" lon="-75.6537580">
    <ele>1542.7</ele>
   </trkpt>
   <trkpt lat="4.8020550" lon="-75.6537470">
    <ele>1542.5</ele>
   </trkpt>
   <trkpt lat="4.8020480" lon="-75.6537360">
    <ele>1542.3</ele>
   </trkpt>
   <trkpt lat="4.8020390" lon="-75.6537240">
    <ele>1542.1</ele>
   </trkpt>
   <trkpt lat="4.8020120" lon="-75.6537040">
    <ele>1541.6</ele>
   </trkpt>
   <trkpt lat="4.8020020" lon="-75.6536940">
    <ele>1541.4</ele>
   </trkpt>
   <trkpt lat="4.8019940" lon="-75.6536850">
    <ele>1541.3</ele>
   </trkpt>
   <trkpt lat="4.8019810" lon="-75.6536750">
    <ele>1541.0</ele>
   </trkpt>
   <trkpt lat="4.8019730" lon="-75.6536670">
    <ele>1540.9</ele>
   </trkpt>
   <trkpt lat="4.8019620" lon="-75.6536590">
    <ele>1540.7</ele>
   </trkpt>
   <trkpt lat="4.8019460" lon="-75.6536510">
    <ele>1540.4</ele>
   </trkpt>
   <trkpt lat="4.8019410" lon="-75.6536490">
    <ele>1540.3</ele>
   </trkpt>
   <trkpt lat="4.8019380" lon="-75.6536470">
    <ele>1540.3</ele>
   </trkpt>
   <trkpt lat="4.8019360" lon="-75.6536450">
    <ele>1540.2</ele>
   </trkpt>
   <trkpt lat="4.8019430" lon="-75.6536550">
    <ele>1540.1</ele>
   </trkpt>
   <trkpt lat="4.8019490" lon="-75.6536620">
    <ele>1539.9</ele>
   </trkpt>
   <trkpt lat="4.8019750" lon="-75.6536760">
    <ele>1539.5</ele>
   </trkpt>
   <trkpt lat="4.8019750" lon="-75.6536760">
    <ele>1539.5</ele>
   </trkpt>
   <trkpt lat="4.8019750" lon="-75.6536760">
    <ele>1539.5</ele>
   </trkpt>
   <trkpt lat="4.8019750" lon="-75.6536760">
    <ele>1539.5</ele>
   </trkpt>
   <trkpt lat="4.8019680" lon="-75.6536700">
    <ele>1539.4</ele>
   </trkpt>
   <trkpt lat="4.8019680" lon="-75.6536700">
    <ele>1539.4</ele>
   </trkpt>
   <trkpt lat="4.8019680" lon="-75.6536700">
    <ele>1539.4</ele>
   </trkpt>
   <trkpt lat="4.8019680" lon="-75.6536700">
    <ele>1539.4</ele>
   </trkpt>
   <trkpt lat="4.8019620" lon="-75.6536650">
    <ele>1539.3</ele>
   </trkpt>
   <trkpt lat="4.8019590" lon="-75.6536630">
    <ele>1539.2</ele>
   </trkpt>
   <trkpt lat="4.8019570" lon="-75.6536600">
    <ele>1539.2</ele>
   </trkpt>
   <trkpt lat="4.8019540" lon="-75.6536580">
    <ele>1539.1</ele>
   </trkpt>
   <trkpt lat="4.8019490" lon="-75.6536810">
    <ele>1538.8</ele>
   </trkpt>
   <trkpt lat="4.8019410" lon="-75.6537060">
    <ele>1538.5</ele>
   </trkpt>
   <trkpt lat="4.8019300" lon="-75.6537240">
    <ele>1538.2</ele>
   </trkpt>
   <trkpt lat="4.8019180" lon="-75.6537350">
    <ele>1538.0</ele>
   </trkpt>
   <trkpt lat="4.8019030" lon="-75.6537420">
    <ele>1537.8</ele>
   </trkpt>
   <trkpt lat="4.8018890" lon="-75.6537460">
    <ele>1537.6</ele>
   </trkpt>
   <trkpt lat="4.8018840" lon="-75.6537460">
    <ele>1537.6</ele>
   </trkpt>
   <trkpt lat="4.8018760" lon="-75.6537470">
    <ele>1537.5</ele>
   </trkpt>
   <trkpt lat="4.8018720" lon="-75.6537520">
    <ele>1537.4</ele>
   </trkpt>
   <trkpt lat="4.8018660" lon="-75.6537560">
    <ele>1537.3</ele>
   </trkpt>
   <trkpt lat="4.8018600" lon="-75.6537610">
    <ele>1537.2</ele>
   </trkpt>
   <trkpt lat="4.8018490" lon="-75.6537660">
    <ele>1537.1</ele>
   </trkpt>
   <trkpt lat="4.8018390" lon="-75.6537700">
    <ele>1537.0</ele>
   </trkpt>
   <trkpt lat="4.8018290" lon="-75.6537760">
    <ele>1536.9</ele>
   </trkpt>
   <trkpt lat="4.8018220" lon="-75.6537780">
    <ele>1536.8</ele>
   </trkpt>
   <trkpt lat="4.8018070" lon="-75.6537850">
    <ele>1536.6</ele>
   </trkpt>
   <trkpt lat="4.8017920" lon="-75.6537920">
    <ele>1536.5</ele>
   </trkpt>
   <trkpt lat="4.8017770" lon="-75.6537960">
    <ele>1536.3</ele>
   </trkpt>
   <trkpt lat="4.8017670" lon="-75.6537970">
    <ele>1536.2</ele>
   </trkpt>
   <trkpt lat="4.8017580" lon="-75.6538030">
    <ele>1536.1</ele>
   </trkpt>
   <trkpt lat="4.8017510" lon="-75.6538050">
    <ele>1536.1</ele>
   </trkpt>
   <trkpt lat="4.8017440" lon="-75.6538120">
    <ele>1536.0</ele>
   </trkpt>
   <trkpt lat="4.8017370" lon="-75.6538170">
    <ele>1535.9</ele>
   </trkpt>
   <trkpt lat="4.8017290" lon="-75.6538200">
    <ele>1535.8</ele>
   </trkpt>
   <trkpt lat="4.8017220" lon="-75.6538210">
    <ele>1535.7</ele>
   </trkpt>
   <trkpt lat="4.8017160" lon="-75.6538220">
    <ele>1535.7</ele>
   </trkpt>
   <trkpt lat="4.8017110" lon="-75.6538220">
    <ele>1535.6</ele>
   </trkpt>
   <trkpt lat="4.8017050" lon="-75.6538220">
    <ele>1535.6</ele>
   </trkpt>
   <trkpt lat="4.8016990" lon="-75.6538230">
    <ele>1535.5</ele>
   </trkpt>
   <trkpt lat="4.8016930" lon="-75.6538230">
    <ele>1535.5</ele>
   </trkpt>
   <trkpt lat="4.8016910" lon="-75.6538220">
    <ele>1535.5</ele>
   </trkpt>
   <trkpt lat="4.8016880" lon="-75.6538200">
    <ele>1535.4</ele>
   </trkpt>
   <trkpt lat="4.8016830" lon="-75.6538190">
    <ele>1535.4</ele>
   </trkpt>
   <trkpt lat="4.8016790" lon="-75.6538120">
    <ele>1535.3</ele>
   </trkpt>
   <trkpt lat="4.8016710" lon="-75.6538090">
    <ele>1535.3</ele>
   </trkpt>
   <trkpt lat="4.8016590" lon="-75.6538070">
    <ele>1535.2</ele>
   </trkpt>
   <trkpt lat="4.8016520" lon="-75.6538080">
    <ele>1535.1</ele>
   </trkpt>
   <trkpt lat="4.8016430" lon="-75.6538090">
    <ele>1535.0</ele>
   </trkpt>
   <trkpt lat="4.8016340" lon="-75.6538080">
    <ele>1535.0</ele>
   </trkpt>
   <trkpt lat="4.8016250" lon="-75.6538070">
    <ele>1534.9</ele>
   </trkpt>
   <trkpt lat="4.8016170" lon="-75.6538080">
    <ele>1534.8</ele>
   </trkpt>
   <trkpt lat="4.8016010" lon="-75.6538090">
    <ele>1534.7</ele>
   </trkpt>
   <trkpt lat="4.8015930" lon="-75.6538110">
    <ele>1534.7</ele>
   </trkpt>
   <trkpt lat="4.8015850" lon="-75.6538140">
    <ele>1534.6</ele>
   </trkpt>
   <trkpt lat="4.8015720" lon="-75.6538200">
    <ele>1534.5</ele>
   </trkpt>
   <trkpt lat="4.8015620" lon="-75.6538270">
    <ele>1534.4</ele>
   </trkpt>
   <trkpt lat="4.8015520" lon="-75.6538310">
    <ele>1534.3</ele>
   </trkpt>
   <trkpt lat="4.8015400" lon="-75.6538360">
    <ele>1534.2</ele>
   </trkpt>
   <trkpt lat="4.8015280" lon="-75.6538380">
    <ele>1534.1</ele>
   </trkpt>
   <trkpt lat="4.8015170" lon="-75.6538420">
    <ele>1534.1</ele>
   </trkpt>
   <trkpt lat="4.8015060" lon="-75.6538470">
    <ele>1534.0</ele>
   </trkpt>
   <trkpt lat="4.8015060" lon="-75.6538430">
    <ele>1534.0</ele>
   </trkpt>
   <trkpt lat="4.8015130" lon="-75.6538240">
    <ele>1533.8</ele>
   </trkpt>
   <trkpt lat="4.8015060" lon="-75.6538260">
    <ele>1533.8</ele>
   </trkpt>
   <trkpt lat="4.8014980" lon="-75.6538300">
    <ele>1533.7</ele>
   </trkpt>
   <trkpt lat="4.8014910" lon="-75.6538340">
    <ele>1533.6</ele>
   </trkpt>
   <trkpt lat="4.8014830" lon="-75.6538380">
    <ele>1533.6</ele>
   </trkpt>
   <trkpt lat="4.8014750" lon="-75.6538400">
    <ele>1533.5</ele>
   </trkpt>
   <trkpt lat="4.8014560" lon="-75.6538380">
    <ele>1533.4</ele>
   </trkpt>
   <trkpt lat="4.8014510" lon="-75.6538360">
    <ele>1533.3</ele>
   </trkpt>
   <trkpt lat="4.8014430" lon="-75.6538340">
    <ele>1533.3</ele>
   </trkpt>
   <trkpt lat="4.8014340" lon="-75.6538330">
    <ele>1533.2</ele>
   </trkpt>
   <trkpt lat="4.8014590" lon="-75.6538320">
    <ele>1533.0</ele>
   </trkpt>
   <trkpt lat="4.8014770" lon="-75.6538330">
    <ele>1532.9</ele>
   </trkpt>
   <trkpt lat="4.8014750" lon="-75.6538390">
    <ele>1532.9</ele>
   </trkpt>
   <trkpt lat="4.8014790" lon="-75.6538400">
    <ele>1532.8</ele>
   </trkpt>
   <trkpt lat="4.8014760" lon="-75.6538430">
    <ele>1532.8</ele>
   </trkpt>
   <trkpt lat="4.8014720" lon="-75.6538430">
    <ele>1532.8</ele>
   </trkpt>
   <trkpt lat="4.8014630" lon="-75.6538350">
    <ele>1532.7</ele>
   </trkpt>
   <trkpt lat="4.8014470" lon="-75.6538080">
    <ele>1532.5</ele>
   </trkpt>
   <trkpt lat="4.8014260" lon="-75.6537720">
    <ele>1532.1</ele>
   </trkpt>
   <trkpt lat="4.8014150" lon="-75.6537610">
    <ele>1532.0</ele>
   </trkpt>
   <trkpt lat="4.8014100" lon="-75.6537590">
    <ele>1532.0</ele>
   </trkpt>
   <trkpt lat="4.8014040" lon="-75.6537600">
    <ele>1531.9</ele>
   </trkpt>
   <trkpt lat="4.8014020" lon="-75.6537600">
    <ele>1531.9</ele>
   </trkpt>
   <trkpt lat="4.8013980" lon="-75.6537600">
    <ele>1531.9</ele>
   </trkpt>
   <trkpt lat="4.8013940" lon="-75.6537590">
    <ele>1531.9</ele>
   </trkpt>
   <trkpt lat="4.8013890" lon="-75.6537570">
    <ele>1531.8</ele>
   </trkpt>
   <trkpt lat="4.8013820" lon="-75.6537560">
    <ele>1531.8</ele>
   </trkpt>
   <trkpt lat="4.8013740" lon="-75.6537560">
    <ele>1531.7</ele>
   </trkpt>
   <trkpt lat="4.8013670" lon="-75.6537530">
    <ele>1531.7</ele>
   </trkpt>
   <trkpt lat="4.8013560" lon="-75.6537520">
    <ele>1531.6</ele>
   </trkpt>
   <trkpt lat="4.8013490" lon="-75.6537510">
    <ele>1531.5</ele>
   </trkpt>
   <trkpt lat="4.8013410" lon="-75.6537490">
    <ele>1531.5</ele>
   </trkpt>
   <trkpt lat="4.8013320" lon="-75.6537480">
    <ele>1531.4</ele>
   </trkpt>
   <trkpt lat="4.8013230" lon="-75.6537480">
    <ele>1531.3</ele>
   </trkpt>
   <trkpt lat="4.8013140" lon="-75.6537490">
    <ele>1531.3</ele>
   </trkpt>
   <trkpt lat="4.8013040" lon="-75.6537510">
    <ele>1531.2</ele>
   </trkpt>
   <trkpt lat="4.8012980" lon="-75.6537500">
    <ele>1531.2</ele>
   </trkpt>
   <trkpt lat="4.8012910" lon="-75.6537480">
    <ele>1531.1</ele>
   </trkpt>
   <trkpt lat="4.8012830" lon="-75.6537470">
    <ele>1531.0</ele>
   </trkpt>
   <trkpt lat="4.8012740" lon="-75.6537480">
    <ele>1531.0</ele>
   </trkpt>
   <trkpt lat="4.8012640" lon="-75.6537460">
    <ele>1530.9</ele>
   </trkpt>
   <trkpt lat="4.8012530" lon="-75.6537430">
    <ele>1530.8</ele>
   </trkpt>
   <trkpt lat="4.8012450" lon="-75.6537420">
    <ele>1530.8</ele>
   </trkpt>
   <trkpt lat="4.8012350" lon="-75.6537410">
    <ele>1530.7</ele>
   </trkpt>
   <trkpt lat="4.8012250" lon="-75.6537400">
    <ele>1530.7</ele>
   </trkpt>
   <trkpt lat="4.8012150" lon="-75.6537380">
    <ele>1530.6</ele>
   </trkpt>
   <trkpt lat="4.8012070" lon="-75.6537360">
    <ele>1530.5</ele>
   </trkpt>
   <trkpt lat="4.8012000" lon="-75.6537350">
    <ele>1530.5</ele>
   </trkpt>
   <trkpt lat="4.8011910" lon="-75.6537330">
    <ele>1530.4</ele>
   </trkpt>
   <trkpt lat="4.8011790" lon="-75.6537370">
    <ele>1530.4</ele>
   </trkpt>
   <trkpt lat="4.8011740" lon="-75.6537400">
    <ele>1530.3</ele>
   </trkpt>
   <trkpt lat="4.8011650" lon="-75.6537440">
    <ele>1530.3</ele>
   </trkpt>
   <trkpt lat="4.8011570" lon="-75.6537500">
    <ele>1530.2</ele>
   </trkpt>
   <trkpt lat="4.8011480" lon="-75.6537580">
    <ele>1530.2</ele>
   </trkpt>
   <trkpt lat="4.8011410" lon="-75.6537590">
    <ele>1530.1</ele>
   </trkpt>
   <trkpt lat="4.8011350" lon="-75.6537590">
    <ele>1530.1</ele>
   </trkpt>
   <trkpt lat="4.8011290" lon="-75.6537580">
    <ele>1530.1</ele>
   </trkpt>
   <trkpt lat="4.8011250" lon="-75.6537550">
    <ele>1530.0</ele>
   </trkpt>
   <trkpt lat="4.8011190" lon="-75.6537500">
    <ele>1530.0</ele>
   </trkpt>
   <trkpt lat="4.8011180" lon="-75.6537430">
    <ele>1530.0</ele>
   </trkpt>
   <trkpt lat="4.8011170" lon="-75.6537370">
    <ele>1530.0</ele>
   </trkpt>
   <trkpt lat="4.8011160" lon="-75.6537290">
    <ele>1529.9</ele>
   </trkpt>
   <trkpt lat="4.8011170" lon="-75.6537220">
    <ele>1529.9</ele>
   </trkpt>
   <trkpt lat="4.8011160" lon="-75.6537140">
    <ele>1529.8</ele>
   </trkpt>
   <trkpt lat="4.8011160" lon="-75.6537010">
    <ele>1529.8</ele>
   </trkpt>
   <trkpt lat="4.8011160" lon="-75.6536980">
    <ele>1529.8</ele>
   </trkpt>
   <trkpt lat="4.8011150" lon="-75.6536920">
    <ele>1529.8</ele>
   </trkpt>
   <trkpt lat="4.8011120" lon="-75.6536860">
    <ele>1529.7</ele>
   </trkpt>
   <trkpt lat="4.8011100" lon="-75.6536790">
    <ele>1529.7</ele>
   </trkpt>
   <trkpt lat="4.8011110" lon="-75.6536750">
    <ele>1529.7</ele>
   </trkpt>
   <trkpt lat="4.8011150" lon="-75.6536740">
    <ele>1529.7</ele>
   </trkpt>
   <trkpt lat="4.8011200" lon="-75.6536750">
    <ele>1529.6</ele>
   </trkpt>
   <trkpt lat="4.8011280" lon="-75.6536730">
    <ele>1529.6</ele>
   </trkpt>
   <trkpt lat="4.8011370" lon="-75.6536680">
    <ele>1529.6</ele>
   </trkpt>
   <trkpt lat="4.8011450" lon="-75.6536620">
    <ele>1529.5</ele>
   </trkpt>
   <trkpt lat="4.8011520" lon="-75.6536570">
    <ele>1529.5</ele>
   </trkpt>
   <trkpt lat="4.8011560" lon="-75.6536490">
    <ele>1529.5</ele>
   </trkpt>
   <trkpt lat="4.8011580" lon="-75.6536470">
    <ele>1529.5</ele>
   </trkpt>
   <trkpt lat="4.8011580" lon="-75.6536450">
    <ele>1529.5</ele>
   </trkpt>
   <trkpt lat="4.8011600" lon="-75.6536440">
    <ele>1529.5</ele>
   </trkpt>
   <trkpt lat="4.8011640" lon="-75.6536430">
    <ele>1529.4</ele>
   </trkpt>
   <trkpt lat="4.8011670" lon="-75.6536430">
    <ele>1529.4</ele>
   </trkpt>
   <trkpt lat="4.8011720" lon="-75.6536380">
    <ele>1529.4</ele>
   </trkpt>
   <trkpt lat="4.8011770" lon="-75.6536360">
    <ele>1529.4</ele>
   </trkpt>
   <trkpt lat="4.8011830" lon="-75.6536340">
    <ele>1529.4</ele>
   </trkpt>
   <trkpt lat="4.8011860" lon="-75.6536310">
    <ele>1529.4</ele>
   </trkpt>
   <trkpt lat="4.8011900" lon="-75.6536270">
    <ele>1529.3</ele>
   </trkpt>
   <trkpt lat="4.8011920" lon="-75.6536210">
    <ele>1529.3</ele>
   </trkpt>
   <trkpt lat="4.8011940" lon="-75.6536150">
    <ele>1529.3</ele>
   </trkpt>
   <trkpt lat="4.8011960" lon="-75.6536070">
    <ele>1529.3</ele>
   </trkpt>
   <trkpt lat="4.8011980" lon="-75.6535990">
    <ele>1529.3</ele>
   </trkpt>
   <trkpt lat="4.8012000" lon="-75.6535900">
    <ele>1529.3</ele>
   </trkpt>
   <trkpt lat="4.8012020" lon="-75.6535840">
    <ele>1529.3</ele>
   </trkpt>
   <trkpt lat="4.8012040" lon="-75.6535730">
    <ele>1529.3</ele>
   </trkpt>
   <trkpt lat="4.8012070" lon="-75.6535660">
    <ele>1529.3</ele>
   </trkpt>
   <trkpt lat="4.8012110" lon="-75.6535580">
    <ele>1529.3</ele>
   </trkpt>
   <trkpt lat="4.8012140" lon="-75.6535500">
    <ele>1529.3</ele>
   </trkpt>
   <trkpt lat="4.8012200" lon="-75.6535440">
    <ele>1529.3</ele>
   </trkpt>
   <trkpt lat="4.8012220" lon="-75.6535360">
    <ele>1529.3</ele>
   </trkpt>
   <trkpt lat="4.8012220" lon="-75.6535280">
    <ele>1529.3</ele>
   </trkpt>
   <trkpt lat="4.8012260" lon="-75.6535250">
    <ele>1529.3</ele>
   </trkpt>
   <trkpt lat="4.8012270" lon="-75.6535190">
    <ele>1529.4</ele>
   </trkpt>
   <trkpt lat="4.8012270" lon="-75.6535100">
    <ele>1529.4</ele>
   </trkpt>
   <trkpt lat="4.8012260" lon="-75.6535060">
    <ele>1529.4</ele>
   </trkpt>
   <trkpt lat="4.8012240" lon="-75.6534990">
    <ele>1529.4</ele>
   </trkpt>
   <trkpt lat="4.8012190" lon="-75.6535000">
    <ele>1529.4</ele>
   </trkpt>
   <trkpt lat="4.8012160" lon="-75.6534980">
    <ele>1529.4</ele>
   </trkpt>
   <trkpt lat="4.8012120" lon="-75.6534930">
    <ele>1529.4</ele>
   </trkpt>
   <trkpt lat="4.8012040" lon="-75.6534930">
    <ele>1529.4</ele>
   </trkpt>
   <trkpt lat="4.8011980" lon="-75.6534890">
    <ele>1529.4</ele>
   </trkpt>
   <trkpt lat="4.8011930" lon="-75.6534830">
    <ele>1529.4</ele>
   </trkpt>
   <trkpt lat="4.8011850" lon="-75.6534800">
    <ele>1529.4</ele>
   </trkpt>
   <trkpt lat="4.8011790" lon="-75.6534730">
    <ele>1529.4</ele>
   </trkpt>
   <trkpt lat="4.8011730" lon="-75.6534670">
    <ele>1529.4</ele>
   </trkpt>
   <trkpt lat="4.8011650" lon="-75.6534600">
    <ele>1529.4</ele>
   </trkpt>
   <trkpt lat="4.8011590" lon="-75.6534530">
    <ele>1529.4</ele>
   </trkpt>
   <trkpt lat="4.8011530" lon="-75.6534470">
    <ele>1529.4</ele>
   </trkpt>
   <trkpt lat="4.8011460" lon="-75.6534420">
    <ele>1529.4</ele>
   </trkpt>
   <trkpt lat="4.8011390" lon="-75.6534370">
    <ele>1529.4</ele>
   </trkpt>
   <trkpt lat="4.8011300" lon="-75.6534340">
    <ele>1529.4</ele>
   </trkpt>
   <trkpt lat="4.8011200" lon="-75.6534300">
    <ele>1529.4</ele>
   </trkpt>
   <trkpt lat="4.8011120" lon="-75.6534240">
    <ele>1529.4</ele>
   </trkpt>
   <trkpt lat="4.8010980" lon="-75.6534120">
    <ele>1529.4</ele>
   </trkpt>
   <trkpt lat="4.8010920" lon="-75.6534070">
    <ele>1529.4</ele>
   </trkpt>
   <trkpt lat="4.8010830" lon="-75.6533990">
    <ele>1529.4</ele>
   </trkpt>
   <trkpt lat="4.8010760" lon="-75.6533900">
    <ele>1529.4</ele>
   </trkpt>
   <trkpt lat="4.8010690" lon="-75.6533810">
    <ele>1529.4</ele>
   </trkpt>
   <trkpt lat="4.8010640" lon="-75.6533710">
    <ele>1529.4</ele>
   </trkpt>
   <trkpt lat="4.8010590" lon="-75.6533600">
    <ele>1529.5</ele>
   </trkpt>
   <trkpt lat="4.8010540" lon="-75.6533510">
    <ele>1529.5</ele>
   </trkpt>
   <trkpt lat="4.8010490" lon="-75.6533420">
    <ele>1529.5</ele>
   </trkpt>
   <trkpt lat="4.8010430" lon="-75.6533340">
    <ele>1529.5</ele>
   </trkpt>
   <trkpt lat="4.8010370" lon="-75.6533260">
    <ele>1529.5</ele>
   </trkpt>
   <trkpt lat="4.8010310" lon="-75.6533180">
    <ele>1529.5</ele>
   </trkpt>
   <trkpt lat="4.8010240" lon="-75.6533070">
    <ele>1529.5</ele>
   </trkpt>
   <trkpt lat="4.8010200" lon="-75.6533080">
    <ele>1529.5</ele>
   </trkpt>
   <trkpt lat="4.8010130" lon="-75.6533010">
    <ele>1529.6</ele>
   </trkpt>
   <trkpt lat="4.8010060" lon="-75.6532900">
    <ele>1529.6</ele>
   </trkpt>
   <trkpt lat="4.8010000" lon="-75.6532790">
    <ele>1529.6</ele>
   </trkpt>
   <trkpt lat="4.8009940" lon="-75.6532680">
    <ele>1529.6</ele>
   </trkpt>
   <trkpt lat="4.8009910" lon="-75.6532710">
    <ele>1529.6</ele>
   </trkpt>
   <trkpt lat="4.8009890" lon="-75.6532720">
    <ele>1529.6</ele>
   </trkpt>
   <trkpt lat="4.8009860" lon="-75.6532710">
    <ele>1529.6</ele>
   </trkpt>
   <trkpt lat="4.8009850" lon="-75.6532710">
    <ele>1529.6</ele>
   </trkpt>
   <trkpt lat="4.8009820" lon="-75.6532680">
    <ele>1529.6</ele>
   </trkpt>
   <trkpt lat="4.8009760" lon="-75.6532560">
    <ele>1529.6</ele>
   </trkpt>
   <trkpt lat="4.8009740" lon="-75.6532580">
    <ele>1529.7</ele>
   </trkpt>
   <trkpt lat="4.8009700" lon="-75.6532560">
    <ele>1529.7</ele>
   </trkpt>
   <trkpt lat="4.8009660" lon="-75.6532490">
    <ele>1529.7</ele>
   </trkpt>
   <trkpt lat="4.8009600" lon="-75.6532410">
    <ele>1529.7</ele>
   </trkpt>
   <trkpt lat="4.8009540" lon="-75.6532340">
    <ele>1529.7</ele>
   </trkpt>
   <trkpt lat="4.8009440" lon="-75.6532220">
    <ele>1529.7</ele>
   </trkpt>
   <trkpt lat="4.8009400" lon="-75.6532170">
    <ele>1529.7</ele>
   </trkpt>
   <trkpt lat="4.8009360" lon="-75.6532090">
    <ele>1529.7</ele>
   </trkpt>
   <trkpt lat="4.8009370" lon="-75.6532100">
    <ele>1529.7</ele>
   </trkpt>
   <trkpt lat="4.8009410" lon="-75.6532170">
    <ele>1529.7</ele>
   </trkpt>
   <trkpt lat="4.8009440" lon="-75.6532230">
    <ele>1529.7</ele>
   </trkpt>
   <trkpt lat="4.8009450" lon="-75.6532260">
    <ele>1529.7</ele>
   </trkpt>
   <trkpt lat="4.8009440" lon="-75.6532230">
    <ele>1529.8</ele>
   </trkpt>
   <trkpt lat="4.8009440" lon="-75.6532210">
    <ele>1529.8</ele>
   </trkpt>
   <trkpt lat="4.8009410" lon="-75.6532170">
    <ele>1529.8</ele>
   </trkpt>
   <trkpt lat="4.8009370" lon="-75.6532100">
    <ele>1529.8</ele>
   </trkpt>
   <trkpt lat="4.8009350" lon="-75.6532080">
    <ele>1529.8</ele>
   </trkpt>
   <trkpt lat="4.8009320" lon="-75.6532080">
    <ele>1529.8</ele>
   </trkpt>
   <trkpt lat="4.8009300" lon="-75.6532080">
    <ele>1529.8</ele>
   </trkpt>
   <trkpt lat="4.8009290" lon="-75.6532070">
    <ele>1529.8</ele>
   </trkpt>
   <trkpt lat="4.8009280" lon="-75.6532050">
    <ele>1529.8</ele>
   </trkpt>
   <trkpt lat="4.8009280" lon="-75.6532010">
    <ele>1529.7</ele>
   </trkpt>
   <trkpt lat="4.8009280" lon="-75.6531940">
    <ele>1529.7</ele>
   </trkpt>
   <trkpt lat="4.8009280" lon="-75.6531890">
    <ele>1529.7</ele>
   </trkpt>
   <trkpt lat="4.8009300" lon="-75.6531810">
    <ele>1529.6</ele>
   </trkpt>
   <trkpt lat="4.8009300" lon="-75.6531740">
    <ele>1529.6</ele>
   </trkpt>
   <trkpt lat="4.8009300" lon="-75.6531650">
    <ele>1529.5</ele>
   </trkpt>
   <trkpt lat="4.8009300" lon="-75.6531580">
    <ele>1529.5</ele>
   </trkpt>
   <trkpt lat="4.8009300" lon="-75.6531490">
    <ele>1529.4</ele>
   </trkpt>
   <trkpt lat="4.8009300" lon="-75.6531420">
    <ele>1529.4</ele>
   </trkpt>
   <trkpt lat="4.8009300" lon="-75.6531320">
    <ele>1529.3</ele>
   </trkpt>
   <trkpt lat="4.8009320" lon="-75.6531220">
    <ele>1529.3</ele>
   </trkpt>
   <trkpt lat="4.8009330" lon="-75.6531130">
    <ele>1529.2</ele>
   </trkpt>
   <trkpt lat="4.8009340" lon="-75.6531040">
    <ele>1529.2</ele>
   </trkpt>
   <trkpt lat="4.8009350" lon="-75.6530940">
    <ele>1529.1</ele>
   </trkpt>
   <trkpt lat="4.8009370" lon="-75.6530840">
    <ele>1529.1</ele>
   </trkpt>
   <trkpt lat="4.8009400" lon="-75.6530750">
    <ele>1529.0</ele>
   </trkpt>
   <trkpt lat="4.8009410" lon="-75.6530700">
    <ele>1529.0</ele>
   </trkpt>
   <trkpt lat="4.8009430" lon="-75.6530630">
    <ele>1528.9</ele>
   </trkpt>
   <trkpt lat="4.8009450" lon="-75.6530560">
    <ele>1528.9</ele>
   </trkpt>
   <trkpt lat="4.8009470" lon="-75.6530500">
    <ele>1528.8</ele>
   </trkpt>
   <trkpt lat="4.8009500" lon="-75.6530430">
    <ele>1528.8</ele>
   </trkpt>
   <trkpt lat="4.8009570" lon="-75.6530330">
    <ele>1528.7</ele>
   </trkpt>
   <trkpt lat="4.8009580" lon="-75.6530290">
    <ele>1528.7</ele>
   </trkpt>
   <trkpt lat="4.8009610" lon="-75.6530220">
    <ele>1528.7</ele>
   </trkpt>
   <trkpt lat="4.8009620" lon="-75.6530140">
    <ele>1528.6</ele>
   </trkpt>
   <trkpt lat="4.8009630" lon="-75.6530060">
    <ele>1528.6</ele>
   </trkpt>
   <trkpt lat="4.8009600" lon="-75.6529950">
    <ele>1528.5</ele>
   </trkpt>
   <trkpt lat="4.8009560" lon="-75.6529760">
    <ele>1528.4</ele>
   </trkpt>
   <trkpt lat="4.8009540" lon="-75.6529680">
    <ele>1528.3</ele>
   </trkpt>
   <trkpt lat="4.8009500" lon="-75.6529560">
    <ele>1528.2</ele>
   </trkpt>
   <trkpt lat="4.8009500" lon="-75.6529470">
    <ele>1528.2</ele>
   </trkpt>
   <trkpt lat="4.8009440" lon="-75.6529340">
    <ele>1528.1</ele>
   </trkpt>
   <trkpt lat="4.8009410" lon="-75.6529230">
    <ele>1528.0</ele>
   </trkpt>
   <trkpt lat="4.8009370" lon="-75.6529110">
    <ele>1527.9</ele>
   </trkpt>
   <trkpt lat="4.8009340" lon="-75.6529000">
    <ele>1527.9</ele>
   </trkpt>
   <trkpt lat="4.8009280" lon="-75.6528850">
    <ele>1527.8</ele>
   </trkpt>
   <trkpt lat="4.8009260" lon="-75.6528700">
    <ele>1527.7</ele>
   </trkpt>
   <trkpt lat="4.8009270" lon="-75.6528590">
    <ele>1527.6</ele>
   </trkpt>
   <trkpt lat="4.8009340" lon="-75.6528460">
    <ele>1527.5</ele>
   </trkpt>
   <trkpt lat="4.8009420" lon="-75.6528390">
    <ele>1527.4</ele>
   </trkpt>
   <trkpt lat="4.8009490" lon="-75.6528320">
    <ele>1527.4</ele>
   </trkpt>
   <trkpt lat="4.8009560" lon="-75.6528290">
    <ele>1527.3</ele>
   </trkpt>
   <trkpt lat="4.8009660" lon="-75.6528240">
    <ele>1527.3</ele>
   </trkpt>
   <trkpt lat="4.8009720" lon="-75.6528220">
    <ele>1527.2</ele>
   </trkpt>
   <trkpt lat="4.8009820" lon="-75.6528210">
    <ele>1527.2</ele>
   </trkpt>
   <trkpt lat="4.8009920" lon="-75.6528220">
    <ele>1527.1</ele>
   </trkpt>
   <trkpt lat="4.8010020" lon="-75.6528250">
    <ele>1527.0</ele>
   </trkpt>
   <trkpt lat="4.8010110" lon="-75.6528240">
    <ele>1527.0</ele>
   </trkpt>
   <trkpt lat="4.8010220" lon="-75.6528300">
    <ele>1526.9</ele>
   </trkpt>
   <trkpt lat="4.8010330" lon="-75.6528350">
    <ele>1526.8</ele>
   </trkpt>
   <trkpt lat="4.8010400" lon="-75.6528460">
    <ele>1526.7</ele>
   </trkpt>
   <trkpt lat="4.8010510" lon="-75.6528480">
    <ele>1526.6</ele>
   </trkpt>
   <trkpt lat="4.8010610" lon="-75.6528500">
    <ele>1526.6</ele>
   </trkpt>
   <trkpt lat="4.8010700" lon="-75.6528520">
    <ele>1526.5</ele>
   </trkpt>
   <trkpt lat="4.8010780" lon="-75.6528550">
    <ele>1526.4</ele>
   </trkpt>
   <trkpt lat="4.8010860" lon="-75.6528590">
    <ele>1526.4</ele>
   </trkpt>
   <trkpt lat="4.8010950" lon="-75.6528630">
    <ele>1526.3</ele>
   </trkpt>
   <trkpt lat="4.8011050" lon="-75.6528660">
    <ele>1526.2</ele>
   </trkpt>
   <trkpt lat="4.8011150" lon="-75.6528690">
    <ele>1526.2</ele>
   </trkpt>
   <trkpt lat="4.8011260" lon="-75.6528720">
    <ele>1526.1</ele>
   </trkpt>
   <trkpt lat="4.8011350" lon="-75.6528730">
    <ele>1526.0</ele>
   </trkpt>
   <trkpt lat="4.8011420" lon="-75.6528750">
    <ele>1526.0</ele>
   </trkpt>
   <trkpt lat="4.8011470" lon="-75.6528780">
    <ele>1525.9</ele>
   </trkpt>
   <trkpt lat="4.8011510" lon="-75.6528820">
    <ele>1525.9</ele>
   </trkpt>
   <trkpt lat="4.8011540" lon="-75.6528870">
    <ele>1525.9</ele>
   </trkpt>
   <trkpt lat="4.8011570" lon="-75.6528940">
    <ele>1525.8</ele>
   </trkpt>
   <trkpt lat="4.8011630" lon="-75.6529030">
    <ele>1525.7</ele>
   </trkpt>
   <trkpt lat="4.8011670" lon="-75.6529140">
    <ele>1525.7</ele>
   </trkpt>
   <trkpt lat="4.8011740" lon="-75.6529210">
    <ele>1525.6</ele>
   </trkpt>
   <trkpt lat="4.8011790" lon="-75.6529300">
    <ele>1525.5</ele>
   </trkpt>
   <trkpt lat="4.8011870" lon="-75.6529390">
    <ele>1525.4</ele>
   </trkpt>
   <trkpt lat="4.8011980" lon="-75.6529430">
    <ele>1525.4</ele>
   </trkpt>
   <trkpt lat="4.8012080" lon="-75.6529450">
    <ele>1525.3</ele>
   </trkpt>
   <trkpt lat="4.8012180" lon="-75.6529490">
    <ele>1525.2</ele>
   </trkpt>
   <trkpt lat="4.8012190" lon="-75.6529560">
    <ele>1525.2</ele>
   </trkpt>
   <trkpt lat="4.8012190" lon="-75.6529610">
    <ele>1525.1</ele>
   </trkpt>
   <trkpt lat="4.8012270" lon="-75.6529630">
    <ele>1525.1</ele>
   </trkpt>
   <trkpt lat="4.8012380" lon="-75.6529580">
    <ele>1525.0</ele>
   </trkpt>
   <trkpt lat="4.8012450" lon="-75.6529550">
    <ele>1524.9</ele>
   </trkpt>
   <trkpt lat="4.8012480" lon="-75.6529510">
    <ele>1524.9</ele>
   </trkpt>
   <trkpt lat="4.8012480" lon="-75.6529460">
    <ele>1524.9</ele>
   </trkpt>
   <trkpt lat="4.8012350" lon="-75.6529480">
    <ele>1524.8</ele>
   </trkpt>
   <trkpt lat="4.8012220" lon="-75.6529520">
    <ele>1524.7</ele>
   </trkpt>
   <trkpt lat="4.8012200" lon="-75.6529510">
    <ele>1524.7</ele>
   </trkpt>
   <trkpt lat="4.8012190" lon="-75.6529510">
    <ele>1524.7</ele>
   </trkpt>
   <trkpt lat="4.8012180" lon="-75.6529510">
    <ele>1524.7</ele>
   </trkpt>
   <trkpt lat="4.8012190" lon="-75.6529520">
    <ele>1524.6</ele>
   </trkpt>
   <trkpt lat="4.8012190" lon="-75.6529530">
    <ele>1524.6</ele>
   </trkpt>
   <trkpt lat="4.8012200" lon="-75.6529540">
    <ele>1524.6</ele>
   </trkpt>
   <trkpt lat="4.8012170" lon="-75.6529510">
    <ele>1524.6</ele>
   </trkpt>
   <trkpt lat="4.8012220" lon="-75.6529530">
    <ele>1524.6</ele>
   </trkpt>
   <trkpt lat="4.8012220" lon="-75.6529550">
    <ele>1524.5</ele>
   </trkpt>
   <trkpt lat="4.8012310" lon="-75.6529590">
    <ele>1524.5</ele>
   </trkpt>
   <trkpt lat="4.8012460" lon="-75.6529650">
    <ele>1524.4</ele>
   </trkpt>
   <trkpt lat="4.8012600" lon="-75.6529690">
    <ele>1524.3</ele>
   </trkpt>
   <trkpt lat="4.8012720" lon="-75.6529720">
    <ele>1524.2</ele>
   </trkpt>
   <trkpt lat="4.8012960" lon="-75.6529760">
    <ele>1524.0</ele>
   </trkpt>
   <trkpt lat="4.8013020" lon="-75.6529750">
    <ele>1524.0</ele>
   </trkpt>
   <trkpt lat="4.8013120" lon="-75.6529740">
    <ele>1523.9</ele>
   </trkpt>
   <trkpt lat="4.8013240" lon="-75.6529740">
    <ele>1523.8</ele>
   </trkpt>
   <trkpt lat="4.8013370" lon="-75.6529720">
    <ele>1523.8</ele>
   </trkpt>
   <trkpt lat="4.8013500" lon="-75.6529680">
    <ele>1523.7</ele>
   </trkpt>
   <trkpt lat="4.8013610" lon="-75.6529630">
    <ele>1523.6</ele>
   </trkpt>
   <trkpt lat="4.8013720" lon="-75.6529570">
    <ele>1523.5</ele>
   </trkpt>
   <trkpt lat="4.8013800" lon="-75.6529530">
    <ele>1523.4</ele>
   </trkpt>
   <trkpt lat="4.8013920" lon="-75.6529450">
    <ele>1523.4</ele>
   </trkpt>
   <trkpt lat="4.8013980" lon="-75.6529380">
    <ele>1523.3</ele>
   </trkpt>
   <trkpt lat="4.8014010" lon="-75.6529330">
    <ele>1523.3</ele>
   </trkpt>
   <trkpt lat="4.8014080" lon="-75.6529270">
    <ele>1523.2</ele>
   </trkpt>
   <trkpt lat="4.8014150" lon="-75.6529210">
    <ele>1523.1</ele>
   </trkpt>
   <trkpt lat="4.8014150" lon="-75.6529160">
    <ele>1523.1</ele>
   </trkpt>
   <trkpt lat="4.8014080" lon="-75.6529080">
    <ele>1523.1</ele>
   </trkpt>
   <trkpt lat="4.8013940" lon="-75.6528920">
    <ele>1522.9</ele>
   </trkpt>
   <trkpt lat="4.8013850" lon="-75.6528700">
    <ele>1522.8</ele>
   </trkpt>
   <trkpt lat="4.8013830" lon="-75.6528600">
    <ele>1522.7</ele>
   </trkpt>
   <trkpt lat="4.8013810" lon="-75.6528490">
    <ele>1522.7</ele>
   </trkpt>
   <trkpt lat="4.8013800" lon="-75.6528360">
    <ele>1522.6</ele>
   </trkpt>
   <trkpt lat="4.8013780" lon="-75.6528180">
    <ele>1522.5</ele>
   </trkpt>
   <trkpt lat="4.8013760" lon="-75.6528010">
    <ele>1522.4</ele>
   </trkpt>
   <trkpt lat="4.8013700" lon="-75.6527810">
    <ele>1522.3</ele>
   </trkpt>
   <trkpt lat="4.8013660" lon="-75.6527700">
    <ele>1522.2</ele>
   </trkpt>
   <trkpt lat="4.8013610" lon="-75.6527520">
    <ele>1522.1</ele>
   </trkpt>
   <trkpt lat="4.8013550" lon="-75.6527310">
    <ele>1522.0</ele>
   </trkpt>
   <trkpt lat="4.8013480" lon="-75.6527120">
    <ele>1521.9</ele>
   </trkpt>
   <trkpt lat="4.8013390" lon="-75.6526920">
    <ele>1521.7</ele>
   </trkpt>
   <trkpt lat="4.8013110" lon="-75.6526470">
    <ele>1521.4</ele>
   </trkpt>
   <trkpt lat="4.8012990" lon="-75.6526310">
    <ele>1521.3</ele>
   </trkpt>
   <trkpt lat="4.8012620" lon="-75.6525900">
    <ele>1521.0</ele>
   </trkpt>
   <trkpt lat="4.8012420" lon="-75.6525690">
    <ele>1520.8</ele>
   </trkpt>
   <trkpt lat="4.8012320" lon="-75.6525550">
    <ele>1520.7</ele>
   </trkpt>
   <trkpt lat="4.8012270" lon="-75.6525450">
    <ele>1520.6</ele>
   </trkpt>
   <trkpt lat="4.8012260" lon="-75.6525340">
    <ele>1520.5</ele>
   </trkpt>
   <trkpt lat="4.8012240" lon="-75.6525220">
    <ele>1520.5</ele>
   </trkpt>
   <trkpt lat="4.8012250" lon="-75.6525110">
    <ele>1520.4</ele>
   </trkpt>
   <trkpt lat="4.8012290" lon="-75.6525000">
    <ele>1520.3</ele>
   </trkpt>
   <trkpt lat="4.8012400" lon="-75.6524920">
    <ele>1520.2</ele>
   </trkpt>
   <trkpt lat="4.8012460" lon="-75.6524820">
    <ele>1520.1</ele>
   </trkpt>
   <trkpt lat="4.8012660" lon="-75.6524710">
    <ele>1520.0</ele>
   </trkpt>
   <trkpt lat="4.8012730" lon="-75.6524720">
    <ele>1519.9</ele>
   </trkpt>
   <trkpt lat="4.8012770" lon="-75.6524650">
    <ele>1519.9</ele>
   </trkpt>
   <trkpt lat="4.8012820" lon="-75.6524560">
    <ele>1519.8</ele>
   </trkpt>
   <trkpt lat="4.8012880" lon="-75.6524490">
    <ele>1519.8</ele>
   </trkpt>
   <trkpt lat="4.8013010" lon="-75.6524460">
    <ele>1519.7</ele>
   </trkpt>
   <trkpt lat="4.8013350" lon="-75.6524490">
    <ele>1519.5</ele>
   </trkpt>
   <trkpt lat="4.8013490" lon="-75.6524510">
    <ele>1519.4</ele>
   </trkpt>
   <trkpt lat="4.8013630" lon="-75.6524500">
    <ele>1519.3</ele>
   </trkpt>
   <trkpt lat="4.8013830" lon="-75.6524530">
    <ele>1519.1</ele>
   </trkpt>
   <trkpt lat="4.8013960" lon="-75.6524530">
    <ele>1519.1</ele>
   </trkpt>
   <trkpt lat="4.8014060" lon="-75.6524520">
    <ele>1519.0</ele>
   </trkpt>
   <trkpt lat="4.8014210" lon="-75.6524460">
    <ele>1518.9</ele>
   </trkpt>
   <trkpt lat="4.8014250" lon="-75.6524450">
    <ele>1518.9</ele>
   </trkpt>
   <trkpt lat="4.8014320" lon="-75.6524420">
    <ele>1518.8</ele>
   </trkpt>
   <trkpt lat="4.8014400" lon="-75.6524390">
    <ele>1518.8</ele>
   </trkpt>
   <trkpt lat="4.8014470" lon="-75.6524350">
    <ele>1518.7</ele>
   </trkpt>
   <trkpt lat="4.8014550" lon="-75.6524300">
    <ele>1518.7</ele>
   </trkpt>
   <trkpt lat="4.8014640" lon="-75.6524240">
    <ele>1518.6</ele>
   </trkpt>
   <trkpt lat="4.8014740" lon="-75.6524190">
    <ele>1518.5</ele>
   </trkpt>
   <trkpt lat="4.8014790" lon="-75.6524150">
    <ele>1518.5</ele>
   </trkpt>
   <trkpt lat="4.8014810" lon="-75.6524130">
    <ele>1518.5</ele>
   </trkpt>
   <trkpt lat="4.8014850" lon="-75.6524110">
    <ele>1518.4</ele>
   </trkpt>
   <trkpt lat="4.8014890" lon="-75.6524080">
    <ele>1518.4</ele>
   </trkpt>
   <trkpt lat="4.8014960" lon="-75.6524040">
    <ele>1518.4</ele>
   </trkpt>
   <trkpt lat="4.8014940" lon="-75.6523910">
    <ele>1518.3</ele>
   </trkpt>
   <trkpt lat="4.8014950" lon="-75.6523870">
    <ele>1518.3</ele>
   </trkpt>
   <trkpt lat="4.8015010" lon="-75.6523810">
    <ele>1518.2</ele>
   </trkpt>
   <trkpt lat="4.8015090" lon="-75.6523770">
    <ele>1518.2</ele>
   </trkpt>
   <trkpt lat="4.8015170" lon="-75.6523730">
    <ele>1518.1</ele>
   </trkpt>
   <trkpt lat="4.8015260" lon="-75.6523690">
    <ele>1518.1</ele>
   </trkpt>
   <trkpt lat="4.8015340" lon="-75.6523650">
    <ele>1518.0</ele>
   </trkpt>
   <trkpt lat="4.8015450" lon="-75.6523570">
    <ele>1517.9</ele>
   </trkpt>
   <trkpt lat="4.8015510" lon="-75.6523540">
    <ele>1517.9</ele>
   </trkpt>
   <trkpt lat="4.8015590" lon="-75.6523500">
    <ele>1517.9</ele>
   </trkpt>
   <trkpt lat="4.8015670" lon="-75.6523450">
    <ele>1517.8</ele>
   </trkpt>
   <trkpt lat="4.8015750" lon="-75.6523400">
    <ele>1517.8</ele>
   </trkpt>
   <trkpt lat="4.8015830" lon="-75.6523390">
    <ele>1517.7</ele>
   </trkpt>
   <trkpt lat="4.8015980" lon="-75.6523340">
    <ele>1517.7</ele>
   </trkpt>
   <trkpt lat="4.8016020" lon="-75.6523310">
    <ele>1517.6</ele>
   </trkpt>
   <trkpt lat="4.8016090" lon="-75.6523270">
    <ele>1517.6</ele>
   </trkpt>
   <trkpt lat="4.8016160" lon="-75.6523240">
    <ele>1517.6</ele>
   </trkpt>
   <trkpt lat="4.8016260" lon="-75.6523210">
    <ele>1517.5</ele>
   </trkpt>
   <trkpt lat="4.8016350" lon="-75.6523190">
    <ele>1517.5</ele>
   </trkpt>
   <trkpt lat="4.8016490" lon="-75.6523170">
    <ele>1517.4</ele>
   </trkpt>
   <trkpt lat="4.8016560" lon="-75.6523160">
    <ele>1517.4</ele>
   </trkpt>
   <trkpt lat="4.8016630" lon="-75.6523150">
    <ele>1517.4</ele>
   </trkpt>
   <trkpt lat="4.8016700" lon="-75.6523140">
    <ele>1517.3</ele>
   </trkpt>
   <trkpt lat="4.8016770" lon="-75.6523120">
    <ele>1517.3</ele>
   </trkpt>
   <trkpt lat="4.8016830" lon="-75.6523100">
    <ele>1517.3</ele>
   </trkpt>
   <trkpt lat="4.8016840" lon="-75.6523090">
    <ele>1517.3</ele>
   </trkpt>
   <trkpt lat="4.8016790" lon="-75.6523000">
    <ele>1517.3</ele>
   </trkpt>
   <trkpt lat="4.8016820" lon="-75.6522970">
    <ele>1517.2</ele>
   </trkpt>
   <trkpt lat="4.8016860" lon="-75.6522910">
    <ele>1517.2</ele>
   </trkpt>
   <trkpt lat="4.8016910" lon="-75.6522860">
    <ele>1517.2</ele>
   </trkpt>
   <trkpt lat="4.8016970" lon="-75.6522820">
    <ele>1517.2</ele>
   </trkpt>
   <trkpt lat="4.8017050" lon="-75.6522790">
    <ele>1517.1</ele>
   </trkpt>
   <trkpt lat="4.8017130" lon="-75.6522760">
    <ele>1517.1</ele>
   </trkpt>
   <trkpt lat="4.8017190" lon="-75.6522730">
    <ele>1517.1</ele>
   </trkpt>
   <trkpt lat="4.8017250" lon="-75.6522700">
    <ele>1517.1</ele>
   </trkpt>
   <trkpt lat="4.8017310" lon="-75.6522660">
    <ele>1517.0</ele>
   </trkpt>
   <trkpt lat="4.8017370" lon="-75.6522630">
    <ele>1517.0</ele>
   </trkpt>
   <trkpt lat="4.8017430" lon="-75.6522630">
    <ele>1517.0</ele>
   </trkpt>
   <trkpt lat="4.8017490" lon="-75.6522650">
    <ele>1517.0</ele>
   </trkpt>
   <trkpt lat="4.8017550" lon="-75.6522650">
    <ele>1517.0</ele>
   </trkpt>
   <trkpt lat="4.8017560" lon="-75.6522630">
    <ele>1517.0</ele>
   </trkpt>
   <trkpt lat="4.8017570" lon="-75.6522580">
    <ele>1517.0</ele>
   </trkpt>
   <trkpt lat="4.8017580" lon="-75.6522510">
    <ele>1516.9</ele>
   </trkpt>
   <trkpt lat="4.8017570" lon="-75.6522420">
    <ele>1516.9</ele>
   </trkpt>
   <trkpt lat="4.8017580" lon="-75.6522340">
    <ele>1516.9</ele>
   </trkpt>
   <trkpt lat="4.8017580" lon="-75.6522250">
    <ele>1516.9</ele>
   </trkpt>
   <trkpt lat="4.8017580" lon="-75.6522160">
    <ele>1516.9</ele>
   </trkpt>
   <trkpt lat="4.8017580" lon="-75.6522110">
    <ele>1516.8</ele>
   </trkpt>
   <trkpt lat="4.8017570" lon="-75.6522070">
    <ele>1516.8</ele>
   </trkpt>
   <trkpt lat="4.8017580" lon="-75.6522030">
    <ele>1516.8</ele>
   </trkpt>
   <trkpt lat="4.8017530" lon="-75.6522050">
    <ele>1516.8</ele>
   </trkpt>
   <trkpt lat="4.8017530" lon="-75.6522040">
    <ele>1516.8</ele>
   </trkpt>
   <trkpt lat="4.8017540" lon="-75.6522010">
    <ele>1516.8</ele>
   </trkpt>
   <trkpt lat="4.8017570" lon="-75.6521980">
    <ele>1516.8</ele>
   </trkpt>
   <trkpt lat="4.8017620" lon="-75.6521940">
    <ele>1516.8</ele>
   </trkpt>
   <trkpt lat="4.8017670" lon="-75.6521900">
    <ele>1516.8</ele>
   </trkpt>
   <trkpt lat="4.8017720" lon="-75.6521860">
    <ele>1516.8</ele>
   </trkpt>
   <trkpt lat="4.8017750" lon="-75.6521820">
    <ele>1516.7</ele>
   </trkpt>
   <trkpt lat="4.8017770" lon="-75.6521790">
    <ele>1516.7</ele>
   </trkpt>
   <trkpt lat="4.8017810" lon="-75.6521770">
    <ele>1516.7</ele>
   </trkpt>
   <trkpt lat="4.8017830" lon="-75.6521740">
    <ele>1516.7</ele>
   </trkpt>
   <trkpt lat="4.8017860" lon="-75.6521720">
    <ele>1516.7</ele>
   </trkpt>
   <trkpt lat="4.8017870" lon="-75.6521700">
    <ele>1516.7</ele>
   </trkpt>
   <trkpt lat="4.8017900" lon="-75.6521670">
    <ele>1516.7</ele>
   </trkpt>
   <trkpt lat="4.8017920" lon="-75.6521740">
    <ele>1516.7</ele>
   </trkpt>
   <trkpt lat="4.8018020" lon="-75.6522000">
    <ele>1516.6</ele>
   </trkpt>
   <trkpt lat="4.8018080" lon="-75.6522070">
    <ele>1516.6</ele>
   </trkpt>
   <trkpt lat="4.8018150" lon="-75.6522230">
    <ele>1516.6</ele>
   </trkpt>
   <trkpt lat="4.8018190" lon="-75.6522240">
    <ele>1516.6</ele>
   </trkpt>
   <trkpt lat="4.8018070" lon="-75.6521890">
    <ele>1516.5</ele>
   </trkpt>
   <trkpt lat="4.8017960" lon="-75.6521550">
    <ele>1516.5</ele>
   </trkpt>
   <trkpt lat="4.8017930" lon="-75.6521390">
    <ele>1516.5</ele>
   </trkpt>
   <trkpt lat="4.8017970" lon="-75.6521320">
    <ele>1516.5</ele>
   </trkpt>
   <trkpt lat="4.8017950" lon="-75.6521260">
    <ele>1516.5</ele>
   </trkpt>
   <trkpt lat="4.8017940" lon="-75.6521180">
    <ele>1516.4</ele>
   </trkpt>
   <trkpt lat="4.8017950" lon="-75.6521100">
    <ele>1516.4</ele>
   </trkpt>
   <trkpt lat="4.8017970" lon="-75.6521010">
    <ele>1516.4</ele>
   </trkpt>
   <trkpt lat="4.8018020" lon="-75.6520870">
    <ele>1516.4</ele>
   </trkpt>
   <trkpt lat="4.8018040" lon="-75.6520810">
    <ele>1516.4</ele>
   </trkpt>
   <trkpt lat="4.8018060" lon="-75.6520710">
    <ele>1516.4</ele>
   </trkpt>
   <trkpt lat="4.8018080" lon="-75.6520600">
    <ele>1516.4</ele>
   </trkpt>
   <trkpt lat="4.8018100" lon="-75.6520490">
    <ele>1516.4</ele>
   </trkpt>
   <trkpt lat="4.8018140" lon="-75.6520390">
    <ele>1516.4</ele>
   </trkpt>
   <trkpt lat="4.8018160" lon="-75.6520290">
    <ele>1516.3</ele>
   </trkpt>
   <trkpt lat="4.8018280" lon="-75.6520170">
    <ele>1516.3</ele>
   </trkpt>
   <trkpt lat="4.8018330" lon="-75.6520090">
    <ele>1516.3</ele>
   </trkpt>
   <trkpt lat="4.8018400" lon="-75.6520000">
    <ele>1516.3</ele>
   </trkpt>
   <trkpt lat="4.8018440" lon="-75.6519910">
    <ele>1516.3</ele>
   </trkpt>
   <trkpt lat="4.8018530" lon="-75.6519830">
    <ele>1516.3</ele>
   </trkpt>
   <trkpt lat="4.8018580" lon="-75.6519750">
    <ele>1516.3</ele>
   </trkpt>
   <trkpt lat="4.8018610" lon="-75.6519630">
    <ele>1516.3</ele>
   </trkpt>
   <trkpt lat="4.8018640" lon="-75.6519590">
    <ele>1516.3</ele>
   </trkpt>
   <trkpt lat="4.8018690" lon="-75.6519530">
    <ele>1516.3</ele>
   </trkpt>
   <trkpt lat="4.8018760" lon="-75.6519490">
    <ele>1516.3</ele>
   </trkpt>
   <trkpt lat="4.8018840" lon="-75.6519470">
    <ele>1516.3</ele>
   </trkpt>
   <trkpt lat="4.8018890" lon="-75.6519390">
    <ele>1516.3</ele>
   </trkpt>
   <trkpt lat="4.8018980" lon="-75.6519350">
    <ele>1516.3</ele>
   </trkpt>
   <trkpt lat="4.8019050" lon="-75.6519330">
    <ele>1516.3</ele>
   </trkpt>
   <trkpt lat="4.8019050" lon="-75.6519270">
    <ele>1516.3</ele>
   </trkpt>
   <trkpt lat="4.8019070" lon="-75.6519200">
    <ele>1516.3</ele>
   </trkpt>
   <trkpt lat="4.8018980" lon="-75.6519120">
    <ele>1516.3</ele>
   </trkpt>
   <trkpt lat="4.8018910" lon="-75.6519040">
    <ele>1516.2</ele>
   </trkpt>
   <trkpt lat="4.8018840" lon="-75.6518900">
    <ele>1516.2</ele>
   </trkpt>
   <trkpt lat="4.8018700" lon="-75.6518880">
    <ele>1516.2</ele>
   </trkpt>
   <trkpt lat="4.8018620" lon="-75.6518800">
    <ele>1516.1</ele>
   </trkpt>
   <trkpt lat="4.8018570" lon="-75.6518670">
    <ele>1516.1</ele>
   </trkpt>
   <trkpt lat="4.8018530" lon="-75.6518560">
    <ele>1516.1</ele>
   </trkpt>
   <trkpt lat="4.8018500" lon="-75.6518450">
    <ele>1516.1</ele>
   </trkpt>
   <trkpt lat="4.8018420" lon="-75.6518330">
    <ele>1516.0</ele>
   </trkpt>
   <trkpt lat="4.8018350" lon="-75.6518270">
    <ele>1516.0</ele>
   </trkpt>
   <trkpt lat="4.8018220" lon="-75.6518210">
    <ele>1515.9</ele>
   </trkpt>
   <trkpt lat="4.8018070" lon="-75.6518130">
    <ele>1515.9</ele>
   </trkpt>
   <trkpt lat="4.8017920" lon="-75.6518060">
    <ele>1515.8</ele>
   </trkpt>
   <trkpt lat="4.8017760" lon="-75.6517990">
    <ele>1515.8</ele>
   </trkpt>
   <trkpt lat="4.8017590" lon="-75.6517930">
    <ele>1515.7</ele>
   </trkpt>
   <trkpt lat="4.8017390" lon="-75.6517880">
    <ele>1515.6</ele>
   </trkpt>
   <trkpt lat="4.8017180" lon="-75.6517830">
    <ele>1515.5</ele>
   </trkpt>
   <trkpt lat="4.8017040" lon="-75.6517770">
    <ele>1515.5</ele>
   </trkpt>
   <trkpt lat="4.8016840" lon="-75.6517630">
    <ele>1515.3</ele>
   </trkpt>
   <trkpt lat="4.8016600" lon="-75.6517420">
    <ele>1515.2</ele>
   </trkpt>
   <trkpt lat="4.8016470" lon="-75.6517320">
    <ele>1515.1</ele>
   </trkpt>
   <trkpt lat="4.8016310" lon="-75.6517220">
    <ele>1515.0</ele>
   </trkpt>
   <trkpt lat="4.8016190" lon="-75.6517150">
    <ele>1514.9</ele>
   </trkpt>
   <trkpt lat="4.8016050" lon="-75.6517070">
    <ele>1514.8</ele>
   </trkpt>
   <trkpt lat="4.8015910" lon="-75.6517010">
    <ele>1514.8</ele>
   </trkpt>
   <trkpt lat="4.8015730" lon="-75.6516940">
    <ele>1514.6</ele>
   </trkpt>
   <trkpt lat="4.8015650" lon="-75.6516910">
    <ele>1514.6</ele>
   </trkpt>
   <trkpt lat="4.8015500" lon="-75.6516890">
    <ele>1514.5</ele>
   </trkpt>
   <trkpt lat="4.8015360" lon="-75.6516870">
    <ele>1514.4</ele>
   </trkpt>
   <trkpt lat="4.8015200" lon="-75.6516840">
    <ele>1514.3</ele>
   </trkpt>
   <trkpt lat="4.8015070" lon="-75.6516820">
    <ele>1514.3</ele>
   </trkpt>
   <trkpt lat="4.8014810" lon="-75.6516760">
    <ele>1514.1</ele>
   </trkpt>
   <trkpt lat="4.8014660" lon="-75.6516720">
    <ele>1514.0</ele>
   </trkpt>
   <trkpt lat="4.8014490" lon="-75.6516700">
    <ele>1513.9</ele>
   </trkpt>
   <trkpt lat="4.8014330" lon="-75.6516680">
    <ele>1513.9</ele>
   </trkpt>
   <trkpt lat="4.8014190" lon="-75.6516650">
    <ele>1513.8</ele>
   </trkpt>
   <trkpt lat="4.8014080" lon="-75.6516610">
    <ele>1513.7</ele>
   </trkpt>
   <trkpt lat="4.8013930" lon="-75.6516580">
    <ele>1513.6</ele>
   </trkpt>
   <trkpt lat="4.8013820" lon="-75.6516560">
    <ele>1513.6</ele>
   </trkpt>
   <trkpt lat="4.8013700" lon="-75.6516530">
    <ele>1513.5</ele>
   </trkpt>
   <trkpt lat="4.8013610" lon="-75.6516490">
    <ele>1513.4</ele>
   </trkpt>
   <trkpt lat="4.8013520" lon="-75.6516450">
    <ele>1513.4</ele>
   </trkpt>
   <trkpt lat="4.8013460" lon="-75.6516430">
    <ele>1513.3</ele>
   </trkpt>
   <trkpt lat="4.8013410" lon="-75.6516400">
    <ele>1513.3</ele>
   </trkpt>
   <trkpt lat="4.8013340" lon="-75.6516380">
    <ele>1513.3</ele>
   </trkpt>
   <trkpt lat="4.8013280" lon="-75.6516370">
    <ele>1513.2</ele>
   </trkpt>
   <trkpt lat="4.8013240" lon="-75.6516350">
    <ele>1513.2</ele>
   </trkpt>
   <trkpt lat="4.8013190" lon="-75.6516320">
    <ele>1513.2</ele>
   </trkpt>
   <trkpt lat="4.8013150" lon="-75.6516310">
    <ele>1513.1</ele>
   </trkpt>
   <trkpt lat="4.8013100" lon="-75.6516290">
    <ele>1513.1</ele>
   </trkpt>
   <trkpt lat="4.8013010" lon="-75.6516260">
    <ele>1513.1</ele>
   </trkpt>
   <trkpt lat="4.8013030" lon="-75.6516280">
    <ele>1513.0</ele>
   </trkpt>
   <trkpt lat="4.8013020" lon="-75.6516280">
    <ele>1513.0</ele>
   </trkpt>
   <trkpt lat="4.8013030" lon="-75.6516280">
    <ele>1513.0</ele>
   </trkpt>
   <trkpt lat="4.8013030" lon="-75.6516310">
    <ele>1513.0</ele>
   </trkpt>
   <trkpt lat="4.8013010" lon="-75.6516330">
    <ele>1513.0</ele>
   </trkpt>
   <trkpt lat="4.8012960" lon="-75.6516320">
    <ele>1513.0</ele>
   </trkpt>
   <trkpt lat="4.8012910" lon="-75.6516320">
    <ele>1512.9</ele>
   </trkpt>
   <trkpt lat="4.8012860" lon="-75.6516340">
    <ele>1512.9</ele>
   </trkpt>
   <trkpt lat="4.8012810" lon="-75.6516360">
    <ele>1512.9</ele>
   </trkpt>
   <trkpt lat="4.8012770" lon="-75.6516380">
    <ele>1512.8</ele>
   </trkpt>
   <trkpt lat="4.8012690" lon="-75.6516380">
    <ele>1512.8</ele>
   </trkpt>
   <trkpt lat="4.8012660" lon="-75.6516380">
    <ele>1512.8</ele>
   </trkpt>
   <trkpt lat="4.8012610" lon="-75.6516370">
    <ele>1512.7</ele>
   </trkpt>
   <trkpt lat="4.8012550" lon="-75.6516380">
    <ele>1512.7</ele>
   </trkpt>
   <trkpt lat="4.8012490" lon="-75.6516410">
    <ele>1512.6</ele>
   </trkpt>
   <trkpt lat="4.8012440" lon="-75.6516470">
    <ele>1512.6</ele>
   </trkpt>
   <trkpt lat="4.8012360" lon="-75.6516550">
    <ele>1512.5</ele>
   </trkpt>
   <trkpt lat="4.8012310" lon="-75.6516580">
    <ele>1512.5</ele>
   </trkpt>
   <trkpt lat="4.8012260" lon="-75.6516610">
    <ele>1512.4</ele>
   </trkpt>
   <trkpt lat="4.8012200" lon="-75.6516630">
    <ele>1512.4</ele>
   </trkpt>
   <trkpt lat="4.8012120" lon="-75.6516680">
    <ele>1512.3</ele>
   </trkpt>
   <trkpt lat="4.8012050" lon="-75.6516750">
    <ele>1512.3</ele>
   </trkpt>
   <trkpt lat="4.8012000" lon="-75.6516790">
    <ele>1512.2</ele>
   </trkpt>
   <trkpt lat="4.8011940" lon="-75.6516800">
    <ele>1512.2</ele>
   </trkpt>
   <trkpt lat="4.8011910" lon="-75.6516780">
    <ele>1512.2</ele>
   </trkpt>
   <trkpt lat="4.8011900" lon="-75.6516760">
    <ele>1512.1</ele>
   </trkpt>
   <trkpt lat="4.8011880" lon="-75.6516700">
    <ele>1512.1</ele>
   </trkpt>
   <trkpt lat="4.8011860" lon="-75.6516600">
    <ele>1512.0</ele>
   </trkpt>
   <trkpt lat="4.8011920" lon="-75.6516280">
    <ele>1511.8</ele>
   </trkpt>
   <trkpt lat="4.8011940" lon="-75.6516150">
    <ele>1511.7</ele>
   </trkpt>
   <trkpt lat="4.8011980" lon="-75.6515970">
    <ele>1511.5</ele>
   </trkpt>
   <trkpt lat="4.8012020" lon="-75.6515770">
    <ele>1511.4</ele>
   </trkpt>
   <trkpt lat="4.8012080" lon="-75.6515580">
    <ele>1511.2</ele>
   </trkpt>
   <trkpt lat="4.8012200" lon="-75.6515260">
    <ele>1511.0</ele>
   </trkpt>
   <trkpt lat="4.8012190" lon="-75.6515240">
    <ele>1511.0</ele>
   </trkpt>
   <trkpt lat="4.8012150" lon="-75.6515220">
    <ele>1510.9</ele>
   </trkpt>
   <trkpt lat="4.8012070" lon="-75.6515240">
    <ele>1510.9</ele>
   </trkpt>
   <trkpt lat="4.8011950" lon="-75.6515340">
    <ele>1510.7</ele>
   </trkpt>
   <trkpt lat="4.8011810" lon="-75.6515510">
    <ele>1510.6</ele>
   </trkpt>
   <trkpt lat="4.8011680" lon="-75.6515700">
    <ele>1510.4</ele>
   </trkpt>
   <trkpt lat="4.8011390" lon="-75.6516410">
    <ele>1509.8</ele>
   </trkpt>
   <trkpt lat="4.8011310" lon="-75.6516610">
    <ele>1509.6</ele>
   </trkpt>
   <trkpt lat="4.8011240" lon="-75.6516670">
    <ele>1509.5</ele>
   </trkpt>
   <trkpt lat="4.8011190" lon="-75.6516610">
    <ele>1509.5</ele>
   </trkpt>
   <trkpt lat="4.8011130" lon="-75.6516520">
    <ele>1509.5</ele>
   </trkpt>
   <trkpt lat="4.8011140" lon="-75.6516200">
    <ele>1509.5</ele>
   </trkpt>
   <trkpt lat="4.8011160" lon="-75.6516220">
    <ele>1509.5</ele>
   </trkpt>
   <trkpt lat="4.8011210" lon="-75.6516280">
    <ele>1509.5</ele>
   </trkpt>
   <trkpt lat="4.8011280" lon="-75.6516320">
    <ele>1509.5</ele>
   </trkpt>
   <trkpt lat="4.8011330" lon="-75.6516320">
    <ele>1509.5</ele>
   </trkpt>
   <trkpt lat="4.8011350" lon="-75.6516310">
    <ele>1509.5</ele>
   </trkpt>
   <trkpt lat="4.8011370" lon="-75.6516340">
    <ele>1509.5</ele>
   </trkpt>
   <trkpt lat="4.8011380" lon="-75.6516360">
    <ele>1509.5</ele>
   </trkpt>
   <trkpt lat="4.8011410" lon="-75.6516430">
    <ele>1509.5</ele>
   </trkpt>
   <trkpt lat="4.8011430" lon="-75.6516460">
    <ele>1509.5</ele>
   </trkpt>
   <trkpt lat="4.8011430" lon="-75.6516490">
    <ele>1509.5</ele>
   </trkpt>
   <trkpt lat="4.8011360" lon="-75.6516560">
    <ele>1509.5</ele>
   </trkpt>
   <trkpt lat="4.8011220" lon="-75.6516720">
    <ele>1509.5</ele>
   </trkpt>
   <trkpt lat="4.8011140" lon="-75.6516840">
    <ele>1509.5</ele>
   </trkpt>
   <trkpt lat="4.8011090" lon="-75.6516970">
    <ele>1509.5</ele>
   </trkpt>
   <trkpt lat="4.8011060" lon="-75.6517120">
    <ele>1509.5</ele>
   </trkpt>
   <trkpt lat="4.8011070" lon="-75.6517290">
    <ele>1509.5</ele>
   </trkpt>
   <trkpt lat="4.8011120" lon="-75.6517470">
    <ele>1509.5</ele>
   </trkpt>
   <trkpt lat="4.8011160" lon="-75.6517660">
    <ele>1509.5</ele>
   </trkpt>
   <trkpt lat="4.8011190" lon="-75.6517740">
    <ele>1509.5</ele>
   </trkpt>
   <trkpt lat="4.8011220" lon="-75.6517850">
    <ele>1509.5</ele>
   </trkpt>
   <trkpt lat="4.8011280" lon="-75.6517940">
    <ele>1509.5</ele>
   </trkpt>
   <trkpt lat="4.8011330" lon="-75.6518030">
    <ele>1509.5</ele>
   </trkpt>
   <trkpt lat="4.8011380" lon="-75.6518120">
    <ele>1509.5</ele>
   </trkpt>
   <trkpt lat="4.8011420" lon="-75.6518210">
    <ele>1509.5</ele>
   </trkpt>
   <trkpt lat="4.8011460" lon="-75.6518340">
    <ele>1509.5</ele>
   </trkpt>
   <trkpt lat="4.8011510" lon="-75.6518400">
    <ele>1509.5</ele>
   </trkpt>
   <trkpt lat="4.8011550" lon="-75.6518460">
    <ele>1509.5</ele>
   </trkpt>
   <trkpt lat="4.8011570" lon="-75.6518500">
    <ele>1509.5</ele>
   </trkpt>
   <trkpt lat="4.8011610" lon="-75.6518590">
    <ele>1509.5</ele>
   </trkpt>
   <trkpt lat="4.8011650" lon="-75.6518670">
    <ele>1509.5</ele>
   </trkpt>
   <trkpt lat="4.8011690" lon="-75.6518720">
    <ele>1509.5</ele>
   </trkpt>
   <trkpt lat="4.8011690" lon="-75.6518750">
    <ele>1509.5</ele>
   </trkpt>
   <trkpt lat="4.8011670" lon="-75.6518790">
    <ele>1509.5</ele>
   </trkpt>
   <trkpt lat="4.8011670" lon="-75.6518860">
    <ele>1509.5</ele>
   </trkpt>
   <trkpt lat="4.8011620" lon="-75.6518900">
    <ele>1509.4</ele>
   </trkpt>
   <trkpt lat="4.8011570" lon="-75.6518960">
    <ele>1509.4</ele>
   </trkpt>
   <trkpt lat="4.8011510" lon="-75.6519020">
    <ele>1509.4</ele>
   </trkpt>
   <trkpt lat="4.8011490" lon="-75.6519100">
    <ele>1509.4</ele>
   </trkpt>
   <trkpt lat="4.8011480" lon="-75.6519190">
    <ele>1509.3</ele>
   </trkpt>
   <trkpt lat="4.8011450" lon="-75.6519290">
    <ele>1509.3</ele>
   </trkpt>
   <trkpt lat="4.8011390" lon="-75.6519390">
    <ele>1509.2</ele>
   </trkpt>
   <trkpt lat="4.8011330" lon="-75.6519480">
    <ele>1509.2</ele>
   </trkpt>
   <trkpt lat="4.8011300" lon="-75.6519550">
    <ele>1509.2</ele>
   </trkpt>
   <trkpt lat="4.8011300" lon="-75.6519640">
    <ele>1509.1</ele>
   </trkpt>
   <trkpt lat="4.8011350" lon="-75.6519630">
    <ele>1509.1</ele>
   </trkpt>
   <trkpt lat="4.8011430" lon="-75.6519630">
    <ele>1509.1</ele>
   </trkpt>
   <trkpt lat="4.8011550" lon="-75.6519610">
    <ele>1509.1</ele>
   </trkpt>
   <trkpt lat="4.8011630" lon="-75.6519640">
    <ele>1509.0</ele>
   </trkpt>
   <trkpt lat="4.8011750" lon="-75.6519620">
    <ele>1509.0</ele>
   </trkpt>
   <trkpt lat="4.8011810" lon="-75.6519660">
    <ele>1509.0</ele>
   </trkpt>
   <trkpt lat="4.8011840" lon="-75.6519750">
    <ele>1508.9</ele>
   </trkpt>
   <trkpt lat="4.8011830" lon="-75.6519810">
    <ele>1508.9</ele>
   </trkpt>
   <trkpt lat="4.8011800" lon="-75.6519870">
    <ele>1508.9</ele>
   </trkpt>
   <trkpt lat="4.8011790" lon="-75.6519920">
    <ele>1508.9</ele>
   </trkpt>
   <trkpt lat="4.8011830" lon="-75.6519990">
    <ele>1508.9</ele>
   </trkpt>
   <trkpt lat="4.8011890" lon="-75.6520090">
    <ele>1508.8</ele>
   </trkpt>
   <trkpt lat="4.8011940" lon="-75.6520190">
    <ele>1508.8</ele>
   </trkpt>
   <trkpt lat="4.8011970" lon="-75.6520160">
    <ele>1508.8</ele>
   </trkpt>
   <trkpt lat="4.8012060" lon="-75.6520230">
    <ele>1508.8</ele>
   </trkpt>
   <trkpt lat="4.8012080" lon="-75.6520240">
    <ele>1508.8</ele>
   </trkpt>
   <trkpt lat="4.8012100" lon="-75.6520270">
    <ele>1508.8</ele>
   </trkpt>
   <trkpt lat="4.8012140" lon="-75.6520320">
    <ele>1508.7</ele>
   </trkpt>
   <trkpt lat="4.8012230" lon="-75.6520390">
    <ele>1508.7</ele>
   </trkpt>
   <trkpt lat="4.8012350" lon="-75.6520460">
    <ele>1508.7</ele>
   </trkpt>
   <trkpt lat="4.8012310" lon="-75.6520420">
    <ele>1508.7</ele>
   </trkpt>
   <trkpt lat="4.8012380" lon="-75.6520450">
    <ele>1508.7</ele>
   </trkpt>
   <trkpt lat="4.8012430" lon="-75.6520430">
    <ele>1508.6</ele>
   </trkpt>
   <trkpt lat="4.8012460" lon="-75.6520400">
    <ele>1508.6</ele>
   </trkpt>
   <trkpt lat="4.8012540" lon="-75.6520420">
    <ele>1508.6</ele>
   </trkpt>
   <trkpt lat="4.8012630" lon="-75.6520470">
    <ele>1508.6</ele>
   </trkpt>
   <trkpt lat="4.8012670" lon="-75.6520360">
    <ele>1508.6</ele>
   </trkpt>
   <trkpt lat="4.8012730" lon="-75.6520370">
    <ele>1508.6</ele>
   </trkpt>
   <trkpt lat="4.8012810" lon="-75.6520400">
    <ele>1508.6</ele>
   </trkpt>
   <trkpt lat="4.8012880" lon="-75.6520460">
    <ele>1508.6</ele>
   </trkpt>
   <trkpt lat="4.8012940" lon="-75.6520530">
    <ele>1508.6</ele>
   </trkpt>
   <trkpt lat="4.8013020" lon="-75.6520620">
    <ele>1508.6</ele>
   </trkpt>
   <trkpt lat="4.8013110" lon="-75.6520730">
    <ele>1508.6</ele>
   </trkpt>
   <trkpt lat="4.8013140" lon="-75.6520730">
    <ele>1508.6</ele>
   </trkpt>
   <trkpt lat="4.8013200" lon="-75.6520810">
    <ele>1508.6</ele>
   </trkpt>
   <trkpt lat="4.8013260" lon="-75.6520890">
    <ele>1508.6</ele>
   </trkpt>
   <trkpt lat="4.8013320" lon="-75.6520990">
    <ele>1508.6</ele>
   </trkpt>
   <trkpt lat="4.8013370" lon="-75.6521000">
    <ele>1508.6</ele>
   </trkpt>
   <trkpt lat="4.8013440" lon="-75.6520930">
    <ele>1508.6</ele>
   </trkpt>
   <trkpt lat="4.8013480" lon="-75.6520980">
    <ele>1508.6</ele>
   </trkpt>
   <trkpt lat="4.8013500" lon="-75.6521120">
    <ele>1508.6</ele>
   </trkpt>
   <trkpt lat="4.8013510" lon="-75.6521200">
    <ele>1508.6</ele>
   </trkpt>
   <trkpt lat="4.8013530" lon="-75.6521240">
    <ele>1508.6</ele>
   </trkpt>
   <trkpt lat="4.8013540" lon="-75.6521340">
    <ele>1508.6</ele>
   </trkpt>
   <trkpt lat="4.8013450" lon="-75.6521760">
    <ele>1508.7</ele>
   </trkpt>
   <trkpt lat="4.8013420" lon="-75.6521870">
    <ele>1508.7</ele>
   </trkpt>
   <trkpt lat="4.8013360" lon="-75.6522040">
    <ele>1508.8</ele>
   </trkpt>
   <trkpt lat="4.8013300" lon="-75.6522190">
    <ele>1508.8</ele>
   </trkpt>
   <trkpt lat="4.8013220" lon="-75.6522340">
    <ele>1508.9</ele>
   </trkpt>
   <trkpt lat="4.8013140" lon="-75.6522480">
    <ele>1508.9</ele>
   </trkpt>
   <trkpt lat="4.8013040" lon="-75.6522640">
    <ele>1509.0</ele>
   </trkpt>
   <trkpt lat="4.8012940" lon="-75.6522770">
    <ele>1509.1</ele>
   </trkpt>
   <trkpt lat="4.8012830" lon="-75.6522880">
    <ele>1509.1</ele>
   </trkpt>
   <trkpt lat="4.8012740" lon="-75.6522970">
    <ele>1509.2</ele>
   </trkpt>
   <trkpt lat="4.8012610" lon="-75.6523080">
    <ele>1509.2</ele>
   </trkpt>
   <trkpt lat="4.8012500" lon="-75.6523150">
    <ele>1509.3</ele>
   </trkpt>
   <trkpt lat="4.8012310" lon="-75.6523260">
    <ele>1509.4</ele>
   </trkpt>
   <trkpt lat="4.8012310" lon="-75.6523260">
    <ele>1509.4</ele>
   </trkpt>
   <trkpt lat="4.8012310" lon="-75.6523260">
    <ele>1509.4</ele>
   </trkpt>
   <trkpt lat="4.8011960" lon="-75.6523270">
    <ele>1509.5</ele>
   </trkpt>
   <trkpt lat="4.8011690" lon="-75.6523280">
    <ele>1509.7</ele>
   </trkpt>
   <trkpt lat="4.8011420" lon="-75.6523290">
    <ele>1509.8</ele>
   </trkpt>
   <trkpt lat="4.8011150" lon="-75.6523300">
    <ele>1509.9</ele>
   </trkpt>
   <trkpt lat="4.8010640" lon="-75.6522870">
    <ele>1510.3</ele>
   </trkpt>
   <trkpt lat="4.8010380" lon="-75.6522700">
    <ele>1510.4</ele>
   </trkpt>
   <trkpt lat="4.8010100" lon="-75.6522480">
    <ele>1510.6</ele>
   </trkpt>
   <trkpt lat="4.8009950" lon="-75.6522400">
    <ele>1510.7</ele>
   </trkpt>
   <trkpt lat="4.8009820" lon="-75.6522330">
    <ele>1510.8</ele>
   </trkpt>
   <trkpt lat="4.8009680" lon="-75.6522250">
    <ele>1510.9</ele>
   </trkpt>
   <trkpt lat="4.8009540" lon="-75.6522180">
    <ele>1510.9</ele>
   </trkpt>
   <trkpt lat="4.8009380" lon="-75.6522150">
    <ele>1511.0</ele>
   </trkpt>
   <trkpt lat="4.8009210" lon="-75.6522120">
    <ele>1511.1</ele>
   </trkpt>
   <trkpt lat="4.8009000" lon="-75.6522100">
    <ele>1511.3</ele>
   </trkpt>
   <trkpt lat="4.8008790" lon="-75.6522080">
    <ele>1511.4</ele>
   </trkpt>
   <trkpt lat="4.8008590" lon="-75.6522060">
    <ele>1511.5</ele>
   </trkpt>
   <trkpt lat="4.8008390" lon="-75.6522050">
    <ele>1511.6</ele>
   </trkpt>
   <trkpt lat="4.8008210" lon="-75.6522030">
    <ele>1511.7</ele>
   </trkpt>
   <trkpt lat="4.8008040" lon="-75.6522020">
    <ele>1511.8</ele>
   </trkpt>
   <trkpt lat="4.8007920" lon="-75.6521990">
    <ele>1511.9</ele>
   </trkpt>
   <trkpt lat="4.8007780" lon="-75.6521970">
    <ele>1512.0</ele>
   </trkpt>
   <trkpt lat="4.8007550" lon="-75.6521970">
    <ele>1512.2</ele>
   </trkpt>
   <trkpt lat="4.8007440" lon="-75.6521980">
    <ele>1512.2</ele>
   </trkpt>
   <trkpt lat="4.8007310" lon="-75.6522000">
    <ele>1512.3</ele>
   </trkpt>
   <trkpt lat="4.8007180" lon="-75.6522040">
    <ele>1512.4</ele>
   </trkpt>
   <trkpt lat="4.8007070" lon="-75.6522100">
    <ele>1512.5</ele>
   </trkpt>
   <trkpt lat="4.8006950" lon="-75.6522180">
    <ele>1512.6</ele>
   </trkpt>
   <trkpt lat="4.8006830" lon="-75.6522270">
    <ele>1512.7</ele>
   </trkpt>
   <trkpt lat="4.8006720" lon="-75.6522350">
    <ele>1512.8</ele>
   </trkpt>
   <trkpt lat="4.8006630" lon="-75.6522430">
    <ele>1512.9</ele>
   </trkpt>
   <trkpt lat="4.8006520" lon="-75.6522500">
    <ele>1513.0</ele>
   </trkpt>
   <trkpt lat="4.8006410" lon="-75.6522560">
    <ele>1513.1</ele>
   </trkpt>
   <trkpt lat="4.8006310" lon="-75.6522580">
    <ele>1513.1</ele>
   </trkpt>
   <trkpt lat="4.8006110" lon="-75.6522710">
    <ele>1513.3</ele>
   </trkpt>
   <trkpt lat="4.8006010" lon="-75.6522770">
    <ele>1513.4</ele>
   </trkpt>
   <trkpt lat="4.8005880" lon="-75.6522860">
    <ele>1513.5</ele>
   </trkpt>
   <trkpt lat="4.8005760" lon="-75.6522950">
    <ele>1513.6</ele>
   </trkpt>
   <trkpt lat="4.8005670" lon="-75.6522990">
    <ele>1513.7</ele>
   </trkpt>
   <trkpt lat="4.8005590" lon="-75.6523000">
    <ele>1513.7</ele>
   </trkpt>
   <trkpt lat="4.8005450" lon="-75.6523050">
    <ele>1513.8</ele>
   </trkpt>
   <trkpt lat="4.8005380" lon="-75.6523100">
    <ele>1513.9</ele>
   </trkpt>
   <trkpt lat="4.8005290" lon="-75.6523130">
    <ele>1514.0</ele>
   </trkpt>
   <trkpt lat="4.8005210" lon="-75.6523180">
    <ele>1514.0</ele>
   </trkpt>
   <trkpt lat="4.8005140" lon="-75.6523210">
    <ele>1514.1</ele>
   </trkpt>
   <trkpt lat="4.8005080" lon="-75.6523220">
    <ele>1514.1</ele>
   </trkpt>
   <trkpt lat="4.8005010" lon="-75.6523250">
    <ele>1514.2</ele>
   </trkpt>
   <trkpt lat="4.8004940" lon="-75.6523300">
    <ele>1514.2</ele>
   </trkpt>
   <trkpt lat="4.8004870" lon="-75.6523330">
    <ele>1514.3</ele>
   </trkpt>
   <trkpt lat="4.8004800" lon="-75.6523340">
    <ele>1514.3</ele>
   </trkpt>
   <trkpt lat="4.8004750" lon="-75.6523380">
    <ele>1514.4</ele>
   </trkpt>
   <trkpt lat="4.8004700" lon="-75.6523440">
    <ele>1514.4</ele>
   </trkpt>
   <trkpt lat="4.8004660" lon="-75.6523500">
    <ele>1514.4</ele>
   </trkpt>
   <trkpt lat="4.8004620" lon="-75.6523570">
    <ele>1514.5</ele>
   </trkpt>
   <trkpt lat="4.8004580" lon="-75.6523630">
    <ele>1514.5</ele>
   </trkpt>
   <trkpt lat="4.8004540" lon="-75.6523720">
    <ele>1514.6</ele>
   </trkpt>
   <trkpt lat="4.8004520" lon="-75.6523730">
    <ele>1514.6</ele>
   </trkpt>
   <trkpt lat="4.8004460" lon="-75.6523730">
    <ele>1514.6</ele>
   </trkpt>
   <trkpt lat="4.8004410" lon="-75.6523730">
    <ele>1514.6</ele>
   </trkpt>
   <trkpt lat="4.8004330" lon="-75.6523710">
    <ele>1514.7</ele>
   </trkpt>
   <trkpt lat="4.8004250" lon="-75.6523680">
    <ele>1514.7</ele>
   </trkpt>
   <trkpt lat="4.8004170" lon="-75.6523660">
    <ele>1514.8</ele>
   </trkpt>
   <trkpt lat="4.8004110" lon="-75.6523660">
    <ele>1514.8</ele>
   </trkpt>
   <trkpt lat="4.8004070" lon="-75.6523630">
    <ele>1514.8</ele>
   </trkpt>
   <trkpt lat="4.8004020" lon="-75.6523570">
    <ele>1514.9</ele>
   </trkpt>
   <trkpt lat="4.8003950" lon="-75.6523500">
    <ele>1514.9</ele>
   </trkpt>
   <trkpt lat="4.8003900" lon="-75.6523440">
    <ele>1514.9</ele>
   </trkpt>
   <trkpt lat="4.8003860" lon="-75.6523370">
    <ele>1515.0</ele>
   </trkpt>
   <trkpt lat="4.8003830" lon="-75.6523270">
    <ele>1515.0</ele>
   </trkpt>
   <trkpt lat="4.8003810" lon="-75.6523220">
    <ele>1515.0</ele>
   </trkpt>
   <trkpt lat="4.8003800" lon="-75.6523160">
    <ele>1515.1</ele>
   </trkpt>
   <trkpt lat="4.8003810" lon="-75.6523110">
    <ele>1515.1</ele>
   </trkpt>
   <trkpt lat="4.8003830" lon="-75.6523060">
    <ele>1515.1</ele>
   </trkpt>
   <trkpt lat="4.8003800" lon="-75.6523000">
    <ele>1515.1</ele>
   </trkpt>
   <trkpt lat="4.8003750" lon="-75.6522960">
    <ele>1515.1</ele>
   </trkpt>
   <trkpt lat="4.8003720" lon="-75.6522930">
    <ele>1515.0</ele>
   </trkpt>
   <trkpt lat="4.8003670" lon="-75.6522870">
    <ele>1515.0</ele>
   </trkpt>
   <trkpt lat="4.8003650" lon="-75.6522840">
    <ele>1515.0</ele>
   </trkpt>
   <trkpt lat="4.8003630" lon="-75.6522810">
    <ele>1515.0</ele>
   </trkpt>
   <trkpt lat="4.8003580" lon="-75.6522750">
    <ele>1514.9</ele>
   </trkpt>
   <trkpt lat="4.8003520" lon="-75.6522680">
    <ele>1514.9</ele>
   </trkpt>
   <trkpt lat="4.8003460" lon="-75.6522570">
    <ele>1514.8</ele>
   </trkpt>
   <trkpt lat="4.8003500" lon="-75.6522590">
    <ele>1514.8</ele>
   </trkpt>
   <trkpt lat="4.8003450" lon="-75.6522550">
    <ele>1514.8</ele>
   </trkpt>
   <trkpt lat="4.8003370" lon="-75.6522480">
    <ele>1514.8</ele>
   </trkpt>
   <trkpt lat="4.8003280" lon="-75.6522400">
    <ele>1514.7</ele>
   </trkpt>
   <trkpt lat="4.8003240" lon="-75.6522380">
    <ele>1514.7</ele>
   </trkpt>
   <trkpt lat="4.8003190" lon="-75.6522300">
    <ele>1514.6</ele>
   </trkpt>
   <trkpt lat="4.8003160" lon="-75.6522250">
    <ele>1514.6</ele>
   </trkpt>
   <trkpt lat="4.8003090" lon="-75.6522190">
    <ele>1514.6</ele>
   </trkpt>
   <trkpt lat="4.8003010" lon="-75.6522140">
    <ele>1514.5</ele>
   </trkpt>
   <trkpt lat="4.8002940" lon="-75.6522070">
    <ele>1514.5</ele>
   </trkpt>
   <trkpt lat="4.8002870" lon="-75.6521970">
    <ele>1514.4</ele>
   </trkpt>
   <trkpt lat="4.8002940" lon="-75.6521920">
    <ele>1514.3</ele>
   </trkpt>
   <trkpt lat="4.8003080" lon="-75.6521890">
    <ele>1514.3</ele>
   </trkpt>
   <trkpt lat="4.8003070" lon="-75.6521800">
    <ele>1514.2</ele>
   </trkpt>
   <trkpt lat="4.8002990" lon="-75.6521600">
    <ele>1514.1</ele>
   </trkpt>
   <trkpt lat="4.8002920" lon="-75.6521480">
    <ele>1514.0</ele>
   </trkpt>
   <trkpt lat="4.8002950" lon="-75.6521410">
    <ele>1514.0</ele>
   </trkpt>
   <trkpt lat="4.8003060" lon="-75.6521410">
    <ele>1513.9</ele>
   </trkpt>
   <trkpt lat="4.8003110" lon="-75.6521420">
    <ele>1513.9</ele>
   </trkpt>
   <trkpt lat="4.8003040" lon="-75.6521390">
    <ele>1513.8</ele>
   </trkpt>
   <trkpt lat="4.8002890" lon="-75.6521360">
    <ele>1513.8</ele>
   </trkpt>
   <trkpt lat="4.8002720" lon="-75.6521370">
    <ele>1513.6</ele>
   </trkpt>
   <trkpt lat="4.8002590" lon="-75.6521380">
    <ele>1513.6</ele>
   </trkpt>
   <trkpt lat="4.8002510" lon="-75.6521360">
    <ele>1513.5</ele>
   </trkpt>
   <trkpt lat="4.8002430" lon="-75.6521310">
    <ele>1513.5</ele>
   </trkpt>
   <trkpt lat="4.8002370" lon="-75.6521240">
    <ele>1513.4</ele>
   </trkpt>
   <trkpt lat="4.8002300" lon="-75.6521170">
    <ele>1513.3</ele>
   </trkpt>
   <trkpt lat="4.8002210" lon="-75.6521130">
    <ele>1513.3</ele>
   </trkpt>
   <trkpt lat="4.8002140" lon="-75.6521070">
    <ele>1513.2</ele>
   </trkpt>
   <trkpt lat="4.8002030" lon="-75.6520980">
    <ele>1513.1</ele>
   </trkpt>
   <trkpt lat="4.8002000" lon="-75.6520930">
    <ele>1513.1</ele>
   </trkpt>
   <trkpt lat="4.8001950" lon="-75.6520850">
    <ele>1513.1</ele>
   </trkpt>
   <trkpt lat="4.8001900" lon="-75.6520770">
    <ele>1513.0</ele>
   </trkpt>
   <trkpt lat="4.8001890" lon="-75.6520680">
    <ele>1512.9</ele>
   </trkpt>
   <trkpt lat="4.8001880" lon="-75.6520580">
    <ele>1512.9</ele>
   </trkpt>
   <trkpt lat="4.8001880" lon="-75.6520450">
    <ele>1512.8</ele>
   </trkpt>
   <trkpt lat="4.8001850" lon="-75.6520390">
    <ele>1512.8</ele>
   </trkpt>
   <trkpt lat="4.8001810" lon="-75.6520320">
    <ele>1512.7</ele>
   </trkpt>
   <trkpt lat="4.8001770" lon="-75.6520230">
    <ele>1512.6</ele>
   </trkpt>
   <trkpt lat="4.8001720" lon="-75.6520150">
    <ele>1512.6</ele>
   </trkpt>
   <trkpt lat="4.8001630" lon="-75.6520130">
    <ele>1512.5</ele>
   </trkpt>
   <trkpt lat="4.8001540" lon="-75.6520080">
    <ele>1512.4</ele>
   </trkpt>
   <trkpt lat="4.8001460" lon="-75.6520000">
    <ele>1512.4</ele>
   </trkpt>
   <trkpt lat="4.8001390" lon="-75.6519910">
    <ele>1512.3</ele>
   </trkpt>
   <trkpt lat="4.8001330" lon="-75.6519830">
    <ele>1512.2</ele>
   </trkpt>
   <trkpt lat="4.8001280" lon="-75.6519730">
    <ele>1512.1</ele>
   </trkpt>
   <trkpt lat="4.8001230" lon="-75.6519620">
    <ele>1512.1</ele>
   </trkpt>
   <trkpt lat="4.8001170" lon="-75.6519490">
    <ele>1512.0</ele>
   </trkpt>
   <trkpt lat="4.8001160" lon="-75.6519420">
    <ele>1511.9</ele>
   </trkpt>
   <trkpt lat="4.8001150" lon="-75.6519320">
    <ele>1511.8</ele>
   </trkpt>
   <trkpt lat="4.8001140" lon="-75.6519210">
    <ele>1511.7</ele>
   </trkpt>
   <trkpt lat="4.8001120" lon="-75.6519110">
    <ele>1511.7</ele>
   </trkpt>
   <trkpt lat="4.8001100" lon="-75.6518970">
    <ele>1511.6</ele>
   </trkpt>
   <trkpt lat="4.8001080" lon="-75.6518830">
    <ele>1511.4</ele>
   </trkpt>
   <trkpt lat="4.8001060" lon="-75.6518730">
    <ele>1511.4</ele>
   </trkpt>
   <trkpt lat="4.8001050" lon="-75.6518620">
    <ele>1511.3</ele>
   </trkpt>
   <trkpt lat="4.8001050" lon="-75.6518510">
    <ele>1511.2</ele>
   </trkpt>
   <trkpt lat="4.8001030" lon="-75.6518390">
    <ele>1511.1</ele>
   </trkpt>
   <trkpt lat="4.8001000" lon="-75.6518290">
    <ele>1511.0</ele>
   </trkpt>
   <trkpt lat="4.8000960" lon="-75.6518210">
    <ele>1510.9</ele>
   </trkpt>
   <trkpt lat="4.8000910" lon="-75.6518080">
    <ele>1510.8</ele>
   </trkpt>
   <trkpt lat="4.8000860" lon="-75.6518000">
    <ele>1510.7</ele>
   </trkpt>
   <trkpt lat="4.8000800" lon="-75.6517920">
    <ele>1510.6</ele>
   </trkpt>
   <trkpt lat="4.8000740" lon="-75.6517840">
    <ele>1510.5</ele>
   </trkpt>
   <trkpt lat="4.8000680" lon="-75.6517780">
    <ele>1510.4</ele>
   </trkpt>
   <trkpt lat="4.8000640" lon="-75.6517700">
    <ele>1510.4</ele>
   </trkpt>
   <trkpt lat="4.8000550" lon="-75.6517670">
    <ele>1510.3</ele>
   </trkpt>
   <trkpt lat="4.8000490" lon="-75.6517640">
    <ele>1510.2</ele>
   </trkpt>
   <trkpt lat="4.8000420" lon="-75.6517600">
    <ele>1510.1</ele>
   </trkpt>
   <trkpt lat="4.8000410" lon="-75.6517580">
    <ele>1510.1</ele>
   </trkpt>
   <trkpt lat="4.8000380" lon="-75.6517540">
    <ele>1510.0</ele>
   </trkpt>
   <trkpt lat="4.8000360" lon="-75.6517490">
    <ele>1510.0</ele>
   </trkpt>
   <trkpt lat="4.8000360" lon="-75.6517450">
    <ele>1509.9</ele>
   </trkpt>
   <trkpt lat="4.8000360" lon="-75.6517400">
    <ele>1509.9</ele>
   </trkpt>
   <trkpt lat="4.8000340" lon="-75.6517340">
    <ele>1509.8</ele>
   </trkpt>
   <trkpt lat="4.8000380" lon="-75.6517280">
    <ele>1509.8</ele>
   </trkpt>
   <trkpt lat="4.8000430" lon="-75.6517190">
    <ele>1509.6</ele>
   </trkpt>
   <trkpt lat="4.8000500" lon="-75.6517090">
    <ele>1509.5</ele>
   </trkpt>
   <trkpt lat="4.8000540" lon="-75.6516970">
    <ele>1509.4</ele>
   </trkpt>
   <trkpt lat="4.8000550" lon="-75.6516870">
    <ele>1509.3</ele>
   </trkpt>
   <trkpt lat="4.8000550" lon="-75.6516810">
    <ele>1509.2</ele>
   </trkpt>
   <trkpt lat="4.8000570" lon="-75.6516760">
    <ele>1509.1</ele>
   </trkpt>
   <trkpt lat="4.8000580" lon="-75.6516700">
    <ele>1509.1</ele>
   </trkpt>
   <trkpt lat="4.8000540" lon="-75.6516640">
    <ele>1509.0</ele>
   </trkpt>
   <trkpt lat="4.8000470" lon="-75.6516520">
    <ele>1508.8</ele>
   </trkpt>
   <trkpt lat="4.8000400" lon="-75.6516510">
    <ele>1508.8</ele>
   </trkpt>
   <trkpt lat="4.8000290" lon="-75.6516500">
    <ele>1508.9</ele>
   </trkpt>
   <trkpt lat="4.8000160" lon="-75.6516520">
    <ele>1509.0</ele>
   </trkpt>
   <trkpt lat="4.7999990" lon="-75.6516580">
    <ele>1509.1</ele>
   </trkpt>
   <trkpt lat="4.7999820" lon="-75.6516650">
    <ele>1509.3</ele>
   </trkpt>
   <trkpt lat="4.7999690" lon="-75.6516700">
    <ele>1509.4</ele>
   </trkpt>
   <trkpt lat="4.7999580" lon="-75.6516730">
    <ele>1509.4</ele>
   </trkpt>
   <trkpt lat="4.7999490" lon="-75.6516730">
    <ele>1509.5</ele>
   </trkpt>
   <trkpt lat="4.7999370" lon="-75.6516740">
    <ele>1509.6</ele>
   </trkpt>
   <trkpt lat="4.7999350" lon="-75.6516740">
    <ele>1509.6</ele>
   </trkpt>
   <trkpt lat="4.7999280" lon="-75.6516750">
    <ele>1509.6</ele>
   </trkpt>
   <trkpt lat="4.7999200" lon="-75.6516770">
    <ele>1509.7</ele>
   </trkpt>
   <trkpt lat="4.7999160" lon="-75.6516850">
    <ele>1509.7</ele>
   </trkpt>
   <trkpt lat="4.7999120" lon="-75.6516950">
    <ele>1509.8</ele>
   </trkpt>
   <trkpt lat="4.7999110" lon="-75.6517110">
    <ele>1509.9</ele>
   </trkpt>
   <trkpt lat="4.7999120" lon="-75.6517280">
    <ele>1510.0</ele>
   </trkpt>
   <trkpt lat="4.7999150" lon="-75.6517440">
    <ele>1510.1</ele>
   </trkpt>
   <trkpt lat="4.7999170" lon="-75.6517600">
    <ele>1510.2</ele>
   </trkpt>
   <trkpt lat="4.7999220" lon="-75.6517770">
    <ele>1510.3</ele>
   </trkpt>
   <trkpt lat="4.7999230" lon="-75.6517840">
    <ele>1510.4</ele>
   </trkpt>
   <trkpt lat="4.7999260" lon="-75.6517950">
    <ele>1510.4</ele>
   </trkpt>
   <trkpt lat="4.7999290" lon="-75.6518060">
    <ele>1510.5</ele>
   </trkpt>
   <trkpt lat="4.7999330" lon="-75.6518150">
    <ele>1510.5</ele>
   </trkpt>
   <trkpt lat="4.7999360" lon="-75.6518240">
    <ele>1510.6</ele>
   </trkpt>
   <trkpt lat="4.7999380" lon="-75.6518310">
    <ele>1510.6</ele>
   </trkpt>
   <trkpt lat="4.7999370" lon="-75.6518360">
    <ele>1510.7</ele>
   </trkpt>
   <trkpt lat="4.7999380" lon="-75.6518420">
    <ele>1510.7</ele>
   </trkpt>
   <trkpt lat="4.7999230" lon="-75.6518410">
    <ele>1510.8</ele>
   </trkpt>
   <trkpt lat="4.7999200" lon="-75.6518450">
    <ele>1510.8</ele>
   </trkpt>
   <trkpt lat="4.7998920" lon="-75.6518410">
    <ele>1511.0</ele>
   </trkpt>
   <trkpt lat="4.7998710" lon="-75.6518430">
    <ele>1511.1</ele>
   </trkpt>
   <trkpt lat="4.7998610" lon="-75.6518490">
    <ele>1511.1</ele>
   </trkpt>
   <trkpt lat="4.7998570" lon="-75.6518620">
    <ele>1511.2</ele>
   </trkpt>
   <trkpt lat="4.7998570" lon="-75.6518690">
    <ele>1511.2</ele>
   </trkpt>
   <trkpt lat="4.7998540" lon="-75.6518780">
    <ele>1511.3</ele>
   </trkpt>
   <trkpt lat="4.7998490" lon="-75.6518860">
    <ele>1511.3</ele>
   </trkpt>
   <trkpt lat="4.7998470" lon="-75.6518940">
    <ele>1511.4</ele>
   </trkpt>
   <trkpt lat="4.7998450" lon="-75.6519060">
    <ele>1511.4</ele>
   </trkpt>
   <trkpt lat="4.7998450" lon="-75.6519090">
    <ele>1511.4</ele>
   </trkpt>
   <trkpt lat="4.7998470" lon="-75.6519170">
    <ele>1511.5</ele>
   </trkpt>
   <trkpt lat="4.7998510" lon="-75.6519240">
    <ele>1511.5</ele>
   </trkpt>
   <trkpt lat="4.7998540" lon="-75.6519320">
    <ele>1511.5</ele>
   </trkpt>
   <trkpt lat="4.7998590" lon="-75.6519400">
    <ele>1511.6</ele>
   </trkpt>
   <trkpt lat="4.7998620" lon="-75.6519420">
    <ele>1511.6</ele>
   </trkpt>
   <trkpt lat="4.7998670" lon="-75.6519450">
    <ele>1511.6</ele>
   </trkpt>
   <trkpt lat="4.7998720" lon="-75.6519490">
    <ele>1511.7</ele>
   </trkpt>
   <trkpt lat="4.7998760" lon="-75.6519500">
    <ele>1511.7</ele>
   </trkpt>
   <trkpt lat="4.7998790" lon="-75.6519470">
    <ele>1511.7</ele>
   </trkpt>
   <trkpt lat="4.7998830" lon="-75.6519460">
    <ele>1511.7</ele>
   </trkpt>
   <trkpt lat="4.7998900" lon="-75.6519420">
    <ele>1511.8</ele>
   </trkpt>
   <trkpt lat="4.7998990" lon="-75.6519450">
    <ele>1511.8</ele>
   </trkpt>
   <trkpt lat="4.7999080" lon="-75.6519400">
    <ele>1511.8</ele>
   </trkpt>
   <trkpt lat="4.7999170" lon="-75.6519370">
    <ele>1511.9</ele>
   </trkpt>
   <trkpt lat="4.7999260" lon="-75.6519350">
    <ele>1511.9</ele>
   </trkpt>
   <trkpt lat="4.7999370" lon="-75.6519310">
    <ele>1512.0</ele>
   </trkpt>
   <trkpt lat="4.7999500" lon="-75.6519260">
    <ele>1512.0</ele>
   </trkpt>
   <trkpt lat="4.7999630" lon="-75.6519240">
    <ele>1512.1</ele>
   </trkpt>
   <trkpt lat="4.7999740" lon="-75.6519260">
    <ele>1512.1</ele>
   </trkpt>
   <trkpt lat="4.7999850" lon="-75.6519250">
    <ele>1512.2</ele>
   </trkpt>
   <trkpt lat="4.7999960" lon="-75.6519230">
    <ele>1512.2</ele>
   </trkpt>
   <trkpt lat="4.8000070" lon="-75.6519210">
    <ele>1512.3</ele>
   </trkpt>
   <trkpt lat="4.8000180" lon="-75.6519200">
    <ele>1512.3</ele>
   </trkpt>
   <trkpt lat="4.8000280" lon="-75.6519200">
    <ele>1512.4</ele>
   </trkpt>
   <trkpt lat="4.8000380" lon="-75.6519200">
    <ele>1512.4</ele>
   </trkpt>
   <trkpt lat="4.8000460" lon="-75.6519210">
    <ele>1512.4</ele>
   </trkpt>
   <trkpt lat="4.8000470" lon="-75.6519230">
    <ele>1512.5</ele>
   </trkpt>
   <trkpt lat="4.8000490" lon="-75.6519290">
    <ele>1512.5</ele>
   </trkpt>
   <trkpt lat="4.8000510" lon="-75.6519420">
    <ele>1512.5</ele>
   </trkpt>
   <trkpt lat="4.8000510" lon="-75.6519490">
    <ele>1512.6</ele>
   </trkpt>
   <trkpt lat="4.8000530" lon="-75.6519600">
    <ele>1512.6</ele>
   </trkpt>
   <trkpt lat="4.8000570" lon="-75.6519690">
    <ele>1512.6</ele>
   </trkpt>
   <trkpt lat="4.8000540" lon="-75.6519800">
    <ele>1512.7</ele>
   </trkpt>
   <trkpt lat="4.8000520" lon="-75.6519920">
    <ele>1512.7</ele>
   </trkpt>
   <trkpt lat="4.8000510" lon="-75.6520040">
    <ele>1512.8</ele>
   </trkpt>
   <trkpt lat="4.8000500" lon="-75.6520160">
    <ele>1512.8</ele>
   </trkpt>
   <trkpt lat="4.8000510" lon="-75.6520270">
    <ele>1512.9</ele>
   </trkpt>
   <trkpt lat="4.8000480" lon="-75.6520410">
    <ele>1512.9</ele>
   </trkpt>
   <trkpt lat="4.8000500" lon="-75.6520470">
    <ele>1512.9</ele>
   </trkpt>
   <trkpt lat="4.8000500" lon="-75.6520560">
    <ele>1513.0</ele>
   </trkpt>
   <trkpt lat="4.8000520" lon="-75.6520640">
    <ele>1513.0</ele>
   </trkpt>
   <trkpt lat="4.8000540" lon="-75.6520740">
    <ele>1513.0</ele>
   </trkpt>
   <trkpt lat="4.8000530" lon="-75.6520850">
    <ele>1513.1</ele>
   </trkpt>
   <trkpt lat="4.8000540" lon="-75.6520960">
    <ele>1513.1</ele>
   </trkpt>
   <trkpt lat="4.8000560" lon="-75.6521070">
    <ele>1513.2</ele>
   </trkpt>
   <trkpt lat="4.8000580" lon="-75.6521170">
    <ele>1513.2</ele>
   </trkpt>
   <trkpt lat="4.8000630" lon="-75.6521310">
    <ele>1513.3</ele>
   </trkpt>
   <trkpt lat="4.8000640" lon="-75.6521410">
    <ele>1513.3</ele>
   </trkpt>
   <trkpt lat="4.8000650" lon="-75.6521500">
    <ele>1513.3</ele>
   </trkpt>
   <trkpt lat="4.8000670" lon="-75.6521580">
    <ele>1513.4</ele>
   </trkpt>
   <trkpt lat="4.8000730" lon="-75.6521650">
    <ele>1513.4</ele>
   </trkpt>
   <trkpt lat="4.8000770" lon="-75.6521710">
    <ele>1513.4</ele>
   </trkpt>
   <trkpt lat="4.8000810" lon="-75.6521770">
    <ele>1513.4</ele>
   </trkpt>
   <trkpt lat="4.8000850" lon="-75.6521810">
    <ele>1513.5</ele>
   </trkpt>
   <trkpt lat="4.8000970" lon="-75.6521860">
    <ele>1513.3</ele>
   </trkpt>
   <trkpt lat="4.8001010" lon="-75.6521870">
    <ele>1513.2</ele>
   </trkpt>
   <trkpt lat="4.8001090" lon="-75.6521860">
    <ele>1513.0</ele>
   </trkpt>
   <trkpt lat="4.8001200" lon="-75.6521810">
    <ele>1512.9</ele>
   </trkpt>
   <trkpt lat="4.8001320" lon="-75.6521760">
    <ele>1513.5</ele>
   </trkpt>
   <trkpt lat="4.8001440" lon="-75.6521690">
    <ele>1513.3</ele>
   </trkpt>
   <trkpt lat="4.8001580" lon="-75.6521510">
    <ele>1513.8</ele>
   </trkpt>
   <trkpt lat="4.8001620" lon="-75.6521430">
    <ele>1513.6</ele>
   </trkpt>
   <trkpt lat="4.8001660" lon="-75.6521320">
    <ele>1514.2</ele>
   </trkpt>
   <trkpt lat="4.8001670" lon="-75.6521220">
    <ele>1514.0</ele>
   </trkpt>
   <trkpt lat="4.8001710" lon="-75.6521160">
    <ele>1513.9</ele>
   </trkpt>
   <trkpt lat="4.8001690" lon="-75.6521050">
    <ele>1514.5</ele>
   </trkpt>
   <trkpt lat="4.8001530" lon="-75.6520780">
    <ele>1513.7</ele>
   </trkpt>
   <trkpt lat="4.8001540" lon="-75.6520720">
    <ele>1513.5</ele>
   </trkpt>
   <trkpt lat="4.8001560" lon="-75.6520630">
    <ele>1514.3</ele>
   </trkpt>
   <trkpt lat="4.8001600" lon="-75.6520550">
    <ele>1514.2</ele>
   </trkpt>
   <trkpt lat="4.8001660" lon="-75.6520470">
    <ele>1514.7</ele>
   </trkpt>
   <trkpt lat="4.8001710" lon="-75.6520390">
    <ele>1514.6</ele>
   </trkpt>
   <trkpt lat="4.8001760" lon="-75.6520320">
    <ele>1514.4</ele>
   </trkpt>
   <trkpt lat="4.8001820" lon="-75.6520280">
    <ele>1514.3</ele>
   </trkpt>
   <trkpt lat="4.8001870" lon="-75.6520270">
    <ele>1515.1</ele>
   </trkpt>
   <trkpt lat="4.8001930" lon="-75.6520260">
    <ele>1515.0</ele>
   </trkpt>
   <trkpt lat="4.8001970" lon="-75.6520220">
    <ele>1514.8</ele>
   </trkpt>
   <trkpt lat="4.8002020" lon="-75.6520160">
    <ele>1514.7</ele>
   </trkpt>
   <trkpt lat="4.8002060" lon="-75.6520110">
    <ele>1514.5</ele>
   </trkpt>
   <trkpt lat="4.8002110" lon="-75.6520050">
    <ele>1515.1</ele>
   </trkpt>
   <trkpt lat="4.8002080" lon="-75.6519970">
    <ele>1514.9</ele>
   </trkpt>
   <trkpt lat="4.8001840" lon="-75.6519900">
    <ele>1514.1</ele>
   </trkpt>
   <trkpt lat="4.8001710" lon="-75.6519850">
    <ele>1513.9</ele>
   </trkpt>
   <trkpt lat="4.8001630" lon="-75.6519810">
    <ele>1514.2</ele>
   </trkpt>
   <trkpt lat="4.8001570" lon="-75.6519880">
    <ele>1513.0</ele>
   </trkpt>
   <trkpt lat="4.8001590" lon="-75.6519980">
    <ele>1512.8</ele>
   </trkpt>
   <trkpt lat="4.8001610" lon="-75.6520020">
    <ele>1512.7</ele>
   </trkpt>
   <trkpt lat="4.8001590" lon="-75.6520150">
    <ele>1512.5</ele>
   </trkpt>
   <trkpt lat="4.8001550" lon="-75.6520230">
    <ele>1512.4</ele>
   </trkpt>
   <trkpt lat="4.8001500" lon="-75.6520300">
    <ele>1511.2</ele>
   </trkpt>
   <trkpt lat="4.8001450" lon="-75.6520350">
    <ele>1511.0</ele>
   </trkpt>
   <trkpt lat="4.8001400" lon="-75.6520400">
    <ele>1510.9</ele>
   </trkpt>
   <trkpt lat="4.8001370" lon="-75.6520420">
    <ele>1510.7</ele>
   </trkpt>
   <trkpt lat="4.8001350" lon="-75.6520440">
    <ele>1510.6</ele>
   </trkpt>
   <trkpt lat="4.8001350" lon="-75.6520430">
    <ele>1510.4</ele>
   </trkpt>
   <trkpt lat="4.8001410" lon="-75.6520400">
    <ele>1510.3</ele>
   </trkpt>
   <trkpt lat="4.8001370" lon="-75.6520430">
    <ele>1510.1</ele>
   </trkpt>
   <trkpt lat="4.8001340" lon="-75.6520450">
    <ele>1510.0</ele>
   </trkpt>
   <trkpt lat="4.8001260" lon="-75.6520550">
    <ele>1509.8</ele>
   </trkpt>
   <trkpt lat="4.8001210" lon="-75.6520620">
    <ele>1509.0</ele>
   </trkpt>
   <trkpt lat="4.8001230" lon="-75.6520610">
    <ele>1509.5</ele>
   </trkpt>
   <trkpt lat="4.8001130" lon="-75.6520720">
    <ele>1507.7</ele>
   </trkpt>
   <trkpt lat="4.8001060" lon="-75.6520790">
    <ele>1507.5</ele>
   </trkpt>
   <trkpt lat="4.8001050" lon="-75.6520810">
    <ele>1507.4</ele>
   </trkpt>
   <trkpt lat="4.8001060" lon="-75.6520790">
    <ele>1507.2</ele>
   </trkpt>
   <trkpt lat="4.8001120" lon="-75.6520730">
    <ele>1507.1</ele>
   </trkpt>
   <trkpt lat="4.8001260" lon="-75.6520580">
    <ele>1508.6</ele>
   </trkpt>
   <trkpt lat="4.8001310" lon="-75.6520550">
    <ele>1508.4</ele>
   </trkpt>
   <trkpt lat="4.8001310" lon="-75.6520550">
    <ele>1508.3</ele>
   </trkpt>
   <trkpt lat="4.8001360" lon="-75.6520520">
    <ele>1508.1</ele>
   </trkpt>
   <trkpt lat="4.8001360" lon="-75.6520520">
    <ele>1508.0</ele>
   </trkpt>
   <trkpt lat="4.8001410" lon="-75.6520480">
    <ele>1507.8</ele>
   </trkpt>
   <trkpt lat="4.8001410" lon="-75.6520480">
    <ele>1507.7</ele>
   </trkpt>
   <trkpt lat="4.8001460" lon="-75.6520450">
    <ele>1507.5</ele>
   </trkpt>
   <trkpt lat="4.8001460" lon="-75.6520450">
    <ele>1507.4</ele>
   </trkpt>
   <trkpt lat="4.8001460" lon="-75.6520450">
    <ele>1507.2</ele>
   </trkpt>
   <trkpt lat="4.8001510" lon="-75.6520420">
    <ele>1507.1</ele>
   </trkpt>
   <trkpt lat="4.8001510" lon="-75.6520420">
    <ele>1506.9</ele>
   </trkpt>
   <trkpt lat="4.8001510" lon="-75.6520420">
    <ele>1506.8</ele>
   </trkpt>
   <trkpt lat="4.8001510" lon="-75.6520420">
    <ele>1506.6</ele>
   </trkpt>
   <trkpt lat="4.8001510" lon="-75.6520420">
    <ele>1506.5</ele>
   </trkpt>
   <trkpt lat="4.8001570" lon="-75.6520380">
    <ele>1506.3</ele>
   </trkpt>
   <trkpt lat="4.8001650" lon="-75.6520330">
    <ele>1506.8</ele>
   </trkpt>
   <trkpt lat="4.8001740" lon="-75.6520270">
    <ele>1507.7</ele>
   </trkpt>
   <trkpt lat="4.8001410" lon="-75.6520650">
    <ele>1505.9</ele>
   </trkpt>
   <trkpt lat="4.8001350" lon="-75.6520700">
    <ele>1505.7</ele>
   </trkpt>
   <trkpt lat="4.8001340" lon="-75.6520700">
    <ele>1505.6</ele>
   </trkpt>
   <trkpt lat="4.8001340" lon="-75.6520710">
    <ele>1504.5</ele>
   </trkpt>
   <trkpt lat="4.8001360" lon="-75.6520710">
    <ele>1504.3</ele>
   </trkpt>
   <trkpt lat="4.8001390" lon="-75.6520690">
    <ele>1505.1</ele>
   </trkpt>
   <trkpt lat="4.8001450" lon="-75.6520660">
    <ele>1505.0</ele>
   </trkpt>
   <trkpt lat="4.8001500" lon="-75.6520620">
    <ele>1504.8</ele>
   </trkpt>
   <trkpt lat="4.8001540" lon="-75.6520560">
    <ele>1504.7</ele>
   </trkpt>
   <trkpt lat="4.8001560" lon="-75.6520510">
    <ele>1504.5</ele>
   </trkpt>
   <trkpt lat="4.8001600" lon="-75.6520450">
    <ele>1504.4</ele>
   </trkpt>
   <trkpt lat="4.8001650" lon="-75.6520430">
    <ele>1504.9</ele>
   </trkpt>
   <trkpt lat="4.8001670" lon="-75.6520420">
    <ele>1504.7</ele>
   </trkpt>
   <trkpt lat="4.8001570" lon="-75.6520550">
    <ele>1503.9</ele>
   </trkpt>
   <trkpt lat="4.8001420" lon="-75.6520800">
    <ele>1502.8</ele>
   </trkpt>
   <trkpt lat="4.8001360" lon="-75.6520920">
    <ele>1502.6</ele>
   </trkpt>
   <trkpt lat="4.8001360" lon="-75.6520920">
    <ele>1502.5</ele>
   </trkpt>
   <trkpt lat="4.8001380" lon="-75.6520870">
    <ele>1502.3</ele>
   </trkpt>
   <trkpt lat="4.8001390" lon="-75.6520840">
    <ele>1502.2</ele>
   </trkpt>
   <trkpt lat="4.8001400" lon="-75.6520810">
    <ele>1502.0</ele>
   </trkpt>
   <trkpt lat="4.8001420" lon="-75.6520770">
    <ele>1501.9</ele>
   </trkpt>
   <trkpt lat="4.8001420" lon="-75.6520750">
    <ele>1501.7</ele>
   </trkpt>
   <trkpt lat="4.8001440" lon="-75.6520720">
    <ele>1501.6</ele>
   </trkpt>
   <trkpt lat="4.8001460" lon="-75.6520680">
    <ele>1502.4</ele>
   </trkpt>
   <trkpt lat="4.8001480" lon="-75.6520650">
    <ele>1502.2</ele>
   </trkpt>
   <trkpt lat="4.8001500" lon="-75.6520610">
    <ele>1502.1</ele>
   </trkpt>
   <trkpt lat="4.8001530" lon="-75.6520560">
    <ele>1501.9</ele>
   </trkpt>
   <trkpt lat="4.8001580" lon="-75.6520490">
    <ele>1501.8</ele>
   </trkpt>
   <trkpt lat="4.8001650" lon="-75.6520380">
    <ele>1502.3</ele>
   </trkpt>
   <trkpt lat="4.8001720" lon="-75.6520240">
    <ele>1503.2</ele>
   </trkpt>
   <trkpt lat="4.8001790" lon="-75.6520100">
    <ele>1503.0</ele>
   </trkpt>
   <trkpt lat="4.8001860" lon="-75.6519980">
    <ele>1502.9</ele>
   </trkpt>
   <trkpt lat="4.8001910" lon="-75.6519870">
    <ele>1502.7</ele>
   </trkpt>
   <trkpt lat="4.8001950" lon="-75.6519760">
    <ele>1503.6</ele>
   </trkpt>
   <trkpt lat="4.8002120" lon="-75.6519590">
    <ele>1504.2</ele>
   </trkpt>
   <trkpt lat="4.8001560" lon="-75.6521950">
    <ele>1498.2</ele>
   </trkpt>
   <trkpt lat="4.8000980" lon="-75.6524170">
    <ele>1496.3</ele>
   </trkpt>
   <trkpt lat="4.8000560" lon="-75.6525850">
    <ele>1495.2</ele>
   </trkpt>
   <trkpt lat="4.8000450" lon="-75.6526410">
    <ele>1494.5</ele>
   </trkpt>
   <trkpt lat="4.8000440" lon="-75.6526610">
    <ele>1494.2</ele>
   </trkpt>
   <trkpt lat="4.8000470" lon="-75.6526690">
    <ele>1494.1</ele>
   </trkpt>
   <trkpt lat="4.8000470" lon="-75.6526790">
    <ele>1494.0</ele>
   </trkpt>
   <trkpt lat="4.8000490" lon="-75.6526860">
    <ele>1493.9</ele>
   </trkpt>
   <trkpt lat="4.8000530" lon="-75.6526960">
    <ele>1493.8</ele>
   </trkpt>
   <trkpt lat="4.8000550" lon="-75.6527010">
    <ele>1493.8</ele>
   </trkpt>
   <trkpt lat="4.8000550" lon="-75.6527080">
    <ele>1493.7</ele>
   </trkpt>
   <trkpt lat="4.8000580" lon="-75.6527140">
    <ele>1493.6</ele>
   </trkpt>
   <trkpt lat="4.8000630" lon="-75.6527200">
    <ele>1493.6</ele>
   </trkpt>
   <trkpt lat="4.8000670" lon="-75.6527270">
    <ele>1493.5</ele>
   </trkpt>
   <trkpt lat="4.8000750" lon="-75.6527350">
    <ele>1493.4</ele>
   </trkpt>
   <trkpt lat="4.8000790" lon="-75.6527410">
    <ele>1493.3</ele>
   </trkpt>
   <trkpt lat="4.8000800" lon="-75.6527500">
    <ele>1493.3</ele>
   </trkpt>
   <trkpt lat="4.8000800" lon="-75.6527610">
    <ele>1493.2</ele>
   </trkpt>
   <trkpt lat="4.8000810" lon="-75.6527670">
    <ele>1493.1</ele>
   </trkpt>
   <trkpt lat="4.8000780" lon="-75.6527730">
    <ele>1493.1</ele>
   </trkpt>
   <trkpt lat="4.8000740" lon="-75.6527790">
    <ele>1493.1</ele>
   </trkpt>
   <trkpt lat="4.8000680" lon="-75.6527850">
    <ele>1493.0</ele>
   </trkpt>
   <trkpt lat="4.8000640" lon="-75.6527870">
    <ele>1493.0</ele>
   </trkpt>
   <trkpt lat="4.8000620" lon="-75.6527890">
    <ele>1493.0</ele>
   </trkpt>
   <trkpt lat="4.8000580" lon="-75.6527950">
    <ele>1492.9</ele>
   </trkpt>
   <trkpt lat="4.8000560" lon="-75.6527900">
    <ele>1492.9</ele>
   </trkpt>
   <trkpt lat="4.8000500" lon="-75.6527920">
    <ele>1492.9</ele>
   </trkpt>
   <trkpt lat="4.8000380" lon="-75.6527940">
    <ele>1492.8</ele>
   </trkpt>
   <trkpt lat="4.8000170" lon="-75.6527960">
    <ele>1492.7</ele>
   </trkpt>
   <trkpt lat="4.8000120" lon="-75.6527980">
    <ele>1492.7</ele>
   </trkpt>
   <trkpt lat="4.8000080" lon="-75.6527970">
    <ele>1492.7</ele>
   </trkpt>
   <trkpt lat="4.8000020" lon="-75.6527940">
    <ele>1492.7</ele>
   </trkpt>
   <trkpt lat="4.7999920" lon="-75.6527940">
    <ele>1492.7</ele>
   </trkpt>
   <trkpt lat="4.7999800" lon="-75.6527920">
    <ele>1492.7</ele>
   </trkpt>
   <trkpt lat="4.7999690" lon="-75.6527920">
    <ele>1492.7</ele>
   </trkpt>
   <trkpt lat="4.7999640" lon="-75.6527930">
    <ele>1492.7</ele>
   </trkpt>
   <trkpt lat="4.7999730" lon="-75.6528000">
    <ele>1492.7</ele>
   </trkpt>
   <trkpt lat="4.7999660" lon="-75.6528000">
    <ele>1492.7</ele>
   </trkpt>
   <trkpt lat="4.7999550" lon="-75.6527980">
    <ele>1492.7</ele>
   </trkpt>
   <trkpt lat="4.7999440" lon="-75.6527970">
    <ele>1492.7</ele>
   </trkpt>
   <trkpt lat="4.7999440" lon="-75.6528020">
    <ele>1492.7</ele>
   </trkpt>
   <trkpt lat="4.7999510" lon="-75.6528130">
    <ele>1492.7</ele>
   </trkpt>
   <trkpt lat="4.7999490" lon="-75.6528190">
    <ele>1492.7</ele>
   </trkpt>
   <trkpt lat="4.7999600" lon="-75.6528380">
    <ele>1492.7</ele>
   </trkpt>
   <trkpt lat="4.7999700" lon="-75.6528560">
    <ele>1492.7</ele>
   </trkpt>
   <trkpt lat="4.7999640" lon="-75.6528610">
    <ele>1492.7</ele>
   </trkpt>
   <trkpt lat="4.7999580" lon="-75.6528650">
    <ele>1492.7</ele>
   </trkpt>
   <trkpt lat="4.7999510" lon="-75.6528690">
    <ele>1492.7</ele>
   </trkpt>
   <trkpt lat="4.7999430" lon="-75.6528730">
    <ele>1492.7</ele>
   </trkpt>
   <trkpt lat="4.7999330" lon="-75.6528810">
    <ele>1492.6</ele>
   </trkpt>
   <trkpt lat="4.7999220" lon="-75.6528930">
    <ele>1492.6</ele>
   </trkpt>
   <trkpt lat="4.7999140" lon="-75.6529020">
    <ele>1492.6</ele>
   </trkpt>
   <trkpt lat="4.7999050" lon="-75.6529090">
    <ele>1492.6</ele>
   </trkpt>
   <trkpt lat="4.7998950" lon="-75.6529190">
    <ele>1492.6</ele>
   </trkpt>
   <trkpt lat="4.7998860" lon="-75.6529300">
    <ele>1492.6</ele>
   </trkpt>
   <trkpt lat="4.7998790" lon="-75.6529410">
    <ele>1492.6</ele>
   </trkpt>
   <trkpt lat="4.7998720" lon="-75.6529500">
    <ele>1492.6</ele>
   </trkpt>
   <trkpt lat="4.7998670" lon="-75.6529610">
    <ele>1492.6</ele>
   </trkpt>
   <trkpt lat="4.7998620" lon="-75.6529710">
    <ele>1492.6</ele>
   </trkpt>
   <trkpt lat="4.7998570" lon="-75.6529810">
    <ele>1492.6</ele>
   </trkpt>
   <trkpt lat="4.7998490" lon="-75.6529880">
    <ele>1492.6</ele>
   </trkpt>
   <trkpt lat="4.7998420" lon="-75.6529950">
    <ele>1492.6</ele>
   </trkpt>
   <trkpt lat="4.7998350" lon="-75.6530020">
    <ele>1492.6</ele>
   </trkpt>
   <trkpt lat="4.7998230" lon="-75.6530030">
    <ele>1492.6</ele>
   </trkpt>
   <trkpt lat="4.7998130" lon="-75.6530050">
    <ele>1492.6</ele>
   </trkpt>
   <trkpt lat="4.7998020" lon="-75.6530030">
    <ele>1492.5</ele>
   </trkpt>
   <trkpt lat="4.7997900" lon="-75.6529990">
    <ele>1492.5</ele>
   </trkpt>
   <trkpt lat="4.7997750" lon="-75.6529920">
    <ele>1492.5</ele>
   </trkpt>
   <trkpt lat="4.7997680" lon="-75.6529930">
    <ele>1492.5</ele>
   </trkpt>
   <trkpt lat="4.7997600" lon="-75.6529930">
    <ele>1492.5</ele>
   </trkpt>
   <trkpt lat="4.7997520" lon="-75.6529900">
    <ele>1492.4</ele>
   </trkpt>
   <trkpt lat="4.7997400" lon="-75.6529910">
    <ele>1492.4</ele>
   </trkpt>
   <trkpt lat="4.7997270" lon="-75.6529990">
    <ele>1492.4</ele>
   </trkpt>
   <trkpt lat="4.7997190" lon="-75.6530060">
    <ele>1492.4</ele>
   </trkpt>
   <trkpt lat="4.7997110" lon="-75.6530130">
    <ele>1492.3</ele>
   </trkpt>
   <trkpt lat="4.7997020" lon="-75.6530180">
    <ele>1492.3</ele>
   </trkpt>
   <trkpt lat="4.7996930" lon="-75.6530230">
    <ele>1492.3</ele>
   </trkpt>
   <trkpt lat="4.7996860" lon="-75.6530280">
    <ele>1492.2</ele>
   </trkpt>
   <trkpt lat="4.7996760" lon="-75.6530350">
    <ele>1492.2</ele>
   </trkpt>
   <trkpt lat="4.7996660" lon="-75.6530410">
    <ele>1492.1</ele>
   </trkpt>
   <trkpt lat="4.7996580" lon="-75.6530470">
    <ele>1492.1</ele>
   </trkpt>
   <trkpt lat="4.7996510" lon="-75.6530530">
    <ele>1492.1</ele>
   </trkpt>
   <trkpt lat="4.7996430" lon="-75.6530600">
    <ele>1492.0</ele>
   </trkpt>
   <trkpt lat="4.7996330" lon="-75.6530660">
    <ele>1492.0</ele>
   </trkpt>
   <trkpt lat="4.7996300" lon="-75.6530640">
    <ele>1491.9</ele>
   </trkpt>
   <trkpt lat="4.7996330" lon="-75.6530490">
    <ele>1491.9</ele>
   </trkpt>
   <trkpt lat="4.7996390" lon="-75.6530330">
    <ele>1491.8</ele>
   </trkpt>
   <trkpt lat="4.7996390" lon="-75.6530230">
    <ele>1491.7</ele>
   </trkpt>
   <trkpt lat="4.7996340" lon="-75.6530180">
    <ele>1491.7</ele>
   </trkpt>
   <trkpt lat="4.7996260" lon="-75.6530200">
    <ele>1491.6</ele>
   </trkpt>
   <trkpt lat="4.7996160" lon="-75.6530250">
    <ele>1491.6</ele>
   </trkpt>
   <trkpt lat="4.7996050" lon="-75.6530310">
    <ele>1491.5</ele>
   </trkpt>
   <trkpt lat="4.7995950" lon="-75.6530370">
    <ele>1491.4</ele>
   </trkpt>
   <trkpt lat="4.7995810" lon="-75.6530470">
    <ele>1491.3</ele>
   </trkpt>
   <trkpt lat="4.7995760" lon="-75.6530510">
    <ele>1491.3</ele>
   </trkpt>
   <trkpt lat="4.7995680" lon="-75.6530570">
    <ele>1491.2</ele>
   </trkpt>
   <trkpt lat="4.7995590" lon="-75.6530620">
    <ele>1491.1</ele>
   </trkpt>
   <trkpt lat="4.7995530" lon="-75.6530680">
    <ele>1491.1</ele>
   </trkpt>
   <trkpt lat="4.7995490" lon="-75.6530740">
    <ele>1491.0</ele>
   </trkpt>
   <trkpt lat="4.7995440" lon="-75.6530780">
    <ele>1491.0</ele>
   </trkpt>
   <trkpt lat="4.7995370" lon="-75.6530840">
    <ele>1490.9</ele>
   </trkpt>
   <trkpt lat="4.7995320" lon="-75.6530880">
    <ele>1490.9</ele>
   </trkpt>
   <trkpt lat="4.7995280" lon="-75.6530930">
    <ele>1490.9</ele>
   </trkpt>
   <trkpt lat="4.7995270" lon="-75.6530970">
    <ele>1490.8</ele>
   </trkpt>
   <trkpt lat="4.7995260" lon="-75.6531000">
    <ele>1490.8</ele>
   </trkpt>
   <trkpt lat="4.7995250" lon="-75.6531020">
    <ele>1490.8</ele>
   </trkpt>
   <trkpt lat="4.7995210" lon="-75.6531050">
    <ele>1490.7</ele>
   </trkpt>
   <trkpt lat="4.7995130" lon="-75.6531100">
    <ele>1490.7</ele>
   </trkpt>
   <trkpt lat="4.7995050" lon="-75.6531100">
    <ele>1490.6</ele>
   </trkpt>
   <trkpt lat="4.7994980" lon="-75.6531110">
    <ele>1490.6</ele>
   </trkpt>
   <trkpt lat="4.7995100" lon="-75.6531170">
    <ele>1490.5</ele>
   </trkpt>
   <trkpt lat="4.7995110" lon="-75.6531150">
    <ele>1490.4</ele>
   </trkpt>
   <trkpt lat="4.7995120" lon="-75.6531110">
    <ele>1490.4</ele>
   </trkpt>
   <trkpt lat="4.7995120" lon="-75.6531090">
    <ele>1490.4</ele>
   </trkpt>
   <trkpt lat="4.7995090" lon="-75.6531070">
    <ele>1490.4</ele>
   </trkpt>
   <trkpt lat="4.7995020" lon="-75.6531060">
    <ele>1490.3</ele>
   </trkpt>
   <trkpt lat="4.7994860" lon="-75.6531060">
    <ele>1490.2</ele>
   </trkpt>
   <trkpt lat="4.7994630" lon="-75.6531070">
    <ele>1490.0</ele>
   </trkpt>
   <trkpt lat="4.7994470" lon="-75.6531120">
    <ele>1489.9</ele>
   </trkpt>
   <trkpt lat="4.7994160" lon="-75.6531200">
    <ele>1489.6</ele>
   </trkpt>
   <trkpt lat="4.7994160" lon="-75.6531200">
    <ele>1489.6</ele>
   </trkpt>
   <trkpt lat="4.7994160" lon="-75.6531200">
    <ele>1489.6</ele>
   </trkpt>
   <trkpt lat="4.7994160" lon="-75.6531200">
    <ele>1489.6</ele>
   </trkpt>
   <trkpt lat="4.7994160" lon="-75.6531200">
    <ele>1489.6</ele>
   </trkpt>
   <trkpt lat="4.7994360" lon="-75.6531220">
    <ele>1489.5</ele>
   </trkpt>
   <trkpt lat="4.7994720" lon="-75.6531250">
    <ele>1489.2</ele>
   </trkpt>
   <trkpt lat="4.7995090" lon="-75.6531290">
    <ele>1488.9</ele>
   </trkpt>
   <trkpt lat="4.7995560" lon="-75.6531220">
    <ele>1488.5</ele>
   </trkpt>
   <trkpt lat="4.7995980" lon="-75.6531200">
    <ele>1488.1</ele>
   </trkpt>
   <trkpt lat="4.7995910" lon="-75.6531250">
    <ele>1488.0</ele>
   </trkpt>
   <trkpt lat="4.7995770" lon="-75.6531320">
    <ele>1487.9</ele>
   </trkpt>
   <trkpt lat="4.7995590" lon="-75.6531400">
    <ele>1487.8</ele>
   </trkpt>
   <trkpt lat="4.7995300" lon="-75.6531550">
    <ele>1487.5</ele>
   </trkpt>
   <trkpt lat="4.7995150" lon="-75.6531650">
    <ele>1487.3</ele>
   </trkpt>
   <trkpt lat="4.7994910" lon="-75.6531790">
    <ele>1487.1</ele>
   </trkpt>
   <trkpt lat="4.7994730" lon="-75.6531920">
    <ele>1486.9</ele>
   </trkpt>
   <trkpt lat="4.7996450" lon="-75.6531150">
    <ele>1485.4</ele>
   </trkpt>
   <trkpt lat="4.7996570" lon="-75.6531070">
    <ele>1485.3</ele>
   </trkpt>
   <trkpt lat="4.7996600" lon="-75.6531060">
    <ele>1485.3</ele>
   </trkpt>
   <trkpt lat="4.7996640" lon="-75.6531030">
    <ele>1485.2</ele>
   </trkpt>
   <trkpt lat="4.7996660" lon="-75.6531030">
    <ele>1485.2</ele>
   </trkpt>
   <trkpt lat="4.7996640" lon="-75.6531050">
    <ele>1485.2</ele>
   </trkpt>
   <trkpt lat="4.7996630" lon="-75.6531090">
    <ele>1485.2</ele>
   </trkpt>
   <trkpt lat="4.7996580" lon="-75.6531170">
    <ele>1485.1</ele>
   </trkpt>
   <trkpt lat="4.7996540" lon="-75.6531260">
    <ele>1485.0</ele>
   </trkpt>
   <trkpt lat="4.7996500" lon="-75.6531330">
    <ele>1484.9</ele>
   </trkpt>
   <trkpt lat="4.7996420" lon="-75.6531450">
    <ele>1484.8</ele>
   </trkpt>
   <trkpt lat="4.7996360" lon="-75.6531560">
    <ele>1484.7</ele>
   </trkpt>
   <trkpt lat="4.7996310" lon="-75.6531670">
    <ele>1484.6</ele>
   </trkpt>
   <trkpt lat="4.7996260" lon="-75.6531760">
    <ele>1484.6</ele>
   </trkpt>
   <trkpt lat="4.7996200" lon="-75.6531860">
    <ele>1484.5</ele>
   </trkpt>
   <trkpt lat="4.7996130" lon="-75.6531940">
    <ele>1484.4</ele>
   </trkpt>
   <trkpt lat="4.7996080" lon="-75.6532000">
    <ele>1484.3</ele>
   </trkpt>
   <trkpt lat="4.7996010" lon="-75.6532080">
    <ele>1484.2</ele>
   </trkpt>
   <trkpt lat="4.7995950" lon="-75.6532140">
    <ele>1484.2</ele>
   </trkpt>
   <trkpt lat="4.7995900" lon="-75.6532210">
    <ele>1484.1</ele>
   </trkpt>
   <trkpt lat="4.7995840" lon="-75.6532290">
    <ele>1484.0</ele>
   </trkpt>
   <trkpt lat="4.7995790" lon="-75.6532370">
    <ele>1483.9</ele>
   </trkpt>
   <trkpt lat="4.7995740" lon="-75.6532430">
    <ele>1483.9</ele>
   </trkpt>
   <trkpt lat="4.7995670" lon="-75.6532470">
    <ele>1483.8</ele>
   </trkpt>
   <trkpt lat="4.7995600" lon="-75.6532520">
    <ele>1483.7</ele>
   </trkpt>
   <trkpt lat="4.7995540" lon="-75.6532590">
    <ele>1483.7</ele>
   </trkpt>
   <trkpt lat="4.7995470" lon="-75.6532660">
    <ele>1483.6</ele>
   </trkpt>
   <trkpt lat="4.7995420" lon="-75.6532730">
    <ele>1483.5</ele>
   </trkpt>
   <trkpt lat="4.7995370" lon="-75.6532780">
    <ele>1483.5</ele>
   </trkpt>
   <trkpt lat="4.7995290" lon="-75.6532840">
    <ele>1483.4</ele>
   </trkpt>
   <trkpt lat="4.7995210" lon="-75.6532910">
    <ele>1483.3</ele>
   </trkpt>
   <trkpt lat="4.7995090" lon="-75.6533020">
    <ele>1483.2</ele>
   </trkpt>
   <trkpt lat="4.7995050" lon="-75.6533070">
    <ele>1483.1</ele>
   </trkpt>
   <trkpt lat="4.7995000" lon="-75.6533120">
    <ele>1483.0</ele>
   </trkpt>
   <trkpt lat="4.7994940" lon="-75.6533190">
    <ele>1483.0</ele>
   </trkpt>
   <trkpt lat="4.7994900" lon="-75.6533250">
    <ele>1482.9</ele>
   </trkpt>
   <trkpt lat="4.7994860" lon="-75.6533230">
    <ele>1482.9</ele>
   </trkpt>
   <trkpt lat="4.7994880" lon="-75.6533300">
    <ele>1482.8</ele>
   </trkpt>
   <trkpt lat="4.7994870" lon="-75.6533340">
    <ele>1482.8</ele>
   </trkpt>
   <trkpt lat="4.7994990" lon="-75.6533390">
    <ele>1482.7</ele>
   </trkpt>
   <trkpt lat="4.7995100" lon="-75.6533450">
    <ele>1482.5</ele>
   </trkpt>
   <trkpt lat="4.7995180" lon="-75.6533450">
    <ele>1482.5</ele>
   </trkpt>
   <trkpt lat="4.7995230" lon="-75.6533360">
    <ele>1482.4</ele>
   </trkpt>
   <trkpt lat="4.7995250" lon="-75.6533300">
    <ele>1482.3</ele>
   </trkpt>
   <trkpt lat="4.7995230" lon="-75.6533280">
    <ele>1482.3</ele>
   </trkpt>
   <trkpt lat="4.7995220" lon="-75.6533280">
    <ele>1482.3</ele>
   </trkpt>
   <trkpt lat="4.7995220" lon="-75.6533260">
    <ele>1482.3</ele>
   </trkpt>
   <trkpt lat="4.7995220" lon="-75.6533240">
    <ele>1482.3</ele>
   </trkpt>
   <trkpt lat="4.7995190" lon="-75.6533240">
    <ele>1482.2</ele>
   </trkpt>
   <trkpt lat="4.7995110" lon="-75.6533280">
    <ele>1482.2</ele>
   </trkpt>
   <trkpt lat="4.7994990" lon="-75.6533340">
    <ele>1482.0</ele>
   </trkpt>
   <trkpt lat="4.7994910" lon="-75.6533390">
    <ele>1482.0</ele>
   </trkpt>
   <trkpt lat="4.7994590" lon="-75.6533600">
    <ele>1481.6</ele>
   </trkpt>
   <trkpt lat="4.7994400" lon="-75.6533760">
    <ele>1481.4</ele>
   </trkpt>
   <trkpt lat="4.7994340" lon="-75.6533840">
    <ele>1481.3</ele>
   </trkpt>
   <trkpt lat="4.7994350" lon="-75.6533890">
    <ele>1481.2</ele>
   </trkpt>
   <trkpt lat="4.7994350" lon="-75.6533920">
    <ele>1481.2</ele>
   </trkpt>
   <trkpt lat="4.7994330" lon="-75.6533970">
    <ele>1481.2</ele>
   </trkpt>
   <trkpt lat="4.7994300" lon="-75.6534050">
    <ele>1481.1</ele>
   </trkpt>
   <trkpt lat="4.7994280" lon="-75.6534110">
    <ele>1481.0</ele>
   </trkpt>
   <trkpt lat="4.7994270" lon="-75.6534130">
    <ele>1481.0</ele>
   </trkpt>
   <trkpt lat="4.7994260" lon="-75.6534170">
    <ele>1481.0</ele>
   </trkpt>
   <trkpt lat="4.7994250" lon="-75.6534210">
    <ele>1480.9</ele>
   </trkpt>
   <trkpt lat="4.7994230" lon="-75.6534240">
    <ele>1480.9</ele>
   </trkpt>
   <trkpt lat="4.7994210" lon="-75.6534270">
    <ele>1480.9</ele>
   </trkpt>
   <trkpt lat="4.7994170" lon="-75.6534320">
    <ele>1480.8</ele>
   </trkpt>
   <trkpt lat="4.7994090" lon="-75.6534380">
    <ele>1480.7</ele>
   </trkpt>
   <trkpt lat="4.7993970" lon="-75.6534460">
    <ele>1480.6</ele>
   </trkpt>
   <trkpt lat="4.7993790" lon="-75.6534590">
    <ele>1480.4</ele>
   </trkpt>
   <trkpt lat="4.7993660" lon="-75.6534670">
    <ele>1480.2</ele>
   </trkpt>
   <trkpt lat="4.7993540" lon="-75.6534740">
    <ele>1480.1</ele>
   </trkpt>
   <trkpt lat="4.7993450" lon="-75.6534810">
    <ele>1480.0</ele>
   </trkpt>
   <trkpt lat="4.7993360" lon="-75.6534880">
    <ele>1479.9</ele>
   </trkpt>
   <trkpt lat="4.7993310" lon="-75.6534970">
    <ele>1479.8</ele>
   </trkpt>
   <trkpt lat="4.7993270" lon="-75.6535060">
    <ele>1479.7</ele>
   </trkpt>
   <trkpt lat="4.7993240" lon="-75.6535140">
    <ele>1479.6</ele>
   </trkpt>
   <trkpt lat="4.7993230" lon="-75.6535190">
    <ele>1479.6</ele>
   </trkpt>
   <trkpt lat="4.7993290" lon="-75.6535270">
    <ele>1479.5</ele>
   </trkpt>
   <trkpt lat="4.7993340" lon="-75.6535340">
    <ele>1479.4</ele>
   </trkpt>
   <trkpt lat="4.7993400" lon="-75.6535400">
    <ele>1479.3</ele>
   </trkpt>
   <trkpt lat="4.7993420" lon="-75.6535450">
    <ele>1479.3</ele>
   </trkpt>
   <trkpt lat="4.7993470" lon="-75.6535530">
    <ele>1479.2</ele>
   </trkpt>
   <trkpt lat="4.7993650" lon="-75.6535760">
    <ele>1478.9</ele>
   </trkpt>
   <trkpt lat="4.7993700" lon="-75.6535900">
    <ele>1478.8</ele>
   </trkpt>
   <trkpt lat="4.7993720" lon="-75.6536070">
    <ele>1478.6</ele>
   </trkpt>
   <trkpt lat="4.7993700" lon="-75.6536260">
    <ele>1478.5</ele>
   </trkpt>
   <trkpt lat="4.7993650" lon="-75.6536440">
    <ele>1478.3</ele>
   </trkpt>
   <trkpt lat="4.7993550" lon="-75.6536680">
    <ele>1478.1</ele>
   </trkpt>
   <trkpt lat="4.7993510" lon="-75.6536790">
    <ele>1478.0</ele>
   </trkpt>
   <trkpt lat="4.7993500" lon="-75.6536870">
    <ele>1478.0</ele>
   </trkpt>
   <trkpt lat="4.7993480" lon="-75.6537020">
    <ele>1477.8</ele>
   </trkpt>
   <trkpt lat="4.7993470" lon="-75.6537150">
    <ele>1477.7</ele>
   </trkpt>
   <trkpt lat="4.7993470" lon="-75.6537360">
    <ele>1477.6</ele>
   </trkpt>
   <trkpt lat="4.7993480" lon="-75.6537450">
    <ele>1477.5</ele>
   </trkpt>
   <trkpt lat="4.7993500" lon="-75.6537560">
    <ele>1477.4</ele>
   </trkpt>
   <trkpt lat="4.7993520" lon="-75.6537700">
    <ele>1477.3</ele>
   </trkpt>
   <trkpt lat="4.7993530" lon="-75.6537820">
    <ele>1477.2</ele>
   </trkpt>
   <trkpt lat="4.7993530" lon="-75.6537950">
    <ele>1477.1</ele>
   </trkpt>
   <trkpt lat="4.7993530" lon="-75.6538100">
    <ele>1477.0</ele>
   </trkpt>
   <trkpt lat="4.7993550" lon="-75.6538180">
    <ele>1477.0</ele>
   </trkpt>
   <trkpt lat="4.7993570" lon="-75.6538270">
    <ele>1476.9</ele>
   </trkpt>
   <trkpt lat="4.7993500" lon="-75.6538400">
    <ele>1476.8</ele>
   </trkpt>
   <trkpt lat="4.7993440" lon="-75.6538510">
    <ele>1476.8</ele>
   </trkpt>
   <trkpt lat="4.7993410" lon="-75.6538600">
    <ele>1476.7</ele>
   </trkpt>
   <trkpt lat="4.7993370" lon="-75.6538680">
    <ele>1476.6</ele>
   </trkpt>
   <trkpt lat="4.7993360" lon="-75.6538710">
    <ele>1476.6</ele>
   </trkpt>
   <trkpt lat="4.7993330" lon="-75.6538760">
    <ele>1476.6</ele>
   </trkpt>
   <trkpt lat="4.7993270" lon="-75.6538800">
    <ele>1476.5</ele>
   </trkpt>
   <trkpt lat="4.7993160" lon="-75.6538810">
    <ele>1476.5</ele>
   </trkpt>
   <trkpt lat="4.7993050" lon="-75.6538770">
    <ele>1476.4</ele>
   </trkpt>
   <trkpt lat="4.7993040" lon="-75.6538780">
    <ele>1476.4</ele>
   </trkpt>
   <trkpt lat="4.7993000" lon="-75.6538750">
    <ele>1476.4</ele>
   </trkpt>
   <trkpt lat="4.7993000" lon="-75.6538750">
    <ele>1476.4</ele>
   </trkpt>
   <trkpt lat="4.7992980" lon="-75.6538690">
    <ele>1476.3</ele>
   </trkpt>
   <trkpt lat="4.7992980" lon="-75.6538680">
    <ele>1476.3</ele>
   </trkpt>
   <trkpt lat="4.7992960" lon="-75.6538670">
    <ele>1476.3</ele>
   </trkpt>
   <trkpt lat="4.7992930" lon="-75.6538660">
    <ele>1476.3</ele>
   </trkpt>
   <trkpt lat="4.7992910" lon="-75.6538660">
    <ele>1476.3</ele>
   </trkpt>
   <trkpt lat="4.7992860" lon="-75.6538650">
    <ele>1476.2</ele>
   </trkpt>
   <trkpt lat="4.7992840" lon="-75.6538650">
    <ele>1476.2</ele>
   </trkpt>
   <trkpt lat="4.7992790" lon="-75.6538650">
    <ele>1476.2</ele>
   </trkpt>
   <trkpt lat="4.7992720" lon="-75.6538690">
    <ele>1476.1</ele>
   </trkpt>
   <trkpt lat="4.7992670" lon="-75.6538770">
    <ele>1476.1</ele>
   </trkpt>
   <trkpt lat="4.7992630" lon="-75.6538850">
    <ele>1476.0</ele>
   </trkpt>
   <trkpt lat="4.7992610" lon="-75.6538910">
    <ele>1476.0</ele>
   </trkpt>
   <trkpt lat="4.7992580" lon="-75.6539040">
    <ele>1475.9</ele>
   </trkpt>
   <trkpt lat="4.7992510" lon="-75.6539390">
    <ele>1475.7</ele>
   </trkpt>
   <trkpt lat="4.7992590" lon="-75.6539580">
    <ele>1475.6</ele>
   </trkpt>
   <trkpt lat="4.7992660" lon="-75.6539780">
    <ele>1475.5</ele>
   </trkpt>
   <trkpt lat="4.7992660" lon="-75.6539780">
    <ele>1475.5</ele>
   </trkpt>
   <trkpt lat="4.7992510" lon="-75.6539940">
    <ele>1475.4</ele>
   </trkpt>
   <trkpt lat="4.7992400" lon="-75.6540060">
    <ele>1475.3</ele>
   </trkpt>
   <trkpt lat="4.7992290" lon="-75.6540180">
    <ele>1475.2</ele>
   </trkpt>
   <trkpt lat="4.7992110" lon="-75.6540140">
    <ele>1475.1</ele>
   </trkpt>
   <trkpt lat="4.7992110" lon="-75.6540140">
    <ele>1475.1</ele>
   </trkpt>
   <trkpt lat="4.7991830" lon="-75.6540200">
    <ele>1475.0</ele>
   </trkpt>
   <trkpt lat="4.7991600" lon="-75.6540250">
    <ele>1474.8</ele>
   </trkpt>
   <trkpt lat="4.7991360" lon="-75.6540300">
    <ele>1474.7</ele>
   </trkpt>
   <trkpt lat="4.7991120" lon="-75.6540350">
    <ele>1474.6</ele>
   </trkpt>
   <trkpt lat="4.7991010" lon="-75.6540380">
    <ele>1474.5</ele>
   </trkpt>
   <trkpt lat="4.7990890" lon="-75.6540450">
    <ele>1474.5</ele>
   </trkpt>
   <trkpt lat="4.7990790" lon="-75.6540510">
    <ele>1474.4</ele>
   </trkpt>
   <trkpt lat="4.7990720" lon="-75.6540570">
    <ele>1474.3</ele>
   </trkpt>
   <trkpt lat="4.7990630" lon="-75.6540610">
    <ele>1474.3</ele>
   </trkpt>
   <trkpt lat="4.7990540" lon="-75.6540650">
    <ele>1474.2</ele>
   </trkpt>
   <trkpt lat="4.7990350" lon="-75.6540680">
    <ele>1474.1</ele>
   </trkpt>
   <trkpt lat="4.7990190" lon="-75.6540730">
    <ele>1474.0</ele>
   </trkpt>
   <trkpt lat="4.7990080" lon="-75.6540780">
    <ele>1474.0</ele>
   </trkpt>
   <trkpt lat="4.7989980" lon="-75.6540850">
    <ele>1473.9</ele>
   </trkpt>
   <trkpt lat="4.7989890" lon="-75.6540900">
    <ele>1473.8</ele>
   </trkpt>
   <trkpt lat="4.7989810" lon="-75.6540950">
    <ele>1473.8</ele>
   </trkpt>
   <trkpt lat="4.7989640" lon="-75.6540980">
    <ele>1473.7</ele>
   </trkpt>
   <trkpt lat="4.7989580" lon="-75.6541010">
    <ele>1473.6</ele>
   </trkpt>
   <trkpt lat="4.7989530" lon="-75.6541060">
    <ele>1473.6</ele>
   </trkpt>
   <trkpt lat="4.7989470" lon="-75.6541110">
    <ele>1473.5</ele>
   </trkpt>
   <trkpt lat="4.7989400" lon="-75.6541150">
    <ele>1473.5</ele>
   </trkpt>
   <trkpt lat="4.7989350" lon="-75.6541200">
    <ele>1473.5</ele>
   </trkpt>
   <trkpt lat="4.7989270" lon="-75.6541310">
    <ele>1473.4</ele>
   </trkpt>
   <trkpt lat="4.7989240" lon="-75.6541380">
    <ele>1473.3</ele>
   </trkpt>
   <trkpt lat="4.7989180" lon="-75.6541450">
    <ele>1473.3</ele>
   </trkpt>
   <trkpt lat="4.7989120" lon="-75.6541520">
    <ele>1473.2</ele>
   </trkpt>
   <trkpt lat="4.7989070" lon="-75.6541610">
    <ele>1473.1</ele>
   </trkpt>
   <trkpt lat="4.7989190" lon="-75.6541750">
    <ele>1473.0</ele>
   </trkpt>
   <trkpt lat="4.7989550" lon="-75.6541920">
    <ele>1472.8</ele>
   </trkpt>
   <trkpt lat="4.7989970" lon="-75.6542050">
    <ele>1472.5</ele>
   </trkpt>
   <trkpt lat="4.7990230" lon="-75.6542160">
    <ele>1472.3</ele>
   </trkpt>
   <trkpt lat="4.7990360" lon="-75.6542240">
    <ele>1472.2</ele>
   </trkpt>
   <trkpt lat="4.7990440" lon="-75.6542320">
    <ele>1472.1</ele>
   </trkpt>
   <trkpt lat="4.7990500" lon="-75.6542420">
    <ele>1472.0</ele>
   </trkpt>
   <trkpt lat="4.7990540" lon="-75.6542470">
    <ele>1471.9</ele>
   </trkpt>
   <trkpt lat="4.7990590" lon="-75.6542520">
    <ele>1471.9</ele>
   </trkpt>
   <trkpt lat="4.7990640" lon="-75.6542580">
    <ele>1471.8</ele>
   </trkpt>
   <trkpt lat="4.7990690" lon="-75.6542620">
    <ele>1471.8</ele>
   </trkpt>
   <trkpt lat="4.7990830" lon="-75.6542670">
    <ele>1471.7</ele>
   </trkpt>
   <trkpt lat="4.7991280" lon="-75.6542770">
    <ele>1471.3</ele>
   </trkpt>
   <trkpt lat="4.7991490" lon="-75.6542820">
    <ele>1471.2</ele>
   </trkpt>
   <trkpt lat="4.7991600" lon="-75.6542890">
    <ele>1471.1</ele>
   </trkpt>
   <trkpt lat="4.7991720" lon="-75.6542950">
    <ele>1471.0</ele>
   </trkpt>
   <trkpt lat="4.7991790" lon="-75.6543010">
    <ele>1470.9</ele>
   </trkpt>
   <trkpt lat="4.7991860" lon="-75.6543060">
    <ele>1470.8</ele>
   </trkpt>
   <trkpt lat="4.7991970" lon="-75.6543160">
    <ele>1470.7</ele>
   </trkpt>
   <trkpt lat="4.7992020" lon="-75.6543200">
    <ele>1470.7</ele>
   </trkpt>
   <trkpt lat="4.7992070" lon="-75.6543240">
    <ele>1470.6</ele>
   </trkpt>
   <trkpt lat="4.7992150" lon="-75.6543300">
    <ele>1470.5</ele>
   </trkpt>
   <trkpt lat="4.7992230" lon="-75.6543370">
    <ele>1470.4</ele>
   </trkpt>
   <trkpt lat="4.7992300" lon="-75.6543430">
    <ele>1470.4</ele>
   </trkpt>
   <trkpt lat="4.7992380" lon="-75.6543590">
    <ele>1470.2</ele>
   </trkpt>
   <trkpt lat="4.7992460" lon="-75.6543640">
    <ele>1470.1</ele>
   </trkpt>
   <trkpt lat="4.7992550" lon="-75.6543680">
    <ele>1470.1</ele>
   </trkpt>
   <trkpt lat="4.7992630" lon="-75.6543720">
    <ele>1470.0</ele>
   </trkpt>
   <trkpt lat="4.7992730" lon="-75.6543770">
    <ele>1469.9</ele>
   </trkpt>
   <trkpt lat="4.7992810" lon="-75.6543810">
    <ele>1469.8</ele>
   </trkpt>
   <trkpt lat="4.7992830" lon="-75.6543950">
    <ele>1469.7</ele>
   </trkpt>
   <trkpt lat="4.7992870" lon="-75.6543990">
    <ele>1469.7</ele>
   </trkpt>
   <trkpt lat="4.7992940" lon="-75.6544030">
    <ele>1469.6</ele>
   </trkpt>
   <trkpt lat="4.7993000" lon="-75.6544070">
    <ele>1469.5</ele>
   </trkpt>
   <trkpt lat="4.7993060" lon="-75.6544120">
    <ele>1469.4</ele>
   </trkpt>
   <trkpt lat="4.7993120" lon="-75.6544180">
    <ele>1469.4</ele>
   </trkpt>
   <trkpt lat="4.7993030" lon="-75.6544310">
    <ele>1469.2</ele>
   </trkpt>
   <trkpt lat="4.7993020" lon="-75.6544350">
    <ele>1469.2</ele>
   </trkpt>
   <trkpt lat="4.7993060" lon="-75.6544400">
    <ele>1469.1</ele>
   </trkpt>
   <trkpt lat="4.7993080" lon="-75.6544470">
    <ele>1469.1</ele>
   </trkpt>
   <trkpt lat="4.7993090" lon="-75.6544540">
    <ele>1469.0</ele>
   </trkpt>
   <trkpt lat="4.7993100" lon="-75.6544630">
    <ele>1468.9</ele>
   </trkpt>
   <trkpt lat="4.7993040" lon="-75.6544760">
    <ele>1468.8</ele>
   </trkpt>
   <trkpt lat="4.7993020" lon="-75.6544810">
    <ele>1468.8</ele>
   </trkpt>
   <trkpt lat="4.7993030" lon="-75.6544890">
    <ele>1468.7</ele>
   </trkpt>
   <trkpt lat="4.7993040" lon="-75.6545000">
    <ele>1468.6</ele>
   </trkpt>
   <trkpt lat="4.7993040" lon="-75.6545100">
    <ele>1468.5</ele>
   </trkpt>
   <trkpt lat="4.7993050" lon="-75.6545190">
    <ele>1468.4</ele>
   </trkpt>
   <trkpt lat="4.7993040" lon="-75.6545380">
    <ele>1468.3</ele>
   </trkpt>
   <trkpt lat="4.7993020" lon="-75.6545430">
    <ele>1468.2</ele>
   </trkpt>
   <trkpt lat="4.7993030" lon="-75.6545500">
    <ele>1468.2</ele>
   </trkpt>
   <trkpt lat="4.7993000" lon="-75.6545540">
    <ele>1468.1</ele>
   </trkpt>
   <trkpt lat="4.7992980" lon="-75.6545590">
    <ele>1468.1</ele>
   </trkpt>
   <trkpt lat="4.7992980" lon="-75.6545650">
    <ele>1468.0</ele>
   </trkpt>
   <trkpt lat="4.7992860" lon="-75.6545650">
    <ele>1467.9</ele>
   </trkpt>
   <trkpt lat="4.7992580" lon="-75.6545530">
    <ele>1467.6</ele>
   </trkpt>
   <trkpt lat="4.7992570" lon="-75.6545570">
    <ele>1467.6</ele>
   </trkpt>
   <trkpt lat="4.7992570" lon="-75.6545610">
    <ele>1467.6</ele>
   </trkpt>
   <trkpt lat="4.7992550" lon="-75.6545660">
    <ele>1467.5</ele>
   </trkpt>
   <trkpt lat="4.7992520" lon="-75.6545710">
    <ele>1467.5</ele>
   </trkpt>
   <trkpt lat="4.7992490" lon="-75.6545760">
    <ele>1467.4</ele>
   </trkpt>
   <trkpt lat="4.7992470" lon="-75.6545810">
    <ele>1467.4</ele>
   </trkpt>
   <trkpt lat="4.7992380" lon="-75.6545840">
    <ele>1467.3</ele>
   </trkpt>
   <trkpt lat="4.7992320" lon="-75.6545890">
    <ele>1467.2</ele>
   </trkpt>
   <trkpt lat="4.7992300" lon="-75.6545910">
    <ele>1467.2</ele>
   </trkpt>
   <trkpt lat="4.7992300" lon="-75.6545900">
    <ele>1467.2</ele>
   </trkpt>
   <trkpt lat="4.7992300" lon="-75.6545900">
    <ele>1467.2</ele>
   </trkpt>
   <trkpt lat="4.7992300" lon="-75.6545890">
    <ele>1467.2</ele>
   </trkpt>
   <trkpt lat="4.7992280" lon="-75.6545760">
    <ele>1467.1</ele>
   </trkpt>
   <trkpt lat="4.7992280" lon="-75.6545760">
    <ele>1467.1</ele>
   </trkpt>
   <trkpt lat="4.7992280" lon="-75.6545780">
    <ele>1467.1</ele>
   </trkpt>
   <trkpt lat="4.7992280" lon="-75.6545790">
    <ele>1467.0</ele>
   </trkpt>
   <trkpt lat="4.7992270" lon="-75.6545840">
    <ele>1467.0</ele>
   </trkpt>
   <trkpt lat="4.7992250" lon="-75.6545900">
    <ele>1466.9</ele>
   </trkpt>
   <trkpt lat="4.7992230" lon="-75.6545960">
    <ele>1466.9</ele>
   </trkpt>
   <trkpt lat="4.7992140" lon="-75.6546150">
    <ele>1466.7</ele>
   </trkpt>
   <trkpt lat="4.7992150" lon="-75.6546160">
    <ele>1466.7</ele>
   </trkpt>
   <trkpt lat="4.7992170" lon="-75.6546180">
    <ele>1466.7</ele>
   </trkpt>
   <trkpt lat="4.7992180" lon="-75.6546190">
    <ele>1466.7</ele>
   </trkpt>
   <trkpt lat="4.7992180" lon="-75.6546190">
    <ele>1466.7</ele>
   </trkpt>
   <trkpt lat="4.7992180" lon="-75.6546220">
    <ele>1466.6</ele>
   </trkpt>
   <trkpt lat="4.7992170" lon="-75.6546350">
    <ele>1466.5</ele>
   </trkpt>
   <trkpt lat="4.7992060" lon="-75.6546590">
    <ele>1466.3</ele>
   </trkpt>
   <trkpt lat="4.7992050" lon="-75.6546660">
    <ele>1466.3</ele>
   </trkpt>
   <trkpt lat="4.7992040" lon="-75.6546750">
    <ele>1466.2</ele>
   </trkpt>
   <trkpt lat="4.7992030" lon="-75.6546890">
    <ele>1466.1</ele>
   </trkpt>
   <trkpt lat="4.7992040" lon="-75.6547030">
    <ele>1465.9</ele>
   </trkpt>
   <trkpt lat="4.7992080" lon="-75.6547100">
    <ele>1465.9</ele>
   </trkpt>
   <trkpt lat="4.7992160" lon="-75.6547050">
    <ele>1465.8</ele>
   </trkpt>
   <trkpt lat="4.7992230" lon="-75.6547020">
    <ele>1465.7</ele>
   </trkpt>
   <trkpt lat="4.7992270" lon="-75.6547060">
    <ele>1465.7</ele>
   </trkpt>
   <trkpt lat="4.7992320" lon="-75.6547110">
    <ele>1465.7</ele>
   </trkpt>
   <trkpt lat="4.7992400" lon="-75.6547120">
    <ele>1465.6</ele>
   </trkpt>
   <trkpt lat="4.7992470" lon="-75.6547130">
    <ele>1465.5</ele>
   </trkpt>
   <trkpt lat="4.7992540" lon="-75.6547140">
    <ele>1465.5</ele>
   </trkpt>
   <trkpt lat="4.7992460" lon="-75.6547330">
    <ele>1465.3</ele>
   </trkpt>
   <trkpt lat="4.7992410" lon="-75.6547460">
    <ele>1465.2</ele>
   </trkpt>
   <trkpt lat="4.7992420" lon="-75.6547520">
    <ele>1465.2</ele>
   </trkpt>
   <trkpt lat="4.7992430" lon="-75.6547550">
    <ele>1465.2</ele>
   </trkpt>
   <trkpt lat="4.7992440" lon="-75.6547580">
    <ele>1465.2</ele>
   </trkpt>
   <trkpt lat="4.7992470" lon="-75.6547630">
    <ele>1465.1</ele>
   </trkpt>
   <trkpt lat="4.7992330" lon="-75.6547860">
    <ele>1464.9</ele>
   </trkpt>
   <trkpt lat="4.7992330" lon="-75.6547890">
    <ele>1464.9</ele>
   </trkpt>
   <trkpt lat="4.7992340" lon="-75.6547930">
    <ele>1464.9</ele>
   </trkpt>
   <trkpt lat="4.7992370" lon="-75.6547960">
    <ele>1464.9</ele>
   </trkpt>
   <trkpt lat="4.7992420" lon="-75.6547980">
    <ele>1464.8</ele>
   </trkpt>
   <trkpt lat="4.7992470" lon="-75.6547980">
    <ele>1464.8</ele>
   </trkpt>
   <trkpt lat="4.7992530" lon="-75.6547940">
    <ele>1464.8</ele>
   </trkpt>
   <trkpt lat="4.7992500" lon="-75.6547810">
    <ele>1464.7</ele>
   </trkpt>
   <trkpt lat="4.7992500" lon="-75.6547790">
    <ele>1464.7</ele>
   </trkpt>
   <trkpt lat="4.7992510" lon="-75.6547780">
    <ele>1464.7</ele>
   </trkpt>
   <trkpt lat="4.7992510" lon="-75.6547780">
    <ele>1464.7</ele>
   </trkpt>
   <trkpt lat="4.7992520" lon="-75.6547780">
    <ele>1464.7</ele>
   </trkpt>
   <trkpt lat="4.7992540" lon="-75.6547790">
    <ele>1464.6</ele>
   </trkpt>
   <trkpt lat="4.7992380" lon="-75.6547970">
    <ele>1464.5</ele>
   </trkpt>
   <trkpt lat="4.7992380" lon="-75.6547980">
    <ele>1464.5</ele>
   </trkpt>
   <trkpt lat="4.7992390" lon="-75.6547980">
    <ele>1464.5</ele>
   </trkpt>
   <trkpt lat="4.7992390" lon="-75.6547990">
    <ele>1464.5</ele>
   </trkpt>
   <trkpt lat="4.7992400" lon="-75.6547990">
    <ele>1464.5</ele>
   </trkpt>
   <trkpt lat="4.7992410" lon="-75.6548000">
    <ele>1464.5</ele>
   </trkpt>
   <trkpt lat="4.7992440" lon="-75.6547890">
    <ele>1464.4</ele>
   </trkpt>
   <trkpt lat="4.7992440" lon="-75.6547890">
    <ele>1464.4</ele>
   </trkpt>
   <trkpt lat="4.7992450" lon="-75.6547890">
    <ele>1464.4</ele>
   </trkpt>
   <trkpt lat="4.7992470" lon="-75.6547900">
    <ele>1464.4</ele>
   </trkpt>
   <trkpt lat="4.7992480" lon="-75.6547910">
    <ele>1464.4</ele>
   </trkpt>
   <trkpt lat="4.7992480" lon="-75.6547910">
    <ele>1464.4</ele>
   </trkpt>
   <trkpt lat="4.7992500" lon="-75.6547910">
    <ele>1464.4</ele>
   </trkpt>
   <trkpt lat="4.7992480" lon="-75.6547970">
    <ele>1464.4</ele>
   </trkpt>
   <trkpt lat="4.7992470" lon="-75.6547990">
    <ele>1464.3</ele>
   </trkpt>
   <trkpt lat="4.7992470" lon="-75.6548020">
    <ele>1464.3</ele>
   </trkpt>
   <trkpt lat="4.7992470" lon="-75.6548060">
    <ele>1464.3</ele>
   </trkpt>
   <trkpt lat="4.7992460" lon="-75.6548130">
    <ele>1464.3</ele>
   </trkpt>
   <trkpt lat="4.7992440" lon="-75.6548220">
    <ele>1464.2</ele>
   </trkpt>
   <trkpt lat="4.7992420" lon="-75.6548330">
    <ele>1464.2</ele>
   </trkpt>
   <trkpt lat="4.7992400" lon="-75.6548370">
    <ele>1464.2</ele>
   </trkpt>
   <trkpt lat="4.7992370" lon="-75.6548460">
    <ele>1464.1</ele>
   </trkpt>
   <trkpt lat="4.7992330" lon="-75.6548580">
    <ele>1464.1</ele>
   </trkpt>
   <trkpt lat="4.7992320" lon="-75.6548690">
    <ele>1464.0</ele>
   </trkpt>
   <trkpt lat="4.7992320" lon="-75.6548800">
    <ele>1464.0</ele>
   </trkpt>
   <trkpt lat="4.7992320" lon="-75.6548910">
    <ele>1464.0</ele>
   </trkpt>
   <trkpt lat="4.7992340" lon="-75.6549020">
    <ele>1463.9</ele>
   </trkpt>
   <trkpt lat="4.7992350" lon="-75.6549080">
    <ele>1463.9</ele>
   </trkpt>
   <trkpt lat="4.7992410" lon="-75.6549150">
    <ele>1463.9</ele>
   </trkpt>
   <trkpt lat="4.7992450" lon="-75.6549220">
    <ele>1463.8</ele>
   </trkpt>
   <trkpt lat="4.7992490" lon="-75.6549290">
    <ele>1463.8</ele>
   </trkpt>
   <trkpt lat="4.7992500" lon="-75.6549370">
    <ele>1463.8</ele>
   </trkpt>
   <trkpt lat="4.7992520" lon="-75.6549460">
    <ele>1463.8</ele>
   </trkpt>
   <trkpt lat="4.7992580" lon="-75.6549490">
    <ele>1463.7</ele>
   </trkpt>
   <trkpt lat="4.7992630" lon="-75.6549530">
    <ele>1463.7</ele>
   </trkpt>
   <trkpt lat="4.7992620" lon="-75.6549610">
    <ele>1463.7</ele>
   </trkpt>
   <trkpt lat="4.7992600" lon="-75.6549690">
    <ele>1463.7</ele>
   </trkpt>
   <trkpt lat="4.7992590" lon="-75.6549770">
    <ele>1463.7</ele>
   </trkpt>
   <trkpt lat="4.7992580" lon="-75.6549830">
    <ele>1463.7</ele>
   </trkpt>
   <trkpt lat="4.7992530" lon="-75.6549890">
    <ele>1463.6</ele>
   </trkpt>
   <trkpt lat="4.7992410" lon="-75.6549870">
    <ele>1463.6</ele>
   </trkpt>
   <trkpt lat="4.7992350" lon="-75.6549910">
    <ele>1463.6</ele>
   </trkpt>
   <trkpt lat="4.7992290" lon="-75.6549970">
    <ele>1463.6</ele>
   </trkpt>
   <trkpt lat="4.7992240" lon="-75.6550010">
    <ele>1463.6</ele>
   </trkpt>
   <trkpt lat="4.7992200" lon="-75.6550060">
    <ele>1463.6</ele>
   </trkpt>
   <trkpt lat="4.7992150" lon="-75.6550120">
    <ele>1463.6</ele>
   </trkpt>
   <trkpt lat="4.7992050" lon="-75.6550100">
    <ele>1463.5</ele>
   </trkpt>
   <trkpt lat="4.7992000" lon="-75.6550130">
    <ele>1463.5</ele>
   </trkpt>
   <trkpt lat="4.7991920" lon="-75.6550180">
    <ele>1463.5</ele>
   </trkpt>
   <trkpt lat="4.7991850" lon="-75.6550240">
    <ele>1463.5</ele>
   </trkpt>
   <trkpt lat="4.7991770" lon="-75.6550300">
    <ele>1463.5</ele>
   </trkpt>
   <trkpt lat="4.7991700" lon="-75.6550350">
    <ele>1463.5</ele>
   </trkpt>
   <trkpt lat="4.7991570" lon="-75.6550340">
    <ele>1463.5</ele>
   </trkpt>
   <trkpt lat="4.7991540" lon="-75.6550340">
    <ele>1463.5</ele>
   </trkpt>
   <trkpt lat="4.7991490" lon="-75.6550360">
    <ele>1463.5</ele>
   </trkpt>
   <trkpt lat="4.7991400" lon="-75.6550410">
    <ele>1463.5</ele>
   </trkpt>
   <trkpt lat="4.7991330" lon="-75.6550460">
    <ele>1463.5</ele>
   </trkpt>
   <trkpt lat="4.7991240" lon="-75.6550510">
    <ele>1463.5</ele>
   </trkpt>
   <trkpt lat="4.7991090" lon="-75.6550490">
    <ele>1463.5</ele>
   </trkpt>
   <trkpt lat="4.7991090" lon="-75.6550460">
    <ele>1463.5</ele>
   </trkpt>
   <trkpt lat="4.7991010" lon="-75.6550450">
    <ele>1463.5</ele>
   </trkpt>
   <trkpt lat="4.7990910" lon="-75.6550450">
    <ele>1463.5</ele>
   </trkpt>
   <trkpt lat="4.7990820" lon="-75.6550450">
    <ele>1463.5</ele>
   </trkpt>
   <trkpt lat="4.7990730" lon="-75.6550450">
    <ele>1463.5</ele>
   </trkpt>
   <trkpt lat="4.7990630" lon="-75.6550320">
    <ele>1463.5</ele>
   </trkpt>
   <trkpt lat="4.7990590" lon="-75.6550300">
    <ele>1463.5</ele>
   </trkpt>
   <trkpt lat="4.7990510" lon="-75.6550300">
    <ele>1463.5</ele>
   </trkpt>
   <trkpt lat="4.7990420" lon="-75.6550300">
    <ele>1463.5</ele>
   </trkpt>
   <trkpt lat="4.7990330" lon="-75.6550300">
    <ele>1463.5</ele>
   </trkpt>
   <trkpt lat="4.7990250" lon="-75.6550310">
    <ele>1463.5</ele>
   </trkpt>
   <trkpt lat="4.7990140" lon="-75.6550320">
    <ele>1463.5</ele>
   </trkpt>
   <trkpt lat="4.7990230" lon="-75.6550240">
    <ele>1463.5</ele>
   </trkpt>
   <trkpt lat="4.7990230" lon="-75.6550260">
    <ele>1463.5</ele>
   </trkpt>
   <trkpt lat="4.7990210" lon="-75.6550280">
    <ele>1463.5</ele>
   </trkpt>
   <trkpt lat="4.7990180" lon="-75.6550280">
    <ele>1463.5</ele>
   </trkpt>
   <trkpt lat="4.7990140" lon="-75.6550290">
    <ele>1463.5</ele>
   </trkpt>
   <trkpt lat="4.7990110" lon="-75.6550300">
    <ele>1463.5</ele>
   </trkpt>
   <trkpt lat="4.7990080" lon="-75.6550300">
    <ele>1463.5</ele>
   </trkpt>
   <trkpt lat="4.7990050" lon="-75.6550330">
    <ele>1463.5</ele>
   </trkpt>
   <trkpt lat="4.7990030" lon="-75.6550320">
    <ele>1463.5</ele>
   </trkpt>
   <trkpt lat="4.7990000" lon="-75.6550360">
    <ele>1463.5</ele>
   </trkpt>
   <trkpt lat="4.7990010" lon="-75.6550400">
    <ele>1463.5</ele>
   </trkpt>
   <trkpt lat="4.7990060" lon="-75.6550460">
    <ele>1463.5</ele>
   </trkpt>
   <trkpt lat="4.7990060" lon="-75.6550490">
    <ele>1463.5</ele>
   </trkpt>
   <trkpt lat="4.7990130" lon="-75.6550500">
    <ele>1463.5</ele>
   </trkpt>
   <trkpt lat="4.7990110" lon="-75.6550480">
    <ele>1463.5</ele>
   </trkpt>
   <trkpt lat="4.7990070" lon="-75.6550480">
    <ele>1463.5</ele>
   </trkpt>
   <trkpt lat="4.7990060" lon="-75.6550520">
    <ele>1463.5</ele>
   </trkpt>
   <trkpt lat="4.7990100" lon="-75.6550560">
    <ele>1463.5</ele>
   </trkpt>
   <trkpt lat="4.7990160" lon="-75.6550540">
    <ele>1463.5</ele>
   </trkpt>
   <trkpt lat="4.7990220" lon="-75.6550520">
    <ele>1463.5</ele>
   </trkpt>
   <trkpt lat="4.7990350" lon="-75.6550430">
    <ele>1463.5</ele>
   </trkpt>
   <trkpt lat="4.7990370" lon="-75.6550430">
    <ele>1463.5</ele>
   </trkpt>
   <trkpt lat="4.7990370" lon="-75.6550430">
    <ele>1463.5</ele>
   </trkpt>
   <trkpt lat="4.7990360" lon="-75.6550430">
    <ele>1463.5</ele>
   </trkpt>
   <trkpt lat="4.7990370" lon="-75.6550450">
    <ele>1463.5</ele>
   </trkpt>
   <trkpt lat="4.7990380" lon="-75.6550450">
    <ele>1463.5</ele>
   </trkpt>
   <trkpt lat="4.7990460" lon="-75.6550380">
    <ele>1463.5</ele>
   </trkpt>
   <trkpt lat="4.7990480" lon="-75.6550390">
    <ele>1463.5</ele>
   </trkpt>
   <trkpt lat="4.7990480" lon="-75.6550390">
    <ele>1463.5</ele>
   </trkpt>
   <trkpt lat="4.7990470" lon="-75.6550390">
    <ele>1463.5</ele>
   </trkpt>
   <trkpt lat="4.7990460" lon="-75.6550390">
    <ele>1463.5</ele>
   </trkpt>
   <trkpt lat="4.7990450" lon="-75.6550390">
    <ele>1463.5</ele>
   </trkpt>
   <trkpt lat="4.7990440" lon="-75.6550390">
    <ele>1463.5</ele>
   </trkpt>
   <trkpt lat="4.7990550" lon="-75.6550360">
    <ele>1463.5</ele>
   </trkpt>
   <trkpt lat="4.7990560" lon="-75.6550370">
    <ele>1463.5</ele>
   </trkpt>
   <trkpt lat="4.7990560" lon="-75.6550380">
    <ele>1463.5</ele>
   </trkpt>
   <trkpt lat="4.7990550" lon="-75.6550390">
    <ele>1463.5</ele>
   </trkpt>
   <trkpt lat="4.7990550" lon="-75.6550400">
    <ele>1463.5</ele>
   </trkpt>
   <trkpt lat="4.7990540" lon="-75.6550410">
    <ele>1463.5</ele>
   </trkpt>
   <trkpt lat="4.7990530" lon="-75.6550420">
    <ele>1463.5</ele>
   </trkpt>
   <trkpt lat="4.7990570" lon="-75.6550410">
    <ele>1463.5</ele>
   </trkpt>
   <trkpt lat="4.7990560" lon="-75.6550420">
    <ele>1463.5</ele>
   </trkpt>
   <trkpt lat="4.7990550" lon="-75.6550430">
    <ele>1463.5</ele>
   </trkpt>
   <trkpt lat="4.7990550" lon="-75.6550450">
    <ele>1463.5</ele>
   </trkpt>
   <trkpt lat="4.7990550" lon="-75.6550470">
    <ele>1463.5</ele>
   </trkpt>
   <trkpt lat="4.7990560" lon="-75.6550490">
    <ele>1463.5</ele>
   </trkpt>
   <trkpt lat="4.7990640" lon="-75.6550470">
    <ele>1463.5</ele>
   </trkpt>
   <trkpt lat="4.7990640" lon="-75.6550480">
    <ele>1463.5</ele>
   </trkpt>
   <trkpt lat="4.7990640" lon="-75.6550500">
    <ele>1463.5</ele>
   </trkpt>
   <trkpt lat="4.7990630" lon="-75.6550510">
    <ele>1463.5</ele>
   </trkpt>
   <trkpt lat="4.7990620" lon="-75.6550520">
    <ele>1463.5</ele>
   </trkpt>
   <trkpt lat="4.7990570" lon="-75.6550570">
    <ele>1463.5</ele>
   </trkpt>
   <trkpt lat="4.7990530" lon="-75.6550610">
    <ele>1463.5</ele>
   </trkpt>
   <trkpt lat="4.7990540" lon="-75.6550600">
    <ele>1463.5</ele>
   </trkpt>
   <trkpt lat="4.7990520" lon="-75.6550630">
    <ele>1463.5</ele>
   </trkpt>
   <trkpt lat="4.7990500" lon="-75.6550660">
    <ele>1463.5</ele>
   </trkpt>
   <trkpt lat="4.7990470" lon="-75.6550660">
    <ele>1463.5</ele>
   </trkpt>
   <trkpt lat="4.7990470" lon="-75.6550630">
    <ele>1463.5</ele>
   </trkpt>
   <trkpt lat="4.7990510" lon="-75.6550620">
    <ele>1463.5</ele>
   </trkpt>
   <trkpt lat="4.7990530" lon="-75.6550620">
    <ele>1463.5</ele>
   </trkpt>
   <trkpt lat="4.7990620" lon="-75.6550510">
    <ele>1463.5</ele>
   </trkpt>
   <trkpt lat="4.7990620" lon="-75.6550560">
    <ele>1463.5</ele>
   </trkpt>
   <trkpt lat="4.7990610" lon="-75.6550570">
    <ele>1463.5</ele>
   </trkpt>
   <trkpt lat="4.7990600" lon="-75.6550620">
    <ele>1463.5</ele>
   </trkpt>
   <trkpt lat="4.7990470" lon="-75.6550890">
    <ele>1463.5</ele>
   </trkpt>
   <trkpt lat="4.7990410" lon="-75.6551020">
    <ele>1463.5</ele>
   </trkpt>
   <trkpt lat="4.7990250" lon="-75.6551270">
    <ele>1463.5</ele>
   </trkpt>
   <trkpt lat="4.7990230" lon="-75.6551350">
    <ele>1463.5</ele>
   </trkpt>
   <trkpt lat="4.7990210" lon="-75.6551410">
    <ele>1463.5</ele>
   </trkpt>
   <trkpt lat="4.7990190" lon="-75.6551460">
    <ele>1463.5</ele>
   </trkpt>
   <trkpt lat="4.7990170" lon="-75.6551500">
    <ele>1463.5</ele>
   </trkpt>
   <trkpt lat="4.7990120" lon="-75.6551630">
    <ele>1463.5</ele>
   </trkpt>
   <trkpt lat="4.7990080" lon="-75.6551750">
    <ele>1463.5</ele>
   </trkpt>
   <trkpt lat="4.7990060" lon="-75.6551830">
    <ele>1463.5</ele>
   </trkpt>
   <trkpt lat="4.7990040" lon="-75.6551880">
    <ele>1463.5</ele>
   </trkpt>
   <trkpt lat="4.7990020" lon="-75.6551940">
    <ele>1463.5</ele>
   </trkpt>
   <trkpt lat="4.7989980" lon="-75.6552010">
    <ele>1463.4</ele>
   </trkpt>
   <trkpt lat="4.7989950" lon="-75.6552060">
    <ele>1463.4</ele>
   </trkpt>
   <trkpt lat="4.7989920" lon="-75.6552110">
    <ele>1463.4</ele>
   </trkpt>
   <trkpt lat="4.7989910" lon="-75.6552100">
    <ele>1463.4</ele>
   </trkpt>
   <trkpt lat="4.7989900" lon="-75.6552110">
    <ele>1463.4</ele>
   </trkpt>
   <trkpt lat="4.7989900" lon="-75.6552120">
    <ele>1463.4</ele>
   </trkpt>
   <trkpt lat="4.7989880" lon="-75.6552130">
    <ele>1463.4</ele>
   </trkpt>
   <trkpt lat="4.7989870" lon="-75.6552130">
    <ele>1463.4</ele>
   </trkpt>
   <trkpt lat="4.7989860" lon="-75.6552140">
    <ele>1463.4</ele>
   </trkpt>
   <trkpt lat="4.7989860" lon="-75.6552120">
    <ele>1463.4</ele>
   </trkpt>
   <trkpt lat="4.7989860" lon="-75.6552130">
    <ele>1463.4</ele>
   </trkpt>
   <trkpt lat="4.7989850" lon="-75.6552130">
    <ele>1463.4</ele>
   </trkpt>
   <trkpt lat="4.7989830" lon="-75.6552150">
    <ele>1463.4</ele>
   </trkpt>
   <trkpt lat="4.7989830" lon="-75.6552150">
    <ele>1463.4</ele>
   </trkpt>
   <trkpt lat="4.7989820" lon="-75.6552170">
    <ele>1463.4</ele>
   </trkpt>
   <trkpt lat="4.7989800" lon="-75.6552180">
    <ele>1463.4</ele>
   </trkpt>
   <trkpt lat="4.7989790" lon="-75.6552190">
    <ele>1463.4</ele>
   </trkpt>
   <trkpt lat="4.7989780" lon="-75.6552200">
    <ele>1463.4</ele>
   </trkpt>
   <trkpt lat="4.7989780" lon="-75.6552210">
    <ele>1463.4</ele>
   </trkpt>
   <trkpt lat="4.7989770" lon="-75.6552210">
    <ele>1463.4</ele>
   </trkpt>
   <trkpt lat="4.7989740" lon="-75.6552240">
    <ele>1463.4</ele>
   </trkpt>
   <trkpt lat="4.7989740" lon="-75.6552230">
    <ele>1463.4</ele>
   </trkpt>
   <trkpt lat="4.7989740" lon="-75.6552230">
    <ele>1463.4</ele>
   </trkpt>
   <trkpt lat="4.7989730" lon="-75.6552230">
    <ele>1463.4</ele>
   </trkpt>
   <trkpt lat="4.7989730" lon="-75.6552240">
    <ele>1463.4</ele>
   </trkpt>
   <trkpt lat="4.7989720" lon="-75.6552250">
    <ele>1463.4</ele>
   </trkpt>
   <trkpt lat="4.7989710" lon="-75.6552260">
    <ele>1463.4</ele>
   </trkpt>
   <trkpt lat="4.7989710" lon="-75.6552240">
    <ele>1463.4</ele>
   </trkpt>
   <trkpt lat="4.7989710" lon="-75.6552250">
    <ele>1463.4</ele>
   </trkpt>
   <trkpt lat="4.7989710" lon="-75.6552250">
    <ele>1463.4</ele>
   </trkpt>
   <trkpt lat="4.7989710" lon="-75.6552250">
    <ele>1463.4</ele>
   </trkpt>
   <trkpt lat="4.7989700" lon="-75.6552250">
    <ele>1463.4</ele>
   </trkpt>
   <trkpt lat="4.7989710" lon="-75.6552250">
    <ele>1463.4</ele>
   </trkpt>
   <trkpt lat="4.7989710" lon="-75.6552250">
    <ele>1463.4</ele>
   </trkpt>
   <trkpt lat="4.7989730" lon="-75.6552220">
    <ele>1463.4</ele>
   </trkpt>
   <trkpt lat="4.7989740" lon="-75.6552220">
    <ele>1463.4</ele>
   </trkpt>
   <trkpt lat="4.7989740" lon="-75.6552230">
    <ele>1463.4</ele>
   </trkpt>
   <trkpt lat="4.7989740" lon="-75.6552240">
    <ele>1463.4</ele>
   </trkpt>
   <trkpt lat="4.7989740" lon="-75.6552250">
    <ele>1463.4</ele>
   </trkpt>
   <trkpt lat="4.7989750" lon="-75.6552240">
    <ele>1463.4</ele>
   </trkpt>
   <trkpt lat="4.7989760" lon="-75.6552260">
    <ele>1463.4</ele>
   </trkpt>
   <trkpt lat="4.7989750" lon="-75.6552260">
    <ele>1463.4</ele>
   </trkpt>
   <trkpt lat="4.7989750" lon="-75.6552270">
    <ele>1463.4</ele>
   </trkpt>
   <trkpt lat="4.7989770" lon="-75.6552280">
    <ele>1463.4</ele>
   </trkpt>
   <trkpt lat="4.7989760" lon="-75.6552280">
    <ele>1463.4</ele>
   </trkpt>
   <trkpt lat="4.7989760" lon="-75.6552280">
    <ele>1463.4</ele>
   </trkpt>
   <trkpt lat="4.7989650" lon="-75.6552330">
    <ele>1463.4</ele>
   </trkpt>
   <trkpt lat="4.7989620" lon="-75.6552340">
    <ele>1463.4</ele>
   </trkpt>
   <trkpt lat="4.7989610" lon="-75.6552330">
    <ele>1463.4</ele>
   </trkpt>
   <trkpt lat="4.7989600" lon="-75.6552340">
    <ele>1463.4</ele>
   </trkpt>
   <trkpt lat="4.7989590" lon="-75.6552360">
    <ele>1463.4</ele>
   </trkpt>
   <trkpt lat="4.7989590" lon="-75.6552360">
    <ele>1463.4</ele>
   </trkpt>
   <trkpt lat="4.7989580" lon="-75.6552380">
    <ele>1463.4</ele>
   </trkpt>
   <trkpt lat="4.7989620" lon="-75.6552380">
    <ele>1463.4</ele>
   </trkpt>
   <trkpt lat="4.7989610" lon="-75.6552380">
    <ele>1463.4</ele>
   </trkpt>
   <trkpt lat="4.7989600" lon="-75.6552390">
    <ele>1463.4</ele>
   </trkpt>
   <trkpt lat="4.7989600" lon="-75.6552390">
    <ele>1463.4</ele>
   </trkpt>
   <trkpt lat="4.7989590" lon="-75.6552390">
    <ele>1463.4</ele>
   </trkpt>
   <trkpt lat="4.7989590" lon="-75.6552400">
    <ele>1463.4</ele>
   </trkpt>
   <trkpt lat="4.7989580" lon="-75.6552400">
    <ele>1463.4</ele>
   </trkpt>
   <trkpt lat="4.7989580" lon="-75.6552380">
    <ele>1463.4</ele>
   </trkpt>
   <trkpt lat="4.7989570" lon="-75.6552390">
    <ele>1463.4</ele>
   </trkpt>
   <trkpt lat="4.7989560" lon="-75.6552400">
    <ele>1463.4</ele>
   </trkpt>
   <trkpt lat="4.7989540" lon="-75.6552410">
    <ele>1463.4</ele>
   </trkpt>
   <trkpt lat="4.7989530" lon="-75.6552420">
    <ele>1463.4</ele>
   </trkpt>
   <trkpt lat="4.7989510" lon="-75.6552420">
    <ele>1463.4</ele>
   </trkpt>
   <trkpt lat="4.7989530" lon="-75.6552390">
    <ele>1463.4</ele>
   </trkpt>
   <trkpt lat="4.7989520" lon="-75.6552380">
    <ele>1463.4</ele>
   </trkpt>
   <trkpt lat="4.7989520" lon="-75.6552390">
    <ele>1463.4</ele>
   </trkpt>
   <trkpt lat="4.7989510" lon="-75.6552400">
    <ele>1463.4</ele>
   </trkpt>
   <trkpt lat="4.7989500" lon="-75.6552400">
    <ele>1463.4</ele>
   </trkpt>
   <trkpt lat="4.7989510" lon="-75.6552410">
    <ele>1463.4</ele>
   </trkpt>
   <trkpt lat="4.7989500" lon="-75.6552410">
    <ele>1463.4</ele>
   </trkpt>
   <trkpt lat="4.7989510" lon="-75.6552420">
    <ele>1463.4</ele>
   </trkpt>
   <trkpt lat="4.7989520" lon="-75.6552410">
    <ele>1463.4</ele>
   </trkpt>
   <trkpt lat="4.7989530" lon="-75.6552410">
    <ele>1463.4</ele>
   </trkpt>
   <trkpt lat="4.7989530" lon="-75.6552420">
    <ele>1463.4</ele>
   </trkpt>
   <trkpt lat="4.7989570" lon="-75.6552400">
    <ele>1463.4</ele>
   </trkpt>
   <trkpt lat="4.7989580" lon="-75.6552400">
    <ele>1463.4</ele>
   </trkpt>
   <trkpt lat="4.7989600" lon="-75.6552380">
    <ele>1463.4</ele>
   </trkpt>
   <trkpt lat="4.7989610" lon="-75.6552380">
    <ele>1463.4</ele>
   </trkpt>
   <trkpt lat="4.7989610" lon="-75.6552380">
    <ele>1463.4</ele>
   </trkpt>
   <trkpt lat="4.7989600" lon="-75.6552380">
    <ele>1463.4</ele>
   </trkpt>
   <trkpt lat="4.7989600" lon="-75.6552390">
    <ele>1463.4</ele>
   </trkpt>
   <trkpt lat="4.7989600" lon="-75.6552400">
    <ele>1463.4</ele>
   </trkpt>
   <trkpt lat="4.7989590" lon="-75.6552420">
    <ele>1463.4</ele>
   </trkpt>
   <trkpt lat="4.7989600" lon="-75.6552410">
    <ele>1463.4</ele>
   </trkpt>
   <trkpt lat="4.7989590" lon="-75.6552420">
    <ele>1463.4</ele>
   </trkpt>
   <trkpt lat="4.7989580" lon="-75.6552420">
    <ele>1463.4</ele>
   </trkpt>
   <trkpt lat="4.7989570" lon="-75.6552420">
    <ele>1463.4</ele>
   </trkpt>
   <trkpt lat="4.7989560" lon="-75.6552420">
    <ele>1463.4</ele>
   </trkpt>
   <trkpt lat="4.7989550" lon="-75.6552420">
    <ele>1463.4</ele>
   </trkpt>
   <trkpt lat="4.7989580" lon="-75.6552380">
    <ele>1463.4</ele>
   </trkpt>
   <trkpt lat="4.7989570" lon="-75.6552370">
    <ele>1463.3</ele>
   </trkpt>
   <trkpt lat="4.7989570" lon="-75.6552370">
    <ele>1463.3</ele>
   </trkpt>
   <trkpt lat="4.7989570" lon="-75.6552370">
    <ele>1463.3</ele>
   </trkpt>
   <trkpt lat="4.7989560" lon="-75.6552370">
    <ele>1463.3</ele>
   </trkpt>
   <trkpt lat="4.7989550" lon="-75.6552370">
    <ele>1463.3</ele>
   </trkpt>
   <trkpt lat="4.7989540" lon="-75.6552380">
    <ele>1463.3</ele>
   </trkpt>
   <trkpt lat="4.7989540" lon="-75.6552350">
    <ele>1463.3</ele>
   </trkpt>
   <trkpt lat="4.7989540" lon="-75.6552360">
    <ele>1463.3</ele>
   </trkpt>
   <trkpt lat="4.7989530" lon="-75.6552370">
    <ele>1463.3</ele>
   </trkpt>
   <trkpt lat="4.7989510" lon="-75.6552380">
    <ele>1463.3</ele>
   </trkpt>
   <trkpt lat="4.7989510" lon="-75.6552390">
    <ele>1463.3</ele>
   </trkpt>
   <trkpt lat="4.7989500" lon="-75.6552400">
    <ele>1463.3</ele>
   </trkpt>
   <trkpt lat="4.7989480" lon="-75.6552410">
    <ele>1463.3</ele>
   </trkpt>
   <trkpt lat="4.7989530" lon="-75.6552360">
    <ele>1463.3</ele>
   </trkpt>
   <trkpt lat="4.7989530" lon="-75.6552350">
    <ele>1463.3</ele>
   </trkpt>
   <trkpt lat="4.7989520" lon="-75.6552350">
    <ele>1463.3</ele>
   </trkpt>
   <trkpt lat="4.7989520" lon="-75.6552370">
    <ele>1463.3</ele>
   </trkpt>
   <trkpt lat="4.7989520" lon="-75.6552380">
    <ele>1463.3</ele>
   </trkpt>
   <trkpt lat="4.7989520" lon="-75.6552380">
    <ele>1463.3</ele>
   </trkpt>
   <trkpt lat="4.7989510" lon="-75.6552390">
    <ele>1463.3</ele>
   </trkpt>
   <trkpt lat="4.7989510" lon="-75.6552390">
    <ele>1463.3</ele>
   </trkpt>
   <trkpt lat="4.7989500" lon="-75.6552390">
    <ele>1463.3</ele>
   </trkpt>
   <trkpt lat="4.7989490" lon="-75.6552390">
    <ele>1463.3</ele>
   </trkpt>
   <trkpt lat="4.7989490" lon="-75.6552390">
    <ele>1463.3</ele>
   </trkpt>
   <trkpt lat="4.7989480" lon="-75.6552390">
    <ele>1463.3</ele>
   </trkpt>
   <trkpt lat="4.7989480" lon="-75.6552390">
    <ele>1463.3</ele>
   </trkpt>
   <trkpt lat="4.7989530" lon="-75.6552330">
    <ele>1463.3</ele>
   </trkpt>
   <trkpt lat="4.7989530" lon="-75.6552320">
    <ele>1463.3</ele>
   </trkpt>
   <trkpt lat="4.7989520" lon="-75.6552320">
    <ele>1463.3</ele>
   </trkpt>
   <trkpt lat="4.7989510" lon="-75.6552320">
    <ele>1463.3</ele>
   </trkpt>
   <trkpt lat="4.7989500" lon="-75.6552310">
    <ele>1463.3</ele>
   </trkpt>
   <trkpt lat="4.7989500" lon="-75.6552310">
    <ele>1463.3</ele>
   </trkpt>
   <trkpt lat="4.7989490" lon="-75.6552310">
    <ele>1463.3</ele>
   </trkpt>
   <trkpt lat="4.7989510" lon="-75.6552290">
    <ele>1463.3</ele>
   </trkpt>
   <trkpt lat="4.7989510" lon="-75.6552290">
    <ele>1463.3</ele>
   </trkpt>
   <trkpt lat="4.7989500" lon="-75.6552310">
    <ele>1463.3</ele>
   </trkpt>
   <trkpt lat="4.7989480" lon="-75.6552310">
    <ele>1463.3</ele>
   </trkpt>
   <trkpt lat="4.7989470" lon="-75.6552320">
    <ele>1463.3</ele>
   </trkpt>
   <trkpt lat="4.7989470" lon="-75.6552330">
    <ele>1463.3</ele>
   </trkpt>
   <trkpt lat="4.7989470" lon="-75.6552340">
    <ele>1463.3</ele>
   </trkpt>
   <trkpt lat="4.7989510" lon="-75.6552300">
    <ele>1463.3</ele>
   </trkpt>
   <trkpt lat="4.7989510" lon="-75.6552300">
    <ele>1463.3</ele>
   </trkpt>
   <trkpt lat="4.7989510" lon="-75.6552310">
    <ele>1463.3</ele>
   </trkpt>
   <trkpt lat="4.7989510" lon="-75.6552310">
    <ele>1463.3</ele>
   </trkpt>
   <trkpt lat="4.7989500" lon="-75.6552320">
    <ele>1463.3</ele>
   </trkpt>
   <trkpt lat="4.7989500" lon="-75.6552330">
    <ele>1463.3</ele>
   </trkpt>
   <trkpt lat="4.7989500" lon="-75.6552330">
    <ele>1463.3</ele>
   </trkpt>
   <trkpt lat="4.7989520" lon="-75.6552300">
    <ele>1463.3</ele>
   </trkpt>
   <trkpt lat="4.7989520" lon="-75.6552310">
    <ele>1463.3</ele>
   </trkpt>
   <trkpt lat="4.7989530" lon="-75.6552310">
    <ele>1463.3</ele>
   </trkpt>
   <trkpt lat="4.7989520" lon="-75.6552320">
    <ele>1463.3</ele>
   </trkpt>
   <trkpt lat="4.7989520" lon="-75.6552330">
    <ele>1463.3</ele>
   </trkpt>
   <trkpt lat="4.7989530" lon="-75.6552340">
    <ele>1463.3</ele>
   </trkpt>
   <trkpt lat="4.7989570" lon="-75.6552310">
    <ele>1463.3</ele>
   </trkpt>
   <trkpt lat="4.7989570" lon="-75.6552320">
    <ele>1463.3</ele>
   </trkpt>
   <trkpt lat="4.7989570" lon="-75.6552320">
    <ele>1463.3</ele>
   </trkpt>
   <trkpt lat="4.7989570" lon="-75.6552320">
    <ele>1463.3</ele>
   </trkpt>
   <trkpt lat="4.7989570" lon="-75.6552340">
    <ele>1463.3</ele>
   </trkpt>
   <trkpt lat="4.7989550" lon="-75.6552340">
    <ele>1463.3</ele>
   </trkpt>
   <trkpt lat="4.7989530" lon="-75.6552350">
    <ele>1463.3</ele>
   </trkpt>
   <trkpt lat="4.7989530" lon="-75.6552300">
    <ele>1463.3</ele>
   </trkpt>
   <trkpt lat="4.7989480" lon="-75.6552280">
    <ele>1463.3</ele>
   </trkpt>
   <trkpt lat="4.7989370" lon="-75.6552290">
    <ele>1463.3</ele>
   </trkpt>
   <trkpt lat="4.7989230" lon="-75.6552340">
    <ele>1463.2</ele>
   </trkpt>
   <trkpt lat="4.7989070" lon="-75.6552400">
    <ele>1463.2</ele>
   </trkpt>
   <trkpt lat="4.7988930" lon="-75.6552470">
    <ele>1463.2</ele>
   </trkpt>
   <trkpt lat="4.7988780" lon="-75.6552550">
    <ele>1463.2</ele>
   </trkpt>
   <trkpt lat="4.7988700" lon="-75.6552610">
    <ele>1463.2</ele>
   </trkpt>
   <trkpt lat="4.7988620" lon="-75.6552690">
    <ele>1463.2</ele>
   </trkpt>
   <trkpt lat="4.7988520" lon="-75.6552780">
    <ele>1463.2</ele>
   </trkpt>
   <trkpt lat="4.7988430" lon="-75.6552870">
    <ele>1463.1</ele>
   </trkpt>
   <trkpt lat="4.7988320" lon="-75.6552920">
    <ele>1463.1</ele>
   </trkpt>
   <trkpt lat="4.7988200" lon="-75.6552900">
    <ele>1463.1</ele>
   </trkpt>
   <trkpt lat="4.7988140" lon="-75.6552950">
    <ele>1463.1</ele>
   </trkpt>
   <trkpt lat="4.7988080" lon="-75.6553020">
    <ele>1463.1</ele>
   </trkpt>
   <trkpt lat="4.7988020" lon="-75.6553090">
    <ele>1463.1</ele>
   </trkpt>
   <trkpt lat="4.7987970" lon="-75.6553180">
    <ele>1463.1</ele>
   </trkpt>
   <trkpt lat="4.7987920" lon="-75.6553280">
    <ele>1463.1</ele>
   </trkpt>
   <trkpt lat="4.7987800" lon="-75.6553310">
    <ele>1463.1</ele>
   </trkpt>
   <trkpt lat="4.7987650" lon="-75.6553270">
    <ele>1463.0</ele>
   </trkpt>
   <trkpt lat="4.7987530" lon="-75.6553250">
    <ele>1463.0</ele>
   </trkpt>
   <trkpt lat="4.7987420" lon="-75.6553240">
    <ele>1463.0</ele>
   </trkpt>
   <trkpt lat="4.7987310" lon="-75.6553220">
    <ele>1463.0</ele>
   </trkpt>
   <trkpt lat="4.7987220" lon="-75.6553190">
    <ele>1462.9</ele>
   </trkpt>
   <trkpt lat="4.7987160" lon="-75.6553140">
    <ele>1462.8</ele>
   </trkpt>
   <trkpt lat="4.7987100" lon="-75.6553070">
    <ele>1462.8</ele>
   </trkpt>
   <trkpt lat="4.7987050" lon="-75.6553020">
    <ele>1462.7</ele>
   </trkpt>
   <trkpt lat="4.7987010" lon="-75.6553000">
    <ele>1462.7</ele>
   </trkpt>
   <trkpt lat="4.7986950" lon="-75.6552970">
    <ele>1462.6</ele>
   </trkpt>
   <trkpt lat="4.7986890" lon="-75.6552920">
    <ele>1462.5</ele>
   </trkpt>
   <trkpt lat="4.7986820" lon="-75.6552850">
    <ele>1462.4</ele>
   </trkpt>
   <trkpt lat="4.7986740" lon="-75.6552800">
    <ele>1462.3</ele>
   </trkpt>
   <trkpt lat="4.7986620" lon="-75.6552740">
    <ele>1462.3</ele>
   </trkpt>
   <trkpt lat="4.7986580" lon="-75.6552710">
    <ele>1462.3</ele>
   </trkpt>
   <trkpt lat="4.7986550" lon="-75.6552630">
    <ele>1462.3</ele>
   </trkpt>
   <trkpt lat="4.7986510" lon="-75.6552560">
    <ele>1462.3</ele>
   </trkpt>
   <trkpt lat="4.7986460" lon="-75.6552510">
    <ele>1462.4</ele>
   </trkpt>
   <trkpt lat="4.7986420" lon="-75.6552450">
    <ele>1462.4</ele>
   </trkpt>
   <trkpt lat="4.7986380" lon="-75.6552370">
    <ele>1462.4</ele>
   </trkpt>
   <trkpt lat="4.7986320" lon="-75.6552320">
    <ele>1462.5</ele>
   </trkpt>
   <trkpt lat="4.7986260" lon="-75.6552300">
    <ele>1462.5</ele>
   </trkpt>
   <trkpt lat="4.7986200" lon="-75.6552280">
    <ele>1462.5</ele>
   </trkpt>
   <trkpt lat="4.7986140" lon="-75.6552250">
    <ele>1462.5</ele>
   </trkpt>
   <trkpt lat="4.7986080" lon="-75.6552190">
    <ele>1462.6</ele>
   </trkpt>
   <trkpt lat="4.7986030" lon="-75.6552190">
    <ele>1462.6</ele>
   </trkpt>
   <trkpt lat="4.7985970" lon="-75.6552150">
    <ele>1462.6</ele>
   </trkpt>
   <trkpt lat="4.7985910" lon="-75.6552100">
    <ele>1462.6</ele>
   </trkpt>
   <trkpt lat="4.7985870" lon="-75.6552050">
    <ele>1462.7</ele>
   </trkpt>
   <trkpt lat="4.7985830" lon="-75.6551990">
    <ele>1462.7</ele>
   </trkpt>
   <trkpt lat="4.7985760" lon="-75.6551970">
    <ele>1462.7</ele>
   </trkpt>
   <trkpt lat="4.7985700" lon="-75.6552030">
    <ele>1462.7</ele>
   </trkpt>
   <trkpt lat="4.7985640" lon="-75.6552110">
    <ele>1462.8</ele>
   </trkpt>
   <trkpt lat="4.7985580" lon="-75.6552110">
    <ele>1462.8</ele>
   </trkpt>
   <trkpt lat="4.7985480" lon="-75.6552170">
    <ele>1462.8</ele>
   </trkpt>
   <trkpt lat="4.7985360" lon="-75.6552250">
    <ele>1462.9</ele>
   </trkpt>
   <trkpt lat="4.7985240" lon="-75.6552310">
    <ele>1462.9</ele>
   </trkpt>
   <trkpt lat="4.7985130" lon="-75.6552350">
    <ele>1463.0</ele>
   </trkpt>
   <trkpt lat="4.7985020" lon="-75.6552370">
    <ele>1463.0</ele>
   </trkpt>
   <trkpt lat="4.7984860" lon="-75.6552380">
    <ele>1463.1</ele>
   </trkpt>
   <trkpt lat="4.7984800" lon="-75.6552390">
    <ele>1463.1</ele>
   </trkpt>
   <trkpt lat="4.7984710" lon="-75.6552370">
    <ele>1463.2</ele>
   </trkpt>
   <trkpt lat="4.7984640" lon="-75.6552310">
    <ele>1463.2</ele>
   </trkpt>
   <trkpt lat="4.7984570" lon="-75.6552260">
    <ele>1463.3</ele>
   </trkpt>
   <trkpt lat="4.7984540" lon="-75.6552200">
    <ele>1463.3</ele>
   </trkpt>
   <trkpt lat="4.7984500" lon="-75.6552120">
    <ele>1463.3</ele>
   </trkpt>
   <trkpt lat="4.7984470" lon="-75.6552030">
    <ele>1463.4</ele>
   </trkpt>
   <trkpt lat="4.7984450" lon="-75.6551990">
    <ele>1463.4</ele>
   </trkpt>
   <trkpt lat="4.7984390" lon="-75.6551940">
    <ele>1463.4</ele>
   </trkpt>
   <trkpt lat="4.7984330" lon="-75.6551900">
    <ele>1463.4</ele>
   </trkpt>
   <trkpt lat="4.7984310" lon="-75.6551810">
    <ele>1463.5</ele>
   </trkpt>
   <trkpt lat="4.7984270" lon="-75.6551740">
    <ele>1463.5</ele>
   </trkpt>
   <trkpt lat="4.7984210" lon="-75.6551690">
    <ele>1463.6</ele>
   </trkpt>
   <trkpt lat="4.7984170" lon="-75.6551650">
    <ele>1463.6</ele>
   </trkpt>
   <trkpt lat="4.7984120" lon="-75.6551580">
    <ele>1463.6</ele>
   </trkpt>
   <trkpt lat="4.7984110" lon="-75.6551490">
    <ele>1463.7</ele>
   </trkpt>
   <trkpt lat="4.7984100" lon="-75.6551400">
    <ele>1463.7</ele>
   </trkpt>
   <trkpt lat="4.7984110" lon="-75.6551360">
    <ele>1463.7</ele>
   </trkpt>
   <trkpt lat="4.7984110" lon="-75.6551370">
    <ele>1463.7</ele>
   </trkpt>
   <trkpt lat="4.7984120" lon="-75.6551390">
    <ele>1463.7</ele>
   </trkpt>
   <trkpt lat="4.7984110" lon="-75.6551370">
    <ele>1463.7</ele>
   </trkpt>
   <trkpt lat="4.7984060" lon="-75.6551350">
    <ele>1463.8</ele>
   </trkpt>
   <trkpt lat="4.7983990" lon="-75.6551350">
    <ele>1463.8</ele>
   </trkpt>
   <trkpt lat="4.7983900" lon="-75.6551230">
    <ele>1463.9</ele>
   </trkpt>
   <trkpt lat="4.7983820" lon="-75.6551150">
    <ele>1463.9</ele>
   </trkpt>
   <trkpt lat="4.7983740" lon="-75.6551090">
    <ele>1464.0</ele>
   </trkpt>
   <trkpt lat="4.7983670" lon="-75.6551060">
    <ele>1464.0</ele>
   </trkpt>
   <trkpt lat="4.7983590" lon="-75.6550960">
    <ele>1464.1</ele>
   </trkpt>
   <trkpt lat="4.7983520" lon="-75.6550890">
    <ele>1464.1</ele>
   </trkpt>
   <trkpt lat="4.7983440" lon="-75.6550840">
    <ele>1464.2</ele>
   </trkpt>
   <trkpt lat="4.7983390" lon="-75.6550750">
    <ele>1464.2</ele>
   </trkpt>
   <trkpt lat="4.7983320" lon="-75.6550650">
    <ele>1464.3</ele>
   </trkpt>
   <trkpt lat="4.7983260" lon="-75.6550570">
    <ele>1464.3</ele>
   </trkpt>
   <trkpt lat="4.7983190" lon="-75.6550500">
    <ele>1464.4</ele>
   </trkpt>
   <trkpt lat="4.7983140" lon="-75.6550390">
    <ele>1464.5</ele>
   </trkpt>
   <trkpt lat="4.7983100" lon="-75.6550280">
    <ele>1464.5</ele>
   </trkpt>
   <trkpt lat="4.7983090" lon="-75.6550180">
    <ele>1464.6</ele>
   </trkpt>
   <trkpt lat="4.7983080" lon="-75.6550040">
    <ele>1464.7</ele>
   </trkpt>
   <trkpt lat="4.7983090" lon="-75.6550000">
    <ele>1464.7</ele>
   </trkpt>
   <trkpt lat="4.7983100" lon="-75.6549930">
    <ele>1464.7</ele>
   </trkpt>
   <trkpt lat="4.7983120" lon="-75.6549860">
    <ele>1464.8</ele>
   </trkpt>
   <trkpt lat="4.7983140" lon="-75.6549780">
    <ele>1464.8</ele>
   </trkpt>
   <trkpt lat="4.7983150" lon="-75.6549700">
    <ele>1464.9</ele>
   </trkpt>
   <trkpt lat="4.7983130" lon="-75.6549620">
    <ele>1464.9</ele>
   </trkpt>
   <trkpt lat="4.7983140" lon="-75.6549510">
    <ele>1465.0</ele>
   </trkpt>
   <trkpt lat="4.7983110" lon="-75.6549440">
    <ele>1465.0</ele>
   </trkpt>
   <trkpt lat="4.7983090" lon="-75.6549360">
    <ele>1465.1</ele>
   </trkpt>
   <trkpt lat="4.7983060" lon="-75.6549290">
    <ele>1465.1</ele>
   </trkpt>
   <trkpt lat="4.7983030" lon="-75.6549220">
    <ele>1465.2</ele>
   </trkpt>
   <trkpt lat="4.7983040" lon="-75.6549170">
    <ele>1465.2</ele>
   </trkpt>
   <trkpt lat="4.7983120" lon="-75.6549140">
    <ele>1465.2</ele>
   </trkpt>
   <trkpt lat="4.7983130" lon="-75.6549150">
    <ele>1465.3</ele>
   </trkpt>
   <trkpt lat="4.7983140" lon="-75.6549150">
    <ele>1465.3</ele>
   </trkpt>
   <trkpt lat="4.7983130" lon="-75.6549150">
    <ele>1465.3</ele>
   </trkpt>
   <trkpt lat="4.7983140" lon="-75.6549150">
    <ele>1465.3</ele>
   </trkpt>
   <trkpt lat="4.7983140" lon="-75.6549150">
    <ele>1465.3</ele>
   </trkpt>
   <trkpt lat="4.7983130" lon="-75.6549160">
    <ele>1465.3</ele>
   </trkpt>
   <trkpt lat="4.7983120" lon="-75.6549160">
    <ele>1465.3</ele>
   </trkpt>
   <trkpt lat="4.7983110" lon="-75.6549170">
    <ele>1465.3</ele>
   </trkpt>
   <trkpt lat="4.7983100" lon="-75.6549170">
    <ele>1465.3</ele>
   </trkpt>
   <trkpt lat="4.7983080" lon="-75.6549170">
    <ele>1465.3</ele>
   </trkpt>
   <trkpt lat="4.7983080" lon="-75.6549160">
    <ele>1465.3</ele>
   </trkpt>
   <trkpt lat="4.7982950" lon="-75.6549070">
    <ele>1465.4</ele>
   </trkpt>
   <trkpt lat="4.7982920" lon="-75.6549020">
    <ele>1465.4</ele>
   </trkpt>
   <trkpt lat="4.7982840" lon="-75.6548850">
    <ele>1465.6</ele>
   </trkpt>
   <trkpt lat="4.7982780" lon="-75.6548750">
    <ele>1465.6</ele>
   </trkpt>
   <trkpt lat="4.7982720" lon="-75.6548660">
    <ele>1465.7</ele>
   </trkpt>
   <trkpt lat="4.7982670" lon="-75.6548580">
    <ele>1465.7</ele>
   </trkpt>
   <trkpt lat="4.7982600" lon="-75.6548520">
    <ele>1465.8</ele>
   </trkpt>
   <trkpt lat="4.7982550" lon="-75.6548460">
    <ele>1465.8</ele>
   </trkpt>
   <trkpt lat="4.7982520" lon="-75.6548400">
    <ele>1465.9</ele>
   </trkpt>
   <trkpt lat="4.7982490" lon="-75.6548320">
    <ele>1465.9</ele>
   </trkpt>
   <trkpt lat="4.7982470" lon="-75.6548240">
    <ele>1466.0</ele>
   </trkpt>
   <trkpt lat="4.7982410" lon="-75.6548120">
    <ele>1466.1</ele>
   </trkpt>
   <trkpt lat="4.7982380" lon="-75.6548060">
    <ele>1466.1</ele>
   </trkpt>
   <trkpt lat="4.7982330" lon="-75.6547970">
    <ele>1466.1</ele>
   </trkpt>
   <trkpt lat="4.7982280" lon="-75.6547880">
    <ele>1466.2</ele>
   </trkpt>
   <trkpt lat="4.7982230" lon="-75.6547780">
    <ele>1466.3</ele>
   </trkpt>
   <trkpt lat="4.7982170" lon="-75.6547680">
    <ele>1466.3</ele>
   </trkpt>
   <trkpt lat="4.7982100" lon="-75.6547560">
    <ele>1466.4</ele>
   </trkpt>
   <trkpt lat="4.7982070" lon="-75.6547500">
    <ele>1466.4</ele>
   </trkpt>
   <trkpt lat="4.7982000" lon="-75.6547430">
    <ele>1466.5</ele>
   </trkpt>
   <trkpt lat="4.7981930" lon="-75.6547350">
    <ele>1466.5</ele>
   </trkpt>
   <trkpt lat="4.7981860" lon="-75.6547270">
    <ele>1466.6</ele>
   </trkpt>
   <trkpt lat="4.7981810" lon="-75.6547170">
    <ele>1466.6</ele>
   </trkpt>
   <trkpt lat="4.7981730" lon="-75.6547050">
    <ele>1466.7</ele>
   </trkpt>
   <trkpt lat="4.7981810" lon="-75.6547010">
    <ele>1466.7</ele>
   </trkpt>
   <trkpt lat="4.7981800" lon="-75.6546930">
    <ele>1466.8</ele>
   </trkpt>
   <trkpt lat="4.7981780" lon="-75.6546820">
    <ele>1466.8</ele>
   </trkpt>
   <trkpt lat="4.7981760" lon="-75.6546710">
    <ele>1466.9</ele>
   </trkpt>
   <trkpt lat="4.7981740" lon="-75.6546580">
    <ele>1466.9</ele>
   </trkpt>
   <trkpt lat="4.7981720" lon="-75.6546470">
    <ele>1467.0</ele>
   </trkpt>
   <trkpt lat="4.7981710" lon="-75.6546330">
    <ele>1467.0</ele>
   </trkpt>
   <trkpt lat="4.7981710" lon="-75.6546240">
    <ele>1467.0</ele>
   </trkpt>
   <trkpt lat="4.7981710" lon="-75.6546140">
    <ele>1467.1</ele>
   </trkpt>
   <trkpt lat="4.7981700" lon="-75.6546030">
    <ele>1467.1</ele>
   </trkpt>
   <trkpt lat="4.7981670" lon="-75.6545920">
    <ele>1467.2</ele>
   </trkpt>
   <trkpt lat="4.7981630" lon="-75.6545810">
    <ele>1467.2</ele>
   </trkpt>
   <trkpt lat="4.7981580" lon="-75.6545670">
    <ele>1467.3</ele>
   </trkpt>
   <trkpt lat="4.7981550" lon="-75.6545590">
    <ele>1467.3</ele>
   </trkpt>
   <trkpt lat="4.7981520" lon="-75.6545490">
    <ele>1467.3</ele>
   </trkpt>
   <trkpt lat="4.7981480" lon="-75.6545400">
    <ele>1467.4</ele>
   </trkpt>
   <trkpt lat="4.7981450" lon="-75.6545300">
    <ele>1467.4</ele>
   </trkpt>
   <trkpt lat="4.7981410" lon="-75.6545200">
    <ele>1467.4</ele>
   </trkpt>
   <trkpt lat="4.7981360" lon="-75.6545090">
    <ele>1467.4</ele>
   </trkpt>
   <trkpt lat="4.7981300" lon="-75.6544990">
    <ele>1467.5</ele>
   </trkpt>
   <trkpt lat="4.7981260" lon="-75.6544900">
    <ele>1467.5</ele>
   </trkpt>
   <trkpt lat="4.7981200" lon="-75.6544860">
    <ele>1467.5</ele>
   </trkpt>
   <trkpt lat="4.7981150" lon="-75.6544800">
    <ele>1467.5</ele>
   </trkpt>
   <trkpt lat="4.7981070" lon="-75.6544740">
    <ele>1467.5</ele>
   </trkpt>
   <trkpt lat="4.7980990" lon="-75.6544690">
    <ele>1467.5</ele>
   </trkpt>
   <trkpt lat="4.7980830" lon="-75.6544670">
    <ele>1467.5</ele>
   </trkpt>
   <trkpt lat="4.7980770" lon="-75.6544620">
    <ele>1467.6</ele>
   </trkpt>
   <trkpt lat="4.7980660" lon="-75.6544610">
    <ele>1467.6</ele>
   </trkpt>
   <trkpt lat="4.7980570" lon="-75.6544580">
    <ele>1467.6</ele>
   </trkpt>
   <trkpt lat="4.7980500" lon="-75.6544520">
    <ele>1467.6</ele>
   </trkpt>
   <trkpt lat="4.7980440" lon="-75.6544450">
    <ele>1467.6</ele>
   </trkpt>
   <trkpt lat="4.7980390" lon="-75.6544360">
    <ele>1467.6</ele>
   </trkpt>
   <trkpt lat="4.7980340" lon="-75.6544250">
    <ele>1467.6</ele>
   </trkpt>
   <trkpt lat="4.7980300" lon="-75.6544160">
    <ele>1467.6</ele>
   </trkpt>
   <trkpt lat="4.7980260" lon="-75.6544070">
    <ele>1467.7</ele>
   </trkpt>
   <trkpt lat="4.7980210" lon="-75.6543990">
    <ele>1467.7</ele>
   </trkpt>
   <trkpt lat="4.7980160" lon="-75.6543890">
    <ele>1467.7</ele>
   </trkpt>
   <trkpt lat="4.7980120" lon="-75.6543800">
    <ele>1467.7</ele>
   </trkpt>
   <trkpt lat="4.7980070" lon="-75.6543690">
    <ele>1467.7</ele>
   </trkpt>
   <trkpt lat="4.7980030" lon="-75.6543610">
    <ele>1467.7</ele>
   </trkpt>
   <trkpt lat="4.7979970" lon="-75.6543530">
    <ele>1467.7</ele>
   </trkpt>
   <trkpt lat="4.7979900" lon="-75.6543430">
    <ele>1467.7</ele>
   </trkpt>
   <trkpt lat="4.7979830" lon="-75.6543340">
    <ele>1467.7</ele>
   </trkpt>
   <trkpt lat="4.7979780" lon="-75.6543250">
    <ele>1467.8</ele>
   </trkpt>
   <trkpt lat="4.7979720" lon="-75.6543150">
    <ele>1467.8</ele>
   </trkpt>
   <trkpt lat="4.7979650" lon="-75.6543030">
    <ele>1467.8</ele>
   </trkpt>
   <trkpt lat="4.7979610" lon="-75.6542950">
    <ele>1467.8</ele>
   </trkpt>
   <trkpt lat="4.7979560" lon="-75.6542860">
    <ele>1467.8</ele>
   </trkpt>
   <trkpt lat="4.7979510" lon="-75.6542770">
    <ele>1467.8</ele>
   </trkpt>
   <trkpt lat="4.7979470" lon="-75.6542670">
    <ele>1467.8</ele>
   </trkpt>
   <trkpt lat="4.7979410" lon="-75.6542570">
    <ele>1467.8</ele>
   </trkpt>
   <trkpt lat="4.7979450" lon="-75.6542500">
    <ele>1467.8</ele>
   </trkpt>
   <trkpt lat="4.7979550" lon="-75.6542530">
    <ele>1467.9</ele>
   </trkpt>
   <trkpt lat="4.7979560" lon="-75.6542470">
    <ele>1467.9</ele>
   </trkpt>
   <trkpt lat="4.7979550" lon="-75.6542390">
    <ele>1467.9</ele>
   </trkpt>
   <trkpt lat="4.7979530" lon="-75.6542300">
    <ele>1467.9</ele>
   </trkpt>
   <trkpt lat="4.7979510" lon="-75.6542210">
    <ele>1467.9</ele>
   </trkpt>
   <trkpt lat="4.7979480" lon="-75.6542130">
    <ele>1467.9</ele>
   </trkpt>
   <trkpt lat="4.7979430" lon="-75.6542010">
    <ele>1467.9</ele>
   </trkpt>
   <trkpt lat="4.7979390" lon="-75.6541910">
    <ele>1467.9</ele>
   </trkpt>
   <trkpt lat="4.7979360" lon="-75.6541850">
    <ele>1467.9</ele>
   </trkpt>
   <trkpt lat="4.7979330" lon="-75.6541830">
    <ele>1467.9</ele>
   </trkpt>
   <trkpt lat="4.7979290" lon="-75.6541750">
    <ele>1467.9</ele>
   </trkpt>
   <trkpt lat="4.7979300" lon="-75.6541720">
    <ele>1468.0</ele>
   </trkpt>
   <trkpt lat="4.7979300" lon="-75.6541660">
    <ele>1468.0</ele>
   </trkpt>
   <trkpt lat="4.7979300" lon="-75.6541610">
    <ele>1468.0</ele>
   </trkpt>
   <trkpt lat="4.7979290" lon="-75.6541540">
    <ele>1468.0</ele>
   </trkpt>
   <trkpt lat="4.7979290" lon="-75.6541480">
    <ele>1468.0</ele>
   </trkpt>
   <trkpt lat="4.7979290" lon="-75.6541410">
    <ele>1468.0</ele>
   </trkpt>
   <trkpt lat="4.7979290" lon="-75.6541350">
    <ele>1468.0</ele>
   </trkpt>
   <trkpt lat="4.7979290" lon="-75.6541260">
    <ele>1468.0</ele>
   </trkpt>
   <trkpt lat="4.7979310" lon="-75.6541190">
    <ele>1468.0</ele>
   </trkpt>
   <trkpt lat="4.7979330" lon="-75.6541110">
    <ele>1468.0</ele>
   </trkpt>
   <trkpt lat="4.7979370" lon="-75.6541060">
    <ele>1468.0</ele>
   </trkpt>
   <trkpt lat="4.7979380" lon="-75.6541000">
    <ele>1468.0</ele>
   </trkpt>
   <trkpt lat="4.7979370" lon="-75.6540940">
    <ele>1468.0</ele>
   </trkpt>
   <trkpt lat="4.7979370" lon="-75.6540870">
    <ele>1468.0</ele>
   </trkpt>
   <trkpt lat="4.7979360" lon="-75.6540810">
    <ele>1468.0</ele>
   </trkpt>
   <trkpt lat="4.7979350" lon="-75.6540740">
    <ele>1468.0</ele>
   </trkpt>
   <trkpt lat="4.7979310" lon="-75.6540670">
    <ele>1468.1</ele>
   </trkpt>
   <trkpt lat="4.7979250" lon="-75.6540590">
    <ele>1468.1</ele>
   </trkpt>
   <trkpt lat="4.7979190" lon="-75.6540520">
    <ele>1468.1</ele>
   </trkpt>
   <trkpt lat="4.7979140" lon="-75.6540420">
    <ele>1468.1</ele>
   </trkpt>
   <trkpt lat="4.7979050" lon="-75.6540360">
    <ele>1468.1</ele>
   </trkpt>
   <trkpt lat="4.7978960" lon="-75.6540290">
    <ele>1468.1</ele>
   </trkpt>
   <trkpt lat="4.7978870" lon="-75.6540250">
    <ele>1468.1</ele>
   </trkpt>
   <trkpt lat="4.7978780" lon="-75.6540200">
    <ele>1468.1</ele>
   </trkpt>
   <trkpt lat="4.7978690" lon="-75.6540150">
    <ele>1468.1</ele>
   </trkpt>
   <trkpt lat="4.7978610" lon="-75.6540080">
    <ele>1468.1</ele>
   </trkpt>
   <trkpt lat="4.7978510" lon="-75.6540010">
    <ele>1468.1</ele>
   </trkpt>
   <trkpt lat="4.7978400" lon="-75.6539940">
    <ele>1468.1</ele>
   </trkpt>
   <trkpt lat="4.7978310" lon="-75.6539870">
    <ele>1468.2</ele>
   </trkpt>
   <trkpt lat="4.7978240" lon="-75.6539790">
    <ele>1468.2</ele>
   </trkpt>
   <trkpt lat="4.7978180" lon="-75.6539710">
    <ele>1468.2</ele>
   </trkpt>
   <trkpt lat="4.7978130" lon="-75.6539620">
    <ele>1468.2</ele>
   </trkpt>
   <trkpt lat="4.7978080" lon="-75.6539530">
    <ele>1468.2</ele>
   </trkpt>
   <trkpt lat="4.7978030" lon="-75.6539430">
    <ele>1468.2</ele>
   </trkpt>
   <trkpt lat="4.7977970" lon="-75.6539330">
    <ele>1468.2</ele>
   </trkpt>
   <trkpt lat="4.7977910" lon="-75.6539230">
    <ele>1468.2</ele>
   </trkpt>
   <trkpt lat="4.7977890" lon="-75.6539100">
    <ele>1468.2</ele>
   </trkpt>
   <trkpt lat="4.7977890" lon="-75.6539040">
    <ele>1468.2</ele>
   </trkpt>
   <trkpt lat="4.7977890" lon="-75.6538940">
    <ele>1468.2</ele>
   </trkpt>
   <trkpt lat="4.7977910" lon="-75.6538840">
    <ele>1468.2</ele>
   </trkpt>
   <trkpt lat="4.7977940" lon="-75.6538740">
    <ele>1468.2</ele>
   </trkpt>
   <trkpt lat="4.7977960" lon="-75.6538640">
    <ele>1468.2</ele>
   </trkpt>
   <trkpt lat="4.7977970" lon="-75.6538520">
    <ele>1468.2</ele>
   </trkpt>
   <trkpt lat="4.7977960" lon="-75.6538430">
    <ele>1468.2</ele>
   </trkpt>
   <trkpt lat="4.7977980" lon="-75.6538330">
    <ele>1468.2</ele>
   </trkpt>
   <trkpt lat="4.7978030" lon="-75.6538230">
    <ele>1468.2</ele>
   </trkpt>
   <trkpt lat="4.7978040" lon="-75.6538160">
    <ele>1468.2</ele>
   </trkpt>
   <trkpt lat="4.7978020" lon="-75.6538060">
    <ele>1468.2</ele>
   </trkpt>
   <trkpt lat="4.7978000" lon="-75.6537940">
    <ele>1468.3</ele>
   </trkpt>
   <trkpt lat="4.7977990" lon="-75.6537870">
    <ele>1468.3</ele>
   </trkpt>
   <trkpt lat="4.7977980" lon="-75.6537780">
    <ele>1468.3</ele>
   </trkpt>
   <trkpt lat="4.7977960" lon="-75.6537680">
    <ele>1468.3</ele>
   </trkpt>
   <trkpt lat="4.7977940" lon="-75.6537580">
    <ele>1468.3</ele>
   </trkpt>
   <trkpt lat="4.7977910" lon="-75.6537490">
    <ele>1468.3</ele>
   </trkpt>
   <trkpt lat="4.7977890" lon="-75.6537400">
    <ele>1468.3</ele>
   </trkpt>
   <trkpt lat="4.7977870" lon="-75.6537310">
    <ele>1468.3</ele>
   </trkpt>
   <trkpt lat="4.7977840" lon="-75.6537210">
    <ele>1468.3</ele>
   </trkpt>
   <trkpt lat="4.7977770" lon="-75.6537100">
    <ele>1468.3</ele>
   </trkpt>
   <trkpt lat="4.7977670" lon="-75.6537050">
    <ele>1468.3</ele>
   </trkpt>
   <trkpt lat="4.7977560" lon="-75.6536980">
    <ele>1468.3</ele>
   </trkpt>
   <trkpt lat="4.7977460" lon="-75.6536910">
    <ele>1468.3</ele>
   </trkpt>
   <trkpt lat="4.7977390" lon="-75.6536810">
    <ele>1468.3</ele>
   </trkpt>
   <trkpt lat="4.7977300" lon="-75.6536660">
    <ele>1468.4</ele>
   </trkpt>
   <trkpt lat="4.7977270" lon="-75.6536580">
    <ele>1468.4</ele>
   </trkpt>
   <trkpt lat="4.7977220" lon="-75.6536480">
    <ele>1468.4</ele>
   </trkpt>
   <trkpt lat="4.7977150" lon="-75.6536380">
    <ele>1468.4</ele>
   </trkpt>
   <trkpt lat="4.7977070" lon="-75.6536280">
    <ele>1468.4</ele>
   </trkpt>
   <trkpt lat="4.7977020" lon="-75.6536190">
    <ele>1468.4</ele>
   </trkpt>
   <trkpt lat="4.7976990" lon="-75.6536100">
    <ele>1468.4</ele>
   </trkpt>
   <trkpt lat="4.7976920" lon="-75.6535960">
    <ele>1468.4</ele>
   </trkpt>
   <trkpt lat="4.7976900" lon="-75.6535850">
    <ele>1468.4</ele>
   </trkpt>
   <trkpt lat="4.7976920" lon="-75.6535760">
    <ele>1468.4</ele>
   </trkpt>
   <trkpt lat="4.7976940" lon="-75.6535660">
    <ele>1468.4</ele>
   </trkpt>
   <trkpt lat="4.7976970" lon="-75.6535500">
    <ele>1468.4</ele>
   </trkpt>
   <trkpt lat="4.7976970" lon="-75.6535440">
    <ele>1468.4</ele>
   </trkpt>
   <trkpt lat="4.7976960" lon="-75.6535340">
    <ele>1468.4</ele>
   </trkpt>
   <trkpt lat="4.7976940" lon="-75.6535230">
    <ele>1468.4</ele>
   </trkpt>
   <trkpt lat="4.7976940" lon="-75.6535120">
    <ele>1468.4</ele>
   </trkpt>
   <trkpt lat="4.7976940" lon="-75.6535010">
    <ele>1468.4</ele>
   </trkpt>
   <trkpt lat="4.7976950" lon="-75.6534890">
    <ele>1468.4</ele>
   </trkpt>
   <trkpt lat="4.7976920" lon="-75.6534780">
    <ele>1468.4</ele>
   </trkpt>
   <trkpt lat="4.7976930" lon="-75.6534690">
    <ele>1468.4</ele>
   </trkpt>
   <trkpt lat="4.7976930" lon="-75.6534600">
    <ele>1468.4</ele>
   </trkpt>
   <trkpt lat="4.7976930" lon="-75.6534510">
    <ele>1468.4</ele>
   </trkpt>
   <trkpt lat="4.7976930" lon="-75.6534410">
    <ele>1468.4</ele>
   </trkpt>
   <trkpt lat="4.7976930" lon="-75.6534320">
    <ele>1468.4</ele>
   </trkpt>
   <trkpt lat="4.7976920" lon="-75.6534230">
    <ele>1468.4</ele>
   </trkpt>
   <trkpt lat="4.7976900" lon="-75.6534130">
    <ele>1468.4</ele>
   </trkpt>
   <trkpt lat="4.7976900" lon="-75.6534040">
    <ele>1468.4</ele>
   </trkpt>
   <trkpt lat="4.7976910" lon="-75.6533960">
    <ele>1468.4</ele>
   </trkpt>
   <trkpt lat="4.7976890" lon="-75.6533900">
    <ele>1468.4</ele>
   </trkpt>
   <trkpt lat="4.7976850" lon="-75.6533810">
    <ele>1468.4</ele>
   </trkpt>
   <trkpt lat="4.7976810" lon="-75.6533700">
    <ele>1468.4</ele>
   </trkpt>
   <trkpt lat="4.7976780" lon="-75.6533620">
    <ele>1468.4</ele>
   </trkpt>
   <trkpt lat="4.7976750" lon="-75.6533500">
    <ele>1468.4</ele>
   </trkpt>
   <trkpt lat="4.7976720" lon="-75.6533440">
    <ele>1468.4</ele>
   </trkpt>
   <trkpt lat="4.7976710" lon="-75.6533400">
    <ele>1468.4</ele>
   </trkpt>
   <trkpt lat="4.7976700" lon="-75.6533380">
    <ele>1468.4</ele>
   </trkpt>
   <trkpt lat="4.7976670" lon="-75.6533320">
    <ele>1468.4</ele>
   </trkpt>
   <trkpt lat="4.7976630" lon="-75.6533250">
    <ele>1468.4</ele>
   </trkpt>
   <trkpt lat="4.7976580" lon="-75.6533160">
    <ele>1468.3</ele>
   </trkpt>
   <trkpt lat="4.7976540" lon="-75.6533100">
    <ele>1468.3</ele>
   </trkpt>
   <trkpt lat="4.7976500" lon="-75.6533040">
    <ele>1468.3</ele>
   </trkpt>
   <trkpt lat="4.7976470" lon="-75.6532970">
    <ele>1468.3</ele>
   </trkpt>
   <trkpt lat="4.7976450" lon="-75.6532910">
    <ele>1468.3</ele>
   </trkpt>
   <trkpt lat="4.7976450" lon="-75.6532840">
    <ele>1468.3</ele>
   </trkpt>
   <trkpt lat="4.7976430" lon="-75.6532760">
    <ele>1468.3</ele>
   </trkpt>
   <trkpt lat="4.7976420" lon="-75.6532720">
    <ele>1468.3</ele>
   </trkpt>
   <trkpt lat="4.7976380" lon="-75.6532640">
    <ele>1468.3</ele>
   </trkpt>
   <trkpt lat="4.7976320" lon="-75.6532560">
    <ele>1468.3</ele>
   </trkpt>
   <trkpt lat="4.7976250" lon="-75.6532470">
    <ele>1468.3</ele>
   </trkpt>
   <trkpt lat="4.7976180" lon="-75.6532370">
    <ele>1468.3</ele>
   </trkpt>
   <trkpt lat="4.7976110" lon="-75.6532270">
    <ele>1468.3</ele>
   </trkpt>
   <trkpt lat="4.7976030" lon="-75.6532180">
    <ele>1468.3</ele>
   </trkpt>
   <trkpt lat="4.7975920" lon="-75.6532080">
    <ele>1468.3</ele>
   </trkpt>
   <trkpt lat="4.7975840" lon="-75.6531990">
    <ele>1468.3</ele>
   </trkpt>
   <trkpt lat="4.7975630" lon="-75.6531910">
    <ele>1468.3</ele>
   </trkpt>
   <trkpt lat="4.7975440" lon="-75.6531810">
    <ele>1468.3</ele>
   </trkpt>
   <trkpt lat="4.7975350" lon="-75.6531760">
    <ele>1468.3</ele>
   </trkpt>
   <trkpt lat="4.7975230" lon="-75.6531700">
    <ele>1468.3</ele>
   </trkpt>
   <trkpt lat="4.7975130" lon="-75.6531610">
    <ele>1468.3</ele>
   </trkpt>
   <trkpt lat="4.7975050" lon="-75.6531510">
    <ele>1468.3</ele>
   </trkpt>
   <trkpt lat="4.7974970" lon="-75.6531420">
    <ele>1468.3</ele>
   </trkpt>
   <trkpt lat="4.7974860" lon="-75.6531350">
    <ele>1468.3</ele>
   </trkpt>
   <trkpt lat="4.7974780" lon="-75.6531290">
    <ele>1468.3</ele>
   </trkpt>
   <trkpt lat="4.7974700" lon="-75.6531200">
    <ele>1468.3</ele>
   </trkpt>
   <trkpt lat="4.7974630" lon="-75.6531110">
    <ele>1468.4</ele>
   </trkpt>
   <trkpt lat="4.7974550" lon="-75.6531020">
    <ele>1468.4</ele>
   </trkpt>
   <trkpt lat="4.7974480" lon="-75.6530930">
    <ele>1468.4</ele>
   </trkpt>
   <trkpt lat="4.7974410" lon="-75.6530840">
    <ele>1468.4</ele>
   </trkpt>
   <trkpt lat="4.7974350" lon="-75.6530740">
    <ele>1468.4</ele>
   </trkpt>
   <trkpt lat="4.7974270" lon="-75.6530600">
    <ele>1468.4</ele>
   </trkpt>
   <trkpt lat="4.7974230" lon="-75.6530530">
    <ele>1468.4</ele>
   </trkpt>
   <trkpt lat="4.7974190" lon="-75.6530430">
    <ele>1468.4</ele>
   </trkpt>
   <trkpt lat="4.7974150" lon="-75.6530350">
    <ele>1468.4</ele>
   </trkpt>
   <trkpt lat="4.7974140" lon="-75.6530260">
    <ele>1468.4</ele>
   </trkpt>
   <trkpt lat="4.7974120" lon="-75.6530160">
    <ele>1468.5</ele>
   </trkpt>
   <trkpt lat="4.7974100" lon="-75.6530070">
    <ele>1468.5</ele>
   </trkpt>
   <trkpt lat="4.7974070" lon="-75.6529980">
    <ele>1468.5</ele>
   </trkpt>
   <trkpt lat="4.7974030" lon="-75.6529900">
    <ele>1468.5</ele>
   </trkpt>
   <trkpt lat="4.7973970" lon="-75.6529810">
    <ele>1468.5</ele>
   </trkpt>
   <trkpt lat="4.7973940" lon="-75.6529740">
    <ele>1468.5</ele>
   </trkpt>
   <trkpt lat="4.7973910" lon="-75.6529640">
    <ele>1468.5</ele>
   </trkpt>
   <trkpt lat="4.7973890" lon="-75.6529530">
    <ele>1468.5</ele>
   </trkpt>
   <trkpt lat="4.7973880" lon="-75.6529420">
    <ele>1468.5</ele>
   </trkpt>
   <trkpt lat="4.7973890" lon="-75.6529270">
    <ele>1468.6</ele>
   </trkpt>
   <trkpt lat="4.7973890" lon="-75.6529200">
    <ele>1468.6</ele>
   </trkpt>
   <trkpt lat="4.7973900" lon="-75.6529100">
    <ele>1468.6</ele>
   </trkpt>
   <trkpt lat="4.7973900" lon="-75.6528990">
    <ele>1468.6</ele>
   </trkpt>
   <trkpt lat="4.7973940" lon="-75.6528870">
    <ele>1468.6</ele>
   </trkpt>
   <trkpt lat="4.7973960" lon="-75.6528770">
    <ele>1468.6</ele>
   </trkpt>
   <trkpt lat="4.7973970" lon="-75.6528650">
    <ele>1468.6</ele>
   </trkpt>
   <trkpt lat="4.7973970" lon="-75.6528560">
    <ele>1468.6</ele>
   </trkpt>
   <trkpt lat="4.7973970" lon="-75.6528460">
    <ele>1468.6</ele>
   </trkpt>
   <trkpt lat="4.7973990" lon="-75.6528370">
    <ele>1468.6</ele>
   </trkpt>
   <trkpt lat="4.7974010" lon="-75.6528280">
    <ele>1468.7</ele>
   </trkpt>
   <trkpt lat="4.7974000" lon="-75.6528190">
    <ele>1468.7</ele>
   </trkpt>
   <trkpt lat="4.7974010" lon="-75.6528090">
    <ele>1468.7</ele>
   </trkpt>
   <trkpt lat="4.7974020" lon="-75.6527990">
    <ele>1468.7</ele>
   </trkpt>
   <trkpt lat="4.7974030" lon="-75.6527890">
    <ele>1468.7</ele>
   </trkpt>
   <trkpt lat="4.7974030" lon="-75.6527780">
    <ele>1468.7</ele>
   </trkpt>
   <trkpt lat="4.7974010" lon="-75.6527680">
    <ele>1468.7</ele>
   </trkpt>
   <trkpt lat="4.7973990" lon="-75.6527570">
    <ele>1468.7</ele>
   </trkpt>
   <trkpt lat="4.7973980" lon="-75.6527480">
    <ele>1468.7</ele>
   </trkpt>
   <trkpt lat="4.7973980" lon="-75.6527390">
    <ele>1468.7</ele>
   </trkpt>
   <trkpt lat="4.7973980" lon="-75.6527300">
    <ele>1468.7</ele>
   </trkpt>
   <trkpt lat="4.7973960" lon="-75.6527210">
    <ele>1468.7</ele>
   </trkpt>
   <trkpt lat="4.7973950" lon="-75.6527130">
    <ele>1468.7</ele>
   </trkpt>
   <trkpt lat="4.7973960" lon="-75.6527040">
    <ele>1468.7</ele>
   </trkpt>
   <trkpt lat="4.7973990" lon="-75.6527020">
    <ele>1468.8</ele>
   </trkpt>
   <trkpt lat="4.7974020" lon="-75.6527040">
    <ele>1468.8</ele>
   </trkpt>
   <trkpt lat="4.7974030" lon="-75.6527060">
    <ele>1468.8</ele>
   </trkpt>
   <trkpt lat="4.7974040" lon="-75.6527030">
    <ele>1468.8</ele>
   </trkpt>
   <trkpt lat="4.7974040" lon="-75.6527000">
    <ele>1468.8</ele>
   </trkpt>
   <trkpt lat="4.7974040" lon="-75.6526930">
    <ele>1468.8</ele>
   </trkpt>
   <trkpt lat="4.7974020" lon="-75.6526840">
    <ele>1468.8</ele>
   </trkpt>
   <trkpt lat="4.7973990" lon="-75.6526740">
    <ele>1468.8</ele>
   </trkpt>
   <trkpt lat="4.7973970" lon="-75.6526630">
    <ele>1468.8</ele>
   </trkpt>
   <trkpt lat="4.7973980" lon="-75.6526560">
    <ele>1468.8</ele>
   </trkpt>
   <trkpt lat="4.7973990" lon="-75.6526490">
    <ele>1468.8</ele>
   </trkpt>
   <trkpt lat="4.7974000" lon="-75.6526400">
    <ele>1468.8</ele>
   </trkpt>
   <trkpt lat="4.7974020" lon="-75.6526340">
    <ele>1468.8</ele>
   </trkpt>
   <trkpt lat="4.7974040" lon="-75.6526280">
    <ele>1468.8</ele>
   </trkpt>
   <trkpt lat="4.7974050" lon="-75.6526220">
    <ele>1468.8</ele>
   </trkpt>
   <trkpt lat="4.7974070" lon="-75.6526160">
    <ele>1468.8</ele>
   </trkpt>
   <trkpt lat="4.7974100" lon="-75.6526080">
    <ele>1468.8</ele>
   </trkpt>
   <trkpt lat="4.7974110" lon="-75.6526010">
    <ele>1468.8</ele>
   </trkpt>
   <trkpt lat="4.7974130" lon="-75.6525930">
    <ele>1468.8</ele>
   </trkpt>
   <trkpt lat="4.7974130" lon="-75.6525840">
    <ele>1468.9</ele>
   </trkpt>
   <trkpt lat="4.7974140" lon="-75.6525740">
    <ele>1468.9</ele>
   </trkpt>
   <trkpt lat="4.7974120" lon="-75.6525650">
    <ele>1468.9</ele>
   </trkpt>
   <trkpt lat="4.7974090" lon="-75.6525510">
    <ele>1468.9</ele>
   </trkpt>
   <trkpt lat="4.7974070" lon="-75.6525440">
    <ele>1468.9</ele>
   </trkpt>
   <trkpt lat="4.7974040" lon="-75.6525340">
    <ele>1468.9</ele>
   </trkpt>
   <trkpt lat="4.7974010" lon="-75.6525260">
    <ele>1468.9</ele>
   </trkpt>
   <trkpt lat="4.7974050" lon="-75.6525230">
    <ele>1468.9</ele>
   </trkpt>
   <trkpt lat="4.7974120" lon="-75.6525190">
    <ele>1468.9</ele>
   </trkpt>
   <trkpt lat="4.7974200" lon="-75.6525150">
    <ele>1468.9</ele>
   </trkpt>
   <trkpt lat="4.7974290" lon="-75.6525120">
    <ele>1468.9</ele>
   </trkpt>
   <trkpt lat="4.7974360" lon="-75.6525040">
    <ele>1469.0</ele>
   </trkpt>
   <trkpt lat="4.7974420" lon="-75.6524950">
    <ele>1469.0</ele>
   </trkpt>
   <trkpt lat="4.7974470" lon="-75.6524870">
    <ele>1469.0</ele>
   </trkpt>
   <trkpt lat="4.7974500" lon="-75.6524780">
    <ele>1469.0</ele>
   </trkpt>
   <trkpt lat="4.7974480" lon="-75.6524760">
    <ele>1469.0</ele>
   </trkpt>
   <trkpt lat="4.7974480" lon="-75.6524720">
    <ele>1469.0</ele>
   </trkpt>
   <trkpt lat="4.7974480" lon="-75.6524680">
    <ele>1469.0</ele>
   </trkpt>
   <trkpt lat="4.7974480" lon="-75.6524630">
    <ele>1469.0</ele>
   </trkpt>
   <trkpt lat="4.7974480" lon="-75.6524610">
    <ele>1469.0</ele>
   </trkpt>
   <trkpt lat="4.7974500" lon="-75.6524610">
    <ele>1469.0</ele>
   </trkpt>
   <trkpt lat="4.7974510" lon="-75.6524610">
    <ele>1469.0</ele>
   </trkpt>
   <trkpt lat="4.7974540" lon="-75.6524670">
    <ele>1469.0</ele>
   </trkpt>
   <trkpt lat="4.7974550" lon="-75.6524730">
    <ele>1469.0</ele>
   </trkpt>
   <trkpt lat="4.7974550" lon="-75.6524770">
    <ele>1469.0</ele>
   </trkpt>
   <trkpt lat="4.7974550" lon="-75.6524790">
    <ele>1469.0</ele>
   </trkpt>
   <trkpt lat="4.7974550" lon="-75.6524820">
    <ele>1469.1</ele>
   </trkpt>
   <trkpt lat="4.7974550" lon="-75.6524810">
    <ele>1469.1</ele>
   </trkpt>
   <trkpt lat="4.7974550" lon="-75.6524790">
    <ele>1469.1</ele>
   </trkpt>
   <trkpt lat="4.7974560" lon="-75.6524760">
    <ele>1469.1</ele>
   </trkpt>
   <trkpt lat="4.7974550" lon="-75.6524730">
    <ele>1469.1</ele>
   </trkpt>
   <trkpt lat="4.7974550" lon="-75.6524680">
    <ele>1469.1</ele>
   </trkpt>
   <trkpt lat="4.7974550" lon="-75.6524660">
    <ele>1469.1</ele>
   </trkpt>
   <trkpt lat="4.7974550" lon="-75.6524640">
    <ele>1469.1</ele>
   </trkpt>
   <trkpt lat="4.7974560" lon="-75.6524620">
    <ele>1469.1</ele>
   </trkpt>
   <trkpt lat="4.7974570" lon="-75.6524580">
    <ele>1469.1</ele>
   </trkpt>
   <trkpt lat="4.7974580" lon="-75.6524550">
    <ele>1469.1</ele>
   </trkpt>
   <trkpt lat="4.7974610" lon="-75.6524510">
    <ele>1469.1</ele>
   </trkpt>
   <trkpt lat="4.7974630" lon="-75.6524510">
    <ele>1469.1</ele>
   </trkpt>
   <trkpt lat="4.7974670" lon="-75.6524510">
    <ele>1469.1</ele>
   </trkpt>
   <trkpt lat="4.7974700" lon="-75.6524540">
    <ele>1469.1</ele>
   </trkpt>
   <trkpt lat="4.7974720" lon="-75.6524540">
    <ele>1469.1</ele>
   </trkpt>
   <trkpt lat="4.7974740" lon="-75.6524530">
    <ele>1469.1</ele>
   </trkpt>
   <trkpt lat="4.7974740" lon="-75.6524530">
    <ele>1469.1</ele>
   </trkpt>
   <trkpt lat="4.7974740" lon="-75.6524530">
    <ele>1469.1</ele>
   </trkpt>
   <trkpt lat="4.7974740" lon="-75.6524520">
    <ele>1469.1</ele>
   </trkpt>
   <trkpt lat="4.7974740" lon="-75.6524530">
    <ele>1469.1</ele>
   </trkpt>
   <trkpt lat="4.7974730" lon="-75.6524530">
    <ele>1469.1</ele>
   </trkpt>
   <trkpt lat="4.7974730" lon="-75.6524530">
    <ele>1469.1</ele>
   </trkpt>
   <trkpt lat="4.7974720" lon="-75.6524540">
    <ele>1469.1</ele>
   </trkpt>
   <trkpt lat="4.7974750" lon="-75.6524560">
    <ele>1469.1</ele>
   </trkpt>
   <trkpt lat="4.7974780" lon="-75.6524540">
    <ele>1469.1</ele>
   </trkpt>
   <trkpt lat="4.7974840" lon="-75.6524520">
    <ele>1469.1</ele>
   </trkpt>
   <trkpt lat="4.7974890" lon="-75.6524470">
    <ele>1469.2</ele>
   </trkpt>
   <trkpt lat="4.7974910" lon="-75.6524360">
    <ele>1469.2</ele>
   </trkpt>
   <trkpt lat="4.7974900" lon="-75.6524320">
    <ele>1469.2</ele>
   </trkpt>
   <trkpt lat="4.7974880" lon="-75.6524340">
    <ele>1469.2</ele>
   </trkpt>
   <trkpt lat="4.7974880" lon="-75.6524370">
    <ele>1469.2</ele>
   </trkpt>
   <trkpt lat="4.7974890" lon="-75.6524390">
    <ele>1469.2</ele>
   </trkpt>
   <trkpt lat="4.7974890" lon="-75.6524400">
    <ele>1469.2</ele>
   </trkpt>
   <trkpt lat="4.7974890" lon="-75.6524400">
    <ele>1469.2</ele>
   </trkpt>
   <trkpt lat="4.7974890" lon="-75.6524390">
    <ele>1469.2</ele>
   </trkpt>
   <trkpt lat="4.7974880" lon="-75.6524390">
    <ele>1469.2</ele>
   </trkpt>
   <trkpt lat="4.7974880" lon="-75.6524400">
    <ele>1469.2</ele>
   </trkpt>
   <trkpt lat="4.7974880" lon="-75.6524420">
    <ele>1469.2</ele>
   </trkpt>
   <trkpt lat="4.7974860" lon="-75.6524470">
    <ele>1469.2</ele>
   </trkpt>
   <trkpt lat="4.7974820" lon="-75.6524530">
    <ele>1469.2</ele>
   </trkpt>
   <trkpt lat="4.7974810" lon="-75.6524570">
    <ele>1469.2</ele>
   </trkpt>
   <trkpt lat="4.7974810" lon="-75.6524590">
    <ele>1469.2</ele>
   </trkpt>
   <trkpt lat="4.7974840" lon="-75.6524600">
    <ele>1469.2</ele>
   </trkpt>
   <trkpt lat="4.7974880" lon="-75.6524560">
    <ele>1469.2</ele>
   </trkpt>
   <trkpt lat="4.7974910" lon="-75.6524490">
    <ele>1469.2</ele>
   </trkpt>
   <trkpt lat="4.7974890" lon="-75.6524270">
    <ele>1469.3</ele>
   </trkpt>
   <trkpt lat="4.7974880" lon="-75.6524080">
    <ele>1469.3</ele>
   </trkpt>
   <trkpt lat="4.7974880" lon="-75.6523940">
    <ele>1469.3</ele>
   </trkpt>
   <trkpt lat="4.7974830" lon="-75.6523840">
    <ele>1469.3</ele>
   </trkpt>
   <trkpt lat="4.7974770" lon="-75.6523820">
    <ele>1469.4</ele>
   </trkpt>
   <trkpt lat="4.7974740" lon="-75.6523830">
    <ele>1469.4</ele>
   </trkpt>
   <trkpt lat="4.7974720" lon="-75.6523820">
    <ele>1469.4</ele>
   </trkpt>
   <trkpt lat="4.7974740" lon="-75.6523830">
    <ele>1469.4</ele>
   </trkpt>
   <trkpt lat="4.7974760" lon="-75.6523850">
    <ele>1469.4</ele>
   </trkpt>
   <trkpt lat="4.7974770" lon="-75.6523860">
    <ele>1469.4</ele>
   </trkpt>
   <trkpt lat="4.7974770" lon="-75.6523870">
    <ele>1469.4</ele>
   </trkpt>
   <trkpt lat="4.7974780" lon="-75.6523870">
    <ele>1469.4</ele>
   </trkpt>
   <trkpt lat="4.7974770" lon="-75.6523880">
    <ele>1469.4</ele>
   </trkpt>
   <trkpt lat="4.7974780" lon="-75.6523890">
    <ele>1469.4</ele>
   </trkpt>
   <trkpt lat="4.7974780" lon="-75.6523890">
    <ele>1469.4</ele>
   </trkpt>
   <trkpt lat="4.7974780" lon="-75.6523890">
    <ele>1469.4</ele>
   </trkpt>
   <trkpt lat="4.7974780" lon="-75.6523900">
    <ele>1469.4</ele>
   </trkpt>
   <trkpt lat="4.7974780" lon="-75.6523910">
    <ele>1469.4</ele>
   </trkpt>
   <trkpt lat="4.7974770" lon="-75.6523910">
    <ele>1469.4</ele>
   </trkpt>
   <trkpt lat="4.7974770" lon="-75.6523930">
    <ele>1469.4</ele>
   </trkpt>
   <trkpt lat="4.7974770" lon="-75.6523940">
    <ele>1469.4</ele>
   </trkpt>
   <trkpt lat="4.7974770" lon="-75.6523950">
    <ele>1469.4</ele>
   </trkpt>
   <trkpt lat="4.7974780" lon="-75.6523950">
    <ele>1469.4</ele>
   </trkpt>
   <trkpt lat="4.7974780" lon="-75.6523960">
    <ele>1469.4</ele>
   </trkpt>
   <trkpt lat="4.7974780" lon="-75.6523950">
    <ele>1469.4</ele>
   </trkpt>
   <trkpt lat="4.7974780" lon="-75.6523870">
    <ele>1469.4</ele>
   </trkpt>
   <trkpt lat="4.7974750" lon="-75.6523780">
    <ele>1469.4</ele>
   </trkpt>
   <trkpt lat="4.7974710" lon="-75.6523720">
    <ele>1469.4</ele>
   </trkpt>
   <trkpt lat="4.7974680" lon="-75.6523650">
    <ele>1469.4</ele>
   </trkpt>
   <trkpt lat="4.7974650" lon="-75.6523580">
    <ele>1469.4</ele>
   </trkpt>
   <trkpt lat="4.7974620" lon="-75.6523520">
    <ele>1469.5</ele>
   </trkpt>
   <trkpt lat="4.7974570" lon="-75.6523470">
    <ele>1469.5</ele>
   </trkpt>
   <trkpt lat="4.7974530" lon="-75.6523410">
    <ele>1469.5</ele>
   </trkpt>
   <trkpt lat="4.7974500" lon="-75.6523350">
    <ele>1469.5</ele>
   </trkpt>
   <trkpt lat="4.7974510" lon="-75.6523270">
    <ele>1469.5</ele>
   </trkpt>
   <trkpt lat="4.7974510" lon="-75.6523150">
    <ele>1469.5</ele>
   </trkpt>
   <trkpt lat="4.7974490" lon="-75.6523070">
    <ele>1469.5</ele>
   </trkpt>
   <trkpt lat="4.7974470" lon="-75.6522960">
    <ele>1469.5</ele>
   </trkpt>
   <trkpt lat="4.7974460" lon="-75.6522830">
    <ele>1469.6</ele>
   </trkpt>
   <trkpt lat="4.7974460" lon="-75.6522700">
    <ele>1469.6</ele>
   </trkpt>
   <trkpt lat="4.7974480" lon="-75.6522580">
    <ele>1469.6</ele>
   </trkpt>
   <trkpt lat="4.7974510" lon="-75.6522460">
    <ele>1469.6</ele>
   </trkpt>
   <trkpt lat="4.7974550" lon="-75.6522330">
    <ele>1469.6</ele>
   </trkpt>
   <trkpt lat="4.7974600" lon="-75.6522230">
    <ele>1469.7</ele>
   </trkpt>
   <trkpt lat="4.7974650" lon="-75.6522140">
    <ele>1469.7</ele>
   </trkpt>
   <trkpt lat="4.7974680" lon="-75.6522040">
    <ele>1469.7</ele>
   </trkpt>
   <trkpt lat="4.7974690" lon="-75.6521930">
    <ele>1469.7</ele>
   </trkpt>
   <trkpt lat="4.7974690" lon="-75.6521850">
    <ele>1469.7</ele>
   </trkpt>
   <trkpt lat="4.7974700" lon="-75.6521770">
    <ele>1469.7</ele>
   </trkpt>
   <trkpt lat="4.7974690" lon="-75.6521680">
    <ele>1469.7</ele>
   </trkpt>
   <trkpt lat="4.7974660" lon="-75.6521620">
    <ele>1469.8</ele>
   </trkpt>
   <trkpt lat="4.7974630" lon="-75.6521590">
    <ele>1469.8</ele>
   </trkpt>
   <trkpt lat="4.7974600" lon="-75.6521570">
    <ele>1469.8</ele>
   </trkpt>
   <trkpt lat="4.7974580" lon="-75.6521560">
    <ele>1469.8</ele>
   </trkpt>
   <trkpt lat="4.7974550" lon="-75.6521570">
    <ele>1469.8</ele>
   </trkpt>
   <trkpt lat="4.7974530" lon="-75.6521590">
    <ele>1469.8</ele>
   </trkpt>
   <trkpt lat="4.7974510" lon="-75.6521620">
    <ele>1469.8</ele>
   </trkpt>
   <trkpt lat="4.7974500" lon="-75.6521640">
    <ele>1469.8</ele>
   </trkpt>
   <trkpt lat="4.7974490" lon="-75.6521630">
    <ele>1469.8</ele>
   </trkpt>
   <trkpt lat="4.7974490" lon="-75.6521630">
    <ele>1469.8</ele>
   </trkpt>
   <trkpt lat="4.7974480" lon="-75.6521640">
    <ele>1469.8</ele>
   </trkpt>
   <trkpt lat="4.7974460" lon="-75.6521650">
    <ele>1469.8</ele>
   </trkpt>
   <trkpt lat="4.7974450" lon="-75.6521650">
    <ele>1469.8</ele>
   </trkpt>
   <trkpt lat="4.7974430" lon="-75.6521630">
    <ele>1469.8</ele>
   </trkpt>
   <trkpt lat="4.7974400" lon="-75.6521610">
    <ele>1469.8</ele>
   </trkpt>
   <trkpt lat="4.7974380" lon="-75.6521540">
    <ele>1469.8</ele>
   </trkpt>
   <trkpt lat="4.7974330" lon="-75.6521440">
    <ele>1469.8</ele>
   </trkpt>
   <trkpt lat="4.7974290" lon="-75.6521350">
    <ele>1469.9</ele>
   </trkpt>
   <trkpt lat="4.7974260" lon="-75.6521280">
    <ele>1469.9</ele>
   </trkpt>
   <trkpt lat="4.7974230" lon="-75.6521210">
    <ele>1469.9</ele>
   </trkpt>
   <trkpt lat="4.7974190" lon="-75.6521150">
    <ele>1469.9</ele>
   </trkpt>
   <trkpt lat="4.7974150" lon="-75.6521100">
    <ele>1469.9</ele>
   </trkpt>
   <trkpt lat="4.7974110" lon="-75.6521020">
    <ele>1469.9</ele>
   </trkpt>
   <trkpt lat="4.7974100" lon="-75.6520970">
    <ele>1469.9</ele>
   </trkpt>
   <trkpt lat="4.7974090" lon="-75.6520920">
    <ele>1470.0</ele>
   </trkpt>
   <trkpt lat="4.7974100" lon="-75.6520870">
    <ele>1470.0</ele>
   </trkpt>
   <trkpt lat="4.7974100" lon="-75.6520820">
    <ele>1470.0</ele>
   </trkpt>
   <trkpt lat="4.7974100" lon="-75.6520760">
    <ele>1470.0</ele>
   </trkpt>
   <trkpt lat="4.7974080" lon="-75.6520720">
    <ele>1470.0</ele>
   </trkpt>
   <trkpt lat="4.7974040" lon="-75.6520700">
    <ele>1470.0</ele>
   </trkpt>
   <trkpt lat="4.7974030" lon="-75.6520640">
    <ele>1470.0</ele>
   </trkpt>
   <trkpt lat="4.7974010" lon="-75.6520590">
    <ele>1470.0</ele>
   </trkpt>
   <trkpt lat="4.7974000" lon="-75.6520530">
    <ele>1470.0</ele>
   </trkpt>
   <trkpt lat="4.7973980" lon="-75.6520470">
    <ele>1470.0</ele>
   </trkpt>
   <trkpt lat="4.7973970" lon="-75.6520390">
    <ele>1470.1</ele>
   </trkpt>
   <trkpt lat="4.7973950" lon="-75.6520310">
    <ele>1470.1</ele>
   </trkpt>
   <trkpt lat="4.7973930" lon="-75.6520230">
    <ele>1470.1</ele>
   </trkpt>
   <trkpt lat="4.7973900" lon="-75.6520180">
    <ele>1470.1</ele>
   </trkpt>
   <trkpt lat="4.7973850" lon="-75.6520110">
    <ele>1470.1</ele>
   </trkpt>
   <trkpt lat="4.7973850" lon="-75.6520040">
    <ele>1470.1</ele>
   </trkpt>
   <trkpt lat="4.7973840" lon="-75.6519960">
    <ele>1470.1</ele>
   </trkpt>
   <trkpt lat="4.7973860" lon="-75.6519880">
    <ele>1470.2</ele>
   </trkpt>
   <trkpt lat="4.7973870" lon="-75.6519800">
    <ele>1470.2</ele>
   </trkpt>
   <trkpt lat="4.7973870" lon="-75.6519720">
    <ele>1470.2</ele>
   </trkpt>
   <trkpt lat="4.7973850" lon="-75.6519630">
    <ele>1470.2</ele>
   </trkpt>
   <trkpt lat="4.7973850" lon="-75.6519540">
    <ele>1470.2</ele>
   </trkpt>
   <trkpt lat="4.7973850" lon="-75.6519450">
    <ele>1470.2</ele>
   </trkpt>
   <trkpt lat="4.7973840" lon="-75.6519370">
    <ele>1470.3</ele>
   </trkpt>
   <trkpt lat="4.7973830" lon="-75.6519280">
    <ele>1470.3</ele>
   </trkpt>
   <trkpt lat="4.7973790" lon="-75.6519240">
    <ele>1470.3</ele>
   </trkpt>
   <trkpt lat="4.7973740" lon="-75.6519220">
    <ele>1470.3</ele>
   </trkpt>
   <trkpt lat="4.7973720" lon="-75.6519220">
    <ele>1470.3</ele>
   </trkpt>
   <trkpt lat="4.7973720" lon="-75.6519230">
    <ele>1470.3</ele>
   </trkpt>
   <trkpt lat="4.7973780" lon="-75.6519270">
    <ele>1470.3</ele>
   </trkpt>
   <trkpt lat="4.7973820" lon="-75.6519280">
    <ele>1470.3</ele>
   </trkpt>
   <trkpt lat="4.7973850" lon="-75.6519290">
    <ele>1470.3</ele>
   </trkpt>
   <trkpt lat="4.7973890" lon="-75.6519290">
    <ele>1470.3</ele>
   </trkpt>
   <trkpt lat="4.7973920" lon="-75.6519300">
    <ele>1470.3</ele>
   </trkpt>
   <trkpt lat="4.7973930" lon="-75.6519300">
    <ele>1470.3</ele>
   </trkpt>
   <trkpt lat="4.7973950" lon="-75.6519300">
    <ele>1470.3</ele>
   </trkpt>
   <trkpt lat="4.7973930" lon="-75.6519280">
    <ele>1470.3</ele>
   </trkpt>
   <trkpt lat="4.7973890" lon="-75.6519240">
    <ele>1470.4</ele>
   </trkpt>
   <trkpt lat="4.7973830" lon="-75.6519160">
    <ele>1470.4</ele>
   </trkpt>
   <trkpt lat="4.7973780" lon="-75.6519090">
    <ele>1470.4</ele>
   </trkpt>
   <trkpt lat="4.7973740" lon="-75.6519000">
    <ele>1470.4</ele>
   </trkpt>
   <trkpt lat="4.7973720" lon="-75.6518910">
    <ele>1470.4</ele>
   </trkpt>
   <trkpt lat="4.7973710" lon="-75.6518810">
    <ele>1470.4</ele>
   </trkpt>
   <trkpt lat="4.7973660" lon="-75.6518700">
    <ele>1470.5</ele>
   </trkpt>
   <trkpt lat="4.7973620" lon="-75.6518590">
    <ele>1470.5</ele>
   </trkpt>
   <trkpt lat="4.7973590" lon="-75.6518490">
    <ele>1470.5</ele>
   </trkpt>
   <trkpt lat="4.7973560" lon="-75.6518430">
    <ele>1470.5</ele>
   </trkpt>
   <trkpt lat="4.7973540" lon="-75.6518360">
    <ele>1470.5</ele>
   </trkpt>
   <trkpt lat="4.7973560" lon="-75.6518310">
    <ele>1470.5</ele>
   </trkpt>
   <trkpt lat="4.7973570" lon="-75.6518260">
    <ele>1470.6</ele>
   </trkpt>
   <trkpt lat="4.7973560" lon="-75.6518240">
    <ele>1470.6</ele>
   </trkpt>
   <trkpt lat="4.7973490" lon="-75.6518180">
    <ele>1470.6</ele>
   </trkpt>
   <trkpt lat="4.7973460" lon="-75.6518110">
    <ele>1470.6</ele>
   </trkpt>
   <trkpt lat="4.7973410" lon="-75.6518020">
    <ele>1470.6</ele>
   </trkpt>
   <trkpt lat="4.7973330" lon="-75.6517910">
    <ele>1470.6</ele>
   </trkpt>
   <trkpt lat="4.7973240" lon="-75.6517830">
    <ele>1470.7</ele>
   </trkpt>
   <trkpt lat="4.7973150" lon="-75.6517740">
    <ele>1470.7</ele>
   </trkpt>
   <trkpt lat="4.7973080" lon="-75.6517670">
    <ele>1470.7</ele>
   </trkpt>
   <trkpt lat="4.7973010" lon="-75.6517620">
    <ele>1470.7</ele>
   </trkpt>
   <trkpt lat="4.7972960" lon="-75.6517550">
    <ele>1470.7</ele>
   </trkpt>
   <trkpt lat="4.7972920" lon="-75.6517470">
    <ele>1470.8</ele>
   </trkpt>
   <trkpt lat="4.7972860" lon="-75.6517410">
    <ele>1470.8</ele>
   </trkpt>
   <trkpt lat="4.7972820" lon="-75.6517360">
    <ele>1470.8</ele>
   </trkpt>
   <trkpt lat="4.7972760" lon="-75.6517290">
    <ele>1470.8</ele>
   </trkpt>
   <trkpt lat="4.7972730" lon="-75.6517240">
    <ele>1470.8</ele>
   </trkpt>
   <trkpt lat="4.7972670" lon="-75.6517170">
    <ele>1470.8</ele>
   </trkpt>
   <trkpt lat="4.7972660" lon="-75.6517140">
    <ele>1470.8</ele>
   </trkpt>
   <trkpt lat="4.7972640" lon="-75.6517120">
    <ele>1470.9</ele>
   </trkpt>
   <trkpt lat="4.7972610" lon="-75.6517090">
    <ele>1470.9</ele>
   </trkpt>
   <trkpt lat="4.7972570" lon="-75.6517060">
    <ele>1470.9</ele>
   </trkpt>
   <trkpt lat="4.7972510" lon="-75.6517020">
    <ele>1470.9</ele>
   </trkpt>
   <trkpt lat="4.7972440" lon="-75.6516980">
    <ele>1470.9</ele>
   </trkpt>
   <trkpt lat="4.7972350" lon="-75.6516960">
    <ele>1470.9</ele>
   </trkpt>
   <trkpt lat="4.7972290" lon="-75.6516920">
    <ele>1470.9</ele>
   </trkpt>
   <trkpt lat="4.7972210" lon="-75.6516910">
    <ele>1471.0</ele>
   </trkpt>
   <trkpt lat="4.7972130" lon="-75.6516890">
    <ele>1471.0</ele>
   </trkpt>
   <trkpt lat="4.7972070" lon="-75.6516870">
    <ele>1471.0</ele>
   </trkpt>
   <trkpt lat="4.7972020" lon="-75.6516840">
    <ele>1471.0</ele>
   </trkpt>
   <trkpt lat="4.7971970" lon="-75.6516790">
    <ele>1471.0</ele>
   </trkpt>
   <trkpt lat="4.7971910" lon="-75.6516750">
    <ele>1471.0</ele>
   </trkpt>
   <trkpt lat="4.7971840" lon="-75.6516700">
    <ele>1471.1</ele>
   </trkpt>
   <trkpt lat="4.7971780" lon="-75.6516650">
    <ele>1471.1</ele>
   </trkpt>
   <trkpt lat="4.7971660" lon="-75.6516620">
    <ele>1471.1</ele>
   </trkpt>
   <trkpt lat="4.7971550" lon="-75.6516600">
    <ele>1471.1</ele>
   </trkpt>
   <trkpt lat="4.7971430" lon="-75.6516540">
    <ele>1471.2</ele>
   </trkpt>
   <trkpt lat="4.7971340" lon="-75.6516480">
    <ele>1471.2</ele>
   </trkpt>
   <trkpt lat="4.7971290" lon="-75.6516410">
    <ele>1471.2</ele>
   </trkpt>
   <trkpt lat="4.7971210" lon="-75.6516350">
    <ele>1471.3</ele>
   </trkpt>
   <trkpt lat="4.7971130" lon="-75.6516300">
    <ele>1471.3</ele>
   </trkpt>
   <trkpt lat="4.7971050" lon="-75.6516240">
    <ele>1471.3</ele>
   </trkpt>
   <trkpt lat="4.7970980" lon="-75.6516170">
    <ele>1471.3</ele>
   </trkpt>
   <trkpt lat="4.7970900" lon="-75.6516080">
    <ele>1471.4</ele>
   </trkpt>
   <trkpt lat="4.7970850" lon="-75.6516010">
    <ele>1471.4</ele>
   </trkpt>
   <trkpt lat="4.7970780" lon="-75.6515940">
    <ele>1471.4</ele>
   </trkpt>
   <trkpt lat="4.7970700" lon="-75.6515880">
    <ele>1471.4</ele>
   </trkpt>
   <trkpt lat="4.7970640" lon="-75.6515800">
    <ele>1471.5</ele>
   </trkpt>
   <trkpt lat="4.7970570" lon="-75.6515740">
    <ele>1471.5</ele>
   </trkpt>
   <trkpt lat="4.7970490" lon="-75.6515650">
    <ele>1471.5</ele>
   </trkpt>
   <trkpt lat="4.7970440" lon="-75.6515600">
    <ele>1471.6</ele>
   </trkpt>
   <trkpt lat="4.7970360" lon="-75.6515530">
    <ele>1471.6</ele>
   </trkpt>
   <trkpt lat="4.7970270" lon="-75.6515470">
    <ele>1471.6</ele>
   </trkpt>
   <trkpt lat="4.7970180" lon="-75.6515410">
    <ele>1471.7</ele>
   </trkpt>
   <trkpt lat="4.7970120" lon="-75.6515360">
    <ele>1471.7</ele>
   </trkpt>
   <trkpt lat="4.7970040" lon="-75.6515300">
    <ele>1471.7</ele>
   </trkpt>
   <trkpt lat="4.7969940" lon="-75.6515230">
    <ele>1471.7</ele>
   </trkpt>
   <trkpt lat="4.7969870" lon="-75.6515200">
    <ele>1471.8</ele>
   </trkpt>
   <trkpt lat="4.7969770" lon="-75.6515160">
    <ele>1471.8</ele>
   </trkpt>
   <trkpt lat="4.7969670" lon="-75.6515170">
    <ele>1471.8</ele>
   </trkpt>
   <trkpt lat="4.7969560" lon="-75.6515160">
    <ele>1471.9</ele>
   </trkpt>
   <trkpt lat="4.7969460" lon="-75.6515130">
    <ele>1471.9</ele>
   </trkpt>
   <trkpt lat="4.7969330" lon="-75.6515080">
    <ele>1472.0</ele>
   </trkpt>
   <trkpt lat="4.7969260" lon="-75.6515060">
    <ele>1472.0</ele>
   </trkpt>
   <trkpt lat="4.7969160" lon="-75.6515020">
    <ele>1472.0</ele>
   </trkpt>
   <trkpt lat="4.7969060" lon="-75.6514990">
    <ele>1472.0</ele>
   </trkpt>
   <trkpt lat="4.7968970" lon="-75.6514950">
    <ele>1472.1</ele>
   </trkpt>
   <trkpt lat="4.7968890" lon="-75.6514910">
    <ele>1472.1</ele>
   </trkpt>
   <trkpt lat="4.7968810" lon="-75.6514840">
    <ele>1472.1</ele>
   </trkpt>
   <trkpt lat="4.7968790" lon="-75.6514740">
    <ele>1472.2</ele>
   </trkpt>
   <trkpt lat="4.7968750" lon="-75.6514670">
    <ele>1472.2</ele>
   </trkpt>
   <trkpt lat="4.7968700" lon="-75.6514600">
    <ele>1472.2</ele>
   </trkpt>
   <trkpt lat="4.7968630" lon="-75.6514540">
    <ele>1472.3</ele>
   </trkpt>
   <trkpt lat="4.7968600" lon="-75.6514460">
    <ele>1472.3</ele>
   </trkpt>
   <trkpt lat="4.7968550" lon="-75.6514380">
    <ele>1472.3</ele>
   </trkpt>
   <trkpt lat="4.7968460" lon="-75.6514290">
    <ele>1472.4</ele>
   </trkpt>
   <trkpt lat="4.7968390" lon="-75.6514230">
    <ele>1472.4</ele>
   </trkpt>
   <trkpt lat="4.7968300" lon="-75.6514150">
    <ele>1472.4</ele>
   </trkpt>
   <trkpt lat="4.7968210" lon="-75.6514080">
    <ele>1472.5</ele>
   </trkpt>
   <trkpt lat="4.7968120" lon="-75.6514020">
    <ele>1472.5</ele>
   </trkpt>
   <trkpt lat="4.7968040" lon="-75.6513960">
    <ele>1472.5</ele>
   </trkpt>
   <trkpt lat="4.7967950" lon="-75.6513900">
    <ele>1472.6</ele>
   </trkpt>
   <trkpt lat="4.7967880" lon="-75.6513840">
    <ele>1472.6</ele>
   </trkpt>
   <trkpt lat="4.7967790" lon="-75.6513780">
    <ele>1472.6</ele>
   </trkpt>
   <trkpt lat="4.7967710" lon="-75.6513700">
    <ele>1472.7</ele>
   </trkpt>
   <trkpt lat="4.7967650" lon="-75.6513630">
    <ele>1472.7</ele>
   </trkpt>
   <trkpt lat="4.7967620" lon="-75.6513580">
    <ele>1472.7</ele>
   </trkpt>
   <trkpt lat="4.7967560" lon="-75.6513520">
    <ele>1472.7</ele>
   </trkpt>
   <trkpt lat="4.7967480" lon="-75.6513460">
    <ele>1472.8</ele>
   </trkpt>
   <trkpt lat="4.7967430" lon="-75.6513410">
    <ele>1472.8</ele>
   </trkpt>
   <trkpt lat="4.7967370" lon="-75.6513360">
    <ele>1472.8</ele>
   </trkpt>
   <trkpt lat="4.7967310" lon="-75.6513290">
    <ele>1472.9</ele>
   </trkpt>
   <trkpt lat="4.7967240" lon="-75.6513240">
    <ele>1472.9</ele>
   </trkpt>
   <trkpt lat="4.7967150" lon="-75.6513200">
    <ele>1472.9</ele>
   </trkpt>
   <trkpt lat="4.7967070" lon="-75.6513180">
    <ele>1473.0</ele>
   </trkpt>
   <trkpt lat="4.7967000" lon="-75.6513170">
    <ele>1473.0</ele>
   </trkpt>
   <trkpt lat="4.7966900" lon="-75.6513130">
    <ele>1473.0</ele>
   </trkpt>
   <trkpt lat="4.7966810" lon="-75.6513100">
    <ele>1473.1</ele>
   </trkpt>
   <trkpt lat="4.7966760" lon="-75.6513070">
    <ele>1473.1</ele>
   </trkpt>
   <trkpt lat="4.7966660" lon="-75.6513020">
    <ele>1473.1</ele>
   </trkpt>
   <trkpt lat="4.7966640" lon="-75.6513020">
    <ele>1473.1</ele>
   </trkpt>
   <trkpt lat="4.7966590" lon="-75.6513010">
    <ele>1473.1</ele>
   </trkpt>
   <trkpt lat="4.7966540" lon="-75.6512990">
    <ele>1473.2</ele>
   </trkpt>
   <trkpt lat="4.7966510" lon="-75.6512960">
    <ele>1473.2</ele>
   </trkpt>
   <trkpt lat="4.7966470" lon="-75.6512920">
    <ele>1473.2</ele>
   </trkpt>
   <trkpt lat="4.7966440" lon="-75.6512860">
    <ele>1473.2</ele>
   </trkpt>
   <trkpt lat="4.7966410" lon="-75.6512780">
    <ele>1473.3</ele>
   </trkpt>
   <trkpt lat="4.7966380" lon="-75.6512700">
    <ele>1473.3</ele>
   </trkpt>
   <trkpt lat="4.7966350" lon="-75.6512630">
    <ele>1473.3</ele>
   </trkpt>
   <trkpt lat="4.7966290" lon="-75.6512570">
    <ele>1473.3</ele>
   </trkpt>
   <trkpt lat="4.7966230" lon="-75.6512520">
    <ele>1473.4</ele>
   </trkpt>
   <trkpt lat="4.7966170" lon="-75.6512460">
    <ele>1473.4</ele>
   </trkpt>
   <trkpt lat="4.7966100" lon="-75.6512410">
    <ele>1473.4</ele>
   </trkpt>
   <trkpt lat="4.7966030" lon="-75.6512370">
    <ele>1473.5</ele>
   </trkpt>
   <trkpt lat="4.7965940" lon="-75.6512330">
    <ele>1473.5</ele>
   </trkpt>
   <trkpt lat="4.7965890" lon="-75.6512290">
    <ele>1473.5</ele>
   </trkpt>
   <trkpt lat="4.7965840" lon="-75.6512240">
    <ele>1473.6</ele>
   </trkpt>
   <trkpt lat="4.7965790" lon="-75.6512190">
    <ele>1473.6</ele>
   </trkpt>
   <trkpt lat="4.7965730" lon="-75.6512130">
    <ele>1473.6</ele>
   </trkpt>
   <trkpt lat="4.7965690" lon="-75.6512070">
    <ele>1473.6</ele>
   </trkpt>
   <trkpt lat="4.7965640" lon="-75.6512000">
    <ele>1473.7</ele>
   </trkpt>
   <trkpt lat="4.7965620" lon="-75.6511960">
    <ele>1473.7</ele>
   </trkpt>
   <trkpt lat="4.7965610" lon="-75.6511930">
    <ele>1473.7</ele>
   </trkpt>
   <trkpt lat="4.7965590" lon="-75.6511900">
    <ele>1473.7</ele>
   </trkpt>
   <trkpt lat="4.7965550" lon="-75.6511930">
    <ele>1473.7</ele>
   </trkpt>
   <trkpt lat="4.7965540" lon="-75.6511960">
    <ele>1473.7</ele>
   </trkpt>
   <trkpt lat="4.7965560" lon="-75.6511990">
    <ele>1473.8</ele>
   </trkpt>
   <trkpt lat="4.7965570" lon="-75.6512010">
    <ele>1473.8</ele>
   </trkpt>
   <trkpt lat="4.7965560" lon="-75.6512040">
    <ele>1473.8</ele>
   </trkpt>
   <trkpt lat="4.7965540" lon="-75.6512050">
    <ele>1473.8</ele>
   </trkpt>
   <trkpt lat="4.7965510" lon="-75.6512050">
    <ele>1473.8</ele>
   </trkpt>
   <trkpt lat="4.7965470" lon="-75.6512040">
    <ele>1473.8</ele>
   </trkpt>
   <trkpt lat="4.7965360" lon="-75.6512010">
    <ele>1473.9</ele>
   </trkpt>
   <trkpt lat="4.7965280" lon="-75.6512000">
    <ele>1473.9</ele>
   </trkpt>
   <trkpt lat="4.7965180" lon="-75.6511940">
    <ele>1473.9</ele>
   </trkpt>
   <trkpt lat="4.7965070" lon="-75.6511880">
    <ele>1474.0</ele>
   </trkpt>
   <trkpt lat="4.7965020" lon="-75.6511860">
    <ele>1474.0</ele>
   </trkpt>
   <trkpt lat="4.7964990" lon="-75.6511860">
    <ele>1474.0</ele>
   </trkpt>
   <trkpt lat="4.7964930" lon="-75.6511830">
    <ele>1474.0</ele>
   </trkpt>
   <trkpt lat="4.7964910" lon="-75.6511850">
    <ele>1474.0</ele>
   </trkpt>
   <trkpt lat="4.7964850" lon="-75.6511820">
    <ele>1474.0</ele>
   </trkpt>
   <trkpt lat="4.7964790" lon="-75.6511780">
    <ele>1474.1</ele>
   </trkpt>
   <trkpt lat="4.7964770" lon="-75.6511780">
    <ele>1474.1</ele>
   </trkpt>
   <trkpt lat="4.7964740" lon="-75.6511760">
    <ele>1474.1</ele>
   </trkpt>
   <trkpt lat="4.7964720" lon="-75.6511750">
    <ele>1474.1</ele>
   </trkpt>
   <trkpt lat="4.7964680" lon="-75.6511740">
    <ele>1474.1</ele>
   </trkpt>
   <trkpt lat="4.7964640" lon="-75.6511710">
    <ele>1474.1</ele>
   </trkpt>
   <trkpt lat="4.7964590" lon="-75.6511670">
    <ele>1474.1</ele>
   </trkpt>
   <trkpt lat="4.7964530" lon="-75.6511630">
    <ele>1474.2</ele>
   </trkpt>
   <trkpt lat="4.7964470" lon="-75.6511570">
    <ele>1474.2</ele>
   </trkpt>
   <trkpt lat="4.7964420" lon="-75.6511520">
    <ele>1474.2</ele>
   </trkpt>
   <trkpt lat="4.7964350" lon="-75.6511470">
    <ele>1474.2</ele>
   </trkpt>
   <trkpt lat="4.7964280" lon="-75.6511430">
    <ele>1474.2</ele>
   </trkpt>
   <trkpt lat="4.7964200" lon="-75.6511400">
    <ele>1474.3</ele>
   </trkpt>
   <trkpt lat="4.7964110" lon="-75.6511360">
    <ele>1474.3</ele>
   </trkpt>
   <trkpt lat="4.7964030" lon="-75.6511320">
    <ele>1474.3</ele>
   </trkpt>
   <trkpt lat="4.7964070" lon="-75.6511340">
    <ele>1474.3</ele>
   </trkpt>
   <trkpt lat="4.7964220" lon="-75.6511430">
    <ele>1474.4</ele>
   </trkpt>
   <trkpt lat="4.7964290" lon="-75.6511560">
    <ele>1474.4</ele>
   </trkpt>
   <trkpt lat="4.7964260" lon="-75.6511600">
    <ele>1474.4</ele>
   </trkpt>
   <trkpt lat="4.7964200" lon="-75.6511610">
    <ele>1474.4</ele>
   </trkpt>
   <trkpt lat="4.7964150" lon="-75.6511580">
    <ele>1474.4</ele>
   </trkpt>
   <trkpt lat="4.7964070" lon="-75.6511480">
    <ele>1474.4</ele>
   </trkpt>
   <trkpt lat="4.7964030" lon="-75.6511410">
    <ele>1474.5</ele>
   </trkpt>
   <trkpt lat="4.7963990" lon="-75.6511310">
    <ele>1474.5</ele>
   </trkpt>
   <trkpt lat="4.7963950" lon="-75.6511200">
    <ele>1474.5</ele>
   </trkpt>
   <trkpt lat="4.7963910" lon="-75.6511090">
    <ele>1474.5</ele>
   </trkpt>
   <trkpt lat="4.7963870" lon="-75.6510970">
    <ele>1474.5</ele>
   </trkpt>
   <trkpt lat="4.7963820" lon="-75.6510860">
    <ele>1474.6</ele>
   </trkpt>
   <trkpt lat="4.7963780" lon="-75.6510770">
    <ele>1474.6</ele>
   </trkpt>
   <trkpt lat="4.7963730" lon="-75.6510690">
    <ele>1474.6</ele>
   </trkpt>
   <trkpt lat="4.7963660" lon="-75.6510610">
    <ele>1474.6</ele>
   </trkpt>
   <trkpt lat="4.7963580" lon="-75.6510540">
    <ele>1474.6</ele>
   </trkpt>
   <trkpt lat="4.7963510" lon="-75.6510480">
    <ele>1474.6</ele>
   </trkpt>
   <trkpt lat="4.7963410" lon="-75.6510450">
    <ele>1474.7</ele>
   </trkpt>
   <trkpt lat="4.7963320" lon="-75.6510420">
    <ele>1474.7</ele>
   </trkpt>
   <trkpt lat="4.7963210" lon="-75.6510360">
    <ele>1474.7</ele>
   </trkpt>
   <trkpt lat="4.7963140" lon="-75.6510370">
    <ele>1474.7</ele>
   </trkpt>
   <trkpt lat="4.7963070" lon="-75.6510340">
    <ele>1474.7</ele>
   </trkpt>
   <trkpt lat="4.7962980" lon="-75.6510330">
    <ele>1474.7</ele>
   </trkpt>
   <trkpt lat="4.7962910" lon="-75.6510300">
    <ele>1474.8</ele>
   </trkpt>
   <trkpt lat="4.7962810" lon="-75.6510280">
    <ele>1474.8</ele>
   </trkpt>
   <trkpt lat="4.7962730" lon="-75.6510260">
    <ele>1474.8</ele>
   </trkpt>
   <trkpt lat="4.7962650" lon="-75.6510230">
    <ele>1474.8</ele>
   </trkpt>
   <trkpt lat="4.7962560" lon="-75.6510210">
    <ele>1474.8</ele>
   </trkpt>
   <trkpt lat="4.7962440" lon="-75.6510160">
    <ele>1474.8</ele>
   </trkpt>
   <trkpt lat="4.7962360" lon="-75.6510160">
    <ele>1474.8</ele>
   </trkpt>
   <trkpt lat="4.7962270" lon="-75.6510130">
    <ele>1474.9</ele>
   </trkpt>
   <trkpt lat="4.7962180" lon="-75.6510100">
    <ele>1474.9</ele>
   </trkpt>
   <trkpt lat="4.7962080" lon="-75.6510060">
    <ele>1474.9</ele>
   </trkpt>
   <trkpt lat="4.7961980" lon="-75.6510020">
    <ele>1474.9</ele>
   </trkpt>
   <trkpt lat="4.7961880" lon="-75.6509980">
    <ele>1474.9</ele>
   </trkpt>
   <trkpt lat="4.7961810" lon="-75.6509940">
    <ele>1474.9</ele>
   </trkpt>
   <trkpt lat="4.7961710" lon="-75.6509900">
    <ele>1475.0</ele>
   </trkpt>
   <trkpt lat="4.7961630" lon="-75.6509860">
    <ele>1475.0</ele>
   </trkpt>
   <trkpt lat="4.7961540" lon="-75.6509810">
    <ele>1475.0</ele>
   </trkpt>
   <trkpt lat="4.7961470" lon="-75.6509760">
    <ele>1475.0</ele>
   </trkpt>
   <trkpt lat="4.7961360" lon="-75.6509710">
    <ele>1475.0</ele>
   </trkpt>
   <trkpt lat="4.7961290" lon="-75.6509680">
    <ele>1475.0</ele>
   </trkpt>
   <trkpt lat="4.7961210" lon="-75.6509640">
    <ele>1475.0</ele>
   </trkpt>
   <trkpt lat="4.7961130" lon="-75.6509600">
    <ele>1475.1</ele>
   </trkpt>
   <trkpt lat="4.7961050" lon="-75.6509560">
    <ele>1475.1</ele>
   </trkpt>
   <trkpt lat="4.7960970" lon="-75.6509520">
    <ele>1475.1</ele>
   </trkpt>
   <trkpt lat="4.7960890" lon="-75.6509460">
    <ele>1475.1</ele>
   </trkpt>
   <trkpt lat="4.7960800" lon="-75.6509390">
    <ele>1475.1</ele>
   </trkpt>
   <trkpt lat="4.7960700" lon="-75.6509300">
    <ele>1475.2</ele>
   </trkpt>
   <trkpt lat="4.7960640" lon="-75.6509230">
    <ele>1475.2</ele>
   </trkpt>
   <trkpt lat="4.7960590" lon="-75.6509180">
    <ele>1475.2</ele>
   </trkpt>
   <trkpt lat="4.7960500" lon="-75.6509120">
    <ele>1475.2</ele>
   </trkpt>
   <trkpt lat="4.7960440" lon="-75.6509060">
    <ele>1475.2</ele>
   </trkpt>
   <trkpt lat="4.7960350" lon="-75.6508990">
    <ele>1475.3</ele>
   </trkpt>
   <trkpt lat="4.7960230" lon="-75.6509010">
    <ele>1475.3</ele>
   </trkpt>
   <trkpt lat="4.7960150" lon="-75.6509020">
    <ele>1475.3</ele>
   </trkpt>
   <trkpt lat="4.7960070" lon="-75.6509040">
    <ele>1475.3</ele>
   </trkpt>
   <trkpt lat="4.7959980" lon="-75.6509040">
    <ele>1475.3</ele>
   </trkpt>
   <trkpt lat="4.7959910" lon="-75.6509030">
    <ele>1475.4</ele>
   </trkpt>
   <trkpt lat="4.7959830" lon="-75.6509010">
    <ele>1475.4</ele>
   </trkpt>
   <trkpt lat="4.7959750" lon="-75.6508970">
    <ele>1475.4</ele>
   </trkpt>
   <trkpt lat="4.7959670" lon="-75.6508940">
    <ele>1475.4</ele>
   </trkpt>
   <trkpt lat="4.7959570" lon="-75.6508890">
    <ele>1475.5</ele>
   </trkpt>
   <trkpt lat="4.7959520" lon="-75.6508880">
    <ele>1475.5</ele>
   </trkpt>
   <trkpt lat="4.7959450" lon="-75.6508860">
    <ele>1475.5</ele>
   </trkpt>
   <trkpt lat="4.7959370" lon="-75.6508840">
    <ele>1475.5</ele>
   </trkpt>
   <trkpt lat="4.7959280" lon="-75.6508800">
    <ele>1475.5</ele>
   </trkpt>
   <trkpt lat="4.7959190" lon="-75.6508760">
    <ele>1475.6</ele>
   </trkpt>
   <trkpt lat="4.7959110" lon="-75.6508690">
    <ele>1475.6</ele>
   </trkpt>
   <trkpt lat="4.7959050" lon="-75.6508660">
    <ele>1475.6</ele>
   </trkpt>
   <trkpt lat="4.7958980" lon="-75.6508630">
    <ele>1475.7</ele>
   </trkpt>
   <trkpt lat="4.7958920" lon="-75.6508600">
    <ele>1475.7</ele>
   </trkpt>
   <trkpt lat="4.7958860" lon="-75.6508580">
    <ele>1475.7</ele>
   </trkpt>
   <trkpt lat="4.7958800" lon="-75.6508560">
    <ele>1475.7</ele>
   </trkpt>
   <trkpt lat="4.7958720" lon="-75.6508530">
    <ele>1475.7</ele>
   </trkpt>
   <trkpt lat="4.7958650" lon="-75.6508520">
    <ele>1475.8</ele>
   </trkpt>
   <trkpt lat="4.7958590" lon="-75.6508510">
    <ele>1475.8</ele>
   </trkpt>
   <trkpt lat="4.7958520" lon="-75.6508490">
    <ele>1475.8</ele>
   </trkpt>
   <trkpt lat="4.7958460" lon="-75.6508470">
    <ele>1475.8</ele>
   </trkpt>
   <trkpt lat="4.7958380" lon="-75.6508450">
    <ele>1475.9</ele>
   </trkpt>
   <trkpt lat="4.7958330" lon="-75.6508440">
    <ele>1475.9</ele>
   </trkpt>
   <trkpt lat="4.7958270" lon="-75.6508420">
    <ele>1475.9</ele>
   </trkpt>
   <trkpt lat="4.7958210" lon="-75.6508410">
    <ele>1475.9</ele>
   </trkpt>
   <trkpt lat="4.7958140" lon="-75.6508400">
    <ele>1476.0</ele>
   </trkpt>
   <trkpt lat="4.7958070" lon="-75.6508380">
    <ele>1476.0</ele>
   </trkpt>
   <trkpt lat="4.7957980" lon="-75.6508390">
    <ele>1476.0</ele>
   </trkpt>
   <trkpt lat="4.7957910" lon="-75.6508380">
    <ele>1476.0</ele>
   </trkpt>
   <trkpt lat="4.7957830" lon="-75.6508390">
    <ele>1476.1</ele>
   </trkpt>
   <trkpt lat="4.7957750" lon="-75.6508380">
    <ele>1476.1</ele>
   </trkpt>
   <trkpt lat="4.7957680" lon="-75.6508380">
    <ele>1476.1</ele>
   </trkpt>
   <trkpt lat="4.7957570" lon="-75.6508370">
    <ele>1476.2</ele>
   </trkpt>
   <trkpt lat="4.7957530" lon="-75.6508350">
    <ele>1476.2</ele>
   </trkpt>
   <trkpt lat="4.7957470" lon="-75.6508340">
    <ele>1476.2</ele>
   </trkpt>
   <trkpt lat="4.7957420" lon="-75.6508290">
    <ele>1476.3</ele>
   </trkpt>
   <trkpt lat="4.7957390" lon="-75.6508240">
    <ele>1476.3</ele>
   </trkpt>
   <trkpt lat="4.7957330" lon="-75.6508170">
    <ele>1476.3</ele>
   </trkpt>
   <trkpt lat="4.7957300" lon="-75.6508120">
    <ele>1476.4</ele>
   </trkpt>
   <trkpt lat="4.7957260" lon="-75.6508060">
    <ele>1476.4</ele>
   </trkpt>
   <trkpt lat="4.7957210" lon="-75.6507980">
    <ele>1476.4</ele>
   </trkpt>
   <trkpt lat="4.7957180" lon="-75.6507900">
    <ele>1476.5</ele>
   </trkpt>
   <trkpt lat="4.7957060" lon="-75.6507810">
    <ele>1476.5</ele>
   </trkpt>
   <trkpt lat="4.7957040" lon="-75.6507740">
    <ele>1476.6</ele>
   </trkpt>
   <trkpt lat="4.7956990" lon="-75.6507640">
    <ele>1476.6</ele>
   </trkpt>
   <trkpt lat="4.7956940" lon="-75.6507560">
    <ele>1476.7</ele>
   </trkpt>
   <trkpt lat="4.7956900" lon="-75.6507520">
    <ele>1476.7</ele>
   </trkpt>
   <trkpt lat="4.7956850" lon="-75.6507500">
    <ele>1476.7</ele>
   </trkpt>
   <trkpt lat="4.7956810" lon="-75.6507470">
    <ele>1476.8</ele>
   </trkpt>
   <trkpt lat="4.7956770" lon="-75.6507430">
    <ele>1476.8</ele>
   </trkpt>
   <trkpt lat="4.7956720" lon="-75.6507450">
    <ele>1476.8</ele>
   </trkpt>
   <trkpt lat="4.7956660" lon="-75.6507450">
    <ele>1476.8</ele>
   </trkpt>
   <trkpt lat="4.7956600" lon="-75.6507430">
    <ele>1476.9</ele>
   </trkpt>
   <trkpt lat="4.7956490" lon="-75.6507490">
    <ele>1477.0</ele>
   </trkpt>
   <trkpt lat="4.7956390" lon="-75.6507530">
    <ele>1477.0</ele>
   </trkpt>
   <trkpt lat="4.7956300" lon="-75.6507560">
    <ele>1477.1</ele>
   </trkpt>
   <trkpt lat="4.7956200" lon="-75.6507620">
    <ele>1477.1</ele>
   </trkpt>
   <trkpt lat="4.7956110" lon="-75.6507670">
    <ele>1477.2</ele>
   </trkpt>
   <trkpt lat="4.7956050" lon="-75.6507700">
    <ele>1477.2</ele>
   </trkpt>
   <trkpt lat="4.7955960" lon="-75.6507730">
    <ele>1477.3</ele>
   </trkpt>
   <trkpt lat="4.7955880" lon="-75.6507760">
    <ele>1477.3</ele>
   </trkpt>
   <trkpt lat="4.7955800" lon="-75.6507800">
    <ele>1477.4</ele>
   </trkpt>
   <trkpt lat="4.7955710" lon="-75.6507840">
    <ele>1477.4</ele>
   </trkpt>
   <trkpt lat="4.7955640" lon="-75.6507870">
    <ele>1477.5</ele>
   </trkpt>
   <trkpt lat="4.7955570" lon="-75.6507870">
    <ele>1477.5</ele>
   </trkpt>
   <trkpt lat="4.7955500" lon="-75.6507860">
    <ele>1477.6</ele>
   </trkpt>
   <trkpt lat="4.7955420" lon="-75.6507830">
    <ele>1477.6</ele>
   </trkpt>
   <trkpt lat="4.7955360" lon="-75.6507830">
    <ele>1477.7</ele>
   </trkpt>
   <trkpt lat="4.7955280" lon="-75.6507830">
    <ele>1477.7</ele>
   </trkpt>
   <trkpt lat="4.7955210" lon="-75.6507830">
    <ele>1477.8</ele>
   </trkpt>
   <trkpt lat="4.7955120" lon="-75.6507810">
    <ele>1477.8</ele>
   </trkpt>
   <trkpt lat="4.7955050" lon="-75.6507800">
    <ele>1477.9</ele>
   </trkpt>
   <trkpt lat="4.7954970" lon="-75.6507800">
    <ele>1477.9</ele>
   </trkpt>
   <trkpt lat="4.7954890" lon="-75.6507810">
    <ele>1478.0</ele>
   </trkpt>
   <trkpt lat="4.7954820" lon="-75.6507810">
    <ele>1478.0</ele>
   </trkpt>
   <trkpt lat="4.7954740" lon="-75.6507810">
    <ele>1478.1</ele>
   </trkpt>
   <trkpt lat="4.7954680" lon="-75.6507810">
    <ele>1478.1</ele>
   </trkpt>
   <trkpt lat="4.7954610" lon="-75.6507800">
    <ele>1478.1</ele>
   </trkpt>
   <trkpt lat="4.7954540" lon="-75.6507770">
    <ele>1478.2</ele>
   </trkpt>
   <trkpt lat="4.7954470" lon="-75.6507740">
    <ele>1478.2</ele>
   </trkpt>
   <trkpt lat="4.7954400" lon="-75.6507720">
    <ele>1478.3</ele>
   </trkpt>
   <trkpt lat="4.7954340" lon="-75.6507700">
    <ele>1478.3</ele>
   </trkpt>
   <trkpt lat="4.7954270" lon="-75.6507670">
    <ele>1478.4</ele>
   </trkpt>
   <trkpt lat="4.7954180" lon="-75.6507640">
    <ele>1478.4</ele>
   </trkpt>
   <trkpt lat="4.7954140" lon="-75.6507630">
    <ele>1478.5</ele>
   </trkpt>
   <trkpt lat="4.7954080" lon="-75.6507620">
    <ele>1478.5</ele>
   </trkpt>
   <trkpt lat="4.7954020" lon="-75.6507600">
    <ele>1478.5</ele>
   </trkpt>
   <trkpt lat="4.7953960" lon="-75.6507570">
    <ele>1478.6</ele>
   </trkpt>
   <trkpt lat="4.7953910" lon="-75.6507540">
    <ele>1478.6</ele>
   </trkpt>
   <trkpt lat="4.7953850" lon="-75.6507510">
    <ele>1478.6</ele>
   </trkpt>
   <trkpt lat="4.7953790" lon="-75.6507470">
    <ele>1478.7</ele>
   </trkpt>
   <trkpt lat="4.7953730" lon="-75.6507420">
    <ele>1478.7</ele>
   </trkpt>
   <trkpt lat="4.7953670" lon="-75.6507350">
    <ele>1478.8</ele>
   </trkpt>
   <trkpt lat="4.7953620" lon="-75.6507300">
    <ele>1478.8</ele>
   </trkpt>
   <trkpt lat="4.7953560" lon="-75.6507250">
    <ele>1478.9</ele>
   </trkpt>
   <trkpt lat="4.7953510" lon="-75.6507180">
    <ele>1478.9</ele>
   </trkpt>
   <trkpt lat="4.7953460" lon="-75.6507120">
    <ele>1478.9</ele>
   </trkpt>
   <trkpt lat="4.7953400" lon="-75.6507050">
    <ele>1479.0</ele>
   </trkpt>
   <trkpt lat="4.7953360" lon="-75.6507000">
    <ele>1479.0</ele>
   </trkpt>
   <trkpt lat="4.7953310" lon="-75.6506960">
    <ele>1479.1</ele>
   </trkpt>
   <trkpt lat="4.7953240" lon="-75.6506880">
    <ele>1479.1</ele>
   </trkpt>
   <trkpt lat="4.7953170" lon="-75.6506800">
    <ele>1479.2</ele>
   </trkpt>
   <trkpt lat="4.7953110" lon="-75.6506720">
    <ele>1479.2</ele>
   </trkpt>
   <trkpt lat="4.7953050" lon="-75.6506660">
    <ele>1479.2</ele>
   </trkpt>
   <trkpt lat="4.7953000" lon="-75.6506590">
    <ele>1479.3</ele>
   </trkpt>
   <trkpt lat="4.7952950" lon="-75.6506490">
    <ele>1479.3</ele>
   </trkpt>
   <trkpt lat="4.7952920" lon="-75.6506450">
    <ele>1479.4</ele>
   </trkpt>
   <trkpt lat="4.7952880" lon="-75.6506400">
    <ele>1479.4</ele>
   </trkpt>
   <trkpt lat="4.7952830" lon="-75.6506350">
    <ele>1479.4</ele>
   </trkpt>
   <trkpt lat="4.7952760" lon="-75.6506330">
    <ele>1479.4</ele>
   </trkpt>
   <trkpt lat="4.7952690" lon="-75.6506300">
    <ele>1479.5</ele>
   </trkpt>
   <trkpt lat="4.7952640" lon="-75.6506260">
    <ele>1479.5</ele>
   </trkpt>
   <trkpt lat="4.7952570" lon="-75.6506230">
    <ele>1479.5</ele>
   </trkpt>
   <trkpt lat="4.7952500" lon="-75.6506190">
    <ele>1479.6</ele>
   </trkpt>
   <trkpt lat="4.7952460" lon="-75.6506150">
    <ele>1479.6</ele>
   </trkpt>
   <trkpt lat="4.7952400" lon="-75.6506070">
    <ele>1479.6</ele>
   </trkpt>
   <trkpt lat="4.7952360" lon="-75.6506030">
    <ele>1479.7</ele>
   </trkpt>
   <trkpt lat="4.7952320" lon="-75.6505990">
    <ele>1479.7</ele>
   </trkpt>
   <trkpt lat="4.7952280" lon="-75.6505930">
    <ele>1479.7</ele>
   </trkpt>
   <trkpt lat="4.7952240" lon="-75.6505880">
    <ele>1479.7</ele>
   </trkpt>
   <trkpt lat="4.7952170" lon="-75.6505800">
    <ele>1479.8</ele>
   </trkpt>
   <trkpt lat="4.7952120" lon="-75.6505700">
    <ele>1479.8</ele>
   </trkpt>
   <trkpt lat="4.7952080" lon="-75.6505650">
    <ele>1479.8</ele>
   </trkpt>
   <trkpt lat="4.7952040" lon="-75.6505590">
    <ele>1479.8</ele>
   </trkpt>
   <trkpt lat="4.7951990" lon="-75.6505540">
    <ele>1479.9</ele>
   </trkpt>
   <trkpt lat="4.7951930" lon="-75.6505490">
    <ele>1479.9</ele>
   </trkpt>
   <trkpt lat="4.7951830" lon="-75.6505400">
    <ele>1479.9</ele>
   </trkpt>
   <trkpt lat="4.7951790" lon="-75.6505380">
    <ele>1479.9</ele>
   </trkpt>
   <trkpt lat="4.7951750" lon="-75.6505320">
    <ele>1480.0</ele>
   </trkpt>
   <trkpt lat="4.7951710" lon="-75.6505250">
    <ele>1480.0</ele>
   </trkpt>
   <trkpt lat="4.7951670" lon="-75.6505170">
    <ele>1480.0</ele>
   </trkpt>
   <trkpt lat="4.7951610" lon="-75.6505060">
    <ele>1480.0</ele>
   </trkpt>
   <trkpt lat="4.7951600" lon="-75.6505050">
    <ele>1480.0</ele>
   </trkpt>
   <trkpt lat="4.7951560" lon="-75.6504980">
    <ele>1480.1</ele>
   </trkpt>
   <trkpt lat="4.7951500" lon="-75.6504900">
    <ele>1480.1</ele>
   </trkpt>
   <trkpt lat="4.7951470" lon="-75.6504830">
    <ele>1480.1</ele>
   </trkpt>
   <trkpt lat="4.7951460" lon="-75.6504770">
    <ele>1480.1</ele>
   </trkpt>
   <trkpt lat="4.7951440" lon="-75.6504700">
    <ele>1480.1</ele>
   </trkpt>
   <trkpt lat="4.7951400" lon="-75.6504630">
    <ele>1480.2</ele>
   </trkpt>
   <trkpt lat="4.7951350" lon="-75.6504560">
    <ele>1480.2</ele>
   </trkpt>
   <trkpt lat="4.7951300" lon="-75.6504470">
    <ele>1480.2</ele>
   </trkpt>
   <trkpt lat="4.7951220" lon="-75.6504430">
    <ele>1480.2</ele>
   </trkpt>
   <trkpt lat="4.7951150" lon="-75.6504390">
    <ele>1480.2</ele>
   </trkpt>
   <trkpt lat="4.7951060" lon="-75.6504340">
    <ele>1480.3</ele>
   </trkpt>
   <trkpt lat="4.7950960" lon="-75.6504300">
    <ele>1480.3</ele>
   </trkpt>
   <trkpt lat="4.7950850" lon="-75.6504220">
    <ele>1480.3</ele>
   </trkpt>
   <trkpt lat="4.7950800" lon="-75.6504230">
    <ele>1480.3</ele>
   </trkpt>
   <trkpt lat="4.7950720" lon="-75.6504200">
    <ele>1480.4</ele>
   </trkpt>
   <trkpt lat="4.7950630" lon="-75.6504170">
    <ele>1480.4</ele>
   </trkpt>
   <trkpt lat="4.7950560" lon="-75.6504110">
    <ele>1480.4</ele>
   </trkpt>
   <trkpt lat="4.7950500" lon="-75.6504030">
    <ele>1480.4</ele>
   </trkpt>
   <trkpt lat="4.7950430" lon="-75.6503960">
    <ele>1480.4</ele>
   </trkpt>
   <trkpt lat="4.7950390" lon="-75.6503910">
    <ele>1480.5</ele>
   </trkpt>
   <trkpt lat="4.7950340" lon="-75.6503830">
    <ele>1480.5</ele>
   </trkpt>
   <trkpt lat="4.7950290" lon="-75.6503750">
    <ele>1480.5</ele>
   </trkpt>
   <trkpt lat="4.7950230" lon="-75.6503680">
    <ele>1480.5</ele>
   </trkpt>
   <trkpt lat="4.7950180" lon="-75.6503600">
    <ele>1480.5</ele>
   </trkpt>
   <trkpt lat="4.7950110" lon="-75.6503520">
    <ele>1480.6</ele>
   </trkpt>
   <trkpt lat="4.7950030" lon="-75.6503450">
    <ele>1480.6</ele>
   </trkpt>
   <trkpt lat="4.7949950" lon="-75.6503390">
    <ele>1480.6</ele>
   </trkpt>
   <trkpt lat="4.7949860" lon="-75.6503300">
    <ele>1480.6</ele>
   </trkpt>
   <trkpt lat="4.7949800" lon="-75.6503270">
    <ele>1480.6</ele>
   </trkpt>
   <trkpt lat="4.7949740" lon="-75.6503220">
    <ele>1480.7</ele>
   </trkpt>
   <trkpt lat="4.7949670" lon="-75.6503170">
    <ele>1480.7</ele>
   </trkpt>
   <trkpt lat="4.7949700" lon="-75.6503150">
    <ele>1480.7</ele>
   </trkpt>
   <trkpt lat="4.7949680" lon="-75.6503100">
    <ele>1480.7</ele>
   </trkpt>
   <trkpt lat="4.7949630" lon="-75.6503020">
    <ele>1480.7</ele>
   </trkpt>
   <trkpt lat="4.7949560" lon="-75.6502950">
    <ele>1480.7</ele>
   </trkpt>
   <trkpt lat="4.7949600" lon="-75.6502980">
    <ele>1480.8</ele>
   </trkpt>
   <trkpt lat="4.7949580" lon="-75.6502990">
    <ele>1480.8</ele>
   </trkpt>
   <trkpt lat="4.7949540" lon="-75.6503030">
    <ele>1480.8</ele>
   </trkpt>
   <trkpt lat="4.7949490" lon="-75.6503010">
    <ele>1480.8</ele>
   </trkpt>
   <trkpt lat="4.7949410" lon="-75.6503030">
    <ele>1480.8</ele>
   </trkpt>
   <trkpt lat="4.7949340" lon="-75.6503040">
    <ele>1480.8</ele>
   </trkpt>
   <trkpt lat="4.7949220" lon="-75.6503010">
    <ele>1480.8</ele>
   </trkpt>
   <trkpt lat="4.7949190" lon="-75.6503020">
    <ele>1480.8</ele>
   </trkpt>
   <trkpt lat="4.7949120" lon="-75.6502980">
    <ele>1480.9</ele>
   </trkpt>
   <trkpt lat="4.7949080" lon="-75.6502960">
    <ele>1480.9</ele>
   </trkpt>
   <trkpt lat="4.7949050" lon="-75.6502960">
    <ele>1480.9</ele>
   </trkpt>
   <trkpt lat="4.7949050" lon="-75.6502950">
    <ele>1480.9</ele>
   </trkpt>
   <trkpt lat="4.7948990" lon="-75.6502900">
    <ele>1480.9</ele>
   </trkpt>
   <trkpt lat="4.7949000" lon="-75.6502920">
    <ele>1480.9</ele>
   </trkpt>
   <trkpt lat="4.7948970" lon="-75.6502900">
    <ele>1480.9</ele>
   </trkpt>
   <trkpt lat="4.7948910" lon="-75.6502870">
    <ele>1480.9</ele>
   </trkpt>
   <trkpt lat="4.7948860" lon="-75.6502850">
    <ele>1480.9</ele>
   </trkpt>
   <trkpt lat="4.7948790" lon="-75.6502810">
    <ele>1480.9</ele>
   </trkpt>
   <trkpt lat="4.7948720" lon="-75.6502780">
    <ele>1481.0</ele>
   </trkpt>
   <trkpt lat="4.7948650" lon="-75.6502730">
    <ele>1481.0</ele>
   </trkpt>
   <trkpt lat="4.7948620" lon="-75.6502700">
    <ele>1481.0</ele>
   </trkpt>
   <trkpt lat="4.7948580" lon="-75.6502670">
    <ele>1481.0</ele>
   </trkpt>
   <trkpt lat="4.7948530" lon="-75.6502650">
    <ele>1481.0</ele>
   </trkpt>
   <trkpt lat="4.7948480" lon="-75.6502610">
    <ele>1481.0</ele>
   </trkpt>
   <trkpt lat="4.7948420" lon="-75.6502580">
    <ele>1481.0</ele>
   </trkpt>
   <trkpt lat="4.7948350" lon="-75.6502530">
    <ele>1481.0</ele>
   </trkpt>
   <trkpt lat="4.7948250" lon="-75.6502450">
    <ele>1481.0</ele>
   </trkpt>
   <trkpt lat="4.7948140" lon="-75.6502330">
    <ele>1481.1</ele>
   </trkpt>
   <trkpt lat="4.7947990" lon="-75.6502150">
    <ele>1481.1</ele>
   </trkpt>
   <trkpt lat="4.7947940" lon="-75.6502050">
    <ele>1481.1</ele>
   </trkpt>
   <trkpt lat="4.7947870" lon="-75.6501900">
    <ele>1481.1</ele>
   </trkpt>
   <trkpt lat="4.7947780" lon="-75.6501760">
    <ele>1481.1</ele>
   </trkpt>
   <trkpt lat="4.7947680" lon="-75.6501650">
    <ele>1481.1</ele>
   </trkpt>
   <trkpt lat="4.7947570" lon="-75.6501540">
    <ele>1481.1</ele>
   </trkpt>
   <trkpt lat="4.7947440" lon="-75.6501420">
    <ele>1481.2</ele>
   </trkpt>
   <trkpt lat="4.7947330" lon="-75.6501350">
    <ele>1481.2</ele>
   </trkpt>
   <trkpt lat="4.7947210" lon="-75.6501290">
    <ele>1481.2</ele>
   </trkpt>
   <trkpt lat="4.7947100" lon="-75.6501240">
    <ele>1481.2</ele>
   </trkpt>
   <trkpt lat="4.7947030" lon="-75.6501180">
    <ele>1481.2</ele>
   </trkpt>
   <trkpt lat="4.7946910" lon="-75.6501070">
    <ele>1481.2</ele>
   </trkpt>
   <trkpt lat="4.7946880" lon="-75.6501030">
    <ele>1481.1</ele>
   </trkpt>
   <trkpt lat="4.7946790" lon="-75.6500920">
    <ele>1481.1</ele>
   </trkpt>
   <trkpt lat="4.7946700" lon="-75.6500810">
    <ele>1481.1</ele>
   </trkpt>
   <trkpt lat="4.7946620" lon="-75.6500700">
    <ele>1481.1</ele>
   </trkpt>
   <trkpt lat="4.7946540" lon="-75.6500550">
    <ele>1481.1</ele>
   </trkpt>
   <trkpt lat="4.7946520" lon="-75.6500520">
    <ele>1481.1</ele>
   </trkpt>
   <trkpt lat="4.7946490" lon="-75.6500480">
    <ele>1481.1</ele>
   </trkpt>
   <trkpt lat="4.7946470" lon="-75.6500430">
    <ele>1481.1</ele>
   </trkpt>
   <trkpt lat="4.7946420" lon="-75.6500370">
    <ele>1481.1</ele>
   </trkpt>
   <trkpt lat="4.7946370" lon="-75.6500300">
    <ele>1481.1</ele>
   </trkpt>
   <trkpt lat="4.7946320" lon="-75.6500230">
    <ele>1481.1</ele>
   </trkpt>
   <trkpt lat="4.7946280" lon="-75.6500160">
    <ele>1481.1</ele>
   </trkpt>
   <trkpt lat="4.7946220" lon="-75.6500090">
    <ele>1481.1</ele>
   </trkpt>
   <trkpt lat="4.7946170" lon="-75.6500030">
    <ele>1481.1</ele>
   </trkpt>
   <trkpt lat="4.7946100" lon="-75.6499940">
    <ele>1481.1</ele>
   </trkpt>
   <trkpt lat="4.7946020" lon="-75.6499850">
    <ele>1481.1</ele>
   </trkpt>
   <trkpt lat="4.7945940" lon="-75.6499760">
    <ele>1481.1</ele>
   </trkpt>
   <trkpt lat="4.7945800" lon="-75.6499610">
    <ele>1481.1</ele>
   </trkpt>
   <trkpt lat="4.7946020" lon="-75.6499680">
    <ele>1481.1</ele>
   </trkpt>
   <trkpt lat="4.7946180" lon="-75.6499650">
    <ele>1481.0</ele>
   </trkpt>
   <trkpt lat="4.7946250" lon="-75.6499610">
    <ele>1481.0</ele>
   </trkpt>
   <trkpt lat="4.7946200" lon="-75.6499560">
    <ele>1481.0</ele>
   </trkpt>
   <trkpt lat="4.7946080" lon="-75.6499480">
    <ele>1481.0</ele>
   </trkpt>
   <trkpt lat="4.7946030" lon="-75.6499450">
    <ele>1481.0</ele>
   </trkpt>
   <trkpt lat="4.7945970" lon="-75.6499380">
    <ele>1481.0</ele>
   </trkpt>
   <trkpt lat="4.7945920" lon="-75.6499300">
    <ele>1481.0</ele>
   </trkpt>
   <trkpt lat="4.7945880" lon="-75.6499210">
    <ele>1481.0</ele>
   </trkpt>
   <trkpt lat="4.7945820" lon="-75.6499120">
    <ele>1481.0</ele>
   </trkpt>
   <trkpt lat="4.7945760" lon="-75.6499030">
    <ele>1481.0</ele>
   </trkpt>
   <trkpt lat="4.7945680" lon="-75.6498920">
    <ele>1481.0</ele>
   </trkpt>
   <trkpt lat="4.7945600" lon="-75.6498810">
    <ele>1481.0</ele>
   </trkpt>
   <trkpt lat="4.7945500" lon="-75.6498700">
    <ele>1481.0</ele>
   </trkpt>
   <trkpt lat="4.7945440" lon="-75.6498640">
    <ele>1481.0</ele>
   </trkpt>
   <trkpt lat="4.7945380" lon="-75.6498580">
    <ele>1481.0</ele>
   </trkpt>
   <trkpt lat="4.7945320" lon="-75.6498530">
    <ele>1481.0</ele>
   </trkpt>
   <trkpt lat="4.7945250" lon="-75.6498460">
    <ele>1481.0</ele>
   </trkpt>
   <trkpt lat="4.7945180" lon="-75.6498370">
    <ele>1481.0</ele>
   </trkpt>
   <trkpt lat="4.7945110" lon="-75.6498280">
    <ele>1481.0</ele>
   </trkpt>
   <trkpt lat="4.7945050" lon="-75.6498190">
    <ele>1481.0</ele>
   </trkpt>
   <trkpt lat="4.7945030" lon="-75.6498160">
    <ele>1481.0</ele>
   </trkpt>
   <trkpt lat="4.7944970" lon="-75.6498090">
    <ele>1481.0</ele>
   </trkpt>
   <trkpt lat="4.7944900" lon="-75.6498010">
    <ele>1481.0</ele>
   </trkpt>
   <trkpt lat="4.7944840" lon="-75.6497930">
    <ele>1481.0</ele>
   </trkpt>
   <trkpt lat="4.7944770" lon="-75.6497860">
    <ele>1481.0</ele>
   </trkpt>
   <trkpt lat="4.7944720" lon="-75.6497780">
    <ele>1481.0</ele>
   </trkpt>
   <trkpt lat="4.7944610" lon="-75.6497640">
    <ele>1481.0</ele>
   </trkpt>
   <trkpt lat="4.7944570" lon="-75.6497600">
    <ele>1481.0</ele>
   </trkpt>
   <trkpt lat="4.7944520" lon="-75.6497500">
    <ele>1481.0</ele>
   </trkpt>
   <trkpt lat="4.7944470" lon="-75.6497420">
    <ele>1481.0</ele>
   </trkpt>
   <trkpt lat="4.7944410" lon="-75.6497350">
    <ele>1481.0</ele>
   </trkpt>
   <trkpt lat="4.7944340" lon="-75.6497270">
    <ele>1481.1</ele>
   </trkpt>
   <trkpt lat="4.7944520" lon="-75.6497460">
    <ele>1481.1</ele>
   </trkpt>
   <trkpt lat="4.7944560" lon="-75.6497620">
    <ele>1481.1</ele>
   </trkpt>
   <trkpt lat="4.7944510" lon="-75.6497660">
    <ele>1481.1</ele>
   </trkpt>
   <trkpt lat="4.7944400" lon="-75.6497830">
    <ele>1481.1</ele>
   </trkpt>
   <trkpt lat="4.7944340" lon="-75.6497830">
    <ele>1481.1</ele>
   </trkpt>
   <trkpt lat="4.7944290" lon="-75.6497780">
    <ele>1481.2</ele>
   </trkpt>
   <trkpt lat="4.7944250" lon="-75.6497740">
    <ele>1481.2</ele>
   </trkpt>
   <trkpt lat="4.7944200" lon="-75.6497690">
    <ele>1481.2</ele>
   </trkpt>
   <trkpt lat="4.7944180" lon="-75.6497640">
    <ele>1481.2</ele>
   </trkpt>
   <trkpt lat="4.7944130" lon="-75.6497600">
    <ele>1481.2</ele>
   </trkpt>
   <trkpt lat="4.7944090" lon="-75.6497510">
    <ele>1481.2</ele>
   </trkpt>
   <trkpt lat="4.7944060" lon="-75.6497480">
    <ele>1481.2</ele>
   </trkpt>
   <trkpt lat="4.7944030" lon="-75.6497420">
    <ele>1481.2</ele>
   </trkpt>
   <trkpt lat="4.7944000" lon="-75.6497350">
    <ele>1481.2</ele>
   </trkpt>
   <trkpt lat="4.7943960" lon="-75.6497290">
    <ele>1481.3</ele>
   </trkpt>
   <trkpt lat="4.7943940" lon="-75.6497200">
    <ele>1481.3</ele>
   </trkpt>
   <trkpt lat="4.7943910" lon="-75.6497120">
    <ele>1481.3</ele>
   </trkpt>
   <trkpt lat="4.7943880" lon="-75.6497040">
    <ele>1481.3</ele>
   </trkpt>
   <trkpt lat="4.7943850" lon="-75.6496950">
    <ele>1481.3</ele>
   </trkpt>
   <trkpt lat="4.7943820" lon="-75.6496870">
    <ele>1481.4</ele>
   </trkpt>
   <trkpt lat="4.7943800" lon="-75.6496780">
    <ele>1481.4</ele>
   </trkpt>
   <trkpt lat="4.7943760" lon="-75.6496670">
    <ele>1481.4</ele>
   </trkpt>
   <trkpt lat="4.7943740" lon="-75.6496630">
    <ele>1481.4</ele>
   </trkpt>
   <trkpt lat="4.7943710" lon="-75.6496550">
    <ele>1481.4</ele>
   </trkpt>
   <trkpt lat="4.7943670" lon="-75.6496450">
    <ele>1481.5</ele>
   </trkpt>
   <trkpt lat="4.7943640" lon="-75.6496370">
    <ele>1481.5</ele>
   </trkpt>
   <trkpt lat="4.7943600" lon="-75.6496290">
    <ele>1481.5</ele>
   </trkpt>
   <trkpt lat="4.7943550" lon="-75.6496200">
    <ele>1481.6</ele>
   </trkpt>
   <trkpt lat="4.7943520" lon="-75.6496130">
    <ele>1481.6</ele>
   </trkpt>
   <trkpt lat="4.7943480" lon="-75.6496050">
    <ele>1481.6</ele>
   </trkpt>
   <trkpt lat="4.7943450" lon="-75.6495970">
    <ele>1481.6</ele>
   </trkpt>
   <trkpt lat="4.7943430" lon="-75.6495890">
    <ele>1481.7</ele>
   </trkpt>
   <trkpt lat="4.7943400" lon="-75.6495780">
    <ele>1481.7</ele>
   </trkpt>
   <trkpt lat="4.7943390" lon="-75.6495730">
    <ele>1481.7</ele>
   </trkpt>
   <trkpt lat="4.7943360" lon="-75.6495650">
    <ele>1481.7</ele>
   </trkpt>
   <trkpt lat="4.7943330" lon="-75.6495570">
    <ele>1481.8</ele>
   </trkpt>
   <trkpt lat="4.7943300" lon="-75.6495490">
    <ele>1481.8</ele>
   </trkpt>
   <trkpt lat="4.7943270" lon="-75.6495410">
    <ele>1481.8</ele>
   </trkpt>
   <trkpt lat="4.7943250" lon="-75.6495330">
    <ele>1481.8</ele>
   </trkpt>
   <trkpt lat="4.7943220" lon="-75.6495250">
    <ele>1481.9</ele>
   </trkpt>
   <trkpt lat="4.7943190" lon="-75.6495180">
    <ele>1481.9</ele>
   </trkpt>
   <trkpt lat="4.7943160" lon="-75.6495090">
    <ele>1481.9</ele>
   </trkpt>
   <trkpt lat="4.7943140" lon="-75.6495000">
    <ele>1481.9</ele>
   </trkpt>
   <trkpt lat="4.7943120" lon="-75.6494920">
    <ele>1482.0</ele>
   </trkpt>
   <trkpt lat="4.7943090" lon="-75.6494800">
    <ele>1482.0</ele>
   </trkpt>
   <trkpt lat="4.7943070" lon="-75.6494720">
    <ele>1482.0</ele>
   </trkpt>
   <trkpt lat="4.7943050" lon="-75.6494630">
    <ele>1482.1</ele>
   </trkpt>
   <trkpt lat="4.7943020" lon="-75.6494550">
    <ele>1482.1</ele>
   </trkpt>
   <trkpt lat="4.7943000" lon="-75.6494460">
    <ele>1482.1</ele>
   </trkpt>
   <trkpt lat="4.7942970" lon="-75.6494360">
    <ele>1482.2</ele>
   </trkpt>
   <trkpt lat="4.7942950" lon="-75.6494300">
    <ele>1482.2</ele>
   </trkpt>
   <trkpt lat="4.7942920" lon="-75.6494230">
    <ele>1482.2</ele>
   </trkpt>
   <trkpt lat="4.7942870" lon="-75.6494140">
    <ele>1482.2</ele>
   </trkpt>
   <trkpt lat="4.7942820" lon="-75.6494050">
    <ele>1482.3</ele>
   </trkpt>
   <trkpt lat="4.7942770" lon="-75.6493980">
    <ele>1482.3</ele>
   </trkpt>
   <trkpt lat="4.7942710" lon="-75.6493900">
    <ele>1482.3</ele>
   </trkpt>
   <trkpt lat="4.7942680" lon="-75.6493810">
    <ele>1482.3</ele>
   </trkpt>
   <trkpt lat="4.7942630" lon="-75.6493720">
    <ele>1482.4</ele>
   </trkpt>
   <trkpt lat="4.7942580" lon="-75.6493640">
    <ele>1482.4</ele>
   </trkpt>
   <trkpt lat="4.7942540" lon="-75.6493560">
    <ele>1482.4</ele>
   </trkpt>
   <trkpt lat="4.7942480" lon="-75.6493430">
    <ele>1482.5</ele>
   </trkpt>
   <trkpt lat="4.7942460" lon="-75.6493370">
    <ele>1482.5</ele>
   </trkpt>
   <trkpt lat="4.7942440" lon="-75.6493300">
    <ele>1482.5</ele>
   </trkpt>
   <trkpt lat="4.7942410" lon="-75.6493210">
    <ele>1482.5</ele>
   </trkpt>
   <trkpt lat="4.7942380" lon="-75.6493120">
    <ele>1482.6</ele>
   </trkpt>
   <trkpt lat="4.7942350" lon="-75.6493040">
    <ele>1482.6</ele>
   </trkpt>
   <trkpt lat="4.7942310" lon="-75.6492940">
    <ele>1482.6</ele>
   </trkpt>
   <trkpt lat="4.7942290" lon="-75.6492880">
    <ele>1482.7</ele>
   </trkpt>
   <trkpt lat="4.7942260" lon="-75.6492800">
    <ele>1482.7</ele>
   </trkpt>
   <trkpt lat="4.7942240" lon="-75.6492710">
    <ele>1482.7</ele>
   </trkpt>
   <trkpt lat="4.7942220" lon="-75.6492620">
    <ele>1482.7</ele>
   </trkpt>
   <trkpt lat="4.7942170" lon="-75.6492560">
    <ele>1482.8</ele>
   </trkpt>
   <trkpt lat="4.7942110" lon="-75.6492480">
    <ele>1482.8</ele>
   </trkpt>
   <trkpt lat="4.7942060" lon="-75.6492400">
    <ele>1482.8</ele>
   </trkpt>
   <trkpt lat="4.7942000" lon="-75.6492330">
    <ele>1482.8</ele>
   </trkpt>
   <trkpt lat="4.7941950" lon="-75.6492250">
    <ele>1482.9</ele>
   </trkpt>
   <trkpt lat="4.7941940" lon="-75.6492190">
    <ele>1482.9</ele>
   </trkpt>
   <trkpt lat="4.7941930" lon="-75.6492120">
    <ele>1482.9</ele>
   </trkpt>
   <trkpt lat="4.7941890" lon="-75.6492050">
    <ele>1482.9</ele>
   </trkpt>
   <trkpt lat="4.7941880" lon="-75.6492000">
    <ele>1483.0</ele>
   </trkpt>
   <trkpt lat="4.7941850" lon="-75.6491950">
    <ele>1483.0</ele>
   </trkpt>
   <trkpt lat="4.7941820" lon="-75.6491890">
    <ele>1483.0</ele>
   </trkpt>
   <trkpt lat="4.7941790" lon="-75.6491840">
    <ele>1483.0</ele>
   </trkpt>
   <trkpt lat="4.7941740" lon="-75.6491750">
    <ele>1483.0</ele>
   </trkpt>
   <trkpt lat="4.7941730" lon="-75.6491710">
    <ele>1483.1</ele>
   </trkpt>
   <trkpt lat="4.7941720" lon="-75.6491690">
    <ele>1483.1</ele>
   </trkpt>
   <trkpt lat="4.7941690" lon="-75.6491690">
    <ele>1483.1</ele>
   </trkpt>
   <trkpt lat="4.7941670" lon="-75.6491680">
    <ele>1483.1</ele>
   </trkpt>
   <trkpt lat="4.7941630" lon="-75.6491650">
    <ele>1483.1</ele>
   </trkpt>
   <trkpt lat="4.7941590" lon="-75.6491630">
    <ele>1483.1</ele>
   </trkpt>
   <trkpt lat="4.7941550" lon="-75.6491580">
    <ele>1483.1</ele>
   </trkpt>
   <trkpt lat="4.7941530" lon="-75.6491540">
    <ele>1483.1</ele>
   </trkpt>
   <trkpt lat="4.7941490" lon="-75.6491500">
    <ele>1483.2</ele>
   </trkpt>
   <trkpt lat="4.7941450" lon="-75.6491460">
    <ele>1483.2</ele>
   </trkpt>
   <trkpt lat="4.7941400" lon="-75.6491410">
    <ele>1483.2</ele>
   </trkpt>
   <trkpt lat="4.7941320" lon="-75.6491360">
    <ele>1483.2</ele>
   </trkpt>
   <trkpt lat="4.7941260" lon="-75.6491300">
    <ele>1483.2</ele>
   </trkpt>
   <trkpt lat="4.7941210" lon="-75.6491240">
    <ele>1483.3</ele>
   </trkpt>
   <trkpt lat="4.7941170" lon="-75.6491170">
    <ele>1483.3</ele>
   </trkpt>
   <trkpt lat="4.7941130" lon="-75.6491090">
    <ele>1483.3</ele>
   </trkpt>
   <trkpt lat="4.7941090" lon="-75.6491030">
    <ele>1483.3</ele>
   </trkpt>
   <trkpt lat="4.7941060" lon="-75.6490940">
    <ele>1483.4</ele>
   </trkpt>
   <trkpt lat="4.7941040" lon="-75.6490860">
    <ele>1483.4</ele>
   </trkpt>
   <trkpt lat="4.7941020" lon="-75.6490770">
    <ele>1483.4</ele>
   </trkpt>
   <trkpt lat="4.7940990" lon="-75.6490680">
    <ele>1483.5</ele>
   </trkpt>
   <trkpt lat="4.7940940" lon="-75.6490600">
    <ele>1483.5</ele>
   </trkpt>
   <trkpt lat="4.7940910" lon="-75.6490500">
    <ele>1483.5</ele>
   </trkpt>
   <trkpt lat="4.7940880" lon="-75.6490410">
    <ele>1483.5</ele>
   </trkpt>
   <trkpt lat="4.7940850" lon="-75.6490330">
    <ele>1483.6</ele>
   </trkpt>
   <trkpt lat="4.7940830" lon="-75.6490220">
    <ele>1483.6</ele>
   </trkpt>
   <trkpt lat="4.7940800" lon="-75.6490120">
    <ele>1483.6</ele>
   </trkpt>
   <trkpt lat="4.7940770" lon="-75.6490030">
    <ele>1483.7</ele>
   </trkpt>
   <trkpt lat="4.7940740" lon="-75.6489940">
    <ele>1483.7</ele>
   </trkpt>
   <trkpt lat="4.7940720" lon="-75.6489830">
    <ele>1483.7</ele>
   </trkpt>
   <trkpt lat="4.7940700" lon="-75.6489770">
    <ele>1483.8</ele>
   </trkpt>
   <trkpt lat="4.7940730" lon="-75.6489700">
    <ele>1483.8</ele>
   </trkpt>
   <trkpt lat="4.7940730" lon="-75.6489640">
    <ele>1483.8</ele>
   </trkpt>
   <trkpt lat="4.7940710" lon="-75.6489580">
    <ele>1483.8</ele>
   </trkpt>
   <trkpt lat="4.7940730" lon="-75.6489490">
    <ele>1483.8</ele>
   </trkpt>
   <trkpt lat="4.7940720" lon="-75.6489450">
    <ele>1483.9</ele>
   </trkpt>
   <trkpt lat="4.7940710" lon="-75.6489370">
    <ele>1483.9</ele>
   </trkpt>
   <trkpt lat="4.7940680" lon="-75.6489290">
    <ele>1483.9</ele>
   </trkpt>
   <trkpt lat="4.7940660" lon="-75.6489240">
    <ele>1483.9</ele>
   </trkpt>
   <trkpt lat="4.7940620" lon="-75.6489190">
    <ele>1484.0</ele>
   </trkpt>
   <trkpt lat="4.7940580" lon="-75.6489120">
    <ele>1484.0</ele>
   </trkpt>
   <trkpt lat="4.7940550" lon="-75.6489080">
    <ele>1484.0</ele>
   </trkpt>
   <trkpt lat="4.7940530" lon="-75.6489060">
    <ele>1484.0</ele>
   </trkpt>
   <trkpt lat="4.7940510" lon="-75.6489020">
    <ele>1484.0</ele>
   </trkpt>
   <trkpt lat="4.7940470" lon="-75.6488980">
    <ele>1484.0</ele>
   </trkpt>
   <trkpt lat="4.7940400" lon="-75.6489070">
    <ele>1484.1</ele>
   </trkpt>
   <trkpt lat="4.7940360" lon="-75.6489080">
    <ele>1484.1</ele>
   </trkpt>
   <trkpt lat="4.7940310" lon="-75.6489040">
    <ele>1484.1</ele>
   </trkpt>
   <trkpt lat="4.7940270" lon="-75.6489070">
    <ele>1484.1</ele>
   </trkpt>
   <trkpt lat="4.7940230" lon="-75.6489060">
    <ele>1484.1</ele>
   </trkpt>
   <trkpt lat="4.7940180" lon="-75.6489010">
    <ele>1484.2</ele>
   </trkpt>
   <trkpt lat="4.7940150" lon="-75.6489020">
    <ele>1484.2</ele>
   </trkpt>
   <trkpt lat="4.7940090" lon="-75.6488990">
    <ele>1484.2</ele>
   </trkpt>
   <trkpt lat="4.7940010" lon="-75.6488930">
    <ele>1484.2</ele>
   </trkpt>
   <trkpt lat="4.7939970" lon="-75.6488930">
    <ele>1484.2</ele>
   </trkpt>
   <trkpt lat="4.7939930" lon="-75.6488920">
    <ele>1484.2</ele>
   </trkpt>
   <trkpt lat="4.7939910" lon="-75.6488930">
    <ele>1484.2</ele>
   </trkpt>
   <trkpt lat="4.7939870" lon="-75.6488940">
    <ele>1484.3</ele>
   </trkpt>
   <trkpt lat="4.7939780" lon="-75.6488910">
    <ele>1484.3</ele>
   </trkpt>
   <trkpt lat="4.7939760" lon="-75.6488900">
    <ele>1484.3</ele>
   </trkpt>
   <trkpt lat="4.7939730" lon="-75.6488890">
    <ele>1484.3</ele>
   </trkpt>
   <trkpt lat="4.7939680" lon="-75.6488860">
    <ele>1484.3</ele>
   </trkpt>
   <trkpt lat="4.7939640" lon="-75.6488840">
    <ele>1484.3</ele>
   </trkpt>
   <trkpt lat="4.7939630" lon="-75.6488840">
    <ele>1484.3</ele>
   </trkpt>
   <trkpt lat="4.7939600" lon="-75.6488860">
    <ele>1484.4</ele>
   </trkpt>
   <trkpt lat="4.7939520" lon="-75.6488950">
    <ele>1484.4</ele>
   </trkpt>
   <trkpt lat="4.7939480" lon="-75.6488980">
    <ele>1484.4</ele>
   </trkpt>
   <trkpt lat="4.7939380" lon="-75.6488980">
    <ele>1484.4</ele>
   </trkpt>
   <trkpt lat="4.7939310" lon="-75.6488980">
    <ele>1484.5</ele>
   </trkpt>
   <trkpt lat="4.7939270" lon="-75.6488980">
    <ele>1484.5</ele>
   </trkpt>
   <trkpt lat="4.7939200" lon="-75.6488960">
    <ele>1484.5</ele>
   </trkpt>
   <trkpt lat="4.7939200" lon="-75.6488900">
    <ele>1484.5</ele>
   </trkpt>
   <trkpt lat="4.7939140" lon="-75.6488870">
    <ele>1484.5</ele>
   </trkpt>
   <trkpt lat="4.7939070" lon="-75.6488840">
    <ele>1484.5</ele>
   </trkpt>
   <trkpt lat="4.7939030" lon="-75.6488840">
    <ele>1484.6</ele>
   </trkpt>
   <trkpt lat="4.7938970" lon="-75.6488850">
    <ele>1484.6</ele>
   </trkpt>
   <trkpt lat="4.7938960" lon="-75.6488940">
    <ele>1484.6</ele>
   </trkpt>
   <trkpt lat="4.7938910" lon="-75.6488970">
    <ele>1484.6</ele>
   </trkpt>
   <trkpt lat="4.7938870" lon="-75.6489020">
    <ele>1484.6</ele>
   </trkpt>
   <trkpt lat="4.7938800" lon="-75.6489070">
    <ele>1484.7</ele>
   </trkpt>
   <trkpt lat="4.7938750" lon="-75.6489130">
    <ele>1484.7</ele>
   </trkpt>
   <trkpt lat="4.7938680" lon="-75.6489160">
    <ele>1484.7</ele>
   </trkpt>
   <trkpt lat="4.7938620" lon="-75.6489190">
    <ele>1484.7</ele>
   </trkpt>
   <trkpt lat="4.7938540" lon="-75.6489190">
    <ele>1484.7</ele>
   </trkpt>
   <trkpt lat="4.7938460" lon="-75.6489250">
    <ele>1484.8</ele>
   </trkpt>
   <trkpt lat="4.7938430" lon="-75.6489200">
    <ele>1484.8</ele>
   </trkpt>
   <trkpt lat="4.7938360" lon="-75.6489090">
    <ele>1484.8</ele>
   </trkpt>
   <trkpt lat="4.7938240" lon="-75.6488960">
    <ele>1484.9</ele>
   </trkpt>
   <trkpt lat="4.7938190" lon="-75.6488790">
    <ele>1484.9</ele>
   </trkpt>
   <trkpt lat="4.7938170" lon="-75.6488560">
    <ele>1485.0</ele>
   </trkpt>
   <trkpt lat="4.7938090" lon="-75.6488440">
    <ele>1485.0</ele>
   </trkpt>
   <trkpt lat="4.7938020" lon="-75.6488360">
    <ele>1485.0</ele>
   </trkpt>
   <trkpt lat="4.7938040" lon="-75.6488220">
    <ele>1485.1</ele>
   </trkpt>
   <trkpt lat="4.7938020" lon="-75.6488110">
    <ele>1485.1</ele>
   </trkpt>
   <trkpt lat="4.7937980" lon="-75.6488000">
    <ele>1485.1</ele>
   </trkpt>
   <trkpt lat="4.7937970" lon="-75.6487910">
    <ele>1485.2</ele>
   </trkpt>
   <trkpt lat="4.7937940" lon="-75.6487830">
    <ele>1485.2</ele>
   </trkpt>
   <trkpt lat="4.7937930" lon="-75.6487750">
    <ele>1485.2</ele>
   </trkpt>
   <trkpt lat="4.7937880" lon="-75.6487640">
    <ele>1485.2</ele>
   </trkpt>
   <trkpt lat="4.7937900" lon="-75.6487590">
    <ele>1485.2</ele>
   </trkpt>
   <trkpt lat="4.7937860" lon="-75.6487490">
    <ele>1485.3</ele>
   </trkpt>
   <trkpt lat="4.7937850" lon="-75.6487430">
    <ele>1485.3</ele>
   </trkpt>
   <trkpt lat="4.7937840" lon="-75.6487380">
    <ele>1485.3</ele>
   </trkpt>
   <trkpt lat="4.7937790" lon="-75.6487260">
    <ele>1485.3</ele>
   </trkpt>
   <trkpt lat="4.7937780" lon="-75.6487210">
    <ele>1485.3</ele>
   </trkpt>
   <trkpt lat="4.7937780" lon="-75.6487130">
    <ele>1485.4</ele>
   </trkpt>
   <trkpt lat="4.7937760" lon="-75.6487040">
    <ele>1485.4</ele>
   </trkpt>
   <trkpt lat="4.7937720" lon="-75.6486930">
    <ele>1485.4</ele>
   </trkpt>
   <trkpt lat="4.7937670" lon="-75.6486830">
    <ele>1485.4</ele>
   </trkpt>
   <trkpt lat="4.7937600" lon="-75.6486710">
    <ele>1485.5</ele>
   </trkpt>
   <trkpt lat="4.7937560" lon="-75.6486630">
    <ele>1485.5</ele>
   </trkpt>
   <trkpt lat="4.7937480" lon="-75.6486520">
    <ele>1485.5</ele>
   </trkpt>
   <trkpt lat="4.7937410" lon="-75.6486410">
    <ele>1485.5</ele>
   </trkpt>
   <trkpt lat="4.7937350" lon="-75.6486290">
    <ele>1485.5</ele>
   </trkpt>
   <trkpt lat="4.7937280" lon="-75.6486180">
    <ele>1485.6</ele>
   </trkpt>
   <trkpt lat="4.7937220" lon="-75.6486080">
    <ele>1485.6</ele>
   </trkpt>
   <trkpt lat="4.7937150" lon="-75.6485940">
    <ele>1485.6</ele>
   </trkpt>
   <trkpt lat="4.7937090" lon="-75.6485840">
    <ele>1485.6</ele>
   </trkpt>
   <trkpt lat="4.7937040" lon="-75.6485730">
    <ele>1485.7</ele>
   </trkpt>
   <trkpt lat="4.7937000" lon="-75.6485650">
    <ele>1485.7</ele>
   </trkpt>
   <trkpt lat="4.7936950" lon="-75.6485560">
    <ele>1485.7</ele>
   </trkpt>
   <trkpt lat="4.7936900" lon="-75.6485480">
    <ele>1485.7</ele>
   </trkpt>
   <trkpt lat="4.7936860" lon="-75.6485400">
    <ele>1485.7</ele>
   </trkpt>
   <trkpt lat="4.7936830" lon="-75.6485300">
    <ele>1485.7</ele>
   </trkpt>
   <trkpt lat="4.7936800" lon="-75.6485220">
    <ele>1485.7</ele>
   </trkpt>
   <trkpt lat="4.7936770" lon="-75.6485140">
    <ele>1485.7</ele>
   </trkpt>
   <trkpt lat="4.7936770" lon="-75.6485080">
    <ele>1485.7</ele>
   </trkpt>
   <trkpt lat="4.7936750" lon="-75.6484990">
    <ele>1485.8</ele>
   </trkpt>
   <trkpt lat="4.7936730" lon="-75.6484910">
    <ele>1485.8</ele>
   </trkpt>
   <trkpt lat="4.7936710" lon="-75.6484830">
    <ele>1485.8</ele>
   </trkpt>
   <trkpt lat="4.7936660" lon="-75.6484720">
    <ele>1485.8</ele>
   </trkpt>
   <trkpt lat="4.7936630" lon="-75.6484620">
    <ele>1485.8</ele>
   </trkpt>
   <trkpt lat="4.7936690" lon="-75.6484510">
    <ele>1485.8</ele>
   </trkpt>
   <trkpt lat="4.7936730" lon="-75.6484370">
    <ele>1485.8</ele>
   </trkpt>
   <trkpt lat="4.7936760" lon="-75.6484240">
    <ele>1485.9</ele>
   </trkpt>
   <trkpt lat="4.7936730" lon="-75.6484080">
    <ele>1485.9</ele>
   </trkpt>
   <trkpt lat="4.7936700" lon="-75.6484020">
    <ele>1485.9</ele>
   </trkpt>
   <trkpt lat="4.7936650" lon="-75.6483930">
    <ele>1485.9</ele>
   </trkpt>
   <trkpt lat="4.7936600" lon="-75.6483810">
    <ele>1485.9</ele>
   </trkpt>
   <trkpt lat="4.7936570" lon="-75.6483680">
    <ele>1485.9</ele>
   </trkpt>
   <trkpt lat="4.7936540" lon="-75.6483550">
    <ele>1485.9</ele>
   </trkpt>
   <trkpt lat="4.7936500" lon="-75.6483360">
    <ele>1486.0</ele>
   </trkpt>
   <trkpt lat="4.7936480" lon="-75.6483280">
    <ele>1486.0</ele>
   </trkpt>
   <trkpt lat="4.7936440" lon="-75.6483190">
    <ele>1486.0</ele>
   </trkpt>
   <trkpt lat="4.7936410" lon="-75.6483070">
    <ele>1486.0</ele>
   </trkpt>
   <trkpt lat="4.7936370" lon="-75.6482970">
    <ele>1486.0</ele>
   </trkpt>
   <trkpt lat="4.7936350" lon="-75.6482860">
    <ele>1486.0</ele>
   </trkpt>
   <trkpt lat="4.7936320" lon="-75.6482730">
    <ele>1486.0</ele>
   </trkpt>
   <trkpt lat="4.7936300" lon="-75.6482640">
    <ele>1486.1</ele>
   </trkpt>
   <trkpt lat="4.7936260" lon="-75.6482540">
    <ele>1486.1</ele>
   </trkpt>
   <trkpt lat="4.7936220" lon="-75.6482450">
    <ele>1486.1</ele>
   </trkpt>
   <trkpt lat="4.7936180" lon="-75.6482350">
    <ele>1486.1</ele>
   </trkpt>
   <trkpt lat="4.7936140" lon="-75.6482240">
    <ele>1486.1</ele>
   </trkpt>
   <trkpt lat="4.7936080" lon="-75.6482110">
    <ele>1486.1</ele>
   </trkpt>
   <trkpt lat="4.7936070" lon="-75.6482030">
    <ele>1486.2</ele>
   </trkpt>
   <trkpt lat="4.7936020" lon="-75.6481900">
    <ele>1486.2</ele>
   </trkpt>
   <trkpt lat="4.7935970" lon="-75.6481790">
    <ele>1486.2</ele>
   </trkpt>
   <trkpt lat="4.7935950" lon="-75.6481710">
    <ele>1486.2</ele>
   </trkpt>
   <trkpt lat="4.7935900" lon="-75.6481620">
    <ele>1486.2</ele>
   </trkpt>
   <trkpt lat="4.7935880" lon="-75.6481530">
    <ele>1486.2</ele>
   </trkpt>
   <trkpt lat="4.7935880" lon="-75.6481500">
    <ele>1486.2</ele>
   </trkpt>
   <trkpt lat="4.7935830" lon="-75.6481440">
    <ele>1486.2</ele>
   </trkpt>
   <trkpt lat="4.7935790" lon="-75.6481390">
    <ele>1486.3</ele>
   </trkpt>
   <trkpt lat="4.7935750" lon="-75.6481330">
    <ele>1486.3</ele>
   </trkpt>
   <trkpt lat="4.7935710" lon="-75.6481280">
    <ele>1486.3</ele>
   </trkpt>
   <trkpt lat="4.7935680" lon="-75.6481220">
    <ele>1486.3</ele>
   </trkpt>
   <trkpt lat="4.7935630" lon="-75.6481130">
    <ele>1486.3</ele>
   </trkpt>
   <trkpt lat="4.7935610" lon="-75.6481070">
    <ele>1486.3</ele>
   </trkpt>
   <trkpt lat="4.7935570" lon="-75.6480980">
    <ele>1486.3</ele>
   </trkpt>
   <trkpt lat="4.7935550" lon="-75.6480900">
    <ele>1486.3</ele>
   </trkpt>
   <trkpt lat="4.7935540" lon="-75.6480830">
    <ele>1486.3</ele>
   </trkpt>
   <trkpt lat="4.7935490" lon="-75.6480710">
    <ele>1486.4</ele>
   </trkpt>
   <trkpt lat="4.7935470" lon="-75.6480640">
    <ele>1486.4</ele>
   </trkpt>
   <trkpt lat="4.7935410" lon="-75.6480550">
    <ele>1486.4</ele>
   </trkpt>
   <trkpt lat="4.7935350" lon="-75.6480450">
    <ele>1486.4</ele>
   </trkpt>
   <trkpt lat="4.7935500" lon="-75.6480380">
    <ele>1486.4</ele>
   </trkpt>
   <trkpt lat="4.7935540" lon="-75.6480340">
    <ele>1486.5</ele>
   </trkpt>
   <trkpt lat="4.7935590" lon="-75.6480270">
    <ele>1486.5</ele>
   </trkpt>
   <trkpt lat="4.7935630" lon="-75.6480210">
    <ele>1486.5</ele>
   </trkpt>
   <trkpt lat="4.7935650" lon="-75.6480140">
    <ele>1486.5</ele>
   </trkpt>
   <trkpt lat="4.7935630" lon="-75.6480040">
    <ele>1486.5</ele>
   </trkpt>
   <trkpt lat="4.7935610" lon="-75.6480000">
    <ele>1486.5</ele>
   </trkpt>
   <trkpt lat="4.7935540" lon="-75.6479960">
    <ele>1486.5</ele>
   </trkpt>
   <trkpt lat="4.7935500" lon="-75.6479880">
    <ele>1486.6</ele>
   </trkpt>
   <trkpt lat="4.7935460" lon="-75.6479800">
    <ele>1486.6</ele>
   </trkpt>
   <trkpt lat="4.7935400" lon="-75.6479770">
    <ele>1486.6</ele>
   </trkpt>
   <trkpt lat="4.7935360" lon="-75.6479700">
    <ele>1486.6</ele>
   </trkpt>
   <trkpt lat="4.7935320" lon="-75.6479620">
    <ele>1486.6</ele>
   </trkpt>
   <trkpt lat="4.7935280" lon="-75.6479550">
    <ele>1486.6</ele>
   </trkpt>
   <trkpt lat="4.7935230" lon="-75.6479480">
    <ele>1486.6</ele>
   </trkpt>
   <trkpt lat="4.7935180" lon="-75.6479390">
    <ele>1486.7</ele>
   </trkpt>
   <trkpt lat="4.7935130" lon="-75.6479290">
    <ele>1486.7</ele>
   </trkpt>
   <trkpt lat="4.7935100" lon="-75.6479220">
    <ele>1486.7</ele>
   </trkpt>
   <trkpt lat="4.7935040" lon="-75.6479140">
    <ele>1486.7</ele>
   </trkpt>
   <trkpt lat="4.7934990" lon="-75.6479060">
    <ele>1486.7</ele>
   </trkpt>
   <trkpt lat="4.7934930" lon="-75.6478990">
    <ele>1486.8</ele>
   </trkpt>
   <trkpt lat="4.7934870" lon="-75.6478900">
    <ele>1486.8</ele>
   </trkpt>
   <trkpt lat="4.7934830" lon="-75.6478850">
    <ele>1486.8</ele>
   </trkpt>
   <trkpt lat="4.7934790" lon="-75.6478790">
    <ele>1486.8</ele>
   </trkpt>
   <trkpt lat="4.7934750" lon="-75.6478740">
    <ele>1486.8</ele>
   </trkpt>
   <trkpt lat="4.7934690" lon="-75.6478660">
    <ele>1486.8</ele>
   </trkpt>
   <trkpt lat="4.7934630" lon="-75.6478580">
    <ele>1486.9</ele>
   </trkpt>
   <trkpt lat="4.7934620" lon="-75.6478560">
    <ele>1486.9</ele>
   </trkpt>
   <trkpt lat="4.7934570" lon="-75.6478480">
    <ele>1486.9</ele>
   </trkpt>
   <trkpt lat="4.7934530" lon="-75.6478420">
    <ele>1486.9</ele>
   </trkpt>
   <trkpt lat="4.7934470" lon="-75.6478360">
    <ele>1486.9</ele>
   </trkpt>
   <trkpt lat="4.7934380" lon="-75.6478240">
    <ele>1487.0</ele>
   </trkpt>
   <trkpt lat="4.7934370" lon="-75.6478230">
    <ele>1487.0</ele>
   </trkpt>
   <trkpt lat="4.7934290" lon="-75.6478160">
    <ele>1487.0</ele>
   </trkpt>
   <trkpt lat="4.7934190" lon="-75.6478090">
    <ele>1487.1</ele>
   </trkpt>
   <trkpt lat="4.7934090" lon="-75.6478010">
    <ele>1487.1</ele>
   </trkpt>
   <trkpt lat="4.7934020" lon="-75.6477940">
    <ele>1487.1</ele>
   </trkpt>
   <trkpt lat="4.7933930" lon="-75.6477870">
    <ele>1487.2</ele>
   </trkpt>
   <trkpt lat="4.7933840" lon="-75.6477810">
    <ele>1487.2</ele>
   </trkpt>
   <trkpt lat="4.7933900" lon="-75.6477840">
    <ele>1487.2</ele>
   </trkpt>
   <trkpt lat="4.7933950" lon="-75.6477880">
    <ele>1487.2</ele>
   </trkpt>
   <trkpt lat="4.7933970" lon="-75.6477850">
    <ele>1487.2</ele>
   </trkpt>
   <trkpt lat="4.7933930" lon="-75.6477790">
    <ele>1487.3</ele>
   </trkpt>
   <trkpt lat="4.7933900" lon="-75.6477700">
    <ele>1487.3</ele>
   </trkpt>
   <trkpt lat="4.7933850" lon="-75.6477580">
    <ele>1487.3</ele>
   </trkpt>
   <trkpt lat="4.7933830" lon="-75.6477550">
    <ele>1487.4</ele>
   </trkpt>
   <trkpt lat="4.7933780" lon="-75.6477500">
    <ele>1487.4</ele>
   </trkpt>
   <trkpt lat="4.7933720" lon="-75.6477460">
    <ele>1487.4</ele>
   </trkpt>
   <trkpt lat="4.7933630" lon="-75.6477430">
    <ele>1487.4</ele>
   </trkpt>
   <trkpt lat="4.7933550" lon="-75.6477390">
    <ele>1487.5</ele>
   </trkpt>
   <trkpt lat="4.7933430" lon="-75.6477350">
    <ele>1487.5</ele>
   </trkpt>
   <trkpt lat="4.7933310" lon="-75.6477280">
    <ele>1487.6</ele>
   </trkpt>
   <trkpt lat="4.7933220" lon="-75.6477220">
    <ele>1487.6</ele>
   </trkpt>
   <trkpt lat="4.7933060" lon="-75.6477150">
    <ele>1487.7</ele>
   </trkpt>
   <trkpt lat="4.7932950" lon="-75.6477090">
    <ele>1487.7</ele>
   </trkpt>
   <trkpt lat="4.7932850" lon="-75.6477030">
    <ele>1487.8</ele>
   </trkpt>
   <trkpt lat="4.7932790" lon="-75.6476980">
    <ele>1487.8</ele>
   </trkpt>
   <trkpt lat="4.7932720" lon="-75.6476920">
    <ele>1487.8</ele>
   </trkpt>
   <trkpt lat="4.7932650" lon="-75.6476870">
    <ele>1487.9</ele>
   </trkpt>
   <trkpt lat="4.7932580" lon="-75.6476820">
    <ele>1487.9</ele>
   </trkpt>
   <trkpt lat="4.7932500" lon="-75.6476750">
    <ele>1487.9</ele>
   </trkpt>
   <trkpt lat="4.7932450" lon="-75.6476720">
    <ele>1488.0</ele>
   </trkpt>
   <trkpt lat="4.7932390" lon="-75.6476670">
    <ele>1488.0</ele>
   </trkpt>
   <trkpt lat="4.7932320" lon="-75.6476630">
    <ele>1488.0</ele>
   </trkpt>
   <trkpt lat="4.7932250" lon="-75.6476570">
    <ele>1488.0</ele>
   </trkpt>
   <trkpt lat="4.7932230" lon="-75.6476530">
    <ele>1488.1</ele>
   </trkpt>
   <trkpt lat="4.7932170" lon="-75.6476490">
    <ele>1488.1</ele>
   </trkpt>
   <trkpt lat="4.7932100" lon="-75.6476450">
    <ele>1488.1</ele>
   </trkpt>
   <trkpt lat="4.7932030" lon="-75.6476400">
    <ele>1488.2</ele>
   </trkpt>
   <trkpt lat="4.7931960" lon="-75.6476340">
    <ele>1488.2</ele>
   </trkpt>
   <trkpt lat="4.7931890" lon="-75.6476270">
    <ele>1488.2</ele>
   </trkpt>
   <trkpt lat="4.7931830" lon="-75.6476270">
    <ele>1488.2</ele>
   </trkpt>
   <trkpt lat="4.7931760" lon="-75.6476260">
    <ele>1488.3</ele>
   </trkpt>
   <trkpt lat="4.7931690" lon="-75.6476320">
    <ele>1488.3</ele>
   </trkpt>
   <trkpt lat="4.7931650" lon="-75.6476320">
    <ele>1488.3</ele>
   </trkpt>
   <trkpt lat="4.7931580" lon="-75.6476280">
    <ele>1488.4</ele>
   </trkpt>
   <trkpt lat="4.7931520" lon="-75.6476180">
    <ele>1488.4</ele>
   </trkpt>
   <trkpt lat="4.7931460" lon="-75.6476080">
    <ele>1488.4</ele>
   </trkpt>
   <trkpt lat="4.7931390" lon="-75.6475990">
    <ele>1488.5</ele>
   </trkpt>
   <trkpt lat="4.7931340" lon="-75.6475930">
    <ele>1488.5</ele>
   </trkpt>
   <trkpt lat="4.7931310" lon="-75.6475900">
    <ele>1488.5</ele>
   </trkpt>
   <trkpt lat="4.7931220" lon="-75.6475840">
    <ele>1488.6</ele>
   </trkpt>
   <trkpt lat="4.7931180" lon="-75.6475820">
    <ele>1488.6</ele>
   </trkpt>
   <trkpt lat="4.7931150" lon="-75.6475790">
    <ele>1488.6</ele>
   </trkpt>
   <trkpt lat="4.7931100" lon="-75.6475750">
    <ele>1488.6</ele>
   </trkpt>
   <trkpt lat="4.7931050" lon="-75.6475710">
    <ele>1488.7</ele>
   </trkpt>
   <trkpt lat="4.7930990" lon="-75.6475670">
    <ele>1488.7</ele>
   </trkpt>
   <trkpt lat="4.7930930" lon="-75.6475620">
    <ele>1488.7</ele>
   </trkpt>
   <trkpt lat="4.7930880" lon="-75.6475580">
    <ele>1488.7</ele>
   </trkpt>
   <trkpt lat="4.7930760" lon="-75.6475520">
    <ele>1488.8</ele>
   </trkpt>
   <trkpt lat="4.7930660" lon="-75.6475470">
    <ele>1488.8</ele>
   </trkpt>
   <trkpt lat="4.7930560" lon="-75.6475400">
    <ele>1488.9</ele>
   </trkpt>
   <trkpt lat="4.7930460" lon="-75.6475330">
    <ele>1488.9</ele>
   </trkpt>
   <trkpt lat="4.7930360" lon="-75.6475260">
    <ele>1489.0</ele>
   </trkpt>
   <trkpt lat="4.7930260" lon="-75.6475180">
    <ele>1489.0</ele>
   </trkpt>
   <trkpt lat="4.7930180" lon="-75.6475100">
    <ele>1489.1</ele>
   </trkpt>
   <trkpt lat="4.7930100" lon="-75.6475010">
    <ele>1489.1</ele>
   </trkpt>
   <trkpt lat="4.7929960" lon="-75.6474880">
    <ele>1489.1</ele>
   </trkpt>
   <trkpt lat="4.7929900" lon="-75.6474830">
    <ele>1489.2</ele>
   </trkpt>
   <trkpt lat="4.7929810" lon="-75.6474790">
    <ele>1489.2</ele>
   </trkpt>
   <trkpt lat="4.7929730" lon="-75.6474730">
    <ele>1489.2</ele>
   </trkpt>
   <trkpt lat="4.7929640" lon="-75.6474670">
    <ele>1489.3</ele>
   </trkpt>
   <trkpt lat="4.7929560" lon="-75.6474610">
    <ele>1489.3</ele>
   </trkpt>
   <trkpt lat="4.7929530" lon="-75.6474580">
    <ele>1489.3</ele>
   </trkpt>
   <trkpt lat="4.7929660" lon="-75.6474700">
    <ele>1489.3</ele>
   </trkpt>
   <trkpt lat="4.7929720" lon="-75.6474750">
    <ele>1489.4</ele>
   </trkpt>
   <trkpt lat="4.7929730" lon="-75.6474880">
    <ele>1489.4</ele>
   </trkpt>
   <trkpt lat="4.7929670" lon="-75.6474840">
    <ele>1489.4</ele>
   </trkpt>
   <trkpt lat="4.7929620" lon="-75.6474770">
    <ele>1489.4</ele>
   </trkpt>
   <trkpt lat="4.7929580" lon="-75.6474700">
    <ele>1489.5</ele>
   </trkpt>
   <trkpt lat="4.7929530" lon="-75.6474610">
    <ele>1489.5</ele>
   </trkpt>
   <trkpt lat="4.7929480" lon="-75.6474540">
    <ele>1489.5</ele>
   </trkpt>
   <trkpt lat="4.7929430" lon="-75.6474460">
    <ele>1489.5</ele>
   </trkpt>
   <trkpt lat="4.7929380" lon="-75.6474400">
    <ele>1489.5</ele>
   </trkpt>
   <trkpt lat="4.7929310" lon="-75.6474310">
    <ele>1489.6</ele>
   </trkpt>
   <trkpt lat="4.7929260" lon="-75.6474220">
    <ele>1489.6</ele>
   </trkpt>
   <trkpt lat="4.7929200" lon="-75.6474140">
    <ele>1489.6</ele>
   </trkpt>
   <trkpt lat="4.7929140" lon="-75.6474050">
    <ele>1489.6</ele>
   </trkpt>
   <trkpt lat="4.7929090" lon="-75.6473990">
    <ele>1489.6</ele>
   </trkpt>
   <trkpt lat="4.7929000" lon="-75.6473940">
    <ele>1489.6</ele>
   </trkpt>
   <trkpt lat="4.7928900" lon="-75.6473900">
    <ele>1489.6</ele>
   </trkpt>
   <trkpt lat="4.7928750" lon="-75.6473850">
    <ele>1489.7</ele>
   </trkpt>
   <trkpt lat="4.7928680" lon="-75.6473800">
    <ele>1489.7</ele>
   </trkpt>
   <trkpt lat="4.7928560" lon="-75.6473790">
    <ele>1489.7</ele>
   </trkpt>
   <trkpt lat="4.7928460" lon="-75.6473760">
    <ele>1489.7</ele>
   </trkpt>
   <trkpt lat="4.7928340" lon="-75.6473730">
    <ele>1489.7</ele>
   </trkpt>
   <trkpt lat="4.7928190" lon="-75.6473710">
    <ele>1489.7</ele>
   </trkpt>
   <trkpt lat="4.7928070" lon="-75.6473670">
    <ele>1489.7</ele>
   </trkpt>
   <trkpt lat="4.7927890" lon="-75.6473670">
    <ele>1489.7</ele>
   </trkpt>
   <trkpt lat="4.7927740" lon="-75.6473640">
    <ele>1489.8</ele>
   </trkpt>
   <trkpt lat="4.7927590" lon="-75.6473620">
    <ele>1489.8</ele>
   </trkpt>
   <trkpt lat="4.7927460" lon="-75.6473600">
    <ele>1489.8</ele>
   </trkpt>
   <trkpt lat="4.7927290" lon="-75.6473570">
    <ele>1489.8</ele>
   </trkpt>
   <trkpt lat="4.7927140" lon="-75.6473510">
    <ele>1489.8</ele>
   </trkpt>
   <trkpt lat="4.7927010" lon="-75.6473450">
    <ele>1489.8</ele>
   </trkpt>
   <trkpt lat="4.7926850" lon="-75.6473410">
    <ele>1489.8</ele>
   </trkpt>
   <trkpt lat="4.7926740" lon="-75.6473370">
    <ele>1489.8</ele>
   </trkpt>
   <trkpt lat="4.7926620" lon="-75.6473330">
    <ele>1489.8</ele>
   </trkpt>
   <trkpt lat="4.7926490" lon="-75.6473270">
    <ele>1489.8</ele>
   </trkpt>
   <trkpt lat="4.7926380" lon="-75.6473210">
    <ele>1489.8</ele>
   </trkpt>
   <trkpt lat="4.7926280" lon="-75.6473150">
    <ele>1489.8</ele>
   </trkpt>
   <trkpt lat="4.7926070" lon="-75.6473150">
    <ele>1489.8</ele>
   </trkpt>
   <trkpt lat="4.7925970" lon="-75.6473110">
    <ele>1489.8</ele>
   </trkpt>
   <trkpt lat="4.7925860" lon="-75.6473070">
    <ele>1489.8</ele>
   </trkpt>
   <trkpt lat="4.7925750" lon="-75.6473020">
    <ele>1489.8</ele>
   </trkpt>
   <trkpt lat="4.7925660" lon="-75.6472970">
    <ele>1489.8</ele>
   </trkpt>
   <trkpt lat="4.7925550" lon="-75.6472910">
    <ele>1489.8</ele>
   </trkpt>
   <trkpt lat="4.7925410" lon="-75.6472850">
    <ele>1489.8</ele>
   </trkpt>
   <trkpt lat="4.7925310" lon="-75.6472800">
    <ele>1489.8</ele>
   </trkpt>
   <trkpt lat="4.7925180" lon="-75.6472760">
    <ele>1489.8</ele>
   </trkpt>
   <trkpt lat="4.7925050" lon="-75.6472710">
    <ele>1489.8</ele>
   </trkpt>
   <trkpt lat="4.7924940" lon="-75.6472660">
    <ele>1489.8</ele>
   </trkpt>
   <trkpt lat="4.7924840" lon="-75.6472610">
    <ele>1489.8</ele>
   </trkpt>
   <trkpt lat="4.7924680" lon="-75.6472640">
    <ele>1489.8</ele>
   </trkpt>
   <trkpt lat="4.7924590" lon="-75.6472600">
    <ele>1489.8</ele>
   </trkpt>
   <trkpt lat="4.7924480" lon="-75.6472550">
    <ele>1489.8</ele>
   </trkpt>
   <trkpt lat="4.7924370" lon="-75.6472480">
    <ele>1489.7</ele>
   </trkpt>
   <trkpt lat="4.7924320" lon="-75.6472420">
    <ele>1489.7</ele>
   </trkpt>
   <trkpt lat="4.7924280" lon="-75.6472370">
    <ele>1489.7</ele>
   </trkpt>
   <trkpt lat="4.7924190" lon="-75.6472400">
    <ele>1489.7</ele>
   </trkpt>
   <trkpt lat="4.7924120" lon="-75.6472370">
    <ele>1489.7</ele>
   </trkpt>
   <trkpt lat="4.7924050" lon="-75.6472340">
    <ele>1489.7</ele>
   </trkpt>
   <trkpt lat="4.7924010" lon="-75.6472270">
    <ele>1489.7</ele>
   </trkpt>
   <trkpt lat="4.7923950" lon="-75.6472170">
    <ele>1489.7</ele>
   </trkpt>
   <trkpt lat="4.7923900" lon="-75.6472070">
    <ele>1489.7</ele>
   </trkpt>
   <trkpt lat="4.7923820" lon="-75.6471920">
    <ele>1489.7</ele>
   </trkpt>
   <trkpt lat="4.7923770" lon="-75.6471860">
    <ele>1489.7</ele>
   </trkpt>
   <trkpt lat="4.7923730" lon="-75.6471770">
    <ele>1489.7</ele>
   </trkpt>
   <trkpt lat="4.7923660" lon="-75.6471690">
    <ele>1489.7</ele>
   </trkpt>
   <trkpt lat="4.7923600" lon="-75.6471620">
    <ele>1489.7</ele>
   </trkpt>
   <trkpt lat="4.7923570" lon="-75.6471590">
    <ele>1489.7</ele>
   </trkpt>
   <trkpt lat="4.7923530" lon="-75.6471560">
    <ele>1489.7</ele>
   </trkpt>
   <trkpt lat="4.7923540" lon="-75.6471560">
    <ele>1489.7</ele>
   </trkpt>
   <trkpt lat="4.7923520" lon="-75.6471470">
    <ele>1489.7</ele>
   </trkpt>
   <trkpt lat="4.7923480" lon="-75.6471360">
    <ele>1489.7</ele>
   </trkpt>
   <trkpt lat="4.7923430" lon="-75.6471270">
    <ele>1489.7</ele>
   </trkpt>
   <trkpt lat="4.7923400" lon="-75.6471120">
    <ele>1489.7</ele>
   </trkpt>
   <trkpt lat="4.7923360" lon="-75.6470990">
    <ele>1489.7</ele>
   </trkpt>
   <trkpt lat="4.7923290" lon="-75.6470870">
    <ele>1489.7</ele>
   </trkpt>
   <trkpt lat="4.7923260" lon="-75.6470810">
    <ele>1489.8</ele>
   </trkpt>
   <trkpt lat="4.7923250" lon="-75.6470750">
    <ele>1489.8</ele>
   </trkpt>
   <trkpt lat="4.7923220" lon="-75.6470680">
    <ele>1489.8</ele>
   </trkpt>
   <trkpt lat="4.7923160" lon="-75.6470610">
    <ele>1489.8</ele>
   </trkpt>
   <trkpt lat="4.7923160" lon="-75.6470600">
    <ele>1489.8</ele>
   </trkpt>
   <trkpt lat="4.7923100" lon="-75.6470580">
    <ele>1489.8</ele>
   </trkpt>
   <trkpt lat="4.7922980" lon="-75.6470560">
    <ele>1489.8</ele>
   </trkpt>
   <trkpt lat="4.7922930" lon="-75.6470530">
    <ele>1489.8</ele>
   </trkpt>
   <trkpt lat="4.7922890" lon="-75.6470490">
    <ele>1489.8</ele>
   </trkpt>
   <trkpt lat="4.7922840" lon="-75.6470440">
    <ele>1489.8</ele>
   </trkpt>
   <trkpt lat="4.7922790" lon="-75.6470380">
    <ele>1489.8</ele>
   </trkpt>
   <trkpt lat="4.7922730" lon="-75.6470320">
    <ele>1489.8</ele>
   </trkpt>
   <trkpt lat="4.7922620" lon="-75.6470210">
    <ele>1489.8</ele>
   </trkpt>
   <trkpt lat="4.7922570" lon="-75.6470170">
    <ele>1489.8</ele>
   </trkpt>
   <trkpt lat="4.7922500" lon="-75.6470110">
    <ele>1489.8</ele>
   </trkpt>
   <trkpt lat="4.7922440" lon="-75.6470050">
    <ele>1489.8</ele>
   </trkpt>
   <trkpt lat="4.7922380" lon="-75.6470000">
    <ele>1489.8</ele>
   </trkpt>
   <trkpt lat="4.7922310" lon="-75.6469940">
    <ele>1489.8</ele>
   </trkpt>
   <trkpt lat="4.7922240" lon="-75.6469880">
    <ele>1489.9</ele>
   </trkpt>
   <trkpt lat="4.7922160" lon="-75.6469800">
    <ele>1489.9</ele>
   </trkpt>
   <trkpt lat="4.7922110" lon="-75.6469760">
    <ele>1489.9</ele>
   </trkpt>
   <trkpt lat="4.7922030" lon="-75.6469690">
    <ele>1489.9</ele>
   </trkpt>
   <trkpt lat="4.7921950" lon="-75.6469630">
    <ele>1489.9</ele>
   </trkpt>
   <trkpt lat="4.7921870" lon="-75.6469560">
    <ele>1489.9</ele>
   </trkpt>
   <trkpt lat="4.7921790" lon="-75.6469490">
    <ele>1489.9</ele>
   </trkpt>
   <trkpt lat="4.7922060" lon="-75.6469550">
    <ele>1490.0</ele>
   </trkpt>
   <trkpt lat="4.7922040" lon="-75.6469520">
    <ele>1490.0</ele>
   </trkpt>
   <trkpt lat="4.7922010" lon="-75.6469450">
    <ele>1490.0</ele>
   </trkpt>
   <trkpt lat="4.7921990" lon="-75.6469350">
    <ele>1490.0</ele>
   </trkpt>
   <trkpt lat="4.7921950" lon="-75.6469280">
    <ele>1490.0</ele>
   </trkpt>
   <trkpt lat="4.7921910" lon="-75.6469180">
    <ele>1490.0</ele>
   </trkpt>
   <trkpt lat="4.7921870" lon="-75.6469090">
    <ele>1490.0</ele>
   </trkpt>
   <trkpt lat="4.7921830" lon="-75.6468960">
    <ele>1490.1</ele>
   </trkpt>
   <trkpt lat="4.7921810" lon="-75.6468880">
    <ele>1490.1</ele>
   </trkpt>
   <trkpt lat="4.7921790" lon="-75.6468790">
    <ele>1490.1</ele>
   </trkpt>
   <trkpt lat="4.7921770" lon="-75.6468690">
    <ele>1490.1</ele>
   </trkpt>
   <trkpt lat="4.7921740" lon="-75.6468600">
    <ele>1490.1</ele>
   </trkpt>
   <trkpt lat="4.7921740" lon="-75.6468500">
    <ele>1490.1</ele>
   </trkpt>
   <trkpt lat="4.7921760" lon="-75.6468290">
    <ele>1490.2</ele>
   </trkpt>
   <trkpt lat="4.7921740" lon="-75.6468250">
    <ele>1490.2</ele>
   </trkpt>
   <trkpt lat="4.7921690" lon="-75.6468170">
    <ele>1490.2</ele>
   </trkpt>
   <trkpt lat="4.7921630" lon="-75.6468090">
    <ele>1490.2</ele>
   </trkpt>
   <trkpt lat="4.7921580" lon="-75.6468000">
    <ele>1490.2</ele>
   </trkpt>
   <trkpt lat="4.7921540" lon="-75.6467910">
    <ele>1490.2</ele>
   </trkpt>
   <trkpt lat="4.7921500" lon="-75.6467810">
    <ele>1490.3</ele>
   </trkpt>
   <trkpt lat="4.7921430" lon="-75.6467690">
    <ele>1490.3</ele>
   </trkpt>
   <trkpt lat="4.7921390" lon="-75.6467620">
    <ele>1490.3</ele>
   </trkpt>
   <trkpt lat="4.7921330" lon="-75.6467530">
    <ele>1490.3</ele>
   </trkpt>
   <trkpt lat="4.7921230" lon="-75.6467490">
    <ele>1490.3</ele>
   </trkpt>
   <trkpt lat="4.7921150" lon="-75.6467430">
    <ele>1490.3</ele>
   </trkpt>
   <trkpt lat="4.7921070" lon="-75.6467370">
    <ele>1490.4</ele>
   </trkpt>
   <trkpt lat="4.7920930" lon="-75.6467320">
    <ele>1490.4</ele>
   </trkpt>
   <trkpt lat="4.7920900" lon="-75.6467280">
    <ele>1490.4</ele>
   </trkpt>
   <trkpt lat="4.7920840" lon="-75.6467220">
    <ele>1490.4</ele>
   </trkpt>
   <trkpt lat="4.7920780" lon="-75.6467180">
    <ele>1490.4</ele>
   </trkpt>
   <trkpt lat="4.7920730" lon="-75.6467120">
    <ele>1490.4</ele>
   </trkpt>
   <trkpt lat="4.7920700" lon="-75.6467040">
    <ele>1490.4</ele>
   </trkpt>
   <trkpt lat="4.7920670" lon="-75.6466960">
    <ele>1490.4</ele>
   </trkpt>
   <trkpt lat="4.7920700" lon="-75.6466850">
    <ele>1490.4</ele>
   </trkpt>
   <trkpt lat="4.7920710" lon="-75.6466760">
    <ele>1490.4</ele>
   </trkpt>
   <trkpt lat="4.7920690" lon="-75.6466670">
    <ele>1490.5</ele>
   </trkpt>
   <trkpt lat="4.7920650" lon="-75.6466600">
    <ele>1490.5</ele>
   </trkpt>
   <trkpt lat="4.7920610" lon="-75.6466530">
    <ele>1490.5</ele>
   </trkpt>
   <trkpt lat="4.7920550" lon="-75.6466480">
    <ele>1490.5</ele>
   </trkpt>
   <trkpt lat="4.7920470" lon="-75.6466410">
    <ele>1490.5</ele>
   </trkpt>
   <trkpt lat="4.7920420" lon="-75.6466370">
    <ele>1490.5</ele>
   </trkpt>
   <trkpt lat="4.7920350" lon="-75.6466320">
    <ele>1490.5</ele>
   </trkpt>
   <trkpt lat="4.7920270" lon="-75.6466270">
    <ele>1490.5</ele>
   </trkpt>
   <trkpt lat="4.7920190" lon="-75.6466220">
    <ele>1490.5</ele>
   </trkpt>
   <trkpt lat="4.7920140" lon="-75.6466170">
    <ele>1490.5</ele>
   </trkpt>
   <trkpt lat="4.7920070" lon="-75.6466120">
    <ele>1490.5</ele>
   </trkpt>
   <trkpt lat="4.7920010" lon="-75.6466070">
    <ele>1490.6</ele>
   </trkpt>
   <trkpt lat="4.7919940" lon="-75.6466070">
    <ele>1490.6</ele>
   </trkpt>
   <trkpt lat="4.7919880" lon="-75.6466040">
    <ele>1490.6</ele>
   </trkpt>
   <trkpt lat="4.7919800" lon="-75.6466000">
    <ele>1490.6</ele>
   </trkpt>
   <trkpt lat="4.7919690" lon="-75.6465960">
    <ele>1490.6</ele>
   </trkpt>
   <trkpt lat="4.7919630" lon="-75.6465950">
    <ele>1490.6</ele>
   </trkpt>
   <trkpt lat="4.7919570" lon="-75.6465940">
    <ele>1490.6</ele>
   </trkpt>
   <trkpt lat="4.7919520" lon="-75.6465910">
    <ele>1490.6</ele>
   </trkpt>
   <trkpt lat="4.7919460" lon="-75.6465860">
    <ele>1490.6</ele>
   </trkpt>
   <trkpt lat="4.7919410" lon="-75.6465800">
    <ele>1490.7</ele>
   </trkpt>
   <trkpt lat="4.7919370" lon="-75.6465730">
    <ele>1490.7</ele>
   </trkpt>
   <trkpt lat="4.7919320" lon="-75.6465640">
    <ele>1490.7</ele>
   </trkpt>
   <trkpt lat="4.7919280" lon="-75.6465580">
    <ele>1490.7</ele>
   </trkpt>
   <trkpt lat="4.7919220" lon="-75.6465510">
    <ele>1490.7</ele>
   </trkpt>
   <trkpt lat="4.7919150" lon="-75.6465460">
    <ele>1490.7</ele>
   </trkpt>
   <trkpt lat="4.7919080" lon="-75.6465390">
    <ele>1490.7</ele>
   </trkpt>
   <trkpt lat="4.7919040" lon="-75.6465310">
    <ele>1490.8</ele>
   </trkpt>
   <trkpt lat="4.7919030" lon="-75.6465270">
    <ele>1490.8</ele>
   </trkpt>
   <trkpt lat="4.7918990" lon="-75.6465210">
    <ele>1490.8</ele>
   </trkpt>
   <trkpt lat="4.7918960" lon="-75.6465160">
    <ele>1490.8</ele>
   </trkpt>
   <trkpt lat="4.7918900" lon="-75.6465100">
    <ele>1490.8</ele>
   </trkpt>
   <trkpt lat="4.7918850" lon="-75.6465030">
    <ele>1490.8</ele>
   </trkpt>
   <trkpt lat="4.7918810" lon="-75.6464990">
    <ele>1490.8</ele>
   </trkpt>
   <trkpt lat="4.7918780" lon="-75.6464970">
    <ele>1490.8</ele>
   </trkpt>
   <trkpt lat="4.7918730" lon="-75.6464940">
    <ele>1490.8</ele>
   </trkpt>
   <trkpt lat="4.7918680" lon="-75.6464920">
    <ele>1490.9</ele>
   </trkpt>
   <trkpt lat="4.7918620" lon="-75.6464910">
    <ele>1490.9</ele>
   </trkpt>
   <trkpt lat="4.7918550" lon="-75.6464870">
    <ele>1490.9</ele>
   </trkpt>
   <trkpt lat="4.7918480" lon="-75.6464860">
    <ele>1490.9</ele>
   </trkpt>
   <trkpt lat="4.7918400" lon="-75.6464820">
    <ele>1490.9</ele>
   </trkpt>
   <trkpt lat="4.7918370" lon="-75.6464810">
    <ele>1490.9</ele>
   </trkpt>
   <trkpt lat="4.7918310" lon="-75.6464770">
    <ele>1490.9</ele>
   </trkpt>
   <trkpt lat="4.7918260" lon="-75.6464720">
    <ele>1491.0</ele>
   </trkpt>
   <trkpt lat="4.7918240" lon="-75.6464690">
    <ele>1491.0</ele>
   </trkpt>
   <trkpt lat="4.7918200" lon="-75.6464640">
    <ele>1491.0</ele>
   </trkpt>
   <trkpt lat="4.7918150" lon="-75.6464610">
    <ele>1491.0</ele>
   </trkpt>
   <trkpt lat="4.7918090" lon="-75.6464570">
    <ele>1491.0</ele>
   </trkpt>
   <trkpt lat="4.7918020" lon="-75.6464540">
    <ele>1491.0</ele>
   </trkpt>
   <trkpt lat="4.7917950" lon="-75.6464490">
    <ele>1491.0</ele>
   </trkpt>
   <trkpt lat="4.7917860" lon="-75.6464450">
    <ele>1491.1</ele>
   </trkpt>
   <trkpt lat="4.7917780" lon="-75.6464390">
    <ele>1491.1</ele>
   </trkpt>
   <trkpt lat="4.7917730" lon="-75.6464350">
    <ele>1491.1</ele>
   </trkpt>
   <trkpt lat="4.7917670" lon="-75.6464280">
    <ele>1491.1</ele>
   </trkpt>
   <trkpt lat="4.7917610" lon="-75.6464220">
    <ele>1491.1</ele>
   </trkpt>
   <trkpt lat="4.7917540" lon="-75.6464160">
    <ele>1491.2</ele>
   </trkpt>
   <trkpt lat="4.7917490" lon="-75.6464100">
    <ele>1491.2</ele>
   </trkpt>
   <trkpt lat="4.7917430" lon="-75.6464030">
    <ele>1491.2</ele>
   </trkpt>
   <trkpt lat="4.7917390" lon="-75.6463960">
    <ele>1491.2</ele>
   </trkpt>
   <trkpt lat="4.7917340" lon="-75.6463900">
    <ele>1491.2</ele>
   </trkpt>
   <trkpt lat="4.7917290" lon="-75.6463830">
    <ele>1491.3</ele>
   </trkpt>
   <trkpt lat="4.7917260" lon="-75.6463730">
    <ele>1491.3</ele>
   </trkpt>
   <trkpt lat="4.7917220" lon="-75.6463620">
    <ele>1491.3</ele>
   </trkpt>
   <trkpt lat="4.7917190" lon="-75.6463570">
    <ele>1491.3</ele>
   </trkpt>
   <trkpt lat="4.7917150" lon="-75.6463500">
    <ele>1491.4</ele>
   </trkpt>
   <trkpt lat="4.7917100" lon="-75.6463440">
    <ele>1491.4</ele>
   </trkpt>
   <trkpt lat="4.7917060" lon="-75.6463370">
    <ele>1491.4</ele>
   </trkpt>
   <trkpt lat="4.7916990" lon="-75.6463300">
    <ele>1491.4</ele>
   </trkpt>
   <trkpt lat="4.7916910" lon="-75.6463220">
    <ele>1491.5</ele>
   </trkpt>
   <trkpt lat="4.7916850" lon="-75.6463170">
    <ele>1491.5</ele>
   </trkpt>
   <trkpt lat="4.7916770" lon="-75.6463120">
    <ele>1491.5</ele>
   </trkpt>
   <trkpt lat="4.7916710" lon="-75.6463070">
    <ele>1491.6</ele>
   </trkpt>
   <trkpt lat="4.7916650" lon="-75.6463010">
    <ele>1491.6</ele>
   </trkpt>
   <trkpt lat="4.7916600" lon="-75.6462950">
    <ele>1491.6</ele>
   </trkpt>
   <trkpt lat="4.7916530" lon="-75.6462860">
    <ele>1491.6</ele>
   </trkpt>
   <trkpt lat="4.7916490" lon="-75.6462820">
    <ele>1491.7</ele>
   </trkpt>
   <trkpt lat="4.7916440" lon="-75.6462780">
    <ele>1491.7</ele>
   </trkpt>
   <trkpt lat="4.7916390" lon="-75.6462740">
    <ele>1491.7</ele>
   </trkpt>
   <trkpt lat="4.7916340" lon="-75.6462680">
    <ele>1491.7</ele>
   </trkpt>
   <trkpt lat="4.7916310" lon="-75.6462640">
    <ele>1491.8</ele>
   </trkpt>
   <trkpt lat="4.7916240" lon="-75.6462570">
    <ele>1491.8</ele>
   </trkpt>
   <trkpt lat="4.7916230" lon="-75.6462550">
    <ele>1491.8</ele>
   </trkpt>
   <trkpt lat="4.7916190" lon="-75.6462520">
    <ele>1491.8</ele>
   </trkpt>
   <trkpt lat="4.7916170" lon="-75.6462530">
    <ele>1491.8</ele>
   </trkpt>
   <trkpt lat="4.7916120" lon="-75.6462520">
    <ele>1491.8</ele>
   </trkpt>
   <trkpt lat="4.7916060" lon="-75.6462510">
    <ele>1491.9</ele>
   </trkpt>
   <trkpt lat="4.7915970" lon="-75.6462490">
    <ele>1491.9</ele>
   </trkpt>
   <trkpt lat="4.7915880" lon="-75.6462460">
    <ele>1491.9</ele>
   </trkpt>
   <trkpt lat="4.7915810" lon="-75.6462420">
    <ele>1492.0</ele>
   </trkpt>
   <trkpt lat="4.7915750" lon="-75.6462370">
    <ele>1492.0</ele>
   </trkpt>
   <trkpt lat="4.7915690" lon="-75.6462310">
    <ele>1492.0</ele>
   </trkpt>
   <trkpt lat="4.7915640" lon="-75.6462250">
    <ele>1492.1</ele>
   </trkpt>
   <trkpt lat="4.7915560" lon="-75.6462190">
    <ele>1492.1</ele>
   </trkpt>
   <trkpt lat="4.7915520" lon="-75.6462150">
    <ele>1492.1</ele>
   </trkpt>
   <trkpt lat="4.7915460" lon="-75.6462120">
    <ele>1492.2</ele>
   </trkpt>
   <trkpt lat="4.7915410" lon="-75.6462080">
    <ele>1492.2</ele>
   </trkpt>
   <trkpt lat="4.7915350" lon="-75.6462050">
    <ele>1492.2</ele>
   </trkpt>
   <trkpt lat="4.7915300" lon="-75.6461990">
    <ele>1492.3</ele>
   </trkpt>
   <trkpt lat="4.7915260" lon="-75.6461940">
    <ele>1492.3</ele>
   </trkpt>
   <trkpt lat="4.7915220" lon="-75.6461910">
    <ele>1492.3</ele>
   </trkpt>
   <trkpt lat="4.7915190" lon="-75.6461870">
    <ele>1492.3</ele>
   </trkpt>
   <trkpt lat="4.7915140" lon="-75.6461820">
    <ele>1492.4</ele>
   </trkpt>
   <trkpt lat="4.7915080" lon="-75.6461760">
    <ele>1492.4</ele>
   </trkpt>
   <trkpt lat="4.7915020" lon="-75.6461710">
    <ele>1492.4</ele>
   </trkpt>
   <trkpt lat="4.7914980" lon="-75.6461670">
    <ele>1492.5</ele>
   </trkpt>
   <trkpt lat="4.7914960" lon="-75.6461640">
    <ele>1492.5</ele>
   </trkpt>
   <trkpt lat="4.7914950" lon="-75.6461600">
    <ele>1492.5</ele>
   </trkpt>
   <trkpt lat="4.7914920" lon="-75.6461560">
    <ele>1492.5</ele>
   </trkpt>
   <trkpt lat="4.7914890" lon="-75.6461530">
    <ele>1492.6</ele>
   </trkpt>
   <trkpt lat="4.7914850" lon="-75.6461490">
    <ele>1492.6</ele>
   </trkpt>
   <trkpt lat="4.7914830" lon="-75.6461480">
    <ele>1492.6</ele>
   </trkpt>
   <trkpt lat="4.7914780" lon="-75.6461450">
    <ele>1492.6</ele>
   </trkpt>
   <trkpt lat="4.7914740" lon="-75.6461440">
    <ele>1492.6</ele>
   </trkpt>
   <trkpt lat="4.7914680" lon="-75.6461430">
    <ele>1492.7</ele>
   </trkpt>
   <trkpt lat="4.7914620" lon="-75.6461420">
    <ele>1492.7</ele>
   </trkpt>
   <trkpt lat="4.7914550" lon="-75.6461400">
    <ele>1492.8</ele>
   </trkpt>
   <trkpt lat="4.7914430" lon="-75.6461410">
    <ele>1492.8</ele>
   </trkpt>
   <trkpt lat="4.7914370" lon="-75.6461410">
    <ele>1492.9</ele>
   </trkpt>
   <trkpt lat="4.7914280" lon="-75.6461420">
    <ele>1492.9</ele>
   </trkpt>
   <trkpt lat="4.7914150" lon="-75.6461410">
    <ele>1493.0</ele>
   </trkpt>
   <trkpt lat="4.7914040" lon="-75.6461410">
    <ele>1493.0</ele>
   </trkpt>
   <trkpt lat="4.7913960" lon="-75.6461430">
    <ele>1493.1</ele>
   </trkpt>
   <trkpt lat="4.7913840" lon="-75.6461460">
    <ele>1493.2</ele>
   </trkpt>
   <trkpt lat="4.7913710" lon="-75.6461510">
    <ele>1493.3</ele>
   </trkpt>
   <trkpt lat="4.7913600" lon="-75.6461540">
    <ele>1493.3</ele>
   </trkpt>
   <trkpt lat="4.7913490" lon="-75.6461580">
    <ele>1493.4</ele>
   </trkpt>
   <trkpt lat="4.7913380" lon="-75.6461600">
    <ele>1493.5</ele>
   </trkpt>
   <trkpt lat="4.7913250" lon="-75.6461550">
    <ele>1493.6</ele>
   </trkpt>
   <trkpt lat="4.7913200" lon="-75.6461530">
    <ele>1493.6</ele>
   </trkpt>
   <trkpt lat="4.7913110" lon="-75.6461520">
    <ele>1493.7</ele>
   </trkpt>
   <trkpt lat="4.7913060" lon="-75.6461500">
    <ele>1493.7</ele>
   </trkpt>
   <trkpt lat="4.7913050" lon="-75.6461450">
    <ele>1493.7</ele>
   </trkpt>
   <trkpt lat="4.7913080" lon="-75.6461430">
    <ele>1493.7</ele>
   </trkpt>
   <trkpt lat="4.7913130" lon="-75.6461460">
    <ele>1493.8</ele>
   </trkpt>
   <trkpt lat="4.7913140" lon="-75.6461460">
    <ele>1493.8</ele>
   </trkpt>
   <trkpt lat="4.7913150" lon="-75.6461460">
    <ele>1493.8</ele>
   </trkpt>
   <trkpt lat="4.7913140" lon="-75.6461470">
    <ele>1493.8</ele>
   </trkpt>
   <trkpt lat="4.7913130" lon="-75.6461470">
    <ele>1493.8</ele>
   </trkpt>
   <trkpt lat="4.7913090" lon="-75.6461480">
    <ele>1493.8</ele>
   </trkpt>
   <trkpt lat="4.7913050" lon="-75.6461470">
    <ele>1493.9</ele>
   </trkpt>
   <trkpt lat="4.7913020" lon="-75.6461420">
    <ele>1493.9</ele>
   </trkpt>
   <trkpt lat="4.7913030" lon="-75.6461450">
    <ele>1493.9</ele>
   </trkpt>
   <trkpt lat="4.7913040" lon="-75.6461470">
    <ele>1493.9</ele>
   </trkpt>
   <trkpt lat="4.7913050" lon="-75.6461490">
    <ele>1494.0</ele>
   </trkpt>
   <trkpt lat="4.7913050" lon="-75.6461510">
    <ele>1494.0</ele>
   </trkpt>
   <trkpt lat="4.7913060" lon="-75.6461530">
    <ele>1494.0</ele>
   </trkpt>
   <trkpt lat="4.7913060" lon="-75.6461530">
    <ele>1494.0</ele>
   </trkpt>
   <trkpt lat="4.7913060" lon="-75.6461530">
    <ele>1494.0</ele>
   </trkpt>
   <trkpt lat="4.7913060" lon="-75.6461530">
    <ele>1494.0</ele>
   </trkpt>
   <trkpt lat="4.7913050" lon="-75.6461530">
    <ele>1494.0</ele>
   </trkpt>
   <trkpt lat="4.7913030" lon="-75.6461530">
    <ele>1494.0</ele>
   </trkpt>
   <trkpt lat="4.7913010" lon="-75.6461550">
    <ele>1494.0</ele>
   </trkpt>
   <trkpt lat="4.7912940" lon="-75.6461560">
    <ele>1494.1</ele>
   </trkpt>
   <trkpt lat="4.7912860" lon="-75.6461610">
    <ele>1494.1</ele>
   </trkpt>
   <trkpt lat="4.7912790" lon="-75.6461640">
    <ele>1494.2</ele>
   </trkpt>
   <trkpt lat="4.7912730" lon="-75.6461670">
    <ele>1494.3</ele>
   </trkpt>
   <trkpt lat="4.7912660" lon="-75.6461700">
    <ele>1494.3</ele>
   </trkpt>
   <trkpt lat="4.7912610" lon="-75.6461740">
    <ele>1494.4</ele>
   </trkpt>
   <trkpt lat="4.7912520" lon="-75.6461770">
    <ele>1494.4</ele>
   </trkpt>
   <trkpt lat="4.7912480" lon="-75.6461770">
    <ele>1494.5</ele>
   </trkpt>
   <trkpt lat="4.7912430" lon="-75.6461790">
    <ele>1494.5</ele>
   </trkpt>
   <trkpt lat="4.7912380" lon="-75.6461820">
    <ele>1494.5</ele>
   </trkpt>
   <trkpt lat="4.7912320" lon="-75.6461860">
    <ele>1494.6</ele>
   </trkpt>
   <trkpt lat="4.7912290" lon="-75.6461900">
    <ele>1494.6</ele>
   </trkpt>
   <trkpt lat="4.7912260" lon="-75.6461940">
    <ele>1494.7</ele>
   </trkpt>
   <trkpt lat="4.7912230" lon="-75.6461960">
    <ele>1494.7</ele>
   </trkpt>
   <trkpt lat="4.7912210" lon="-75.6461950">
    <ele>1494.7</ele>
   </trkpt>
   <trkpt lat="4.7912190" lon="-75.6461950">
    <ele>1494.7</ele>
   </trkpt>
   <trkpt lat="4.7912170" lon="-75.6461950">
    <ele>1494.7</ele>
   </trkpt>
   <trkpt lat="4.7912130" lon="-75.6461960">
    <ele>1494.8</ele>
   </trkpt>
   <trkpt lat="4.7912090" lon="-75.6461970">
    <ele>1494.8</ele>
   </trkpt>
   <trkpt lat="4.7912040" lon="-75.6461960">
    <ele>1494.8</ele>
   </trkpt>
   <trkpt lat="4.7911970" lon="-75.6461950">
    <ele>1494.9</ele>
   </trkpt>
   <trkpt lat="4.7911930" lon="-75.6461970">
    <ele>1494.9</ele>
   </trkpt>
   <trkpt lat="4.7911910" lon="-75.6461960">
    <ele>1494.9</ele>
   </trkpt>
   <trkpt lat="4.7911870" lon="-75.6461980">
    <ele>1495.0</ele>
   </trkpt>
   <trkpt lat="4.7911800" lon="-75.6462010">
    <ele>1495.0</ele>
   </trkpt>
   <trkpt lat="4.7911700" lon="-75.6462030">
    <ele>1495.1</ele>
   </trkpt>
   <trkpt lat="4.7911590" lon="-75.6462070">
    <ele>1495.2</ele>
   </trkpt>
   <trkpt lat="4.7911500" lon="-75.6462080">
    <ele>1495.3</ele>
   </trkpt>
   <trkpt lat="4.7911410" lon="-75.6462110">
    <ele>1495.4</ele>
   </trkpt>
   <trkpt lat="4.7911320" lon="-75.6462140">
    <ele>1495.4</ele>
   </trkpt>
   <trkpt lat="4.7911240" lon="-75.6462170">
    <ele>1495.5</ele>
   </trkpt>
   <trkpt lat="4.7911150" lon="-75.6462220">
    <ele>1495.6</ele>
   </trkpt>
   <trkpt lat="4.7911050" lon="-75.6462290">
    <ele>1495.7</ele>
   </trkpt>
   <trkpt lat="4.7910990" lon="-75.6462350">
    <ele>1495.7</ele>
   </trkpt>
   <trkpt lat="4.7910900" lon="-75.6462410">
    <ele>1495.8</ele>
   </trkpt>
   <trkpt lat="4.7910810" lon="-75.6462470">
    <ele>1495.9</ele>
   </trkpt>
   <trkpt lat="4.7910730" lon="-75.6462510">
    <ele>1496.0</ele>
   </trkpt>
   <trkpt lat="4.7910630" lon="-75.6462590">
    <ele>1496.1</ele>
   </trkpt>
   <trkpt lat="4.7910500" lon="-75.6462670">
    <ele>1496.2</ele>
   </trkpt>
   <trkpt lat="4.7910460" lon="-75.6462690">
    <ele>1496.2</ele>
   </trkpt>
   <trkpt lat="4.7910390" lon="-75.6462740">
    <ele>1496.3</ele>
   </trkpt>
   <trkpt lat="4.7910310" lon="-75.6462790">
    <ele>1496.4</ele>
   </trkpt>
   <trkpt lat="4.7910240" lon="-75.6462840">
    <ele>1496.4</ele>
   </trkpt>
   <trkpt lat="4.7910170" lon="-75.6462890">
    <ele>1496.5</ele>
   </trkpt>
   <trkpt lat="4.7910100" lon="-75.6462940">
    <ele>1496.6</ele>
   </trkpt>
   <trkpt lat="4.7910030" lon="-75.6462990">
    <ele>1496.6</ele>
   </trkpt>
   <trkpt lat="4.7909970" lon="-75.6463040">
    <ele>1496.7</ele>
   </trkpt>
   <trkpt lat="4.7909910" lon="-75.6463100">
    <ele>1496.8</ele>
   </trkpt>
   <trkpt lat="4.7909870" lon="-75.6463170">
    <ele>1496.8</ele>
   </trkpt>
   <trkpt lat="4.7909830" lon="-75.6463240">
    <ele>1496.9</ele>
   </trkpt>
   <trkpt lat="4.7909760" lon="-75.6463320">
    <ele>1497.0</ele>
   </trkpt>
   <trkpt lat="4.7909710" lon="-75.6463340">
    <ele>1497.0</ele>
   </trkpt>
   <trkpt lat="4.7909640" lon="-75.6463420">
    <ele>1497.1</ele>
   </trkpt>
   <trkpt lat="4.7909570" lon="-75.6463460">
    <ele>1497.2</ele>
   </trkpt>
   <trkpt lat="4.7909510" lon="-75.6463530">
    <ele>1497.2</ele>
   </trkpt>
   <trkpt lat="4.7909450" lon="-75.6463590">
    <ele>1497.3</ele>
   </trkpt>
   <trkpt lat="4.7909400" lon="-75.6463640">
    <ele>1497.4</ele>
   </trkpt>
   <trkpt lat="4.7909340" lon="-75.6463710">
    <ele>1497.4</ele>
   </trkpt>
   <trkpt lat="4.7909290" lon="-75.6463770">
    <ele>1497.5</ele>
   </trkpt>
   <trkpt lat="4.7909210" lon="-75.6463830">
    <ele>1497.6</ele>
   </trkpt>
   <trkpt lat="4.7909150" lon="-75.6463860">
    <ele>1497.6</ele>
   </trkpt>
   <trkpt lat="4.7909070" lon="-75.6463890">
    <ele>1497.7</ele>
   </trkpt>
   <trkpt lat="4.7909000" lon="-75.6463920">
    <ele>1497.7</ele>
   </trkpt>
   <trkpt lat="4.7908930" lon="-75.6463970">
    <ele>1497.8</ele>
   </trkpt>
   <trkpt lat="4.7908880" lon="-75.6464020">
    <ele>1497.9</ele>
   </trkpt>
   <trkpt lat="4.7908830" lon="-75.6464070">
    <ele>1497.9</ele>
   </trkpt>
   <trkpt lat="4.7908780" lon="-75.6464120">
    <ele>1498.0</ele>
   </trkpt>
   <trkpt lat="4.7908730" lon="-75.6464170">
    <ele>1498.0</ele>
   </trkpt>
   <trkpt lat="4.7908710" lon="-75.6464180">
    <ele>1498.0</ele>
   </trkpt>
   <trkpt lat="4.7908680" lon="-75.6464210">
    <ele>1498.1</ele>
   </trkpt>
   <trkpt lat="4.7908640" lon="-75.6464230">
    <ele>1498.1</ele>
   </trkpt>
   <trkpt lat="4.7908620" lon="-75.6464260">
    <ele>1498.1</ele>
   </trkpt>
   <trkpt lat="4.7908620" lon="-75.6464270">
    <ele>1498.1</ele>
   </trkpt>
   <trkpt lat="4.7908630" lon="-75.6464260">
    <ele>1498.1</ele>
   </trkpt>
   <trkpt lat="4.7908620" lon="-75.6464260">
    <ele>1498.1</ele>
   </trkpt>
   <trkpt lat="4.7908600" lon="-75.6464270">
    <ele>1498.2</ele>
   </trkpt>
   <trkpt lat="4.7908560" lon="-75.6464300">
    <ele>1498.2</ele>
   </trkpt>
   <trkpt lat="4.7908460" lon="-75.6464380">
    <ele>1498.3</ele>
   </trkpt>
   <trkpt lat="4.7908370" lon="-75.6464470">
    <ele>1498.4</ele>
   </trkpt>
   <trkpt lat="4.7908260" lon="-75.6464560">
    <ele>1498.5</ele>
   </trkpt>
   <trkpt lat="4.7908190" lon="-75.6464610">
    <ele>1498.5</ele>
   </trkpt>
   <trkpt lat="4.7908120" lon="-75.6464650">
    <ele>1498.6</ele>
   </trkpt>
   <trkpt lat="4.7908040" lon="-75.6464700">
    <ele>1498.6</ele>
   </trkpt>
   <trkpt lat="4.7907970" lon="-75.6464760">
    <ele>1498.7</ele>
   </trkpt>
   <trkpt lat="4.7907890" lon="-75.6464820">
    <ele>1498.8</ele>
   </trkpt>
   <trkpt lat="4.7907820" lon="-75.6464880">
    <ele>1498.8</ele>
   </trkpt>
   <trkpt lat="4.7907730" lon="-75.6464940">
    <ele>1498.9</ele>
   </trkpt>
   <trkpt lat="4.7907650" lon="-75.6465000">
    <ele>1498.9</ele>
   </trkpt>
   <trkpt lat="4.7907570" lon="-75.6465050">
    <ele>1499.0</ele>
   </trkpt>
   <trkpt lat="4.7907480" lon="-75.6465110">
    <ele>1499.1</ele>
   </trkpt>
   <trkpt lat="4.7907420" lon="-75.6465170">
    <ele>1499.1</ele>
   </trkpt>
   <trkpt lat="4.7907360" lon="-75.6465240">
    <ele>1499.2</ele>
   </trkpt>
   <trkpt lat="4.7907310" lon="-75.6465310">
    <ele>1499.2</ele>
   </trkpt>
   <trkpt lat="4.7907310" lon="-75.6465370">
    <ele>1499.2</ele>
   </trkpt>
   <trkpt lat="4.7907250" lon="-75.6465410">
    <ele>1499.3</ele>
   </trkpt>
   <trkpt lat="4.7907180" lon="-75.6465470">
    <ele>1499.3</ele>
   </trkpt>
   <trkpt lat="4.7907110" lon="-75.6465530">
    <ele>1499.4</ele>
   </trkpt>
   <trkpt lat="4.7907030" lon="-75.6465580">
    <ele>1499.4</ele>
   </trkpt>
   <trkpt lat="4.7906950" lon="-75.6465640">
    <ele>1499.5</ele>
   </trkpt>
   <trkpt lat="4.7906910" lon="-75.6465710">
    <ele>1499.5</ele>
   </trkpt>
   <trkpt lat="4.7906850" lon="-75.6465770">
    <ele>1499.5</ele>
   </trkpt>
   <trkpt lat="4.7906780" lon="-75.6465830">
    <ele>1499.6</ele>
   </trkpt>
   <trkpt lat="4.7906690" lon="-75.6465900">
    <ele>1499.6</ele>
   </trkpt>
   <trkpt lat="4.7906610" lon="-75.6465960">
    <ele>1499.6</ele>
   </trkpt>
   <trkpt lat="4.7906520" lon="-75.6466000">
    <ele>1499.7</ele>
   </trkpt>
   <trkpt lat="4.7906380" lon="-75.6466050">
    <ele>1499.7</ele>
   </trkpt>
   <trkpt lat="4.7906360" lon="-75.6466070">
    <ele>1499.7</ele>
   </trkpt>
   <trkpt lat="4.7906320" lon="-75.6466100">
    <ele>1499.8</ele>
   </trkpt>
   <trkpt lat="4.7906250" lon="-75.6466100">
    <ele>1499.8</ele>
   </trkpt>
   <trkpt lat="4.7906180" lon="-75.6466090">
    <ele>1499.8</ele>
   </trkpt>
   <trkpt lat="4.7906150" lon="-75.6466140">
    <ele>1499.8</ele>
   </trkpt>
   <trkpt lat="4.7906120" lon="-75.6466160">
    <ele>1499.8</ele>
   </trkpt>
   <trkpt lat="4.7906060" lon="-75.6466200">
    <ele>1499.9</ele>
   </trkpt>
   <trkpt lat="4.7906000" lon="-75.6466220">
    <ele>1499.9</ele>
   </trkpt>
   <trkpt lat="4.7905930" lon="-75.6466250">
    <ele>1499.9</ele>
   </trkpt>
   <trkpt lat="4.7905850" lon="-75.6466260">
    <ele>1499.9</ele>
   </trkpt>
   <trkpt lat="4.7905770" lon="-75.6466250">
    <ele>1500.0</ele>
   </trkpt>
   <trkpt lat="4.7905680" lon="-75.6466250">
    <ele>1500.0</ele>
   </trkpt>
   <trkpt lat="4.7905610" lon="-75.6466260">
    <ele>1500.0</ele>
   </trkpt>
   <trkpt lat="4.7905490" lon="-75.6466230">
    <ele>1500.0</ele>
   </trkpt>
   <trkpt lat="4.7905440" lon="-75.6466250">
    <ele>1500.0</ele>
   </trkpt>
   <trkpt lat="4.7905390" lon="-75.6466290">
    <ele>1500.1</ele>
   </trkpt>
   <trkpt lat="4.7905380" lon="-75.6466290">
    <ele>1500.1</ele>
   </trkpt>
   <trkpt lat="4.7905390" lon="-75.6466300">
    <ele>1500.1</ele>
   </trkpt>
   <trkpt lat="4.7905390" lon="-75.6466350">
    <ele>1500.1</ele>
   </trkpt>
   <trkpt lat="4.7905360" lon="-75.6466420">
    <ele>1500.1</ele>
   </trkpt>
   <trkpt lat="4.7905360" lon="-75.6466470">
    <ele>1500.1</ele>
   </trkpt>
   <trkpt lat="4.7905310" lon="-75.6466550">
    <ele>1500.1</ele>
   </trkpt>
   <trkpt lat="4.7905280" lon="-75.6466570">
    <ele>1500.1</ele>
   </trkpt>
   <trkpt lat="4.7905210" lon="-75.6466620">
    <ele>1500.1</ele>
   </trkpt>
   <trkpt lat="4.7905170" lon="-75.6466660">
    <ele>1500.1</ele>
   </trkpt>
   <trkpt lat="4.7905120" lon="-75.6466710">
    <ele>1500.2</ele>
   </trkpt>
   <trkpt lat="4.7905040" lon="-75.6466770">
    <ele>1500.2</ele>
   </trkpt>
   <trkpt lat="4.7905000" lon="-75.6466820">
    <ele>1500.2</ele>
   </trkpt>
   <trkpt lat="4.7904960" lon="-75.6466870">
    <ele>1500.2</ele>
   </trkpt>
   <trkpt lat="4.7904920" lon="-75.6466920">
    <ele>1500.2</ele>
   </trkpt>
   <trkpt lat="4.7904830" lon="-75.6466970">
    <ele>1500.2</ele>
   </trkpt>
   <trkpt lat="4.7904750" lon="-75.6467010">
    <ele>1500.2</ele>
   </trkpt>
   <trkpt lat="4.7904670" lon="-75.6467050">
    <ele>1500.3</ele>
   </trkpt>
   <trkpt lat="4.7904600" lon="-75.6467090">
    <ele>1500.3</ele>
   </trkpt>
   <trkpt lat="4.7904550" lon="-75.6467120">
    <ele>1500.3</ele>
   </trkpt>
   <trkpt lat="4.7904490" lon="-75.6467160">
    <ele>1500.3</ele>
   </trkpt>
   <trkpt lat="4.7904410" lon="-75.6467210">
    <ele>1500.3</ele>
   </trkpt>
   <trkpt lat="4.7904380" lon="-75.6467260">
    <ele>1500.3</ele>
   </trkpt>
   <trkpt lat="4.7904310" lon="-75.6467310">
    <ele>1500.3</ele>
   </trkpt>
   <trkpt lat="4.7904250" lon="-75.6467360">
    <ele>1500.3</ele>
   </trkpt>
   <trkpt lat="4.7904170" lon="-75.6467410">
    <ele>1500.3</ele>
   </trkpt>
   <trkpt lat="4.7904200" lon="-75.6467480">
    <ele>1500.3</ele>
   </trkpt>
   <trkpt lat="4.7904230" lon="-75.6467560">
    <ele>1500.4</ele>
   </trkpt>
   <trkpt lat="4.7904200" lon="-75.6467630">
    <ele>1500.4</ele>
   </trkpt>
   <trkpt lat="4.7904140" lon="-75.6467680">
    <ele>1500.4</ele>
   </trkpt>
   <trkpt lat="4.7904070" lon="-75.6467720">
    <ele>1500.4</ele>
   </trkpt>
   <trkpt lat="4.7904020" lon="-75.6467780">
    <ele>1500.4</ele>
   </trkpt>
   <trkpt lat="4.7903930" lon="-75.6467850">
    <ele>1500.4</ele>
   </trkpt>
   <trkpt lat="4.7903860" lon="-75.6467900">
    <ele>1500.4</ele>
   </trkpt>
   <trkpt lat="4.7903770" lon="-75.6467950">
    <ele>1500.4</ele>
   </trkpt>
   <trkpt lat="4.7903700" lon="-75.6468000">
    <ele>1500.4</ele>
   </trkpt>
   <trkpt lat="4.7903630" lon="-75.6468040">
    <ele>1500.4</ele>
   </trkpt>
   <trkpt lat="4.7903550" lon="-75.6468090">
    <ele>1500.4</ele>
   </trkpt>
   <trkpt lat="4.7903460" lon="-75.6468140">
    <ele>1500.5</ele>
   </trkpt>
   <trkpt lat="4.7903390" lon="-75.6468180">
    <ele>1500.5</ele>
   </trkpt>
   <trkpt lat="4.7903290" lon="-75.6468230">
    <ele>1500.5</ele>
   </trkpt>
   <trkpt lat="4.7903230" lon="-75.6468260">
    <ele>1500.5</ele>
   </trkpt>
   <trkpt lat="4.7903140" lon="-75.6468310">
    <ele>1500.5</ele>
   </trkpt>
   <trkpt lat="4.7903080" lon="-75.6468340">
    <ele>1500.5</ele>
   </trkpt>
   <trkpt lat="4.7903010" lon="-75.6468370">
    <ele>1500.5</ele>
   </trkpt>
   <trkpt lat="4.7902930" lon="-75.6468410">
    <ele>1500.5</ele>
   </trkpt>
   <trkpt lat="4.7902840" lon="-75.6468450">
    <ele>1500.5</ele>
   </trkpt>
   <trkpt lat="4.7902790" lon="-75.6468500">
    <ele>1500.5</ele>
   </trkpt>
   <trkpt lat="4.7902730" lon="-75.6468560">
    <ele>1500.5</ele>
   </trkpt>
   <trkpt lat="4.7902680" lon="-75.6468600">
    <ele>1500.5</ele>
   </trkpt>
   <trkpt lat="4.7902600" lon="-75.6468660">
    <ele>1500.6</ele>
   </trkpt>
   <trkpt lat="4.7902530" lon="-75.6468720">
    <ele>1500.6</ele>
   </trkpt>
   <trkpt lat="4.7902450" lon="-75.6468770">
    <ele>1500.6</ele>
   </trkpt>
   <trkpt lat="4.7902360" lon="-75.6468830">
    <ele>1500.6</ele>
   </trkpt>
   <trkpt lat="4.7902260" lon="-75.6468880">
    <ele>1500.6</ele>
   </trkpt>
   <trkpt lat="4.7902210" lon="-75.6468890">
    <ele>1500.6</ele>
   </trkpt>
   <trkpt lat="4.7902130" lon="-75.6468910">
    <ele>1500.6</ele>
   </trkpt>
   <trkpt lat="4.7902050" lon="-75.6468920">
    <ele>1500.6</ele>
   </trkpt>
   <trkpt lat="4.7901970" lon="-75.6468950">
    <ele>1500.6</ele>
   </trkpt>
   <trkpt lat="4.7901900" lon="-75.6468960">
    <ele>1500.6</ele>
   </trkpt>
   <trkpt lat="4.7901830" lon="-75.6468960">
    <ele>1500.6</ele>
   </trkpt>
   <trkpt lat="4.7901780" lon="-75.6468980">
    <ele>1500.6</ele>
   </trkpt>
   <trkpt lat="4.7901700" lon="-75.6469020">
    <ele>1500.6</ele>
   </trkpt>
   <trkpt lat="4.7901630" lon="-75.6469050">
    <ele>1500.6</ele>
   </trkpt>
   <trkpt lat="4.7901560" lon="-75.6469090">
    <ele>1500.6</ele>
   </trkpt>
   <trkpt lat="4.7901500" lon="-75.6469130">
    <ele>1500.6</ele>
   </trkpt>
   <trkpt lat="4.7901410" lon="-75.6469210">
    <ele>1500.6</ele>
   </trkpt>
   <trkpt lat="4.7901380" lon="-75.6469240">
    <ele>1500.6</ele>
   </trkpt>
   <trkpt lat="4.7901340" lon="-75.6469270">
    <ele>1500.6</ele>
   </trkpt>
   <trkpt lat="4.7901280" lon="-75.6469290">
    <ele>1500.6</ele>
   </trkpt>
   <trkpt lat="4.7901220" lon="-75.6469310">
    <ele>1500.6</ele>
   </trkpt>
   <trkpt lat="4.7901160" lon="-75.6469330">
    <ele>1500.6</ele>
   </trkpt>
   <trkpt lat="4.7901120" lon="-75.6469370">
    <ele>1500.6</ele>
   </trkpt>
   <trkpt lat="4.7901080" lon="-75.6469470">
    <ele>1500.7</ele>
   </trkpt>
   <trkpt lat="4.7901020" lon="-75.6469520">
    <ele>1500.7</ele>
   </trkpt>
   <trkpt lat="4.7900950" lon="-75.6469590">
    <ele>1500.7</ele>
   </trkpt>
   <trkpt lat="4.7900860" lon="-75.6469640">
    <ele>1500.7</ele>
   </trkpt>
   <trkpt lat="4.7900790" lon="-75.6469680">
    <ele>1500.7</ele>
   </trkpt>
   <trkpt lat="4.7900710" lon="-75.6469720">
    <ele>1500.7</ele>
   </trkpt>
   <trkpt lat="4.7900620" lon="-75.6469760">
    <ele>1500.7</ele>
   </trkpt>
   <trkpt lat="4.7900540" lon="-75.6469850">
    <ele>1500.7</ele>
   </trkpt>
   <trkpt lat="4.7900470" lon="-75.6469890">
    <ele>1500.7</ele>
   </trkpt>
   <trkpt lat="4.7900380" lon="-75.6469950">
    <ele>1500.7</ele>
   </trkpt>
   <trkpt lat="4.7900290" lon="-75.6470010">
    <ele>1500.7</ele>
   </trkpt>
   <trkpt lat="4.7900200" lon="-75.6470070">
    <ele>1500.7</ele>
   </trkpt>
   <trkpt lat="4.7900100" lon="-75.6470060">
    <ele>1500.7</ele>
   </trkpt>
   <trkpt lat="4.7900010" lon="-75.6469990">
    <ele>1500.7</ele>
   </trkpt>
   <trkpt lat="4.7900000" lon="-75.6469910">
    <ele>1500.7</ele>
   </trkpt>
   <trkpt lat="4.7899940" lon="-75.6469940">
    <ele>1500.7</ele>
   </trkpt>
   <trkpt lat="4.7899870" lon="-75.6469990">
    <ele>1500.7</ele>
   </trkpt>
   <trkpt lat="4.7899780" lon="-75.6470010">
    <ele>1500.7</ele>
   </trkpt>
   <trkpt lat="4.7899690" lon="-75.6470040">
    <ele>1500.7</ele>
   </trkpt>
   <trkpt lat="4.7899590" lon="-75.6470090">
    <ele>1500.7</ele>
   </trkpt>
   <trkpt lat="4.7899510" lon="-75.6470140">
    <ele>1500.7</ele>
   </trkpt>
   <trkpt lat="4.7899430" lon="-75.6470170">
    <ele>1500.7</ele>
   </trkpt>
   <trkpt lat="4.7899420" lon="-75.6470430">
    <ele>1500.8</ele>
   </trkpt>
   <trkpt lat="4.7899410" lon="-75.6470500">
    <ele>1500.8</ele>
   </trkpt>
   <trkpt lat="4.7899350" lon="-75.6470560">
    <ele>1500.8</ele>
   </trkpt>
   <trkpt lat="4.7899280" lon="-75.6470640">
    <ele>1500.8</ele>
   </trkpt>
   <trkpt lat="4.7899220" lon="-75.6470730">
    <ele>1500.8</ele>
   </trkpt>
   <trkpt lat="4.7899160" lon="-75.6470840">
    <ele>1500.8</ele>
   </trkpt>
   <trkpt lat="4.7899090" lon="-75.6470940">
    <ele>1500.8</ele>
   </trkpt>
   <trkpt lat="4.7899030" lon="-75.6471030">
    <ele>1500.8</ele>
   </trkpt>
   <trkpt lat="4.7899040" lon="-75.6471210">
    <ele>1500.9</ele>
   </trkpt>
   <trkpt lat="4.7898980" lon="-75.6471330">
    <ele>1500.9</ele>
   </trkpt>
   <trkpt lat="4.7898920" lon="-75.6471390">
    <ele>1500.9</ele>
   </trkpt>
   <trkpt lat="4.7898860" lon="-75.6471460">
    <ele>1500.9</ele>
   </trkpt>
   <trkpt lat="4.7898790" lon="-75.6471530">
    <ele>1500.9</ele>
   </trkpt>
   <trkpt lat="4.7898720" lon="-75.6471590">
    <ele>1500.9</ele>
   </trkpt>
   <trkpt lat="4.7898650" lon="-75.6471660">
    <ele>1500.9</ele>
   </trkpt>
   <trkpt lat="4.7898600" lon="-75.6471680">
    <ele>1500.9</ele>
   </trkpt>
   <trkpt lat="4.7898540" lon="-75.6471710">
    <ele>1500.9</ele>
   </trkpt>
   <trkpt lat="4.7898470" lon="-75.6471750">
    <ele>1501.0</ele>
   </trkpt>
   <trkpt lat="4.7898390" lon="-75.6471800">
    <ele>1501.0</ele>
   </trkpt>
   <trkpt lat="4.7898320" lon="-75.6471840">
    <ele>1501.0</ele>
   </trkpt>
   <trkpt lat="4.7898250" lon="-75.6471880">
    <ele>1501.1</ele>
   </trkpt>
   <trkpt lat="4.7898210" lon="-75.6471920">
    <ele>1501.1</ele>
   </trkpt>
   <trkpt lat="4.7898280" lon="-75.6472020">
    <ele>1501.1</ele>
   </trkpt>
   <trkpt lat="4.7898260" lon="-75.6472050">
    <ele>1501.2</ele>
   </trkpt>
   <trkpt lat="4.7898240" lon="-75.6472090">
    <ele>1501.2</ele>
   </trkpt>
   <trkpt lat="4.7898220" lon="-75.6472100">
    <ele>1501.2</ele>
   </trkpt>
   <trkpt lat="4.7898230" lon="-75.6472060">
    <ele>1501.2</ele>
   </trkpt>
   <trkpt lat="4.7898240" lon="-75.6472010">
    <ele>1501.2</ele>
   </trkpt>
   <trkpt lat="4.7898250" lon="-75.6471970">
    <ele>1501.2</ele>
   </trkpt>
   <trkpt lat="4.7898300" lon="-75.6471880">
    <ele>1501.3</ele>
   </trkpt>
   <trkpt lat="4.7898300" lon="-75.6471870">
    <ele>1501.3</ele>
   </trkpt>
   <trkpt lat="4.7898300" lon="-75.6471860">
    <ele>1501.3</ele>
   </trkpt>
   <trkpt lat="4.7898300" lon="-75.6471870">
    <ele>1501.3</ele>
   </trkpt>
   <trkpt lat="4.7898300" lon="-75.6471870">
    <ele>1501.3</ele>
   </trkpt>
   <trkpt lat="4.7898310" lon="-75.6471880">
    <ele>1501.3</ele>
   </trkpt>
   <trkpt lat="4.7898360" lon="-75.6471990">
    <ele>1501.4</ele>
   </trkpt>
   <trkpt lat="4.7898460" lon="-75.6472200">
    <ele>1501.5</ele>
   </trkpt>
   <trkpt lat="4.7898460" lon="-75.6472280">
    <ele>1501.5</ele>
   </trkpt>
   <trkpt lat="4.7898460" lon="-75.6472370">
    <ele>1501.5</ele>
   </trkpt>
   <trkpt lat="4.7898440" lon="-75.6472430">
    <ele>1501.6</ele>
   </trkpt>
   <trkpt lat="4.7898390" lon="-75.6472480">
    <ele>1501.6</ele>
   </trkpt>
   <trkpt lat="4.7898330" lon="-75.6472520">
    <ele>1501.6</ele>
   </trkpt>
   <trkpt lat="4.7898280" lon="-75.6472560">
    <ele>1501.7</ele>
   </trkpt>
   <trkpt lat="4.7898160" lon="-75.6472590">
    <ele>1501.7</ele>
   </trkpt>
   <trkpt lat="4.7898130" lon="-75.6472600">
    <ele>1501.8</ele>
   </trkpt>
   <trkpt lat="4.7898110" lon="-75.6472650">
    <ele>1501.8</ele>
   </trkpt>
   <trkpt lat="4.7898080" lon="-75.6472700">
    <ele>1501.8</ele>
   </trkpt>
   <trkpt lat="4.7898060" lon="-75.6472750">
    <ele>1501.8</ele>
   </trkpt>
   <trkpt lat="4.7898030" lon="-75.6472780">
    <ele>1501.9</ele>
   </trkpt>
   <trkpt lat="4.7898010" lon="-75.6472800">
    <ele>1501.9</ele>
   </trkpt>
   <trkpt lat="4.7898000" lon="-75.6472760">
    <ele>1501.9</ele>
   </trkpt>
   <trkpt lat="4.7897990" lon="-75.6472780">
    <ele>1501.9</ele>
   </trkpt>
   <trkpt lat="4.7897980" lon="-75.6472830">
    <ele>1502.0</ele>
   </trkpt>
   <trkpt lat="4.7897950" lon="-75.6472890">
    <ele>1502.0</ele>
   </trkpt>
   <trkpt lat="4.7897900" lon="-75.6473000">
    <ele>1502.1</ele>
   </trkpt>
   <trkpt lat="4.7897870" lon="-75.6473110">
    <ele>1502.1</ele>
   </trkpt>
   <trkpt lat="4.7897850" lon="-75.6473200">
    <ele>1502.2</ele>
   </trkpt>
   <trkpt lat="4.7897910" lon="-75.6473280">
    <ele>1502.2</ele>
   </trkpt>
   <trkpt lat="4.7897920" lon="-75.6473350">
    <ele>1502.3</ele>
   </trkpt>
   <trkpt lat="4.7897930" lon="-75.6473430">
    <ele>1502.3</ele>
   </trkpt>
   <trkpt lat="4.7897970" lon="-75.6473490">
    <ele>1502.4</ele>
   </trkpt>
   <trkpt lat="4.7898020" lon="-75.6473560">
    <ele>1502.4</ele>
   </trkpt>
   <trkpt lat="4.7898020" lon="-75.6473630">
    <ele>1502.5</ele>
   </trkpt>
   <trkpt lat="4.7898050" lon="-75.6473690">
    <ele>1502.5</ele>
   </trkpt>
   <trkpt lat="4.7898090" lon="-75.6473730">
    <ele>1502.6</ele>
   </trkpt>
   <trkpt lat="4.7898120" lon="-75.6473760">
    <ele>1502.6</ele>
   </trkpt>
   <trkpt lat="4.7898200" lon="-75.6473750">
    <ele>1502.6</ele>
   </trkpt>
   <trkpt lat="4.7898200" lon="-75.6473680">
    <ele>1502.7</ele>
   </trkpt>
   <trkpt lat="4.7898190" lon="-75.6473730">
    <ele>1502.7</ele>
   </trkpt>
   <trkpt lat="4.7898200" lon="-75.6473760">
    <ele>1502.7</ele>
   </trkpt>
   <trkpt lat="4.7898210" lon="-75.6473760">
    <ele>1502.8</ele>
   </trkpt>
   <trkpt lat="4.7898210" lon="-75.6473680">
    <ele>1502.8</ele>
   </trkpt>
   <trkpt lat="4.7898210" lon="-75.6473700">
    <ele>1502.8</ele>
   </trkpt>
   <trkpt lat="4.7898210" lon="-75.6473710">
    <ele>1502.8</ele>
   </trkpt>
   <trkpt lat="4.7898190" lon="-75.6473720">
    <ele>1502.8</ele>
   </trkpt>
   <trkpt lat="4.7898180" lon="-75.6473730">
    <ele>1502.8</ele>
   </trkpt>
   <trkpt lat="4.7898180" lon="-75.6473730">
    <ele>1502.8</ele>
   </trkpt>
   <trkpt lat="4.7898180" lon="-75.6473730">
    <ele>1502.8</ele>
   </trkpt>
   <trkpt lat="4.7898200" lon="-75.6473700">
    <ele>1502.9</ele>
   </trkpt>
   <trkpt lat="4.7898200" lon="-75.6473700">
    <ele>1502.9</ele>
   </trkpt>
   <trkpt lat="4.7898200" lon="-75.6473720">
    <ele>1502.9</ele>
   </trkpt>
   <trkpt lat="4.7898200" lon="-75.6473740">
    <ele>1502.9</ele>
   </trkpt>
   <trkpt lat="4.7898190" lon="-75.6473760">
    <ele>1502.9</ele>
   </trkpt>
   <trkpt lat="4.7898170" lon="-75.6473790">
    <ele>1502.9</ele>
   </trkpt>
   <trkpt lat="4.7898170" lon="-75.6473810">
    <ele>1503.0</ele>
   </trkpt>
   <trkpt lat="4.7898170" lon="-75.6473820">
    <ele>1503.0</ele>
   </trkpt>
   <trkpt lat="4.7898180" lon="-75.6473790">
    <ele>1503.0</ele>
   </trkpt>
   <trkpt lat="4.7898180" lon="-75.6473800">
    <ele>1503.0</ele>
   </trkpt>
   <trkpt lat="4.7898180" lon="-75.6473830">
    <ele>1503.0</ele>
   </trkpt>
   <trkpt lat="4.7898150" lon="-75.6473870">
    <ele>1503.0</ele>
   </trkpt>
   <trkpt lat="4.7898130" lon="-75.6473900">
    <ele>1503.1</ele>
   </trkpt>
   <trkpt lat="4.7898130" lon="-75.6473910">
    <ele>1503.1</ele>
   </trkpt>
   <trkpt lat="4.7898140" lon="-75.6473940">
    <ele>1503.1</ele>
   </trkpt>
   <trkpt lat="4.7898100" lon="-75.6473890">
    <ele>1503.1</ele>
   </trkpt>
   <trkpt lat="4.7898090" lon="-75.6473910">
    <ele>1503.1</ele>
   </trkpt>
   <trkpt lat="4.7898090" lon="-75.6473920">
    <ele>1503.2</ele>
   </trkpt>
   <trkpt lat="4.7898090" lon="-75.6473920">
    <ele>1503.2</ele>
   </trkpt>
   <trkpt lat="4.7898090" lon="-75.6473930">
    <ele>1503.2</ele>
   </trkpt>
   <trkpt lat="4.7898080" lon="-75.6473950">
    <ele>1503.2</ele>
   </trkpt>
   <trkpt lat="4.7898080" lon="-75.6473970">
    <ele>1503.2</ele>
   </trkpt>
   <trkpt lat="4.7898090" lon="-75.6473940">
    <ele>1503.2</ele>
   </trkpt>
   <trkpt lat="4.7898070" lon="-75.6473990">
    <ele>1503.2</ele>
   </trkpt>
   <trkpt lat="4.7898060" lon="-75.6474040">
    <ele>1503.3</ele>
   </trkpt>
   <trkpt lat="4.7898050" lon="-75.6474070">
    <ele>1503.3</ele>
   </trkpt>
   <trkpt lat="4.7898040" lon="-75.6474100">
    <ele>1503.3</ele>
   </trkpt>
   <trkpt lat="4.7898040" lon="-75.6474130">
    <ele>1503.3</ele>
   </trkpt>
   <trkpt lat="4.7898030" lon="-75.6474150">
    <ele>1503.4</ele>
   </trkpt>
   <trkpt lat="4.7898010" lon="-75.6474190">
    <ele>1503.4</ele>
   </trkpt>
   <trkpt lat="4.7898000" lon="-75.6474200">
    <ele>1503.4</ele>
   </trkpt>
   <trkpt lat="4.7897990" lon="-75.6474220">
    <ele>1503.4</ele>
   </trkpt>
   <trkpt lat="4.7897960" lon="-75.6474230">
    <ele>1503.4</ele>
   </trkpt>
   <trkpt lat="4.7897880" lon="-75.6474380">
    <ele>1503.6</ele>
   </trkpt>
   <trkpt lat="4.7897800" lon="-75.6474670">
    <ele>1503.8</ele>
   </trkpt>
   <trkpt lat="4.7897720" lon="-75.6474940">
    <ele>1504.0</ele>
   </trkpt>
   <trkpt lat="4.7897610" lon="-75.6475120">
    <ele>1504.1</ele>
   </trkpt>
   <trkpt lat="4.7897480" lon="-75.6475190">
    <ele>1504.2</ele>
   </trkpt>
   <trkpt lat="4.7897370" lon="-75.6475260">
    <ele>1504.3</ele>
   </trkpt>
   <trkpt lat="4.7897280" lon="-75.6475340">
    <ele>1504.4</ele>
   </trkpt>
   <trkpt lat="4.7897210" lon="-75.6475400">
    <ele>1504.5</ele>
   </trkpt>
   <trkpt lat="4.7897130" lon="-75.6475510">
    <ele>1504.6</ele>
   </trkpt>
   <trkpt lat="4.7897060" lon="-75.6475610">
    <ele>1504.6</ele>
   </trkpt>
   <trkpt lat="4.7896970" lon="-75.6475730">
    <ele>1504.8</ele>
   </trkpt>
   <trkpt lat="4.7896950" lon="-75.6475780">
    <ele>1504.8</ele>
   </trkpt>
   <trkpt lat="4.7896910" lon="-75.6475870">
    <ele>1504.9</ele>
   </trkpt>
   <trkpt lat="4.7896860" lon="-75.6475980">
    <ele>1504.9</ele>
   </trkpt>
   <trkpt lat="4.7896830" lon="-75.6476080">
    <ele>1505.0</ele>
   </trkpt>
   <trkpt lat="4.7896800" lon="-75.6476180">
    <ele>1505.1</ele>
   </trkpt>
   <trkpt lat="4.7896750" lon="-75.6476290">
    <ele>1505.2</ele>
   </trkpt>
   <trkpt lat="4.7896690" lon="-75.6476410">
    <ele>1505.3</ele>
   </trkpt>
   <trkpt lat="4.7896640" lon="-75.6476520">
    <ele>1505.4</ele>
   </trkpt>
   <trkpt lat="4.7896590" lon="-75.6476720">
    <ele>1505.5</ele>
   </trkpt>
   <trkpt lat="4.7896550" lon="-75.6476890">
    <ele>1505.6</ele>
   </trkpt>
   <trkpt lat="4.7896550" lon="-75.6477080">
    <ele>1505.7</ele>
   </trkpt>
   <trkpt lat="4.7896580" lon="-75.6477290">
    <ele>1505.9</ele>
   </trkpt>
   <trkpt lat="4.7896630" lon="-75.6477530">
    <ele>1506.0</ele>
   </trkpt>
   <trkpt lat="4.7896640" lon="-75.6477720">
    <ele>1506.2</ele>
   </trkpt>
   <trkpt lat="4.7896680" lon="-75.6477990">
    <ele>1506.3</ele>
   </trkpt>
   <trkpt lat="4.7896700" lon="-75.6478250">
    <ele>1506.5</ele>
   </trkpt>
   <trkpt lat="4.7896740" lon="-75.6478510">
    <ele>1506.6</ele>
   </trkpt>
   <trkpt lat="4.7896750" lon="-75.6478770">
    <ele>1506.8</ele>
   </trkpt>
   <trkpt lat="4.7896730" lon="-75.6479000">
    <ele>1506.9</ele>
   </trkpt>
   <trkpt lat="4.7896720" lon="-75.6479210">
    <ele>1507.0</ele>
   </trkpt>
   <trkpt lat="4.7896720" lon="-75.6479430">
    <ele>1507.1</ele>
   </trkpt>
   <trkpt lat="4.7896730" lon="-75.6479620">
    <ele>1507.1</ele>
   </trkpt>
   <trkpt lat="4.7896760" lon="-75.6479840">
    <ele>1507.2</ele>
   </trkpt>
   <trkpt lat="4.7896790" lon="-75.6480030">
    <ele>1507.3</ele>
   </trkpt>
   <trkpt lat="4.7896790" lon="-75.6480230">
    <ele>1507.4</ele>
   </trkpt>
   <trkpt lat="4.7896760" lon="-75.6480470">
    <ele>1507.4</ele>
   </trkpt>
   <trkpt lat="4.7896730" lon="-75.6480660">
    <ele>1507.5</ele>
   </trkpt>
   <trkpt lat="4.7896680" lon="-75.6480900">
    <ele>1507.6</ele>
   </trkpt>
   <trkpt lat="4.7896640" lon="-75.6481050">
    <ele>1507.6</ele>
   </trkpt>
   <trkpt lat="4.7896580" lon="-75.6481230">
    <ele>1507.7</ele>
   </trkpt>
   <trkpt lat="4.7896490" lon="-75.6481420">
    <ele>1507.7</ele>
   </trkpt>
   <trkpt lat="4.7896380" lon="-75.6481580">
    <ele>1507.8</ele>
   </trkpt>
   <trkpt lat="4.7896190" lon="-75.6481780">
    <ele>1507.8</ele>
   </trkpt>
   <trkpt lat="4.7896030" lon="-75.6481950">
    <ele>1507.9</ele>
   </trkpt>
   <trkpt lat="4.7895910" lon="-75.6482130">
    <ele>1507.9</ele>
   </trkpt>
   <trkpt lat="4.7895820" lon="-75.6482300">
    <ele>1507.9</ele>
   </trkpt>
   <trkpt lat="4.7895720" lon="-75.6482480">
    <ele>1508.0</ele>
   </trkpt>
   <trkpt lat="4.7895660" lon="-75.6482670">
    <ele>1508.0</ele>
   </trkpt>
   <trkpt lat="4.7895610" lon="-75.6482860">
    <ele>1508.0</ele>
   </trkpt>
   <trkpt lat="4.7895570" lon="-75.6483040">
    <ele>1508.1</ele>
   </trkpt>
   <trkpt lat="4.7895500" lon="-75.6483220">
    <ele>1508.1</ele>
   </trkpt>
   <trkpt lat="4.7895420" lon="-75.6483390">
    <ele>1508.2</ele>
   </trkpt>
   <trkpt lat="4.7895360" lon="-75.6483560">
    <ele>1508.2</ele>
   </trkpt>
   <trkpt lat="4.7895280" lon="-75.6483720">
    <ele>1508.2</ele>
   </trkpt>
   <trkpt lat="4.7895210" lon="-75.6483890">
    <ele>1508.3</ele>
   </trkpt>
   <trkpt lat="4.7895170" lon="-75.6484060">
    <ele>1508.3</ele>
   </trkpt>
   <trkpt lat="4.7895110" lon="-75.6484210">
    <ele>1508.3</ele>
   </trkpt>
   <trkpt lat="4.7894980" lon="-75.6484400">
    <ele>1508.4</ele>
   </trkpt>
   <trkpt lat="4.7894890" lon="-75.6484520">
    <ele>1508.4</ele>
   </trkpt>
   <trkpt lat="4.7894790" lon="-75.6484670">
    <ele>1508.4</ele>
   </trkpt>
   <trkpt lat="4.7894690" lon="-75.6484830">
    <ele>1508.5</ele>
   </trkpt>
   <trkpt lat="4.7894590" lon="-75.6484990">
    <ele>1508.5</ele>
   </trkpt>
   <trkpt lat="4.7894490" lon="-75.6485160">
    <ele>1508.5</ele>
   </trkpt>
   <trkpt lat="4.7894390" lon="-75.6485360">
    <ele>1508.6</ele>
   </trkpt>
   <trkpt lat="4.7894320" lon="-75.6485550">
    <ele>1508.6</ele>
   </trkpt>
   <trkpt lat="4.7894260" lon="-75.6485780">
    <ele>1508.7</ele>
   </trkpt>
   <trkpt lat="4.7894210" lon="-75.6485980">
    <ele>1508.7</ele>
   </trkpt>
   <trkpt lat="4.7894130" lon="-75.6486180">
    <ele>1508.7</ele>
   </trkpt>
   <trkpt lat="4.7894060" lon="-75.6486380">
    <ele>1508.8</ele>
   </trkpt>
   <trkpt lat="4.7893980" lon="-75.6486570">
    <ele>1508.8</ele>
   </trkpt>
   <trkpt lat="4.7893880" lon="-75.6486770">
    <ele>1508.9</ele>
   </trkpt>
   <trkpt lat="4.7893770" lon="-75.6486950">
    <ele>1508.9</ele>
   </trkpt>
   <trkpt lat="4.7893660" lon="-75.6487130">
    <ele>1509.0</ele>
   </trkpt>
   <trkpt lat="4.7893540" lon="-75.6487330">
    <ele>1509.0</ele>
   </trkpt>
   <trkpt lat="4.7893420" lon="-75.6487530">
    <ele>1509.1</ele>
   </trkpt>
   <trkpt lat="4.7893320" lon="-75.6487760">
    <ele>1509.2</ele>
   </trkpt>
   <trkpt lat="4.7893240" lon="-75.6488010">
    <ele>1509.2</ele>
   </trkpt>
   <trkpt lat="4.7893180" lon="-75.6488220">
    <ele>1509.3</ele>
   </trkpt>
   <trkpt lat="4.7893100" lon="-75.6488420">
    <ele>1509.3</ele>
   </trkpt>
   <trkpt lat="4.7893000" lon="-75.6488620">
    <ele>1509.4</ele>
   </trkpt>
   <trkpt lat="4.7892910" lon="-75.6488830">
    <ele>1509.5</ele>
   </trkpt>
   <trkpt lat="4.7892800" lon="-75.6489020">
    <ele>1509.6</ele>
   </trkpt>
   <trkpt lat="4.7892710" lon="-75.6489200">
    <ele>1509.6</ele>
   </trkpt>
   <trkpt lat="4.7892570" lon="-75.6489390">
    <ele>1509.7</ele>
   </trkpt>
   <trkpt lat="4.7892440" lon="-75.6489550">
    <ele>1509.8</ele>
   </trkpt>
   <trkpt lat="4.7892300" lon="-75.6489740">
    <ele>1509.9</ele>
   </trkpt>
   <trkpt lat="4.7892170" lon="-75.6489890">
    <ele>1509.9</ele>
   </trkpt>
   <trkpt lat="4.7892040" lon="-75.6490000">
    <ele>1510.0</ele>
   </trkpt>
   <trkpt lat="4.7891890" lon="-75.6490100">
    <ele>1510.1</ele>
   </trkpt>
   <trkpt lat="4.7891750" lon="-75.6490170">
    <ele>1510.1</ele>
   </trkpt>
   <trkpt lat="4.7891600" lon="-75.6490220">
    <ele>1510.2</ele>
   </trkpt>
   <trkpt lat="4.7891460" lon="-75.6490300">
    <ele>1510.3</ele>
   </trkpt>
   <trkpt lat="4.7891320" lon="-75.6490380">
    <ele>1510.3</ele>
   </trkpt>
   <trkpt lat="4.7891180" lon="-75.6490430">
    <ele>1510.4</ele>
   </trkpt>
   <trkpt lat="4.7891050" lon="-75.6490500">
    <ele>1510.5</ele>
   </trkpt>
   <trkpt lat="4.7890930" lon="-75.6490580">
    <ele>1510.5</ele>
   </trkpt>
   <trkpt lat="4.7890810" lon="-75.6490680">
    <ele>1510.6</ele>
   </trkpt>
   <trkpt lat="4.7890660" lon="-75.6490800">
    <ele>1510.7</ele>
   </trkpt>
   <trkpt lat="4.7890500" lon="-75.6490900">
    <ele>1510.7</ele>
   </trkpt>
   <trkpt lat="4.7890340" lon="-75.6491010">
    <ele>1510.8</ele>
   </trkpt>
   <trkpt lat="4.7890190" lon="-75.6491110">
    <ele>1510.9</ele>
   </trkpt>
   <trkpt lat="4.7890030" lon="-75.6491220">
    <ele>1511.0</ele>
   </trkpt>
   <trkpt lat="4.7889880" lon="-75.6491310">
    <ele>1511.0</ele>
   </trkpt>
   <trkpt lat="4.7889730" lon="-75.6491410">
    <ele>1511.1</ele>
   </trkpt>
   <trkpt lat="4.7889590" lon="-75.6491520">
    <ele>1511.2</ele>
   </trkpt>
   <trkpt lat="4.7889450" lon="-75.6491630">
    <ele>1511.2</ele>
   </trkpt>
   <trkpt lat="4.7889320" lon="-75.6491770">
    <ele>1511.3</ele>
   </trkpt>
   <trkpt lat="4.7889190" lon="-75.6491910">
    <ele>1511.4</ele>
   </trkpt>
   <trkpt lat="4.7889050" lon="-75.6492060">
    <ele>1511.4</ele>
   </trkpt>
   <trkpt lat="4.7888930" lon="-75.6492210">
    <ele>1511.5</ele>
   </trkpt>
   <trkpt lat="4.7888830" lon="-75.6492360">
    <ele>1511.5</ele>
   </trkpt>
   <trkpt lat="4.7888750" lon="-75.6492540">
    <ele>1511.6</ele>
   </trkpt>
   <trkpt lat="4.7888730" lon="-75.6492710">
    <ele>1511.6</ele>
   </trkpt>
   <trkpt lat="4.7888690" lon="-75.6492780">
    <ele>1511.6</ele>
   </trkpt>
   <trkpt lat="4.7888610" lon="-75.6492820">
    <ele>1511.6</ele>
   </trkpt>
   <trkpt lat="4.7888630" lon="-75.6492930">
    <ele>1511.7</ele>
   </trkpt>
   <trkpt lat="4.7888630" lon="-75.6493060">
    <ele>1511.7</ele>
   </trkpt>
   <trkpt lat="4.7888590" lon="-75.6493190">
    <ele>1511.7</ele>
   </trkpt>
   <trkpt lat="4.7888590" lon="-75.6493350">
    <ele>1511.7</ele>
   </trkpt>
   <trkpt lat="4.7888530" lon="-75.6493430">
    <ele>1511.8</ele>
   </trkpt>
   <trkpt lat="4.7888450" lon="-75.6493500">
    <ele>1511.8</ele>
   </trkpt>
   <trkpt lat="4.7888370" lon="-75.6493590">
    <ele>1511.8</ele>
   </trkpt>
   <trkpt lat="4.7888330" lon="-75.6493680">
    <ele>1511.8</ele>
   </trkpt>
   <trkpt lat="4.7888250" lon="-75.6493760">
    <ele>1511.8</ele>
   </trkpt>
   <trkpt lat="4.7888120" lon="-75.6493810">
    <ele>1511.9</ele>
   </trkpt>
   <trkpt lat="4.7887960" lon="-75.6493860">
    <ele>1511.9</ele>
   </trkpt>
   <trkpt lat="4.7887790" lon="-75.6493980">
    <ele>1511.9</ele>
   </trkpt>
   <trkpt lat="4.7887740" lon="-75.6494010">
    <ele>1512.0</ele>
   </trkpt>
   <trkpt lat="4.7887620" lon="-75.6494060">
    <ele>1512.0</ele>
   </trkpt>
   <trkpt lat="4.7887510" lon="-75.6494140">
    <ele>1512.0</ele>
   </trkpt>
   <trkpt lat="4.7887420" lon="-75.6494200">
    <ele>1512.0</ele>
   </trkpt>
   <trkpt lat="4.7887320" lon="-75.6494250">
    <ele>1512.1</ele>
   </trkpt>
   <trkpt lat="4.7887220" lon="-75.6494320">
    <ele>1512.1</ele>
   </trkpt>
   <trkpt lat="4.7887110" lon="-75.6494370">
    <ele>1512.1</ele>
   </trkpt>
   <trkpt lat="4.7887020" lon="-75.6494430">
    <ele>1512.1</ele>
   </trkpt>
   <trkpt lat="4.7886840" lon="-75.6494530">
    <ele>1512.2</ele>
   </trkpt>
   <trkpt lat="4.7886820" lon="-75.6494540">
    <ele>1512.2</ele>
   </trkpt>
   <trkpt lat="4.7886730" lon="-75.6494580">
    <ele>1512.2</ele>
   </trkpt>
   <trkpt lat="4.7886630" lon="-75.6494610">
    <ele>1512.2</ele>
   </trkpt>
   <trkpt lat="4.7886520" lon="-75.6494660">
    <ele>1512.3</ele>
   </trkpt>
   <trkpt lat="4.7886440" lon="-75.6494690">
    <ele>1512.3</ele>
   </trkpt>
   <trkpt lat="4.7886340" lon="-75.6494700">
    <ele>1512.3</ele>
   </trkpt>
   <trkpt lat="4.7886240" lon="-75.6494750">
    <ele>1512.4</ele>
   </trkpt>
   <trkpt lat="4.7886150" lon="-75.6494820">
    <ele>1512.4</ele>
   </trkpt>
   <trkpt lat="4.7886080" lon="-75.6494930">
    <ele>1512.4</ele>
   </trkpt>
   <trkpt lat="4.7886010" lon="-75.6495010">
    <ele>1512.5</ele>
   </trkpt>
   <trkpt lat="4.7885910" lon="-75.6495080">
    <ele>1512.5</ele>
   </trkpt>
   <trkpt lat="4.7885780" lon="-75.6495130">
    <ele>1512.6</ele>
   </trkpt>
   <trkpt lat="4.7885680" lon="-75.6495180">
    <ele>1512.6</ele>
   </trkpt>
   <trkpt lat="4.7885580" lon="-75.6495230">
    <ele>1512.6</ele>
   </trkpt>
   <trkpt lat="4.7885490" lon="-75.6495300">
    <ele>1512.7</ele>
   </trkpt>
   <trkpt lat="4.7885410" lon="-75.6495350">
    <ele>1512.7</ele>
   </trkpt>
   <trkpt lat="4.7885240" lon="-75.6495420">
    <ele>1512.8</ele>
   </trkpt>
   <trkpt lat="4.7885200" lon="-75.6495440">
    <ele>1512.8</ele>
   </trkpt>
   <trkpt lat="4.7885150" lon="-75.6495500">
    <ele>1512.8</ele>
   </trkpt>
   <trkpt lat="4.7885150" lon="-75.6495590">
    <ele>1512.8</ele>
   </trkpt>
   <trkpt lat="4.7885170" lon="-75.6495690">
    <ele>1512.9</ele>
   </trkpt>
   <trkpt lat="4.7885140" lon="-75.6495790">
    <ele>1512.9</ele>
   </trkpt>
   <trkpt lat="4.7885060" lon="-75.6495890">
    <ele>1513.0</ele>
   </trkpt>
   <trkpt lat="4.7884920" lon="-75.6496010">
    <ele>1513.0</ele>
   </trkpt>
   <trkpt lat="4.7884730" lon="-75.6496120">
    <ele>1513.1</ele>
   </trkpt>
   <trkpt lat="4.7884510" lon="-75.6496220">
    <ele>1513.2</ele>
   </trkpt>
   <trkpt lat="4.7884380" lon="-75.6496260">
    <ele>1513.3</ele>
   </trkpt>
   <trkpt lat="4.7884260" lon="-75.6496300">
    <ele>1513.3</ele>
   </trkpt>
   <trkpt lat="4.7884130" lon="-75.6496350">
    <ele>1513.4</ele>
   </trkpt>
   <trkpt lat="4.7884020" lon="-75.6496390">
    <ele>1513.4</ele>
   </trkpt>
   <trkpt lat="4.7883880" lon="-75.6496420">
    <ele>1513.5</ele>
   </trkpt>
   <trkpt lat="4.7883760" lon="-75.6496450">
    <ele>1513.5</ele>
   </trkpt>
   <trkpt lat="4.7883610" lon="-75.6496470">
    <ele>1513.6</ele>
   </trkpt>
   <trkpt lat="4.7883480" lon="-75.6496480">
    <ele>1513.6</ele>
   </trkpt>
   <trkpt lat="4.7883350" lon="-75.6496510">
    <ele>1513.7</ele>
   </trkpt>
   <trkpt lat="4.7883220" lon="-75.6496490">
    <ele>1513.7</ele>
   </trkpt>
   <trkpt lat="4.7883080" lon="-75.6496480">
    <ele>1513.8</ele>
   </trkpt>
   <trkpt lat="4.7882960" lon="-75.6496480">
    <ele>1513.8</ele>
   </trkpt>
   <trkpt lat="4.7882830" lon="-75.6496480">
    <ele>1513.9</ele>
   </trkpt>
   <trkpt lat="4.7882700" lon="-75.6496490">
    <ele>1513.9</ele>
   </trkpt>
   <trkpt lat="4.7882600" lon="-75.6496480">
    <ele>1514.0</ele>
   </trkpt>
   <trkpt lat="4.7882490" lon="-75.6496470">
    <ele>1514.0</ele>
   </trkpt>
   <trkpt lat="4.7882390" lon="-75.6496460">
    <ele>1514.1</ele>
   </trkpt>
   <trkpt lat="4.7882280" lon="-75.6496430">
    <ele>1514.1</ele>
   </trkpt>
   <trkpt lat="4.7882180" lon="-75.6496400">
    <ele>1514.2</ele>
   </trkpt>
   <trkpt lat="4.7882070" lon="-75.6496360">
    <ele>1514.2</ele>
   </trkpt>
   <trkpt lat="4.7881910" lon="-75.6496300">
    <ele>1514.3</ele>
   </trkpt>
   <trkpt lat="4.7881860" lon="-75.6496310">
    <ele>1514.3</ele>
   </trkpt>
   <trkpt lat="4.7881760" lon="-75.6496330">
    <ele>1514.3</ele>
   </trkpt>
   <trkpt lat="4.7881660" lon="-75.6496360">
    <ele>1514.4</ele>
   </trkpt>
   <trkpt lat="4.7881550" lon="-75.6496380">
    <ele>1514.4</ele>
   </trkpt>
   <trkpt lat="4.7881400" lon="-75.6496410">
    <ele>1514.5</ele>
   </trkpt>
   <trkpt lat="4.7881160" lon="-75.6496440">
    <ele>1514.6</ele>
   </trkpt>
   <trkpt lat="4.7880950" lon="-75.6496440">
    <ele>1514.7</ele>
   </trkpt>
   <trkpt lat="4.7880720" lon="-75.6496410">
    <ele>1514.8</ele>
   </trkpt>
   <trkpt lat="4.7880560" lon="-75.6496400">
    <ele>1514.9</ele>
   </trkpt>
   <trkpt lat="4.7880440" lon="-75.6496390">
    <ele>1514.9</ele>
   </trkpt>
   <trkpt lat="4.7880370" lon="-75.6496410">
    <ele>1515.0</ele>
   </trkpt>
   <trkpt lat="4.7880290" lon="-75.6496420">
    <ele>1515.0</ele>
   </trkpt>
   <trkpt lat="4.7880200" lon="-75.6496440">
    <ele>1515.1</ele>
   </trkpt>
   <trkpt lat="4.7880110" lon="-75.6496450">
    <ele>1515.1</ele>
   </trkpt>
   <trkpt lat="4.7879960" lon="-75.6496470">
    <ele>1515.2</ele>
   </trkpt>
   <trkpt lat="4.7879860" lon="-75.6496480">
    <ele>1515.2</ele>
   </trkpt>
   <trkpt lat="4.7879740" lon="-75.6496490">
    <ele>1515.3</ele>
   </trkpt>
   <trkpt lat="4.7879640" lon="-75.6496490">
    <ele>1515.3</ele>
   </trkpt>
   <trkpt lat="4.7879550" lon="-75.6496490">
    <ele>1515.3</ele>
   </trkpt>
   <trkpt lat="4.7879410" lon="-75.6496480">
    <ele>1515.4</ele>
   </trkpt>
   <trkpt lat="4.7879350" lon="-75.6496460">
    <ele>1515.4</ele>
   </trkpt>
   <trkpt lat="4.7879240" lon="-75.6496430">
    <ele>1515.5</ele>
   </trkpt>
   <trkpt lat="4.7879150" lon="-75.6496390">
    <ele>1515.5</ele>
   </trkpt>
   <trkpt lat="4.7879060" lon="-75.6496350">
    <ele>1515.6</ele>
   </trkpt>
   <trkpt lat="4.7878970" lon="-75.6496320">
    <ele>1515.6</ele>
   </trkpt>
   <trkpt lat="4.7878870" lon="-75.6496330">
    <ele>1515.7</ele>
   </trkpt>
   <trkpt lat="4.7878740" lon="-75.6496370">
    <ele>1515.7</ele>
   </trkpt>
   <trkpt lat="4.7878610" lon="-75.6496360">
    <ele>1515.8</ele>
   </trkpt>
   <trkpt lat="4.7878500" lon="-75.6496380">
    <ele>1515.8</ele>
   </trkpt>
   <trkpt lat="4.7878400" lon="-75.6496400">
    <ele>1515.8</ele>
   </trkpt>
   <trkpt lat="4.7878290" lon="-75.6496410">
    <ele>1515.9</ele>
   </trkpt>
   <trkpt lat="4.7878190" lon="-75.6496430">
    <ele>1515.9</ele>
   </trkpt>
   <trkpt lat="4.7878080" lon="-75.6496450">
    <ele>1516.0</ele>
   </trkpt>
   <trkpt lat="4.7877910" lon="-75.6496460">
    <ele>1516.0</ele>
   </trkpt>
   <trkpt lat="4.7877790" lon="-75.6496470">
    <ele>1516.1</ele>
   </trkpt>
   <trkpt lat="4.7877710" lon="-75.6496480">
    <ele>1516.1</ele>
   </trkpt>
   <trkpt lat="4.7877610" lon="-75.6496480">
    <ele>1516.1</ele>
   </trkpt>
   <trkpt lat="4.7877520" lon="-75.6496480">
    <ele>1516.1</ele>
   </trkpt>
   <trkpt lat="4.7877400" lon="-75.6496480">
    <ele>1516.2</ele>
   </trkpt>
   <trkpt lat="4.7877230" lon="-75.6496470">
    <ele>1516.2</ele>
   </trkpt>
   <trkpt lat="4.7877180" lon="-75.6496470">
    <ele>1516.2</ele>
   </trkpt>
   <trkpt lat="4.7877070" lon="-75.6496470">
    <ele>1516.3</ele>
   </trkpt>
   <trkpt lat="4.7876970" lon="-75.6496460">
    <ele>1516.3</ele>
   </trkpt>
   <trkpt lat="4.7876840" lon="-75.6496440">
    <ele>1516.3</ele>
   </trkpt>
   <trkpt lat="4.7876730" lon="-75.6496420">
    <ele>1516.3</ele>
   </trkpt>
   <trkpt lat="4.7876590" lon="-75.6496390">
    <ele>1516.4</ele>
   </trkpt>
   <trkpt lat="4.7876490" lon="-75.6496380">
    <ele>1516.4</ele>
   </trkpt>
   <trkpt lat="4.7876370" lon="-75.6496350">
    <ele>1516.4</ele>
   </trkpt>
   <trkpt lat="4.7876250" lon="-75.6496320">
    <ele>1516.4</ele>
   </trkpt>
   <trkpt lat="4.7876150" lon="-75.6496290">
    <ele>1516.4</ele>
   </trkpt>
   <trkpt lat="4.7876030" lon="-75.6496290">
    <ele>1516.4</ele>
   </trkpt>
   <trkpt lat="4.7875870" lon="-75.6496310">
    <ele>1516.5</ele>
   </trkpt>
   <trkpt lat="4.7875740" lon="-75.6496310">
    <ele>1516.5</ele>
   </trkpt>
   <trkpt lat="4.7875620" lon="-75.6496340">
    <ele>1516.5</ele>
   </trkpt>
   <trkpt lat="4.7875490" lon="-75.6496370">
    <ele>1516.5</ele>
   </trkpt>
   <trkpt lat="4.7875370" lon="-75.6496370">
    <ele>1516.5</ele>
   </trkpt>
   <trkpt lat="4.7875200" lon="-75.6496360">
    <ele>1516.5</ele>
   </trkpt>
   <trkpt lat="4.7875130" lon="-75.6496300">
    <ele>1516.6</ele>
   </trkpt>
   <trkpt lat="4.7875070" lon="-75.6496240">
    <ele>1516.6</ele>
   </trkpt>
   <trkpt lat="4.7874940" lon="-75.6496220">
    <ele>1516.6</ele>
   </trkpt>
   <trkpt lat="4.7874810" lon="-75.6496240">
    <ele>1516.6</ele>
   </trkpt>
   <trkpt lat="4.7874680" lon="-75.6496210">
    <ele>1516.6</ele>
   </trkpt>
   <trkpt lat="4.7874510" lon="-75.6496190">
    <ele>1516.6</ele>
   </trkpt>
   <trkpt lat="4.7874390" lon="-75.6496210">
    <ele>1516.6</ele>
   </trkpt>
   <trkpt lat="4.7874260" lon="-75.6496240">
    <ele>1516.6</ele>
   </trkpt>
   <trkpt lat="4.7874130" lon="-75.6496250">
    <ele>1516.6</ele>
   </trkpt>
   <trkpt lat="4.7874000" lon="-75.6496260">
    <ele>1516.7</ele>
   </trkpt>
   <trkpt lat="4.7873870" lon="-75.6496290">
    <ele>1516.7</ele>
   </trkpt>
   <trkpt lat="4.7873710" lon="-75.6496390">
    <ele>1516.7</ele>
   </trkpt>
   <trkpt lat="4.7873600" lon="-75.6496420">
    <ele>1516.7</ele>
   </trkpt>
   <trkpt lat="4.7873470" lon="-75.6496430">
    <ele>1516.7</ele>
   </trkpt>
   <trkpt lat="4.7873310" lon="-75.6496440">
    <ele>1516.7</ele>
   </trkpt>
   <trkpt lat="4.7873130" lon="-75.6496480">
    <ele>1516.7</ele>
   </trkpt>
   <trkpt lat="4.7872940" lon="-75.6496540">
    <ele>1516.8</ele>
   </trkpt>
   <trkpt lat="4.7872690" lon="-75.6496610">
    <ele>1516.8</ele>
   </trkpt>
   <trkpt lat="4.7872470" lon="-75.6496640">
    <ele>1516.8</ele>
   </trkpt>
   <trkpt lat="4.7872300" lon="-75.6496710">
    <ele>1516.8</ele>
   </trkpt>
   <trkpt lat="4.7872340" lon="-75.6496900">
    <ele>1516.9</ele>
   </trkpt>
   <trkpt lat="4.7872070" lon="-75.6497190">
    <ele>1516.9</ele>
   </trkpt>
   <trkpt lat="4.7871760" lon="-75.6496770">
    <ele>1517.0</ele>
   </trkpt>
   <trkpt lat="4.7871500" lon="-75.6496740">
    <ele>1517.0</ele>
   </trkpt>
   <trkpt lat="4.7871240" lon="-75.6496550">
    <ele>1517.1</ele>
   </trkpt>
   <trkpt lat="4.7870960" lon="-75.6496260">
    <ele>1517.1</ele>
   </trkpt>
   <trkpt lat="4.7870680" lon="-75.6496160">
    <ele>1517.2</ele>
   </trkpt>
   <trkpt lat="4.7871010" lon="-75.6496370">
    <ele>1517.2</ele>
   </trkpt>
   <trkpt lat="4.7871100" lon="-75.6496520">
    <ele>1517.2</ele>
   </trkpt>
   <trkpt lat="4.7871080" lon="-75.6496690">
    <ele>1517.3</ele>
   </trkpt>
   <trkpt lat="4.7871020" lon="-75.6496830">
    <ele>1517.3</ele>
   </trkpt>
   <trkpt lat="4.7870840" lon="-75.6496930">
    <ele>1517.3</ele>
   </trkpt>
   <trkpt lat="4.7870720" lon="-75.6496970">
    <ele>1517.3</ele>
   </trkpt>
   <trkpt lat="4.7870640" lon="-75.6496970">
    <ele>1517.3</ele>
   </trkpt>
   <trkpt lat="4.7870580" lon="-75.6497000">
    <ele>1517.3</ele>
   </trkpt>
   <trkpt lat="4.7870330" lon="-75.6496940">
    <ele>1517.4</ele>
   </trkpt>
   <trkpt lat="4.7870100" lon="-75.6496860">
    <ele>1517.4</ele>
   </trkpt>
   <trkpt lat="4.7869910" lon="-75.6496760">
    <ele>1517.4</ele>
   </trkpt>
   <trkpt lat="4.7869760" lon="-75.6496620">
    <ele>1517.5</ele>
   </trkpt>
   <trkpt lat="4.7869650" lon="-75.6496540">
    <ele>1517.5</ele>
   </trkpt>
   <trkpt lat="4.7869560" lon="-75.6496450">
    <ele>1517.5</ele>
   </trkpt>
   <trkpt lat="4.7869480" lon="-75.6496360">
    <ele>1517.5</ele>
   </trkpt>
   <trkpt lat="4.7869350" lon="-75.6496440">
    <ele>1517.5</ele>
   </trkpt>
   <trkpt lat="4.7869270" lon="-75.6496560">
    <ele>1517.5</ele>
   </trkpt>
   <trkpt lat="4.7869250" lon="-75.6496650">
    <ele>1517.5</ele>
   </trkpt>
   <trkpt lat="4.7869190" lon="-75.6496690">
    <ele>1517.5</ele>
   </trkpt>
   <trkpt lat="4.7869160" lon="-75.6496700">
    <ele>1517.5</ele>
   </trkpt>
   <trkpt lat="4.7869070" lon="-75.6496620">
    <ele>1517.5</ele>
   </trkpt>
   <trkpt lat="4.7868970" lon="-75.6496610">
    <ele>1517.5</ele>
   </trkpt>
   <trkpt lat="4.7868930" lon="-75.6496610">
    <ele>1517.5</ele>
   </trkpt>
   <trkpt lat="4.7868970" lon="-75.6496780">
    <ele>1517.5</ele>
   </trkpt>
   <trkpt lat="4.7868920" lon="-75.6496890">
    <ele>1517.5</ele>
   </trkpt>
   <trkpt lat="4.7868810" lon="-75.6497000">
    <ele>1517.5</ele>
   </trkpt>
   <trkpt lat="4.7868630" lon="-75.6497040">
    <ele>1517.5</ele>
   </trkpt>
   <trkpt lat="4.7868390" lon="-75.6497040">
    <ele>1517.5</ele>
   </trkpt>
   <trkpt lat="4.7868190" lon="-75.6497030">
    <ele>1517.5</ele>
   </trkpt>
   <trkpt lat="4.7867970" lon="-75.6496990">
    <ele>1517.5</ele>
   </trkpt>
   <trkpt lat="4.7867810" lon="-75.6496990">
    <ele>1517.5</ele>
   </trkpt>
   <trkpt lat="4.7867660" lon="-75.6496950">
    <ele>1517.5</ele>
   </trkpt>
   <trkpt lat="4.7867440" lon="-75.6496850">
    <ele>1517.5</ele>
   </trkpt>
   <trkpt lat="4.7867270" lon="-75.6496780">
    <ele>1517.5</ele>
   </trkpt>
   <trkpt lat="4.7867150" lon="-75.6496730">
    <ele>1517.5</ele>
   </trkpt>
   <trkpt lat="4.7867030" lon="-75.6496700">
    <ele>1517.5</ele>
   </trkpt>
   <trkpt lat="4.7866900" lon="-75.6496640">
    <ele>1517.5</ele>
   </trkpt>
   <trkpt lat="4.7866770" lon="-75.6496580">
    <ele>1517.5</ele>
   </trkpt>
   <trkpt lat="4.7866550" lon="-75.6496480">
    <ele>1517.5</ele>
   </trkpt>
   <trkpt lat="4.7866450" lon="-75.6496460">
    <ele>1517.4</ele>
   </trkpt>
   <trkpt lat="4.7866350" lon="-75.6496390">
    <ele>1517.4</ele>
   </trkpt>
   <trkpt lat="4.7866250" lon="-75.6496330">
    <ele>1517.4</ele>
   </trkpt>
   <trkpt lat="4.7866150" lon="-75.6496260">
    <ele>1517.4</ele>
   </trkpt>
   <trkpt lat="4.7866060" lon="-75.6496190">
    <ele>1517.4</ele>
   </trkpt>
   <trkpt lat="4.7865850" lon="-75.6496070">
    <ele>1517.4</ele>
   </trkpt>
   <trkpt lat="4.7865800" lon="-75.6496020">
    <ele>1517.4</ele>
   </trkpt>
   <trkpt lat="4.7865720" lon="-75.6495930">
    <ele>1517.4</ele>
   </trkpt>
   <trkpt lat="4.7865630" lon="-75.6495860">
    <ele>1517.4</ele>
   </trkpt>
   <trkpt lat="4.7865540" lon="-75.6495810">
    <ele>1517.4</ele>
   </trkpt>
   <trkpt lat="4.7865440" lon="-75.6495760">
    <ele>1517.4</ele>
   </trkpt>
   <trkpt lat="4.7865340" lon="-75.6495690">
    <ele>1517.4</ele>
   </trkpt>
   <trkpt lat="4.7865220" lon="-75.6495660">
    <ele>1517.4</ele>
   </trkpt>
   <trkpt lat="4.7865140" lon="-75.6495600">
    <ele>1517.4</ele>
   </trkpt>
   <trkpt lat="4.7865040" lon="-75.6495550">
    <ele>1517.4</ele>
   </trkpt>
   <trkpt lat="4.7864950" lon="-75.6495510">
    <ele>1517.4</ele>
   </trkpt>
   <trkpt lat="4.7864850" lon="-75.6495480">
    <ele>1517.4</ele>
   </trkpt>
   <trkpt lat="4.7864750" lon="-75.6495420">
    <ele>1517.4</ele>
   </trkpt>
   <trkpt lat="4.7864680" lon="-75.6495440">
    <ele>1517.4</ele>
   </trkpt>
   <trkpt lat="4.7864600" lon="-75.6495390">
    <ele>1517.4</ele>
   </trkpt>
   <trkpt lat="4.7864520" lon="-75.6495330">
    <ele>1517.4</ele>
   </trkpt>
   <trkpt lat="4.7864420" lon="-75.6495280">
    <ele>1517.4</ele>
   </trkpt>
   <trkpt lat="4.7864320" lon="-75.6495220">
    <ele>1517.4</ele>
   </trkpt>
   <trkpt lat="4.7864180" lon="-75.6495200">
    <ele>1517.4</ele>
   </trkpt>
   <trkpt lat="4.7864130" lon="-75.6495150">
    <ele>1517.4</ele>
   </trkpt>
   <trkpt lat="4.7864070" lon="-75.6495070">
    <ele>1517.4</ele>
   </trkpt>
   <trkpt lat="4.7863980" lon="-75.6494990">
    <ele>1517.4</ele>
   </trkpt>
   <trkpt lat="4.7863890" lon="-75.6494910">
    <ele>1517.4</ele>
   </trkpt>
   <trkpt lat="4.7863810" lon="-75.6494840">
    <ele>1517.4</ele>
   </trkpt>
   <trkpt lat="4.7863740" lon="-75.6494770">
    <ele>1517.4</ele>
   </trkpt>
   <trkpt lat="4.7863640" lon="-75.6494700">
    <ele>1517.4</ele>
   </trkpt>
   <trkpt lat="4.7863560" lon="-75.6494620">
    <ele>1517.4</ele>
   </trkpt>
   <trkpt lat="4.7863470" lon="-75.6494560">
    <ele>1517.4</ele>
   </trkpt>
   <trkpt lat="4.7863360" lon="-75.6494510">
    <ele>1517.4</ele>
   </trkpt>
   <trkpt lat="4.7863250" lon="-75.6494450">
    <ele>1517.4</ele>
   </trkpt>
   <trkpt lat="4.7863120" lon="-75.6494390">
    <ele>1517.4</ele>
   </trkpt>
   <trkpt lat="4.7863040" lon="-75.6494340">
    <ele>1517.4</ele>
   </trkpt>
   <trkpt lat="4.7862930" lon="-75.6494270">
    <ele>1517.4</ele>
   </trkpt>
   <trkpt lat="4.7862840" lon="-75.6494200">
    <ele>1517.4</ele>
   </trkpt>
   <trkpt lat="4.7862740" lon="-75.6494130">
    <ele>1517.4</ele>
   </trkpt>
   <trkpt lat="4.7862640" lon="-75.6494070">
    <ele>1517.4</ele>
   </trkpt>
   <trkpt lat="4.7862630" lon="-75.6494010">
    <ele>1517.4</ele>
   </trkpt>
   <trkpt lat="4.7862550" lon="-75.6493930">
    <ele>1517.4</ele>
   </trkpt>
   <trkpt lat="4.7862440" lon="-75.6493880">
    <ele>1517.4</ele>
   </trkpt>
   <trkpt lat="4.7862320" lon="-75.6493830">
    <ele>1517.4</ele>
   </trkpt>
   <trkpt lat="4.7862200" lon="-75.6493770">
    <ele>1517.4</ele>
   </trkpt>
   <trkpt lat="4.7862090" lon="-75.6493700">
    <ele>1517.4</ele>
   </trkpt>
   <trkpt lat="4.7861980" lon="-75.6493620">
    <ele>1517.4</ele>
   </trkpt>
   <trkpt lat="4.7861970" lon="-75.6493590">
    <ele>1517.4</ele>
   </trkpt>
   <trkpt lat="4.7861880" lon="-75.6493540">
    <ele>1517.4</ele>
   </trkpt>
   <trkpt lat="4.7861750" lon="-75.6493480">
    <ele>1517.3</ele>
   </trkpt>
   <trkpt lat="4.7861640" lon="-75.6493420">
    <ele>1517.3</ele>
   </trkpt>
   <trkpt lat="4.7861530" lon="-75.6493350">
    <ele>1517.3</ele>
   </trkpt>
   <trkpt lat="4.7861420" lon="-75.6493280">
    <ele>1517.3</ele>
   </trkpt>
   <trkpt lat="4.7861320" lon="-75.6493200">
    <ele>1517.3</ele>
   </trkpt>
   <trkpt lat="4.7861230" lon="-75.6493130">
    <ele>1517.3</ele>
   </trkpt>
   <trkpt lat="4.7861140" lon="-75.6493040">
    <ele>1517.2</ele>
   </trkpt>
   <trkpt lat="4.7861060" lon="-75.6492960">
    <ele>1517.2</ele>
   </trkpt>
   <trkpt lat="4.7860960" lon="-75.6492880">
    <ele>1517.2</ele>
   </trkpt>
   <trkpt lat="4.7860880" lon="-75.6492830">
    <ele>1517.2</ele>
   </trkpt>
   <trkpt lat="4.7860760" lon="-75.6492760">
    <ele>1517.2</ele>
   </trkpt>
   <trkpt lat="4.7860690" lon="-75.6492720">
    <ele>1517.2</ele>
   </trkpt>
   <trkpt lat="4.7860590" lon="-75.6492670">
    <ele>1517.2</ele>
   </trkpt>
   <trkpt lat="4.7860460" lon="-75.6492600">
    <ele>1517.2</ele>
   </trkpt>
   <trkpt lat="4.7860360" lon="-75.6492540">
    <ele>1517.1</ele>
   </trkpt>
   <trkpt lat="4.7860260" lon="-75.6492470">
    <ele>1517.1</ele>
   </trkpt>
   <trkpt lat="4.7860160" lon="-75.6492410">
    <ele>1517.1</ele>
   </trkpt>
   <trkpt lat="4.7860040" lon="-75.6492350">
    <ele>1517.1</ele>
   </trkpt>
   <trkpt lat="4.7859940" lon="-75.6492300">
    <ele>1517.1</ele>
   </trkpt>
   <trkpt lat="4.7859830" lon="-75.6492250">
    <ele>1517.1</ele>
   </trkpt>
   <trkpt lat="4.7859720" lon="-75.6492190">
    <ele>1517.1</ele>
   </trkpt>
   <trkpt lat="4.7859610" lon="-75.6492140">
    <ele>1517.1</ele>
   </trkpt>
   <trkpt lat="4.7859500" lon="-75.6492090">
    <ele>1517.1</ele>
   </trkpt>
   <trkpt lat="4.7859400" lon="-75.6492040">
    <ele>1517.1</ele>
   </trkpt>
   <trkpt lat="4.7859300" lon="-75.6491960">
    <ele>1517.1</ele>
   </trkpt>
   <trkpt lat="4.7859200" lon="-75.6491880">
    <ele>1517.1</ele>
   </trkpt>
   <trkpt lat="4.7859090" lon="-75.6491800">
    <ele>1517.1</ele>
   </trkpt>
   <trkpt lat="4.7858960" lon="-75.6491720">
    <ele>1517.1</ele>
   </trkpt>
   <trkpt lat="4.7858840" lon="-75.6491640">
    <ele>1517.1</ele>
   </trkpt>
   <trkpt lat="4.7858710" lon="-75.6491540">
    <ele>1517.1</ele>
   </trkpt>
   <trkpt lat="4.7858630" lon="-75.6491470">
    <ele>1517.1</ele>
   </trkpt>
   <trkpt lat="4.7858530" lon="-75.6491410">
    <ele>1517.1</ele>
   </trkpt>
   <trkpt lat="4.7858430" lon="-75.6491350">
    <ele>1517.1</ele>
   </trkpt>
   <trkpt lat="4.7858330" lon="-75.6491270">
    <ele>1517.1</ele>
   </trkpt>
   <trkpt lat="4.7858310" lon="-75.6491230">
    <ele>1517.1</ele>
   </trkpt>
   <trkpt lat="4.7858240" lon="-75.6491160">
    <ele>1517.1</ele>
   </trkpt>
   <trkpt lat="4.7858200" lon="-75.6491100">
    <ele>1517.1</ele>
   </trkpt>
   <trkpt lat="4.7858130" lon="-75.6491030">
    <ele>1517.1</ele>
   </trkpt>
   <trkpt lat="4.7858050" lon="-75.6490960">
    <ele>1517.1</ele>
   </trkpt>
   <trkpt lat="4.7857960" lon="-75.6490890">
    <ele>1517.1</ele>
   </trkpt>
   <trkpt lat="4.7857870" lon="-75.6490830">
    <ele>1517.1</ele>
   </trkpt>
   <trkpt lat="4.7857780" lon="-75.6490750">
    <ele>1517.2</ele>
   </trkpt>
   <trkpt lat="4.7857670" lon="-75.6490630">
    <ele>1517.2</ele>
   </trkpt>
   <trkpt lat="4.7857620" lon="-75.6490580">
    <ele>1517.2</ele>
   </trkpt>
   <trkpt lat="4.7857550" lon="-75.6490500">
    <ele>1517.2</ele>
   </trkpt>
   <trkpt lat="4.7857490" lon="-75.6490410">
    <ele>1517.3</ele>
   </trkpt>
   <trkpt lat="4.7857410" lon="-75.6490320">
    <ele>1517.3</ele>
   </trkpt>
   <trkpt lat="4.7857280" lon="-75.6490190">
    <ele>1517.3</ele>
   </trkpt>
   <trkpt lat="4.7857200" lon="-75.6490110">
    <ele>1517.3</ele>
   </trkpt>
   <trkpt lat="4.7857100" lon="-75.6490000">
    <ele>1517.4</ele>
   </trkpt>
   <trkpt lat="4.7857020" lon="-75.6489940">
    <ele>1517.4</ele>
   </trkpt>
   <trkpt lat="4.7856900" lon="-75.6489930">
    <ele>1517.4</ele>
   </trkpt>
   <trkpt lat="4.7856780" lon="-75.6489940">
    <ele>1517.5</ele>
   </trkpt>
   <trkpt lat="4.7856670" lon="-75.6489890">
    <ele>1517.5</ele>
   </trkpt>
   <trkpt lat="4.7856550" lon="-75.6489860">
    <ele>1517.5</ele>
   </trkpt>
   <trkpt lat="4.7856400" lon="-75.6489830">
    <ele>1517.6</ele>
   </trkpt>
   <trkpt lat="4.7856320" lon="-75.6489760">
    <ele>1517.6</ele>
   </trkpt>
   <trkpt lat="4.7856250" lon="-75.6489670">
    <ele>1517.7</ele>
   </trkpt>
   <trkpt lat="4.7856150" lon="-75.6489600">
    <ele>1517.7</ele>
   </trkpt>
   <trkpt lat="4.7856080" lon="-75.6489480">
    <ele>1517.7</ele>
   </trkpt>
   <trkpt lat="4.7856010" lon="-75.6489320">
    <ele>1517.8</ele>
   </trkpt>
   <trkpt lat="4.7855930" lon="-75.6489180">
    <ele>1517.8</ele>
   </trkpt>
   <trkpt lat="4.7855870" lon="-75.6489070">
    <ele>1517.9</ele>
   </trkpt>
   <trkpt lat="4.7855780" lon="-75.6488950">
    <ele>1517.9</ele>
   </trkpt>
   <trkpt lat="4.7855700" lon="-75.6488830">
    <ele>1517.9</ele>
   </trkpt>
   <trkpt lat="4.7855620" lon="-75.6488700">
    <ele>1518.0</ele>
   </trkpt>
   <trkpt lat="4.7855550" lon="-75.6488590">
    <ele>1518.0</ele>
   </trkpt>
   <trkpt lat="4.7855460" lon="-75.6488460">
    <ele>1518.1</ele>
   </trkpt>
   <trkpt lat="4.7855400" lon="-75.6488370">
    <ele>1518.1</ele>
   </trkpt>
   <trkpt lat="4.7855320" lon="-75.6488270">
    <ele>1518.1</ele>
   </trkpt>
   <trkpt lat="4.7855250" lon="-75.6488150">
    <ele>1518.2</ele>
   </trkpt>
   <trkpt lat="4.7855180" lon="-75.6488060">
    <ele>1518.2</ele>
   </trkpt>
   <trkpt lat="4.7855110" lon="-75.6487970">
    <ele>1518.3</ele>
   </trkpt>
   <trkpt lat="4.7855010" lon="-75.6487920">
    <ele>1518.3</ele>
   </trkpt>
   <trkpt lat="4.7854970" lon="-75.6487900">
    <ele>1518.3</ele>
   </trkpt>
   <trkpt lat="4.7854900" lon="-75.6487830">
    <ele>1518.3</ele>
   </trkpt>
   <trkpt lat="4.7854830" lon="-75.6487740">
    <ele>1518.4</ele>
   </trkpt>
   <trkpt lat="4.7854700" lon="-75.6487590">
    <ele>1518.4</ele>
   </trkpt>
   <trkpt lat="4.7854610" lon="-75.6487510">
    <ele>1518.5</ele>
   </trkpt>
   <trkpt lat="4.7854480" lon="-75.6487380">
    <ele>1518.5</ele>
   </trkpt>
   <trkpt lat="4.7854390" lon="-75.6487320">
    <ele>1518.5</ele>
   </trkpt>
   <trkpt lat="4.7854290" lon="-75.6487240">
    <ele>1518.6</ele>
   </trkpt>
   <trkpt lat="4.7854190" lon="-75.6487160">
    <ele>1518.6</ele>
   </trkpt>
   <trkpt lat="4.7854100" lon="-75.6487090">
    <ele>1518.7</ele>
   </trkpt>
   <trkpt lat="4.7854010" lon="-75.6487020">
    <ele>1518.7</ele>
   </trkpt>
   <trkpt lat="4.7853880" lon="-75.6486930">
    <ele>1518.7</ele>
   </trkpt>
   <trkpt lat="4.7853790" lon="-75.6486850">
    <ele>1518.8</ele>
   </trkpt>
   <trkpt lat="4.7853710" lon="-75.6486740">
    <ele>1518.8</ele>
   </trkpt>
   <trkpt lat="4.7853690" lon="-75.6486600">
    <ele>1518.8</ele>
   </trkpt>
   <trkpt lat="4.7853690" lon="-75.6486470">
    <ele>1518.9</ele>
   </trkpt>
   <trkpt lat="4.7853670" lon="-75.6486350">
    <ele>1518.9</ele>
   </trkpt>
   <trkpt lat="4.7853560" lon="-75.6486200">
    <ele>1519.0</ele>
   </trkpt>
   <trkpt lat="4.7853480" lon="-75.6486110">
    <ele>1519.0</ele>
   </trkpt>
   <trkpt lat="4.7853390" lon="-75.6486020">
    <ele>1519.0</ele>
   </trkpt>
   <trkpt lat="4.7853290" lon="-75.6485890">
    <ele>1519.1</ele>
   </trkpt>
   <trkpt lat="4.7853230" lon="-75.6485780">
    <ele>1519.1</ele>
   </trkpt>
   <trkpt lat="4.7853190" lon="-75.6485660">
    <ele>1519.2</ele>
   </trkpt>
   <trkpt lat="4.7853130" lon="-75.6485560">
    <ele>1519.2</ele>
   </trkpt>
   <trkpt lat="4.7853100" lon="-75.6485450">
    <ele>1519.2</ele>
   </trkpt>
   <trkpt lat="4.7853140" lon="-75.6485340">
    <ele>1519.2</ele>
   </trkpt>
   <trkpt lat="4.7853100" lon="-75.6485230">
    <ele>1519.3</ele>
   </trkpt>
   <trkpt lat="4.7853070" lon="-75.6485120">
    <ele>1519.3</ele>
   </trkpt>
   <trkpt lat="4.7853180" lon="-75.6485040">
    <ele>1519.3</ele>
   </trkpt>
   <trkpt lat="4.7853200" lon="-75.6485050">
    <ele>1519.3</ele>
   </trkpt>
   <trkpt lat="4.7853250" lon="-75.6484980">
    <ele>1519.4</ele>
   </trkpt>
   <trkpt lat="4.7853280" lon="-75.6484860">
    <ele>1519.4</ele>
   </trkpt>
   <trkpt lat="4.7853280" lon="-75.6484720">
    <ele>1519.4</ele>
   </trkpt>
   <trkpt lat="4.7853310" lon="-75.6484570">
    <ele>1519.5</ele>
   </trkpt>
   <trkpt lat="4.7853320" lon="-75.6484400">
    <ele>1519.5</ele>
   </trkpt>
   <trkpt lat="4.7853260" lon="-75.6484310">
    <ele>1519.5</ele>
   </trkpt>
   <trkpt lat="4.7853180" lon="-75.6484190">
    <ele>1519.6</ele>
   </trkpt>
   <trkpt lat="4.7853050" lon="-75.6484080">
    <ele>1519.6</ele>
   </trkpt>
   <trkpt lat="4.7852910" lon="-75.6483970">
    <ele>1519.7</ele>
   </trkpt>
   <trkpt lat="4.7852710" lon="-75.6483900">
    <ele>1519.7</ele>
   </trkpt>
   <trkpt lat="4.7852550" lon="-75.6483840">
    <ele>1519.7</ele>
   </trkpt>
   <trkpt lat="4.7852460" lon="-75.6483770">
    <ele>1519.8</ele>
   </trkpt>
   <trkpt lat="4.7852370" lon="-75.6483680">
    <ele>1519.8</ele>
   </trkpt>
   <trkpt lat="4.7852280" lon="-75.6483590">
    <ele>1519.8</ele>
   </trkpt>
   <trkpt lat="4.7852200" lon="-75.6483490">
    <ele>1519.9</ele>
   </trkpt>
   <trkpt lat="4.7852130" lon="-75.6483390">
    <ele>1519.9</ele>
   </trkpt>
   <trkpt lat="4.7852000" lon="-75.6483250">
    <ele>1519.9</ele>
   </trkpt>
   <trkpt lat="4.7851960" lon="-75.6483210">
    <ele>1519.9</ele>
   </trkpt>
   <trkpt lat="4.7851850" lon="-75.6483180">
    <ele>1520.0</ele>
   </trkpt>
   <trkpt lat="4.7851760" lon="-75.6483110">
    <ele>1520.0</ele>
   </trkpt>
   <trkpt lat="4.7851680" lon="-75.6483020">
    <ele>1520.0</ele>
   </trkpt>
   <trkpt lat="4.7851590" lon="-75.6482940">
    <ele>1520.0</ele>
   </trkpt>
   <trkpt lat="4.7851460" lon="-75.6482840">
    <ele>1520.1</ele>
   </trkpt>
   <trkpt lat="4.7851400" lon="-75.6482800">
    <ele>1520.1</ele>
   </trkpt>
   <trkpt lat="4.7851330" lon="-75.6482740">
    <ele>1520.1</ele>
   </trkpt>
   <trkpt lat="4.7851260" lon="-75.6482660">
    <ele>1520.1</ele>
   </trkpt>
   <trkpt lat="4.7851170" lon="-75.6482600">
    <ele>1520.1</ele>
   </trkpt>
   <trkpt lat="4.7851080" lon="-75.6482540">
    <ele>1520.2</ele>
   </trkpt>
   <trkpt lat="4.7850960" lon="-75.6482440">
    <ele>1520.2</ele>
   </trkpt>
   <trkpt lat="4.7850920" lon="-75.6482410">
    <ele>1520.2</ele>
   </trkpt>
   <trkpt lat="4.7850800" lon="-75.6482300">
    <ele>1520.3</ele>
   </trkpt>
   <trkpt lat="4.7850720" lon="-75.6482230">
    <ele>1520.3</ele>
   </trkpt>
   <trkpt lat="4.7850650" lon="-75.6482170">
    <ele>1520.3</ele>
   </trkpt>
   <trkpt lat="4.7850580" lon="-75.6482100">
    <ele>1520.3</ele>
   </trkpt>
   <trkpt lat="4.7850470" lon="-75.6482000">
    <ele>1520.4</ele>
   </trkpt>
   <trkpt lat="4.7850430" lon="-75.6481980">
    <ele>1520.4</ele>
   </trkpt>
   <trkpt lat="4.7850380" lon="-75.6481910">
    <ele>1520.4</ele>
   </trkpt>
   <trkpt lat="4.7850280" lon="-75.6481790">
    <ele>1520.4</ele>
   </trkpt>
   <trkpt lat="4.7850200" lon="-75.6481700">
    <ele>1520.5</ele>
   </trkpt>
   <trkpt lat="4.7850130" lon="-75.6481630">
    <ele>1520.5</ele>
   </trkpt>
   <trkpt lat="4.7850050" lon="-75.6481520">
    <ele>1520.5</ele>
   </trkpt>
   <trkpt lat="4.7849990" lon="-75.6481450">
    <ele>1520.5</ele>
   </trkpt>
   <trkpt lat="4.7849920" lon="-75.6481380">
    <ele>1520.6</ele>
   </trkpt>
   <trkpt lat="4.7849850" lon="-75.6481280">
    <ele>1520.6</ele>
   </trkpt>
   <trkpt lat="4.7849810" lon="-75.6481170">
    <ele>1520.7</ele>
   </trkpt>
   <trkpt lat="4.7849740" lon="-75.6481080">
    <ele>1520.7</ele>
   </trkpt>
   <trkpt lat="4.7849650" lon="-75.6480970">
    <ele>1520.8</ele>
   </trkpt>
   <trkpt lat="4.7849590" lon="-75.6480910">
    <ele>1520.8</ele>
   </trkpt>
   <trkpt lat="4.7849510" lon="-75.6480830">
    <ele>1520.9</ele>
   </trkpt>
   <trkpt lat="4.7849420" lon="-75.6480740">
    <ele>1520.9</ele>
   </trkpt>
   <trkpt lat="4.7849330" lon="-75.6480660">
    <ele>1521.0</ele>
   </trkpt>
   <trkpt lat="4.7849220" lon="-75.6480590">
    <ele>1521.0</ele>
   </trkpt>
   <trkpt lat="4.7849120" lon="-75.6480540">
    <ele>1521.1</ele>
   </trkpt>
   <trkpt lat="4.7848990" lon="-75.6480460">
    <ele>1521.2</ele>
   </trkpt>
   <trkpt lat="4.7848880" lon="-75.6480390">
    <ele>1521.2</ele>
   </trkpt>
   <trkpt lat="4.7848790" lon="-75.6480310">
    <ele>1521.3</ele>
   </trkpt>
   <trkpt lat="4.7848700" lon="-75.6480260">
    <ele>1521.3</ele>
   </trkpt>
   <trkpt lat="4.7848600" lon="-75.6480200">
    <ele>1521.4</ele>
   </trkpt>
   <trkpt lat="4.7848520" lon="-75.6480150">
    <ele>1521.4</ele>
   </trkpt>
   <trkpt lat="4.7848410" lon="-75.6480060">
    <ele>1521.5</ele>
   </trkpt>
   <trkpt lat="4.7848310" lon="-75.6479980">
    <ele>1521.5</ele>
   </trkpt>
   <trkpt lat="4.7848240" lon="-75.6479900">
    <ele>1521.6</ele>
   </trkpt>
   <trkpt lat="4.7848180" lon="-75.6479790">
    <ele>1521.6</ele>
   </trkpt>
   <trkpt lat="4.7848100" lon="-75.6479700">
    <ele>1521.7</ele>
   </trkpt>
   <trkpt lat="4.7848030" lon="-75.6479610">
    <ele>1521.7</ele>
   </trkpt>
   <trkpt lat="4.7847970" lon="-75.6479510">
    <ele>1521.8</ele>
   </trkpt>
   <trkpt lat="4.7847900" lon="-75.6479430">
    <ele>1521.8</ele>
   </trkpt>
   <trkpt lat="4.7847820" lon="-75.6479360">
    <ele>1521.9</ele>
   </trkpt>
   <trkpt lat="4.7847740" lon="-75.6479290">
    <ele>1521.9</ele>
   </trkpt>
   <trkpt lat="4.7847610" lon="-75.6479200">
    <ele>1522.0</ele>
   </trkpt>
   <trkpt lat="4.7847550" lon="-75.6479140">
    <ele>1522.0</ele>
   </trkpt>
   <trkpt lat="4.7847480" lon="-75.6479050">
    <ele>1522.1</ele>
   </trkpt>
   <trkpt lat="4.7847390" lon="-75.6478940">
    <ele>1522.2</ele>
   </trkpt>
   <trkpt lat="4.7847310" lon="-75.6478840">
    <ele>1522.2</ele>
   </trkpt>
   <trkpt lat="4.7847210" lon="-75.6478760">
    <ele>1522.3</ele>
   </trkpt>
   <trkpt lat="4.7847090" lon="-75.6478680">
    <ele>1522.3</ele>
   </trkpt>
   <trkpt lat="4.7847010" lon="-75.6478630">
    <ele>1522.4</ele>
   </trkpt>
   <trkpt lat="4.7846910" lon="-75.6478550">
    <ele>1522.4</ele>
   </trkpt>
   <trkpt lat="4.7846820" lon="-75.6478450">
    <ele>1522.5</ele>
   </trkpt>
   <trkpt lat="4.7846730" lon="-75.6478360">
    <ele>1522.5</ele>
   </trkpt>
   <trkpt lat="4.7846650" lon="-75.6478280">
    <ele>1522.6</ele>
   </trkpt>
   <trkpt lat="4.7846560" lon="-75.6478160">
    <ele>1522.6</ele>
   </trkpt>
   <trkpt lat="4.7846500" lon="-75.6478070">
    <ele>1522.7</ele>
   </trkpt>
   <trkpt lat="4.7846430" lon="-75.6477960">
    <ele>1522.7</ele>
   </trkpt>
   <trkpt lat="4.7846380" lon="-75.6477840">
    <ele>1522.8</ele>
   </trkpt>
   <trkpt lat="4.7846310" lon="-75.6477730">
    <ele>1522.8</ele>
   </trkpt>
   <trkpt lat="4.7846230" lon="-75.6477660">
    <ele>1522.9</ele>
   </trkpt>
   <trkpt lat="4.7846110" lon="-75.6477600">
    <ele>1522.9</ele>
   </trkpt>
   <trkpt lat="4.7846050" lon="-75.6477530">
    <ele>1522.9</ele>
   </trkpt>
   <trkpt lat="4.7845950" lon="-75.6477400">
    <ele>1523.0</ele>
   </trkpt>
   <trkpt lat="4.7845860" lon="-75.6477320">
    <ele>1523.0</ele>
   </trkpt>
   <trkpt lat="4.7845770" lon="-75.6477250">
    <ele>1523.1</ele>
   </trkpt>
   <trkpt lat="4.7845680" lon="-75.6477190">
    <ele>1523.1</ele>
   </trkpt>
   <trkpt lat="4.7845560" lon="-75.6477130">
    <ele>1523.1</ele>
   </trkpt>
   <trkpt lat="4.7845500" lon="-75.6477040">
    <ele>1523.2</ele>
   </trkpt>
   <trkpt lat="4.7845480" lon="-75.6476910">
    <ele>1523.2</ele>
   </trkpt>
   <trkpt lat="4.7845420" lon="-75.6476780">
    <ele>1523.2</ele>
   </trkpt>
   <trkpt lat="4.7845360" lon="-75.6476690">
    <ele>1523.3</ele>
   </trkpt>
   <trkpt lat="4.7845280" lon="-75.6476590">
    <ele>1523.3</ele>
   </trkpt>
   <trkpt lat="4.7845180" lon="-75.6476440">
    <ele>1523.3</ele>
   </trkpt>
   <trkpt lat="4.7845110" lon="-75.6476350">
    <ele>1523.4</ele>
   </trkpt>
   <trkpt lat="4.7845040" lon="-75.6476250">
    <ele>1523.4</ele>
   </trkpt>
   <trkpt lat="4.7844960" lon="-75.6476160">
    <ele>1523.4</ele>
   </trkpt>
   <trkpt lat="4.7844860" lon="-75.6476070">
    <ele>1523.4</ele>
   </trkpt>
   <trkpt lat="4.7844720" lon="-75.6475980">
    <ele>1523.5</ele>
   </trkpt>
   <trkpt lat="4.7844570" lon="-75.6475900">
    <ele>1523.5</ele>
   </trkpt>
   <trkpt lat="4.7844520" lon="-75.6475820">
    <ele>1523.5</ele>
   </trkpt>
   <trkpt lat="4.7844430" lon="-75.6475700">
    <ele>1523.5</ele>
   </trkpt>
   <trkpt lat="4.7844370" lon="-75.6475560">
    <ele>1523.5</ele>
   </trkpt>
   <trkpt lat="4.7844280" lon="-75.6475410">
    <ele>1523.6</ele>
   </trkpt>
   <trkpt lat="4.7844180" lon="-75.6475300">
    <ele>1523.6</ele>
   </trkpt>
   <trkpt lat="4.7844060" lon="-75.6475220">
    <ele>1523.6</ele>
   </trkpt>
   <trkpt lat="4.7843860" lon="-75.6475180">
    <ele>1523.6</ele>
   </trkpt>
   <trkpt lat="4.7843820" lon="-75.6475130">
    <ele>1523.6</ele>
   </trkpt>
   <trkpt lat="4.7843770" lon="-75.6475040">
    <ele>1523.6</ele>
   </trkpt>
   <trkpt lat="4.7843690" lon="-75.6474910">
    <ele>1523.6</ele>
   </trkpt>
   <trkpt lat="4.7843620" lon="-75.6474810">
    <ele>1523.7</ele>
   </trkpt>
   <trkpt lat="4.7843590" lon="-75.6474700">
    <ele>1523.7</ele>
   </trkpt>
   <trkpt lat="4.7843540" lon="-75.6474600">
    <ele>1523.7</ele>
   </trkpt>
   <trkpt lat="4.7843450" lon="-75.6474570">
    <ele>1523.7</ele>
   </trkpt>
   <trkpt lat="4.7843370" lon="-75.6474530">
    <ele>1523.7</ele>
   </trkpt>
   <trkpt lat="4.7843300" lon="-75.6474440">
    <ele>1523.7</ele>
   </trkpt>
   <trkpt lat="4.7843250" lon="-75.6474330">
    <ele>1523.7</ele>
   </trkpt>
   <trkpt lat="4.7843200" lon="-75.6474230">
    <ele>1523.7</ele>
   </trkpt>
   <trkpt lat="4.7843110" lon="-75.6474080">
    <ele>1523.8</ele>
   </trkpt>
   <trkpt lat="4.7843070" lon="-75.6473980">
    <ele>1523.8</ele>
   </trkpt>
   <trkpt lat="4.7842970" lon="-75.6473940">
    <ele>1523.8</ele>
   </trkpt>
   <trkpt lat="4.7842900" lon="-75.6473850">
    <ele>1523.8</ele>
   </trkpt>
   <trkpt lat="4.7842820" lon="-75.6473750">
    <ele>1523.8</ele>
   </trkpt>
   <trkpt lat="4.7842740" lon="-75.6473650">
    <ele>1523.8</ele>
   </trkpt>
   <trkpt lat="4.7842690" lon="-75.6473530">
    <ele>1523.8</ele>
   </trkpt>
   <trkpt lat="4.7842640" lon="-75.6473410">
    <ele>1523.9</ele>
   </trkpt>
   <trkpt lat="4.7842540" lon="-75.6473310">
    <ele>1523.9</ele>
   </trkpt>
   <trkpt lat="4.7842540" lon="-75.6473250">
    <ele>1523.9</ele>
   </trkpt>
   <trkpt lat="4.7842520" lon="-75.6473140">
    <ele>1523.9</ele>
   </trkpt>
   <trkpt lat="4.7842470" lon="-75.6473030">
    <ele>1523.9</ele>
   </trkpt>
   <trkpt lat="4.7842400" lon="-75.6472920">
    <ele>1523.9</ele>
   </trkpt>
   <trkpt lat="4.7842340" lon="-75.6472810">
    <ele>1524.0</ele>
   </trkpt>
   <trkpt lat="4.7842300" lon="-75.6472710">
    <ele>1524.0</ele>
   </trkpt>
   <trkpt lat="4.7842250" lon="-75.6472600">
    <ele>1524.0</ele>
   </trkpt>
   <trkpt lat="4.7842200" lon="-75.6472520">
    <ele>1524.0</ele>
   </trkpt>
   <trkpt lat="4.7842130" lon="-75.6472460">
    <ele>1524.0</ele>
   </trkpt>
   <trkpt lat="4.7842060" lon="-75.6472380">
    <ele>1524.0</ele>
   </trkpt>
   <trkpt lat="4.7841990" lon="-75.6472290">
    <ele>1524.1</ele>
   </trkpt>
   <trkpt lat="4.7841940" lon="-75.6472170">
    <ele>1524.1</ele>
   </trkpt>
   <trkpt lat="4.7841920" lon="-75.6472130">
    <ele>1524.1</ele>
   </trkpt>
   <trkpt lat="4.7841870" lon="-75.6472010">
    <ele>1524.1</ele>
   </trkpt>
   <trkpt lat="4.7841800" lon="-75.6471890">
    <ele>1524.1</ele>
   </trkpt>
   <trkpt lat="4.7841730" lon="-75.6471780">
    <ele>1524.2</ele>
   </trkpt>
   <trkpt lat="4.7841670" lon="-75.6471660">
    <ele>1524.2</ele>
   </trkpt>
   <trkpt lat="4.7841620" lon="-75.6471530">
    <ele>1524.2</ele>
   </trkpt>
   <trkpt lat="4.7841570" lon="-75.6471410">
    <ele>1524.2</ele>
   </trkpt>
   <trkpt lat="4.7841510" lon="-75.6471280">
    <ele>1524.3</ele>
   </trkpt>
   <trkpt lat="4.7841400" lon="-75.6471130">
    <ele>1524.3</ele>
   </trkpt>
   <trkpt lat="4.7841360" lon="-75.6471070">
    <ele>1524.3</ele>
   </trkpt>
   <trkpt lat="4.7841310" lon="-75.6470950">
    <ele>1524.3</ele>
   </trkpt>
   <trkpt lat="4.7841260" lon="-75.6470830">
    <ele>1524.4</ele>
   </trkpt>
   <trkpt lat="4.7841160" lon="-75.6470590">
    <ele>1524.4</ele>
   </trkpt>
   <trkpt lat="4.7841120" lon="-75.6470460">
    <ele>1524.4</ele>
   </trkpt>
   <trkpt lat="4.7840990" lon="-75.6470360">
    <ele>1524.5</ele>
   </trkpt>
   <trkpt lat="4.7840820" lon="-75.6470330">
    <ele>1524.5</ele>
   </trkpt>
   <trkpt lat="4.7840730" lon="-75.6470240">
    <ele>1524.5</ele>
   </trkpt>
   <trkpt lat="4.7840670" lon="-75.6470120">
    <ele>1524.6</ele>
   </trkpt>
   <trkpt lat="4.7840580" lon="-75.6469870">
    <ele>1524.6</ele>
   </trkpt>
   <trkpt lat="4.7840520" lon="-75.6469760">
    <ele>1524.6</ele>
   </trkpt>
   <trkpt lat="4.7840420" lon="-75.6469730">
    <ele>1524.7</ele>
   </trkpt>
   <trkpt lat="4.7840280" lon="-75.6469670">
    <ele>1524.7</ele>
   </trkpt>
   <trkpt lat="4.7840230" lon="-75.6469560">
    <ele>1524.7</ele>
   </trkpt>
   <trkpt lat="4.7840190" lon="-75.6469450">
    <ele>1524.8</ele>
   </trkpt>
   <trkpt lat="4.7840110" lon="-75.6469270">
    <ele>1524.8</ele>
   </trkpt>
   <trkpt lat="4.7840050" lon="-75.6469160">
    <ele>1524.8</ele>
   </trkpt>
   <trkpt lat="4.7840010" lon="-75.6469010">
    <ele>1524.9</ele>
   </trkpt>
   <trkpt lat="4.7839860" lon="-75.6469050">
    <ele>1524.9</ele>
   </trkpt>
   <trkpt lat="4.7839810" lon="-75.6468940">
    <ele>1524.9</ele>
   </trkpt>
   <trkpt lat="4.7839750" lon="-75.6468820">
    <ele>1525.0</ele>
   </trkpt>
   <trkpt lat="4.7839700" lon="-75.6468700">
    <ele>1525.0</ele>
   </trkpt>
   <trkpt lat="4.7839640" lon="-75.6468590">
    <ele>1525.0</ele>
   </trkpt>
   <trkpt lat="4.7839590" lon="-75.6468470">
    <ele>1525.1</ele>
   </trkpt>
   <trkpt lat="4.7839550" lon="-75.6468360">
    <ele>1525.1</ele>
   </trkpt>
   <trkpt lat="4.7839340" lon="-75.6468530">
    <ele>1525.2</ele>
   </trkpt>
   <trkpt lat="4.7839240" lon="-75.6468500">
    <ele>1525.2</ele>
   </trkpt>
   <trkpt lat="4.7839180" lon="-75.6468410">
    <ele>1525.2</ele>
   </trkpt>
   <trkpt lat="4.7839150" lon="-75.6468290">
    <ele>1525.2</ele>
   </trkpt>
   <trkpt lat="4.7839130" lon="-75.6468160">
    <ele>1525.3</ele>
   </trkpt>
   <trkpt lat="4.7839110" lon="-75.6468030">
    <ele>1525.3</ele>
   </trkpt>
   <trkpt lat="4.7839060" lon="-75.6467910">
    <ele>1525.3</ele>
   </trkpt>
   <trkpt lat="4.7838870" lon="-75.6468030">
    <ele>1525.4</ele>
   </trkpt>
   <trkpt lat="4.7838760" lon="-75.6467980">
    <ele>1525.4</ele>
   </trkpt>
   <trkpt lat="4.7838680" lon="-75.6467880">
    <ele>1525.5</ele>
   </trkpt>
   <trkpt lat="4.7838640" lon="-75.6467740">
    <ele>1525.5</ele>
   </trkpt>
   <trkpt lat="4.7838590" lon="-75.6467600">
    <ele>1525.6</ele>
   </trkpt>
   <trkpt lat="4.7838550" lon="-75.6467470">
    <ele>1525.6</ele>
   </trkpt>
   <trkpt lat="4.7838500" lon="-75.6467350">
    <ele>1525.6</ele>
   </trkpt>
   <trkpt lat="4.7838440" lon="-75.6467230">
    <ele>1525.7</ele>
   </trkpt>
   <trkpt lat="4.7838390" lon="-75.6467110">
    <ele>1525.7</ele>
   </trkpt>
   <trkpt lat="4.7838340" lon="-75.6466980">
    <ele>1525.8</ele>
   </trkpt>
   <trkpt lat="4.7838280" lon="-75.6466850">
    <ele>1525.8</ele>
   </trkpt>
   <trkpt lat="4.7838220" lon="-75.6466730">
    <ele>1525.8</ele>
   </trkpt>
   <trkpt lat="4.7838160" lon="-75.6466620">
    <ele>1525.9</ele>
   </trkpt>
   <trkpt lat="4.7838090" lon="-75.6466460">
    <ele>1525.9</ele>
   </trkpt>
   <trkpt lat="4.7838090" lon="-75.6466320">
    <ele>1526.0</ele>
   </trkpt>
   <trkpt lat="4.7838050" lon="-75.6466210">
    <ele>1526.0</ele>
   </trkpt>
   <trkpt lat="4.7837990" lon="-75.6466110">
    <ele>1526.0</ele>
   </trkpt>
   <trkpt lat="4.7837920" lon="-75.6466010">
    <ele>1526.0</ele>
   </trkpt>
   <trkpt lat="4.7837860" lon="-75.6465900">
    <ele>1526.1</ele>
   </trkpt>
   <trkpt lat="4.7837800" lon="-75.6465790">
    <ele>1526.1</ele>
   </trkpt>
   <trkpt lat="4.7837730" lon="-75.6465690">
    <ele>1526.1</ele>
   </trkpt>
   <trkpt lat="4.7837650" lon="-75.6465560">
    <ele>1526.1</ele>
   </trkpt>
   <trkpt lat="4.7837610" lon="-75.6465480">
    <ele>1526.2</ele>
   </trkpt>
   <trkpt lat="4.7837560" lon="-75.6465390">
    <ele>1526.2</ele>
   </trkpt>
   <trkpt lat="4.7837490" lon="-75.6465310">
    <ele>1526.2</ele>
   </trkpt>
   <trkpt lat="4.7837420" lon="-75.6465230">
    <ele>1526.2</ele>
   </trkpt>
   <trkpt lat="4.7837360" lon="-75.6465150">
    <ele>1526.2</ele>
   </trkpt>
   <trkpt lat="4.7837280" lon="-75.6465070">
    <ele>1526.3</ele>
   </trkpt>
   <trkpt lat="4.7837200" lon="-75.6464990">
    <ele>1526.3</ele>
   </trkpt>
   <trkpt lat="4.7837110" lon="-75.6464900">
    <ele>1526.3</ele>
   </trkpt>
   <trkpt lat="4.7837030" lon="-75.6464810">
    <ele>1526.3</ele>
   </trkpt>
   <trkpt lat="4.7836950" lon="-75.6464730">
    <ele>1526.4</ele>
   </trkpt>
   <trkpt lat="4.7836870" lon="-75.6464650">
    <ele>1526.4</ele>
   </trkpt>
   <trkpt lat="4.7836780" lon="-75.6464570">
    <ele>1526.4</ele>
   </trkpt>
   <trkpt lat="4.7836700" lon="-75.6464480">
    <ele>1526.4</ele>
   </trkpt>
   <trkpt lat="4.7836640" lon="-75.6464390">
    <ele>1526.4</ele>
   </trkpt>
   <trkpt lat="4.7836560" lon="-75.6464310">
    <ele>1526.5</ele>
   </trkpt>
   <trkpt lat="4.7836500" lon="-75.6464240">
    <ele>1526.5</ele>
   </trkpt>
   <trkpt lat="4.7836440" lon="-75.6464150">
    <ele>1526.5</ele>
   </trkpt>
   <trkpt lat="4.7836370" lon="-75.6464070">
    <ele>1526.5</ele>
   </trkpt>
   <trkpt lat="4.7836280" lon="-75.6464010">
    <ele>1526.5</ele>
   </trkpt>
   <trkpt lat="4.7836200" lon="-75.6463930">
    <ele>1526.5</ele>
   </trkpt>
   <trkpt lat="4.7836140" lon="-75.6463840">
    <ele>1526.6</ele>
   </trkpt>
   <trkpt lat="4.7836070" lon="-75.6463760">
    <ele>1526.6</ele>
   </trkpt>
   <trkpt lat="4.7835960" lon="-75.6463620">
    <ele>1526.6</ele>
   </trkpt>
   <trkpt lat="4.7835900" lon="-75.6463550">
    <ele>1526.6</ele>
   </trkpt>
   <trkpt lat="4.7835820" lon="-75.6463470">
    <ele>1526.6</ele>
   </trkpt>
   <trkpt lat="4.7835740" lon="-75.6463390">
    <ele>1526.6</ele>
   </trkpt>
   <trkpt lat="4.7835650" lon="-75.6463440">
    <ele>1526.6</ele>
   </trkpt>
   <trkpt lat="4.7835580" lon="-75.6463450">
    <ele>1526.6</ele>
   </trkpt>
   <trkpt lat="4.7835510" lon="-75.6463410">
    <ele>1526.7</ele>
   </trkpt>
   <trkpt lat="4.7835450" lon="-75.6463350">
    <ele>1526.7</ele>
   </trkpt>
   <trkpt lat="4.7835410" lon="-75.6463310">
    <ele>1526.7</ele>
   </trkpt>
   <trkpt lat="4.7835360" lon="-75.6463270">
    <ele>1526.7</ele>
   </trkpt>
   <trkpt lat="4.7835300" lon="-75.6463240">
    <ele>1526.7</ele>
   </trkpt>
   <trkpt lat="4.7835240" lon="-75.6463200">
    <ele>1526.7</ele>
   </trkpt>
   <trkpt lat="4.7835120" lon="-75.6463070">
    <ele>1526.7</ele>
   </trkpt>
   <trkpt lat="4.7835010" lon="-75.6462980">
    <ele>1526.7</ele>
   </trkpt>
   <trkpt lat="4.7834930" lon="-75.6462920">
    <ele>1526.7</ele>
   </trkpt>
   <trkpt lat="4.7834760" lon="-75.6462940">
    <ele>1526.7</ele>
   </trkpt>
   <trkpt lat="4.7834640" lon="-75.6462990">
    <ele>1526.7</ele>
   </trkpt>
   <trkpt lat="4.7834530" lon="-75.6463010">
    <ele>1526.7</ele>
   </trkpt>
   <trkpt lat="4.7834420" lon="-75.6463020">
    <ele>1526.7</ele>
   </trkpt>
   <trkpt lat="4.7834300" lon="-75.6463020">
    <ele>1526.7</ele>
   </trkpt>
   <trkpt lat="4.7834190" lon="-75.6463030">
    <ele>1526.8</ele>
   </trkpt>
   <trkpt lat="4.7834090" lon="-75.6463010">
    <ele>1526.8</ele>
   </trkpt>
   <trkpt lat="4.7833990" lon="-75.6462960">
    <ele>1526.8</ele>
   </trkpt>
   <trkpt lat="4.7833870" lon="-75.6462880">
    <ele>1526.8</ele>
   </trkpt>
   <trkpt lat="4.7833830" lon="-75.6462850">
    <ele>1526.8</ele>
   </trkpt>
   <trkpt lat="4.7833780" lon="-75.6462780">
    <ele>1526.8</ele>
   </trkpt>
   <trkpt lat="4.7833760" lon="-75.6462730">
    <ele>1526.8</ele>
   </trkpt>
   <trkpt lat="4.7833750" lon="-75.6462700">
    <ele>1526.8</ele>
   </trkpt>
   <trkpt lat="4.7833710" lon="-75.6462630">
    <ele>1526.8</ele>
   </trkpt>
   <trkpt lat="4.7833650" lon="-75.6462540">
    <ele>1526.8</ele>
   </trkpt>
   <trkpt lat="4.7833580" lon="-75.6462460">
    <ele>1526.8</ele>
   </trkpt>
   <trkpt lat="4.7833510" lon="-75.6462390">
    <ele>1526.8</ele>
   </trkpt>
   <trkpt lat="4.7833430" lon="-75.6462330">
    <ele>1526.8</ele>
   </trkpt>
   <trkpt lat="4.7833330" lon="-75.6462230">
    <ele>1526.8</ele>
   </trkpt>
   <trkpt lat="4.7833230" lon="-75.6462150">
    <ele>1526.8</ele>
   </trkpt>
   <trkpt lat="4.7833110" lon="-75.6462090">
    <ele>1526.8</ele>
   </trkpt>
   <trkpt lat="4.7833010" lon="-75.6462010">
    <ele>1526.8</ele>
   </trkpt>
   <trkpt lat="4.7832920" lon="-75.6461920">
    <ele>1526.8</ele>
   </trkpt>
   <trkpt lat="4.7832840" lon="-75.6461830">
    <ele>1526.8</ele>
   </trkpt>
   <trkpt lat="4.7832770" lon="-75.6461730">
    <ele>1526.8</ele>
   </trkpt>
   <trkpt lat="4.7832680" lon="-75.6461670">
    <ele>1526.8</ele>
   </trkpt>
   <trkpt lat="4.7832590" lon="-75.6461600">
    <ele>1526.8</ele>
   </trkpt>
   <trkpt lat="4.7832520" lon="-75.6461510">
    <ele>1526.8</ele>
   </trkpt>
   <trkpt lat="4.7832440" lon="-75.6461410">
    <ele>1526.8</ele>
   </trkpt>
   <trkpt lat="4.7832370" lon="-75.6461310">
    <ele>1526.8</ele>
   </trkpt>
   <trkpt lat="4.7832310" lon="-75.6461230">
    <ele>1526.8</ele>
   </trkpt>
   <trkpt lat="4.7832230" lon="-75.6461140">
    <ele>1526.8</ele>
   </trkpt>
   <trkpt lat="4.7832170" lon="-75.6461060">
    <ele>1526.8</ele>
   </trkpt>
   <trkpt lat="4.7832100" lon="-75.6460980">
    <ele>1526.8</ele>
   </trkpt>
   <trkpt lat="4.7832020" lon="-75.6460930">
    <ele>1526.8</ele>
   </trkpt>
   <trkpt lat="4.7831930" lon="-75.6460870">
    <ele>1526.8</ele>
   </trkpt>
   <trkpt lat="4.7831850" lon="-75.6460780">
    <ele>1526.8</ele>
   </trkpt>
   <trkpt lat="4.7831780" lon="-75.6460680">
    <ele>1526.8</ele>
   </trkpt>
   <trkpt lat="4.7831710" lon="-75.6460590">
    <ele>1526.8</ele>
   </trkpt>
   <trkpt lat="4.7831630" lon="-75.6460500">
    <ele>1526.8</ele>
   </trkpt>
   <trkpt lat="4.7831510" lon="-75.6460320">
    <ele>1526.8</ele>
   </trkpt>
   <trkpt lat="4.7831440" lon="-75.6460180">
    <ele>1526.8</ele>
   </trkpt>
   <trkpt lat="4.7831380" lon="-75.6460100">
    <ele>1526.8</ele>
   </trkpt>
   <trkpt lat="4.7831320" lon="-75.6460010">
    <ele>1526.8</ele>
   </trkpt>
   <trkpt lat="4.7831250" lon="-75.6459920">
    <ele>1526.8</ele>
   </trkpt>
   <trkpt lat="4.7831170" lon="-75.6459830">
    <ele>1526.8</ele>
   </trkpt>
   <trkpt lat="4.7831000" lon="-75.6459690">
    <ele>1526.8</ele>
   </trkpt>
   <trkpt lat="4.7830910" lon="-75.6459620">
    <ele>1526.8</ele>
   </trkpt>
   <trkpt lat="4.7830830" lon="-75.6459530">
    <ele>1526.8</ele>
   </trkpt>
   <trkpt lat="4.7830790" lon="-75.6459470">
    <ele>1526.8</ele>
   </trkpt>
   <trkpt lat="4.7830710" lon="-75.6459350">
    <ele>1526.8</ele>
   </trkpt>
   <trkpt lat="4.7830630" lon="-75.6459260">
    <ele>1526.8</ele>
   </trkpt>
   <trkpt lat="4.7830540" lon="-75.6459180">
    <ele>1526.8</ele>
   </trkpt>
   <trkpt lat="4.7830460" lon="-75.6459100">
    <ele>1526.8</ele>
   </trkpt>
   <trkpt lat="4.7830380" lon="-75.6458980">
    <ele>1526.8</ele>
   </trkpt>
   <trkpt lat="4.7830230" lon="-75.6458900">
    <ele>1526.8</ele>
   </trkpt>
   <trkpt lat="4.7830130" lon="-75.6458840">
    <ele>1526.8</ele>
   </trkpt>
   <trkpt lat="4.7830100" lon="-75.6458860">
    <ele>1526.8</ele>
   </trkpt>
   <trkpt lat="4.7830040" lon="-75.6458770">
    <ele>1526.8</ele>
   </trkpt>
   <trkpt lat="4.7829970" lon="-75.6458660">
    <ele>1526.8</ele>
   </trkpt>
   <trkpt lat="4.7829880" lon="-75.6458580">
    <ele>1526.8</ele>
   </trkpt>
   <trkpt lat="4.7829790" lon="-75.6458490">
    <ele>1526.8</ele>
   </trkpt>
   <trkpt lat="4.7829710" lon="-75.6458400">
    <ele>1526.8</ele>
   </trkpt>
   <trkpt lat="4.7829640" lon="-75.6458320">
    <ele>1526.8</ele>
   </trkpt>
   <trkpt lat="4.7829580" lon="-75.6458220">
    <ele>1526.8</ele>
   </trkpt>
   <trkpt lat="4.7829530" lon="-75.6458100">
    <ele>1526.8</ele>
   </trkpt>
   <trkpt lat="4.7829490" lon="-75.6458000">
    <ele>1526.8</ele>
   </trkpt>
   <trkpt lat="4.7829450" lon="-75.6457920">
    <ele>1526.8</ele>
   </trkpt>
   <trkpt lat="4.7829420" lon="-75.6457820">
    <ele>1526.9</ele>
   </trkpt>
   <trkpt lat="4.7829370" lon="-75.6457710">
    <ele>1526.9</ele>
   </trkpt>
   <trkpt lat="4.7829310" lon="-75.6457620">
    <ele>1526.9</ele>
   </trkpt>
   <trkpt lat="4.7829240" lon="-75.6457520">
    <ele>1526.9</ele>
   </trkpt>
   <trkpt lat="4.7829170" lon="-75.6457430">
    <ele>1526.9</ele>
   </trkpt>
   <trkpt lat="4.7829130" lon="-75.6457380">
    <ele>1526.9</ele>
   </trkpt>
   <trkpt lat="4.7829070" lon="-75.6457320">
    <ele>1526.9</ele>
   </trkpt>
   <trkpt lat="4.7828990" lon="-75.6457230">
    <ele>1526.9</ele>
   </trkpt>
   <trkpt lat="4.7828920" lon="-75.6457120">
    <ele>1526.9</ele>
   </trkpt>
   <trkpt lat="4.7828840" lon="-75.6457020">
    <ele>1526.9</ele>
   </trkpt>
   <trkpt lat="4.7828770" lon="-75.6456920">
    <ele>1526.9</ele>
   </trkpt>
   <trkpt lat="4.7828690" lon="-75.6456850">
    <ele>1526.9</ele>
   </trkpt>
   <trkpt lat="4.7828610" lon="-75.6456780">
    <ele>1526.9</ele>
   </trkpt>
   <trkpt lat="4.7828520" lon="-75.6456630">
    <ele>1527.0</ele>
   </trkpt>
   <trkpt lat="4.7828480" lon="-75.6456580">
    <ele>1527.0</ele>
   </trkpt>
   <trkpt lat="4.7828390" lon="-75.6456490">
    <ele>1527.0</ele>
   </trkpt>
   <trkpt lat="4.7828310" lon="-75.6456410">
    <ele>1527.0</ele>
   </trkpt>
   <trkpt lat="4.7828240" lon="-75.6456320">
    <ele>1527.0</ele>
   </trkpt>
   <trkpt lat="4.7828180" lon="-75.6456300">
    <ele>1527.0</ele>
   </trkpt>
   <trkpt lat="4.7828110" lon="-75.6456240">
    <ele>1527.0</ele>
   </trkpt>
   <trkpt lat="4.7828030" lon="-75.6456190">
    <ele>1527.0</ele>
   </trkpt>
   <trkpt lat="4.7827950" lon="-75.6456110">
    <ele>1527.1</ele>
   </trkpt>
   <trkpt lat="4.7827850" lon="-75.6456030">
    <ele>1527.1</ele>
   </trkpt>
   <trkpt lat="4.7827770" lon="-75.6455960">
    <ele>1527.1</ele>
   </trkpt>
   <trkpt lat="4.7827690" lon="-75.6455890">
    <ele>1527.1</ele>
   </trkpt>
   <trkpt lat="4.7827630" lon="-75.6455790">
    <ele>1527.1</ele>
   </trkpt>
   <trkpt lat="4.7827570" lon="-75.6455690">
    <ele>1527.1</ele>
   </trkpt>
   <trkpt lat="4.7827490" lon="-75.6455610">
    <ele>1527.2</ele>
   </trkpt>
   <trkpt lat="4.7827400" lon="-75.6455540">
    <ele>1527.2</ele>
   </trkpt>
   <trkpt lat="4.7827250" lon="-75.6455440">
    <ele>1527.2</ele>
   </trkpt>
   <trkpt lat="4.7827190" lon="-75.6455410">
    <ele>1527.2</ele>
   </trkpt>
   <trkpt lat="4.7827080" lon="-75.6455340">
    <ele>1527.2</ele>
   </trkpt>
   <trkpt lat="4.7826970" lon="-75.6455270">
    <ele>1527.3</ele>
   </trkpt>
   <trkpt lat="4.7826850" lon="-75.6455230">
    <ele>1527.3</ele>
   </trkpt>
   <trkpt lat="4.7826730" lon="-75.6455180">
    <ele>1527.3</ele>
   </trkpt>
   <trkpt lat="4.7826630" lon="-75.6455120">
    <ele>1527.3</ele>
   </trkpt>
   <trkpt lat="4.7826520" lon="-75.6455060">
    <ele>1527.4</ele>
   </trkpt>
   <trkpt lat="4.7826360" lon="-75.6454980">
    <ele>1527.4</ele>
   </trkpt>
   <trkpt lat="4.7826300" lon="-75.6454940">
    <ele>1527.4</ele>
   </trkpt>
   <trkpt lat="4.7826220" lon="-75.6454890">
    <ele>1527.4</ele>
   </trkpt>
   <trkpt lat="4.7826130" lon="-75.6454840">
    <ele>1527.5</ele>
   </trkpt>
   <trkpt lat="4.7826040" lon="-75.6454780">
    <ele>1527.5</ele>
   </trkpt>
   <trkpt lat="4.7826010" lon="-75.6454740">
    <ele>1527.5</ele>
   </trkpt>
   <trkpt lat="4.7825960" lon="-75.6454720">
    <ele>1527.5</ele>
   </trkpt>
   <trkpt lat="4.7825900" lon="-75.6454700">
    <ele>1527.5</ele>
   </trkpt>
   <trkpt lat="4.7825820" lon="-75.6454660">
    <ele>1527.6</ele>
   </trkpt>
   <trkpt lat="4.7825740" lon="-75.6454630">
    <ele>1527.6</ele>
   </trkpt>
   <trkpt lat="4.7825650" lon="-75.6454580">
    <ele>1527.6</ele>
   </trkpt>
   <trkpt lat="4.7825550" lon="-75.6454540">
    <ele>1527.6</ele>
   </trkpt>
   <trkpt lat="4.7825460" lon="-75.6454490">
    <ele>1527.6</ele>
   </trkpt>
   <trkpt lat="4.7825370" lon="-75.6454410">
    <ele>1527.7</ele>
   </trkpt>
   <trkpt lat="4.7825280" lon="-75.6454330">
    <ele>1527.7</ele>
   </trkpt>
   <trkpt lat="4.7825200" lon="-75.6454260">
    <ele>1527.7</ele>
   </trkpt>
   <trkpt lat="4.7825110" lon="-75.6454200">
    <ele>1527.8</ele>
   </trkpt>
   <trkpt lat="4.7825010" lon="-75.6454160">
    <ele>1527.8</ele>
   </trkpt>
   <trkpt lat="4.7824930" lon="-75.6454130">
    <ele>1527.8</ele>
   </trkpt>
   <trkpt lat="4.7824830" lon="-75.6454100">
    <ele>1527.8</ele>
   </trkpt>
   <trkpt lat="4.7824730" lon="-75.6454070">
    <ele>1527.9</ele>
   </trkpt>
   <trkpt lat="4.7824630" lon="-75.6454050">
    <ele>1527.9</ele>
   </trkpt>
   <trkpt lat="4.7824530" lon="-75.6454020">
    <ele>1527.9</ele>
   </trkpt>
   <trkpt lat="4.7824350" lon="-75.6453950">
    <ele>1528.0</ele>
   </trkpt>
   <trkpt lat="4.7824240" lon="-75.6453910">
    <ele>1528.0</ele>
   </trkpt>
   <trkpt lat="4.7824140" lon="-75.6453890">
    <ele>1528.1</ele>
   </trkpt>
   <trkpt lat="4.7824020" lon="-75.6453860">
    <ele>1528.1</ele>
   </trkpt>
   <trkpt lat="4.7823910" lon="-75.6453830">
    <ele>1528.2</ele>
   </trkpt>
   <trkpt lat="4.7823790" lon="-75.6453800">
    <ele>1528.2</ele>
   </trkpt>
   <trkpt lat="4.7823690" lon="-75.6453750">
    <ele>1528.3</ele>
   </trkpt>
   <trkpt lat="4.7823600" lon="-75.6453710">
    <ele>1528.3</ele>
   </trkpt>
   <trkpt lat="4.7823490" lon="-75.6453690">
    <ele>1528.3</ele>
   </trkpt>
   <trkpt lat="4.7823380" lon="-75.6453650">
    <ele>1528.4</ele>
   </trkpt>
   <trkpt lat="4.7823280" lon="-75.6453620">
    <ele>1528.4</ele>
   </trkpt>
   <trkpt lat="4.7823140" lon="-75.6453580">
    <ele>1528.5</ele>
   </trkpt>
   <trkpt lat="4.7822890" lon="-75.6453500">
    <ele>1528.6</ele>
   </trkpt>
   <trkpt lat="4.7822750" lon="-75.6453460">
    <ele>1528.6</ele>
   </trkpt>
   <trkpt lat="4.7822610" lon="-75.6453440">
    <ele>1528.7</ele>
   </trkpt>
   <trkpt lat="4.7822510" lon="-75.6453420">
    <ele>1528.7</ele>
   </trkpt>
   <trkpt lat="4.7822400" lon="-75.6453400">
    <ele>1528.8</ele>
   </trkpt>
   <trkpt lat="4.7822290" lon="-75.6453380">
    <ele>1528.8</ele>
   </trkpt>
   <trkpt lat="4.7822180" lon="-75.6453370">
    <ele>1528.9</ele>
   </trkpt>
   <trkpt lat="4.7822080" lon="-75.6453340">
    <ele>1528.9</ele>
   </trkpt>
   <trkpt lat="4.7821970" lon="-75.6453320">
    <ele>1528.9</ele>
   </trkpt>
   <trkpt lat="4.7821880" lon="-75.6453300">
    <ele>1529.0</ele>
   </trkpt>
   <trkpt lat="4.7821740" lon="-75.6453250">
    <ele>1529.0</ele>
   </trkpt>
   <trkpt lat="4.7821660" lon="-75.6453230">
    <ele>1529.1</ele>
   </trkpt>
   <trkpt lat="4.7821550" lon="-75.6453210">
    <ele>1529.1</ele>
   </trkpt>
   <trkpt lat="4.7821440" lon="-75.6453190">
    <ele>1529.2</ele>
   </trkpt>
   <trkpt lat="4.7821340" lon="-75.6453190">
    <ele>1529.2</ele>
   </trkpt>
   <trkpt lat="4.7821230" lon="-75.6453190">
    <ele>1529.2</ele>
   </trkpt>
   <trkpt lat="4.7821130" lon="-75.6453180">
    <ele>1529.3</ele>
   </trkpt>
   <trkpt lat="4.7821040" lon="-75.6453160">
    <ele>1529.3</ele>
   </trkpt>
   <trkpt lat="4.7820910" lon="-75.6453160">
    <ele>1529.3</ele>
   </trkpt>
   <trkpt lat="4.7820830" lon="-75.6453140">
    <ele>1529.4</ele>
   </trkpt>
   <trkpt lat="4.7820730" lon="-75.6453120">
    <ele>1529.4</ele>
   </trkpt>
   <trkpt lat="4.7820640" lon="-75.6453120">
    <ele>1529.4</ele>
   </trkpt>
   <trkpt lat="4.7820540" lon="-75.6453120">
    <ele>1529.5</ele>
   </trkpt>
   <trkpt lat="4.7820440" lon="-75.6453130">
    <ele>1529.5</ele>
   </trkpt>
   <trkpt lat="4.7820440" lon="-75.6453170">
    <ele>1529.5</ele>
   </trkpt>
   <trkpt lat="4.7820390" lon="-75.6453170">
    <ele>1529.5</ele>
   </trkpt>
   <trkpt lat="4.7820320" lon="-75.6453160">
    <ele>1529.6</ele>
   </trkpt>
   <trkpt lat="4.7820240" lon="-75.6453160">
    <ele>1529.6</ele>
   </trkpt>
   <trkpt lat="4.7820150" lon="-75.6453170">
    <ele>1529.6</ele>
   </trkpt>
   <trkpt lat="4.7820040" lon="-75.6453180">
    <ele>1529.7</ele>
   </trkpt>
   <trkpt lat="4.7819880" lon="-75.6453160">
    <ele>1529.7</ele>
   </trkpt>
   <trkpt lat="4.7819830" lon="-75.6453150">
    <ele>1529.7</ele>
   </trkpt>
   <trkpt lat="4.7819730" lon="-75.6453140">
    <ele>1529.8</ele>
   </trkpt>
   <trkpt lat="4.7819640" lon="-75.6453140">
    <ele>1529.8</ele>
   </trkpt>
   <trkpt lat="4.7819530" lon="-75.6453140">
    <ele>1529.8</ele>
   </trkpt>
   <trkpt lat="4.7819440" lon="-75.6453140">
    <ele>1529.9</ele>
   </trkpt>
   <trkpt lat="4.7819350" lon="-75.6453130">
    <ele>1529.9</ele>
   </trkpt>
   <trkpt lat="4.7819250" lon="-75.6453130">
    <ele>1529.9</ele>
   </trkpt>
   <trkpt lat="4.7819110" lon="-75.6453160">
    <ele>1530.0</ele>
   </trkpt>
   <trkpt lat="4.7819050" lon="-75.6453170">
    <ele>1530.0</ele>
   </trkpt>
   <trkpt lat="4.7818950" lon="-75.6453180">
    <ele>1530.0</ele>
   </trkpt>
   <trkpt lat="4.7818760" lon="-75.6453220">
    <ele>1530.1</ele>
   </trkpt>
   <trkpt lat="4.7818650" lon="-75.6453230">
    <ele>1530.2</ele>
   </trkpt>
   <trkpt lat="4.7818540" lon="-75.6453240">
    <ele>1530.2</ele>
   </trkpt>
   <trkpt lat="4.7818440" lon="-75.6453270">
    <ele>1530.2</ele>
   </trkpt>
   <trkpt lat="4.7818330" lon="-75.6453310">
    <ele>1530.3</ele>
   </trkpt>
   <trkpt lat="4.7818240" lon="-75.6453360">
    <ele>1530.3</ele>
   </trkpt>
   <trkpt lat="4.7818160" lon="-75.6453410">
    <ele>1530.3</ele>
   </trkpt>
   <trkpt lat="4.7818080" lon="-75.6453460">
    <ele>1530.4</ele>
   </trkpt>
   <trkpt lat="4.7817960" lon="-75.6453530">
    <ele>1530.4</ele>
   </trkpt>
   <trkpt lat="4.7817820" lon="-75.6453590">
    <ele>1530.5</ele>
   </trkpt>
   <trkpt lat="4.7817710" lon="-75.6453640">
    <ele>1530.5</ele>
   </trkpt>
   <trkpt lat="4.7817600" lon="-75.6453690">
    <ele>1530.6</ele>
   </trkpt>
   <trkpt lat="4.7817480" lon="-75.6453740">
    <ele>1530.6</ele>
   </trkpt>
   <trkpt lat="4.7817370" lon="-75.6453770">
    <ele>1530.6</ele>
   </trkpt>
   <trkpt lat="4.7817270" lon="-75.6453830">
    <ele>1530.7</ele>
   </trkpt>
   <trkpt lat="4.7817170" lon="-75.6453850">
    <ele>1530.7</ele>
   </trkpt>
   <trkpt lat="4.7817060" lon="-75.6453860">
    <ele>1530.8</ele>
   </trkpt>
   <trkpt lat="4.7816940" lon="-75.6453880">
    <ele>1530.8</ele>
   </trkpt>
   <trkpt lat="4.7816840" lon="-75.6453870">
    <ele>1530.9</ele>
   </trkpt>
   <trkpt lat="4.7816730" lon="-75.6453880">
    <ele>1530.9</ele>
   </trkpt>
   <trkpt lat="4.7816600" lon="-75.6453880">
    <ele>1530.9</ele>
   </trkpt>
   <trkpt lat="4.7816490" lon="-75.6453880">
    <ele>1531.0</ele>
   </trkpt>
   <trkpt lat="4.7816380" lon="-75.6453870">
    <ele>1531.0</ele>
   </trkpt>
   <trkpt lat="4.7816270" lon="-75.6453860">
    <ele>1531.1</ele>
   </trkpt>
   <trkpt lat="4.7816050" lon="-75.6453830">
    <ele>1531.1</ele>
   </trkpt>
   <trkpt lat="4.7816030" lon="-75.6453820">
    <ele>1531.2</ele>
   </trkpt>
   <trkpt lat="4.7815960" lon="-75.6453790">
    <ele>1531.2</ele>
   </trkpt>
   <trkpt lat="4.7815850" lon="-75.6453750">
    <ele>1531.2</ele>
   </trkpt>
   <trkpt lat="4.7815720" lon="-75.6453700">
    <ele>1531.3</ele>
   </trkpt>
   <trkpt lat="4.7815590" lon="-75.6453640">
    <ele>1531.3</ele>
   </trkpt>
   <trkpt lat="4.7815370" lon="-75.6453530">
    <ele>1531.4</ele>
   </trkpt>
   <trkpt lat="4.7815230" lon="-75.6453460">
    <ele>1531.4</ele>
   </trkpt>
   <trkpt lat="4.7815070" lon="-75.6453400">
    <ele>1531.5</ele>
   </trkpt>
   <trkpt lat="4.7814860" lon="-75.6453300">
    <ele>1531.6</ele>
   </trkpt>
   <trkpt lat="4.7814620" lon="-75.6453160">
    <ele>1531.7</ele>
   </trkpt>
   <trkpt lat="4.7814400" lon="-75.6453060">
    <ele>1531.7</ele>
   </trkpt>
   <trkpt lat="4.7814180" lon="-75.6452980">
    <ele>1531.8</ele>
   </trkpt>
   <trkpt lat="4.7813960" lon="-75.6452880">
    <ele>1531.9</ele>
   </trkpt>
   <trkpt lat="4.7813760" lon="-75.6452810">
    <ele>1531.9</ele>
   </trkpt>
   <trkpt lat="4.7813530" lon="-75.6452750">
    <ele>1532.0</ele>
   </trkpt>
   <trkpt lat="4.7813340" lon="-75.6452690">
    <ele>1532.0</ele>
   </trkpt>
   <trkpt lat="4.7813170" lon="-75.6452630">
    <ele>1532.1</ele>
   </trkpt>
   <trkpt lat="4.7812990" lon="-75.6452590">
    <ele>1532.1</ele>
   </trkpt>
   <trkpt lat="4.7812820" lon="-75.6452530">
    <ele>1532.2</ele>
   </trkpt>
   <trkpt lat="4.7812630" lon="-75.6452480">
    <ele>1532.2</ele>
   </trkpt>
   <trkpt lat="4.7812430" lon="-75.6452440">
    <ele>1532.3</ele>
   </trkpt>
   <trkpt lat="4.7812250" lon="-75.6452410">
    <ele>1532.3</ele>
   </trkpt>
   <trkpt lat="4.7812100" lon="-75.6452360">
    <ele>1532.4</ele>
   </trkpt>
   <trkpt lat="4.7811910" lon="-75.6452310">
    <ele>1532.4</ele>
   </trkpt>
   <trkpt lat="4.7811770" lon="-75.6452250">
    <ele>1532.4</ele>
   </trkpt>
   <trkpt lat="4.7811590" lon="-75.6452210">
    <ele>1532.5</ele>
   </trkpt>
   <trkpt lat="4.7811410" lon="-75.6452150">
    <ele>1532.5</ele>
   </trkpt>
   <trkpt lat="4.7811230" lon="-75.6452070">
    <ele>1532.6</ele>
   </trkpt>
   <trkpt lat="4.7811050" lon="-75.6452000">
    <ele>1532.6</ele>
   </trkpt>
   <trkpt lat="4.7810870" lon="-75.6451930">
    <ele>1532.7</ele>
   </trkpt>
   <trkpt lat="4.7810690" lon="-75.6451870">
    <ele>1532.7</ele>
   </trkpt>
   <trkpt lat="4.7810490" lon="-75.6451820">
    <ele>1532.8</ele>
   </trkpt>
   <trkpt lat="4.7810280" lon="-75.6451760">
    <ele>1532.8</ele>
   </trkpt>
   <trkpt lat="4.7810120" lon="-75.6451670">
    <ele>1532.9</ele>
   </trkpt>
   <trkpt lat="4.7809910" lon="-75.6451590">
    <ele>1533.0</ele>
   </trkpt>
   <trkpt lat="4.7809740" lon="-75.6451490">
    <ele>1533.0</ele>
   </trkpt>
   <trkpt lat="4.7809570" lon="-75.6451390">
    <ele>1533.1</ele>
   </trkpt>
   <trkpt lat="4.7809420" lon="-75.6451290">
    <ele>1533.1</ele>
   </trkpt>
   <trkpt lat="4.7809280" lon="-75.6451170">
    <ele>1533.2</ele>
   </trkpt>
   <trkpt lat="4.7809110" lon="-75.6451070">
    <ele>1533.3</ele>
   </trkpt>
   <trkpt lat="4.7808940" lon="-75.6450970">
    <ele>1533.3</ele>
   </trkpt>
   <trkpt lat="4.7808750" lon="-75.6450900">
    <ele>1533.4</ele>
   </trkpt>
   <trkpt lat="4.7808560" lon="-75.6450840">
    <ele>1533.5</ele>
   </trkpt>
   <trkpt lat="4.7808390" lon="-75.6450750">
    <ele>1533.5</ele>
   </trkpt>
   <trkpt lat="4.7808250" lon="-75.6450640">
    <ele>1533.6</ele>
   </trkpt>
   <trkpt lat="4.7808100" lon="-75.6450550">
    <ele>1533.6</ele>
   </trkpt>
   <trkpt lat="4.7807930" lon="-75.6450440">
    <ele>1533.7</ele>
   </trkpt>
   <trkpt lat="4.7807800" lon="-75.6450360">
    <ele>1533.8</ele>
   </trkpt>
   <trkpt lat="4.7807690" lon="-75.6450260">
    <ele>1533.8</ele>
   </trkpt>
   <trkpt lat="4.7807540" lon="-75.6450160">
    <ele>1533.9</ele>
   </trkpt>
   <trkpt lat="4.7807350" lon="-75.6450050">
    <ele>1534.0</ele>
   </trkpt>
   <trkpt lat="4.7807150" lon="-75.6450000">
    <ele>1534.0</ele>
   </trkpt>
   <trkpt lat="4.7806940" lon="-75.6449940">
    <ele>1534.1</ele>
   </trkpt>
   <trkpt lat="4.7806750" lon="-75.6449860">
    <ele>1534.2</ele>
   </trkpt>
   <trkpt lat="4.7806570" lon="-75.6449780">
    <ele>1534.2</ele>
   </trkpt>
   <trkpt lat="4.7806400" lon="-75.6449700">
    <ele>1534.3</ele>
   </trkpt>
   <trkpt lat="4.7806210" lon="-75.6449620">
    <ele>1534.4</ele>
   </trkpt>
   <trkpt lat="4.7806020" lon="-75.6449590">
    <ele>1534.4</ele>
   </trkpt>
   <trkpt lat="4.7805830" lon="-75.6449520">
    <ele>1534.5</ele>
   </trkpt>
   <trkpt lat="4.7805650" lon="-75.6449500">
    <ele>1534.6</ele>
   </trkpt>
   <trkpt lat="4.7805460" lon="-75.6449500">
    <ele>1534.6</ele>
   </trkpt>
   <trkpt lat="4.7805280" lon="-75.6449500">
    <ele>1534.7</ele>
   </trkpt>
   <trkpt lat="4.7805070" lon="-75.6449460">
    <ele>1534.7</ele>
   </trkpt>
   <trkpt lat="4.7804870" lon="-75.6449380">
    <ele>1534.8</ele>
   </trkpt>
   <trkpt lat="4.7804710" lon="-75.6449310">
    <ele>1534.8</ele>
   </trkpt>
   <trkpt lat="4.7804510" lon="-75.6449240">
    <ele>1534.9</ele>
   </trkpt>
   <trkpt lat="4.7804320" lon="-75.6449150">
    <ele>1534.9</ele>
   </trkpt>
   <trkpt lat="4.7804190" lon="-75.6449050">
    <ele>1534.9</ele>
   </trkpt>
   <trkpt lat="4.7804090" lon="-75.6448910">
    <ele>1535.0</ele>
   </trkpt>
   <trkpt lat="4.7803990" lon="-75.6448790">
    <ele>1535.0</ele>
   </trkpt>
   <trkpt lat="4.7803860" lon="-75.6448660">
    <ele>1535.0</ele>
   </trkpt>
   <trkpt lat="4.7803650" lon="-75.6448620">
    <ele>1535.1</ele>
   </trkpt>
   <trkpt lat="4.7803430" lon="-75.6448590">
    <ele>1535.1</ele>
   </trkpt>
   <trkpt lat="4.7803210" lon="-75.6448590">
    <ele>1535.2</ele>
   </trkpt>
   <trkpt lat="4.7802950" lon="-75.6448580">
    <ele>1535.2</ele>
   </trkpt>
   <trkpt lat="4.7802710" lon="-75.6448540">
    <ele>1535.2</ele>
   </trkpt>
   <trkpt lat="4.7802350" lon="-75.6448530">
    <ele>1535.3</ele>
   </trkpt>
   <trkpt lat="4.7802100" lon="-75.6448490">
    <ele>1535.4</ele>
   </trkpt>
   <trkpt lat="4.7801720" lon="-75.6448430">
    <ele>1535.5</ele>
   </trkpt>
   <trkpt lat="4.7801430" lon="-75.6448360">
    <ele>1535.5</ele>
   </trkpt>
   <trkpt lat="4.7801140" lon="-75.6448300">
    <ele>1535.6</ele>
   </trkpt>
   <trkpt lat="4.7800790" lon="-75.6448230">
    <ele>1535.7</ele>
   </trkpt>
   <trkpt lat="4.7800620" lon="-75.6448220">
    <ele>1535.8</ele>
   </trkpt>
   <trkpt lat="4.7800360" lon="-75.6448190">
    <ele>1535.8</ele>
   </trkpt>
   <trkpt lat="4.7800100" lon="-75.6448150">
    <ele>1535.9</ele>
   </trkpt>
   <trkpt lat="4.7799860" lon="-75.6448110">
    <ele>1536.0</ele>
   </trkpt>
   <trkpt lat="4.7799640" lon="-75.6448070">
    <ele>1536.0</ele>
   </trkpt>
   <trkpt lat="4.7799400" lon="-75.6448010">
    <ele>1536.1</ele>
   </trkpt>
   <trkpt lat="4.7799180" lon="-75.6447940">
    <ele>1536.2</ele>
   </trkpt>
   <trkpt lat="4.7798960" lon="-75.6447880">
    <ele>1536.2</ele>
   </trkpt>
   <trkpt lat="4.7798750" lon="-75.6447800">
    <ele>1536.3</ele>
   </trkpt>
   <trkpt lat="4.7798560" lon="-75.6447730">
    <ele>1536.3</ele>
   </trkpt>
   <trkpt lat="4.7798400" lon="-75.6447690">
    <ele>1536.4</ele>
   </trkpt>
   <trkpt lat="4.7798230" lon="-75.6447650">
    <ele>1536.4</ele>
   </trkpt>
   <trkpt lat="4.7798030" lon="-75.6447600">
    <ele>1536.5</ele>
   </trkpt>
   <trkpt lat="4.7797840" lon="-75.6447540">
    <ele>1536.5</ele>
   </trkpt>
   <trkpt lat="4.7797720" lon="-75.6447510">
    <ele>1536.6</ele>
   </trkpt>
   <trkpt lat="4.7797640" lon="-75.6447530">
    <ele>1536.6</ele>
   </trkpt>
   <trkpt lat="4.7797550" lon="-75.6447580">
    <ele>1536.6</ele>
   </trkpt>
   <trkpt lat="4.7797430" lon="-75.6447610">
    <ele>1536.6</ele>
   </trkpt>
   <trkpt lat="4.7797340" lon="-75.6447620">
    <ele>1536.7</ele>
   </trkpt>
   <trkpt lat="4.7797250" lon="-75.6447570">
    <ele>1536.7</ele>
   </trkpt>
   <trkpt lat="4.7797140" lon="-75.6447430">
    <ele>1536.7</ele>
   </trkpt>
   <trkpt lat="4.7797060" lon="-75.6447280">
    <ele>1536.8</ele>
   </trkpt>
   <trkpt lat="4.7796990" lon="-75.6447170">
    <ele>1536.8</ele>
   </trkpt>
   <trkpt lat="4.7796920" lon="-75.6447090">
    <ele>1536.8</ele>
   </trkpt>
   <trkpt lat="4.7796820" lon="-75.6447000">
    <ele>1536.9</ele>
   </trkpt>
   <trkpt lat="4.7796710" lon="-75.6446880">
    <ele>1536.9</ele>
   </trkpt>
   <trkpt lat="4.7796680" lon="-75.6446770">
    <ele>1536.9</ele>
   </trkpt>
   <trkpt lat="4.7796640" lon="-75.6446650">
    <ele>1537.0</ele>
   </trkpt>
   <trkpt lat="4.7796570" lon="-75.6446540">
    <ele>1537.0</ele>
   </trkpt>
   <trkpt lat="4.7796490" lon="-75.6446440">
    <ele>1537.0</ele>
   </trkpt>
   <trkpt lat="4.7796420" lon="-75.6446320">
    <ele>1537.0</ele>
   </trkpt>
   <trkpt lat="4.7796370" lon="-75.6446210">
    <ele>1537.1</ele>
   </trkpt>
   <trkpt lat="4.7796230" lon="-75.6446050">
    <ele>1537.1</ele>
   </trkpt>
   <trkpt lat="4.7796110" lon="-75.6445890">
    <ele>1537.2</ele>
   </trkpt>
   <trkpt lat="4.7796020" lon="-75.6445690">
    <ele>1537.2</ele>
   </trkpt>
   <trkpt lat="4.7795900" lon="-75.6445460">
    <ele>1537.3</ele>
   </trkpt>
   <trkpt lat="4.7795840" lon="-75.6445340">
    <ele>1537.3</ele>
   </trkpt>
   <trkpt lat="4.7795750" lon="-75.6445180">
    <ele>1537.3</ele>
   </trkpt>
   <trkpt lat="4.7795670" lon="-75.6445040">
    <ele>1537.3</ele>
   </trkpt>
   <trkpt lat="4.7795590" lon="-75.6444880">
    <ele>1537.3</ele>
   </trkpt>
   <trkpt lat="4.7795530" lon="-75.6444750">
    <ele>1537.3</ele>
   </trkpt>
   <trkpt lat="4.7795430" lon="-75.6444640">
    <ele>1537.3</ele>
   </trkpt>
   <trkpt lat="4.7795290" lon="-75.6444500">
    <ele>1537.3</ele>
   </trkpt>
   <trkpt lat="4.7795180" lon="-75.6444420">
    <ele>1537.3</ele>
   </trkpt>
   <trkpt lat="4.7795080" lon="-75.6444290">
    <ele>1537.3</ele>
   </trkpt>
   <trkpt lat="4.7795000" lon="-75.6444170">
    <ele>1537.3</ele>
   </trkpt>
   <trkpt lat="4.7794940" lon="-75.6444050">
    <ele>1537.3</ele>
   </trkpt>
   <trkpt lat="4.7794870" lon="-75.6443950">
    <ele>1537.3</ele>
   </trkpt>
   <trkpt lat="4.7794800" lon="-75.6443850">
    <ele>1537.3</ele>
   </trkpt>
   <trkpt lat="4.7794710" lon="-75.6443720">
    <ele>1537.3</ele>
   </trkpt>
   <trkpt lat="4.7794640" lon="-75.6443610">
    <ele>1537.3</ele>
   </trkpt>
   <trkpt lat="4.7794560" lon="-75.6443490">
    <ele>1537.3</ele>
   </trkpt>
   <trkpt lat="4.7794520" lon="-75.6443390">
    <ele>1537.3</ele>
   </trkpt>
   <trkpt lat="4.7794470" lon="-75.6443250">
    <ele>1537.2</ele>
   </trkpt>
   <trkpt lat="4.7794410" lon="-75.6443120">
    <ele>1537.2</ele>
   </trkpt>
   <trkpt lat="4.7794350" lon="-75.6442950">
    <ele>1537.2</ele>
   </trkpt>
   <trkpt lat="4.7794300" lon="-75.6442850">
    <ele>1537.2</ele>
   </trkpt>
   <trkpt lat="4.7794220" lon="-75.6442740">
    <ele>1537.2</ele>
   </trkpt>
   <trkpt lat="4.7794140" lon="-75.6442610">
    <ele>1537.2</ele>
   </trkpt>
   <trkpt lat="4.7794060" lon="-75.6442490">
    <ele>1537.2</ele>
   </trkpt>
   <trkpt lat="4.7793990" lon="-75.6442370">
    <ele>1537.2</ele>
   </trkpt>
   <trkpt lat="4.7793930" lon="-75.6442250">
    <ele>1537.2</ele>
   </trkpt>
   <trkpt lat="4.7793870" lon="-75.6442130">
    <ele>1537.1</ele>
   </trkpt>
   <trkpt lat="4.7793820" lon="-75.6442010">
    <ele>1537.1</ele>
   </trkpt>
   <trkpt lat="4.7793760" lon="-75.6441880">
    <ele>1537.1</ele>
   </trkpt>
   <trkpt lat="4.7793700" lon="-75.6441760">
    <ele>1537.1</ele>
   </trkpt>
   <trkpt lat="4.7793640" lon="-75.6441630">
    <ele>1537.1</ele>
   </trkpt>
   <trkpt lat="4.7793570" lon="-75.6441510">
    <ele>1537.1</ele>
   </trkpt>
   <trkpt lat="4.7793480" lon="-75.6441400">
    <ele>1537.1</ele>
   </trkpt>
   <trkpt lat="4.7793400" lon="-75.6441280">
    <ele>1537.1</ele>
   </trkpt>
   <trkpt lat="4.7793320" lon="-75.6441170">
    <ele>1537.1</ele>
   </trkpt>
   <trkpt lat="4.7793230" lon="-75.6441050">
    <ele>1537.0</ele>
   </trkpt>
   <trkpt lat="4.7793150" lon="-75.6440940">
    <ele>1537.0</ele>
   </trkpt>
   <trkpt lat="4.7793080" lon="-75.6440830">
    <ele>1537.0</ele>
   </trkpt>
   <trkpt lat="4.7793000" lon="-75.6440720">
    <ele>1537.0</ele>
   </trkpt>
   <trkpt lat="4.7792920" lon="-75.6440600">
    <ele>1537.0</ele>
   </trkpt>
   <trkpt lat="4.7792830" lon="-75.6440470">
    <ele>1537.0</ele>
   </trkpt>
   <trkpt lat="4.7792750" lon="-75.6440350">
    <ele>1537.0</ele>
   </trkpt>
   <trkpt lat="4.7792650" lon="-75.6440250">
    <ele>1537.0</ele>
   </trkpt>
   <trkpt lat="4.7792550" lon="-75.6440140">
    <ele>1537.0</ele>
   </trkpt>
   <trkpt lat="4.7792460" lon="-75.6440040">
    <ele>1537.0</ele>
   </trkpt>
   <trkpt lat="4.7792360" lon="-75.6439950">
    <ele>1537.0</ele>
   </trkpt>
   <trkpt lat="4.7792280" lon="-75.6439850">
    <ele>1537.0</ele>
   </trkpt>
   <trkpt lat="4.7792190" lon="-75.6439760">
    <ele>1537.0</ele>
   </trkpt>
   <trkpt lat="4.7792100" lon="-75.6439670">
    <ele>1537.0</ele>
   </trkpt>
   <trkpt lat="4.7792010" lon="-75.6439570">
    <ele>1537.0</ele>
   </trkpt>
   <trkpt lat="4.7791910" lon="-75.6439470">
    <ele>1537.1</ele>
   </trkpt>
   <trkpt lat="4.7791820" lon="-75.6439380">
    <ele>1537.1</ele>
   </trkpt>
   <trkpt lat="4.7791720" lon="-75.6439280">
    <ele>1537.1</ele>
   </trkpt>
   <trkpt lat="4.7791630" lon="-75.6439200">
    <ele>1537.1</ele>
   </trkpt>
   <trkpt lat="4.7791540" lon="-75.6439110">
    <ele>1537.1</ele>
   </trkpt>
   <trkpt lat="4.7791390" lon="-75.6438960">
    <ele>1537.2</ele>
   </trkpt>
   <trkpt lat="4.7791370" lon="-75.6438930">
    <ele>1537.2</ele>
   </trkpt>
   <trkpt lat="4.7791310" lon="-75.6438860">
    <ele>1537.2</ele>
   </trkpt>
   <trkpt lat="4.7791230" lon="-75.6438780">
    <ele>1537.2</ele>
   </trkpt>
   <trkpt lat="4.7791130" lon="-75.6438700">
    <ele>1537.3</ele>
   </trkpt>
   <trkpt lat="4.7791040" lon="-75.6438650">
    <ele>1537.3</ele>
   </trkpt>
   <trkpt lat="4.7790940" lon="-75.6438570">
    <ele>1537.3</ele>
   </trkpt>
   <trkpt lat="4.7790840" lon="-75.6438530">
    <ele>1537.3</ele>
   </trkpt>
   <trkpt lat="4.7790720" lon="-75.6438490">
    <ele>1537.4</ele>
   </trkpt>
   <trkpt lat="4.7790600" lon="-75.6438460">
    <ele>1537.4</ele>
   </trkpt>
   <trkpt lat="4.7790470" lon="-75.6438450">
    <ele>1537.4</ele>
   </trkpt>
   <trkpt lat="4.7790350" lon="-75.6438400">
    <ele>1537.5</ele>
   </trkpt>
   <trkpt lat="4.7790150" lon="-75.6438370">
    <ele>1537.6</ele>
   </trkpt>
   <trkpt lat="4.7790100" lon="-75.6438390">
    <ele>1537.6</ele>
   </trkpt>
   <trkpt lat="4.7790000" lon="-75.6438380">
    <ele>1537.6</ele>
   </trkpt>
   <trkpt lat="4.7789900" lon="-75.6438380">
    <ele>1537.6</ele>
   </trkpt>
   <trkpt lat="4.7789810" lon="-75.6438380">
    <ele>1537.7</ele>
   </trkpt>
   <trkpt lat="4.7789720" lon="-75.6438360">
    <ele>1537.7</ele>
   </trkpt>
   <trkpt lat="4.7789620" lon="-75.6438320">
    <ele>1537.7</ele>
   </trkpt>
   <trkpt lat="4.7789460" lon="-75.6438240">
    <ele>1537.8</ele>
   </trkpt>
   <trkpt lat="4.7789390" lon="-75.6438170">
    <ele>1537.8</ele>
   </trkpt>
   <trkpt lat="4.7789300" lon="-75.6438110">
    <ele>1537.9</ele>
   </trkpt>
   <trkpt lat="4.7789180" lon="-75.6438070">
    <ele>1537.9</ele>
   </trkpt>
   <trkpt lat="4.7789050" lon="-75.6438030">
    <ele>1538.0</ele>
   </trkpt>
   <trkpt lat="4.7788910" lon="-75.6437980">
    <ele>1538.1</ele>
   </trkpt>
   <trkpt lat="4.7788760" lon="-75.6437950">
    <ele>1538.1</ele>
   </trkpt>
   <trkpt lat="4.7788600" lon="-75.6437920">
    <ele>1538.2</ele>
   </trkpt>
   <trkpt lat="4.7788460" lon="-75.6437890">
    <ele>1538.3</ele>
   </trkpt>
   <trkpt lat="4.7788330" lon="-75.6437870">
    <ele>1538.4</ele>
   </trkpt>
   <trkpt lat="4.7788210" lon="-75.6437830">
    <ele>1538.4</ele>
   </trkpt>
   <trkpt lat="4.7788070" lon="-75.6437780">
    <ele>1538.5</ele>
   </trkpt>
   <trkpt lat="4.7787900" lon="-75.6437740">
    <ele>1538.6</ele>
   </trkpt>
   <trkpt lat="4.7787760" lon="-75.6437710">
    <ele>1538.7</ele>
   </trkpt>
   <trkpt lat="4.7787630" lon="-75.6437670">
    <ele>1538.8</ele>
   </trkpt>
   <trkpt lat="4.7787500" lon="-75.6437630">
    <ele>1538.8</ele>
   </trkpt>
   <trkpt lat="4.7787360" lon="-75.6437590">
    <ele>1538.9</ele>
   </trkpt>
   <trkpt lat="4.7787240" lon="-75.6437520">
    <ele>1539.0</ele>
   </trkpt>
   <trkpt lat="4.7787130" lon="-75.6437450">
    <ele>1539.1</ele>
   </trkpt>
   <trkpt lat="4.7787010" lon="-75.6437370">
    <ele>1539.2</ele>
   </trkpt>
   <trkpt lat="4.7786890" lon="-75.6437290">
    <ele>1539.3</ele>
   </trkpt>
   <trkpt lat="4.7786790" lon="-75.6437230">
    <ele>1539.3</ele>
   </trkpt>
   <trkpt lat="4.7786710" lon="-75.6437170">
    <ele>1539.4</ele>
   </trkpt>
   <trkpt lat="4.7786620" lon="-75.6437110">
    <ele>1539.5</ele>
   </trkpt>
   <trkpt lat="4.7786540" lon="-75.6437060">
    <ele>1539.5</ele>
   </trkpt>
   <trkpt lat="4.7786450" lon="-75.6437000">
    <ele>1539.6</ele>
   </trkpt>
   <trkpt lat="4.7786340" lon="-75.6436890">
    <ele>1539.7</ele>
   </trkpt>
   <trkpt lat="4.7786260" lon="-75.6436810">
    <ele>1539.8</ele>
   </trkpt>
   <trkpt lat="4.7786120" lon="-75.6436720">
    <ele>1539.9</ele>
   </trkpt>
   <trkpt lat="4.7786050" lon="-75.6436660">
    <ele>1540.0</ele>
   </trkpt>
   <trkpt lat="4.7785980" lon="-75.6436590">
    <ele>1540.0</ele>
   </trkpt>
   <trkpt lat="4.7785900" lon="-75.6436510">
    <ele>1540.1</ele>
   </trkpt>
   <trkpt lat="4.7785810" lon="-75.6436430">
    <ele>1540.2</ele>
   </trkpt>
   <trkpt lat="4.7785720" lon="-75.6436360">
    <ele>1540.3</ele>
   </trkpt>
   <trkpt lat="4.7785630" lon="-75.6436290">
    <ele>1540.3</ele>
   </trkpt>
   <trkpt lat="4.7785550" lon="-75.6436210">
    <ele>1540.4</ele>
   </trkpt>
   <trkpt lat="4.7785450" lon="-75.6436150">
    <ele>1540.5</ele>
   </trkpt>
   <trkpt lat="4.7785330" lon="-75.6436100">
    <ele>1540.6</ele>
   </trkpt>
   <trkpt lat="4.7785210" lon="-75.6436070">
    <ele>1540.7</ele>
   </trkpt>
   <trkpt lat="4.7785080" lon="-75.6436030">
    <ele>1540.8</ele>
   </trkpt>
   <trkpt lat="4.7784990" lon="-75.6436040">
    <ele>1540.9</ele>
   </trkpt>
   <trkpt lat="4.7784830" lon="-75.6436000">
    <ele>1541.0</ele>
   </trkpt>
   <trkpt lat="4.7784720" lon="-75.6435950">
    <ele>1541.1</ele>
   </trkpt>
   <trkpt lat="4.7784520" lon="-75.6435840">
    <ele>1541.3</ele>
   </trkpt>
   <trkpt lat="4.7784260" lon="-75.6435690">
    <ele>1541.5</ele>
   </trkpt>
   <trkpt lat="4.7784020" lon="-75.6435550">
    <ele>1541.7</ele>
   </trkpt>
   <trkpt lat="4.7783840" lon="-75.6435420">
    <ele>1541.9</ele>
   </trkpt>
   <trkpt lat="4.7783710" lon="-75.6435300">
    <ele>1542.1</ele>
   </trkpt>
   <trkpt lat="4.7783620" lon="-75.6435180">
    <ele>1542.2</ele>
   </trkpt>
   <trkpt lat="4.7783660" lon="-75.6435010">
    <ele>1542.3</ele>
   </trkpt>
   <trkpt lat="4.7783610" lon="-75.6434890">
    <ele>1542.4</ele>
   </trkpt>
   <trkpt lat="4.7783450" lon="-75.6434840">
    <ele>1542.6</ele>
   </trkpt>
   <trkpt lat="4.7783310" lon="-75.6434790">
    <ele>1542.7</ele>
   </trkpt>
   <trkpt lat="4.7783220" lon="-75.6434680">
    <ele>1542.8</ele>
   </trkpt>
   <trkpt lat="4.7783210" lon="-75.6434560">
    <ele>1542.9</ele>
   </trkpt>
   <trkpt lat="4.7783110" lon="-75.6434510">
    <ele>1543.0</ele>
   </trkpt>
   <trkpt lat="4.7782990" lon="-75.6434470">
    <ele>1543.1</ele>
   </trkpt>
   <trkpt lat="4.7782870" lon="-75.6434410">
    <ele>1543.2</ele>
   </trkpt>
   <trkpt lat="4.7782760" lon="-75.6434350">
    <ele>1543.2</ele>
   </trkpt>
   <trkpt lat="4.7782640" lon="-75.6434280">
    <ele>1543.3</ele>
   </trkpt>
   <trkpt lat="4.7782520" lon="-75.6434220">
    <ele>1543.4</ele>
   </trkpt>
   <trkpt lat="4.7782410" lon="-75.6434150">
    <ele>1543.5</ele>
   </trkpt>
   <trkpt lat="4.7782290" lon="-75.6434080">
    <ele>1543.6</ele>
   </trkpt>
   <trkpt lat="4.7782180" lon="-75.6434000">
    <ele>1543.7</ele>
   </trkpt>
   <trkpt lat="4.7782070" lon="-75.6433910">
    <ele>1543.8</ele>
   </trkpt>
   <trkpt lat="4.7781960" lon="-75.6433830">
    <ele>1543.9</ele>
   </trkpt>
   <trkpt lat="4.7781860" lon="-75.6433760">
    <ele>1544.0</ele>
   </trkpt>
   <trkpt lat="4.7781780" lon="-75.6433690">
    <ele>1544.0</ele>
   </trkpt>
   <trkpt lat="4.7781680" lon="-75.6433620">
    <ele>1544.1</ele>
   </trkpt>
   <trkpt lat="4.7781600" lon="-75.6433530">
    <ele>1544.2</ele>
   </trkpt>
   <trkpt lat="4.7781520" lon="-75.6433430">
    <ele>1544.2</ele>
   </trkpt>
   <trkpt lat="4.7781440" lon="-75.6433320">
    <ele>1544.3</ele>
   </trkpt>
   <trkpt lat="4.7781350" lon="-75.6433230">
    <ele>1544.4</ele>
   </trkpt>
   <trkpt lat="4.7781260" lon="-75.6433130">
    <ele>1544.5</ele>
   </trkpt>
   <trkpt lat="4.7781080" lon="-75.6432940">
    <ele>1544.6</ele>
   </trkpt>
   <trkpt lat="4.7780990" lon="-75.6432820">
    <ele>1544.7</ele>
   </trkpt>
   <trkpt lat="4.7780880" lon="-75.6432630">
    <ele>1544.8</ele>
   </trkpt>
   <trkpt lat="4.7780800" lon="-75.6432510">
    <ele>1544.9</ele>
   </trkpt>
   <trkpt lat="4.7780730" lon="-75.6432380">
    <ele>1545.0</ele>
   </trkpt>
   <trkpt lat="4.7780620" lon="-75.6432200">
    <ele>1545.1</ele>
   </trkpt>
   <trkpt lat="4.7780530" lon="-75.6432070">
    <ele>1545.2</ele>
   </trkpt>
   <trkpt lat="4.7780460" lon="-75.6431950">
    <ele>1545.2</ele>
   </trkpt>
   <trkpt lat="4.7780390" lon="-75.6431840">
    <ele>1545.3</ele>
   </trkpt>
   <trkpt lat="4.7780320" lon="-75.6431750">
    <ele>1545.4</ele>
   </trkpt>
   <trkpt lat="4.7780260" lon="-75.6431650">
    <ele>1545.4</ele>
   </trkpt>
   <trkpt lat="4.7780200" lon="-75.6431570">
    <ele>1545.5</ele>
   </trkpt>
   <trkpt lat="4.7780140" lon="-75.6431490">
    <ele>1545.6</ele>
   </trkpt>
   <trkpt lat="4.7780070" lon="-75.6431410">
    <ele>1545.6</ele>
   </trkpt>
   <trkpt lat="4.7780000" lon="-75.6431330">
    <ele>1545.7</ele>
   </trkpt>
   <trkpt lat="4.7779930" lon="-75.6431240">
    <ele>1545.8</ele>
   </trkpt>
   <trkpt lat="4.7779780" lon="-75.6431090">
    <ele>1545.9</ele>
   </trkpt>
   <trkpt lat="4.7779710" lon="-75.6430990">
    <ele>1546.0</ele>
   </trkpt>
   <trkpt lat="4.7779650" lon="-75.6430890">
    <ele>1546.0</ele>
   </trkpt>
   <trkpt lat="4.7779560" lon="-75.6430800">
    <ele>1546.1</ele>
   </trkpt>
   <trkpt lat="4.7779480" lon="-75.6430710">
    <ele>1546.2</ele>
   </trkpt>
   <trkpt lat="4.7779400" lon="-75.6430600">
    <ele>1546.3</ele>
   </trkpt>
   <trkpt lat="4.7779310" lon="-75.6430520">
    <ele>1546.4</ele>
   </trkpt>
   <trkpt lat="4.7779220" lon="-75.6430450">
    <ele>1546.5</ele>
   </trkpt>
   <trkpt lat="4.7779130" lon="-75.6430380">
    <ele>1546.6</ele>
   </trkpt>
   <trkpt lat="4.7779060" lon="-75.6430300">
    <ele>1546.6</ele>
   </trkpt>
   <trkpt lat="4.7779000" lon="-75.6430230">
    <ele>1546.7</ele>
   </trkpt>
   <trkpt lat="4.7778930" lon="-75.6430160">
    <ele>1546.8</ele>
   </trkpt>
   <trkpt lat="4.7778860" lon="-75.6430080">
    <ele>1546.9</ele>
   </trkpt>
   <trkpt lat="4.7778790" lon="-75.6430030">
    <ele>1547.0</ele>
   </trkpt>
   <trkpt lat="4.7778720" lon="-75.6429990">
    <ele>1547.0</ele>
   </trkpt>
   <trkpt lat="4.7778610" lon="-75.6429900">
    <ele>1547.1</ele>
   </trkpt>
   <trkpt lat="4.7778570" lon="-75.6429840">
    <ele>1547.2</ele>
   </trkpt>
   <trkpt lat="4.7778520" lon="-75.6429770">
    <ele>1547.3</ele>
   </trkpt>
   <trkpt lat="4.7778480" lon="-75.6429710">
    <ele>1547.3</ele>
   </trkpt>
   <trkpt lat="4.7778440" lon="-75.6429670">
    <ele>1547.4</ele>
   </trkpt>
   <trkpt lat="4.7778380" lon="-75.6429630">
    <ele>1547.4</ele>
   </trkpt>
   <trkpt lat="4.7778330" lon="-75.6429570">
    <ele>1547.5</ele>
   </trkpt>
   <trkpt lat="4.7778250" lon="-75.6429470">
    <ele>1547.6</ele>
   </trkpt>
   <trkpt lat="4.7778200" lon="-75.6429390">
    <ele>1547.7</ele>
   </trkpt>
   <trkpt lat="4.7778150" lon="-75.6429310">
    <ele>1547.7</ele>
   </trkpt>
   <trkpt lat="4.7778080" lon="-75.6429230">
    <ele>1547.8</ele>
   </trkpt>
   <trkpt lat="4.7778010" lon="-75.6429150">
    <ele>1547.9</ele>
   </trkpt>
   <trkpt lat="4.7777940" lon="-75.6429060">
    <ele>1548.0</ele>
   </trkpt>
   <trkpt lat="4.7777880" lon="-75.6428980">
    <ele>1548.1</ele>
   </trkpt>
   <trkpt lat="4.7777830" lon="-75.6428880">
    <ele>1548.1</ele>
   </trkpt>
   <trkpt lat="4.7777770" lon="-75.6428770">
    <ele>1548.2</ele>
   </trkpt>
   <trkpt lat="4.7777720" lon="-75.6428660">
    <ele>1548.3</ele>
   </trkpt>
   <trkpt lat="4.7777670" lon="-75.6428560">
    <ele>1548.4</ele>
   </trkpt>
   <trkpt lat="4.7777630" lon="-75.6428450">
    <ele>1548.5</ele>
   </trkpt>
   <trkpt lat="4.7777530" lon="-75.6428220">
    <ele>1548.7</ele>
   </trkpt>
   <trkpt lat="4.7777480" lon="-75.6428110">
    <ele>1548.7</ele>
   </trkpt>
   <trkpt lat="4.7777430" lon="-75.6427980">
    <ele>1548.8</ele>
   </trkpt>
   <trkpt lat="4.7777370" lon="-75.6427850">
    <ele>1548.9</ele>
   </trkpt>
   <trkpt lat="4.7777310" lon="-75.6427730">
    <ele>1549.0</ele>
   </trkpt>
   <trkpt lat="4.7777250" lon="-75.6427590">
    <ele>1549.0</ele>
   </trkpt>
   <trkpt lat="4.7777200" lon="-75.6427460">
    <ele>1549.1</ele>
   </trkpt>
   <trkpt lat="4.7777160" lon="-75.6427340">
    <ele>1549.2</ele>
   </trkpt>
   <trkpt lat="4.7777120" lon="-75.6427220">
    <ele>1549.2</ele>
   </trkpt>
   <trkpt lat="4.7777080" lon="-75.6427100">
    <ele>1549.3</ele>
   </trkpt>
   <trkpt lat="4.7777040" lon="-75.6426990">
    <ele>1549.3</ele>
   </trkpt>
   <trkpt lat="4.7777000" lon="-75.6426820">
    <ele>1549.4</ele>
   </trkpt>
   <trkpt lat="4.7776960" lon="-75.6426720">
    <ele>1549.4</ele>
   </trkpt>
   <trkpt lat="4.7776930" lon="-75.6426610">
    <ele>1549.5</ele>
   </trkpt>
   <trkpt lat="4.7776890" lon="-75.6426500">
    <ele>1549.5</ele>
   </trkpt>
   <trkpt lat="4.7776860" lon="-75.6426380">
    <ele>1549.6</ele>
   </trkpt>
   <trkpt lat="4.7776830" lon="-75.6426270">
    <ele>1549.6</ele>
   </trkpt>
   <trkpt lat="4.7776780" lon="-75.6426170">
    <ele>1549.6</ele>
   </trkpt>
   <trkpt lat="4.7776690" lon="-75.6426000">
    <ele>1549.7</ele>
   </trkpt>
   <trkpt lat="4.7776630" lon="-75.6425900">
    <ele>1549.7</ele>
   </trkpt>
   <trkpt lat="4.7776550" lon="-75.6425780">
    <ele>1549.8</ele>
   </trkpt>
   <trkpt lat="4.7776490" lon="-75.6425660">
    <ele>1549.8</ele>
   </trkpt>
   <trkpt lat="4.7776430" lon="-75.6425560">
    <ele>1549.8</ele>
   </trkpt>
   <trkpt lat="4.7776380" lon="-75.6425450">
    <ele>1549.9</ele>
   </trkpt>
   <trkpt lat="4.7776330" lon="-75.6425350">
    <ele>1549.9</ele>
   </trkpt>
   <trkpt lat="4.7776280" lon="-75.6425220">
    <ele>1549.9</ele>
   </trkpt>
   <trkpt lat="4.7776220" lon="-75.6425110">
    <ele>1549.9</ele>
   </trkpt>
   <trkpt lat="4.7776160" lon="-75.6424990">
    <ele>1550.0</ele>
   </trkpt>
   <trkpt lat="4.7776130" lon="-75.6424860">
    <ele>1550.0</ele>
   </trkpt>
   <trkpt lat="4.7776090" lon="-75.6424740">
    <ele>1550.0</ele>
   </trkpt>
   <trkpt lat="4.7776060" lon="-75.6424610">
    <ele>1550.0</ele>
   </trkpt>
   <trkpt lat="4.7776020" lon="-75.6424470">
    <ele>1550.1</ele>
   </trkpt>
   <trkpt lat="4.7775990" lon="-75.6424340">
    <ele>1550.1</ele>
   </trkpt>
   <trkpt lat="4.7775950" lon="-75.6424210">
    <ele>1550.1</ele>
   </trkpt>
   <trkpt lat="4.7775920" lon="-75.6424070">
    <ele>1550.1</ele>
   </trkpt>
   <trkpt lat="4.7775890" lon="-75.6423930">
    <ele>1550.1</ele>
   </trkpt>
   <trkpt lat="4.7775860" lon="-75.6423790">
    <ele>1550.2</ele>
   </trkpt>
   <trkpt lat="4.7775820" lon="-75.6423650">
    <ele>1550.2</ele>
   </trkpt>
   <trkpt lat="4.7775780" lon="-75.6423530">
    <ele>1550.2</ele>
   </trkpt>
   <trkpt lat="4.7775740" lon="-75.6423390">
    <ele>1550.2</ele>
   </trkpt>
   <trkpt lat="4.7775720" lon="-75.6423270">
    <ele>1550.2</ele>
   </trkpt>
   <trkpt lat="4.7775700" lon="-75.6423140">
    <ele>1550.3</ele>
   </trkpt>
   <trkpt lat="4.7775660" lon="-75.6423010">
    <ele>1550.3</ele>
   </trkpt>
   <trkpt lat="4.7775610" lon="-75.6422820">
    <ele>1550.3</ele>
   </trkpt>
   <trkpt lat="4.7775590" lon="-75.6422730">
    <ele>1550.3</ele>
   </trkpt>
   <trkpt lat="4.7775560" lon="-75.6422590">
    <ele>1550.4</ele>
   </trkpt>
   <trkpt lat="4.7775530" lon="-75.6422460">
    <ele>1550.4</ele>
   </trkpt>
   <trkpt lat="4.7775490" lon="-75.6422310">
    <ele>1550.4</ele>
   </trkpt>
   <trkpt lat="4.7775460" lon="-75.6422180">
    <ele>1550.4</ele>
   </trkpt>
   <trkpt lat="4.7775420" lon="-75.6422040">
    <ele>1550.5</ele>
   </trkpt>
   <trkpt lat="4.7775370" lon="-75.6421850">
    <ele>1550.5</ele>
   </trkpt>
   <trkpt lat="4.7775350" lon="-75.6421770">
    <ele>1550.5</ele>
   </trkpt>
   <trkpt lat="4.7775320" lon="-75.6421640">
    <ele>1550.5</ele>
   </trkpt>
   <trkpt lat="4.7775290" lon="-75.6421530">
    <ele>1550.6</ele>
   </trkpt>
   <trkpt lat="4.7775260" lon="-75.6421410">
    <ele>1550.6</ele>
   </trkpt>
   <trkpt lat="4.7775220" lon="-75.6421290">
    <ele>1550.6</ele>
   </trkpt>
   <trkpt lat="4.7775170" lon="-75.6421180">
    <ele>1550.6</ele>
   </trkpt>
   <trkpt lat="4.7775120" lon="-75.6421070">
    <ele>1550.6</ele>
   </trkpt>
   <trkpt lat="4.7775070" lon="-75.6420950">
    <ele>1550.7</ele>
   </trkpt>
   <trkpt lat="4.7775030" lon="-75.6420810">
    <ele>1550.7</ele>
   </trkpt>
   <trkpt lat="4.7774990" lon="-75.6420710">
    <ele>1550.7</ele>
   </trkpt>
   <trkpt lat="4.7774940" lon="-75.6420600">
    <ele>1550.7</ele>
   </trkpt>
   <trkpt lat="4.7774900" lon="-75.6420470">
    <ele>1550.7</ele>
   </trkpt>
   <trkpt lat="4.7774850" lon="-75.6420340">
    <ele>1550.8</ele>
   </trkpt>
   <trkpt lat="4.7774820" lon="-75.6420220">
    <ele>1550.8</ele>
   </trkpt>
   <trkpt lat="4.7774780" lon="-75.6420090">
    <ele>1550.8</ele>
   </trkpt>
   <trkpt lat="4.7774750" lon="-75.6419980">
    <ele>1550.8</ele>
   </trkpt>
   <trkpt lat="4.7774720" lon="-75.6419860">
    <ele>1550.8</ele>
   </trkpt>
   <trkpt lat="4.7774680" lon="-75.6419700">
    <ele>1550.9</ele>
   </trkpt>
   <trkpt lat="4.7774670" lon="-75.6419640">
    <ele>1550.9</ele>
   </trkpt>
   <trkpt lat="4.7774650" lon="-75.6419530">
    <ele>1550.9</ele>
   </trkpt>
   <trkpt lat="4.7774630" lon="-75.6419360">
    <ele>1550.9</ele>
   </trkpt>
   <trkpt lat="4.7774620" lon="-75.6419210">
    <ele>1550.9</ele>
   </trkpt>
   <trkpt lat="4.7774600" lon="-75.6419080">
    <ele>1550.9</ele>
   </trkpt>
   <trkpt lat="4.7774580" lon="-75.6418940">
    <ele>1550.9</ele>
   </trkpt>
   <trkpt lat="4.7774550" lon="-75.6418820">
    <ele>1551.0</ele>
   </trkpt>
   <trkpt lat="4.7774510" lon="-75.6418700">
    <ele>1551.0</ele>
   </trkpt>
   <trkpt lat="4.7774470" lon="-75.6418570">
    <ele>1551.0</ele>
   </trkpt>
   <trkpt lat="4.7774430" lon="-75.6418440">
    <ele>1551.0</ele>
   </trkpt>
   <trkpt lat="4.7774380" lon="-75.6418300">
    <ele>1551.0</ele>
   </trkpt>
   <trkpt lat="4.7774340" lon="-75.6418180">
    <ele>1551.0</ele>
   </trkpt>
   <trkpt lat="4.7774310" lon="-75.6418040">
    <ele>1551.0</ele>
   </trkpt>
   <trkpt lat="4.7774300" lon="-75.6417900">
    <ele>1551.0</ele>
   </trkpt>
   <trkpt lat="4.7774300" lon="-75.6417770">
    <ele>1551.0</ele>
   </trkpt>
   <trkpt lat="4.7774290" lon="-75.6417640">
    <ele>1551.0</ele>
   </trkpt>
   <trkpt lat="4.7774320" lon="-75.6417450">
    <ele>1551.0</ele>
   </trkpt>
   <trkpt lat="4.7774330" lon="-75.6417370">
    <ele>1551.0</ele>
   </trkpt>
   <trkpt lat="4.7774330" lon="-75.6417260">
    <ele>1551.0</ele>
   </trkpt>
   <trkpt lat="4.7774350" lon="-75.6417140">
    <ele>1551.0</ele>
   </trkpt>
   <trkpt lat="4.7774350" lon="-75.6417020">
    <ele>1551.0</ele>
   </trkpt>
   <trkpt lat="4.7774340" lon="-75.6416870">
    <ele>1551.0</ele>
   </trkpt>
   <trkpt lat="4.7774290" lon="-75.6416740">
    <ele>1550.9</ele>
   </trkpt>
   <trkpt lat="4.7774240" lon="-75.6416610">
    <ele>1550.9</ele>
   </trkpt>
   <trkpt lat="4.7774200" lon="-75.6416490">
    <ele>1550.9</ele>
   </trkpt>
   <trkpt lat="4.7774150" lon="-75.6416340">
    <ele>1550.9</ele>
   </trkpt>
   <trkpt lat="4.7774120" lon="-75.6416230">
    <ele>1550.9</ele>
   </trkpt>
   <trkpt lat="4.7774090" lon="-75.6416120">
    <ele>1550.9</ele>
   </trkpt>
   <trkpt lat="4.7774080" lon="-75.6416010">
    <ele>1550.9</ele>
   </trkpt>
   <trkpt lat="4.7774070" lon="-75.6415870">
    <ele>1550.8</ele>
   </trkpt>
   <trkpt lat="4.7774090" lon="-75.6415730">
    <ele>1550.8</ele>
   </trkpt>
   <trkpt lat="4.7774100" lon="-75.6415600">
    <ele>1550.8</ele>
   </trkpt>
   <trkpt lat="4.7774040" lon="-75.6415470">
    <ele>1550.8</ele>
   </trkpt>
   <trkpt lat="4.7773980" lon="-75.6415350">
    <ele>1550.7</ele>
   </trkpt>
   <trkpt lat="4.7773930" lon="-75.6415240">
    <ele>1550.7</ele>
   </trkpt>
   <trkpt lat="4.7773890" lon="-75.6415120">
    <ele>1550.7</ele>
   </trkpt>
   <trkpt lat="4.7773860" lon="-75.6415010">
    <ele>1550.7</ele>
   </trkpt>
   <trkpt lat="4.7773860" lon="-75.6414890">
    <ele>1550.7</ele>
   </trkpt>
   <trkpt lat="4.7773880" lon="-75.6414760">
    <ele>1550.6</ele>
   </trkpt>
   <trkpt lat="4.7773880" lon="-75.6414630">
    <ele>1550.6</ele>
   </trkpt>
   <trkpt lat="4.7773880" lon="-75.6414510">
    <ele>1550.6</ele>
   </trkpt>
   <trkpt lat="4.7773880" lon="-75.6414390">
    <ele>1550.6</ele>
   </trkpt>
   <trkpt lat="4.7773860" lon="-75.6414190">
    <ele>1550.5</ele>
   </trkpt>
   <trkpt lat="4.7773830" lon="-75.6414130">
    <ele>1550.5</ele>
   </trkpt>
   <trkpt lat="4.7773800" lon="-75.6414010">
    <ele>1550.5</ele>
   </trkpt>
   <trkpt lat="4.7773760" lon="-75.6413880">
    <ele>1550.5</ele>
   </trkpt>
   <trkpt lat="4.7773730" lon="-75.6413750">
    <ele>1550.5</ele>
   </trkpt>
   <trkpt lat="4.7773680" lon="-75.6413630">
    <ele>1550.4</ele>
   </trkpt>
   <trkpt lat="4.7773640" lon="-75.6413510">
    <ele>1550.4</ele>
   </trkpt>
   <trkpt lat="4.7773610" lon="-75.6413370">
    <ele>1550.4</ele>
   </trkpt>
   <trkpt lat="4.7773580" lon="-75.6413240">
    <ele>1550.4</ele>
   </trkpt>
   <trkpt lat="4.7773550" lon="-75.6413120">
    <ele>1550.4</ele>
   </trkpt>
   <trkpt lat="4.7773500" lon="-75.6412990">
    <ele>1550.4</ele>
   </trkpt>
   <trkpt lat="4.7773460" lon="-75.6412860">
    <ele>1550.3</ele>
   </trkpt>
   <trkpt lat="4.7773420" lon="-75.6412720">
    <ele>1550.3</ele>
   </trkpt>
   <trkpt lat="4.7773320" lon="-75.6412500">
    <ele>1550.3</ele>
   </trkpt>
   <trkpt lat="4.7773220" lon="-75.6412270">
    <ele>1550.2</ele>
   </trkpt>
   <trkpt lat="4.7773130" lon="-75.6412030">
    <ele>1550.2</ele>
   </trkpt>
   <trkpt lat="4.7773030" lon="-75.6411790">
    <ele>1550.2</ele>
   </trkpt>
   <trkpt lat="4.7772940" lon="-75.6411540">
    <ele>1550.1</ele>
   </trkpt>
   <trkpt lat="4.7772850" lon="-75.6411290">
    <ele>1550.1</ele>
   </trkpt>
   <trkpt lat="4.7772780" lon="-75.6411020">
    <ele>1550.1</ele>
   </trkpt>
   <trkpt lat="4.7772700" lon="-75.6410760">
    <ele>1550.1</ele>
   </trkpt>
   <trkpt lat="4.7772620" lon="-75.6410520">
    <ele>1550.1</ele>
   </trkpt>
   <trkpt lat="4.7772530" lon="-75.6410250">
    <ele>1550.1</ele>
   </trkpt>
   <trkpt lat="4.7772480" lon="-75.6409980">
    <ele>1550.0</ele>
   </trkpt>
   <trkpt lat="4.7772440" lon="-75.6409710">
    <ele>1550.0</ele>
   </trkpt>
   <trkpt lat="4.7772400" lon="-75.6409460">
    <ele>1550.0</ele>
   </trkpt>
   <trkpt lat="4.7772350" lon="-75.6409210">
    <ele>1550.0</ele>
   </trkpt>
   <trkpt lat="4.7772260" lon="-75.6408940">
    <ele>1550.0</ele>
   </trkpt>
   <trkpt lat="4.7772180" lon="-75.6408730">
    <ele>1550.0</ele>
   </trkpt>
   <trkpt lat="4.7772100" lon="-75.6408440">
    <ele>1550.0</ele>
   </trkpt>
   <trkpt lat="4.7772050" lon="-75.6408210">
    <ele>1550.0</ele>
   </trkpt>
   <trkpt lat="4.7771990" lon="-75.6407970">
    <ele>1550.0</ele>
   </trkpt>
   <trkpt lat="4.7771910" lon="-75.6407760">
    <ele>1550.0</ele>
   </trkpt>
   <trkpt lat="4.7771840" lon="-75.6407530">
    <ele>1550.1</ele>
   </trkpt>
   <trkpt lat="4.7771790" lon="-75.6407320">
    <ele>1550.1</ele>
   </trkpt>
   <trkpt lat="4.7771730" lon="-75.6407110">
    <ele>1550.1</ele>
   </trkpt>
   <trkpt lat="4.7771630" lon="-75.6406840">
    <ele>1550.1</ele>
   </trkpt>
   <trkpt lat="4.7771570" lon="-75.6406610">
    <ele>1550.1</ele>
   </trkpt>
   <trkpt lat="4.7771510" lon="-75.6406400">
    <ele>1550.1</ele>
   </trkpt>
   <trkpt lat="4.7771420" lon="-75.6406210">
    <ele>1550.1</ele>
   </trkpt>
   <trkpt lat="4.7771350" lon="-75.6406010">
    <ele>1550.2</ele>
   </trkpt>
   <trkpt lat="4.7771300" lon="-75.6405820">
    <ele>1550.2</ele>
   </trkpt>
   <trkpt lat="4.7771250" lon="-75.6405620">
    <ele>1550.2</ele>
   </trkpt>
   <trkpt lat="4.7771120" lon="-75.6405210">
    <ele>1550.2</ele>
   </trkpt>
   <trkpt lat="4.7771040" lon="-75.6404960">
    <ele>1550.3</ele>
   </trkpt>
   <trkpt lat="4.7770960" lon="-75.6404690">
    <ele>1550.3</ele>
   </trkpt>
   <trkpt lat="4.7770930" lon="-75.6404480">
    <ele>1550.3</ele>
   </trkpt>
   <trkpt lat="4.7770880" lon="-75.6404200">
    <ele>1550.4</ele>
   </trkpt>
   <trkpt lat="4.7770810" lon="-75.6403990">
    <ele>1550.4</ele>
   </trkpt>
   <trkpt lat="4.7770730" lon="-75.6403790">
    <ele>1550.4</ele>
   </trkpt>
   <trkpt lat="4.7770650" lon="-75.6403590">
    <ele>1550.4</ele>
   </trkpt>
   <trkpt lat="4.7770560" lon="-75.6403390">
    <ele>1550.5</ele>
   </trkpt>
   <trkpt lat="4.7770490" lon="-75.6403180">
    <ele>1550.5</ele>
   </trkpt>
   <trkpt lat="4.7770390" lon="-75.6402900">
    <ele>1550.6</ele>
   </trkpt>
   <trkpt lat="4.7770350" lon="-75.6402680">
    <ele>1550.6</ele>
   </trkpt>
   <trkpt lat="4.7770280" lon="-75.6402470">
    <ele>1550.7</ele>
   </trkpt>
   <trkpt lat="4.7770180" lon="-75.6402210">
    <ele>1550.7</ele>
   </trkpt>
   <trkpt lat="4.7770130" lon="-75.6402020">
    <ele>1550.8</ele>
   </trkpt>
   <trkpt lat="4.7770060" lon="-75.6401830">
    <ele>1550.8</ele>
   </trkpt>
   <trkpt lat="4.7769960" lon="-75.6401570">
    <ele>1550.9</ele>
   </trkpt>
   <trkpt lat="4.7769900" lon="-75.6401360">
    <ele>1550.9</ele>
   </trkpt>
   <trkpt lat="4.7769830" lon="-75.6401180">
    <ele>1551.0</ele>
   </trkpt>
   <trkpt lat="4.7769760" lon="-75.6400960">
    <ele>1551.1</ele>
   </trkpt>
   <trkpt lat="4.7769690" lon="-75.6400770">
    <ele>1551.1</ele>
   </trkpt>
   <trkpt lat="4.7769630" lon="-75.6400580">
    <ele>1551.2</ele>
   </trkpt>
   <trkpt lat="4.7769550" lon="-75.6400390">
    <ele>1551.2</ele>
   </trkpt>
   <trkpt lat="4.7769470" lon="-75.6400150">
    <ele>1551.3</ele>
   </trkpt>
   <trkpt lat="4.7769420" lon="-75.6399990">
    <ele>1551.4</ele>
   </trkpt>
   <trkpt lat="4.7769340" lon="-75.6399790">
    <ele>1551.4</ele>
   </trkpt>
   <trkpt lat="4.7769260" lon="-75.6399580">
    <ele>1551.5</ele>
   </trkpt>
   <trkpt lat="4.7769150" lon="-75.6399370">
    <ele>1551.6</ele>
   </trkpt>
   <trkpt lat="4.7769050" lon="-75.6399170">
    <ele>1551.7</ele>
   </trkpt>
   <trkpt lat="4.7769000" lon="-75.6398990">
    <ele>1551.7</ele>
   </trkpt>
   <trkpt lat="4.7768850" lon="-75.6398780">
    <ele>1551.8</ele>
   </trkpt>
   <trkpt lat="4.7768740" lon="-75.6398610">
    <ele>1551.9</ele>
   </trkpt>
   <trkpt lat="4.7768650" lon="-75.6398430">
    <ele>1552.0</ele>
   </trkpt>
   <trkpt lat="4.7768550" lon="-75.6398250">
    <ele>1552.1</ele>
   </trkpt>
   <trkpt lat="4.7768470" lon="-75.6398070">
    <ele>1552.1</ele>
   </trkpt>
   <trkpt lat="4.7768390" lon="-75.6397880">
    <ele>1552.2</ele>
   </trkpt>
   <trkpt lat="4.7768300" lon="-75.6397680">
    <ele>1552.3</ele>
   </trkpt>
   <trkpt lat="4.7768240" lon="-75.6397490">
    <ele>1552.4</ele>
   </trkpt>
   <trkpt lat="4.7768180" lon="-75.6397290">
    <ele>1552.4</ele>
   </trkpt>
   <trkpt lat="4.7768100" lon="-75.6397090">
    <ele>1552.5</ele>
   </trkpt>
   <trkpt lat="4.7768030" lon="-75.6396890">
    <ele>1552.6</ele>
   </trkpt>
   <trkpt lat="4.7767950" lon="-75.6396670">
    <ele>1552.7</ele>
   </trkpt>
   <trkpt lat="4.7767860" lon="-75.6396470">
    <ele>1552.8</ele>
   </trkpt>
   <trkpt lat="4.7767730" lon="-75.6396170">
    <ele>1552.9</ele>
   </trkpt>
   <trkpt lat="4.7767670" lon="-75.6396070">
    <ele>1552.9</ele>
   </trkpt>
   <trkpt lat="4.7767570" lon="-75.6395880">
    <ele>1553.0</ele>
   </trkpt>
   <trkpt lat="4.7767460" lon="-75.6395710">
    <ele>1553.1</ele>
   </trkpt>
   <trkpt lat="4.7767350" lon="-75.6395520">
    <ele>1553.1</ele>
   </trkpt>
   <trkpt lat="4.7767250" lon="-75.6395260">
    <ele>1553.2</ele>
   </trkpt>
   <trkpt lat="4.7767210" lon="-75.6395050">
    <ele>1553.3</ele>
   </trkpt>
   <trkpt lat="4.7767130" lon="-75.6394850">
    <ele>1553.4</ele>
   </trkpt>
   <trkpt lat="4.7767080" lon="-75.6394650">
    <ele>1553.4</ele>
   </trkpt>
   <trkpt lat="4.7767040" lon="-75.6394450">
    <ele>1553.5</ele>
   </trkpt>
   <trkpt lat="4.7766970" lon="-75.6394250">
    <ele>1553.6</ele>
   </trkpt>
   <trkpt lat="4.7766900" lon="-75.6394070">
    <ele>1553.6</ele>
   </trkpt>
   <trkpt lat="4.7766820" lon="-75.6393900">
    <ele>1553.7</ele>
   </trkpt>
   <trkpt lat="4.7766740" lon="-75.6393730">
    <ele>1553.7</ele>
   </trkpt>
   <trkpt lat="4.7766650" lon="-75.6393570">
    <ele>1553.8</ele>
   </trkpt>
   <trkpt lat="4.7766520" lon="-75.6393340">
    <ele>1553.9</ele>
   </trkpt>
   <trkpt lat="4.7766420" lon="-75.6393150">
    <ele>1554.0</ele>
   </trkpt>
   <trkpt lat="4.7766360" lon="-75.6392980">
    <ele>1554.0</ele>
   </trkpt>
   <trkpt lat="4.7766280" lon="-75.6392770">
    <ele>1554.1</ele>
   </trkpt>
   <trkpt lat="4.7766190" lon="-75.6392570">
    <ele>1554.1</ele>
   </trkpt>
   <trkpt lat="4.7766080" lon="-75.6392360">
    <ele>1554.2</ele>
   </trkpt>
   <trkpt lat="4.7766000" lon="-75.6392160">
    <ele>1554.3</ele>
   </trkpt>
   <trkpt lat="4.7765880" lon="-75.6391970">
    <ele>1554.3</ele>
   </trkpt>
   <trkpt lat="4.7765740" lon="-75.6391730">
    <ele>1554.4</ele>
   </trkpt>
   <trkpt lat="4.7765650" lon="-75.6391540">
    <ele>1554.5</ele>
   </trkpt>
   <trkpt lat="4.7765580" lon="-75.6391350">
    <ele>1554.5</ele>
   </trkpt>
   <trkpt lat="4.7765520" lon="-75.6391150">
    <ele>1554.6</ele>
   </trkpt>
   <trkpt lat="4.7765480" lon="-75.6390950">
    <ele>1554.6</ele>
   </trkpt>
   <trkpt lat="4.7765410" lon="-75.6390720">
    <ele>1554.7</ele>
   </trkpt>
   <trkpt lat="4.7765300" lon="-75.6390490">
    <ele>1554.8</ele>
   </trkpt>
   <trkpt lat="4.7765300" lon="-75.6390490">
    <ele>1554.8</ele>
   </trkpt>
   <trkpt lat="4.7765300" lon="-75.6390490">
    <ele>1554.8</ele>
   </trkpt>
   <trkpt lat="4.7765200" lon="-75.6390290">
    <ele>1554.8</ele>
   </trkpt>
   <trkpt lat="4.7765200" lon="-75.6390290">
    <ele>1554.8</ele>
   </trkpt>
   <trkpt lat="4.7765200" lon="-75.6390290">
    <ele>1554.8</ele>
   </trkpt>
   <trkpt lat="4.7765100" lon="-75.6390070">
    <ele>1554.9</ele>
   </trkpt>
   <trkpt lat="4.7765100" lon="-75.6390070">
    <ele>1554.9</ele>
   </trkpt>
   <trkpt lat="4.7765000" lon="-75.6389870">
    <ele>1555.0</ele>
   </trkpt>
   <trkpt lat="4.7764960" lon="-75.6389780">
    <ele>1555.0</ele>
   </trkpt>
   <trkpt lat="4.7764910" lon="-75.6389690">
    <ele>1555.0</ele>
   </trkpt>
   <trkpt lat="4.7764870" lon="-75.6389600">
    <ele>1555.0</ele>
   </trkpt>
   <trkpt lat="4.7764870" lon="-75.6389600">
    <ele>1555.0</ele>
   </trkpt>
   <trkpt lat="4.7764870" lon="-75.6389600">
    <ele>1555.0</ele>
   </trkpt>
   <trkpt lat="4.7764740" lon="-75.6389340">
    <ele>1555.1</ele>
   </trkpt>
   <trkpt lat="4.7764700" lon="-75.6389240">
    <ele>1555.1</ele>
   </trkpt>
   <trkpt lat="4.7764660" lon="-75.6389150">
    <ele>1555.2</ele>
   </trkpt>
   <trkpt lat="4.7764610" lon="-75.6389060">
    <ele>1555.2</ele>
   </trkpt>
   <trkpt lat="4.7764610" lon="-75.6389060">
    <ele>1555.2</ele>
   </trkpt>
   <trkpt lat="4.7764510" lon="-75.6388860">
    <ele>1555.2</ele>
   </trkpt>
   <trkpt lat="4.7764510" lon="-75.6388860">
    <ele>1555.2</ele>
   </trkpt>
   <trkpt lat="4.7764410" lon="-75.6388630">
    <ele>1555.3</ele>
   </trkpt>
   <trkpt lat="4.7764360" lon="-75.6388540">
    <ele>1555.3</ele>
   </trkpt>
   <trkpt lat="4.7764310" lon="-75.6388440">
    <ele>1555.4</ele>
   </trkpt>
   <trkpt lat="4.7764270" lon="-75.6388350">
    <ele>1555.4</ele>
   </trkpt>
   <trkpt lat="4.7764270" lon="-75.6388350">
    <ele>1555.4</ele>
   </trkpt>
   <trkpt lat="4.7764180" lon="-75.6388160">
    <ele>1555.4</ele>
   </trkpt>
   <trkpt lat="4.7764180" lon="-75.6388160">
    <ele>1555.4</ele>
   </trkpt>
   <trkpt lat="4.7764180" lon="-75.6388160">
    <ele>1555.4</ele>
   </trkpt>
   <trkpt lat="4.7764060" lon="-75.6387920">
    <ele>1555.5</ele>
   </trkpt>
   <trkpt lat="4.7764060" lon="-75.6387920">
    <ele>1555.5</ele>
   </trkpt>
   <trkpt lat="4.7764060" lon="-75.6387920">
    <ele>1555.5</ele>
   </trkpt>
   <trkpt lat="4.7764060" lon="-75.6387920">
    <ele>1555.5</ele>
   </trkpt>
   <trkpt lat="4.7764060" lon="-75.6387920">
    <ele>1555.5</ele>
   </trkpt>
   <trkpt lat="4.7764060" lon="-75.6387920">
    <ele>1555.5</ele>
   </trkpt>
   <trkpt lat="4.7763960" lon="-75.6387700">
    <ele>1555.6</ele>
   </trkpt>
   <trkpt lat="4.7763960" lon="-75.6387700">
    <ele>1555.6</ele>
   </trkpt>
   <trkpt lat="4.7763960" lon="-75.6387700">
    <ele>1555.6</ele>
   </trkpt>
   <trkpt lat="4.7763860" lon="-75.6387490">
    <ele>1555.6</ele>
   </trkpt>
   <trkpt lat="4.7763600" lon="-75.6386960">
    <ele>1555.8</ele>
   </trkpt>
   <trkpt lat="4.7763530" lon="-75.6386200">
    <ele>1556.0</ele>
   </trkpt>
   <trkpt lat="4.7763440" lon="-75.6386000">
    <ele>1556.1</ele>
   </trkpt>
   <trkpt lat="4.7763360" lon="-75.6385840">
    <ele>1556.2</ele>
   </trkpt>
   <trkpt lat="4.7763400" lon="-75.6385720">
    <ele>1556.2</ele>
   </trkpt>
   <trkpt lat="4.7763350" lon="-75.6385570">
    <ele>1556.2</ele>
   </trkpt>
   <trkpt lat="4.7763260" lon="-75.6385460">
    <ele>1556.3</ele>
   </trkpt>
   <trkpt lat="4.7763130" lon="-75.6385320">
    <ele>1556.3</ele>
   </trkpt>
   <trkpt lat="4.7763060" lon="-75.6385230">
    <ele>1556.4</ele>
   </trkpt>
   <trkpt lat="4.7763040" lon="-75.6385170">
    <ele>1556.4</ele>
   </trkpt>
   <trkpt lat="4.7763030" lon="-75.6385130">
    <ele>1556.4</ele>
   </trkpt>
   <trkpt lat="4.7763020" lon="-75.6385060">
    <ele>1556.4</ele>
   </trkpt>
   <trkpt lat="4.7762970" lon="-75.6384960">
    <ele>1556.4</ele>
   </trkpt>
   <trkpt lat="4.7763060" lon="-75.6384930">
    <ele>1556.5</ele>
   </trkpt>
   <trkpt lat="4.7763070" lon="-75.6384930">
    <ele>1556.5</ele>
   </trkpt>
   <trkpt lat="4.7763050" lon="-75.6384900">
    <ele>1556.5</ele>
   </trkpt>
   <trkpt lat="4.7763080" lon="-75.6384870">
    <ele>1556.5</ele>
   </trkpt>
   <trkpt lat="4.7763110" lon="-75.6384850">
    <ele>1556.5</ele>
   </trkpt>
   <trkpt lat="4.7763100" lon="-75.6384810">
    <ele>1556.5</ele>
   </trkpt>
   <trkpt lat="4.7763090" lon="-75.6384710">
    <ele>1556.5</ele>
   </trkpt>
   <trkpt lat="4.7763070" lon="-75.6384590">
    <ele>1556.6</ele>
   </trkpt>
   <trkpt lat="4.7763040" lon="-75.6384480">
    <ele>1556.6</ele>
   </trkpt>
   <trkpt lat="4.7762910" lon="-75.6384350">
    <ele>1556.6</ele>
   </trkpt>
   <trkpt lat="4.7762830" lon="-75.6384290">
    <ele>1556.6</ele>
   </trkpt>
   <trkpt lat="4.7762730" lon="-75.6384240">
    <ele>1556.7</ele>
   </trkpt>
   <trkpt lat="4.7762620" lon="-75.6384200">
    <ele>1556.7</ele>
   </trkpt>
   <trkpt lat="4.7762510" lon="-75.6384180">
    <ele>1556.7</ele>
   </trkpt>
   <trkpt lat="4.7762400" lon="-75.6384070">
    <ele>1556.7</ele>
   </trkpt>
   <trkpt lat="4.7762330" lon="-75.6383920">
    <ele>1556.8</ele>
   </trkpt>
   <trkpt lat="4.7762280" lon="-75.6383770">
    <ele>1556.8</ele>
   </trkpt>
   <trkpt lat="4.7762230" lon="-75.6383610">
    <ele>1556.8</ele>
   </trkpt>
   <trkpt lat="4.7762190" lon="-75.6383470">
    <ele>1556.9</ele>
   </trkpt>
   <trkpt lat="4.7762150" lon="-75.6383340">
    <ele>1556.9</ele>
   </trkpt>
   <trkpt lat="4.7762120" lon="-75.6383220">
    <ele>1556.9</ele>
   </trkpt>
   <trkpt lat="4.7762100" lon="-75.6383100">
    <ele>1556.9</ele>
   </trkpt>
   <trkpt lat="4.7762090" lon="-75.6382970">
    <ele>1557.0</ele>
   </trkpt>
   <trkpt lat="4.7762080" lon="-75.6382850">
    <ele>1557.0</ele>
   </trkpt>
   <trkpt lat="4.7762080" lon="-75.6382720">
    <ele>1557.0</ele>
   </trkpt>
   <trkpt lat="4.7762080" lon="-75.6382530">
    <ele>1557.0</ele>
   </trkpt>
   <trkpt lat="4.7762080" lon="-75.6382460">
    <ele>1557.1</ele>
   </trkpt>
   <trkpt lat="4.7762060" lon="-75.6382360">
    <ele>1557.1</ele>
   </trkpt>
   <trkpt lat="4.7762020" lon="-75.6382240">
    <ele>1557.1</ele>
   </trkpt>
   <trkpt lat="4.7761950" lon="-75.6382120">
    <ele>1557.1</ele>
   </trkpt>
   <trkpt lat="4.7761870" lon="-75.6382010">
    <ele>1557.1</ele>
   </trkpt>
   <trkpt lat="4.7761750" lon="-75.6381870">
    <ele>1557.2</ele>
   </trkpt>
   <trkpt lat="4.7761700" lon="-75.6381800">
    <ele>1557.2</ele>
   </trkpt>
   <trkpt lat="4.7761620" lon="-75.6381690">
    <ele>1557.2</ele>
   </trkpt>
   <trkpt lat="4.7761540" lon="-75.6381570">
    <ele>1557.3</ele>
   </trkpt>
   <trkpt lat="4.7761450" lon="-75.6381460">
    <ele>1557.3</ele>
   </trkpt>
   <trkpt lat="4.7761360" lon="-75.6381360">
    <ele>1557.3</ele>
   </trkpt>
   <trkpt lat="4.7761250" lon="-75.6381240">
    <ele>1557.3</ele>
   </trkpt>
   <trkpt lat="4.7761150" lon="-75.6381140">
    <ele>1557.4</ele>
   </trkpt>
   <trkpt lat="4.7761070" lon="-75.6381020">
    <ele>1557.4</ele>
   </trkpt>
   <trkpt lat="4.7761010" lon="-75.6380900">
    <ele>1557.4</ele>
   </trkpt>
   <trkpt lat="4.7760940" lon="-75.6380770">
    <ele>1557.5</ele>
   </trkpt>
   <trkpt lat="4.7760860" lon="-75.6380660">
    <ele>1557.5</ele>
   </trkpt>
   <trkpt lat="4.7760780" lon="-75.6380530">
    <ele>1557.5</ele>
   </trkpt>
   <trkpt lat="4.7760700" lon="-75.6380380">
    <ele>1557.5</ele>
   </trkpt>
   <trkpt lat="4.7760640" lon="-75.6380240">
    <ele>1557.6</ele>
   </trkpt>
   <trkpt lat="4.7760580" lon="-75.6380110">
    <ele>1557.6</ele>
   </trkpt>
   <trkpt lat="4.7760530" lon="-75.6379970">
    <ele>1557.6</ele>
   </trkpt>
   <trkpt lat="4.7760480" lon="-75.6379840">
    <ele>1557.7</ele>
   </trkpt>
   <trkpt lat="4.7760450" lon="-75.6379670">
    <ele>1557.7</ele>
   </trkpt>
   <trkpt lat="4.7760410" lon="-75.6379540">
    <ele>1557.8</ele>
   </trkpt>
   <trkpt lat="4.7760360" lon="-75.6379420">
    <ele>1557.8</ele>
   </trkpt>
   <trkpt lat="4.7760330" lon="-75.6379290">
    <ele>1557.8</ele>
   </trkpt>
   <trkpt lat="4.7760310" lon="-75.6379170">
    <ele>1557.8</ele>
   </trkpt>
   <trkpt lat="4.7760290" lon="-75.6379050">
    <ele>1557.9</ele>
   </trkpt>
   <trkpt lat="4.7760270" lon="-75.6378940">
    <ele>1557.9</ele>
   </trkpt>
   <trkpt lat="4.7760250" lon="-75.6378820">
    <ele>1557.9</ele>
   </trkpt>
   <trkpt lat="4.7760200" lon="-75.6378720">
    <ele>1557.9</ele>
   </trkpt>
   <trkpt lat="4.7760120" lon="-75.6378610">
    <ele>1558.0</ele>
   </trkpt>
   <trkpt lat="4.7760080" lon="-75.6378500">
    <ele>1558.0</ele>
   </trkpt>
   <trkpt lat="4.7760020" lon="-75.6378380">
    <ele>1558.0</ele>
   </trkpt>
   <trkpt lat="4.7759960" lon="-75.6378270">
    <ele>1558.1</ele>
   </trkpt>
   <trkpt lat="4.7759910" lon="-75.6378170">
    <ele>1558.1</ele>
   </trkpt>
   <trkpt lat="4.7759860" lon="-75.6378070">
    <ele>1558.1</ele>
   </trkpt>
   <trkpt lat="4.7759790" lon="-75.6377940">
    <ele>1558.2</ele>
   </trkpt>
   <trkpt lat="4.7759730" lon="-75.6377870">
    <ele>1558.2</ele>
   </trkpt>
   <trkpt lat="4.7759620" lon="-75.6377800">
    <ele>1558.2</ele>
   </trkpt>
   <trkpt lat="4.7759460" lon="-75.6377770">
    <ele>1558.3</ele>
   </trkpt>
   <trkpt lat="4.7759350" lon="-75.6377690">
    <ele>1558.3</ele>
   </trkpt>
   <trkpt lat="4.7759220" lon="-75.6377540">
    <ele>1558.4</ele>
   </trkpt>
   <trkpt lat="4.7759160" lon="-75.6377480">
    <ele>1558.4</ele>
   </trkpt>
   <trkpt lat="4.7759100" lon="-75.6377370">
    <ele>1558.5</ele>
   </trkpt>
   <trkpt lat="4.7759070" lon="-75.6377240">
    <ele>1558.5</ele>
   </trkpt>
   <trkpt lat="4.7759130" lon="-75.6377090">
    <ele>1558.6</ele>
   </trkpt>
   <trkpt lat="4.7759220" lon="-75.6376960">
    <ele>1558.6</ele>
   </trkpt>
   <trkpt lat="4.7759190" lon="-75.6376820">
    <ele>1558.7</ele>
   </trkpt>
   <trkpt lat="4.7759090" lon="-75.6376720">
    <ele>1558.7</ele>
   </trkpt>
   <trkpt lat="4.7758970" lon="-75.6376630">
    <ele>1558.8</ele>
   </trkpt>
   <trkpt lat="4.7758870" lon="-75.6376530">
    <ele>1558.8</ele>
   </trkpt>
   <trkpt lat="4.7758810" lon="-75.6376400">
    <ele>1558.9</ele>
   </trkpt>
   <trkpt lat="4.7758760" lon="-75.6376260">
    <ele>1558.9</ele>
   </trkpt>
   <trkpt lat="4.7758740" lon="-75.6376090">
    <ele>1559.0</ele>
   </trkpt>
   <trkpt lat="4.7758690" lon="-75.6375900">
    <ele>1559.1</ele>
   </trkpt>
   <trkpt lat="4.7758640" lon="-75.6375780">
    <ele>1559.1</ele>
   </trkpt>
   <trkpt lat="4.7758610" lon="-75.6375650">
    <ele>1559.2</ele>
   </trkpt>
   <trkpt lat="4.7758620" lon="-75.6375510">
    <ele>1559.2</ele>
   </trkpt>
   <trkpt lat="4.7758590" lon="-75.6375380">
    <ele>1559.3</ele>
   </trkpt>
   <trkpt lat="4.7758560" lon="-75.6375270">
    <ele>1559.3</ele>
   </trkpt>
   <trkpt lat="4.7758490" lon="-75.6375130">
    <ele>1559.4</ele>
   </trkpt>
   <trkpt lat="4.7758450" lon="-75.6375000">
    <ele>1559.4</ele>
   </trkpt>
   <trkpt lat="4.7758410" lon="-75.6374870">
    <ele>1559.5</ele>
   </trkpt>
   <trkpt lat="4.7758370" lon="-75.6374740">
    <ele>1559.6</ele>
   </trkpt>
   <trkpt lat="4.7758330" lon="-75.6374600">
    <ele>1559.6</ele>
   </trkpt>
   <trkpt lat="4.7758290" lon="-75.6374480">
    <ele>1559.7</ele>
   </trkpt>
   <trkpt lat="4.7758230" lon="-75.6374290">
    <ele>1559.7</ele>
   </trkpt>
   <trkpt lat="4.7758200" lon="-75.6374190">
    <ele>1559.8</ele>
   </trkpt>
   <trkpt lat="4.7758120" lon="-75.6374060">
    <ele>1559.8</ele>
   </trkpt>
   <trkpt lat="4.7758050" lon="-75.6373930">
    <ele>1559.9</ele>
   </trkpt>
   <trkpt lat="4.7757990" lon="-75.6373800">
    <ele>1560.0</ele>
   </trkpt>
   <trkpt lat="4.7757920" lon="-75.6373670">
    <ele>1560.0</ele>
   </trkpt>
   <trkpt lat="4.7757840" lon="-75.6373520">
    <ele>1560.1</ele>
   </trkpt>
   <trkpt lat="4.7757750" lon="-75.6373400">
    <ele>1560.1</ele>
   </trkpt>
   <trkpt lat="4.7757640" lon="-75.6373270">
    <ele>1560.2</ele>
   </trkpt>
   <trkpt lat="4.7757520" lon="-75.6373180">
    <ele>1560.2</ele>
   </trkpt>
   <trkpt lat="4.7757400" lon="-75.6373090">
    <ele>1560.3</ele>
   </trkpt>
   <trkpt lat="4.7757280" lon="-75.6373000">
    <ele>1560.3</ele>
   </trkpt>
   <trkpt lat="4.7757170" lon="-75.6372900">
    <ele>1560.4</ele>
   </trkpt>
   <trkpt lat="4.7757060" lon="-75.6372780">
    <ele>1560.4</ele>
   </trkpt>
   <trkpt lat="4.7756990" lon="-75.6372640">
    <ele>1560.5</ele>
   </trkpt>
   <trkpt lat="4.7756980" lon="-75.6372490">
    <ele>1560.5</ele>
   </trkpt>
   <trkpt lat="4.7756990" lon="-75.6372340">
    <ele>1560.6</ele>
   </trkpt>
   <trkpt lat="4.7757000" lon="-75.6372210">
    <ele>1560.6</ele>
   </trkpt>
   <trkpt lat="4.7756960" lon="-75.6372080">
    <ele>1560.7</ele>
   </trkpt>
   <trkpt lat="4.7757000" lon="-75.6371960">
    <ele>1560.7</ele>
   </trkpt>
   <trkpt lat="4.7757100" lon="-75.6371790">
    <ele>1560.8</ele>
   </trkpt>
   <trkpt lat="4.7757170" lon="-75.6371710">
    <ele>1560.8</ele>
   </trkpt>
   <trkpt lat="4.7757270" lon="-75.6371610">
    <ele>1560.9</ele>
   </trkpt>
   <trkpt lat="4.7757370" lon="-75.6371520">
    <ele>1560.9</ele>
   </trkpt>
   <trkpt lat="4.7757430" lon="-75.6371430">
    <ele>1560.9</ele>
   </trkpt>
   <trkpt lat="4.7757440" lon="-75.6371320">
    <ele>1561.0</ele>
   </trkpt>
   <trkpt lat="4.7757380" lon="-75.6371210">
    <ele>1561.0</ele>
   </trkpt>
   <trkpt lat="4.7757310" lon="-75.6371100">
    <ele>1561.1</ele>
   </trkpt>
   <trkpt lat="4.7757280" lon="-75.6370980">
    <ele>1561.1</ele>
   </trkpt>
   <trkpt lat="4.7757180" lon="-75.6370850">
    <ele>1561.2</ele>
   </trkpt>
   <trkpt lat="4.7757120" lon="-75.6370740">
    <ele>1561.2</ele>
   </trkpt>
   <trkpt lat="4.7757020" lon="-75.6370630">
    <ele>1561.3</ele>
   </trkpt>
   <trkpt lat="4.7756920" lon="-75.6370540">
    <ele>1561.3</ele>
   </trkpt>
   <trkpt lat="4.7756760" lon="-75.6370520">
    <ele>1561.4</ele>
   </trkpt>
   <trkpt lat="4.7756640" lon="-75.6370450">
    <ele>1561.4</ele>
   </trkpt>
   <trkpt lat="4.7756530" lon="-75.6370380">
    <ele>1561.5</ele>
   </trkpt>
   <trkpt lat="4.7756390" lon="-75.6370250">
    <ele>1561.5</ele>
   </trkpt>
   <trkpt lat="4.7756340" lon="-75.6370190">
    <ele>1561.6</ele>
   </trkpt>
   <trkpt lat="4.7756270" lon="-75.6370080">
    <ele>1561.6</ele>
   </trkpt>
   <trkpt lat="4.7756190" lon="-75.6369980">
    <ele>1561.7</ele>
   </trkpt>
   <trkpt lat="4.7756130" lon="-75.6369810">
    <ele>1561.7</ele>
   </trkpt>
   <trkpt lat="4.7756100" lon="-75.6369670">
    <ele>1561.8</ele>
   </trkpt>
   <trkpt lat="4.7756060" lon="-75.6369550">
    <ele>1561.8</ele>
   </trkpt>
   <trkpt lat="4.7755980" lon="-75.6369430">
    <ele>1561.9</ele>
   </trkpt>
   <trkpt lat="4.7755920" lon="-75.6369330">
    <ele>1561.9</ele>
   </trkpt>
   <trkpt lat="4.7755840" lon="-75.6369230">
    <ele>1561.9</ele>
   </trkpt>
   <trkpt lat="4.7755760" lon="-75.6369100">
    <ele>1562.0</ele>
   </trkpt>
   <trkpt lat="4.7755680" lon="-75.6368980">
    <ele>1562.0</ele>
   </trkpt>
   <trkpt lat="4.7755590" lon="-75.6368880">
    <ele>1562.1</ele>
   </trkpt>
   <trkpt lat="4.7755500" lon="-75.6368780">
    <ele>1562.1</ele>
   </trkpt>
   <trkpt lat="4.7755400" lon="-75.6368670">
    <ele>1562.2</ele>
   </trkpt>
   <trkpt lat="4.7755300" lon="-75.6368590">
    <ele>1562.2</ele>
   </trkpt>
   <trkpt lat="4.7755210" lon="-75.6368500">
    <ele>1562.3</ele>
   </trkpt>
   <trkpt lat="4.7755140" lon="-75.6368400">
    <ele>1562.3</ele>
   </trkpt>
   <trkpt lat="4.7755090" lon="-75.6368290">
    <ele>1562.4</ele>
   </trkpt>
   <trkpt lat="4.7755050" lon="-75.6368170">
    <ele>1562.4</ele>
   </trkpt>
   <trkpt lat="4.7755000" lon="-75.6368060">
    <ele>1562.4</ele>
   </trkpt>
   <trkpt lat="4.7754940" lon="-75.6367930">
    <ele>1562.5</ele>
   </trkpt>
   <trkpt lat="4.7754950" lon="-75.6367750">
    <ele>1562.5</ele>
   </trkpt>
   <trkpt lat="4.7754930" lon="-75.6367680">
    <ele>1562.6</ele>
   </trkpt>
   <trkpt lat="4.7754890" lon="-75.6367570">
    <ele>1562.6</ele>
   </trkpt>
   <trkpt lat="4.7754870" lon="-75.6367450">
    <ele>1562.7</ele>
   </trkpt>
   <trkpt lat="4.7754820" lon="-75.6367340">
    <ele>1562.7</ele>
   </trkpt>
   <trkpt lat="4.7754770" lon="-75.6367230">
    <ele>1562.7</ele>
   </trkpt>
   <trkpt lat="4.7754700" lon="-75.6367130">
    <ele>1562.8</ele>
   </trkpt>
   <trkpt lat="4.7754610" lon="-75.6367030">
    <ele>1562.8</ele>
   </trkpt>
   <trkpt lat="4.7754510" lon="-75.6366930">
    <ele>1562.9</ele>
   </trkpt>
   <trkpt lat="4.7754450" lon="-75.6366850">
    <ele>1562.9</ele>
   </trkpt>
   <trkpt lat="4.7754380" lon="-75.6366770">
    <ele>1562.9</ele>
   </trkpt>
   <trkpt lat="4.7754320" lon="-75.6366690">
    <ele>1563.0</ele>
   </trkpt>
   <trkpt lat="4.7754270" lon="-75.6366580">
    <ele>1563.0</ele>
   </trkpt>
   <trkpt lat="4.7754220" lon="-75.6366500">
    <ele>1563.0</ele>
   </trkpt>
   <trkpt lat="4.7754210" lon="-75.6366370">
    <ele>1563.1</ele>
   </trkpt>
   <trkpt lat="4.7754240" lon="-75.6366170">
    <ele>1563.2</ele>
   </trkpt>
   <trkpt lat="4.7754220" lon="-75.6366090">
    <ele>1563.2</ele>
   </trkpt>
   <trkpt lat="4.7754180" lon="-75.6365990">
    <ele>1563.2</ele>
   </trkpt>
   <trkpt lat="4.7754120" lon="-75.6365890">
    <ele>1563.3</ele>
   </trkpt>
   <trkpt lat="4.7754070" lon="-75.6365840">
    <ele>1563.3</ele>
   </trkpt>
   <trkpt lat="4.7754040" lon="-75.6365810">
    <ele>1563.3</ele>
   </trkpt>
   <trkpt lat="4.7754020" lon="-75.6365780">
    <ele>1563.3</ele>
   </trkpt>
   <trkpt lat="4.7754010" lon="-75.6365780">
    <ele>1563.3</ele>
   </trkpt>
   <trkpt lat="4.7754000" lon="-75.6365800">
    <ele>1563.3</ele>
   </trkpt>
   <trkpt lat="4.7754000" lon="-75.6365810">
    <ele>1563.3</ele>
   </trkpt>
   <trkpt lat="4.7754000" lon="-75.6365820">
    <ele>1563.3</ele>
   </trkpt>
   <trkpt lat="4.7754000" lon="-75.6365840">
    <ele>1563.3</ele>
   </trkpt>
   <trkpt lat="4.7754020" lon="-75.6365870">
    <ele>1563.4</ele>
   </trkpt>
   <trkpt lat="4.7754030" lon="-75.6365890">
    <ele>1563.4</ele>
   </trkpt>
   <trkpt lat="4.7754040" lon="-75.6365910">
    <ele>1563.4</ele>
   </trkpt>
   <trkpt lat="4.7754060" lon="-75.6365930">
    <ele>1563.4</ele>
   </trkpt>
   <trkpt lat="4.7754070" lon="-75.6365930">
    <ele>1563.4</ele>
   </trkpt>
   <trkpt lat="4.7754080" lon="-75.6365940">
    <ele>1563.4</ele>
   </trkpt>
   <trkpt lat="4.7754090" lon="-75.6365930">
    <ele>1563.4</ele>
   </trkpt>
   <trkpt lat="4.7754100" lon="-75.6365910">
    <ele>1563.4</ele>
   </trkpt>
   <trkpt lat="4.7754100" lon="-75.6365890">
    <ele>1563.4</ele>
   </trkpt>
   <trkpt lat="4.7754070" lon="-75.6365830">
    <ele>1563.4</ele>
   </trkpt>
   <trkpt lat="4.7754030" lon="-75.6365740">
    <ele>1563.5</ele>
   </trkpt>
   <trkpt lat="4.7753990" lon="-75.6365620">
    <ele>1563.5</ele>
   </trkpt>
   <trkpt lat="4.7753920" lon="-75.6365490">
    <ele>1563.6</ele>
   </trkpt>
   <trkpt lat="4.7753840" lon="-75.6365420">
    <ele>1563.6</ele>
   </trkpt>
   <trkpt lat="4.7753760" lon="-75.6365360">
    <ele>1563.6</ele>
   </trkpt>
   <trkpt lat="4.7753670" lon="-75.6365270">
    <ele>1563.7</ele>
   </trkpt>
   <trkpt lat="4.7753600" lon="-75.6365160">
    <ele>1563.7</ele>
   </trkpt>
   <trkpt lat="4.7753540" lon="-75.6365010">
    <ele>1563.8</ele>
   </trkpt>
   <trkpt lat="4.7753470" lon="-75.6364880">
    <ele>1563.9</ele>
   </trkpt>
   <trkpt lat="4.7753350" lon="-75.6364730">
    <ele>1563.9</ele>
   </trkpt>
   <trkpt lat="4.7753280" lon="-75.6364650">
    <ele>1564.0</ele>
   </trkpt>
   <trkpt lat="4.7753180" lon="-75.6364550">
    <ele>1564.0</ele>
   </trkpt>
   <trkpt lat="4.7753100" lon="-75.6364440">
    <ele>1564.1</ele>
   </trkpt>
   <trkpt lat="4.7753020" lon="-75.6364330">
    <ele>1564.1</ele>
   </trkpt>
   <trkpt lat="4.7752960" lon="-75.6364220">
    <ele>1564.2</ele>
   </trkpt>
   <trkpt lat="4.7752920" lon="-75.6364110">
    <ele>1564.2</ele>
   </trkpt>
   <trkpt lat="4.7752870" lon="-75.6363990">
    <ele>1564.3</ele>
   </trkpt>
   <trkpt lat="4.7752910" lon="-75.6363850">
    <ele>1564.3</ele>
   </trkpt>
   <trkpt lat="4.7752860" lon="-75.6363720">
    <ele>1564.4</ele>
   </trkpt>
   <trkpt lat="4.7752810" lon="-75.6363600">
    <ele>1564.4</ele>
   </trkpt>
   <trkpt lat="4.7752760" lon="-75.6363470">
    <ele>1564.5</ele>
   </trkpt>
   <trkpt lat="4.7752710" lon="-75.6363350">
    <ele>1564.5</ele>
   </trkpt>
   <trkpt lat="4.7752650" lon="-75.6363210">
    <ele>1564.6</ele>
   </trkpt>
   <trkpt lat="4.7752580" lon="-75.6363090">
    <ele>1564.6</ele>
   </trkpt>
   <trkpt lat="4.7752460" lon="-75.6362920">
    <ele>1564.7</ele>
   </trkpt>
   <trkpt lat="4.7752440" lon="-75.6362850">
    <ele>1564.7</ele>
   </trkpt>
   <trkpt lat="4.7752390" lon="-75.6362740">
    <ele>1564.8</ele>
   </trkpt>
   <trkpt lat="4.7752350" lon="-75.6362610">
    <ele>1564.8</ele>
   </trkpt>
   <trkpt lat="4.7752300" lon="-75.6362490">
    <ele>1564.9</ele>
   </trkpt>
   <trkpt lat="4.7752290" lon="-75.6362430">
    <ele>1564.9</ele>
   </trkpt>
   <trkpt lat="4.7752310" lon="-75.6362370">
    <ele>1564.9</ele>
   </trkpt>
   <trkpt lat="4.7752270" lon="-75.6362280">
    <ele>1565.0</ele>
   </trkpt>
   <trkpt lat="4.7752220" lon="-75.6362170">
    <ele>1565.0</ele>
   </trkpt>
   <trkpt lat="4.7752170" lon="-75.6362060">
    <ele>1565.1</ele>
   </trkpt>
   <trkpt lat="4.7752120" lon="-75.6361930">
    <ele>1565.1</ele>
   </trkpt>
   <trkpt lat="4.7752010" lon="-75.6361870">
    <ele>1565.2</ele>
   </trkpt>
   <trkpt lat="4.7751880" lon="-75.6361840">
    <ele>1565.2</ele>
   </trkpt>
   <trkpt lat="4.7751790" lon="-75.6361750">
    <ele>1565.3</ele>
   </trkpt>
   <trkpt lat="4.7751730" lon="-75.6361630">
    <ele>1565.3</ele>
   </trkpt>
   <trkpt lat="4.7751640" lon="-75.6361480">
    <ele>1565.4</ele>
   </trkpt>
   <trkpt lat="4.7751600" lon="-75.6361400">
    <ele>1565.4</ele>
   </trkpt>
   <trkpt lat="4.7751530" lon="-75.6361290">
    <ele>1565.4</ele>
   </trkpt>
   <trkpt lat="4.7751470" lon="-75.6361170">
    <ele>1565.5</ele>
   </trkpt>
   <trkpt lat="4.7751410" lon="-75.6361050">
    <ele>1565.5</ele>
   </trkpt>
   <trkpt lat="4.7751370" lon="-75.6360930">
    <ele>1565.6</ele>
   </trkpt>
   <trkpt lat="4.7751320" lon="-75.6360820">
    <ele>1565.6</ele>
   </trkpt>
   <trkpt lat="4.7751270" lon="-75.6360700">
    <ele>1565.7</ele>
   </trkpt>
   <trkpt lat="4.7751260" lon="-75.6360620">
    <ele>1565.7</ele>
   </trkpt>
   <trkpt lat="4.7751310" lon="-75.6360550">
    <ele>1565.7</ele>
   </trkpt>
   <trkpt lat="4.7751290" lon="-75.6360470">
    <ele>1565.7</ele>
   </trkpt>
   <trkpt lat="4.7751170" lon="-75.6360490">
    <ele>1565.8</ele>
   </trkpt>
   <trkpt lat="4.7751090" lon="-75.6360610">
    <ele>1565.8</ele>
   </trkpt>
   <trkpt lat="4.7751070" lon="-75.6360710">
    <ele>1565.9</ele>
   </trkpt>
   <trkpt lat="4.7751050" lon="-75.6360770">
    <ele>1565.9</ele>
   </trkpt>
   <trkpt lat="4.7751020" lon="-75.6360790">
    <ele>1565.9</ele>
   </trkpt>
   <trkpt lat="4.7750990" lon="-75.6360810">
    <ele>1565.9</ele>
   </trkpt>
   <trkpt lat="4.7750970" lon="-75.6360850">
    <ele>1565.9</ele>
   </trkpt>
   <trkpt lat="4.7750990" lon="-75.6360890">
    <ele>1565.9</ele>
   </trkpt>
   <trkpt lat="4.7751010" lon="-75.6360910">
    <ele>1565.9</ele>
   </trkpt>
   <trkpt lat="4.7751010" lon="-75.6360950">
    <ele>1565.9</ele>
   </trkpt>
   <trkpt lat="4.7751020" lon="-75.6360960">
    <ele>1565.9</ele>
   </trkpt>
   <trkpt lat="4.7751030" lon="-75.6360950">
    <ele>1565.9</ele>
   </trkpt>
   <trkpt lat="4.7751050" lon="-75.6360940">
    <ele>1566.0</ele>
   </trkpt>
   <trkpt lat="4.7751060" lon="-75.6360930">
    <ele>1566.0</ele>
   </trkpt>
   <trkpt lat="4.7751080" lon="-75.6360910">
    <ele>1566.0</ele>
   </trkpt>
   <trkpt lat="4.7751100" lon="-75.6360900">
    <ele>1566.0</ele>
   </trkpt>
   <trkpt lat="4.7751110" lon="-75.6360890">
    <ele>1566.0</ele>
   </trkpt>
   <trkpt lat="4.7751130" lon="-75.6360890">
    <ele>1566.0</ele>
   </trkpt>
   <trkpt lat="4.7751140" lon="-75.6360900">
    <ele>1566.0</ele>
   </trkpt>
   <trkpt lat="4.7751140" lon="-75.6360910">
    <ele>1566.0</ele>
   </trkpt>
   <trkpt lat="4.7751140" lon="-75.6360910">
    <ele>1566.0</ele>
   </trkpt>
   <trkpt lat="4.7751160" lon="-75.6360890">
    <ele>1566.0</ele>
   </trkpt>
   <trkpt lat="4.7751170" lon="-75.6360850">
    <ele>1566.0</ele>
   </trkpt>
   <trkpt lat="4.7751150" lon="-75.6360790">
    <ele>1566.0</ele>
   </trkpt>
   <trkpt lat="4.7751120" lon="-75.6360620">
    <ele>1566.1</ele>
   </trkpt>
   <trkpt lat="4.7751110" lon="-75.6360540">
    <ele>1566.1</ele>
   </trkpt>
   <trkpt lat="4.7751090" lon="-75.6360440">
    <ele>1566.1</ele>
   </trkpt>
   <trkpt lat="4.7751070" lon="-75.6360330">
    <ele>1566.2</ele>
   </trkpt>
   <trkpt lat="4.7751030" lon="-75.6360220">
    <ele>1566.2</ele>
   </trkpt>
   <trkpt lat="4.7750990" lon="-75.6360110">
    <ele>1566.2</ele>
   </trkpt>
   <trkpt lat="4.7750940" lon="-75.6360000">
    <ele>1566.3</ele>
   </trkpt>
   <trkpt lat="4.7750870" lon="-75.6359900">
    <ele>1566.3</ele>
   </trkpt>
   <trkpt lat="4.7750770" lon="-75.6359810">
    <ele>1566.3</ele>
   </trkpt>
   <trkpt lat="4.7750650" lon="-75.6359750">
    <ele>1566.4</ele>
   </trkpt>
   <trkpt lat="4.7750550" lon="-75.6359680">
    <ele>1566.4</ele>
   </trkpt>
   <trkpt lat="4.7750460" lon="-75.6359600">
    <ele>1566.4</ele>
   </trkpt>
   <trkpt lat="4.7750390" lon="-75.6359510">
    <ele>1566.5</ele>
   </trkpt>
   <trkpt lat="4.7750330" lon="-75.6359410">
    <ele>1566.5</ele>
   </trkpt>
   <trkpt lat="4.7750250" lon="-75.6359330">
    <ele>1566.5</ele>
   </trkpt>
   <trkpt lat="4.7750140" lon="-75.6359230">
    <ele>1566.6</ele>
   </trkpt>
   <trkpt lat="4.7750070" lon="-75.6359170">
    <ele>1566.6</ele>
   </trkpt>
   <trkpt lat="4.7749970" lon="-75.6359090">
    <ele>1566.6</ele>
   </trkpt>
   <trkpt lat="4.7749860" lon="-75.6358990">
    <ele>1566.7</ele>
   </trkpt>
   <trkpt lat="4.7749750" lon="-75.6358890">
    <ele>1566.7</ele>
   </trkpt>
   <trkpt lat="4.7749660" lon="-75.6358790">
    <ele>1566.7</ele>
   </trkpt>
   <trkpt lat="4.7749560" lon="-75.6358690">
    <ele>1566.8</ele>
   </trkpt>
   <trkpt lat="4.7749420" lon="-75.6358540">
    <ele>1566.8</ele>
   </trkpt>
   <trkpt lat="4.7749360" lon="-75.6358470">
    <ele>1566.8</ele>
   </trkpt>
   <trkpt lat="4.7749300" lon="-75.6358370">
    <ele>1566.9</ele>
   </trkpt>
   <trkpt lat="4.7749210" lon="-75.6358270">
    <ele>1566.9</ele>
   </trkpt>
   <trkpt lat="4.7749120" lon="-75.6358160">
    <ele>1566.9</ele>
   </trkpt>
   <trkpt lat="4.7749030" lon="-75.6358030">
    <ele>1567.0</ele>
   </trkpt>
   <trkpt lat="4.7748940" lon="-75.6357920">
    <ele>1567.0</ele>
   </trkpt>
   <trkpt lat="4.7748850" lon="-75.6357810">
    <ele>1567.0</ele>
   </trkpt>
   <trkpt lat="4.7748740" lon="-75.6357680">
    <ele>1567.0</ele>
   </trkpt>
   <trkpt lat="4.7748650" lon="-75.6357590">
    <ele>1567.1</ele>
   </trkpt>
   <trkpt lat="4.7748570" lon="-75.6357480">
    <ele>1567.1</ele>
   </trkpt>
   <trkpt lat="4.7748490" lon="-75.6357360">
    <ele>1567.1</ele>
   </trkpt>
   <trkpt lat="4.7748400" lon="-75.6357240">
    <ele>1567.1</ele>
   </trkpt>
   <trkpt lat="4.7748320" lon="-75.6357120">
    <ele>1567.1</ele>
   </trkpt>
   <trkpt lat="4.7748230" lon="-75.6357010">
    <ele>1567.2</ele>
   </trkpt>
   <trkpt lat="4.7748180" lon="-75.6356820">
    <ele>1567.2</ele>
   </trkpt>
   <trkpt lat="4.7748120" lon="-75.6356780">
    <ele>1567.2</ele>
   </trkpt>
   <trkpt lat="4.7748040" lon="-75.6356710">
    <ele>1567.2</ele>
   </trkpt>
   <trkpt lat="4.7747950" lon="-75.6356690">
    <ele>1567.2</ele>
   </trkpt>
   <trkpt lat="4.7747860" lon="-75.6356700">
    <ele>1567.2</ele>
   </trkpt>
   <trkpt lat="4.7747830" lon="-75.6356650">
    <ele>1567.3</ele>
   </trkpt>
   <trkpt lat="4.7747790" lon="-75.6356560">
    <ele>1567.3</ele>
   </trkpt>
   <trkpt lat="4.7747740" lon="-75.6356420">
    <ele>1567.3</ele>
   </trkpt>
   <trkpt lat="4.7747690" lon="-75.6356250">
    <ele>1567.3</ele>
   </trkpt>
   <trkpt lat="4.7747640" lon="-75.6356150">
    <ele>1567.3</ele>
   </trkpt>
   <trkpt lat="4.7747580" lon="-75.6356020">
    <ele>1567.4</ele>
   </trkpt>
   <trkpt lat="4.7747540" lon="-75.6355900">
    <ele>1567.4</ele>
   </trkpt>
   <trkpt lat="4.7747470" lon="-75.6355760">
    <ele>1567.4</ele>
   </trkpt>
   <trkpt lat="4.7747400" lon="-75.6355640">
    <ele>1567.4</ele>
   </trkpt>
   <trkpt lat="4.7747320" lon="-75.6355550">
    <ele>1567.5</ele>
   </trkpt>
   <trkpt lat="4.7747230" lon="-75.6355460">
    <ele>1567.5</ele>
   </trkpt>
   <trkpt lat="4.7747120" lon="-75.6355350">
    <ele>1567.5</ele>
   </trkpt>
   <trkpt lat="4.7747020" lon="-75.6355260">
    <ele>1567.6</ele>
   </trkpt>
   <trkpt lat="4.7746930" lon="-75.6355180">
    <ele>1567.6</ele>
   </trkpt>
   <trkpt lat="4.7746830" lon="-75.6355090">
    <ele>1567.6</ele>
   </trkpt>
   <trkpt lat="4.7746720" lon="-75.6355020">
    <ele>1567.6</ele>
   </trkpt>
   <trkpt lat="4.7746620" lon="-75.6354960">
    <ele>1567.7</ele>
   </trkpt>
   <trkpt lat="4.7746530" lon="-75.6354900">
    <ele>1567.7</ele>
   </trkpt>
   <trkpt lat="4.7746310" lon="-75.6354710">
    <ele>1567.8</ele>
   </trkpt>
   <trkpt lat="4.7746210" lon="-75.6354640">
    <ele>1567.8</ele>
   </trkpt>
   <trkpt lat="4.7746110" lon="-75.6354590">
    <ele>1567.8</ele>
   </trkpt>
   <trkpt lat="4.7746010" lon="-75.6354520">
    <ele>1567.9</ele>
   </trkpt>
   <trkpt lat="4.7745930" lon="-75.6354440">
    <ele>1567.9</ele>
   </trkpt>
   <trkpt lat="4.7745860" lon="-75.6354340">
    <ele>1567.9</ele>
   </trkpt>
   <trkpt lat="4.7745800" lon="-75.6354260">
    <ele>1568.0</ele>
   </trkpt>
   <trkpt lat="4.7745590" lon="-75.6354080">
    <ele>1568.0</ele>
   </trkpt>
   <trkpt lat="4.7745510" lon="-75.6354020">
    <ele>1568.1</ele>
   </trkpt>
   <trkpt lat="4.7745430" lon="-75.6353930">
    <ele>1568.1</ele>
   </trkpt>
   <trkpt lat="4.7745340" lon="-75.6353840">
    <ele>1568.1</ele>
   </trkpt>
   <trkpt lat="4.7745250" lon="-75.6353750">
    <ele>1568.2</ele>
   </trkpt>
   <trkpt lat="4.7745170" lon="-75.6353660">
    <ele>1568.2</ele>
   </trkpt>
   <trkpt lat="4.7745100" lon="-75.6353560">
    <ele>1568.2</ele>
   </trkpt>
   <trkpt lat="4.7745040" lon="-75.6353450">
    <ele>1568.3</ele>
   </trkpt>
   <trkpt lat="4.7744960" lon="-75.6353310">
    <ele>1568.3</ele>
   </trkpt>
   <trkpt lat="4.7744890" lon="-75.6353200">
    <ele>1568.3</ele>
   </trkpt>
   <trkpt lat="4.7744810" lon="-75.6353110">
    <ele>1568.4</ele>
   </trkpt>
   <trkpt lat="4.7744740" lon="-75.6353010">
    <ele>1568.4</ele>
   </trkpt>
   <trkpt lat="4.7744670" lon="-75.6352910">
    <ele>1568.4</ele>
   </trkpt>
   <trkpt lat="4.7744610" lon="-75.6352810">
    <ele>1568.5</ele>
   </trkpt>
   <trkpt lat="4.7744560" lon="-75.6352710">
    <ele>1568.5</ele>
   </trkpt>
   <trkpt lat="4.7744420" lon="-75.6352690">
    <ele>1568.5</ele>
   </trkpt>
   <trkpt lat="4.7744420" lon="-75.6352650">
    <ele>1568.5</ele>
   </trkpt>
   <trkpt lat="4.7744390" lon="-75.6352620">
    <ele>1568.5</ele>
   </trkpt>
   <trkpt lat="4.7744330" lon="-75.6352550">
    <ele>1568.5</ele>
   </trkpt>
   <trkpt lat="4.7744250" lon="-75.6352520">
    <ele>1568.6</ele>
   </trkpt>
   <trkpt lat="4.7744160" lon="-75.6352490">
    <ele>1568.6</ele>
   </trkpt>
   <trkpt lat="4.7744090" lon="-75.6352430">
    <ele>1568.6</ele>
   </trkpt>
   <trkpt lat="4.7744050" lon="-75.6352370">
    <ele>1568.6</ele>
   </trkpt>
   <trkpt lat="4.7744010" lon="-75.6352290">
    <ele>1568.6</ele>
   </trkpt>
   <trkpt lat="4.7743980" lon="-75.6352200">
    <ele>1568.7</ele>
   </trkpt>
   <trkpt lat="4.7743950" lon="-75.6352090">
    <ele>1568.7</ele>
   </trkpt>
   <trkpt lat="4.7743890" lon="-75.6352000">
    <ele>1568.7</ele>
   </trkpt>
   <trkpt lat="4.7743820" lon="-75.6351910">
    <ele>1568.7</ele>
   </trkpt>
   <trkpt lat="4.7743760" lon="-75.6351830">
    <ele>1568.8</ele>
   </trkpt>
   <trkpt lat="4.7743710" lon="-75.6351730">
    <ele>1568.8</ele>
   </trkpt>
   <trkpt lat="4.7743700" lon="-75.6351600">
    <ele>1568.8</ele>
   </trkpt>
   <trkpt lat="4.7743740" lon="-75.6351490">
    <ele>1568.8</ele>
   </trkpt>
   <trkpt lat="4.7743780" lon="-75.6351400">
    <ele>1568.9</ele>
   </trkpt>
   <trkpt lat="4.7743800" lon="-75.6351350">
    <ele>1568.9</ele>
   </trkpt>
   <trkpt lat="4.7743780" lon="-75.6351310">
    <ele>1568.9</ele>
   </trkpt>
   <trkpt lat="4.7743750" lon="-75.6351290">
    <ele>1568.9</ele>
   </trkpt>
   <trkpt lat="4.7743730" lon="-75.6351270">
    <ele>1568.9</ele>
   </trkpt>
   <trkpt lat="4.7743590" lon="-75.6351170">
    <ele>1568.9</ele>
   </trkpt>
   <trkpt lat="4.7743460" lon="-75.6351110">
    <ele>1569.0</ele>
   </trkpt>
   <trkpt lat="4.7743280" lon="-75.6351050">
    <ele>1569.0</ele>
   </trkpt>
   <trkpt lat="4.7743110" lon="-75.6350980">
    <ele>1569.1</ele>
   </trkpt>
   <trkpt lat="4.7742990" lon="-75.6350890">
    <ele>1569.1</ele>
   </trkpt>
   <trkpt lat="4.7742880" lon="-75.6350780">
    <ele>1569.2</ele>
   </trkpt>
   <trkpt lat="4.7742780" lon="-75.6350640">
    <ele>1569.2</ele>
   </trkpt>
   <trkpt lat="4.7742690" lon="-75.6350500">
    <ele>1569.3</ele>
   </trkpt>
   <trkpt lat="4.7742550" lon="-75.6350330">
    <ele>1569.3</ele>
   </trkpt>
   <trkpt lat="4.7742450" lon="-75.6350210">
    <ele>1569.4</ele>
   </trkpt>
   <trkpt lat="4.7742390" lon="-75.6350060">
    <ele>1569.4</ele>
   </trkpt>
   <trkpt lat="4.7742370" lon="-75.6349920">
    <ele>1569.5</ele>
   </trkpt>
   <trkpt lat="4.7742340" lon="-75.6349790">
    <ele>1569.5</ele>
   </trkpt>
   <trkpt lat="4.7742300" lon="-75.6349690">
    <ele>1569.5</ele>
   </trkpt>
   <trkpt lat="4.7742250" lon="-75.6349630">
    <ele>1569.5</ele>
   </trkpt>
   <trkpt lat="4.7742200" lon="-75.6349590">
    <ele>1569.6</ele>
   </trkpt>
   <trkpt lat="4.7742190" lon="-75.6349540">
    <ele>1569.6</ele>
   </trkpt>
   <trkpt lat="4.7742140" lon="-75.6349480">
    <ele>1569.6</ele>
   </trkpt>
   <trkpt lat="4.7742060" lon="-75.6349410">
    <ele>1569.6</ele>
   </trkpt>
   <trkpt lat="4.7742010" lon="-75.6349370">
    <ele>1569.7</ele>
   </trkpt>
   <trkpt lat="4.7741980" lon="-75.6349340">
    <ele>1569.7</ele>
   </trkpt>
   <trkpt lat="4.7741950" lon="-75.6349290">
    <ele>1569.7</ele>
   </trkpt>
   <trkpt lat="4.7741940" lon="-75.6349250">
    <ele>1569.7</ele>
   </trkpt>
   <trkpt lat="4.7741870" lon="-75.6349180">
    <ele>1569.8</ele>
   </trkpt>
   <trkpt lat="4.7741710" lon="-75.6349090">
    <ele>1569.8</ele>
   </trkpt>
   <trkpt lat="4.7741550" lon="-75.6349030">
    <ele>1569.9</ele>
   </trkpt>
   <trkpt lat="4.7741380" lon="-75.6348960">
    <ele>1569.9</ele>
   </trkpt>
   <trkpt lat="4.7741220" lon="-75.6348880">
    <ele>1570.0</ele>
   </trkpt>
   <trkpt lat="4.7741110" lon="-75.6348820">
    <ele>1570.1</ele>
   </trkpt>
   <trkpt lat="4.7740990" lon="-75.6348730">
    <ele>1570.1</ele>
   </trkpt>
   <trkpt lat="4.7740870" lon="-75.6348670">
    <ele>1570.2</ele>
   </trkpt>
   <trkpt lat="4.7740740" lon="-75.6348630">
    <ele>1570.2</ele>
   </trkpt>
   <trkpt lat="4.7740630" lon="-75.6348540">
    <ele>1570.3</ele>
   </trkpt>
   <trkpt lat="4.7740530" lon="-75.6348430">
    <ele>1570.3</ele>
   </trkpt>
   <trkpt lat="4.7740460" lon="-75.6348320">
    <ele>1570.4</ele>
   </trkpt>
   <trkpt lat="4.7740420" lon="-75.6348220">
    <ele>1570.4</ele>
   </trkpt>
   <trkpt lat="4.7740370" lon="-75.6348040">
    <ele>1570.5</ele>
   </trkpt>
   <trkpt lat="4.7740340" lon="-75.6347840">
    <ele>1570.6</ele>
   </trkpt>
   <trkpt lat="4.7740320" lon="-75.6347630">
    <ele>1570.6</ele>
   </trkpt>
   <trkpt lat="4.7740270" lon="-75.6347460">
    <ele>1570.7</ele>
   </trkpt>
   <trkpt lat="4.7740230" lon="-75.6347290">
    <ele>1570.8</ele>
   </trkpt>
   <trkpt lat="4.7740190" lon="-75.6347140">
    <ele>1570.8</ele>
   </trkpt>
   <trkpt lat="4.7740150" lon="-75.6347010">
    <ele>1570.9</ele>
   </trkpt>
   <trkpt lat="4.7740110" lon="-75.6346880">
    <ele>1570.9</ele>
   </trkpt>
   <trkpt lat="4.7740030" lon="-75.6346760">
    <ele>1571.0</ele>
   </trkpt>
   <trkpt lat="4.7739960" lon="-75.6346660">
    <ele>1571.0</ele>
   </trkpt>
   <trkpt lat="4.7739870" lon="-75.6346560">
    <ele>1571.1</ele>
   </trkpt>
   <trkpt lat="4.7739830" lon="-75.6346460">
    <ele>1571.1</ele>
   </trkpt>
   <trkpt lat="4.7739790" lon="-75.6346300">
    <ele>1571.2</ele>
   </trkpt>
   <trkpt lat="4.7739770" lon="-75.6346220">
    <ele>1571.2</ele>
   </trkpt>
   <trkpt lat="4.7739710" lon="-75.6346090">
    <ele>1571.3</ele>
   </trkpt>
   <trkpt lat="4.7739650" lon="-75.6345960">
    <ele>1571.3</ele>
   </trkpt>
   <trkpt lat="4.7739590" lon="-75.6345820">
    <ele>1571.4</ele>
   </trkpt>
   <trkpt lat="4.7739530" lon="-75.6345700">
    <ele>1571.5</ele>
   </trkpt>
   <trkpt lat="4.7739460" lon="-75.6345570">
    <ele>1571.5</ele>
   </trkpt>
   <trkpt lat="4.7739390" lon="-75.6345450">
    <ele>1571.6</ele>
   </trkpt>
   <trkpt lat="4.7739320" lon="-75.6345380">
    <ele>1571.6</ele>
   </trkpt>
   <trkpt lat="4.7739250" lon="-75.6345290">
    <ele>1571.7</ele>
   </trkpt>
   <trkpt lat="4.7739190" lon="-75.6345180">
    <ele>1571.7</ele>
   </trkpt>
   <trkpt lat="4.7739130" lon="-75.6345060">
    <ele>1571.8</ele>
   </trkpt>
   <trkpt lat="4.7739040" lon="-75.6344950">
    <ele>1571.9</ele>
   </trkpt>
   <trkpt lat="4.7738940" lon="-75.6344810">
    <ele>1571.9</ele>
   </trkpt>
   <trkpt lat="4.7738880" lon="-75.6344680">
    <ele>1572.0</ele>
   </trkpt>
   <trkpt lat="4.7738750" lon="-75.6344710">
    <ele>1572.1</ele>
   </trkpt>
   <trkpt lat="4.7738680" lon="-75.6344620">
    <ele>1572.1</ele>
   </trkpt>
   <trkpt lat="4.7738600" lon="-75.6344530">
    <ele>1572.2</ele>
   </trkpt>
   <trkpt lat="4.7738540" lon="-75.6344420">
    <ele>1572.2</ele>
   </trkpt>
   <trkpt lat="4.7738480" lon="-75.6344290">
    <ele>1572.3</ele>
   </trkpt>
   <trkpt lat="4.7738420" lon="-75.6344110">
    <ele>1572.3</ele>
   </trkpt>
   <trkpt lat="4.7738400" lon="-75.6343980">
    <ele>1572.4</ele>
   </trkpt>
   <trkpt lat="4.7738290" lon="-75.6343930">
    <ele>1572.4</ele>
   </trkpt>
   <trkpt lat="4.7738220" lon="-75.6343850">
    <ele>1572.5</ele>
   </trkpt>
   <trkpt lat="4.7738180" lon="-75.6343750">
    <ele>1572.5</ele>
   </trkpt>
   <trkpt lat="4.7738120" lon="-75.6343650">
    <ele>1572.6</ele>
   </trkpt>
   <trkpt lat="4.7738060" lon="-75.6343550">
    <ele>1572.6</ele>
   </trkpt>
   <trkpt lat="4.7738010" lon="-75.6343450">
    <ele>1572.7</ele>
   </trkpt>
   <trkpt lat="4.7738020" lon="-75.6343330">
    <ele>1572.7</ele>
   </trkpt>
   <trkpt lat="4.7737750" lon="-75.6343470">
    <ele>1572.8</ele>
   </trkpt>
   <trkpt lat="4.7737710" lon="-75.6343390">
    <ele>1572.9</ele>
   </trkpt>
   <trkpt lat="4.7737700" lon="-75.6343270">
    <ele>1572.9</ele>
   </trkpt>
   <trkpt lat="4.7737680" lon="-75.6343150">
    <ele>1573.0</ele>
   </trkpt>
   <trkpt lat="4.7737660" lon="-75.6343020">
    <ele>1573.0</ele>
   </trkpt>
   <trkpt lat="4.7737630" lon="-75.6342900">
    <ele>1573.1</ele>
   </trkpt>
   <trkpt lat="4.7737590" lon="-75.6342800">
    <ele>1573.1</ele>
   </trkpt>
   <trkpt lat="4.7737540" lon="-75.6342700">
    <ele>1573.2</ele>
   </trkpt>
   <trkpt lat="4.7737290" lon="-75.6342690">
    <ele>1573.3</ele>
   </trkpt>
   <trkpt lat="4.7737240" lon="-75.6342580">
    <ele>1573.3</ele>
   </trkpt>
   <trkpt lat="4.7737250" lon="-75.6342460">
    <ele>1573.4</ele>
   </trkpt>
   <trkpt lat="4.7737310" lon="-75.6342370">
    <ele>1573.4</ele>
   </trkpt>
   <trkpt lat="4.7737360" lon="-75.6342310">
    <ele>1573.4</ele>
   </trkpt>
   <trkpt lat="4.7737390" lon="-75.6342300">
    <ele>1573.5</ele>
   </trkpt>
   <trkpt lat="4.7737380" lon="-75.6342350">
    <ele>1573.5</ele>
   </trkpt>
   <trkpt lat="4.7737220" lon="-75.6342550">
    <ele>1573.6</ele>
   </trkpt>
   <trkpt lat="4.7737210" lon="-75.6342570">
    <ele>1573.6</ele>
   </trkpt>
   <trkpt lat="4.7737210" lon="-75.6342580">
    <ele>1573.6</ele>
   </trkpt>
   <trkpt lat="4.7737220" lon="-75.6342580">
    <ele>1573.6</ele>
   </trkpt>
   <trkpt lat="4.7737210" lon="-75.6342570">
    <ele>1573.6</ele>
   </trkpt>
   <trkpt lat="4.7737190" lon="-75.6342560">
    <ele>1573.6</ele>
   </trkpt>
   <trkpt lat="4.7737120" lon="-75.6342550">
    <ele>1573.7</ele>
   </trkpt>
   <trkpt lat="4.7736830" lon="-75.6342600">
    <ele>1573.8</ele>
   </trkpt>
   <trkpt lat="4.7736710" lon="-75.6342590">
    <ele>1573.9</ele>
   </trkpt>
   <trkpt lat="4.7736570" lon="-75.6342570">
    <ele>1573.9</ele>
   </trkpt>
   <trkpt lat="4.7736410" lon="-75.6342560">
    <ele>1574.0</ele>
   </trkpt>
   <trkpt lat="4.7736270" lon="-75.6342550">
    <ele>1574.1</ele>
   </trkpt>
   <trkpt lat="4.7736120" lon="-75.6342550">
    <ele>1574.1</ele>
   </trkpt>
   <trkpt lat="4.7735980" lon="-75.6342550">
    <ele>1574.2</ele>
   </trkpt>
   <trkpt lat="4.7735830" lon="-75.6342540">
    <ele>1574.3</ele>
   </trkpt>
   <trkpt lat="4.7735710" lon="-75.6342540">
    <ele>1574.3</ele>
   </trkpt>
   <trkpt lat="4.7735530" lon="-75.6342450">
    <ele>1574.4</ele>
   </trkpt>
   <trkpt lat="4.7735480" lon="-75.6342330">
    <ele>1574.5</ele>
   </trkpt>
   <trkpt lat="4.7735400" lon="-75.6342190">
    <ele>1574.6</ele>
   </trkpt>
   <trkpt lat="4.7735300" lon="-75.6342050">
    <ele>1574.7</ele>
   </trkpt>
   <trkpt lat="4.7735190" lon="-75.6341910">
    <ele>1574.8</ele>
   </trkpt>
   <trkpt lat="4.7735080" lon="-75.6341840">
    <ele>1574.8</ele>
   </trkpt>
   <trkpt lat="4.7734990" lon="-75.6341820">
    <ele>1574.9</ele>
   </trkpt>
   <trkpt lat="4.7734930" lon="-75.6341830">
    <ele>1574.9</ele>
   </trkpt>
   <trkpt lat="4.7734860" lon="-75.6341740">
    <ele>1575.0</ele>
   </trkpt>
   <trkpt lat="4.7734800" lon="-75.6341640">
    <ele>1575.0</ele>
   </trkpt>
   <trkpt lat="4.7734720" lon="-75.6341530">
    <ele>1575.1</ele>
   </trkpt>
   <trkpt lat="4.7734610" lon="-75.6341420">
    <ele>1575.2</ele>
   </trkpt>
   <trkpt lat="4.7734520" lon="-75.6341210">
    <ele>1575.3</ele>
   </trkpt>
   <trkpt lat="4.7734420" lon="-75.6340980">
    <ele>1575.5</ele>
   </trkpt>
   <trkpt lat="4.7734320" lon="-75.6340850">
    <ele>1575.6</ele>
   </trkpt>
   <trkpt lat="4.7734150" lon="-75.6340660">
    <ele>1575.7</ele>
   </trkpt>
   <trkpt lat="4.7734080" lon="-75.6340610">
    <ele>1575.7</ele>
   </trkpt>
   <trkpt lat="4.7733970" lon="-75.6340550">
    <ele>1575.8</ele>
   </trkpt>
   <trkpt lat="4.7733860" lon="-75.6340490">
    <ele>1575.9</ele>
   </trkpt>
   <trkpt lat="4.7733740" lon="-75.6340420">
    <ele>1576.0</ele>
   </trkpt>
   <trkpt lat="4.7733630" lon="-75.6340350">
    <ele>1576.0</ele>
   </trkpt>
   <trkpt lat="4.7733530" lon="-75.6340260">
    <ele>1576.1</ele>
   </trkpt>
   <trkpt lat="4.7733440" lon="-75.6340170">
    <ele>1576.2</ele>
   </trkpt>
   <trkpt lat="4.7733360" lon="-75.6340190">
    <ele>1576.2</ele>
   </trkpt>
   <trkpt lat="4.7733290" lon="-75.6340140">
    <ele>1576.3</ele>
   </trkpt>
   <trkpt lat="4.7733210" lon="-75.6340030">
    <ele>1576.3</ele>
   </trkpt>
   <trkpt lat="4.7733170" lon="-75.6339890">
    <ele>1576.4</ele>
   </trkpt>
   <trkpt lat="4.7733130" lon="-75.6339760">
    <ele>1576.5</ele>
   </trkpt>
   <trkpt lat="4.7733100" lon="-75.6339620">
    <ele>1576.6</ele>
   </trkpt>
   <trkpt lat="4.7733080" lon="-75.6339470">
    <ele>1576.7</ele>
   </trkpt>
   <trkpt lat="4.7733080" lon="-75.6339260">
    <ele>1576.8</ele>
   </trkpt>
   <trkpt lat="4.7733100" lon="-75.6339150">
    <ele>1576.8</ele>
   </trkpt>
   <trkpt lat="4.7733110" lon="-75.6339020">
    <ele>1576.9</ele>
   </trkpt>
   <trkpt lat="4.7733100" lon="-75.6338890">
    <ele>1577.0</ele>
   </trkpt>
   <trkpt lat="4.7733110" lon="-75.6338750">
    <ele>1577.1</ele>
   </trkpt>
   <trkpt lat="4.7733120" lon="-75.6338640">
    <ele>1577.1</ele>
   </trkpt>
   <trkpt lat="4.7733070" lon="-75.6338540">
    <ele>1577.2</ele>
   </trkpt>
   <trkpt lat="4.7733000" lon="-75.6338370">
    <ele>1577.3</ele>
   </trkpt>
   <trkpt lat="4.7732960" lon="-75.6338300">
    <ele>1577.3</ele>
   </trkpt>
   <trkpt lat="4.7732910" lon="-75.6338210">
    <ele>1577.4</ele>
   </trkpt>
   <trkpt lat="4.7732850" lon="-75.6338110">
    <ele>1577.5</ele>
   </trkpt>
   <trkpt lat="4.7732740" lon="-75.6338020">
    <ele>1577.6</ele>
   </trkpt>
   <trkpt lat="4.7732660" lon="-75.6337910">
    <ele>1577.6</ele>
   </trkpt>
   <trkpt lat="4.7732580" lon="-75.6337840">
    <ele>1577.7</ele>
   </trkpt>
   <trkpt lat="4.7732490" lon="-75.6337770">
    <ele>1577.8</ele>
   </trkpt>
   <trkpt lat="4.7732350" lon="-75.6337700">
    <ele>1577.8</ele>
   </trkpt>
   <trkpt lat="4.7732230" lon="-75.6337640">
    <ele>1577.9</ele>
   </trkpt>
   <trkpt lat="4.7732080" lon="-75.6337580">
    <ele>1578.0</ele>
   </trkpt>
   <trkpt lat="4.7731950" lon="-75.6337510">
    <ele>1578.1</ele>
   </trkpt>
   <trkpt lat="4.7731820" lon="-75.6337410">
    <ele>1578.2</ele>
   </trkpt>
   <trkpt lat="4.7731700" lon="-75.6337330">
    <ele>1578.3</ele>
   </trkpt>
   <trkpt lat="4.7731570" lon="-75.6337270">
    <ele>1578.4</ele>
   </trkpt>
   <trkpt lat="4.7731440" lon="-75.6337190">
    <ele>1578.4</ele>
   </trkpt>
   <trkpt lat="4.7731260" lon="-75.6337070">
    <ele>1578.6</ele>
   </trkpt>
   <trkpt lat="4.7731120" lon="-75.6337000">
    <ele>1578.6</ele>
   </trkpt>
   <trkpt lat="4.7730950" lon="-75.6336910">
    <ele>1578.8</ele>
   </trkpt>
   <trkpt lat="4.7730850" lon="-75.6336810">
    <ele>1578.8</ele>
   </trkpt>
   <trkpt lat="4.7730860" lon="-75.6336710">
    <ele>1578.9</ele>
   </trkpt>
   <trkpt lat="4.7730740" lon="-75.6336680">
    <ele>1578.9</ele>
   </trkpt>
   <trkpt lat="4.7730620" lon="-75.6336670">
    <ele>1579.0</ele>
   </trkpt>
   <trkpt lat="4.7730520" lon="-75.6336630">
    <ele>1579.0</ele>
   </trkpt>
   <trkpt lat="4.7730410" lon="-75.6336550">
    <ele>1579.1</ele>
   </trkpt>
   <trkpt lat="4.7730250" lon="-75.6336450">
    <ele>1579.2</ele>
   </trkpt>
   <trkpt lat="4.7730020" lon="-75.6336390">
    <ele>1579.3</ele>
   </trkpt>
   <trkpt lat="4.7729950" lon="-75.6336350">
    <ele>1579.4</ele>
   </trkpt>
   <trkpt lat="4.7729840" lon="-75.6336280">
    <ele>1579.4</ele>
   </trkpt>
   <trkpt lat="4.7729720" lon="-75.6336200">
    <ele>1579.4</ele>
   </trkpt>
   <trkpt lat="4.7729600" lon="-75.6336120">
    <ele>1579.4</ele>
   </trkpt>
   <trkpt lat="4.7729490" lon="-75.6336030">
    <ele>1579.5</ele>
   </trkpt>
   <trkpt lat="4.7729390" lon="-75.6335930">
    <ele>1579.5</ele>
   </trkpt>
   <trkpt lat="4.7729190" lon="-75.6335970">
    <ele>1579.5</ele>
   </trkpt>
   <trkpt lat="4.7729140" lon="-75.6335880">
    <ele>1579.5</ele>
   </trkpt>
   <trkpt lat="4.7729070" lon="-75.6335770">
    <ele>1579.6</ele>
   </trkpt>
   <trkpt lat="4.7729000" lon="-75.6335650">
    <ele>1579.6</ele>
   </trkpt>
   <trkpt lat="4.7728930" lon="-75.6335520">
    <ele>1579.6</ele>
   </trkpt>
   <trkpt lat="4.7728860" lon="-75.6335390">
    <ele>1579.6</ele>
   </trkpt>
   <trkpt lat="4.7728800" lon="-75.6335260">
    <ele>1579.7</ele>
   </trkpt>
   <trkpt lat="4.7728720" lon="-75.6335140">
    <ele>1579.7</ele>
   </trkpt>
   <trkpt lat="4.7728660" lon="-75.6335000">
    <ele>1579.7</ele>
   </trkpt>
   <trkpt lat="4.7728590" lon="-75.6334870">
    <ele>1579.8</ele>
   </trkpt>
   <trkpt lat="4.7728550" lon="-75.6334740">
    <ele>1579.8</ele>
   </trkpt>
   <trkpt lat="4.7728580" lon="-75.6334570">
    <ele>1579.8</ele>
   </trkpt>
   <trkpt lat="4.7728660" lon="-75.6334400">
    <ele>1579.9</ele>
   </trkpt>
   <trkpt lat="4.7728750" lon="-75.6334190">
    <ele>1579.9</ele>
   </trkpt>
   <trkpt lat="4.7728760" lon="-75.6334140">
    <ele>1579.9</ele>
   </trkpt>
   <trkpt lat="4.7728760" lon="-75.6334080">
    <ele>1579.9</ele>
   </trkpt>
   <trkpt lat="4.7728730" lon="-75.6334010">
    <ele>1580.0</ele>
   </trkpt>
   <trkpt lat="4.7728700" lon="-75.6333950">
    <ele>1580.0</ele>
   </trkpt>
   <trkpt lat="4.7728670" lon="-75.6333890">
    <ele>1580.0</ele>
   </trkpt>
   <trkpt lat="4.7728640" lon="-75.6333830">
    <ele>1580.0</ele>
   </trkpt>
   <trkpt lat="4.7728580" lon="-75.6333740">
    <ele>1580.0</ele>
   </trkpt>
   <trkpt lat="4.7728560" lon="-75.6333680">
    <ele>1580.0</ele>
   </trkpt>
   <trkpt lat="4.7728550" lon="-75.6333610">
    <ele>1580.0</ele>
   </trkpt>
   <trkpt lat="4.7728550" lon="-75.6333530">
    <ele>1580.0</ele>
   </trkpt>
   <trkpt lat="4.7728540" lon="-75.6333430">
    <ele>1580.0</ele>
   </trkpt>
   <trkpt lat="4.7728530" lon="-75.6333310">
    <ele>1580.1</ele>
   </trkpt>
   <trkpt lat="4.7728490" lon="-75.6333200">
    <ele>1580.1</ele>
   </trkpt>
   <trkpt lat="4.7728420" lon="-75.6333100">
    <ele>1580.1</ele>
   </trkpt>
   <trkpt lat="4.7728340" lon="-75.6333010">
    <ele>1580.1</ele>
   </trkpt>
   <trkpt lat="4.7728290" lon="-75.6332930">
    <ele>1580.1</ele>
   </trkpt>
   <trkpt lat="4.7728180" lon="-75.6332850">
    <ele>1580.1</ele>
   </trkpt>
   <trkpt lat="4.7728080" lon="-75.6332780">
    <ele>1580.1</ele>
   </trkpt>
   <trkpt lat="4.7728020" lon="-75.6332660">
    <ele>1580.1</ele>
   </trkpt>
   <trkpt lat="4.7727970" lon="-75.6332500">
    <ele>1580.1</ele>
   </trkpt>
   <trkpt lat="4.7727940" lon="-75.6332380">
    <ele>1580.2</ele>
   </trkpt>
   <trkpt lat="4.7727900" lon="-75.6332250">
    <ele>1580.2</ele>
   </trkpt>
   <trkpt lat="4.7727870" lon="-75.6332110">
    <ele>1580.2</ele>
   </trkpt>
   <trkpt lat="4.7727830" lon="-75.6331970">
    <ele>1580.2</ele>
   </trkpt>
   <trkpt lat="4.7727780" lon="-75.6331830">
    <ele>1580.2</ele>
   </trkpt>
   <trkpt lat="4.7727720" lon="-75.6331700">
    <ele>1580.2</ele>
   </trkpt>
   <trkpt lat="4.7727640" lon="-75.6331540">
    <ele>1580.2</ele>
   </trkpt>
   <trkpt lat="4.7727600" lon="-75.6331420">
    <ele>1580.2</ele>
   </trkpt>
   <trkpt lat="4.7727530" lon="-75.6331310">
    <ele>1580.2</ele>
   </trkpt>
   <trkpt lat="4.7727470" lon="-75.6331210">
    <ele>1580.2</ele>
   </trkpt>
   <trkpt lat="4.7727410" lon="-75.6331100">
    <ele>1580.2</ele>
   </trkpt>
   <trkpt lat="4.7727360" lon="-75.6331000">
    <ele>1580.2</ele>
   </trkpt>
   <trkpt lat="4.7727320" lon="-75.6330890">
    <ele>1580.2</ele>
   </trkpt>
   <trkpt lat="4.7727290" lon="-75.6330770">
    <ele>1580.2</ele>
   </trkpt>
   <trkpt lat="4.7727270" lon="-75.6330650">
    <ele>1580.2</ele>
   </trkpt>
   <trkpt lat="4.7727210" lon="-75.6330550">
    <ele>1580.2</ele>
   </trkpt>
   <trkpt lat="4.7727170" lon="-75.6330450">
    <ele>1580.3</ele>
   </trkpt>
   <trkpt lat="4.7727000" lon="-75.6330330">
    <ele>1580.3</ele>
   </trkpt>
   <trkpt lat="4.7726940" lon="-75.6330290">
    <ele>1580.3</ele>
   </trkpt>
   <trkpt lat="4.7726910" lon="-75.6330200">
    <ele>1580.3</ele>
   </trkpt>
   <trkpt lat="4.7726890" lon="-75.6330100">
    <ele>1580.3</ele>
   </trkpt>
   <trkpt lat="4.7726870" lon="-75.6330000">
    <ele>1580.3</ele>
   </trkpt>
   <trkpt lat="4.7726830" lon="-75.6329900">
    <ele>1580.3</ele>
   </trkpt>
   <trkpt lat="4.7726790" lon="-75.6329810">
    <ele>1580.3</ele>
   </trkpt>
   <trkpt lat="4.7726690" lon="-75.6329590">
    <ele>1580.3</ele>
   </trkpt>
   <trkpt lat="4.7726630" lon="-75.6329500">
    <ele>1580.3</ele>
   </trkpt>
   <trkpt lat="4.7726580" lon="-75.6329410">
    <ele>1580.3</ele>
   </trkpt>
   <trkpt lat="4.7726560" lon="-75.6329310">
    <ele>1580.3</ele>
   </trkpt>
   <trkpt lat="4.7726550" lon="-75.6329210">
    <ele>1580.3</ele>
   </trkpt>
   <trkpt lat="4.7726530" lon="-75.6329110">
    <ele>1580.3</ele>
   </trkpt>
   <trkpt lat="4.7726480" lon="-75.6328990">
    <ele>1580.3</ele>
   </trkpt>
   <trkpt lat="4.7726460" lon="-75.6328910">
    <ele>1580.3</ele>
   </trkpt>
   <trkpt lat="4.7726430" lon="-75.6328810">
    <ele>1580.3</ele>
   </trkpt>
   <trkpt lat="4.7726410" lon="-75.6328700">
    <ele>1580.3</ele>
   </trkpt>
   <trkpt lat="4.7726380" lon="-75.6328600">
    <ele>1580.3</ele>
   </trkpt>
   <trkpt lat="4.7726350" lon="-75.6328490">
    <ele>1580.3</ele>
   </trkpt>
   <trkpt lat="4.7726210" lon="-75.6328570">
    <ele>1580.3</ele>
   </trkpt>
   <trkpt lat="4.7726180" lon="-75.6328510">
    <ele>1580.3</ele>
   </trkpt>
   <trkpt lat="4.7726150" lon="-75.6328410">
    <ele>1580.3</ele>
   </trkpt>
   <trkpt lat="4.7726140" lon="-75.6328300">
    <ele>1580.3</ele>
   </trkpt>
   <trkpt lat="4.7726130" lon="-75.6328200">
    <ele>1580.3</ele>
   </trkpt>
   <trkpt lat="4.7726140" lon="-75.6328090">
    <ele>1580.3</ele>
   </trkpt>
   <trkpt lat="4.7726130" lon="-75.6327990">
    <ele>1580.3</ele>
   </trkpt>
   <trkpt lat="4.7726130" lon="-75.6327920">
    <ele>1580.3</ele>
   </trkpt>
   <trkpt lat="4.7726130" lon="-75.6327820">
    <ele>1580.3</ele>
   </trkpt>
   <trkpt lat="4.7726150" lon="-75.6327710">
    <ele>1580.3</ele>
   </trkpt>
   <trkpt lat="4.7726190" lon="-75.6327640">
    <ele>1580.3</ele>
   </trkpt>
   <trkpt lat="4.7726160" lon="-75.6327570">
    <ele>1580.3</ele>
   </trkpt>
   <trkpt lat="4.7726150" lon="-75.6327490">
    <ele>1580.3</ele>
   </trkpt>
   <trkpt lat="4.7726150" lon="-75.6327440">
    <ele>1580.3</ele>
   </trkpt>
   <trkpt lat="4.7726120" lon="-75.6327330">
    <ele>1580.3</ele>
   </trkpt>
   <trkpt lat="4.7726110" lon="-75.6327220">
    <ele>1580.3</ele>
   </trkpt>
   <trkpt lat="4.7726120" lon="-75.6327090">
    <ele>1580.3</ele>
   </trkpt>
   <trkpt lat="4.7726100" lon="-75.6326960">
    <ele>1580.3</ele>
   </trkpt>
   <trkpt lat="4.7726090" lon="-75.6326830">
    <ele>1580.4</ele>
   </trkpt>
   <trkpt lat="4.7726060" lon="-75.6326820">
    <ele>1580.4</ele>
   </trkpt>
   <trkpt lat="4.7726040" lon="-75.6326730">
    <ele>1580.4</ele>
   </trkpt>
   <trkpt lat="4.7726030" lon="-75.6326620">
    <ele>1580.4</ele>
   </trkpt>
   <trkpt lat="4.7726020" lon="-75.6326490">
    <ele>1580.4</ele>
   </trkpt>
   <trkpt lat="4.7725990" lon="-75.6326370">
    <ele>1580.4</ele>
   </trkpt>
   <trkpt lat="4.7725950" lon="-75.6326260">
    <ele>1580.4</ele>
   </trkpt>
   <trkpt lat="4.7725930" lon="-75.6326140">
    <ele>1580.4</ele>
   </trkpt>
   <trkpt lat="4.7725910" lon="-75.6326090">
    <ele>1580.4</ele>
   </trkpt>
   <trkpt lat="4.7725920" lon="-75.6325990">
    <ele>1580.4</ele>
   </trkpt>
   <trkpt lat="4.7725910" lon="-75.6325860">
    <ele>1580.4</ele>
   </trkpt>
   <trkpt lat="4.7725880" lon="-75.6325730">
    <ele>1580.5</ele>
   </trkpt>
   <trkpt lat="4.7725840" lon="-75.6325620">
    <ele>1580.5</ele>
   </trkpt>
   <trkpt lat="4.7725780" lon="-75.6325680">
    <ele>1580.5</ele>
   </trkpt>
   <trkpt lat="4.7725760" lon="-75.6325610">
    <ele>1580.5</ele>
   </trkpt>
   <trkpt lat="4.7725710" lon="-75.6325530">
    <ele>1580.5</ele>
   </trkpt>
   <trkpt lat="4.7725670" lon="-75.6325440">
    <ele>1580.5</ele>
   </trkpt>
   <trkpt lat="4.7725630" lon="-75.6325350">
    <ele>1580.5</ele>
   </trkpt>
   <trkpt lat="4.7725580" lon="-75.6325270">
    <ele>1580.6</ele>
   </trkpt>
   <trkpt lat="4.7725510" lon="-75.6325130">
    <ele>1580.6</ele>
   </trkpt>
   <trkpt lat="4.7725460" lon="-75.6325060">
    <ele>1580.6</ele>
   </trkpt>
   <trkpt lat="4.7725360" lon="-75.6325050">
    <ele>1580.6</ele>
   </trkpt>
   <trkpt lat="4.7725250" lon="-75.6325030">
    <ele>1580.7</ele>
   </trkpt>
   <trkpt lat="4.7725170" lon="-75.6324940">
    <ele>1580.7</ele>
   </trkpt>
   <trkpt lat="4.7725080" lon="-75.6324930">
    <ele>1580.7</ele>
   </trkpt>
   <trkpt lat="4.7724970" lon="-75.6325030">
    <ele>1580.7</ele>
   </trkpt>
   <trkpt lat="4.7724880" lon="-75.6325120">
    <ele>1580.8</ele>
   </trkpt>
   <trkpt lat="4.7724760" lon="-75.6325130">
    <ele>1580.8</ele>
   </trkpt>
   <trkpt lat="4.7724640" lon="-75.6325120">
    <ele>1580.8</ele>
   </trkpt>
   <trkpt lat="4.7724510" lon="-75.6325070">
    <ele>1580.9</ele>
   </trkpt>
   <trkpt lat="4.7724390" lon="-75.6324990">
    <ele>1580.9</ele>
   </trkpt>
   <trkpt lat="4.7724280" lon="-75.6324910">
    <ele>1581.0</ele>
   </trkpt>
   <trkpt lat="4.7724190" lon="-75.6324800">
    <ele>1581.0</ele>
   </trkpt>
   <trkpt lat="4.7724100" lon="-75.6324700">
    <ele>1581.1</ele>
   </trkpt>
   <trkpt lat="4.7724010" lon="-75.6324590">
    <ele>1581.1</ele>
   </trkpt>
   <trkpt lat="4.7723960" lon="-75.6324440">
    <ele>1581.2</ele>
   </trkpt>
   <trkpt lat="4.7723920" lon="-75.6324290">
    <ele>1581.2</ele>
   </trkpt>
   <trkpt lat="4.7723880" lon="-75.6324020">
    <ele>1581.3</ele>
   </trkpt>
   <trkpt lat="4.7723860" lon="-75.6323940">
    <ele>1581.4</ele>
   </trkpt>
   <trkpt lat="4.7723840" lon="-75.6323820">
    <ele>1581.4</ele>
   </trkpt>
   <trkpt lat="4.7723820" lon="-75.6323680">
    <ele>1581.5</ele>
   </trkpt>
   <trkpt lat="4.7723780" lon="-75.6323540">
    <ele>1581.5</ele>
   </trkpt>
   <trkpt lat="4.7723770" lon="-75.6323380">
    <ele>1581.6</ele>
   </trkpt>
   <trkpt lat="4.7723780" lon="-75.6323220">
    <ele>1581.7</ele>
   </trkpt>
   <trkpt lat="4.7723780" lon="-75.6323090">
    <ele>1581.7</ele>
   </trkpt>
   <trkpt lat="4.7723750" lon="-75.6322970">
    <ele>1581.8</ele>
   </trkpt>
   <trkpt lat="4.7723730" lon="-75.6322840">
    <ele>1581.9</ele>
   </trkpt>
   <trkpt lat="4.7723690" lon="-75.6322720">
    <ele>1581.9</ele>
   </trkpt>
   <trkpt lat="4.7723630" lon="-75.6322610">
    <ele>1582.0</ele>
   </trkpt>
   <trkpt lat="4.7723650" lon="-75.6322470">
    <ele>1582.1</ele>
   </trkpt>
   <trkpt lat="4.7723680" lon="-75.6322420">
    <ele>1582.1</ele>
   </trkpt>
   <trkpt lat="4.7723710" lon="-75.6322330">
    <ele>1582.1</ele>
   </trkpt>
   <trkpt lat="4.7723750" lon="-75.6322240">
    <ele>1582.2</ele>
   </trkpt>
   <trkpt lat="4.7723770" lon="-75.6322150">
    <ele>1582.2</ele>
   </trkpt>
   <trkpt lat="4.7723790" lon="-75.6322050">
    <ele>1582.3</ele>
   </trkpt>
   <trkpt lat="4.7723780" lon="-75.6321880">
    <ele>1582.4</ele>
   </trkpt>
   <trkpt lat="4.7723800" lon="-75.6321820">
    <ele>1582.4</ele>
   </trkpt>
   <trkpt lat="4.7723790" lon="-75.6321710">
    <ele>1582.5</ele>
   </trkpt>
   <trkpt lat="4.7723780" lon="-75.6321620">
    <ele>1582.5</ele>
   </trkpt>
   <trkpt lat="4.7723770" lon="-75.6321520">
    <ele>1582.6</ele>
   </trkpt>
   <trkpt lat="4.7723760" lon="-75.6321410">
    <ele>1582.6</ele>
   </trkpt>
   <trkpt lat="4.7723760" lon="-75.6321290">
    <ele>1582.7</ele>
   </trkpt>
   <trkpt lat="4.7723820" lon="-75.6321220">
    <ele>1582.7</ele>
   </trkpt>
   <trkpt lat="4.7723900" lon="-75.6321180">
    <ele>1582.8</ele>
   </trkpt>
   <trkpt lat="4.7723960" lon="-75.6321160">
    <ele>1582.8</ele>
   </trkpt>
   <trkpt lat="4.7724020" lon="-75.6321110">
    <ele>1582.9</ele>
   </trkpt>
   <trkpt lat="4.7724040" lon="-75.6321020">
    <ele>1582.9</ele>
   </trkpt>
   <trkpt lat="4.7724040" lon="-75.6320900">
    <ele>1583.0</ele>
   </trkpt>
   <trkpt lat="4.7724000" lon="-75.6320810">
    <ele>1583.1</ele>
   </trkpt>
   <trkpt lat="4.7723930" lon="-75.6320690">
    <ele>1583.1</ele>
   </trkpt>
   <trkpt lat="4.7723870" lon="-75.6320560">
    <ele>1583.2</ele>
   </trkpt>
   <trkpt lat="4.7723820" lon="-75.6320430">
    <ele>1583.3</ele>
   </trkpt>
   <trkpt lat="4.7723770" lon="-75.6320300">
    <ele>1583.4</ele>
   </trkpt>
   <trkpt lat="4.7723750" lon="-75.6320160">
    <ele>1583.5</ele>
   </trkpt>
   <trkpt lat="4.7723720" lon="-75.6320010">
    <ele>1583.6</ele>
   </trkpt>
   <trkpt lat="4.7723690" lon="-75.6319870">
    <ele>1583.7</ele>
   </trkpt>
   <trkpt lat="4.7723650" lon="-75.6319740">
    <ele>1583.8</ele>
   </trkpt>
   <trkpt lat="4.7723640" lon="-75.6319610">
    <ele>1583.8</ele>
   </trkpt>
   <trkpt lat="4.7723630" lon="-75.6319390">
    <ele>1584.0</ele>
   </trkpt>
   <trkpt lat="4.7723630" lon="-75.6319310">
    <ele>1584.0</ele>
   </trkpt>
   <trkpt lat="4.7723650" lon="-75.6319180">
    <ele>1584.1</ele>
   </trkpt>
   <trkpt lat="4.7723670" lon="-75.6319050">
    <ele>1584.2</ele>
   </trkpt>
   <trkpt lat="4.7723660" lon="-75.6318910">
    <ele>1584.3</ele>
   </trkpt>
   <trkpt lat="4.7723680" lon="-75.6318780">
    <ele>1584.3</ele>
   </trkpt>
   <trkpt lat="4.7723790" lon="-75.6318620">
    <ele>1584.5</ele>
   </trkpt>
   <trkpt lat="4.7723810" lon="-75.6318560">
    <ele>1584.5</ele>
   </trkpt>
   <trkpt lat="4.7723810" lon="-75.6318450">
    <ele>1584.6</ele>
   </trkpt>
   <trkpt lat="4.7723840" lon="-75.6318340">
    <ele>1584.6</ele>
   </trkpt>
   <trkpt lat="4.7723870" lon="-75.6318220">
    <ele>1584.7</ele>
   </trkpt>
   <trkpt lat="4.7723910" lon="-75.6318100">
    <ele>1584.8</ele>
   </trkpt>
   <trkpt lat="4.7723920" lon="-75.6317890">
    <ele>1584.9</ele>
   </trkpt>
   <trkpt lat="4.7723960" lon="-75.6317860">
    <ele>1585.0</ele>
   </trkpt>
   <trkpt lat="4.7723990" lon="-75.6317780">
    <ele>1585.0</ele>
   </trkpt>
   <trkpt lat="4.7724020" lon="-75.6317730">
    <ele>1585.0</ele>
   </trkpt>
   <trkpt lat="4.7724080" lon="-75.6317680">
    <ele>1585.1</ele>
   </trkpt>
   <trkpt lat="4.7724080" lon="-75.6317660">
    <ele>1585.1</ele>
   </trkpt>
   <trkpt lat="4.7724050" lon="-75.6317630">
    <ele>1585.1</ele>
   </trkpt>
   <trkpt lat="4.7724030" lon="-75.6317600">
    <ele>1585.2</ele>
   </trkpt>
   <trkpt lat="4.7724020" lon="-75.6317540">
    <ele>1585.2</ele>
   </trkpt>
   <trkpt lat="4.7723990" lon="-75.6317470">
    <ele>1585.3</ele>
   </trkpt>
   <trkpt lat="4.7723970" lon="-75.6317420">
    <ele>1585.3</ele>
   </trkpt>
   <trkpt lat="4.7723990" lon="-75.6317390">
    <ele>1585.3</ele>
   </trkpt>
   <trkpt lat="4.7724040" lon="-75.6317340">
    <ele>1585.4</ele>
   </trkpt>
   <trkpt lat="4.7724030" lon="-75.6317260">
    <ele>1585.4</ele>
   </trkpt>
   <trkpt lat="4.7724010" lon="-75.6317150">
    <ele>1585.5</ele>
   </trkpt>
   <trkpt lat="4.7724020" lon="-75.6317000">
    <ele>1585.6</ele>
   </trkpt>
   <trkpt lat="4.7724040" lon="-75.6316850">
    <ele>1585.7</ele>
   </trkpt>
   <trkpt lat="4.7724090" lon="-75.6316720">
    <ele>1585.8</ele>
   </trkpt>
   <trkpt lat="4.7724140" lon="-75.6316600">
    <ele>1585.9</ele>
   </trkpt>
   <trkpt lat="4.7724180" lon="-75.6316500">
    <ele>1585.9</ele>
   </trkpt>
   <trkpt lat="4.7724220" lon="-75.6316400">
    <ele>1586.0</ele>
   </trkpt>
   <trkpt lat="4.7724280" lon="-75.6316290">
    <ele>1586.1</ele>
   </trkpt>
   <trkpt lat="4.7724380" lon="-75.6316200">
    <ele>1586.2</ele>
   </trkpt>
   <trkpt lat="4.7724410" lon="-75.6316090">
    <ele>1586.3</ele>
   </trkpt>
   <trkpt lat="4.7724420" lon="-75.6315980">
    <ele>1586.3</ele>
   </trkpt>
   <trkpt lat="4.7724440" lon="-75.6315840">
    <ele>1586.4</ele>
   </trkpt>
   <trkpt lat="4.7724500" lon="-75.6315650">
    <ele>1586.5</ele>
   </trkpt>
   <trkpt lat="4.7724510" lon="-75.6315530">
    <ele>1586.6</ele>
   </trkpt>
   <trkpt lat="4.7724510" lon="-75.6315390">
    <ele>1586.7</ele>
   </trkpt>
   <trkpt lat="4.7724530" lon="-75.6315250">
    <ele>1586.8</ele>
   </trkpt>
   <trkpt lat="4.7724620" lon="-75.6315140">
    <ele>1586.9</ele>
   </trkpt>
   <trkpt lat="4.7724730" lon="-75.6315060">
    <ele>1587.0</ele>
   </trkpt>
   <trkpt lat="4.7724870" lon="-75.6314900">
    <ele>1587.1</ele>
   </trkpt>
   <trkpt lat="4.7724930" lon="-75.6314790">
    <ele>1587.2</ele>
   </trkpt>
   <trkpt lat="4.7724900" lon="-75.6314660">
    <ele>1587.3</ele>
   </trkpt>
   <trkpt lat="4.7724920" lon="-75.6314530">
    <ele>1587.4</ele>
   </trkpt>
   <trkpt lat="4.7725010" lon="-75.6314430">
    <ele>1587.5</ele>
   </trkpt>
   <trkpt lat="4.7725040" lon="-75.6314300">
    <ele>1587.6</ele>
   </trkpt>
   <trkpt lat="4.7724990" lon="-75.6314130">
    <ele>1587.7</ele>
   </trkpt>
   <trkpt lat="4.7725060" lon="-75.6314030">
    <ele>1587.8</ele>
   </trkpt>
   <trkpt lat="4.7725000" lon="-75.6313960">
    <ele>1587.8</ele>
   </trkpt>
   <trkpt lat="4.7724950" lon="-75.6313850">
    <ele>1587.9</ele>
   </trkpt>
   <trkpt lat="4.7724920" lon="-75.6313720">
    <ele>1588.0</ele>
   </trkpt>
   <trkpt lat="4.7724940" lon="-75.6313530">
    <ele>1588.1</ele>
   </trkpt>
   <trkpt lat="4.7724910" lon="-75.6313450">
    <ele>1588.2</ele>
   </trkpt>
   <trkpt lat="4.7724830" lon="-75.6313350">
    <ele>1588.3</ele>
   </trkpt>
   <trkpt lat="4.7724760" lon="-75.6313220">
    <ele>1588.4</ele>
   </trkpt>
   <trkpt lat="4.7724710" lon="-75.6313090">
    <ele>1588.5</ele>
   </trkpt>
   <trkpt lat="4.7724670" lon="-75.6312960">
    <ele>1588.6</ele>
   </trkpt>
   <trkpt lat="4.7724630" lon="-75.6312830">
    <ele>1588.7</ele>
   </trkpt>
   <trkpt lat="4.7724580" lon="-75.6312710">
    <ele>1588.8</ele>
   </trkpt>
   <trkpt lat="4.7724510" lon="-75.6312590">
    <ele>1588.9</ele>
   </trkpt>
   <trkpt lat="4.7724460" lon="-75.6312480">
    <ele>1589.0</ele>
   </trkpt>
   <trkpt lat="4.7724410" lon="-75.6312360">
    <ele>1589.1</ele>
   </trkpt>
   <trkpt lat="4.7724380" lon="-75.6312240">
    <ele>1589.2</ele>
   </trkpt>
   <trkpt lat="4.7724360" lon="-75.6312130">
    <ele>1589.3</ele>
   </trkpt>
   <trkpt lat="4.7724350" lon="-75.6312010">
    <ele>1589.4</ele>
   </trkpt>
   <trkpt lat="4.7724340" lon="-75.6311900">
    <ele>1589.4</ele>
   </trkpt>
   <trkpt lat="4.7724320" lon="-75.6311780">
    <ele>1589.5</ele>
   </trkpt>
   <trkpt lat="4.7724290" lon="-75.6311670">
    <ele>1589.6</ele>
   </trkpt>
   <trkpt lat="4.7724270" lon="-75.6311550">
    <ele>1589.7</ele>
   </trkpt>
   <trkpt lat="4.7724290" lon="-75.6311430">
    <ele>1589.8</ele>
   </trkpt>
   <trkpt lat="4.7724300" lon="-75.6311320">
    <ele>1589.9</ele>
   </trkpt>
   <trkpt lat="4.7724280" lon="-75.6311210">
    <ele>1590.0</ele>
   </trkpt>
   <trkpt lat="4.7724250" lon="-75.6311090">
    <ele>1590.1</ele>
   </trkpt>
   <trkpt lat="4.7724180" lon="-75.6310970">
    <ele>1590.2</ele>
   </trkpt>
   <trkpt lat="4.7724120" lon="-75.6310850">
    <ele>1590.3</ele>
   </trkpt>
   <trkpt lat="4.7724060" lon="-75.6310730">
    <ele>1590.4</ele>
   </trkpt>
   <trkpt lat="4.7724000" lon="-75.6310610">
    <ele>1590.5</ele>
   </trkpt>
   <trkpt lat="4.7723930" lon="-75.6310420">
    <ele>1590.7</ele>
   </trkpt>
   <trkpt lat="4.7723920" lon="-75.6310330">
    <ele>1590.8</ele>
   </trkpt>
   <trkpt lat="4.7723930" lon="-75.6310210">
    <ele>1590.9</ele>
   </trkpt>
   <trkpt lat="4.7723960" lon="-75.6310100">
    <ele>1591.0</ele>
   </trkpt>
   <trkpt lat="4.7723950" lon="-75.6309980">
    <ele>1591.1</ele>
   </trkpt>
   <trkpt lat="4.7723980" lon="-75.6309880">
    <ele>1591.2</ele>
   </trkpt>
   <trkpt lat="4.7724010" lon="-75.6309820">
    <ele>1591.3</ele>
   </trkpt>
   <trkpt lat="4.7723960" lon="-75.6309740">
    <ele>1591.4</ele>
   </trkpt>
   <trkpt lat="4.7723890" lon="-75.6309660">
    <ele>1591.5</ele>
   </trkpt>
   <trkpt lat="4.7723820" lon="-75.6309550">
    <ele>1591.6</ele>
   </trkpt>
   <trkpt lat="4.7723780" lon="-75.6309450">
    <ele>1591.8</ele>
   </trkpt>
   <trkpt lat="4.7723730" lon="-75.6309340">
    <ele>1591.9</ele>
   </trkpt>
   <trkpt lat="4.7723650" lon="-75.6309250">
    <ele>1592.0</ele>
   </trkpt>
   <trkpt lat="4.7723560" lon="-75.6309150">
    <ele>1592.1</ele>
   </trkpt>
   <trkpt lat="4.7723430" lon="-75.6309010">
    <ele>1592.4</ele>
   </trkpt>
   <trkpt lat="4.7723390" lon="-75.6308980">
    <ele>1592.4</ele>
   </trkpt>
   <trkpt lat="4.7723330" lon="-75.6308890">
    <ele>1592.5</ele>
   </trkpt>
   <trkpt lat="4.7723290" lon="-75.6308790">
    <ele>1592.6</ele>
   </trkpt>
   <trkpt lat="4.7723260" lon="-75.6308680">
    <ele>1592.8</ele>
   </trkpt>
   <trkpt lat="4.7723200" lon="-75.6308580">
    <ele>1592.9</ele>
   </trkpt>
   <trkpt lat="4.7723140" lon="-75.6308460">
    <ele>1593.1</ele>
   </trkpt>
   <trkpt lat="4.7723070" lon="-75.6308350">
    <ele>1593.2</ele>
   </trkpt>
   <trkpt lat="4.7723070" lon="-75.6308270">
    <ele>1593.3</ele>
   </trkpt>
   <trkpt lat="4.7723090" lon="-75.6308210">
    <ele>1593.4</ele>
   </trkpt>
   <trkpt lat="4.7723040" lon="-75.6308140">
    <ele>1593.5</ele>
   </trkpt>
   <trkpt lat="4.7723010" lon="-75.6308070">
    <ele>1593.6</ele>
   </trkpt>
   <trkpt lat="4.7722950" lon="-75.6307910">
    <ele>1593.7</ele>
   </trkpt>
   <trkpt lat="4.7722940" lon="-75.6307820">
    <ele>1593.9</ele>
   </trkpt>
   <trkpt lat="4.7722860" lon="-75.6307720">
    <ele>1594.0</ele>
   </trkpt>
   <trkpt lat="4.7722800" lon="-75.6307670">
    <ele>1594.1</ele>
   </trkpt>
   <trkpt lat="4.7722720" lon="-75.6307580">
    <ele>1594.2</ele>
   </trkpt>
   <trkpt lat="4.7722630" lon="-75.6307540">
    <ele>1594.3</ele>
   </trkpt>
   <trkpt lat="4.7722560" lon="-75.6307520">
    <ele>1594.4</ele>
   </trkpt>
   <trkpt lat="4.7722460" lon="-75.6307460">
    <ele>1594.5</ele>
   </trkpt>
   <trkpt lat="4.7722420" lon="-75.6307370">
    <ele>1594.7</ele>
   </trkpt>
   <trkpt lat="4.7722470" lon="-75.6307300">
    <ele>1594.8</ele>
   </trkpt>
   <trkpt lat="4.7722310" lon="-75.6307280">
    <ele>1594.9</ele>
   </trkpt>
   <trkpt lat="4.7722260" lon="-75.6307250">
    <ele>1595.0</ele>
   </trkpt>
   <trkpt lat="4.7722200" lon="-75.6307320">
    <ele>1595.1</ele>
   </trkpt>
   <trkpt lat="4.7722130" lon="-75.6307510">
    <ele>1595.3</ele>
   </trkpt>
   <trkpt lat="4.7722070" lon="-75.6307680">
    <ele>1595.5</ele>
   </trkpt>
   <trkpt lat="4.7722090" lon="-75.6307670">
    <ele>1595.5</ele>
   </trkpt>
   <trkpt lat="4.7722090" lon="-75.6307520">
    <ele>1595.7</ele>
   </trkpt>
   <trkpt lat="4.7722030" lon="-75.6307390">
    <ele>1595.8</ele>
   </trkpt>
   <trkpt lat="4.7721970" lon="-75.6307100">
    <ele>1596.2</ele>
   </trkpt>
   <trkpt lat="4.7721870" lon="-75.6306860">
    <ele>1596.4</ele>
   </trkpt>
   <trkpt lat="4.7721810" lon="-75.6306740">
    <ele>1596.6</ele>
   </trkpt>
   <trkpt lat="4.7721680" lon="-75.6306670">
    <ele>1596.7</ele>
   </trkpt>
   <trkpt lat="4.7721540" lon="-75.6306620">
    <ele>1596.8</ele>
   </trkpt>
   <trkpt lat="4.7721400" lon="-75.6306580">
    <ele>1597.0</ele>
   </trkpt>
   <trkpt lat="4.7721250" lon="-75.6306560">
    <ele>1597.1</ele>
   </trkpt>
   <trkpt lat="4.7721100" lon="-75.6306540">
    <ele>1597.3</ele>
   </trkpt>
   <trkpt lat="4.7720960" lon="-75.6306490">
    <ele>1597.4</ele>
   </trkpt>
   <trkpt lat="4.7720770" lon="-75.6306420">
    <ele>1597.6</ele>
   </trkpt>
   <trkpt lat="4.7720710" lon="-75.6306320">
    <ele>1597.7</ele>
   </trkpt>
   <trkpt lat="4.7720580" lon="-75.6306300">
    <ele>1597.8</ele>
   </trkpt>
   <trkpt lat="4.7720440" lon="-75.6306300">
    <ele>1597.9</ele>
   </trkpt>
   <trkpt lat="4.7720340" lon="-75.6306250">
    <ele>1598.0</ele>
   </trkpt>
   <trkpt lat="4.7720190" lon="-75.6306230">
    <ele>1598.1</ele>
   </trkpt>
   <trkpt lat="4.7720040" lon="-75.6306220">
    <ele>1598.2</ele>
   </trkpt>
   <trkpt lat="4.7719950" lon="-75.6306180">
    <ele>1598.3</ele>
   </trkpt>
   <trkpt lat="4.7719870" lon="-75.6306120">
    <ele>1598.3</ele>
   </trkpt>
   <trkpt lat="4.7719810" lon="-75.6306060">
    <ele>1598.4</ele>
   </trkpt>
   <trkpt lat="4.7719750" lon="-75.6306000">
    <ele>1598.4</ele>
   </trkpt>
   <trkpt lat="4.7719680" lon="-75.6305970">
    <ele>1598.5</ele>
   </trkpt>
   <trkpt lat="4.7719570" lon="-75.6306100">
    <ele>1598.6</ele>
   </trkpt>
   <trkpt lat="4.7719410" lon="-75.6306250">
    <ele>1598.7</ele>
   </trkpt>
   <trkpt lat="4.7719260" lon="-75.6306340">
    <ele>1598.8</ele>
   </trkpt>
   <trkpt lat="4.7719120" lon="-75.6306420">
    <ele>1598.9</ele>
   </trkpt>
   <trkpt lat="4.7718980" lon="-75.6306460">
    <ele>1599.0</ele>
   </trkpt>
   <trkpt lat="4.7718840" lon="-75.6306480">
    <ele>1599.1</ele>
   </trkpt>
   <trkpt lat="4.7718700" lon="-75.6306480">
    <ele>1599.1</ele>
   </trkpt>
   <trkpt lat="4.7718540" lon="-75.6306460">
    <ele>1599.2</ele>
   </trkpt>
   <trkpt lat="4.7718400" lon="-75.6306420">
    <ele>1599.3</ele>
   </trkpt>
   <trkpt lat="4.7718260" lon="-75.6306410">
    <ele>1599.3</ele>
   </trkpt>
   <trkpt lat="4.7718120" lon="-75.6306430">
    <ele>1599.4</ele>
   </trkpt>
   <trkpt lat="4.7717970" lon="-75.6306460">
    <ele>1599.5</ele>
   </trkpt>
   <trkpt lat="4.7717820" lon="-75.6306480">
    <ele>1599.5</ele>
   </trkpt>
   <trkpt lat="4.7717680" lon="-75.6306500">
    <ele>1599.6</ele>
   </trkpt>
   <trkpt lat="4.7717530" lon="-75.6306520">
    <ele>1599.6</ele>
   </trkpt>
   <trkpt lat="4.7717390" lon="-75.6306510">
    <ele>1599.7</ele>
   </trkpt>
   <trkpt lat="4.7717240" lon="-75.6306490">
    <ele>1599.7</ele>
   </trkpt>
   <trkpt lat="4.7717110" lon="-75.6306480">
    <ele>1599.8</ele>
   </trkpt>
   <trkpt lat="4.7716960" lon="-75.6306420">
    <ele>1599.8</ele>
   </trkpt>
   <trkpt lat="4.7716810" lon="-75.6306320">
    <ele>1599.9</ele>
   </trkpt>
   <trkpt lat="4.7716620" lon="-75.6306240">
    <ele>1599.9</ele>
   </trkpt>
   <trkpt lat="4.7716530" lon="-75.6306230">
    <ele>1600.0</ele>
   </trkpt>
   <trkpt lat="4.7716450" lon="-75.6306130">
    <ele>1600.0</ele>
   </trkpt>
   <trkpt lat="4.7716390" lon="-75.6306020">
    <ele>1600.0</ele>
   </trkpt>
   <trkpt lat="4.7716340" lon="-75.6305950">
    <ele>1600.1</ele>
   </trkpt>
   <trkpt lat="4.7716260" lon="-75.6305930">
    <ele>1600.1</ele>
   </trkpt>
   <trkpt lat="4.7716160" lon="-75.6305920">
    <ele>1600.1</ele>
   </trkpt>
   <trkpt lat="4.7716060" lon="-75.6305920">
    <ele>1600.2</ele>
   </trkpt>
   <trkpt lat="4.7715940" lon="-75.6305900">
    <ele>1600.2</ele>
   </trkpt>
   <trkpt lat="4.7715810" lon="-75.6305900">
    <ele>1600.2</ele>
   </trkpt>
   <trkpt lat="4.7715670" lon="-75.6305920">
    <ele>1600.3</ele>
   </trkpt>
   <trkpt lat="4.7715540" lon="-75.6305970">
    <ele>1600.3</ele>
   </trkpt>
   <trkpt lat="4.7715410" lon="-75.6305980">
    <ele>1600.4</ele>
   </trkpt>
   <trkpt lat="4.7715300" lon="-75.6305970">
    <ele>1600.4</ele>
   </trkpt>
   <trkpt lat="4.7715210" lon="-75.6305940">
    <ele>1600.4</ele>
   </trkpt>
   <trkpt lat="4.7715150" lon="-75.6305910">
    <ele>1600.4</ele>
   </trkpt>
   <trkpt lat="4.7715060" lon="-75.6305880">
    <ele>1600.5</ele>
   </trkpt>
   <trkpt lat="4.7714950" lon="-75.6305860">
    <ele>1600.5</ele>
   </trkpt>
   <trkpt lat="4.7714830" lon="-75.6305850">
    <ele>1600.6</ele>
   </trkpt>
   <trkpt lat="4.7714690" lon="-75.6305880">
    <ele>1600.6</ele>
   </trkpt>
   <trkpt lat="4.7714620" lon="-75.6305870">
    <ele>1600.6</ele>
   </trkpt>
   <trkpt lat="4.7714510" lon="-75.6305850">
    <ele>1600.7</ele>
   </trkpt>
   <trkpt lat="4.7714400" lon="-75.6305810">
    <ele>1600.7</ele>
   </trkpt>
   <trkpt lat="4.7714300" lon="-75.6305730">
    <ele>1600.8</ele>
   </trkpt>
   <trkpt lat="4.7714190" lon="-75.6305660">
    <ele>1600.8</ele>
   </trkpt>
   <trkpt lat="4.7714090" lon="-75.6305580">
    <ele>1600.9</ele>
   </trkpt>
   <trkpt lat="4.7714010" lon="-75.6305490">
    <ele>1600.9</ele>
   </trkpt>
   <trkpt lat="4.7713940" lon="-75.6305400">
    <ele>1600.9</ele>
   </trkpt>
   <trkpt lat="4.7713880" lon="-75.6305300">
    <ele>1601.0</ele>
   </trkpt>
   <trkpt lat="4.7713830" lon="-75.6305200">
    <ele>1601.0</ele>
   </trkpt>
   <trkpt lat="4.7713790" lon="-75.6305080">
    <ele>1601.0</ele>
   </trkpt>
   <trkpt lat="4.7713700" lon="-75.6304910">
    <ele>1601.1</ele>
   </trkpt>
   <trkpt lat="4.7713660" lon="-75.6304840">
    <ele>1601.1</ele>
   </trkpt>
   <trkpt lat="4.7713590" lon="-75.6304740">
    <ele>1601.2</ele>
   </trkpt>
   <trkpt lat="4.7713510" lon="-75.6304640">
    <ele>1601.2</ele>
   </trkpt>
   <trkpt lat="4.7713450" lon="-75.6304540">
    <ele>1601.2</ele>
   </trkpt>
   <trkpt lat="4.7713390" lon="-75.6304460">
    <ele>1601.3</ele>
   </trkpt>
   <trkpt lat="4.7713330" lon="-75.6304380">
    <ele>1601.3</ele>
   </trkpt>
   <trkpt lat="4.7713270" lon="-75.6304290">
    <ele>1601.3</ele>
   </trkpt>
   <trkpt lat="4.7713210" lon="-75.6304200">
    <ele>1601.3</ele>
   </trkpt>
   <trkpt lat="4.7713160" lon="-75.6304110">
    <ele>1601.4</ele>
   </trkpt>
   <trkpt lat="4.7713090" lon="-75.6304010">
    <ele>1601.4</ele>
   </trkpt>
   <trkpt lat="4.7713020" lon="-75.6303920">
    <ele>1601.4</ele>
   </trkpt>
   <trkpt lat="4.7712950" lon="-75.6303830">
    <ele>1601.5</ele>
   </trkpt>
   <trkpt lat="4.7712870" lon="-75.6303730">
    <ele>1601.5</ele>
   </trkpt>
   <trkpt lat="4.7712790" lon="-75.6303650">
    <ele>1601.5</ele>
   </trkpt>
   <trkpt lat="4.7712710" lon="-75.6303560">
    <ele>1601.5</ele>
   </trkpt>
   <trkpt lat="4.7712630" lon="-75.6303470">
    <ele>1601.6</ele>
   </trkpt>
   <trkpt lat="4.7712550" lon="-75.6303380">
    <ele>1601.6</ele>
   </trkpt>
   <trkpt lat="4.7712470" lon="-75.6303280">
    <ele>1601.6</ele>
   </trkpt>
   <trkpt lat="4.7712370" lon="-75.6303170">
    <ele>1601.7</ele>
   </trkpt>
   <trkpt lat="4.7712330" lon="-75.6303100">
    <ele>1601.7</ele>
   </trkpt>
   <trkpt lat="4.7712390" lon="-75.6302990">
    <ele>1601.7</ele>
   </trkpt>
   <trkpt lat="4.7712460" lon="-75.6302920">
    <ele>1601.7</ele>
   </trkpt>
   <trkpt lat="4.7712400" lon="-75.6302840">
    <ele>1601.7</ele>
   </trkpt>
   <trkpt lat="4.7712300" lon="-75.6302810">
    <ele>1601.7</ele>
   </trkpt>
   <trkpt lat="4.7712170" lon="-75.6302860">
    <ele>1601.8</ele>
   </trkpt>
   <trkpt lat="4.7712100" lon="-75.6302810">
    <ele>1601.8</ele>
   </trkpt>
   <trkpt lat="4.7712020" lon="-75.6302740">
    <ele>1601.8</ele>
   </trkpt>
   <trkpt lat="4.7711920" lon="-75.6302620">
    <ele>1601.8</ele>
   </trkpt>
   <trkpt lat="4.7711830" lon="-75.6302470">
    <ele>1601.8</ele>
   </trkpt>
   <trkpt lat="4.7711740" lon="-75.6302290">
    <ele>1601.9</ele>
   </trkpt>
   <trkpt lat="4.7711690" lon="-75.6302210">
    <ele>1601.9</ele>
   </trkpt>
   <trkpt lat="4.7711630" lon="-75.6302100">
    <ele>1601.9</ele>
   </trkpt>
   <trkpt lat="4.7711600" lon="-75.6301970">
    <ele>1601.9</ele>
   </trkpt>
   <trkpt lat="4.7711570" lon="-75.6301830">
    <ele>1601.9</ele>
   </trkpt>
   <trkpt lat="4.7711490" lon="-75.6301730">
    <ele>1601.9</ele>
   </trkpt>
   <trkpt lat="4.7711360" lon="-75.6301600">
    <ele>1602.0</ele>
   </trkpt>
   <trkpt lat="4.7711300" lon="-75.6301530">
    <ele>1602.0</ele>
   </trkpt>
   <trkpt lat="4.7711220" lon="-75.6301430">
    <ele>1602.0</ele>
   </trkpt>
   <trkpt lat="4.7711130" lon="-75.6301330">
    <ele>1602.0</ele>
   </trkpt>
   <trkpt lat="4.7711050" lon="-75.6301230">
    <ele>1602.0</ele>
   </trkpt>
   <trkpt lat="4.7711000" lon="-75.6301110">
    <ele>1602.0</ele>
   </trkpt>
   <trkpt lat="4.7710940" lon="-75.6300940">
    <ele>1602.0</ele>
   </trkpt>
   <trkpt lat="4.7710970" lon="-75.6300850">
    <ele>1602.1</ele>
   </trkpt>
   <trkpt lat="4.7711080" lon="-75.6300780">
    <ele>1602.1</ele>
   </trkpt>
   <trkpt lat="4.7710980" lon="-75.6300750">
    <ele>1602.1</ele>
   </trkpt>
   <trkpt lat="4.7710910" lon="-75.6300710">
    <ele>1602.1</ele>
   </trkpt>
   <trkpt lat="4.7710830" lon="-75.6300650">
    <ele>1602.1</ele>
   </trkpt>
   <trkpt lat="4.7710730" lon="-75.6300550">
    <ele>1602.1</ele>
   </trkpt>
   <trkpt lat="4.7710590" lon="-75.6300390">
    <ele>1602.1</ele>
   </trkpt>
   <trkpt lat="4.7710510" lon="-75.6300270">
    <ele>1602.1</ele>
   </trkpt>
   <trkpt lat="4.7710420" lon="-75.6300170">
    <ele>1602.1</ele>
   </trkpt>
   <trkpt lat="4.7710320" lon="-75.6300070">
    <ele>1602.1</ele>
   </trkpt>
   <trkpt lat="4.7710240" lon="-75.6299970">
    <ele>1602.2</ele>
   </trkpt>
   <trkpt lat="4.7710150" lon="-75.6299880">
    <ele>1602.2</ele>
   </trkpt>
   <trkpt lat="4.7710060" lon="-75.6299800">
    <ele>1602.2</ele>
   </trkpt>
   <trkpt lat="4.7709960" lon="-75.6299740">
    <ele>1602.2</ele>
   </trkpt>
   <trkpt lat="4.7709860" lon="-75.6299670">
    <ele>1602.2</ele>
   </trkpt>
   <trkpt lat="4.7709760" lon="-75.6299600">
    <ele>1602.2</ele>
   </trkpt>
   <trkpt lat="4.7709660" lon="-75.6299530">
    <ele>1602.2</ele>
   </trkpt>
   <trkpt lat="4.7709580" lon="-75.6299490">
    <ele>1602.2</ele>
   </trkpt>
   <trkpt lat="4.7709510" lon="-75.6299440">
    <ele>1602.2</ele>
   </trkpt>
   <trkpt lat="4.7709450" lon="-75.6299360">
    <ele>1602.2</ele>
   </trkpt>
   <trkpt lat="4.7709390" lon="-75.6299260">
    <ele>1602.2</ele>
   </trkpt>
   <trkpt lat="4.7709340" lon="-75.6299160">
    <ele>1602.2</ele>
   </trkpt>
   <trkpt lat="4.7709270" lon="-75.6299060">
    <ele>1602.2</ele>
   </trkpt>
   <trkpt lat="4.7709220" lon="-75.6298950">
    <ele>1602.2</ele>
   </trkpt>
   <trkpt lat="4.7709200" lon="-75.6298860">
    <ele>1602.2</ele>
   </trkpt>
   <trkpt lat="4.7709240" lon="-75.6298750">
    <ele>1602.2</ele>
   </trkpt>
   <trkpt lat="4.7709260" lon="-75.6298650">
    <ele>1602.2</ele>
   </trkpt>
   <trkpt lat="4.7709260" lon="-75.6298560">
    <ele>1602.2</ele>
   </trkpt>
   <trkpt lat="4.7709210" lon="-75.6298430">
    <ele>1602.2</ele>
   </trkpt>
   <trkpt lat="4.7709180" lon="-75.6298390">
    <ele>1602.2</ele>
   </trkpt>
   <trkpt lat="4.7709140" lon="-75.6298300">
    <ele>1602.2</ele>
   </trkpt>
   <trkpt lat="4.7709110" lon="-75.6298220">
    <ele>1602.2</ele>
   </trkpt>
   <trkpt lat="4.7709110" lon="-75.6298120">
    <ele>1602.2</ele>
   </trkpt>
   <trkpt lat="4.7709120" lon="-75.6298020">
    <ele>1602.2</ele>
   </trkpt>
   <trkpt lat="4.7709120" lon="-75.6297920">
    <ele>1602.2</ele>
   </trkpt>
   <trkpt lat="4.7709090" lon="-75.6297840">
    <ele>1602.2</ele>
   </trkpt>
   <trkpt lat="4.7709060" lon="-75.6297760">
    <ele>1602.2</ele>
   </trkpt>
   <trkpt lat="4.7709010" lon="-75.6297670">
    <ele>1602.2</ele>
   </trkpt>
   <trkpt lat="4.7708970" lon="-75.6297580">
    <ele>1602.2</ele>
   </trkpt>
   <trkpt lat="4.7708940" lon="-75.6297460">
    <ele>1602.2</ele>
   </trkpt>
   <trkpt lat="4.7708940" lon="-75.6297350">
    <ele>1602.2</ele>
   </trkpt>
   <trkpt lat="4.7708920" lon="-75.6297240">
    <ele>1602.2</ele>
   </trkpt>
   <trkpt lat="4.7708910" lon="-75.6297110">
    <ele>1602.1</ele>
   </trkpt>
   <trkpt lat="4.7708900" lon="-75.6296990">
    <ele>1602.1</ele>
   </trkpt>
   <trkpt lat="4.7708820" lon="-75.6296830">
    <ele>1602.1</ele>
   </trkpt>
   <trkpt lat="4.7708830" lon="-75.6296760">
    <ele>1602.1</ele>
   </trkpt>
   <trkpt lat="4.7708940" lon="-75.6296660">
    <ele>1602.1</ele>
   </trkpt>
   <trkpt lat="4.7709020" lon="-75.6296560">
    <ele>1602.1</ele>
   </trkpt>
   <trkpt lat="4.7709010" lon="-75.6296420">
    <ele>1602.1</ele>
   </trkpt>
   <trkpt lat="4.7708990" lon="-75.6296290">
    <ele>1602.1</ele>
   </trkpt>
   <trkpt lat="4.7708940" lon="-75.6296150">
    <ele>1602.1</ele>
   </trkpt>
   <trkpt lat="4.7708900" lon="-75.6296040">
    <ele>1602.1</ele>
   </trkpt>
   <trkpt lat="4.7708860" lon="-75.6295910">
    <ele>1602.1</ele>
   </trkpt>
   <trkpt lat="4.7708830" lon="-75.6295760">
    <ele>1602.1</ele>
   </trkpt>
   <trkpt lat="4.7708860" lon="-75.6295660">
    <ele>1602.1</ele>
   </trkpt>
   <trkpt lat="4.7708810" lon="-75.6295510">
    <ele>1602.1</ele>
   </trkpt>
   <trkpt lat="4.7708750" lon="-75.6295420">
    <ele>1602.1</ele>
   </trkpt>
   <trkpt lat="4.7708670" lon="-75.6295330">
    <ele>1602.1</ele>
   </trkpt>
   <trkpt lat="4.7708600" lon="-75.6295220">
    <ele>1602.1</ele>
   </trkpt>
   <trkpt lat="4.7708560" lon="-75.6295110">
    <ele>1602.1</ele>
   </trkpt>
   <trkpt lat="4.7708490" lon="-75.6294940">
    <ele>1602.1</ele>
   </trkpt>
   <trkpt lat="4.7708460" lon="-75.6294870">
    <ele>1602.1</ele>
   </trkpt>
   <trkpt lat="4.7708450" lon="-75.6294770">
    <ele>1602.2</ele>
   </trkpt>
   <trkpt lat="4.7708420" lon="-75.6294660">
    <ele>1602.2</ele>
   </trkpt>
   <trkpt lat="4.7708390" lon="-75.6294550">
    <ele>1602.2</ele>
   </trkpt>
   <trkpt lat="4.7708350" lon="-75.6294450">
    <ele>1602.2</ele>
   </trkpt>
   <trkpt lat="4.7708300" lon="-75.6294310">
    <ele>1602.2</ele>
   </trkpt>
   <trkpt lat="4.7708290" lon="-75.6294220">
    <ele>1602.2</ele>
   </trkpt>
   <trkpt lat="4.7708270" lon="-75.6294110">
    <ele>1602.2</ele>
   </trkpt>
   <trkpt lat="4.7708250" lon="-75.6294000">
    <ele>1602.3</ele>
   </trkpt>
   <trkpt lat="4.7708230" lon="-75.6293890">
    <ele>1602.3</ele>
   </trkpt>
   <trkpt lat="4.7708210" lon="-75.6293720">
    <ele>1602.3</ele>
   </trkpt>
   <trkpt lat="4.7708210" lon="-75.6293650">
    <ele>1602.3</ele>
   </trkpt>
   <trkpt lat="4.7708210" lon="-75.6293520">
    <ele>1602.3</ele>
   </trkpt>
   <trkpt lat="4.7708200" lon="-75.6293390">
    <ele>1602.4</ele>
   </trkpt>
   <trkpt lat="4.7708190" lon="-75.6293260">
    <ele>1602.4</ele>
   </trkpt>
   <trkpt lat="4.7708130" lon="-75.6293080">
    <ele>1602.5</ele>
   </trkpt>
   <trkpt lat="4.7708110" lon="-75.6293010">
    <ele>1602.5</ele>
   </trkpt>
   <trkpt lat="4.7708080" lon="-75.6292900">
    <ele>1602.5</ele>
   </trkpt>
   <trkpt lat="4.7708060" lon="-75.6292780">
    <ele>1602.5</ele>
   </trkpt>
   <trkpt lat="4.7708040" lon="-75.6292670">
    <ele>1602.6</ele>
   </trkpt>
   <trkpt lat="4.7708020" lon="-75.6292550">
    <ele>1602.6</ele>
   </trkpt>
   <trkpt lat="4.7707980" lon="-75.6292400">
    <ele>1602.7</ele>
   </trkpt>
   <trkpt lat="4.7707950" lon="-75.6292280">
    <ele>1602.7</ele>
   </trkpt>
   <trkpt lat="4.7707930" lon="-75.6292150">
    <ele>1602.8</ele>
   </trkpt>
   <trkpt lat="4.7707900" lon="-75.6292010">
    <ele>1602.8</ele>
   </trkpt>
   <trkpt lat="4.7707890" lon="-75.6291880">
    <ele>1602.9</ele>
   </trkpt>
   <trkpt lat="4.7707850" lon="-75.6291730">
    <ele>1603.0</ele>
   </trkpt>
   <trkpt lat="4.7707810" lon="-75.6291640">
    <ele>1603.0</ele>
   </trkpt>
   <trkpt lat="4.7707780" lon="-75.6291530">
    <ele>1603.1</ele>
   </trkpt>
   <trkpt lat="4.7707740" lon="-75.6291420">
    <ele>1603.1</ele>
   </trkpt>
   <trkpt lat="4.7707710" lon="-75.6291310">
    <ele>1603.2</ele>
   </trkpt>
   <trkpt lat="4.7707690" lon="-75.6291200">
    <ele>1603.2</ele>
   </trkpt>
   <trkpt lat="4.7707670" lon="-75.6291080">
    <ele>1603.3</ele>
   </trkpt>
   <trkpt lat="4.7707630" lon="-75.6290970">
    <ele>1603.3</ele>
   </trkpt>
   <trkpt lat="4.7707590" lon="-75.6290840">
    <ele>1603.4</ele>
   </trkpt>
   <trkpt lat="4.7707560" lon="-75.6290710">
    <ele>1603.5</ele>
   </trkpt>
   <trkpt lat="4.7707540" lon="-75.6290580">
    <ele>1603.6</ele>
   </trkpt>
   <trkpt lat="4.7707530" lon="-75.6290440">
    <ele>1603.6</ele>
   </trkpt>
   <trkpt lat="4.7707530" lon="-75.6290310">
    <ele>1603.7</ele>
   </trkpt>
   <trkpt lat="4.7707530" lon="-75.6290180">
    <ele>1603.8</ele>
   </trkpt>
   <trkpt lat="4.7707530" lon="-75.6290030">
    <ele>1603.9</ele>
   </trkpt>
   <trkpt lat="4.7707490" lon="-75.6289920">
    <ele>1603.9</ele>
   </trkpt>
   <trkpt lat="4.7707440" lon="-75.6289770">
    <ele>1604.0</ele>
   </trkpt>
   <trkpt lat="4.7707390" lon="-75.6289630">
    <ele>1604.1</ele>
   </trkpt>
   <trkpt lat="4.7707330" lon="-75.6289510">
    <ele>1604.2</ele>
   </trkpt>
   <trkpt lat="4.7707260" lon="-75.6289400">
    <ele>1604.2</ele>
   </trkpt>
   <trkpt lat="4.7707200" lon="-75.6289290">
    <ele>1604.3</ele>
   </trkpt>
   <trkpt lat="4.7707140" lon="-75.6289190">
    <ele>1604.4</ele>
   </trkpt>
   <trkpt lat="4.7707040" lon="-75.6289020">
    <ele>1604.5</ele>
   </trkpt>
   <trkpt lat="4.7707010" lon="-75.6288970">
    <ele>1604.5</ele>
   </trkpt>
   <trkpt lat="4.7706950" lon="-75.6288860">
    <ele>1604.6</ele>
   </trkpt>
   <trkpt lat="4.7706880" lon="-75.6288780">
    <ele>1604.7</ele>
   </trkpt>
   <trkpt lat="4.7706790" lon="-75.6288690">
    <ele>1604.7</ele>
   </trkpt>
   <trkpt lat="4.7706720" lon="-75.6288600">
    <ele>1604.8</ele>
   </trkpt>
   <trkpt lat="4.7706640" lon="-75.6288500">
    <ele>1604.9</ele>
   </trkpt>
   <trkpt lat="4.7706570" lon="-75.6288400">
    <ele>1604.9</ele>
   </trkpt>
   <trkpt lat="4.7706490" lon="-75.6288310">
    <ele>1605.0</ele>
   </trkpt>
   <trkpt lat="4.7706370" lon="-75.6288210">
    <ele>1605.1</ele>
   </trkpt>
   <trkpt lat="4.7706300" lon="-75.6288140">
    <ele>1605.1</ele>
   </trkpt>
   <trkpt lat="4.7706200" lon="-75.6288070">
    <ele>1605.2</ele>
   </trkpt>
   <trkpt lat="4.7706090" lon="-75.6287990">
    <ele>1605.3</ele>
   </trkpt>
   <trkpt lat="4.7705960" lon="-75.6287890">
    <ele>1605.3</ele>
   </trkpt>
   <trkpt lat="4.7705840" lon="-75.6287790">
    <ele>1605.4</ele>
   </trkpt>
   <trkpt lat="4.7705740" lon="-75.6287700">
    <ele>1605.5</ele>
   </trkpt>
   <trkpt lat="4.7705630" lon="-75.6287620">
    <ele>1605.5</ele>
   </trkpt>
   <trkpt lat="4.7705540" lon="-75.6287530">
    <ele>1605.6</ele>
   </trkpt>
   <trkpt lat="4.7705560" lon="-75.6287410">
    <ele>1605.6</ele>
   </trkpt>
   <trkpt lat="4.7705570" lon="-75.6287320">
    <ele>1605.6</ele>
   </trkpt>
   <trkpt lat="4.7705360" lon="-75.6287340">
    <ele>1605.7</ele>
   </trkpt>
   <trkpt lat="4.7705220" lon="-75.6287250">
    <ele>1605.8</ele>
   </trkpt>
   <trkpt lat="4.7705080" lon="-75.6287170">
    <ele>1605.9</ele>
   </trkpt>
   <trkpt lat="4.7704940" lon="-75.6287090">
    <ele>1605.9</ele>
   </trkpt>
   <trkpt lat="4.7704810" lon="-75.6287020">
    <ele>1606.0</ele>
   </trkpt>
   <trkpt lat="4.7704690" lon="-75.6286930">
    <ele>1606.0</ele>
   </trkpt>
   <trkpt lat="4.7704580" lon="-75.6286830">
    <ele>1606.1</ele>
   </trkpt>
   <trkpt lat="4.7704420" lon="-75.6286720">
    <ele>1606.1</ele>
   </trkpt>
   <trkpt lat="4.7704360" lon="-75.6286670">
    <ele>1606.1</ele>
   </trkpt>
   <trkpt lat="4.7704270" lon="-75.6286590">
    <ele>1606.2</ele>
   </trkpt>
   <trkpt lat="4.7704170" lon="-75.6286500">
    <ele>1606.2</ele>
   </trkpt>
   <trkpt lat="4.7704070" lon="-75.6286410">
    <ele>1606.2</ele>
   </trkpt>
   <trkpt lat="4.7703970" lon="-75.6286330">
    <ele>1606.3</ele>
   </trkpt>
   <trkpt lat="4.7703860" lon="-75.6286260">
    <ele>1606.3</ele>
   </trkpt>
   <trkpt lat="4.7703760" lon="-75.6286180">
    <ele>1606.3</ele>
   </trkpt>
   <trkpt lat="4.7703650" lon="-75.6286100">
    <ele>1606.3</ele>
   </trkpt>
   <trkpt lat="4.7703530" lon="-75.6286020">
    <ele>1606.3</ele>
   </trkpt>
   <trkpt lat="4.7703420" lon="-75.6285920">
    <ele>1606.4</ele>
   </trkpt>
   <trkpt lat="4.7703310" lon="-75.6285830">
    <ele>1606.4</ele>
   </trkpt>
   <trkpt lat="4.7703200" lon="-75.6285750">
    <ele>1606.4</ele>
   </trkpt>
   <trkpt lat="4.7703100" lon="-75.6285660">
    <ele>1606.4</ele>
   </trkpt>
   <trkpt lat="4.7703010" lon="-75.6285570">
    <ele>1606.4</ele>
   </trkpt>
   <trkpt lat="4.7702930" lon="-75.6285460">
    <ele>1606.4</ele>
   </trkpt>
   <trkpt lat="4.7702840" lon="-75.6285370">
    <ele>1606.4</ele>
   </trkpt>
   <trkpt lat="4.7702730" lon="-75.6285290">
    <ele>1606.4</ele>
   </trkpt>
   <trkpt lat="4.7702620" lon="-75.6285240">
    <ele>1606.4</ele>
   </trkpt>
   <trkpt lat="4.7702510" lon="-75.6285170">
    <ele>1606.3</ele>
   </trkpt>
   <trkpt lat="4.7702390" lon="-75.6285090">
    <ele>1606.3</ele>
   </trkpt>
   <trkpt lat="4.7702280" lon="-75.6284980">
    <ele>1606.3</ele>
   </trkpt>
   <trkpt lat="4.7702200" lon="-75.6284860">
    <ele>1606.3</ele>
   </trkpt>
   <trkpt lat="4.7702110" lon="-75.6284770">
    <ele>1606.3</ele>
   </trkpt>
   <trkpt lat="4.7701970" lon="-75.6284650">
    <ele>1606.2</ele>
   </trkpt>
   <trkpt lat="4.7701890" lon="-75.6284570">
    <ele>1606.2</ele>
   </trkpt>
   <trkpt lat="4.7701820" lon="-75.6284440">
    <ele>1606.2</ele>
   </trkpt>
   <trkpt lat="4.7701770" lon="-75.6284290">
    <ele>1606.2</ele>
   </trkpt>
   <trkpt lat="4.7701740" lon="-75.6284140">
    <ele>1606.1</ele>
   </trkpt>
   <trkpt lat="4.7701720" lon="-75.6283990">
    <ele>1606.1</ele>
   </trkpt>
   <trkpt lat="4.7701700" lon="-75.6283850">
    <ele>1606.1</ele>
   </trkpt>
   <trkpt lat="4.7701700" lon="-75.6283720">
    <ele>1606.1</ele>
   </trkpt>
   <trkpt lat="4.7701720" lon="-75.6283570">
    <ele>1606.0</ele>
   </trkpt>
   <trkpt lat="4.7701800" lon="-75.6283440">
    <ele>1606.0</ele>
   </trkpt>
   <trkpt lat="4.7701950" lon="-75.6283380">
    <ele>1605.9</ele>
   </trkpt>
   <trkpt lat="4.7702090" lon="-75.6283380">
    <ele>1605.9</ele>
   </trkpt>
   <trkpt lat="4.7702180" lon="-75.6283400">
    <ele>1605.9</ele>
   </trkpt>
   <trkpt lat="4.7702170" lon="-75.6283510">
    <ele>1605.9</ele>
   </trkpt>
   <trkpt lat="4.7702070" lon="-75.6283630">
    <ele>1605.8</ele>
   </trkpt>
   <trkpt lat="4.7702000" lon="-75.6283690">
    <ele>1605.8</ele>
   </trkpt>
   <trkpt lat="4.7701970" lon="-75.6283730">
    <ele>1605.8</ele>
   </trkpt>
   <trkpt lat="4.7701970" lon="-75.6283760">
    <ele>1605.8</ele>
   </trkpt>
   <trkpt lat="4.7701980" lon="-75.6283780">
    <ele>1605.8</ele>
   </trkpt>
   <trkpt lat="4.7701980" lon="-75.6283790">
    <ele>1605.8</ele>
   </trkpt>
   <trkpt lat="4.7701980" lon="-75.6283790">
    <ele>1605.8</ele>
   </trkpt>
   <trkpt lat="4.7701960" lon="-75.6283800">
    <ele>1605.8</ele>
   </trkpt>
   <trkpt lat="4.7701940" lon="-75.6283800">
    <ele>1605.8</ele>
   </trkpt>
   <trkpt lat="4.7701930" lon="-75.6283800">
    <ele>1605.7</ele>
   </trkpt>
   <trkpt lat="4.7701900" lon="-75.6283800">
    <ele>1605.7</ele>
   </trkpt>
   <trkpt lat="4.7701900" lon="-75.6283800">
    <ele>1605.7</ele>
   </trkpt>
   <trkpt lat="4.7701870" lon="-75.6283800">
    <ele>1605.7</ele>
   </trkpt>
   <trkpt lat="4.7701850" lon="-75.6283780">
    <ele>1605.7</ele>
   </trkpt>
   <trkpt lat="4.7701830" lon="-75.6283700">
    <ele>1605.7</ele>
   </trkpt>
   <trkpt lat="4.7701820" lon="-75.6283600">
    <ele>1605.7</ele>
   </trkpt>
   <trkpt lat="4.7701830" lon="-75.6283420">
    <ele>1605.6</ele>
   </trkpt>
   <trkpt lat="4.7701850" lon="-75.6283280">
    <ele>1605.6</ele>
   </trkpt>
   <trkpt lat="4.7701810" lon="-75.6283130">
    <ele>1605.6</ele>
   </trkpt>
   <trkpt lat="4.7701680" lon="-75.6282990">
    <ele>1605.5</ele>
   </trkpt>
   <trkpt lat="4.7701490" lon="-75.6282880">
    <ele>1605.4</ele>
   </trkpt>
   <trkpt lat="4.7701340" lon="-75.6282790">
    <ele>1605.4</ele>
   </trkpt>
   <trkpt lat="4.7701200" lon="-75.6282720">
    <ele>1605.4</ele>
   </trkpt>
   <trkpt lat="4.7701060" lon="-75.6282660">
    <ele>1605.3</ele>
   </trkpt>
   <trkpt lat="4.7700920" lon="-75.6282610">
    <ele>1605.3</ele>
   </trkpt>
   <trkpt lat="4.7700790" lon="-75.6282550">
    <ele>1605.2</ele>
   </trkpt>
   <trkpt lat="4.7700680" lon="-75.6282450">
    <ele>1605.2</ele>
   </trkpt>
   <trkpt lat="4.7700600" lon="-75.6282320">
    <ele>1605.2</ele>
   </trkpt>
   <trkpt lat="4.7700540" lon="-75.6282180">
    <ele>1605.1</ele>
   </trkpt>
   <trkpt lat="4.7700450" lon="-75.6282080">
    <ele>1605.1</ele>
   </trkpt>
   <trkpt lat="4.7700390" lon="-75.6281960">
    <ele>1605.1</ele>
   </trkpt>
   <trkpt lat="4.7700400" lon="-75.6281820">
    <ele>1605.0</ele>
   </trkpt>
   <trkpt lat="4.7700350" lon="-75.6281690">
    <ele>1605.0</ele>
   </trkpt>
   <trkpt lat="4.7700260" lon="-75.6281580">
    <ele>1605.0</ele>
   </trkpt>
   <trkpt lat="4.7700140" lon="-75.6281520">
    <ele>1604.9</ele>
   </trkpt>
   <trkpt lat="4.7699990" lon="-75.6281450">
    <ele>1604.9</ele>
   </trkpt>
   <trkpt lat="4.7699880" lon="-75.6281400">
    <ele>1604.8</ele>
   </trkpt>
   <trkpt lat="4.7699760" lon="-75.6281340">
    <ele>1604.8</ele>
   </trkpt>
   <trkpt lat="4.7699640" lon="-75.6281270">
    <ele>1604.8</ele>
   </trkpt>
   <trkpt lat="4.7699530" lon="-75.6281210">
    <ele>1604.7</ele>
   </trkpt>
   <trkpt lat="4.7699390" lon="-75.6281130">
    <ele>1604.7</ele>
   </trkpt>
   <trkpt lat="4.7699300" lon="-75.6281090">
    <ele>1604.7</ele>
   </trkpt>
   <trkpt lat="4.7699210" lon="-75.6281010">
    <ele>1604.6</ele>
   </trkpt>
   <trkpt lat="4.7699120" lon="-75.6280930">
    <ele>1604.6</ele>
   </trkpt>
   <trkpt lat="4.7699020" lon="-75.6280850">
    <ele>1604.6</ele>
   </trkpt>
   <trkpt lat="4.7698920" lon="-75.6280780">
    <ele>1604.5</ele>
   </trkpt>
   <trkpt lat="4.7698830" lon="-75.6280690">
    <ele>1604.5</ele>
   </trkpt>
   <trkpt lat="4.7698750" lon="-75.6280600">
    <ele>1604.5</ele>
   </trkpt>
   <trkpt lat="4.7698680" lon="-75.6280500">
    <ele>1604.5</ele>
   </trkpt>
   <trkpt lat="4.7698610" lon="-75.6280400">
    <ele>1604.4</ele>
   </trkpt>
   <trkpt lat="4.7698550" lon="-75.6280290">
    <ele>1604.4</ele>
   </trkpt>
   <trkpt lat="4.7698480" lon="-75.6280160">
    <ele>1604.4</ele>
   </trkpt>
   <trkpt lat="4.7698430" lon="-75.6280070">
    <ele>1604.4</ele>
   </trkpt>
   <trkpt lat="4.7698360" lon="-75.6279980">
    <ele>1604.3</ele>
   </trkpt>
   <trkpt lat="4.7698270" lon="-75.6279890">
    <ele>1604.3</ele>
   </trkpt>
   <trkpt lat="4.7698180" lon="-75.6279800">
    <ele>1604.3</ele>
   </trkpt>
   <trkpt lat="4.7698040" lon="-75.6279640">
    <ele>1604.3</ele>
   </trkpt>
   <trkpt lat="4.7698000" lon="-75.6279590">
    <ele>1604.3</ele>
   </trkpt>
   <trkpt lat="4.7697920" lon="-75.6279490">
    <ele>1604.3</ele>
   </trkpt>
   <trkpt lat="4.7697840" lon="-75.6279390">
    <ele>1604.3</ele>
   </trkpt>
   <trkpt lat="4.7697740" lon="-75.6279280">
    <ele>1604.3</ele>
   </trkpt>
   <trkpt lat="4.7697660" lon="-75.6279180">
    <ele>1604.2</ele>
   </trkpt>
   <trkpt lat="4.7697600" lon="-75.6279060">
    <ele>1604.2</ele>
   </trkpt>
   <trkpt lat="4.7697530" lon="-75.6278960">
    <ele>1604.2</ele>
   </trkpt>
   <trkpt lat="4.7697450" lon="-75.6278870">
    <ele>1604.2</ele>
   </trkpt>
   <trkpt lat="4.7697370" lon="-75.6278760">
    <ele>1604.2</ele>
   </trkpt>
   <trkpt lat="4.7697330" lon="-75.6278650">
    <ele>1604.3</ele>
   </trkpt>
   <trkpt lat="4.7697260" lon="-75.6278560">
    <ele>1604.3</ele>
   </trkpt>
   <trkpt lat="4.7697200" lon="-75.6278470">
    <ele>1604.3</ele>
   </trkpt>
   <trkpt lat="4.7697140" lon="-75.6278360">
    <ele>1604.3</ele>
   </trkpt>
   <trkpt lat="4.7697070" lon="-75.6278190">
    <ele>1604.3</ele>
   </trkpt>
   <trkpt lat="4.7697040" lon="-75.6278100">
    <ele>1604.3</ele>
   </trkpt>
   <trkpt lat="4.7697000" lon="-75.6277990">
    <ele>1604.3</ele>
   </trkpt>
   <trkpt lat="4.7696960" lon="-75.6277870">
    <ele>1604.4</ele>
   </trkpt>
   <trkpt lat="4.7696910" lon="-75.6277740">
    <ele>1604.4</ele>
   </trkpt>
   <trkpt lat="4.7696860" lon="-75.6277620">
    <ele>1604.4</ele>
   </trkpt>
   <trkpt lat="4.7696810" lon="-75.6277480">
    <ele>1604.5</ele>
   </trkpt>
   <trkpt lat="4.7696780" lon="-75.6277380">
    <ele>1604.5</ele>
   </trkpt>
   <trkpt lat="4.7696740" lon="-75.6277260">
    <ele>1604.5</ele>
   </trkpt>
   <trkpt lat="4.7696710" lon="-75.6277140">
    <ele>1604.5</ele>
   </trkpt>
   <trkpt lat="4.7696660" lon="-75.6277010">
    <ele>1604.6</ele>
   </trkpt>
   <trkpt lat="4.7696620" lon="-75.6276880">
    <ele>1604.6</ele>
   </trkpt>
   <trkpt lat="4.7696550" lon="-75.6276740">
    <ele>1604.6</ele>
   </trkpt>
   <trkpt lat="4.7696490" lon="-75.6276630">
    <ele>1604.7</ele>
   </trkpt>
   <trkpt lat="4.7696420" lon="-75.6276510">
    <ele>1604.7</ele>
   </trkpt>
   <trkpt lat="4.7696340" lon="-75.6276400">
    <ele>1604.7</ele>
   </trkpt>
   <trkpt lat="4.7696270" lon="-75.6276300">
    <ele>1604.8</ele>
   </trkpt>
   <trkpt lat="4.7696200" lon="-75.6276180">
    <ele>1604.8</ele>
   </trkpt>
   <trkpt lat="4.7696170" lon="-75.6276060">
    <ele>1604.9</ele>
   </trkpt>
   <trkpt lat="4.7696210" lon="-75.6275910">
    <ele>1604.9</ele>
   </trkpt>
   <trkpt lat="4.7696240" lon="-75.6275770">
    <ele>1605.0</ele>
   </trkpt>
   <trkpt lat="4.7696280" lon="-75.6275650">
    <ele>1605.0</ele>
   </trkpt>
   <trkpt lat="4.7696330" lon="-75.6275470">
    <ele>1605.1</ele>
   </trkpt>
   <trkpt lat="4.7696220" lon="-75.6275390">
    <ele>1605.1</ele>
   </trkpt>
   <trkpt lat="4.7696040" lon="-75.6275300">
    <ele>1605.2</ele>
   </trkpt>
   <trkpt lat="4.7695890" lon="-75.6275230">
    <ele>1605.2</ele>
   </trkpt>
   <trkpt lat="4.7695780" lon="-75.6275140">
    <ele>1605.3</ele>
   </trkpt>
   <trkpt lat="4.7695640" lon="-75.6275090">
    <ele>1605.3</ele>
   </trkpt>
   <trkpt lat="4.7695460" lon="-75.6275030">
    <ele>1605.4</ele>
   </trkpt>
   <trkpt lat="4.7695340" lon="-75.6274990">
    <ele>1605.4</ele>
   </trkpt>
   <trkpt lat="4.7695210" lon="-75.6274930">
    <ele>1605.5</ele>
   </trkpt>
   <trkpt lat="4.7695110" lon="-75.6274880">
    <ele>1605.5</ele>
   </trkpt>
   <trkpt lat="4.7695000" lon="-75.6274820">
    <ele>1605.6</ele>
   </trkpt>
   <trkpt lat="4.7694860" lon="-75.6274720">
    <ele>1605.6</ele>
   </trkpt>
   <trkpt lat="4.7694800" lon="-75.6274690">
    <ele>1605.6</ele>
   </trkpt>
   <trkpt lat="4.7694700" lon="-75.6274650">
    <ele>1605.7</ele>
   </trkpt>
   <trkpt lat="4.7694590" lon="-75.6274610">
    <ele>1605.7</ele>
   </trkpt>
   <trkpt lat="4.7694480" lon="-75.6274580">
    <ele>1605.7</ele>
   </trkpt>
   <trkpt lat="4.7694360" lon="-75.6274550">
    <ele>1605.8</ele>
   </trkpt>
   <trkpt lat="4.7694180" lon="-75.6274520">
    <ele>1605.9</ele>
   </trkpt>
   <trkpt lat="4.7694040" lon="-75.6274530">
    <ele>1605.9</ele>
   </trkpt>
   <trkpt lat="4.7693900" lon="-75.6274500">
    <ele>1605.9</ele>
   </trkpt>
   <trkpt lat="4.7693720" lon="-75.6274510">
    <ele>1606.0</ele>
   </trkpt>
   <trkpt lat="4.7693560" lon="-75.6274510">
    <ele>1606.1</ele>
   </trkpt>
   <trkpt lat="4.7693410" lon="-75.6274520">
    <ele>1606.1</ele>
   </trkpt>
   <trkpt lat="4.7693260" lon="-75.6274520">
    <ele>1606.2</ele>
   </trkpt>
   <trkpt lat="4.7693150" lon="-75.6274500">
    <ele>1606.2</ele>
   </trkpt>
   <trkpt lat="4.7693030" lon="-75.6274480">
    <ele>1606.3</ele>
   </trkpt>
   <trkpt lat="4.7692920" lon="-75.6274460">
    <ele>1606.3</ele>
   </trkpt>
   <trkpt lat="4.7692820" lon="-75.6274430">
    <ele>1606.3</ele>
   </trkpt>
   <trkpt lat="4.7692730" lon="-75.6274410">
    <ele>1606.4</ele>
   </trkpt>
   <trkpt lat="4.7692630" lon="-75.6274380">
    <ele>1606.4</ele>
   </trkpt>
   <trkpt lat="4.7692540" lon="-75.6274370">
    <ele>1606.4</ele>
   </trkpt>
   <trkpt lat="4.7692450" lon="-75.6274330">
    <ele>1606.5</ele>
   </trkpt>
   <trkpt lat="4.7692370" lon="-75.6274280">
    <ele>1606.5</ele>
   </trkpt>
   <trkpt lat="4.7692290" lon="-75.6274210">
    <ele>1606.6</ele>
   </trkpt>
   <trkpt lat="4.7692180" lon="-75.6274130">
    <ele>1606.6</ele>
   </trkpt>
   <trkpt lat="4.7692090" lon="-75.6274100">
    <ele>1606.7</ele>
   </trkpt>
   <trkpt lat="4.7692000" lon="-75.6274050">
    <ele>1606.7</ele>
   </trkpt>
   <trkpt lat="4.7691920" lon="-75.6273980">
    <ele>1606.7</ele>
   </trkpt>
   <trkpt lat="4.7691820" lon="-75.6273930">
    <ele>1606.8</ele>
   </trkpt>
   <trkpt lat="4.7691700" lon="-75.6273910">
    <ele>1606.8</ele>
   </trkpt>
   <trkpt lat="4.7691550" lon="-75.6273920">
    <ele>1606.9</ele>
   </trkpt>
   <trkpt lat="4.7691440" lon="-75.6273910">
    <ele>1607.0</ele>
   </trkpt>
   <trkpt lat="4.7691330" lon="-75.6273910">
    <ele>1607.0</ele>
   </trkpt>
   <trkpt lat="4.7691230" lon="-75.6273900">
    <ele>1607.1</ele>
   </trkpt>
   <trkpt lat="4.7691140" lon="-75.6273880">
    <ele>1607.1</ele>
   </trkpt>
   <trkpt lat="4.7691000" lon="-75.6273850">
    <ele>1607.2</ele>
   </trkpt>
   <trkpt lat="4.7690940" lon="-75.6273830">
    <ele>1607.2</ele>
   </trkpt>
   <trkpt lat="4.7690830" lon="-75.6273810">
    <ele>1607.3</ele>
   </trkpt>
   <trkpt lat="4.7690740" lon="-75.6273790">
    <ele>1607.3</ele>
   </trkpt>
   <trkpt lat="4.7690640" lon="-75.6273780">
    <ele>1607.4</ele>
   </trkpt>
   <trkpt lat="4.7690550" lon="-75.6273770">
    <ele>1607.4</ele>
   </trkpt>
   <trkpt lat="4.7690440" lon="-75.6273730">
    <ele>1607.5</ele>
   </trkpt>
   <trkpt lat="4.7690380" lon="-75.6273710">
    <ele>1607.5</ele>
   </trkpt>
   <trkpt lat="4.7690290" lon="-75.6273690">
    <ele>1607.6</ele>
   </trkpt>
   <trkpt lat="4.7690210" lon="-75.6273640">
    <ele>1607.6</ele>
   </trkpt>
   <trkpt lat="4.7690140" lon="-75.6273590">
    <ele>1607.7</ele>
   </trkpt>
   <trkpt lat="4.7690050" lon="-75.6273560">
    <ele>1607.7</ele>
   </trkpt>
   <trkpt lat="4.7689990" lon="-75.6273510">
    <ele>1607.8</ele>
   </trkpt>
   <trkpt lat="4.7689970" lon="-75.6273420">
    <ele>1607.8</ele>
   </trkpt>
   <trkpt lat="4.7689910" lon="-75.6273360">
    <ele>1607.9</ele>
   </trkpt>
   <trkpt lat="4.7689830" lon="-75.6273330">
    <ele>1607.9</ele>
   </trkpt>
   <trkpt lat="4.7689810" lon="-75.6273260">
    <ele>1608.0</ele>
   </trkpt>
   <trkpt lat="4.7689810" lon="-75.6273180">
    <ele>1608.0</ele>
   </trkpt>
   <trkpt lat="4.7689880" lon="-75.6273120">
    <ele>1608.1</ele>
   </trkpt>
   <trkpt lat="4.7689930" lon="-75.6273080">
    <ele>1608.1</ele>
   </trkpt>
   <trkpt lat="4.7689940" lon="-75.6273090">
    <ele>1608.1</ele>
   </trkpt>
   <trkpt lat="4.7689960" lon="-75.6273090">
    <ele>1608.2</ele>
   </trkpt>
   <trkpt lat="4.7689970" lon="-75.6273080">
    <ele>1608.2</ele>
   </trkpt>
   <trkpt lat="4.7689990" lon="-75.6273030">
    <ele>1608.2</ele>
   </trkpt>
   <trkpt lat="4.7690020" lon="-75.6272980">
    <ele>1608.2</ele>
   </trkpt>
   <trkpt lat="4.7690030" lon="-75.6272930">
    <ele>1608.3</ele>
   </trkpt>
   <trkpt lat="4.7690010" lon="-75.6272940">
    <ele>1608.3</ele>
   </trkpt>
   <trkpt lat="4.7689990" lon="-75.6272940">
    <ele>1608.3</ele>
   </trkpt>
   <trkpt lat="4.7689990" lon="-75.6272940">
    <ele>1608.3</ele>
   </trkpt>
   <trkpt lat="4.7689980" lon="-75.6272940">
    <ele>1608.3</ele>
   </trkpt>
   <trkpt lat="4.7689980" lon="-75.6272940">
    <ele>1608.3</ele>
   </trkpt>
   <trkpt lat="4.7689980" lon="-75.6272940">
    <ele>1608.3</ele>
   </trkpt>
   <trkpt lat="4.7689980" lon="-75.6272930">
    <ele>1608.3</ele>
   </trkpt>
   <trkpt lat="4.7689980" lon="-75.6272920">
    <ele>1608.3</ele>
   </trkpt>
   <trkpt lat="4.7689980" lon="-75.6272920">
    <ele>1608.3</ele>
   </trkpt>
   <trkpt lat="4.7689990" lon="-75.6272930">
    <ele>1608.3</ele>
   </trkpt>
   <trkpt lat="4.7689990" lon="-75.6272950">
    <ele>1608.3</ele>
   </trkpt>
   <trkpt lat="4.7689980" lon="-75.6272960">
    <ele>1608.3</ele>
   </trkpt>
   <trkpt lat="4.7689970" lon="-75.6272980">
    <ele>1608.4</ele>
   </trkpt>
   <trkpt lat="4.7689950" lon="-75.6272980">
    <ele>1608.4</ele>
   </trkpt>
   <trkpt lat="4.7689890" lon="-75.6272940">
    <ele>1608.4</ele>
   </trkpt>
   <trkpt lat="4.7689820" lon="-75.6272860">
    <ele>1608.5</ele>
   </trkpt>
   <trkpt lat="4.7689650" lon="-75.6272890">
    <ele>1608.6</ele>
   </trkpt>
   <trkpt lat="4.7689570" lon="-75.6272870">
    <ele>1608.7</ele>
   </trkpt>
   <trkpt lat="4.7689480" lon="-75.6272840">
    <ele>1608.7</ele>
   </trkpt>
   <trkpt lat="4.7689400" lon="-75.6272800">
    <ele>1608.8</ele>
   </trkpt>
   <trkpt lat="4.7689310" lon="-75.6272770">
    <ele>1608.8</ele>
   </trkpt>
   <trkpt lat="4.7689200" lon="-75.6272770">
    <ele>1608.9</ele>
   </trkpt>
   <trkpt lat="4.7689090" lon="-75.6272760">
    <ele>1609.0</ele>
   </trkpt>
   <trkpt lat="4.7688970" lon="-75.6272760">
    <ele>1609.1</ele>
   </trkpt>
   <trkpt lat="4.7688840" lon="-75.6272760">
    <ele>1609.1</ele>
   </trkpt>
   <trkpt lat="4.7688730" lon="-75.6272760">
    <ele>1609.2</ele>
   </trkpt>
   <trkpt lat="4.7688620" lon="-75.6272760">
    <ele>1609.3</ele>
   </trkpt>
   <trkpt lat="4.7688460" lon="-75.6272740">
    <ele>1609.4</ele>
   </trkpt>
   <trkpt lat="4.7688410" lon="-75.6272730">
    <ele>1609.4</ele>
   </trkpt>
   <trkpt lat="4.7688310" lon="-75.6272700">
    <ele>1609.5</ele>
   </trkpt>
   <trkpt lat="4.7688210" lon="-75.6272680">
    <ele>1609.6</ele>
   </trkpt>
   <trkpt lat="4.7688110" lon="-75.6272640">
    <ele>1609.7</ele>
   </trkpt>
   <trkpt lat="4.7688010" lon="-75.6272620">
    <ele>1609.7</ele>
   </trkpt>
   <trkpt lat="4.7687900" lon="-75.6272590">
    <ele>1609.8</ele>
   </trkpt>
   <trkpt lat="4.7687830" lon="-75.6272560">
    <ele>1609.9</ele>
   </trkpt>
   <trkpt lat="4.7687730" lon="-75.6272540">
    <ele>1609.9</ele>
   </trkpt>
   <trkpt lat="4.7687640" lon="-75.6272520">
    <ele>1610.0</ele>
   </trkpt>
   <trkpt lat="4.7687550" lon="-75.6272490">
    <ele>1610.1</ele>
   </trkpt>
   <trkpt lat="4.7687460" lon="-75.6272480">
    <ele>1610.1</ele>
   </trkpt>
   <trkpt lat="4.7687350" lon="-75.6272470">
    <ele>1610.2</ele>
   </trkpt>
   <trkpt lat="4.7687270" lon="-75.6272460">
    <ele>1610.3</ele>
   </trkpt>
   <trkpt lat="4.7687170" lon="-75.6272420">
    <ele>1610.3</ele>
   </trkpt>
   <trkpt lat="4.7687070" lon="-75.6272410">
    <ele>1610.4</ele>
   </trkpt>
   <trkpt lat="4.7686980" lon="-75.6272370">
    <ele>1610.5</ele>
   </trkpt>
   <trkpt lat="4.7686890" lon="-75.6272330">
    <ele>1610.6</ele>
   </trkpt>
   <trkpt lat="4.7686780" lon="-75.6272350">
    <ele>1610.6</ele>
   </trkpt>
   <trkpt lat="4.7686670" lon="-75.6272350">
    <ele>1610.7</ele>
   </trkpt>
   <trkpt lat="4.7686570" lon="-75.6272350">
    <ele>1610.8</ele>
   </trkpt>
   <trkpt lat="4.7686460" lon="-75.6272340">
    <ele>1610.9</ele>
   </trkpt>
   <trkpt lat="4.7686360" lon="-75.6272310">
    <ele>1611.0</ele>
   </trkpt>
   <trkpt lat="4.7686220" lon="-75.6272290">
    <ele>1611.1</ele>
   </trkpt>
   <trkpt lat="4.7686120" lon="-75.6272280">
    <ele>1611.2</ele>
   </trkpt>
   <trkpt lat="4.7686010" lon="-75.6272260">
    <ele>1611.2</ele>
   </trkpt>
   <trkpt lat="4.7685900" lon="-75.6272240">
    <ele>1611.3</ele>
   </trkpt>
   <trkpt lat="4.7685790" lon="-75.6272230">
    <ele>1611.4</ele>
   </trkpt>
   <trkpt lat="4.7685680" lon="-75.6272220">
    <ele>1611.5</ele>
   </trkpt>
   <trkpt lat="4.7685560" lon="-75.6272200">
    <ele>1611.6</ele>
   </trkpt>
   <trkpt lat="4.7685470" lon="-75.6272180">
    <ele>1611.7</ele>
   </trkpt>
   <trkpt lat="4.7685360" lon="-75.6272150">
    <ele>1611.7</ele>
   </trkpt>
   <trkpt lat="4.7685250" lon="-75.6272120">
    <ele>1611.8</ele>
   </trkpt>
   <trkpt lat="4.7685150" lon="-75.6272070">
    <ele>1611.9</ele>
   </trkpt>
   <trkpt lat="4.7685050" lon="-75.6272040">
    <ele>1612.0</ele>
   </trkpt>
   <trkpt lat="4.7684940" lon="-75.6272020">
    <ele>1612.1</ele>
   </trkpt>
   <trkpt lat="4.7684830" lon="-75.6272000">
    <ele>1612.2</ele>
   </trkpt>
   <trkpt lat="4.7684740" lon="-75.6271970">
    <ele>1612.3</ele>
   </trkpt>
   <trkpt lat="4.7684650" lon="-75.6271940">
    <ele>1612.4</ele>
   </trkpt>
   <trkpt lat="4.7684560" lon="-75.6271910">
    <ele>1612.4</ele>
   </trkpt>
   <trkpt lat="4.7684450" lon="-75.6271870">
    <ele>1612.5</ele>
   </trkpt>
   <trkpt lat="4.7684380" lon="-75.6271840">
    <ele>1612.6</ele>
   </trkpt>
   <trkpt lat="4.7684290" lon="-75.6271800">
    <ele>1612.7</ele>
   </trkpt>
   <trkpt lat="4.7684200" lon="-75.6271770">
    <ele>1612.8</ele>
   </trkpt>
   <trkpt lat="4.7684100" lon="-75.6271740">
    <ele>1612.8</ele>
   </trkpt>
   <trkpt lat="4.7684010" lon="-75.6271710">
    <ele>1612.9</ele>
   </trkpt>
   <trkpt lat="4.7683910" lon="-75.6271640">
    <ele>1613.0</ele>
   </trkpt>
   <trkpt lat="4.7683830" lon="-75.6271620">
    <ele>1613.1</ele>
   </trkpt>
   <trkpt lat="4.7683710" lon="-75.6271580">
    <ele>1613.2</ele>
   </trkpt>
   <trkpt lat="4.7683590" lon="-75.6271550">
    <ele>1613.3</ele>
   </trkpt>
   <trkpt lat="4.7683460" lon="-75.6271500">
    <ele>1613.4</ele>
   </trkpt>
   <trkpt lat="4.7683330" lon="-75.6271450">
    <ele>1613.5</ele>
   </trkpt>
   <trkpt lat="4.7683180" lon="-75.6271420">
    <ele>1613.7</ele>
   </trkpt>
   <trkpt lat="4.7683080" lon="-75.6271370">
    <ele>1613.7</ele>
   </trkpt>
   <trkpt lat="4.7682970" lon="-75.6271340">
    <ele>1613.8</ele>
   </trkpt>
   <trkpt lat="4.7682850" lon="-75.6271290">
    <ele>1613.9</ele>
   </trkpt>
   <trkpt lat="4.7682760" lon="-75.6271210">
    <ele>1614.0</ele>
   </trkpt>
   <trkpt lat="4.7682680" lon="-75.6271090">
    <ele>1614.1</ele>
   </trkpt>
   <trkpt lat="4.7682670" lon="-75.6271060">
    <ele>1614.1</ele>
   </trkpt>
   <trkpt lat="4.7682620" lon="-75.6271020">
    <ele>1614.2</ele>
   </trkpt>
   <trkpt lat="4.7682550" lon="-75.6271000">
    <ele>1614.2</ele>
   </trkpt>
   <trkpt lat="4.7682470" lon="-75.6270960">
    <ele>1614.3</ele>
   </trkpt>
   <trkpt lat="4.7682380" lon="-75.6270930">
    <ele>1614.4</ele>
   </trkpt>
   <trkpt lat="4.7682230" lon="-75.6270870">
    <ele>1614.5</ele>
   </trkpt>
   <trkpt lat="4.7682190" lon="-75.6270830">
    <ele>1614.5</ele>
   </trkpt>
   <trkpt lat="4.7682110" lon="-75.6270750">
    <ele>1614.6</ele>
   </trkpt>
   <trkpt lat="4.7682020" lon="-75.6270660">
    <ele>1614.7</ele>
   </trkpt>
   <trkpt lat="4.7681960" lon="-75.6270560">
    <ele>1614.8</ele>
   </trkpt>
   <trkpt lat="4.7681890" lon="-75.6270450">
    <ele>1614.9</ele>
   </trkpt>
   <trkpt lat="4.7681810" lon="-75.6270330">
    <ele>1615.0</ele>
   </trkpt>
   <trkpt lat="4.7681750" lon="-75.6270220">
    <ele>1615.1</ele>
   </trkpt>
   <trkpt lat="4.7681680" lon="-75.6270110">
    <ele>1615.2</ele>
   </trkpt>
   <trkpt lat="4.7681620" lon="-75.6270000">
    <ele>1615.3</ele>
   </trkpt>
   <trkpt lat="4.7681550" lon="-75.6269890">
    <ele>1615.3</ele>
   </trkpt>
   <trkpt lat="4.7681450" lon="-75.6269760">
    <ele>1615.5</ele>
   </trkpt>
   <trkpt lat="4.7681400" lon="-75.6269700">
    <ele>1615.5</ele>
   </trkpt>
   <trkpt lat="4.7681340" lon="-75.6269600">
    <ele>1615.6</ele>
   </trkpt>
   <trkpt lat="4.7681280" lon="-75.6269520">
    <ele>1615.7</ele>
   </trkpt>
   <trkpt lat="4.7681180" lon="-75.6269470">
    <ele>1615.7</ele>
   </trkpt>
   <trkpt lat="4.7681060" lon="-75.6269420">
    <ele>1615.8</ele>
   </trkpt>
   <trkpt lat="4.7680910" lon="-75.6269340">
    <ele>1615.9</ele>
   </trkpt>
   <trkpt lat="4.7680840" lon="-75.6269290">
    <ele>1616.0</ele>
   </trkpt>
   <trkpt lat="4.7680720" lon="-75.6269270">
    <ele>1616.1</ele>
   </trkpt>
   <trkpt lat="4.7680610" lon="-75.6269240">
    <ele>1616.1</ele>
   </trkpt>
   <trkpt lat="4.7680500" lon="-75.6269190">
    <ele>1616.2</ele>
   </trkpt>
   <trkpt lat="4.7680410" lon="-75.6269100">
    <ele>1616.3</ele>
   </trkpt>
   <trkpt lat="4.7680340" lon="-75.6269010">
    <ele>1616.4</ele>
   </trkpt>
   <trkpt lat="4.7680260" lon="-75.6268910">
    <ele>1616.5</ele>
   </trkpt>
   <trkpt lat="4.7680190" lon="-75.6268820">
    <ele>1616.5</ele>
   </trkpt>
   <trkpt lat="4.7680120" lon="-75.6268710">
    <ele>1616.6</ele>
   </trkpt>
   <trkpt lat="4.7680080" lon="-75.6268590">
    <ele>1616.7</ele>
   </trkpt>
   <trkpt lat="4.7680050" lon="-75.6268450">
    <ele>1616.8</ele>
   </trkpt>
   <trkpt lat="4.7680000" lon="-75.6268350">
    <ele>1616.9</ele>
   </trkpt>
   <trkpt lat="4.7679900" lon="-75.6268290">
    <ele>1616.9</ele>
   </trkpt>
   <trkpt lat="4.7679770" lon="-75.6268240">
    <ele>1617.0</ele>
   </trkpt>
   <trkpt lat="4.7679630" lon="-75.6268210">
    <ele>1617.1</ele>
   </trkpt>
   <trkpt lat="4.7679490" lon="-75.6268160">
    <ele>1617.2</ele>
   </trkpt>
   <trkpt lat="4.7679300" lon="-75.6268110">
    <ele>1617.3</ele>
   </trkpt>
   <trkpt lat="4.7679220" lon="-75.6268070">
    <ele>1617.4</ele>
   </trkpt>
   <trkpt lat="4.7679110" lon="-75.6268000">
    <ele>1617.5</ele>
   </trkpt>
   <trkpt lat="4.7679020" lon="-75.6267890">
    <ele>1617.6</ele>
   </trkpt>
   <trkpt lat="4.7678930" lon="-75.6267810">
    <ele>1617.7</ele>
   </trkpt>
   <trkpt lat="4.7678870" lon="-75.6267680">
    <ele>1617.8</ele>
   </trkpt>
   <trkpt lat="4.7678830" lon="-75.6267490">
    <ele>1618.0</ele>
   </trkpt>
   <trkpt lat="4.7678800" lon="-75.6267360">
    <ele>1618.1</ele>
   </trkpt>
   <trkpt lat="4.7678780" lon="-75.6267210">
    <ele>1618.2</ele>
   </trkpt>
   <trkpt lat="4.7678760" lon="-75.6267070">
    <ele>1618.3</ele>
   </trkpt>
   <trkpt lat="4.7678730" lon="-75.6266920">
    <ele>1618.4</ele>
   </trkpt>
   <trkpt lat="4.7678690" lon="-75.6266780">
    <ele>1618.5</ele>
   </trkpt>
   <trkpt lat="4.7678630" lon="-75.6266660">
    <ele>1618.6</ele>
   </trkpt>
   <trkpt lat="4.7678540" lon="-75.6266550">
    <ele>1618.8</ele>
   </trkpt>
   <trkpt lat="4.7678420" lon="-75.6266460">
    <ele>1618.9</ele>
   </trkpt>
   <trkpt lat="4.7678270" lon="-75.6266380">
    <ele>1619.0</ele>
   </trkpt>
   <trkpt lat="4.7678130" lon="-75.6266340">
    <ele>1619.1</ele>
   </trkpt>
   <trkpt lat="4.7677990" lon="-75.6266290">
    <ele>1619.2</ele>
   </trkpt>
   <trkpt lat="4.7677850" lon="-75.6266260">
    <ele>1619.3</ele>
   </trkpt>
   <trkpt lat="4.7677830" lon="-75.6266230">
    <ele>1619.4</ele>
   </trkpt>
   <trkpt lat="4.7677880" lon="-75.6266190">
    <ele>1619.4</ele>
   </trkpt>
   <trkpt lat="4.7677900" lon="-75.6266170">
    <ele>1619.4</ele>
   </trkpt>
   <trkpt lat="4.7677880" lon="-75.6266180">
    <ele>1619.5</ele>
   </trkpt>
   <trkpt lat="4.7677830" lon="-75.6266220">
    <ele>1619.5</ele>
   </trkpt>
   <trkpt lat="4.7677820" lon="-75.6266240">
    <ele>1619.5</ele>
   </trkpt>
   <trkpt lat="4.7677800" lon="-75.6266250">
    <ele>1619.6</ele>
   </trkpt>
   <trkpt lat="4.7677790" lon="-75.6266250">
    <ele>1619.6</ele>
   </trkpt>
   <trkpt lat="4.7677790" lon="-75.6266260">
    <ele>1619.6</ele>
   </trkpt>
   <trkpt lat="4.7677780" lon="-75.6266270">
    <ele>1619.6</ele>
   </trkpt>
   <trkpt lat="4.7677780" lon="-75.6266280">
    <ele>1619.6</ele>
   </trkpt>
   <trkpt lat="4.7677780" lon="-75.6266280">
    <ele>1619.6</ele>
   </trkpt>
   <trkpt lat="4.7677780" lon="-75.6266280">
    <ele>1619.6</ele>
   </trkpt>
   <trkpt lat="4.7677770" lon="-75.6266280">
    <ele>1619.6</ele>
   </trkpt>
   <trkpt lat="4.7677770" lon="-75.6266280">
    <ele>1619.6</ele>
   </trkpt>
   <trkpt lat="4.7677770" lon="-75.6266290">
    <ele>1619.6</ele>
   </trkpt>
   <trkpt lat="4.7677770" lon="-75.6266290">
    <ele>1619.6</ele>
   </trkpt>
   <trkpt lat="4.7677770" lon="-75.6266290">
    <ele>1619.6</ele>
   </trkpt>
   <trkpt lat="4.7677770" lon="-75.6266290">
    <ele>1619.6</ele>
   </trkpt>
   <trkpt lat="4.7677770" lon="-75.6266280">
    <ele>1619.6</ele>
   </trkpt>
   <trkpt lat="4.7677770" lon="-75.6266280">
    <ele>1619.6</ele>
   </trkpt>
   <trkpt lat="4.7677770" lon="-75.6266270">
    <ele>1619.6</ele>
   </trkpt>
   <trkpt lat="4.7677770" lon="-75.6266270">
    <ele>1619.6</ele>
   </trkpt>
   <trkpt lat="4.7677780" lon="-75.6266250">
    <ele>1619.6</ele>
   </trkpt>
   <trkpt lat="4.7677770" lon="-75.6266250">
    <ele>1619.6</ele>
   </trkpt>
   <trkpt lat="4.7677770" lon="-75.6266250">
    <ele>1619.6</ele>
   </trkpt>
   <trkpt lat="4.7677780" lon="-75.6266240">
    <ele>1619.6</ele>
   </trkpt>
   <trkpt lat="4.7677780" lon="-75.6266230">
    <ele>1619.7</ele>
   </trkpt>
   <trkpt lat="4.7677750" lon="-75.6266190">
    <ele>1619.7</ele>
   </trkpt>
   <trkpt lat="4.7677530" lon="-75.6266050">
    <ele>1619.9</ele>
   </trkpt>
   <trkpt lat="4.7677390" lon="-75.6265990">
    <ele>1620.0</ele>
   </trkpt>
   <trkpt lat="4.7677290" lon="-75.6265920">
    <ele>1620.1</ele>
   </trkpt>
   <trkpt lat="4.7677100" lon="-75.6265810">
    <ele>1620.2</ele>
   </trkpt>
   <trkpt lat="4.7676990" lon="-75.6265780">
    <ele>1620.3</ele>
   </trkpt>
   <trkpt lat="4.7676840" lon="-75.6265740">
    <ele>1620.4</ele>
   </trkpt>
   <trkpt lat="4.7676690" lon="-75.6265690">
    <ele>1620.6</ele>
   </trkpt>
   <trkpt lat="4.7676540" lon="-75.6265650">
    <ele>1620.7</ele>
   </trkpt>
   <trkpt lat="4.7676400" lon="-75.6265620">
    <ele>1620.8</ele>
   </trkpt>
   <trkpt lat="4.7676250" lon="-75.6265590">
    <ele>1620.9</ele>
   </trkpt>
   <trkpt lat="4.7676110" lon="-75.6265580">
    <ele>1621.0</ele>
   </trkpt>
   <trkpt lat="4.7675960" lon="-75.6265570">
    <ele>1621.1</ele>
   </trkpt>
   <trkpt lat="4.7675840" lon="-75.6265560">
    <ele>1621.2</ele>
   </trkpt>
   <trkpt lat="4.7675720" lon="-75.6265540">
    <ele>1621.3</ele>
   </trkpt>
   <trkpt lat="4.7675600" lon="-75.6265520">
    <ele>1621.3</ele>
   </trkpt>
   <trkpt lat="4.7675470" lon="-75.6265490">
    <ele>1621.4</ele>
   </trkpt>
   <trkpt lat="4.7675350" lon="-75.6265470">
    <ele>1621.5</ele>
   </trkpt>
   <trkpt lat="4.7675230" lon="-75.6265430">
    <ele>1621.6</ele>
   </trkpt>
   <trkpt lat="4.7675120" lon="-75.6265420">
    <ele>1621.7</ele>
   </trkpt>
   <trkpt lat="4.7675000" lon="-75.6265430">
    <ele>1621.8</ele>
   </trkpt>
   <trkpt lat="4.7674910" lon="-75.6265390">
    <ele>1621.8</ele>
   </trkpt>
   <trkpt lat="4.7674800" lon="-75.6265360">
    <ele>1621.9</ele>
   </trkpt>
   <trkpt lat="4.7674670" lon="-75.6265360">
    <ele>1622.0</ele>
   </trkpt>
   <trkpt lat="4.7674560" lon="-75.6265370">
    <ele>1622.1</ele>
   </trkpt>
   <trkpt lat="4.7674450" lon="-75.6265380">
    <ele>1622.2</ele>
   </trkpt>
   <trkpt lat="4.7674340" lon="-75.6265380">
    <ele>1622.2</ele>
   </trkpt>
   <trkpt lat="4.7674230" lon="-75.6265410">
    <ele>1622.3</ele>
   </trkpt>
   <trkpt lat="4.7674130" lon="-75.6265450">
    <ele>1622.4</ele>
   </trkpt>
   <trkpt lat="4.7674030" lon="-75.6265450">
    <ele>1622.5</ele>
   </trkpt>
   <trkpt lat="4.7673930" lon="-75.6265440">
    <ele>1622.5</ele>
   </trkpt>
   <trkpt lat="4.7673840" lon="-75.6265440">
    <ele>1622.6</ele>
   </trkpt>
   <trkpt lat="4.7673750" lon="-75.6265430">
    <ele>1622.6</ele>
   </trkpt>
   <trkpt lat="4.7673650" lon="-75.6265420">
    <ele>1622.7</ele>
   </trkpt>
   <trkpt lat="4.7673540" lon="-75.6265390">
    <ele>1622.8</ele>
   </trkpt>
   <trkpt lat="4.7673450" lon="-75.6265350">
    <ele>1622.8</ele>
   </trkpt>
   <trkpt lat="4.7673360" lon="-75.6265290">
    <ele>1622.9</ele>
   </trkpt>
   <trkpt lat="4.7673270" lon="-75.6265210">
    <ele>1623.0</ele>
   </trkpt>
   <trkpt lat="4.7673180" lon="-75.6265120">
    <ele>1623.1</ele>
   </trkpt>
   <trkpt lat="4.7673120" lon="-75.6265000">
    <ele>1623.2</ele>
   </trkpt>
   <trkpt lat="4.7673060" lon="-75.6264890">
    <ele>1623.2</ele>
   </trkpt>
   <trkpt lat="4.7673000" lon="-75.6264770">
    <ele>1623.3</ele>
   </trkpt>
   <trkpt lat="4.7672930" lon="-75.6264660">
    <ele>1623.4</ele>
   </trkpt>
   <trkpt lat="4.7672860" lon="-75.6264550">
    <ele>1623.5</ele>
   </trkpt>
   <trkpt lat="4.7672790" lon="-75.6264460">
    <ele>1623.6</ele>
   </trkpt>
   <trkpt lat="4.7672700" lon="-75.6264370">
    <ele>1623.6</ele>
   </trkpt>
   <trkpt lat="4.7672620" lon="-75.6264290">
    <ele>1623.7</ele>
   </trkpt>
   <trkpt lat="4.7672560" lon="-75.6264210">
    <ele>1623.8</ele>
   </trkpt>
   <trkpt lat="4.7672480" lon="-75.6264130">
    <ele>1623.8</ele>
   </trkpt>
   <trkpt lat="4.7672370" lon="-75.6264030">
    <ele>1623.9</ele>
   </trkpt>
   <trkpt lat="4.7672310" lon="-75.6263980">
    <ele>1624.0</ele>
   </trkpt>
   <trkpt lat="4.7672220" lon="-75.6263910">
    <ele>1624.0</ele>
   </trkpt>
   <trkpt lat="4.7672120" lon="-75.6263840">
    <ele>1624.1</ele>
   </trkpt>
   <trkpt lat="4.7672020" lon="-75.6263760">
    <ele>1624.2</ele>
   </trkpt>
   <trkpt lat="4.7671920" lon="-75.6263700">
    <ele>1624.2</ele>
   </trkpt>
   <trkpt lat="4.7671820" lon="-75.6263630">
    <ele>1624.3</ele>
   </trkpt>
   <trkpt lat="4.7671710" lon="-75.6263570">
    <ele>1624.4</ele>
   </trkpt>
   <trkpt lat="4.7671620" lon="-75.6263500">
    <ele>1624.4</ele>
   </trkpt>
   <trkpt lat="4.7671520" lon="-75.6263410">
    <ele>1624.5</ele>
   </trkpt>
   <trkpt lat="4.7671440" lon="-75.6263330">
    <ele>1624.6</ele>
   </trkpt>
   <trkpt lat="4.7671390" lon="-75.6263240">
    <ele>1624.6</ele>
   </trkpt>
   <trkpt lat="4.7671310" lon="-75.6263130">
    <ele>1624.7</ele>
   </trkpt>
   <trkpt lat="4.7671230" lon="-75.6263040">
    <ele>1624.7</ele>
   </trkpt>
   <trkpt lat="4.7671150" lon="-75.6262940">
    <ele>1624.8</ele>
   </trkpt>
   <trkpt lat="4.7671050" lon="-75.6262840">
    <ele>1624.9</ele>
   </trkpt>
   <trkpt lat="4.7670950" lon="-75.6262760">
    <ele>1624.9</ele>
   </trkpt>
   <trkpt lat="4.7670840" lon="-75.6262680">
    <ele>1625.0</ele>
   </trkpt>
   <trkpt lat="4.7670710" lon="-75.6262610">
    <ele>1625.1</ele>
   </trkpt>
   <trkpt lat="4.7670620" lon="-75.6262550">
    <ele>1625.1</ele>
   </trkpt>
   <trkpt lat="4.7670520" lon="-75.6262480">
    <ele>1625.2</ele>
   </trkpt>
   <trkpt lat="4.7670420" lon="-75.6262410">
    <ele>1625.2</ele>
   </trkpt>
   <trkpt lat="4.7670300" lon="-75.6262340">
    <ele>1625.3</ele>
   </trkpt>
   <trkpt lat="4.7670180" lon="-75.6262280">
    <ele>1625.4</ele>
   </trkpt>
   <trkpt lat="4.7670060" lon="-75.6262210">
    <ele>1625.4</ele>
   </trkpt>
   <trkpt lat="4.7669940" lon="-75.6262160">
    <ele>1625.5</ele>
   </trkpt>
   <trkpt lat="4.7669770" lon="-75.6262070">
    <ele>1625.6</ele>
   </trkpt>
   <trkpt lat="4.7669700" lon="-75.6262030">
    <ele>1625.6</ele>
   </trkpt>
   <trkpt lat="4.7669600" lon="-75.6261980">
    <ele>1625.7</ele>
   </trkpt>
   <trkpt lat="4.7669490" lon="-75.6261910">
    <ele>1625.7</ele>
   </trkpt>
   <trkpt lat="4.7669380" lon="-75.6261840">
    <ele>1625.8</ele>
   </trkpt>
   <trkpt lat="4.7669280" lon="-75.6261780">
    <ele>1625.8</ele>
   </trkpt>
   <trkpt lat="4.7669160" lon="-75.6261720">
    <ele>1625.9</ele>
   </trkpt>
   <trkpt lat="4.7669070" lon="-75.6261680">
    <ele>1625.9</ele>
   </trkpt>
   <trkpt lat="4.7668960" lon="-75.6261620">
    <ele>1626.0</ele>
   </trkpt>
   <trkpt lat="4.7668860" lon="-75.6261520">
    <ele>1626.1</ele>
   </trkpt>
   <trkpt lat="4.7668780" lon="-75.6261480">
    <ele>1626.1</ele>
   </trkpt>
   <trkpt lat="4.7668670" lon="-75.6261470">
    <ele>1626.1</ele>
   </trkpt>
   <trkpt lat="4.7668540" lon="-75.6261440">
    <ele>1626.2</ele>
   </trkpt>
   <trkpt lat="4.7668420" lon="-75.6261400">
    <ele>1626.2</ele>
   </trkpt>
   <trkpt lat="4.7668300" lon="-75.6261360">
    <ele>1626.3</ele>
   </trkpt>
   <trkpt lat="4.7668180" lon="-75.6261310">
    <ele>1626.3</ele>
   </trkpt>
   <trkpt lat="4.7668110" lon="-75.6261230">
    <ele>1626.4</ele>
   </trkpt>
   <trkpt lat="4.7668080" lon="-75.6261100">
    <ele>1626.4</ele>
   </trkpt>
   <trkpt lat="4.7668040" lon="-75.6260950">
    <ele>1626.5</ele>
   </trkpt>
   <trkpt lat="4.7667990" lon="-75.6260870">
    <ele>1626.5</ele>
   </trkpt>
   <trkpt lat="4.7667900" lon="-75.6260790">
    <ele>1626.6</ele>
   </trkpt>
   <trkpt lat="4.7667820" lon="-75.6260710">
    <ele>1626.6</ele>
   </trkpt>
   <trkpt lat="4.7667780" lon="-75.6260600">
    <ele>1626.7</ele>
   </trkpt>
   <trkpt lat="4.7667730" lon="-75.6260510">
    <ele>1626.7</ele>
   </trkpt>
   <trkpt lat="4.7667690" lon="-75.6260420">
    <ele>1626.7</ele>
   </trkpt>
   <trkpt lat="4.7667710" lon="-75.6260320">
    <ele>1626.8</ele>
   </trkpt>
   <trkpt lat="4.7667730" lon="-75.6260250">
    <ele>1626.8</ele>
   </trkpt>
   <trkpt lat="4.7667680" lon="-75.6260180">
    <ele>1626.8</ele>
   </trkpt>
   <trkpt lat="4.7667580" lon="-75.6260120">
    <ele>1626.9</ele>
   </trkpt>
   <trkpt lat="4.7667440" lon="-75.6260060">
    <ele>1626.9</ele>
   </trkpt>
   <trkpt lat="4.7667340" lon="-75.6259940">
    <ele>1627.0</ele>
   </trkpt>
   <trkpt lat="4.7667250" lon="-75.6259830">
    <ele>1627.0</ele>
   </trkpt>
   <trkpt lat="4.7667110" lon="-75.6259810">
    <ele>1627.1</ele>
   </trkpt>
   <trkpt lat="4.7666980" lon="-75.6259840">
    <ele>1627.1</ele>
   </trkpt>
   <trkpt lat="4.7666770" lon="-75.6259780">
    <ele>1627.2</ele>
   </trkpt>
   <trkpt lat="4.7666670" lon="-75.6259730">
    <ele>1627.2</ele>
   </trkpt>
   <trkpt lat="4.7666520" lon="-75.6259640">
    <ele>1627.3</ele>
   </trkpt>
   <trkpt lat="4.7666370" lon="-75.6259580">
    <ele>1627.3</ele>
   </trkpt>
   <trkpt lat="4.7666220" lon="-75.6259580">
    <ele>1627.3</ele>
   </trkpt>
   <trkpt lat="4.7666070" lon="-75.6259560">
    <ele>1627.4</ele>
   </trkpt>
   <trkpt lat="4.7665930" lon="-75.6259550">
    <ele>1627.4</ele>
   </trkpt>
   <trkpt lat="4.7665780" lon="-75.6259560">
    <ele>1627.5</ele>
   </trkpt>
   <trkpt lat="4.7665640" lon="-75.6259580">
    <ele>1627.5</ele>
   </trkpt>
   <trkpt lat="4.7665490" lon="-75.6259590">
    <ele>1627.5</ele>
   </trkpt>
   <trkpt lat="4.7665350" lon="-75.6259600">
    <ele>1627.5</ele>
   </trkpt>
   <trkpt lat="4.7665210" lon="-75.6259580">
    <ele>1627.5</ele>
   </trkpt>
   <trkpt lat="4.7665120" lon="-75.6259510">
    <ele>1627.6</ele>
   </trkpt>
   <trkpt lat="4.7665070" lon="-75.6259380">
    <ele>1627.6</ele>
   </trkpt>
   <trkpt lat="4.7664980" lon="-75.6259320">
    <ele>1627.6</ele>
   </trkpt>
   <trkpt lat="4.7664870" lon="-75.6259300">
    <ele>1627.6</ele>
   </trkpt>
   <trkpt lat="4.7664740" lon="-75.6259340">
    <ele>1627.6</ele>
   </trkpt>
   <trkpt lat="4.7664620" lon="-75.6259440">
    <ele>1627.6</ele>
   </trkpt>
   <trkpt lat="4.7664500" lon="-75.6259540">
    <ele>1627.6</ele>
   </trkpt>
   <trkpt lat="4.7664370" lon="-75.6259640">
    <ele>1627.6</ele>
   </trkpt>
   <trkpt lat="4.7664240" lon="-75.6259690">
    <ele>1627.6</ele>
   </trkpt>
   <trkpt lat="4.7664110" lon="-75.6259730">
    <ele>1627.6</ele>
   </trkpt>
   <trkpt lat="4.7663910" lon="-75.6259720">
    <ele>1627.5</ele>
   </trkpt>
   <trkpt lat="4.7663750" lon="-75.6259670">
    <ele>1627.5</ele>
   </trkpt>
   <trkpt lat="4.7663590" lon="-75.6259620">
    <ele>1627.5</ele>
   </trkpt>
   <trkpt lat="4.7663450" lon="-75.6259530">
    <ele>1627.4</ele>
   </trkpt>
   <trkpt lat="4.7663320" lon="-75.6259430">
    <ele>1627.4</ele>
   </trkpt>
   <trkpt lat="4.7663210" lon="-75.6259300">
    <ele>1627.4</ele>
   </trkpt>
   <trkpt lat="4.7663090" lon="-75.6259200">
    <ele>1627.3</ele>
   </trkpt>
   <trkpt lat="4.7662960" lon="-75.6259120">
    <ele>1627.3</ele>
   </trkpt>
   <trkpt lat="4.7662830" lon="-75.6259050">
    <ele>1627.2</ele>
   </trkpt>
   <trkpt lat="4.7662700" lon="-75.6258990">
    <ele>1627.2</ele>
   </trkpt>
   <trkpt lat="4.7662590" lon="-75.6258930">
    <ele>1627.2</ele>
   </trkpt>
   <trkpt lat="4.7662520" lon="-75.6258800">
    <ele>1627.1</ele>
   </trkpt>
   <trkpt lat="4.7662460" lon="-75.6258670">
    <ele>1627.1</ele>
   </trkpt>
   <trkpt lat="4.7662350" lon="-75.6258590">
    <ele>1627.0</ele>
   </trkpt>
   <trkpt lat="4.7662250" lon="-75.6258510">
    <ele>1627.0</ele>
   </trkpt>
   <trkpt lat="4.7662140" lon="-75.6258430">
    <ele>1626.9</ele>
   </trkpt>
   <trkpt lat="4.7662040" lon="-75.6258350">
    <ele>1626.9</ele>
   </trkpt>
   <trkpt lat="4.7661930" lon="-75.6258290">
    <ele>1626.8</ele>
   </trkpt>
   <trkpt lat="4.7661820" lon="-75.6258240">
    <ele>1626.8</ele>
   </trkpt>
   <trkpt lat="4.7661700" lon="-75.6258220">
    <ele>1626.7</ele>
   </trkpt>
   <trkpt lat="4.7661580" lon="-75.6258200">
    <ele>1626.7</ele>
   </trkpt>
   <trkpt lat="4.7661470" lon="-75.6258200">
    <ele>1626.7</ele>
   </trkpt>
   <trkpt lat="4.7661340" lon="-75.6258140">
    <ele>1626.6</ele>
   </trkpt>
   <trkpt lat="4.7661220" lon="-75.6258090">
    <ele>1626.6</ele>
   </trkpt>
   <trkpt lat="4.7661100" lon="-75.6258040">
    <ele>1626.5</ele>
   </trkpt>
   <trkpt lat="4.7660970" lon="-75.6258000">
    <ele>1626.5</ele>
   </trkpt>
   <trkpt lat="4.7660840" lon="-75.6257970">
    <ele>1626.4</ele>
   </trkpt>
   <trkpt lat="4.7660710" lon="-75.6257950">
    <ele>1626.4</ele>
   </trkpt>
   <trkpt lat="4.7660580" lon="-75.6257940">
    <ele>1626.3</ele>
   </trkpt>
   <trkpt lat="4.7660450" lon="-75.6257920">
    <ele>1626.3</ele>
   </trkpt>
   <trkpt lat="4.7660330" lon="-75.6257890">
    <ele>1626.2</ele>
   </trkpt>
   <trkpt lat="4.7660210" lon="-75.6257870">
    <ele>1626.2</ele>
   </trkpt>
   <trkpt lat="4.7660090" lon="-75.6257870">
    <ele>1626.1</ele>
   </trkpt>
   <trkpt lat="4.7659970" lon="-75.6257850">
    <ele>1626.1</ele>
   </trkpt>
   <trkpt lat="4.7659860" lon="-75.6257820">
    <ele>1626.0</ele>
   </trkpt>
   <trkpt lat="4.7659750" lon="-75.6257770">
    <ele>1626.0</ele>
   </trkpt>
   <trkpt lat="4.7659640" lon="-75.6257700">
    <ele>1625.9</ele>
   </trkpt>
   <trkpt lat="4.7659540" lon="-75.6257620">
    <ele>1625.9</ele>
   </trkpt>
   <trkpt lat="4.7659440" lon="-75.6257560">
    <ele>1625.8</ele>
   </trkpt>
   <trkpt lat="4.7659340" lon="-75.6257510">
    <ele>1625.8</ele>
   </trkpt>
   <trkpt lat="4.7659230" lon="-75.6257460">
    <ele>1625.7</ele>
   </trkpt>
   <trkpt lat="4.7659120" lon="-75.6257420">
    <ele>1625.7</ele>
   </trkpt>
   <trkpt lat="4.7659010" lon="-75.6257380">
    <ele>1625.6</ele>
   </trkpt>
   <trkpt lat="4.7658900" lon="-75.6257340">
    <ele>1625.6</ele>
   </trkpt>
   <trkpt lat="4.7658800" lon="-75.6257300">
    <ele>1625.5</ele>
   </trkpt>
   <trkpt lat="4.7658690" lon="-75.6257270">
    <ele>1625.5</ele>
   </trkpt>
   <trkpt lat="4.7658570" lon="-75.6257230">
    <ele>1625.4</ele>
   </trkpt>
   <trkpt lat="4.7658460" lon="-75.6257170">
    <ele>1625.4</ele>
   </trkpt>
   <trkpt lat="4.7658370" lon="-75.6257120">
    <ele>1625.3</ele>
   </trkpt>
   <trkpt lat="4.7658260" lon="-75.6257080">
    <ele>1625.3</ele>
   </trkpt>
   <trkpt lat="4.7658140" lon="-75.6257040">
    <ele>1625.2</ele>
   </trkpt>
   <trkpt lat="4.7658040" lon="-75.6257000">
    <ele>1625.2</ele>
   </trkpt>
   <trkpt lat="4.7657920" lon="-75.6256960">
    <ele>1625.1</ele>
   </trkpt>
   <trkpt lat="4.7657800" lon="-75.6256920">
    <ele>1625.1</ele>
   </trkpt>
   <trkpt lat="4.7657690" lon="-75.6256880">
    <ele>1625.0</ele>
   </trkpt>
   <trkpt lat="4.7657560" lon="-75.6256820">
    <ele>1625.0</ele>
   </trkpt>
   <trkpt lat="4.7657460" lon="-75.6256760">
    <ele>1624.9</ele>
   </trkpt>
   <trkpt lat="4.7657390" lon="-75.6256680">
    <ele>1624.9</ele>
   </trkpt>
   <trkpt lat="4.7657320" lon="-75.6256580">
    <ele>1624.9</ele>
   </trkpt>
   <trkpt lat="4.7657220" lon="-75.6256530">
    <ele>1624.8</ele>
   </trkpt>
   <trkpt lat="4.7657110" lon="-75.6256480">
    <ele>1624.8</ele>
   </trkpt>
   <trkpt lat="4.7657000" lon="-75.6256420">
    <ele>1624.8</ele>
   </trkpt>
   <trkpt lat="4.7656890" lon="-75.6256360">
    <ele>1624.7</ele>
   </trkpt>
   <trkpt lat="4.7656770" lon="-75.6256320">
    <ele>1624.7</ele>
   </trkpt>
   <trkpt lat="4.7656650" lon="-75.6256280">
    <ele>1624.7</ele>
   </trkpt>
   <trkpt lat="4.7656530" lon="-75.6256240">
    <ele>1624.6</ele>
   </trkpt>
   <trkpt lat="4.7656410" lon="-75.6256200">
    <ele>1624.6</ele>
   </trkpt>
   <trkpt lat="4.7656300" lon="-75.6256160">
    <ele>1624.6</ele>
   </trkpt>
   <trkpt lat="4.7656200" lon="-75.6256100">
    <ele>1624.5</ele>
   </trkpt>
   <trkpt lat="4.7656100" lon="-75.6256040">
    <ele>1624.5</ele>
   </trkpt>
   <trkpt lat="4.7656000" lon="-75.6255970">
    <ele>1624.5</ele>
   </trkpt>
   <trkpt lat="4.7655910" lon="-75.6255920">
    <ele>1624.5</ele>
   </trkpt>
   <trkpt lat="4.7655810" lon="-75.6255860">
    <ele>1624.5</ele>
   </trkpt>
   <trkpt lat="4.7655700" lon="-75.6255790">
    <ele>1624.4</ele>
   </trkpt>
   <trkpt lat="4.7655610" lon="-75.6255720">
    <ele>1624.4</ele>
   </trkpt>
   <trkpt lat="4.7655530" lon="-75.6255640">
    <ele>1624.4</ele>
   </trkpt>
   <trkpt lat="4.7655420" lon="-75.6255540">
    <ele>1624.4</ele>
   </trkpt>
   <trkpt lat="4.7655320" lon="-75.6255490">
    <ele>1624.4</ele>
   </trkpt>
   <trkpt lat="4.7655240" lon="-75.6255420">
    <ele>1624.4</ele>
   </trkpt>
   <trkpt lat="4.7655170" lon="-75.6255360">
    <ele>1624.4</ele>
   </trkpt>
   <trkpt lat="4.7655090" lon="-75.6255280">
    <ele>1624.4</ele>
   </trkpt>
   <trkpt lat="4.7655010" lon="-75.6255200">
    <ele>1624.4</ele>
   </trkpt>
   <trkpt lat="4.7654940" lon="-75.6255100">
    <ele>1624.4</ele>
   </trkpt>
   <trkpt lat="4.7654880" lon="-75.6255000">
    <ele>1624.3</ele>
   </trkpt>
   <trkpt lat="4.7654790" lon="-75.6254920">
    <ele>1624.3</ele>
   </trkpt>
   <trkpt lat="4.7654700" lon="-75.6254830">
    <ele>1624.3</ele>
   </trkpt>
   <trkpt lat="4.7654630" lon="-75.6254730">
    <ele>1624.3</ele>
   </trkpt>
   <trkpt lat="4.7654560" lon="-75.6254630">
    <ele>1624.3</ele>
   </trkpt>
   <trkpt lat="4.7654510" lon="-75.6254540">
    <ele>1624.3</ele>
   </trkpt>
   <trkpt lat="4.7654440" lon="-75.6254450">
    <ele>1624.3</ele>
   </trkpt>
   <trkpt lat="4.7654360" lon="-75.6254370">
    <ele>1624.3</ele>
   </trkpt>
   <trkpt lat="4.7654300" lon="-75.6254280">
    <ele>1624.3</ele>
   </trkpt>
   <trkpt lat="4.7654260" lon="-75.6254180">
    <ele>1624.3</ele>
   </trkpt>
   <trkpt lat="4.7654200" lon="-75.6254080">
    <ele>1624.3</ele>
   </trkpt>
   <trkpt lat="4.7654120" lon="-75.6253940">
    <ele>1624.3</ele>
   </trkpt>
   <trkpt lat="4.7654100" lon="-75.6253870">
    <ele>1624.3</ele>
   </trkpt>
   <trkpt lat="4.7654060" lon="-75.6253770">
    <ele>1624.3</ele>
   </trkpt>
   <trkpt lat="4.7654000" lon="-75.6253670">
    <ele>1624.3</ele>
   </trkpt>
   <trkpt lat="4.7653920" lon="-75.6253580">
    <ele>1624.2</ele>
   </trkpt>
   <trkpt lat="4.7653830" lon="-75.6253490">
    <ele>1624.2</ele>
   </trkpt>
   <trkpt lat="4.7653750" lon="-75.6253400">
    <ele>1624.2</ele>
   </trkpt>
   <trkpt lat="4.7653660" lon="-75.6253280">
    <ele>1624.2</ele>
   </trkpt>
   <trkpt lat="4.7653620" lon="-75.6253170">
    <ele>1624.2</ele>
   </trkpt>
   <trkpt lat="4.7653570" lon="-75.6253060">
    <ele>1624.2</ele>
   </trkpt>
   <trkpt lat="4.7653520" lon="-75.6252940">
    <ele>1624.2</ele>
   </trkpt>
   <trkpt lat="4.7653440" lon="-75.6252820">
    <ele>1624.2</ele>
   </trkpt>
   <trkpt lat="4.7653330" lon="-75.6252690">
    <ele>1624.2</ele>
   </trkpt>
   <trkpt lat="4.7653240" lon="-75.6252620">
    <ele>1624.2</ele>
   </trkpt>
   <trkpt lat="4.7653140" lon="-75.6252530">
    <ele>1624.2</ele>
   </trkpt>
   <trkpt lat="4.7653050" lon="-75.6252420">
    <ele>1624.2</ele>
   </trkpt>
   <trkpt lat="4.7652970" lon="-75.6252300">
    <ele>1624.2</ele>
   </trkpt>
   <trkpt lat="4.7652890" lon="-75.6252200">
    <ele>1624.2</ele>
   </trkpt>
   <trkpt lat="4.7652810" lon="-75.6252090">
    <ele>1624.2</ele>
   </trkpt>
   <trkpt lat="4.7652740" lon="-75.6251980">
    <ele>1624.2</ele>
   </trkpt>
   <trkpt lat="4.7652660" lon="-75.6251860">
    <ele>1624.2</ele>
   </trkpt>
   <trkpt lat="4.7652570" lon="-75.6251760">
    <ele>1624.2</ele>
   </trkpt>
   <trkpt lat="4.7652480" lon="-75.6251660">
    <ele>1624.2</ele>
   </trkpt>
   <trkpt lat="4.7652400" lon="-75.6251570">
    <ele>1624.2</ele>
   </trkpt>
   <trkpt lat="4.7652330" lon="-75.6251490">
    <ele>1624.2</ele>
   </trkpt>
   <trkpt lat="4.7652270" lon="-75.6251380">
    <ele>1624.2</ele>
   </trkpt>
   <trkpt lat="4.7652220" lon="-75.6251260">
    <ele>1624.2</ele>
   </trkpt>
   <trkpt lat="4.7652090" lon="-75.6251160">
    <ele>1624.2</ele>
   </trkpt>
   <trkpt lat="4.7652040" lon="-75.6251110">
    <ele>1624.2</ele>
   </trkpt>
   <trkpt lat="4.7651960" lon="-75.6251020">
    <ele>1624.2</ele>
   </trkpt>
   <trkpt lat="4.7651870" lon="-75.6250930">
    <ele>1624.2</ele>
   </trkpt>
   <trkpt lat="4.7651780" lon="-75.6250850">
    <ele>1624.2</ele>
   </trkpt>
   <trkpt lat="4.7651650" lon="-75.6250730">
    <ele>1624.2</ele>
   </trkpt>
   <trkpt lat="4.7651600" lon="-75.6250680">
    <ele>1624.2</ele>
   </trkpt>
   <trkpt lat="4.7651510" lon="-75.6250600">
    <ele>1624.2</ele>
   </trkpt>
   <trkpt lat="4.7651450" lon="-75.6250490">
    <ele>1624.2</ele>
   </trkpt>
   <trkpt lat="4.7651420" lon="-75.6250380">
    <ele>1624.3</ele>
   </trkpt>
   <trkpt lat="4.7651370" lon="-75.6250270">
    <ele>1624.3</ele>
   </trkpt>
   <trkpt lat="4.7651300" lon="-75.6250180">
    <ele>1624.3</ele>
   </trkpt>
   <trkpt lat="4.7651230" lon="-75.6250100">
    <ele>1624.3</ele>
   </trkpt>
   <trkpt lat="4.7651150" lon="-75.6250010">
    <ele>1624.3</ele>
   </trkpt>
   <trkpt lat="4.7651070" lon="-75.6249930">
    <ele>1624.3</ele>
   </trkpt>
   <trkpt lat="4.7650990" lon="-75.6249850">
    <ele>1624.3</ele>
   </trkpt>
   <trkpt lat="4.7650880" lon="-75.6249770">
    <ele>1624.4</ele>
   </trkpt>
   <trkpt lat="4.7650810" lon="-75.6249700">
    <ele>1624.4</ele>
   </trkpt>
   <trkpt lat="4.7650740" lon="-75.6249630">
    <ele>1624.4</ele>
   </trkpt>
   <trkpt lat="4.7650680" lon="-75.6249560">
    <ele>1624.4</ele>
   </trkpt>
   <trkpt lat="4.7650610" lon="-75.6249480">
    <ele>1624.4</ele>
   </trkpt>
   <trkpt lat="4.7650540" lon="-75.6249390">
    <ele>1624.4</ele>
   </trkpt>
   <trkpt lat="4.7650570" lon="-75.6249410">
    <ele>1624.4</ele>
   </trkpt>
   <trkpt lat="4.7650580" lon="-75.6249400">
    <ele>1624.4</ele>
   </trkpt>
   <trkpt lat="4.7650570" lon="-75.6249340">
    <ele>1624.5</ele>
   </trkpt>
   <trkpt lat="4.7650540" lon="-75.6249270">
    <ele>1624.5</ele>
   </trkpt>
   <trkpt lat="4.7650480" lon="-75.6249170">
    <ele>1624.5</ele>
   </trkpt>
   <trkpt lat="4.7650420" lon="-75.6249120">
    <ele>1624.5</ele>
   </trkpt>
   <trkpt lat="4.7650350" lon="-75.6249030">
    <ele>1624.5</ele>
   </trkpt>
   <trkpt lat="4.7650280" lon="-75.6248950">
    <ele>1624.6</ele>
   </trkpt>
   <trkpt lat="4.7650200" lon="-75.6248880">
    <ele>1624.6</ele>
   </trkpt>
   <trkpt lat="4.7650150" lon="-75.6248790">
    <ele>1624.6</ele>
   </trkpt>
   <trkpt lat="4.7650120" lon="-75.6248690">
    <ele>1624.6</ele>
   </trkpt>
   <trkpt lat="4.7650090" lon="-75.6248600">
    <ele>1624.7</ele>
   </trkpt>
   <trkpt lat="4.7650020" lon="-75.6248520">
    <ele>1624.7</ele>
   </trkpt>
   <trkpt lat="4.7649940" lon="-75.6248450">
    <ele>1624.7</ele>
   </trkpt>
   <trkpt lat="4.7649860" lon="-75.6248370">
    <ele>1624.7</ele>
   </trkpt>
   <trkpt lat="4.7649790" lon="-75.6248310">
    <ele>1624.8</ele>
   </trkpt>
   <trkpt lat="4.7649710" lon="-75.6248260">
    <ele>1624.8</ele>
   </trkpt>
   <trkpt lat="4.7649620" lon="-75.6248210">
    <ele>1624.8</ele>
   </trkpt>
   <trkpt lat="4.7649530" lon="-75.6248170">
    <ele>1624.8</ele>
   </trkpt>
   <trkpt lat="4.7649430" lon="-75.6248110">
    <ele>1624.9</ele>
   </trkpt>
   <trkpt lat="4.7649340" lon="-75.6248040">
    <ele>1624.9</ele>
   </trkpt>
   <trkpt lat="4.7649260" lon="-75.6247950">
    <ele>1624.9</ele>
   </trkpt>
   <trkpt lat="4.7649160" lon="-75.6247880">
    <ele>1625.0</ele>
   </trkpt>
   <trkpt lat="4.7649040" lon="-75.6247770">
    <ele>1625.0</ele>
   </trkpt>
   <trkpt lat="4.7648990" lon="-75.6247730">
    <ele>1625.0</ele>
   </trkpt>
   <trkpt lat="4.7648900" lon="-75.6247650">
    <ele>1625.1</ele>
   </trkpt>
   <trkpt lat="4.7648820" lon="-75.6247570">
    <ele>1625.1</ele>
   </trkpt>
   <trkpt lat="4.7648730" lon="-75.6247480">
    <ele>1625.2</ele>
   </trkpt>
   <trkpt lat="4.7648590" lon="-75.6247370">
    <ele>1625.2</ele>
   </trkpt>
   <trkpt lat="4.7648540" lon="-75.6247320">
    <ele>1625.2</ele>
   </trkpt>
   <trkpt lat="4.7648460" lon="-75.6247250">
    <ele>1625.3</ele>
   </trkpt>
   <trkpt lat="4.7648370" lon="-75.6247190">
    <ele>1625.3</ele>
   </trkpt>
   <trkpt lat="4.7648280" lon="-75.6247120">
    <ele>1625.3</ele>
   </trkpt>
   <trkpt lat="4.7648180" lon="-75.6247050">
    <ele>1625.4</ele>
   </trkpt>
   <trkpt lat="4.7648150" lon="-75.6247010">
    <ele>1625.4</ele>
   </trkpt>
   <trkpt lat="4.7648090" lon="-75.6246940">
    <ele>1625.4</ele>
   </trkpt>
   <trkpt lat="4.7648010" lon="-75.6246870">
    <ele>1625.5</ele>
   </trkpt>
   <trkpt lat="4.7647920" lon="-75.6246810">
    <ele>1625.5</ele>
   </trkpt>
   <trkpt lat="4.7647810" lon="-75.6246690">
    <ele>1625.6</ele>
   </trkpt>
   <trkpt lat="4.7647780" lon="-75.6246640">
    <ele>1625.6</ele>
   </trkpt>
   <trkpt lat="4.7647720" lon="-75.6246550">
    <ele>1625.6</ele>
   </trkpt>
   <trkpt lat="4.7647670" lon="-75.6246470">
    <ele>1625.7</ele>
   </trkpt>
   <trkpt lat="4.7647600" lon="-75.6246390">
    <ele>1625.7</ele>
   </trkpt>
   <trkpt lat="4.7647480" lon="-75.6246270">
    <ele>1625.8</ele>
   </trkpt>
   <trkpt lat="4.7647430" lon="-75.6246220">
    <ele>1625.9</ele>
   </trkpt>
   <trkpt lat="4.7647360" lon="-75.6246140">
    <ele>1625.9</ele>
   </trkpt>
   <trkpt lat="4.7647310" lon="-75.6246060">
    <ele>1625.9</ele>
   </trkpt>
   <trkpt lat="4.7647260" lon="-75.6245970">
    <ele>1626.0</ele>
   </trkpt>
   <trkpt lat="4.7647200" lon="-75.6245890">
    <ele>1626.0</ele>
   </trkpt>
   <trkpt lat="4.7647140" lon="-75.6245790">
    <ele>1626.1</ele>
   </trkpt>
   <trkpt lat="4.7647080" lon="-75.6245710">
    <ele>1626.2</ele>
   </trkpt>
   <trkpt lat="4.7647020" lon="-75.6245630">
    <ele>1626.2</ele>
   </trkpt>
   <trkpt lat="4.7646980" lon="-75.6245550">
    <ele>1626.3</ele>
   </trkpt>
   <trkpt lat="4.7646930" lon="-75.6245470">
    <ele>1626.3</ele>
   </trkpt>
   <trkpt lat="4.7646870" lon="-75.6245390">
    <ele>1626.4</ele>
   </trkpt>
   <trkpt lat="4.7646790" lon="-75.6245320">
    <ele>1626.4</ele>
   </trkpt>
   <trkpt lat="4.7646720" lon="-75.6245240">
    <ele>1626.5</ele>
   </trkpt>
   <trkpt lat="4.7646650" lon="-75.6245160">
    <ele>1626.6</ele>
   </trkpt>
   <trkpt lat="4.7646600" lon="-75.6245090">
    <ele>1626.6</ele>
   </trkpt>
   <trkpt lat="4.7646530" lon="-75.6244990">
    <ele>1626.7</ele>
   </trkpt>
   <trkpt lat="4.7646480" lon="-75.6244920">
    <ele>1626.8</ele>
   </trkpt>
   <trkpt lat="4.7646410" lon="-75.6244840">
    <ele>1626.8</ele>
   </trkpt>
   <trkpt lat="4.7646350" lon="-75.6244740">
    <ele>1626.9</ele>
   </trkpt>
   <trkpt lat="4.7646290" lon="-75.6244640">
    <ele>1627.0</ele>
   </trkpt>
   <trkpt lat="4.7646230" lon="-75.6244520">
    <ele>1627.1</ele>
   </trkpt>
   <trkpt lat="4.7646190" lon="-75.6244450">
    <ele>1627.1</ele>
   </trkpt>
   <trkpt lat="4.7646160" lon="-75.6244360">
    <ele>1627.2</ele>
   </trkpt>
   <trkpt lat="4.7646130" lon="-75.6244260">
    <ele>1627.3</ele>
   </trkpt>
   <trkpt lat="4.7646070" lon="-75.6244150">
    <ele>1627.4</ele>
   </trkpt>
   <trkpt lat="4.7646040" lon="-75.6244060">
    <ele>1627.5</ele>
   </trkpt>
   <trkpt lat="4.7646010" lon="-75.6243970">
    <ele>1627.5</ele>
   </trkpt>
   <trkpt lat="4.7645980" lon="-75.6243860">
    <ele>1627.6</ele>
   </trkpt>
   <trkpt lat="4.7645960" lon="-75.6243770">
    <ele>1627.7</ele>
   </trkpt>
   <trkpt lat="4.7645950" lon="-75.6243670">
    <ele>1627.8</ele>
   </trkpt>
   <trkpt lat="4.7645980" lon="-75.6243580">
    <ele>1627.9</ele>
   </trkpt>
   <trkpt lat="4.7646000" lon="-75.6243490">
    <ele>1627.9</ele>
   </trkpt>
   <trkpt lat="4.7645970" lon="-75.6243390">
    <ele>1628.0</ele>
   </trkpt>
   <trkpt lat="4.7645920" lon="-75.6243300">
    <ele>1628.1</ele>
   </trkpt>
   <trkpt lat="4.7645870" lon="-75.6243190">
    <ele>1628.2</ele>
   </trkpt>
   <trkpt lat="4.7645830" lon="-75.6243060">
    <ele>1628.3</ele>
   </trkpt>
   <trkpt lat="4.7645790" lon="-75.6242930">
    <ele>1628.4</ele>
   </trkpt>
   <trkpt lat="4.7645750" lon="-75.6242810">
    <ele>1628.5</ele>
   </trkpt>
   <trkpt lat="4.7645720" lon="-75.6242690">
    <ele>1628.6</ele>
   </trkpt>
   <trkpt lat="4.7645710" lon="-75.6242570">
    <ele>1628.7</ele>
   </trkpt>
   <trkpt lat="4.7645710" lon="-75.6242450">
    <ele>1628.8</ele>
   </trkpt>
   <trkpt lat="4.7645700" lon="-75.6242330">
    <ele>1628.9</ele>
   </trkpt>
   <trkpt lat="4.7645690" lon="-75.6242200">
    <ele>1629.0</ele>
   </trkpt>
   <trkpt lat="4.7645680" lon="-75.6242070">
    <ele>1629.1</ele>
   </trkpt>
   <trkpt lat="4.7645670" lon="-75.6241940">
    <ele>1629.2</ele>
   </trkpt>
   <trkpt lat="4.7645660" lon="-75.6241830">
    <ele>1629.2</ele>
   </trkpt>
   <trkpt lat="4.7645640" lon="-75.6241710">
    <ele>1629.3</ele>
   </trkpt>
   <trkpt lat="4.7645610" lon="-75.6241600">
    <ele>1629.4</ele>
   </trkpt>
   <trkpt lat="4.7645570" lon="-75.6241480">
    <ele>1629.5</ele>
   </trkpt>
   <trkpt lat="4.7645540" lon="-75.6241360">
    <ele>1629.5</ele>
   </trkpt>
   <trkpt lat="4.7645540" lon="-75.6241260">
    <ele>1629.6</ele>
   </trkpt>
   <trkpt lat="4.7645530" lon="-75.6241170">
    <ele>1629.7</ele>
   </trkpt>
   <trkpt lat="4.7645510" lon="-75.6241060">
    <ele>1629.7</ele>
   </trkpt>
   <trkpt lat="4.7645500" lon="-75.6240940">
    <ele>1629.8</ele>
   </trkpt>
   <trkpt lat="4.7645470" lon="-75.6240810">
    <ele>1629.9</ele>
   </trkpt>
   <trkpt lat="4.7645440" lon="-75.6240680">
    <ele>1629.9</ele>
   </trkpt>
   <trkpt lat="4.7645400" lon="-75.6240560">
    <ele>1630.0</ele>
   </trkpt>
   <trkpt lat="4.7645360" lon="-75.6240450">
    <ele>1630.1</ele>
   </trkpt>
   <trkpt lat="4.7645310" lon="-75.6240340">
    <ele>1630.1</ele>
   </trkpt>
   <trkpt lat="4.7645250" lon="-75.6240240">
    <ele>1630.2</ele>
   </trkpt>
   <trkpt lat="4.7645210" lon="-75.6240110">
    <ele>1630.2</ele>
   </trkpt>
   <trkpt lat="4.7645180" lon="-75.6239990">
    <ele>1630.3</ele>
   </trkpt>
   <trkpt lat="4.7645150" lon="-75.6239860">
    <ele>1630.3</ele>
   </trkpt>
   <trkpt lat="4.7645120" lon="-75.6239740">
    <ele>1630.4</ele>
   </trkpt>
   <trkpt lat="4.7645080" lon="-75.6239630">
    <ele>1630.4</ele>
   </trkpt>
   <trkpt lat="4.7644990" lon="-75.6239510">
    <ele>1630.5</ele>
   </trkpt>
   <trkpt lat="4.7644920" lon="-75.6239440">
    <ele>1630.6</ele>
   </trkpt>
   <trkpt lat="4.7644860" lon="-75.6239360">
    <ele>1630.6</ele>
   </trkpt>
   <trkpt lat="4.7644790" lon="-75.6239280">
    <ele>1630.6</ele>
   </trkpt>
   <trkpt lat="4.7644730" lon="-75.6239190">
    <ele>1630.7</ele>
   </trkpt>
   <trkpt lat="4.7644660" lon="-75.6239110">
    <ele>1630.7</ele>
   </trkpt>
   <trkpt lat="4.7644600" lon="-75.6239020">
    <ele>1630.8</ele>
   </trkpt>
   <trkpt lat="4.7644540" lon="-75.6238930">
    <ele>1630.8</ele>
   </trkpt>
   <trkpt lat="4.7644450" lon="-75.6238870">
    <ele>1630.9</ele>
   </trkpt>
   <trkpt lat="4.7644350" lon="-75.6238820">
    <ele>1630.9</ele>
   </trkpt>
   <trkpt lat="4.7644280" lon="-75.6238740">
    <ele>1631.0</ele>
   </trkpt>
   <trkpt lat="4.7644190" lon="-75.6238630">
    <ele>1631.0</ele>
   </trkpt>
   <trkpt lat="4.7644150" lon="-75.6238580">
    <ele>1631.0</ele>
   </trkpt>
   <trkpt lat="4.7644090" lon="-75.6238510">
    <ele>1631.1</ele>
   </trkpt>
   <trkpt lat="4.7644020" lon="-75.6238420">
    <ele>1631.1</ele>
   </trkpt>
   <trkpt lat="4.7643950" lon="-75.6238330">
    <ele>1631.2</ele>
   </trkpt>
   <trkpt lat="4.7643870" lon="-75.6238250">
    <ele>1631.2</ele>
   </trkpt>
   <trkpt lat="4.7643800" lon="-75.6238190">
    <ele>1631.3</ele>
   </trkpt>
   <trkpt lat="4.7643710" lon="-75.6238120">
    <ele>1631.3</ele>
   </trkpt>
   <trkpt lat="4.7643610" lon="-75.6238080">
    <ele>1631.4</ele>
   </trkpt>
   <trkpt lat="4.7643510" lon="-75.6238020">
    <ele>1631.4</ele>
   </trkpt>
   <trkpt lat="4.7643400" lon="-75.6237930">
    <ele>1631.5</ele>
   </trkpt>
   <trkpt lat="4.7643320" lon="-75.6237870">
    <ele>1631.5</ele>
   </trkpt>
   <trkpt lat="4.7643250" lon="-75.6237810">
    <ele>1631.6</ele>
   </trkpt>
   <trkpt lat="4.7643150" lon="-75.6237760">
    <ele>1631.6</ele>
   </trkpt>
   <trkpt lat="4.7643020" lon="-75.6237750">
    <ele>1631.7</ele>
   </trkpt>
   <trkpt lat="4.7642880" lon="-75.6237740">
    <ele>1631.7</ele>
   </trkpt>
   <trkpt lat="4.7642770" lon="-75.6237710">
    <ele>1631.8</ele>
   </trkpt>
   <trkpt lat="4.7642680" lon="-75.6237660">
    <ele>1631.8</ele>
   </trkpt>
   <trkpt lat="4.7642590" lon="-75.6237600">
    <ele>1631.8</ele>
   </trkpt>
   <trkpt lat="4.7642500" lon="-75.6237530">
    <ele>1631.9</ele>
   </trkpt>
   <trkpt lat="4.7642400" lon="-75.6237450">
    <ele>1631.9</ele>
   </trkpt>
   <trkpt lat="4.7642290" lon="-75.6237350">
    <ele>1632.0</ele>
   </trkpt>
   <trkpt lat="4.7642220" lon="-75.6237280">
    <ele>1632.0</ele>
   </trkpt>
   <trkpt lat="4.7642130" lon="-75.6237200">
    <ele>1632.1</ele>
   </trkpt>
   <trkpt lat="4.7642030" lon="-75.6237130">
    <ele>1632.1</ele>
   </trkpt>
   <trkpt lat="4.7641940" lon="-75.6237060">
    <ele>1632.1</ele>
   </trkpt>
   <trkpt lat="4.7641850" lon="-75.6236990">
    <ele>1632.2</ele>
   </trkpt>
   <trkpt lat="4.7641770" lon="-75.6236910">
    <ele>1632.2</ele>
   </trkpt>
   <trkpt lat="4.7641700" lon="-75.6236850">
    <ele>1632.2</ele>
   </trkpt>
   <trkpt lat="4.7641610" lon="-75.6236780">
    <ele>1632.3</ele>
   </trkpt>
   <trkpt lat="4.7641540" lon="-75.6236700">
    <ele>1632.3</ele>
   </trkpt>
   <trkpt lat="4.7641460" lon="-75.6236620">
    <ele>1632.3</ele>
   </trkpt>
   <trkpt lat="4.7641390" lon="-75.6236540">
    <ele>1632.4</ele>
   </trkpt>
   <trkpt lat="4.7641280" lon="-75.6236470">
    <ele>1632.4</ele>
   </trkpt>
   <trkpt lat="4.7641150" lon="-75.6236400">
    <ele>1632.4</ele>
   </trkpt>
   <trkpt lat="4.7641110" lon="-75.6236310">
    <ele>1632.5</ele>
   </trkpt>
   <trkpt lat="4.7641080" lon="-75.6236190">
    <ele>1632.5</ele>
   </trkpt>
   <trkpt lat="4.7641020" lon="-75.6236100">
    <ele>1632.5</ele>
   </trkpt>
   <trkpt lat="4.7640940" lon="-75.6236050">
    <ele>1632.5</ele>
   </trkpt>
   <trkpt lat="4.7640880" lon="-75.6236020">
    <ele>1632.5</ele>
   </trkpt>
   <trkpt lat="4.7640830" lon="-75.6235990">
    <ele>1632.6</ele>
   </trkpt>
   <trkpt lat="4.7640770" lon="-75.6235950">
    <ele>1632.6</ele>
   </trkpt>
   <trkpt lat="4.7640740" lon="-75.6235880">
    <ele>1632.6</ele>
   </trkpt>
   <trkpt lat="4.7640780" lon="-75.6235780">
    <ele>1632.6</ele>
   </trkpt>
   <trkpt lat="4.7640870" lon="-75.6235800">
    <ele>1632.6</ele>
   </trkpt>
   <trkpt lat="4.7640910" lon="-75.6235870">
    <ele>1632.7</ele>
   </trkpt>
   <trkpt lat="4.7640960" lon="-75.6235910">
    <ele>1632.7</ele>
   </trkpt>
   <trkpt lat="4.7640980" lon="-75.6235920">
    <ele>1632.7</ele>
   </trkpt>
   <trkpt lat="4.7640970" lon="-75.6235920">
    <ele>1632.7</ele>
   </trkpt>
   <trkpt lat="4.7640980" lon="-75.6235920">
    <ele>1632.7</ele>
   </trkpt>
   <trkpt lat="4.7640980" lon="-75.6235920">
    <ele>1632.7</ele>
   </trkpt>
   <trkpt lat="4.7640980" lon="-75.6235920">
    <ele>1632.7</ele>
   </trkpt>
   <trkpt lat="4.7640990" lon="-75.6235930">
    <ele>1632.7</ele>
   </trkpt>
   <trkpt lat="4.7641000" lon="-75.6235940">
    <ele>1632.7</ele>
   </trkpt>
   <trkpt lat="4.7641010" lon="-75.6235940">
    <ele>1632.7</ele>
   </trkpt>
   <trkpt lat="4.7641010" lon="-75.6235930">
    <ele>1632.7</ele>
   </trkpt>
   <trkpt lat="4.7641010" lon="-75.6235930">
    <ele>1632.7</ele>
   </trkpt>
   <trkpt lat="4.7641020" lon="-75.6235910">
    <ele>1632.7</ele>
   </trkpt>
   <trkpt lat="4.7641020" lon="-75.6235870">
    <ele>1632.7</ele>
   </trkpt>
   <trkpt lat="4.7641000" lon="-75.6235780">
    <ele>1632.7</ele>
   </trkpt>
   <trkpt lat="4.7640940" lon="-75.6235660">
    <ele>1632.8</ele>
   </trkpt>
   <trkpt lat="4.7640850" lon="-75.6235580">
    <ele>1632.8</ele>
   </trkpt>
   <trkpt lat="4.7640740" lon="-75.6235510">
    <ele>1632.8</ele>
   </trkpt>
   <trkpt lat="4.7640660" lon="-75.6235420">
    <ele>1632.9</ele>
   </trkpt>
   <trkpt lat="4.7640570" lon="-75.6235320">
    <ele>1632.9</ele>
   </trkpt>
   <trkpt lat="4.7640480" lon="-75.6235240">
    <ele>1632.9</ele>
   </trkpt>
   <trkpt lat="4.7640360" lon="-75.6235210">
    <ele>1633.0</ele>
   </trkpt>
   <trkpt lat="4.7640260" lon="-75.6235150">
    <ele>1633.0</ele>
   </trkpt>
   <trkpt lat="4.7640180" lon="-75.6235080">
    <ele>1633.0</ele>
   </trkpt>
   <trkpt lat="4.7640080" lon="-75.6235020">
    <ele>1633.1</ele>
   </trkpt>
   <trkpt lat="4.7639930" lon="-75.6234920">
    <ele>1633.1</ele>
   </trkpt>
   <trkpt lat="4.7639840" lon="-75.6234900">
    <ele>1633.1</ele>
   </trkpt>
   <trkpt lat="4.7639700" lon="-75.6234890">
    <ele>1633.2</ele>
   </trkpt>
   <trkpt lat="4.7639590" lon="-75.6234830">
    <ele>1633.2</ele>
   </trkpt>
   <trkpt lat="4.7639470" lon="-75.6234730">
    <ele>1633.3</ele>
   </trkpt>
   <trkpt lat="4.7639300" lon="-75.6234630">
    <ele>1633.4</ele>
   </trkpt>
   <trkpt lat="4.7639240" lon="-75.6234600">
    <ele>1633.4</ele>
   </trkpt>
   <trkpt lat="4.7639130" lon="-75.6234570">
    <ele>1633.4</ele>
   </trkpt>
   <trkpt lat="4.7639020" lon="-75.6234580">
    <ele>1633.5</ele>
   </trkpt>
   <trkpt lat="4.7638920" lon="-75.6234570">
    <ele>1633.5</ele>
   </trkpt>
   <trkpt lat="4.7638820" lon="-75.6234570">
    <ele>1633.5</ele>
   </trkpt>
   <trkpt lat="4.7638740" lon="-75.6234560">
    <ele>1633.6</ele>
   </trkpt>
   <trkpt lat="4.7638660" lon="-75.6234510">
    <ele>1633.6</ele>
   </trkpt>
   <trkpt lat="4.7638580" lon="-75.6234470">
    <ele>1633.6</ele>
   </trkpt>
   <trkpt lat="4.7638520" lon="-75.6234430">
    <ele>1633.7</ele>
   </trkpt>
   <trkpt lat="4.7638450" lon="-75.6234380">
    <ele>1633.7</ele>
   </trkpt>
   <trkpt lat="4.7638360" lon="-75.6234340">
    <ele>1633.8</ele>
   </trkpt>
   <trkpt lat="4.7638240" lon="-75.6234260">
    <ele>1633.8</ele>
   </trkpt>
   <trkpt lat="4.7638160" lon="-75.6234220">
    <ele>1633.9</ele>
   </trkpt>
   <trkpt lat="4.7638040" lon="-75.6234150">
    <ele>1633.9</ele>
   </trkpt>
   <trkpt lat="4.7637900" lon="-75.6234070">
    <ele>1634.0</ele>
   </trkpt>
   <trkpt lat="4.7637780" lon="-75.6233980">
    <ele>1634.1</ele>
   </trkpt>
   <trkpt lat="4.7637660" lon="-75.6233880">
    <ele>1634.2</ele>
   </trkpt>
   <trkpt lat="4.7637510" lon="-75.6233810">
    <ele>1634.2</ele>
   </trkpt>
   <trkpt lat="4.7637420" lon="-75.6233740">
    <ele>1634.3</ele>
   </trkpt>
   <trkpt lat="4.7637350" lon="-75.6233650">
    <ele>1634.4</ele>
   </trkpt>
   <trkpt lat="4.7637320" lon="-75.6233560">
    <ele>1634.4</ele>
   </trkpt>
   <trkpt lat="4.7637270" lon="-75.6233480">
    <ele>1634.5</ele>
   </trkpt>
   <trkpt lat="4.7637180" lon="-75.6233390">
    <ele>1634.5</ele>
   </trkpt>
   <trkpt lat="4.7637120" lon="-75.6233340">
    <ele>1634.6</ele>
   </trkpt>
   <trkpt lat="4.7637040" lon="-75.6233260">
    <ele>1634.6</ele>
   </trkpt>
   <trkpt lat="4.7636970" lon="-75.6233210">
    <ele>1634.7</ele>
   </trkpt>
   <trkpt lat="4.7636890" lon="-75.6233150">
    <ele>1634.7</ele>
   </trkpt>
   <trkpt lat="4.7636800" lon="-75.6233080">
    <ele>1634.8</ele>
   </trkpt>
   <trkpt lat="4.7636740" lon="-75.6233040">
    <ele>1634.8</ele>
   </trkpt>
   <trkpt lat="4.7636660" lon="-75.6233000">
    <ele>1634.9</ele>
   </trkpt>
   <trkpt lat="4.7636580" lon="-75.6232970">
    <ele>1634.9</ele>
   </trkpt>
   <trkpt lat="4.7636510" lon="-75.6232930">
    <ele>1635.0</ele>
   </trkpt>
   <trkpt lat="4.7636430" lon="-75.6232870">
    <ele>1635.1</ele>
   </trkpt>
   <trkpt lat="4.7636350" lon="-75.6232810">
    <ele>1635.1</ele>
   </trkpt>
   <trkpt lat="4.7636270" lon="-75.6232740">
    <ele>1635.2</ele>
   </trkpt>
   <trkpt lat="4.7636180" lon="-75.6232680">
    <ele>1635.3</ele>
   </trkpt>
   <trkpt lat="4.7636110" lon="-75.6232610">
    <ele>1635.3</ele>
   </trkpt>
   <trkpt lat="4.7636040" lon="-75.6232540">
    <ele>1635.4</ele>
   </trkpt>
   <trkpt lat="4.7635990" lon="-75.6232450">
    <ele>1635.4</ele>
   </trkpt>
   <trkpt lat="4.7635990" lon="-75.6232420">
    <ele>1635.5</ele>
   </trkpt>
   <trkpt lat="4.7635930" lon="-75.6232400">
    <ele>1635.5</ele>
   </trkpt>
   <trkpt lat="4.7635870" lon="-75.6232370">
    <ele>1635.5</ele>
   </trkpt>
   <trkpt lat="4.7635820" lon="-75.6232330">
    <ele>1635.6</ele>
   </trkpt>
   <trkpt lat="4.7635790" lon="-75.6232260">
    <ele>1635.6</ele>
   </trkpt>
   <trkpt lat="4.7635740" lon="-75.6232180">
    <ele>1635.7</ele>
   </trkpt>
   <trkpt lat="4.7635680" lon="-75.6232120">
    <ele>1635.8</ele>
   </trkpt>
   <trkpt lat="4.7635630" lon="-75.6232040">
    <ele>1635.8</ele>
   </trkpt>
   <trkpt lat="4.7635570" lon="-75.6231970">
    <ele>1635.9</ele>
   </trkpt>
   <trkpt lat="4.7635520" lon="-75.6231900">
    <ele>1635.9</ele>
   </trkpt>
   <trkpt lat="4.7635460" lon="-75.6231820">
    <ele>1636.0</ele>
   </trkpt>
   <trkpt lat="4.7635420" lon="-75.6231770">
    <ele>1636.0</ele>
   </trkpt>
   <trkpt lat="4.7635370" lon="-75.6231710">
    <ele>1636.1</ele>
   </trkpt>
   <trkpt lat="4.7635340" lon="-75.6231650">
    <ele>1636.1</ele>
   </trkpt>
   <trkpt lat="4.7635300" lon="-75.6231580">
    <ele>1636.2</ele>
   </trkpt>
   <trkpt lat="4.7635260" lon="-75.6231490">
    <ele>1636.3</ele>
   </trkpt>
   <trkpt lat="4.7635240" lon="-75.6231420">
    <ele>1636.3</ele>
   </trkpt>
   <trkpt lat="4.7635230" lon="-75.6231330">
    <ele>1636.4</ele>
   </trkpt>
   <trkpt lat="4.7635250" lon="-75.6231230">
    <ele>1636.4</ele>
   </trkpt>
   <trkpt lat="4.7635250" lon="-75.6231120">
    <ele>1636.5</ele>
   </trkpt>
   <trkpt lat="4.7635250" lon="-75.6231010">
    <ele>1636.6</ele>
   </trkpt>
   <trkpt lat="4.7635220" lon="-75.6230910">
    <ele>1636.6</ele>
   </trkpt>
   <trkpt lat="4.7635200" lon="-75.6230810">
    <ele>1636.7</ele>
   </trkpt>
   <trkpt lat="4.7635210" lon="-75.6230680">
    <ele>1636.8</ele>
   </trkpt>
   <trkpt lat="4.7635260" lon="-75.6230570">
    <ele>1636.9</ele>
   </trkpt>
   <trkpt lat="4.7635280" lon="-75.6230450">
    <ele>1636.9</ele>
   </trkpt>
   <trkpt lat="4.7635280" lon="-75.6230330">
    <ele>1637.0</ele>
   </trkpt>
   <trkpt lat="4.7635270" lon="-75.6230220">
    <ele>1637.1</ele>
   </trkpt>
   <trkpt lat="4.7635250" lon="-75.6230100">
    <ele>1637.2</ele>
   </trkpt>
   <trkpt lat="4.7635260" lon="-75.6229960">
    <ele>1637.3</ele>
   </trkpt>
   <trkpt lat="4.7635250" lon="-75.6229840">
    <ele>1637.3</ele>
   </trkpt>
   <trkpt lat="4.7635200" lon="-75.6229750">
    <ele>1637.4</ele>
   </trkpt>
   <trkpt lat="4.7635160" lon="-75.6229630">
    <ele>1637.5</ele>
   </trkpt>
   <trkpt lat="4.7635170" lon="-75.6229540">
    <ele>1637.5</ele>
   </trkpt>
   <trkpt lat="4.7635230" lon="-75.6229460">
    <ele>1637.6</ele>
   </trkpt>
   <trkpt lat="4.7635300" lon="-75.6229370">
    <ele>1637.7</ele>
   </trkpt>
   <trkpt lat="4.7635360" lon="-75.6229300">
    <ele>1637.7</ele>
   </trkpt>
   <trkpt lat="4.7635460" lon="-75.6229240">
    <ele>1637.8</ele>
   </trkpt>
   <trkpt lat="4.7635490" lon="-75.6229280">
    <ele>1637.8</ele>
   </trkpt>
   <trkpt lat="4.7635450" lon="-75.6229360">
    <ele>1637.9</ele>
   </trkpt>
   <trkpt lat="4.7635410" lon="-75.6229410">
    <ele>1637.9</ele>
   </trkpt>
   <trkpt lat="4.7635370" lon="-75.6229450">
    <ele>1638.0</ele>
   </trkpt>
   <trkpt lat="4.7635360" lon="-75.6229450">
    <ele>1638.0</ele>
   </trkpt>
   <trkpt lat="4.7635340" lon="-75.6229380">
    <ele>1638.0</ele>
   </trkpt>
   <trkpt lat="4.7635310" lon="-75.6229230">
    <ele>1638.1</ele>
   </trkpt>
   <trkpt lat="4.7635260" lon="-75.6229100">
    <ele>1638.2</ele>
   </trkpt>
   <trkpt lat="4.7635180" lon="-75.6228950">
    <ele>1638.3</ele>
   </trkpt>
   <trkpt lat="4.7635110" lon="-75.6228770">
    <ele>1638.4</ele>
   </trkpt>
   <trkpt lat="4.7635050" lon="-75.6228550">
    <ele>1638.5</ele>
   </trkpt>
   <trkpt lat="4.7635000" lon="-75.6228390">
    <ele>1638.6</ele>
   </trkpt>
   <trkpt lat="4.7634930" lon="-75.6228250">
    <ele>1638.7</ele>
   </trkpt>
   <trkpt lat="4.7634850" lon="-75.6228140">
    <ele>1638.8</ele>
   </trkpt>
   <trkpt lat="4.7634760" lon="-75.6228040">
    <ele>1638.8</ele>
   </trkpt>
   <trkpt lat="4.7634670" lon="-75.6227960">
    <ele>1638.9</ele>
   </trkpt>
   <trkpt lat="4.7634590" lon="-75.6227870">
    <ele>1638.9</ele>
   </trkpt>
   <trkpt lat="4.7634540" lon="-75.6227760">
    <ele>1639.0</ele>
   </trkpt>
   <trkpt lat="4.7634480" lon="-75.6227660">
    <ele>1639.0</ele>
   </trkpt>
   <trkpt lat="4.7634450" lon="-75.6227530">
    <ele>1639.1</ele>
   </trkpt>
   <trkpt lat="4.7634480" lon="-75.6227360">
    <ele>1639.1</ele>
   </trkpt>
   <trkpt lat="4.7634460" lon="-75.6227250">
    <ele>1639.2</ele>
   </trkpt>
   <trkpt lat="4.7634450" lon="-75.6227130">
    <ele>1639.2</ele>
   </trkpt>
   <trkpt lat="4.7634450" lon="-75.6227000">
    <ele>1639.2</ele>
   </trkpt>
   <trkpt lat="4.7634450" lon="-75.6226890">
    <ele>1639.2</ele>
   </trkpt>
   <trkpt lat="4.7634440" lon="-75.6226780">
    <ele>1639.3</ele>
   </trkpt>
   <trkpt lat="4.7634470" lon="-75.6226680">
    <ele>1639.3</ele>
   </trkpt>
   <trkpt lat="4.7634470" lon="-75.6226570">
    <ele>1639.3</ele>
   </trkpt>
   <trkpt lat="4.7634450" lon="-75.6226460">
    <ele>1639.3</ele>
   </trkpt>
   <trkpt lat="4.7634420" lon="-75.6226350">
    <ele>1639.3</ele>
   </trkpt>
   <trkpt lat="4.7634390" lon="-75.6226240">
    <ele>1639.4</ele>
   </trkpt>
   <trkpt lat="4.7634330" lon="-75.6226140">
    <ele>1639.4</ele>
   </trkpt>
   <trkpt lat="4.7634270" lon="-75.6226030">
    <ele>1639.4</ele>
   </trkpt>
   <trkpt lat="4.7634190" lon="-75.6225890">
    <ele>1639.4</ele>
   </trkpt>
   <trkpt lat="4.7634130" lon="-75.6225870">
    <ele>1639.4</ele>
   </trkpt>
   <trkpt lat="4.7634070" lon="-75.6225790">
    <ele>1639.4</ele>
   </trkpt>
   <trkpt lat="4.7634000" lon="-75.6225710">
    <ele>1639.4</ele>
   </trkpt>
   <trkpt lat="4.7633960" lon="-75.6225630">
    <ele>1639.4</ele>
   </trkpt>
   <trkpt lat="4.7633910" lon="-75.6225550">
    <ele>1639.4</ele>
   </trkpt>
   <trkpt lat="4.7633860" lon="-75.6225460">
    <ele>1639.4</ele>
   </trkpt>
   <trkpt lat="4.7633810" lon="-75.6225350">
    <ele>1639.5</ele>
   </trkpt>
   <trkpt lat="4.7633780" lon="-75.6225290">
    <ele>1639.5</ele>
   </trkpt>
   <trkpt lat="4.7633750" lon="-75.6225200">
    <ele>1639.5</ele>
   </trkpt>
   <trkpt lat="4.7633720" lon="-75.6225130">
    <ele>1639.5</ele>
   </trkpt>
   <trkpt lat="4.7633680" lon="-75.6225060">
    <ele>1639.5</ele>
   </trkpt>
   <trkpt lat="4.7633630" lon="-75.6224990">
    <ele>1639.5</ele>
   </trkpt>
   <trkpt lat="4.7633580" lon="-75.6224860">
    <ele>1639.5</ele>
   </trkpt>
   <trkpt lat="4.7633540" lon="-75.6224840">
    <ele>1639.5</ele>
   </trkpt>
   <trkpt lat="4.7633460" lon="-75.6224770">
    <ele>1639.5</ele>
   </trkpt>
   <trkpt lat="4.7633400" lon="-75.6224700">
    <ele>1639.5</ele>
   </trkpt>
   <trkpt lat="4.7633330" lon="-75.6224610">
    <ele>1639.5</ele>
   </trkpt>
   <trkpt lat="4.7633260" lon="-75.6224530">
    <ele>1639.5</ele>
   </trkpt>
   <trkpt lat="4.7633170" lon="-75.6224450">
    <ele>1639.6</ele>
   </trkpt>
   <trkpt lat="4.7633090" lon="-75.6224370">
    <ele>1639.6</ele>
   </trkpt>
   <trkpt lat="4.7632980" lon="-75.6224330">
    <ele>1639.6</ele>
   </trkpt>
   <trkpt lat="4.7632890" lon="-75.6224280">
    <ele>1639.6</ele>
   </trkpt>
   <trkpt lat="4.7632820" lon="-75.6224210">
    <ele>1639.6</ele>
   </trkpt>
   <trkpt lat="4.7632750" lon="-75.6224130">
    <ele>1639.7</ele>
   </trkpt>
   <trkpt lat="4.7632670" lon="-75.6224040">
    <ele>1639.7</ele>
   </trkpt>
   <trkpt lat="4.7632590" lon="-75.6223950">
    <ele>1639.7</ele>
   </trkpt>
   <trkpt lat="4.7632540" lon="-75.6223880">
    <ele>1639.7</ele>
   </trkpt>
   <trkpt lat="4.7632490" lon="-75.6223790">
    <ele>1639.8</ele>
   </trkpt>
   <trkpt lat="4.7632430" lon="-75.6223700">
    <ele>1639.8</ele>
   </trkpt>
   <trkpt lat="4.7632370" lon="-75.6223620">
    <ele>1639.8</ele>
   </trkpt>
   <trkpt lat="4.7632310" lon="-75.6223530">
    <ele>1639.8</ele>
   </trkpt>
   <trkpt lat="4.7632250" lon="-75.6223430">
    <ele>1639.9</ele>
   </trkpt>
   <trkpt lat="4.7632200" lon="-75.6223330">
    <ele>1639.9</ele>
   </trkpt>
   <trkpt lat="4.7632140" lon="-75.6223240">
    <ele>1640.0</ele>
   </trkpt>
   <trkpt lat="4.7632090" lon="-75.6223150">
    <ele>1640.0</ele>
   </trkpt>
   <trkpt lat="4.7632040" lon="-75.6223060">
    <ele>1640.1</ele>
   </trkpt>
   <trkpt lat="4.7631980" lon="-75.6222970">
    <ele>1640.1</ele>
   </trkpt>
   <trkpt lat="4.7631930" lon="-75.6222880">
    <ele>1640.1</ele>
   </trkpt>
   <trkpt lat="4.7631870" lon="-75.6222780">
    <ele>1640.2</ele>
   </trkpt>
   <trkpt lat="4.7631840" lon="-75.6222710">
    <ele>1640.2</ele>
   </trkpt>
   <trkpt lat="4.7631800" lon="-75.6222610">
    <ele>1640.3</ele>
   </trkpt>
   <trkpt lat="4.7631760" lon="-75.6222510">
    <ele>1640.3</ele>
   </trkpt>
   <trkpt lat="4.7631730" lon="-75.6222410">
    <ele>1640.4</ele>
   </trkpt>
   <trkpt lat="4.7631680" lon="-75.6222320">
    <ele>1640.4</ele>
   </trkpt>
   <trkpt lat="4.7631630" lon="-75.6222230">
    <ele>1640.5</ele>
   </trkpt>
   <trkpt lat="4.7631580" lon="-75.6222140">
    <ele>1640.5</ele>
   </trkpt>
   <trkpt lat="4.7631540" lon="-75.6222050">
    <ele>1640.6</ele>
   </trkpt>
   <trkpt lat="4.7631500" lon="-75.6221950">
    <ele>1640.6</ele>
   </trkpt>
   <trkpt lat="4.7631440" lon="-75.6221860">
    <ele>1640.7</ele>
   </trkpt>
   <trkpt lat="4.7631380" lon="-75.6221750">
    <ele>1640.8</ele>
   </trkpt>
   <trkpt lat="4.7631320" lon="-75.6221640">
    <ele>1640.9</ele>
   </trkpt>
   <trkpt lat="4.7631260" lon="-75.6221520">
    <ele>1641.0</ele>
   </trkpt>
   <trkpt lat="4.7631210" lon="-75.6221440">
    <ele>1641.0</ele>
   </trkpt>
   <trkpt lat="4.7631180" lon="-75.6221350">
    <ele>1641.1</ele>
   </trkpt>
   <trkpt lat="4.7631140" lon="-75.6221260">
    <ele>1641.1</ele>
   </trkpt>
   <trkpt lat="4.7631080" lon="-75.6221160">
    <ele>1641.2</ele>
   </trkpt>
   <trkpt lat="4.7631020" lon="-75.6221060">
    <ele>1641.3</ele>
   </trkpt>
   <trkpt lat="4.7630960" lon="-75.6220950">
    <ele>1641.4</ele>
   </trkpt>
   <trkpt lat="4.7630910" lon="-75.6220860">
    <ele>1641.4</ele>
   </trkpt>
   <trkpt lat="4.7630860" lon="-75.6220760">
    <ele>1641.5</ele>
   </trkpt>
   <trkpt lat="4.7630800" lon="-75.6220670">
    <ele>1641.6</ele>
   </trkpt>
   <trkpt lat="4.7630760" lon="-75.6220580">
    <ele>1641.7</ele>
   </trkpt>
   <trkpt lat="4.7630700" lon="-75.6220500">
    <ele>1641.7</ele>
   </trkpt>
   <trkpt lat="4.7630650" lon="-75.6220400">
    <ele>1641.8</ele>
   </trkpt>
   <trkpt lat="4.7630590" lon="-75.6220290">
    <ele>1641.9</ele>
   </trkpt>
   <trkpt lat="4.7630560" lon="-75.6220220">
    <ele>1641.9</ele>
   </trkpt>
   <trkpt lat="4.7630530" lon="-75.6220130">
    <ele>1642.0</ele>
   </trkpt>
   <trkpt lat="4.7630500" lon="-75.6220020">
    <ele>1642.1</ele>
   </trkpt>
   <trkpt lat="4.7630460" lon="-75.6219910">
    <ele>1642.2</ele>
   </trkpt>
   <trkpt lat="4.7630410" lon="-75.6219810">
    <ele>1642.3</ele>
   </trkpt>
   <trkpt lat="4.7630370" lon="-75.6219720">
    <ele>1642.3</ele>
   </trkpt>
   <trkpt lat="4.7630310" lon="-75.6219610">
    <ele>1642.4</ele>
   </trkpt>
   <trkpt lat="4.7630270" lon="-75.6219520">
    <ele>1642.5</ele>
   </trkpt>
   <trkpt lat="4.7630230" lon="-75.6219430">
    <ele>1642.6</ele>
   </trkpt>
   <trkpt lat="4.7630180" lon="-75.6219350">
    <ele>1642.6</ele>
   </trkpt>
   <trkpt lat="4.7630140" lon="-75.6219260">
    <ele>1642.7</ele>
   </trkpt>
   <trkpt lat="4.7630100" lon="-75.6219180">
    <ele>1642.8</ele>
   </trkpt>
   <trkpt lat="4.7630050" lon="-75.6219080">
    <ele>1642.8</ele>
   </trkpt>
   <trkpt lat="4.7630030" lon="-75.6219010">
    <ele>1642.9</ele>
   </trkpt>
   <trkpt lat="4.7629980" lon="-75.6218930">
    <ele>1643.0</ele>
   </trkpt>
   <trkpt lat="4.7629930" lon="-75.6218850">
    <ele>1643.0</ele>
   </trkpt>
   <trkpt lat="4.7629890" lon="-75.6218770">
    <ele>1643.1</ele>
   </trkpt>
   <trkpt lat="4.7629850" lon="-75.6218700">
    <ele>1643.2</ele>
   </trkpt>
   <trkpt lat="4.7629810" lon="-75.6218620">
    <ele>1643.2</ele>
   </trkpt>
   <trkpt lat="4.7629760" lon="-75.6218530">
    <ele>1643.3</ele>
   </trkpt>
   <trkpt lat="4.7629730" lon="-75.6218460">
    <ele>1643.3</ele>
   </trkpt>
   <trkpt lat="4.7629690" lon="-75.6218380">
    <ele>1643.4</ele>
   </trkpt>
   <trkpt lat="4.7629640" lon="-75.6218290">
    <ele>1643.5</ele>
   </trkpt>
   <trkpt lat="4.7629600" lon="-75.6218220">
    <ele>1643.5</ele>
   </trkpt>
   <trkpt lat="4.7629560" lon="-75.6218140">
    <ele>1643.6</ele>
   </trkpt>
   <trkpt lat="4.7629520" lon="-75.6218060">
    <ele>1643.6</ele>
   </trkpt>
   <trkpt lat="4.7629480" lon="-75.6217980">
    <ele>1643.7</ele>
   </trkpt>
   <trkpt lat="4.7629440" lon="-75.6217900">
    <ele>1643.8</ele>
   </trkpt>
   <trkpt lat="4.7629390" lon="-75.6217840">
    <ele>1643.8</ele>
   </trkpt>
   <trkpt lat="4.7629360" lon="-75.6217760">
    <ele>1643.9</ele>
   </trkpt>
   <trkpt lat="4.7629340" lon="-75.6217680">
    <ele>1643.9</ele>
   </trkpt>
   <trkpt lat="4.7629310" lon="-75.6217550">
    <ele>1644.0</ele>
   </trkpt>
   <trkpt lat="4.7629290" lon="-75.6217490">
    <ele>1644.1</ele>
   </trkpt>
   <trkpt lat="4.7629250" lon="-75.6217410">
    <ele>1644.1</ele>
   </trkpt>
   <trkpt lat="4.7629200" lon="-75.6217330">
    <ele>1644.2</ele>
   </trkpt>
   <trkpt lat="4.7629160" lon="-75.6217240">
    <ele>1644.2</ele>
   </trkpt>
   <trkpt lat="4.7629110" lon="-75.6217150">
    <ele>1644.3</ele>
   </trkpt>
   <trkpt lat="4.7629080" lon="-75.6217090">
    <ele>1644.3</ele>
   </trkpt>
   <trkpt lat="4.7629040" lon="-75.6217010">
    <ele>1644.4</ele>
   </trkpt>
   <trkpt lat="4.7629000" lon="-75.6216920">
    <ele>1644.4</ele>
   </trkpt>
   <trkpt lat="4.7628950" lon="-75.6216840">
    <ele>1644.5</ele>
   </trkpt>
   <trkpt lat="4.7628910" lon="-75.6216750">
    <ele>1644.5</ele>
   </trkpt>
   <trkpt lat="4.7628880" lon="-75.6216650">
    <ele>1644.6</ele>
   </trkpt>
   <trkpt lat="4.7628830" lon="-75.6216550">
    <ele>1644.6</ele>
   </trkpt>
   <trkpt lat="4.7628790" lon="-75.6216450">
    <ele>1644.7</ele>
   </trkpt>
   <trkpt lat="4.7628750" lon="-75.6216350">
    <ele>1644.7</ele>
   </trkpt>
   <trkpt lat="4.7628730" lon="-75.6216250">
    <ele>1644.7</ele>
   </trkpt>
   <trkpt lat="4.7628690" lon="-75.6216160">
    <ele>1644.8</ele>
   </trkpt>
   <trkpt lat="4.7628640" lon="-75.6216070">
    <ele>1644.8</ele>
   </trkpt>
   <trkpt lat="4.7628600" lon="-75.6215970">
    <ele>1644.8</ele>
   </trkpt>
   <trkpt lat="4.7628580" lon="-75.6215880">
    <ele>1644.9</ele>
   </trkpt>
   <trkpt lat="4.7628540" lon="-75.6215790">
    <ele>1644.9</ele>
   </trkpt>
   <trkpt lat="4.7628510" lon="-75.6215690">
    <ele>1644.9</ele>
   </trkpt>
   <trkpt lat="4.7628490" lon="-75.6215590">
    <ele>1644.9</ele>
   </trkpt>
   <trkpt lat="4.7628460" lon="-75.6215500">
    <ele>1645.0</ele>
   </trkpt>
   <trkpt lat="4.7628430" lon="-75.6215390">
    <ele>1645.0</ele>
   </trkpt>
   <trkpt lat="4.7628410" lon="-75.6215280">
    <ele>1645.0</ele>
   </trkpt>
   <trkpt lat="4.7628370" lon="-75.6215170">
    <ele>1645.0</ele>
   </trkpt>
   <trkpt lat="4.7628360" lon="-75.6215020">
    <ele>1645.1</ele>
   </trkpt>
   <trkpt lat="4.7628360" lon="-75.6214950">
    <ele>1645.1</ele>
   </trkpt>
   <trkpt lat="4.7628350" lon="-75.6214860">
    <ele>1645.1</ele>
   </trkpt>
   <trkpt lat="4.7628330" lon="-75.6214770">
    <ele>1645.1</ele>
   </trkpt>
   <trkpt lat="4.7628280" lon="-75.6214700">
    <ele>1645.1</ele>
   </trkpt>
   <trkpt lat="4.7628220" lon="-75.6214630">
    <ele>1645.1</ele>
   </trkpt>
   <trkpt lat="4.7628190" lon="-75.6214550">
    <ele>1645.1</ele>
   </trkpt>
   <trkpt lat="4.7628170" lon="-75.6214390">
    <ele>1645.1</ele>
   </trkpt>
   <trkpt lat="4.7628200" lon="-75.6214340">
    <ele>1645.1</ele>
   </trkpt>
   <trkpt lat="4.7628270" lon="-75.6214310">
    <ele>1645.1</ele>
   </trkpt>
   <trkpt lat="4.7628330" lon="-75.6214340">
    <ele>1645.1</ele>
   </trkpt>
   <trkpt lat="4.7628350" lon="-75.6214330">
    <ele>1645.1</ele>
   </trkpt>
   <trkpt lat="4.7628320" lon="-75.6214220">
    <ele>1645.1</ele>
   </trkpt>
   <trkpt lat="4.7628210" lon="-75.6214110">
    <ele>1645.1</ele>
   </trkpt>
   <trkpt lat="4.7628210" lon="-75.6214000">
    <ele>1645.1</ele>
   </trkpt>
   <trkpt lat="4.7628180" lon="-75.6213920">
    <ele>1645.1</ele>
   </trkpt>
   <trkpt lat="4.7628110" lon="-75.6213810">
    <ele>1645.1</ele>
   </trkpt>
   <trkpt lat="4.7628020" lon="-75.6213680">
    <ele>1645.1</ele>
   </trkpt>
   <trkpt lat="4.7627910" lon="-75.6213530">
    <ele>1645.2</ele>
   </trkpt>
   <trkpt lat="4.7627830" lon="-75.6213420">
    <ele>1645.2</ele>
   </trkpt>
   <trkpt lat="4.7627750" lon="-75.6213310">
    <ele>1645.2</ele>
   </trkpt>
   <trkpt lat="4.7627630" lon="-75.6213200">
    <ele>1645.2</ele>
   </trkpt>
   <trkpt lat="4.7627570" lon="-75.6213130">
    <ele>1645.2</ele>
   </trkpt>
   <trkpt lat="4.7627510" lon="-75.6213050">
    <ele>1645.2</ele>
   </trkpt>
   <trkpt lat="4.7627450" lon="-75.6212960">
    <ele>1645.2</ele>
   </trkpt>
   <trkpt lat="4.7627420" lon="-75.6212860">
    <ele>1645.2</ele>
   </trkpt>
   <trkpt lat="4.7627440" lon="-75.6212750">
    <ele>1645.2</ele>
   </trkpt>
   <trkpt lat="4.7627440" lon="-75.6212660">
    <ele>1645.2</ele>
   </trkpt>
   <trkpt lat="4.7627460" lon="-75.6212520">
    <ele>1645.2</ele>
   </trkpt>
   <trkpt lat="4.7627470" lon="-75.6212450">
    <ele>1645.2</ele>
   </trkpt>
   <trkpt lat="4.7627410" lon="-75.6212410">
    <ele>1645.2</ele>
   </trkpt>
   <trkpt lat="4.7627380" lon="-75.6212330">
    <ele>1645.2</ele>
   </trkpt>
   <trkpt lat="4.7627360" lon="-75.6212250">
    <ele>1645.2</ele>
   </trkpt>
   <trkpt lat="4.7627340" lon="-75.6212120">
    <ele>1645.2</ele>
   </trkpt>
   <trkpt lat="4.7627340" lon="-75.6211960">
    <ele>1645.2</ele>
   </trkpt>
   <trkpt lat="4.7627320" lon="-75.6211810">
    <ele>1645.3</ele>
   </trkpt>
   <trkpt lat="4.7627290" lon="-75.6211660">
    <ele>1645.3</ele>
   </trkpt>
   <trkpt lat="4.7627260" lon="-75.6211530">
    <ele>1645.3</ele>
   </trkpt>
   <trkpt lat="4.7627250" lon="-75.6211380">
    <ele>1645.3</ele>
   </trkpt>
   <trkpt lat="4.7627260" lon="-75.6211270">
    <ele>1645.3</ele>
   </trkpt>
   <trkpt lat="4.7627270" lon="-75.6211160">
    <ele>1645.3</ele>
   </trkpt>
   <trkpt lat="4.7627260" lon="-75.6211040">
    <ele>1645.3</ele>
   </trkpt>
   <trkpt lat="4.7627260" lon="-75.6210890">
    <ele>1645.3</ele>
   </trkpt>
   <trkpt lat="4.7627210" lon="-75.6210780">
    <ele>1645.3</ele>
   </trkpt>
   <trkpt lat="4.7627180" lon="-75.6210660">
    <ele>1645.4</ele>
   </trkpt>
   <trkpt lat="4.7627140" lon="-75.6210530">
    <ele>1645.4</ele>
   </trkpt>
   <trkpt lat="4.7627100" lon="-75.6210410">
    <ele>1645.4</ele>
   </trkpt>
   <trkpt lat="4.7627040" lon="-75.6210290">
    <ele>1645.4</ele>
   </trkpt>
   <trkpt lat="4.7626990" lon="-75.6210190">
    <ele>1645.4</ele>
   </trkpt>
   <trkpt lat="4.7626950" lon="-75.6210040">
    <ele>1645.4</ele>
   </trkpt>
   <trkpt lat="4.7626910" lon="-75.6209940">
    <ele>1645.4</ele>
   </trkpt>
   <trkpt lat="4.7626860" lon="-75.6209830">
    <ele>1645.4</ele>
   </trkpt>
   <trkpt lat="4.7626820" lon="-75.6209720">
    <ele>1645.5</ele>
   </trkpt>
   <trkpt lat="4.7626770" lon="-75.6209620">
    <ele>1645.5</ele>
   </trkpt>
   <trkpt lat="4.7626730" lon="-75.6209520">
    <ele>1645.5</ele>
   </trkpt>
   <trkpt lat="4.7626690" lon="-75.6209420">
    <ele>1645.5</ele>
   </trkpt>
   <trkpt lat="4.7626660" lon="-75.6209310">
    <ele>1645.5</ele>
   </trkpt>
   <trkpt lat="4.7626640" lon="-75.6209220">
    <ele>1645.5</ele>
   </trkpt>
   <trkpt lat="4.7626610" lon="-75.6209140">
    <ele>1645.5</ele>
   </trkpt>
   <trkpt lat="4.7626570" lon="-75.6209050">
    <ele>1645.5</ele>
   </trkpt>
   <trkpt lat="4.7626560" lon="-75.6208970">
    <ele>1645.6</ele>
   </trkpt>
   <trkpt lat="4.7626570" lon="-75.6208890">
    <ele>1645.6</ele>
   </trkpt>
   <trkpt lat="4.7626570" lon="-75.6208760">
    <ele>1645.6</ele>
   </trkpt>
   <trkpt lat="4.7626560" lon="-75.6208680">
    <ele>1645.6</ele>
   </trkpt>
   <trkpt lat="4.7626540" lon="-75.6208560">
    <ele>1645.6</ele>
   </trkpt>
   <trkpt lat="4.7626520" lon="-75.6208420">
    <ele>1645.6</ele>
   </trkpt>
   <trkpt lat="4.7626500" lon="-75.6208270">
    <ele>1645.7</ele>
   </trkpt>
   <trkpt lat="4.7626480" lon="-75.6208120">
    <ele>1645.7</ele>
   </trkpt>
   <trkpt lat="4.7626450" lon="-75.6207980">
    <ele>1645.7</ele>
   </trkpt>
   <trkpt lat="4.7626420" lon="-75.6207820">
    <ele>1645.7</ele>
   </trkpt>
   <trkpt lat="4.7626380" lon="-75.6207720">
    <ele>1645.7</ele>
   </trkpt>
   <trkpt lat="4.7626340" lon="-75.6207610">
    <ele>1645.8</ele>
   </trkpt>
   <trkpt lat="4.7626310" lon="-75.6207500">
    <ele>1645.8</ele>
   </trkpt>
   <trkpt lat="4.7626280" lon="-75.6207390">
    <ele>1645.8</ele>
   </trkpt>
   <trkpt lat="4.7626260" lon="-75.6207300">
    <ele>1645.8</ele>
   </trkpt>
   <trkpt lat="4.7626230" lon="-75.6207210">
    <ele>1645.8</ele>
   </trkpt>
   <trkpt lat="4.7626200" lon="-75.6207100">
    <ele>1645.8</ele>
   </trkpt>
   <trkpt lat="4.7626160" lon="-75.6206980">
    <ele>1645.9</ele>
   </trkpt>
   <trkpt lat="4.7626120" lon="-75.6206840">
    <ele>1645.9</ele>
   </trkpt>
   <trkpt lat="4.7626080" lon="-75.6206700">
    <ele>1645.9</ele>
   </trkpt>
   <trkpt lat="4.7626050" lon="-75.6206610">
    <ele>1645.9</ele>
   </trkpt>
   <trkpt lat="4.7626010" lon="-75.6206500">
    <ele>1645.9</ele>
   </trkpt>
   <trkpt lat="4.7625920" lon="-75.6206340">
    <ele>1646.0</ele>
   </trkpt>
   <trkpt lat="4.7625880" lon="-75.6206260">
    <ele>1646.0</ele>
   </trkpt>
   <trkpt lat="4.7625840" lon="-75.6206170">
    <ele>1646.0</ele>
   </trkpt>
   <trkpt lat="4.7625780" lon="-75.6206080">
    <ele>1646.0</ele>
   </trkpt>
   <trkpt lat="4.7625710" lon="-75.6205990">
    <ele>1646.0</ele>
   </trkpt>
   <trkpt lat="4.7625650" lon="-75.6205900">
    <ele>1646.0</ele>
   </trkpt>
   <trkpt lat="4.7625620" lon="-75.6205800">
    <ele>1646.1</ele>
   </trkpt>
   <trkpt lat="4.7625540" lon="-75.6205650">
    <ele>1646.1</ele>
   </trkpt>
   <trkpt lat="4.7625500" lon="-75.6205560">
    <ele>1646.1</ele>
   </trkpt>
   <trkpt lat="4.7625470" lon="-75.6205470">
    <ele>1646.1</ele>
   </trkpt>
   <trkpt lat="4.7625420" lon="-75.6205370">
    <ele>1646.1</ele>
   </trkpt>
   <trkpt lat="4.7625390" lon="-75.6205270">
    <ele>1646.1</ele>
   </trkpt>
   <trkpt lat="4.7625360" lon="-75.6205170">
    <ele>1646.2</ele>
   </trkpt>
   <trkpt lat="4.7625310" lon="-75.6205030">
    <ele>1646.2</ele>
   </trkpt>
   <trkpt lat="4.7625280" lon="-75.6204960">
    <ele>1646.2</ele>
   </trkpt>
   <trkpt lat="4.7625220" lon="-75.6204870">
    <ele>1646.2</ele>
   </trkpt>
   <trkpt lat="4.7625170" lon="-75.6204750">
    <ele>1646.2</ele>
   </trkpt>
   <trkpt lat="4.7625110" lon="-75.6204650">
    <ele>1646.2</ele>
   </trkpt>
   <trkpt lat="4.7625070" lon="-75.6204610">
    <ele>1646.3</ele>
   </trkpt>
   <trkpt lat="4.7625010" lon="-75.6204490">
    <ele>1646.3</ele>
   </trkpt>
   <trkpt lat="4.7624970" lon="-75.6204410">
    <ele>1646.3</ele>
   </trkpt>
   <trkpt lat="4.7624900" lon="-75.6204300">
    <ele>1646.3</ele>
   </trkpt>
   <trkpt lat="4.7624840" lon="-75.6204190">
    <ele>1646.3</ele>
   </trkpt>
   <trkpt lat="4.7624790" lon="-75.6204080">
    <ele>1646.3</ele>
   </trkpt>
   <trkpt lat="4.7624730" lon="-75.6203980">
    <ele>1646.4</ele>
   </trkpt>
   <trkpt lat="4.7624680" lon="-75.6203870">
    <ele>1646.4</ele>
   </trkpt>
   <trkpt lat="4.7624610" lon="-75.6203760">
    <ele>1646.4</ele>
   </trkpt>
   <trkpt lat="4.7624530" lon="-75.6203670">
    <ele>1646.4</ele>
   </trkpt>
   <trkpt lat="4.7624450" lon="-75.6203570">
    <ele>1646.4</ele>
   </trkpt>
   <trkpt lat="4.7624380" lon="-75.6203470">
    <ele>1646.5</ele>
   </trkpt>
   <trkpt lat="4.7624310" lon="-75.6203370">
    <ele>1646.5</ele>
   </trkpt>
   <trkpt lat="4.7624260" lon="-75.6203320">
    <ele>1646.5</ele>
   </trkpt>
   <trkpt lat="4.7624190" lon="-75.6203260">
    <ele>1646.5</ele>
   </trkpt>
   <trkpt lat="4.7624120" lon="-75.6203170">
    <ele>1646.5</ele>
   </trkpt>
   <trkpt lat="4.7624040" lon="-75.6203060">
    <ele>1646.5</ele>
   </trkpt>
   <trkpt lat="4.7623940" lon="-75.6202980">
    <ele>1646.6</ele>
   </trkpt>
   <trkpt lat="4.7623840" lon="-75.6202880">
    <ele>1646.6</ele>
   </trkpt>
   <trkpt lat="4.7623790" lon="-75.6202760">
    <ele>1646.6</ele>
   </trkpt>
   <trkpt lat="4.7623740" lon="-75.6202640">
    <ele>1646.6</ele>
   </trkpt>
   <trkpt lat="4.7623700" lon="-75.6202510">
    <ele>1646.7</ele>
   </trkpt>
   <trkpt lat="4.7623680" lon="-75.6202390">
    <ele>1646.7</ele>
   </trkpt>
   <trkpt lat="4.7623650" lon="-75.6202270">
    <ele>1646.7</ele>
   </trkpt>
   <trkpt lat="4.7623610" lon="-75.6202150">
    <ele>1646.8</ele>
   </trkpt>
   <trkpt lat="4.7623560" lon="-75.6202040">
    <ele>1646.8</ele>
   </trkpt>
   <trkpt lat="4.7623520" lon="-75.6201920">
    <ele>1646.8</ele>
   </trkpt>
   <trkpt lat="4.7623470" lon="-75.6201790">
    <ele>1646.9</ele>
   </trkpt>
   <trkpt lat="4.7623450" lon="-75.6201720">
    <ele>1646.9</ele>
   </trkpt>
   <trkpt lat="4.7623400" lon="-75.6201610">
    <ele>1646.9</ele>
   </trkpt>
   <trkpt lat="4.7623370" lon="-75.6201510">
    <ele>1647.0</ele>
   </trkpt>
   <trkpt lat="4.7623340" lon="-75.6201400">
    <ele>1647.0</ele>
   </trkpt>
   <trkpt lat="4.7623330" lon="-75.6201280">
    <ele>1647.0</ele>
   </trkpt>
   <trkpt lat="4.7623410" lon="-75.6201210">
    <ele>1647.1</ele>
   </trkpt>
   <trkpt lat="4.7623350" lon="-75.6201080">
    <ele>1647.1</ele>
   </trkpt>
   <trkpt lat="4.7623280" lon="-75.6201050">
    <ele>1647.1</ele>
   </trkpt>
   <trkpt lat="4.7623240" lon="-75.6200970">
    <ele>1647.2</ele>
   </trkpt>
   <trkpt lat="4.7623200" lon="-75.6200880">
    <ele>1647.2</ele>
   </trkpt>
   <trkpt lat="4.7623150" lon="-75.6200780">
    <ele>1647.2</ele>
   </trkpt>
   <trkpt lat="4.7623140" lon="-75.6200660">
    <ele>1647.3</ele>
   </trkpt>
   <trkpt lat="4.7623170" lon="-75.6200450">
    <ele>1647.4</ele>
   </trkpt>
   <trkpt lat="4.7623150" lon="-75.6200380">
    <ele>1647.4</ele>
   </trkpt>
   <trkpt lat="4.7623120" lon="-75.6200300">
    <ele>1647.4</ele>
   </trkpt>
   <trkpt lat="4.7623050" lon="-75.6200250">
    <ele>1647.5</ele>
   </trkpt>
   <trkpt lat="4.7622990" lon="-75.6200180">
    <ele>1647.5</ele>
   </trkpt>
   <trkpt lat="4.7622990" lon="-75.6200090">
    <ele>1647.5</ele>
   </trkpt>
   <trkpt lat="4.7622970" lon="-75.6200020">
    <ele>1647.6</ele>
   </trkpt>
   <trkpt lat="4.7622920" lon="-75.6199950">
    <ele>1647.6</ele>
   </trkpt>
   <trkpt lat="4.7622880" lon="-75.6199870">
    <ele>1647.6</ele>
   </trkpt>
   <trkpt lat="4.7622840" lon="-75.6199760">
    <ele>1647.7</ele>
   </trkpt>
   <trkpt lat="4.7622790" lon="-75.6199640">
    <ele>1647.7</ele>
   </trkpt>
   <trkpt lat="4.7622750" lon="-75.6199530">
    <ele>1647.8</ele>
   </trkpt>
   <trkpt lat="4.7622720" lon="-75.6199420">
    <ele>1647.8</ele>
   </trkpt>
   <trkpt lat="4.7622700" lon="-75.6199280">
    <ele>1647.9</ele>
   </trkpt>
   <trkpt lat="4.7622720" lon="-75.6199180">
    <ele>1647.9</ele>
   </trkpt>
   <trkpt lat="4.7622720" lon="-75.6199090">
    <ele>1648.0</ele>
   </trkpt>
   <trkpt lat="4.7622670" lon="-75.6199000">
    <ele>1648.0</ele>
   </trkpt>
   <trkpt lat="4.7622610" lon="-75.6198900">
    <ele>1648.1</ele>
   </trkpt>
   <trkpt lat="4.7622550" lon="-75.6198820">
    <ele>1648.1</ele>
   </trkpt>
   <trkpt lat="4.7622480" lon="-75.6198740">
    <ele>1648.2</ele>
   </trkpt>
   <trkpt lat="4.7622400" lon="-75.6198640">
    <ele>1648.2</ele>
   </trkpt>
   <trkpt lat="4.7622340" lon="-75.6198520">
    <ele>1648.3</ele>
   </trkpt>
   <trkpt lat="4.7622280" lon="-75.6198420">
    <ele>1648.3</ele>
   </trkpt>
   <trkpt lat="4.7622220" lon="-75.6198300">
    <ele>1648.4</ele>
   </trkpt>
   <trkpt lat="4.7622160" lon="-75.6198190">
    <ele>1648.5</ele>
   </trkpt>
   <trkpt lat="4.7622120" lon="-75.6198090">
    <ele>1648.5</ele>
   </trkpt>
   <trkpt lat="4.7622010" lon="-75.6197910">
    <ele>1648.6</ele>
   </trkpt>
   <trkpt lat="4.7621980" lon="-75.6197840">
    <ele>1648.6</ele>
   </trkpt>
   <trkpt lat="4.7621940" lon="-75.6197730">
    <ele>1648.7</ele>
   </trkpt>
   <trkpt lat="4.7621900" lon="-75.6197630">
    <ele>1648.7</ele>
   </trkpt>
   <trkpt lat="4.7621860" lon="-75.6197520">
    <ele>1648.8</ele>
   </trkpt>
   <trkpt lat="4.7621820" lon="-75.6197400">
    <ele>1648.9</ele>
   </trkpt>
   <trkpt lat="4.7621790" lon="-75.6197280">
    <ele>1648.9</ele>
   </trkpt>
   <trkpt lat="4.7621780" lon="-75.6197150">
    <ele>1649.0</ele>
   </trkpt>
   <trkpt lat="4.7621750" lon="-75.6197050">
    <ele>1649.0</ele>
   </trkpt>
   <trkpt lat="4.7621720" lon="-75.6196930">
    <ele>1649.1</ele>
   </trkpt>
   <trkpt lat="4.7621710" lon="-75.6196810">
    <ele>1649.1</ele>
   </trkpt>
   <trkpt lat="4.7621690" lon="-75.6196690">
    <ele>1649.2</ele>
   </trkpt>
   <trkpt lat="4.7621670" lon="-75.6196560">
    <ele>1649.3</ele>
   </trkpt>
   <trkpt lat="4.7621660" lon="-75.6196430">
    <ele>1649.3</ele>
   </trkpt>
   <trkpt lat="4.7621640" lon="-75.6196280">
    <ele>1649.4</ele>
   </trkpt>
   <trkpt lat="4.7621610" lon="-75.6196190">
    <ele>1649.4</ele>
   </trkpt>
   <trkpt lat="4.7621570" lon="-75.6196080">
    <ele>1649.5</ele>
   </trkpt>
   <trkpt lat="4.7621540" lon="-75.6195980">
    <ele>1649.5</ele>
   </trkpt>
   <trkpt lat="4.7621490" lon="-75.6195890">
    <ele>1649.6</ele>
   </trkpt>
   <trkpt lat="4.7621410" lon="-75.6195800">
    <ele>1649.6</ele>
   </trkpt>
   <trkpt lat="4.7621370" lon="-75.6195700">
    <ele>1649.7</ele>
   </trkpt>
   <trkpt lat="4.7621300" lon="-75.6195540">
    <ele>1649.8</ele>
   </trkpt>
   <trkpt lat="4.7621320" lon="-75.6195450">
    <ele>1649.8</ele>
   </trkpt>
   <trkpt lat="4.7621310" lon="-75.6195340">
    <ele>1649.9</ele>
   </trkpt>
   <trkpt lat="4.7621290" lon="-75.6195230">
    <ele>1649.9</ele>
   </trkpt>
   <trkpt lat="4.7621290" lon="-75.6195130">
    <ele>1650.0</ele>
   </trkpt>
   <trkpt lat="4.7621300" lon="-75.6195020">
    <ele>1650.0</ele>
   </trkpt>
   <trkpt lat="4.7621320" lon="-75.6194930">
    <ele>1650.0</ele>
   </trkpt>
   <trkpt lat="4.7621230" lon="-75.6194740">
    <ele>1650.1</ele>
   </trkpt>
   <trkpt lat="4.7621170" lon="-75.6194700">
    <ele>1650.2</ele>
   </trkpt>
   <trkpt lat="4.7621070" lon="-75.6194710">
    <ele>1650.2</ele>
   </trkpt>
   <trkpt lat="4.7620970" lon="-75.6194800">
    <ele>1650.3</ele>
   </trkpt>
   <trkpt lat="4.7620880" lon="-75.6194860">
    <ele>1650.3</ele>
   </trkpt>
   <trkpt lat="4.7620850" lon="-75.6194910">
    <ele>1650.4</ele>
   </trkpt>
   <trkpt lat="4.7620870" lon="-75.6194930">
    <ele>1650.4</ele>
   </trkpt>
   <trkpt lat="4.7620910" lon="-75.6194940">
    <ele>1650.4</ele>
   </trkpt>
   <trkpt lat="4.7620920" lon="-75.6194950">
    <ele>1650.4</ele>
   </trkpt>
   <trkpt lat="4.7620920" lon="-75.6194960">
    <ele>1650.4</ele>
   </trkpt>
   <trkpt lat="4.7620930" lon="-75.6194970">
    <ele>1650.4</ele>
   </trkpt>
   <trkpt lat="4.7620930" lon="-75.6194980">
    <ele>1650.4</ele>
   </trkpt>
   <trkpt lat="4.7620940" lon="-75.6194990">
    <ele>1650.4</ele>
   </trkpt>
   <trkpt lat="4.7620950" lon="-75.6195000">
    <ele>1650.4</ele>
   </trkpt>
   <trkpt lat="4.7620900" lon="-75.6195020">
    <ele>1650.4</ele>
   </trkpt>
   <trkpt lat="4.7620890" lon="-75.6195010">
    <ele>1650.5</ele>
   </trkpt>
   <trkpt lat="4.7620840" lon="-75.6195000">
    <ele>1650.5</ele>
   </trkpt>
   <trkpt lat="4.7620750" lon="-75.6194950">
    <ele>1650.5</ele>
   </trkpt>
   <trkpt lat="4.7620700" lon="-75.6194870">
    <ele>1650.6</ele>
   </trkpt>
   <trkpt lat="4.7620650" lon="-75.6194770">
    <ele>1650.6</ele>
   </trkpt>
   <trkpt lat="4.7620600" lon="-75.6194650">
    <ele>1650.7</ele>
   </trkpt>
   <trkpt lat="4.7620500" lon="-75.6194490">
    <ele>1650.8</ele>
   </trkpt>
   <trkpt lat="4.7620480" lon="-75.6194400">
    <ele>1650.8</ele>
   </trkpt>
   <trkpt lat="4.7620480" lon="-75.6194290">
    <ele>1650.9</ele>
   </trkpt>
   <trkpt lat="4.7620490" lon="-75.6194160">
    <ele>1650.9</ele>
   </trkpt>
   <trkpt lat="4.7620530" lon="-75.6194020">
    <ele>1651.0</ele>
   </trkpt>
   <trkpt lat="4.7620560" lon="-75.6193890">
    <ele>1651.0</ele>
   </trkpt>
   <trkpt lat="4.7620570" lon="-75.6193770">
    <ele>1651.1</ele>
   </trkpt>
   <trkpt lat="4.7620520" lon="-75.6193600">
    <ele>1651.2</ele>
   </trkpt>
   <trkpt lat="4.7620520" lon="-75.6193500">
    <ele>1651.2</ele>
   </trkpt>
   <trkpt lat="4.7620520" lon="-75.6193390">
    <ele>1651.3</ele>
   </trkpt>
   <trkpt lat="4.7620510" lon="-75.6193280">
    <ele>1651.3</ele>
   </trkpt>
   <trkpt lat="4.7620500" lon="-75.6193170">
    <ele>1651.4</ele>
   </trkpt>
   <trkpt lat="4.7620490" lon="-75.6193060">
    <ele>1651.4</ele>
   </trkpt>
   <trkpt lat="4.7620500" lon="-75.6192940">
    <ele>1651.5</ele>
   </trkpt>
   <trkpt lat="4.7620440" lon="-75.6192800">
    <ele>1651.5</ele>
   </trkpt>
   <trkpt lat="4.7620410" lon="-75.6192720">
    <ele>1651.6</ele>
   </trkpt>
   <trkpt lat="4.7620390" lon="-75.6192620">
    <ele>1651.6</ele>
   </trkpt>
   <trkpt lat="4.7620370" lon="-75.6192510">
    <ele>1651.7</ele>
   </trkpt>
   <trkpt lat="4.7620350" lon="-75.6192400">
    <ele>1651.7</ele>
   </trkpt>
   <trkpt lat="4.7620350" lon="-75.6192300">
    <ele>1651.8</ele>
   </trkpt>
   <trkpt lat="4.7620330" lon="-75.6192200">
    <ele>1651.8</ele>
   </trkpt>
   <trkpt lat="4.7620270" lon="-75.6192080">
    <ele>1651.9</ele>
   </trkpt>
   <trkpt lat="4.7620250" lon="-75.6192000">
    <ele>1651.9</ele>
   </trkpt>
   <trkpt lat="4.7620220" lon="-75.6191910">
    <ele>1651.9</ele>
   </trkpt>
   <trkpt lat="4.7620200" lon="-75.6191800">
    <ele>1652.0</ele>
   </trkpt>
   <trkpt lat="4.7620170" lon="-75.6191720">
    <ele>1652.0</ele>
   </trkpt>
   <trkpt lat="4.7620130" lon="-75.6191620">
    <ele>1652.0</ele>
   </trkpt>
   <trkpt lat="4.7620090" lon="-75.6191530">
    <ele>1652.1</ele>
   </trkpt>
   <trkpt lat="4.7620010" lon="-75.6191430">
    <ele>1652.1</ele>
   </trkpt>
   <trkpt lat="4.7620010" lon="-75.6191370">
    <ele>1652.1</ele>
   </trkpt>
   <trkpt lat="4.7620050" lon="-75.6191290">
    <ele>1652.2</ele>
   </trkpt>
   <trkpt lat="4.7620010" lon="-75.6191230">
    <ele>1652.2</ele>
   </trkpt>
   <trkpt lat="4.7619980" lon="-75.6191160">
    <ele>1652.2</ele>
   </trkpt>
   <trkpt lat="4.7619930" lon="-75.6191080">
    <ele>1652.3</ele>
   </trkpt>
   <trkpt lat="4.7619870" lon="-75.6190990">
    <ele>1652.3</ele>
   </trkpt>
   <trkpt lat="4.7619810" lon="-75.6190890">
    <ele>1652.3</ele>
   </trkpt>
   <trkpt lat="4.7619750" lon="-75.6190810">
    <ele>1652.4</ele>
   </trkpt>
   <trkpt lat="4.7619680" lon="-75.6190720">
    <ele>1652.4</ele>
   </trkpt>
   <trkpt lat="4.7619610" lon="-75.6190620">
    <ele>1652.4</ele>
   </trkpt>
   <trkpt lat="4.7619620" lon="-75.6190540">
    <ele>1652.5</ele>
   </trkpt>
   <trkpt lat="4.7619610" lon="-75.6190470">
    <ele>1652.5</ele>
   </trkpt>
   <trkpt lat="4.7619550" lon="-75.6190390">
    <ele>1652.5</ele>
   </trkpt>
   <trkpt lat="4.7619450" lon="-75.6190260">
    <ele>1652.5</ele>
   </trkpt>
   <trkpt lat="4.7619420" lon="-75.6190180">
    <ele>1652.6</ele>
   </trkpt>
   <trkpt lat="4.7619360" lon="-75.6190070">
    <ele>1652.6</ele>
   </trkpt>
   <trkpt lat="4.7619290" lon="-75.6189970">
    <ele>1652.6</ele>
   </trkpt>
   <trkpt lat="4.7619220" lon="-75.6189870">
    <ele>1652.7</ele>
   </trkpt>
   <trkpt lat="4.7619170" lon="-75.6189750">
    <ele>1652.7</ele>
   </trkpt>
   <trkpt lat="4.7619130" lon="-75.6189630">
    <ele>1652.7</ele>
   </trkpt>
   <trkpt lat="4.7619090" lon="-75.6189520">
    <ele>1652.7</ele>
   </trkpt>
   <trkpt lat="4.7619050" lon="-75.6189410">
    <ele>1652.8</ele>
   </trkpt>
   <trkpt lat="4.7619010" lon="-75.6189280">
    <ele>1652.8</ele>
   </trkpt>
   <trkpt lat="4.7618970" lon="-75.6189160">
    <ele>1652.8</ele>
   </trkpt>
   <trkpt lat="4.7618930" lon="-75.6189050">
    <ele>1652.8</ele>
   </trkpt>
   <trkpt lat="4.7618880" lon="-75.6188940">
    <ele>1652.9</ele>
   </trkpt>
   <trkpt lat="4.7618840" lon="-75.6188820">
    <ele>1652.9</ele>
   </trkpt>
   <trkpt lat="4.7618780" lon="-75.6188730">
    <ele>1652.9</ele>
   </trkpt>
   <trkpt lat="4.7618730" lon="-75.6188640">
    <ele>1652.9</ele>
   </trkpt>
   <trkpt lat="4.7618670" lon="-75.6188540">
    <ele>1653.0</ele>
   </trkpt>
   <trkpt lat="4.7618630" lon="-75.6188450">
    <ele>1653.0</ele>
   </trkpt>
   <trkpt lat="4.7618590" lon="-75.6188340">
    <ele>1653.0</ele>
   </trkpt>
   <trkpt lat="4.7618560" lon="-75.6188240">
    <ele>1653.0</ele>
   </trkpt>
   <trkpt lat="4.7618540" lon="-75.6188130">
    <ele>1653.1</ele>
   </trkpt>
   <trkpt lat="4.7618530" lon="-75.6188050">
    <ele>1653.1</ele>
   </trkpt>
   <trkpt lat="4.7618530" lon="-75.6187930">
    <ele>1653.1</ele>
   </trkpt>
   <trkpt lat="4.7618530" lon="-75.6187810">
    <ele>1653.1</ele>
   </trkpt>
   <trkpt lat="4.7618510" lon="-75.6187700">
    <ele>1653.1</ele>
   </trkpt>
   <trkpt lat="4.7618490" lon="-75.6187590">
    <ele>1653.2</ele>
   </trkpt>
   <trkpt lat="4.7618460" lon="-75.6187490">
    <ele>1653.2</ele>
   </trkpt>
   <trkpt lat="4.7618430" lon="-75.6187380">
    <ele>1653.2</ele>
   </trkpt>
   <trkpt lat="4.7618410" lon="-75.6187290">
    <ele>1653.2</ele>
   </trkpt>
   <trkpt lat="4.7618390" lon="-75.6187240">
    <ele>1653.2</ele>
   </trkpt>
   <trkpt lat="4.7618340" lon="-75.6187150">
    <ele>1653.3</ele>
   </trkpt>
   <trkpt lat="4.7618300" lon="-75.6187060">
    <ele>1653.3</ele>
   </trkpt>
   <trkpt lat="4.7618260" lon="-75.6186960">
    <ele>1653.3</ele>
   </trkpt>
   <trkpt lat="4.7618230" lon="-75.6186860">
    <ele>1653.3</ele>
   </trkpt>
   <trkpt lat="4.7618190" lon="-75.6186770">
    <ele>1653.3</ele>
   </trkpt>
   <trkpt lat="4.7618170" lon="-75.6186630">
    <ele>1653.4</ele>
   </trkpt>
   <trkpt lat="4.7618140" lon="-75.6186550">
    <ele>1653.4</ele>
   </trkpt>
   <trkpt lat="4.7618120" lon="-75.6186460">
    <ele>1653.4</ele>
   </trkpt>
   <trkpt lat="4.7618090" lon="-75.6186360">
    <ele>1653.4</ele>
   </trkpt>
   <trkpt lat="4.7618060" lon="-75.6186250">
    <ele>1653.4</ele>
   </trkpt>
   <trkpt lat="4.7618020" lon="-75.6186140">
    <ele>1653.5</ele>
   </trkpt>
   <trkpt lat="4.7617980" lon="-75.6186050">
    <ele>1653.5</ele>
   </trkpt>
   <trkpt lat="4.7617940" lon="-75.6185930">
    <ele>1653.5</ele>
   </trkpt>
   <trkpt lat="4.7617910" lon="-75.6185850">
    <ele>1653.5</ele>
   </trkpt>
   <trkpt lat="4.7617880" lon="-75.6185750">
    <ele>1653.5</ele>
   </trkpt>
   <trkpt lat="4.7617830" lon="-75.6185650">
    <ele>1653.6</ele>
   </trkpt>
   <trkpt lat="4.7617800" lon="-75.6185550">
    <ele>1653.6</ele>
   </trkpt>
   <trkpt lat="4.7617740" lon="-75.6185450">
    <ele>1653.6</ele>
   </trkpt>
   <trkpt lat="4.7617680" lon="-75.6185360">
    <ele>1653.6</ele>
   </trkpt>
   <trkpt lat="4.7617640" lon="-75.6185210">
    <ele>1653.7</ele>
   </trkpt>
   <trkpt lat="4.7617600" lon="-75.6185170">
    <ele>1653.7</ele>
   </trkpt>
   <trkpt lat="4.7617550" lon="-75.6185090">
    <ele>1653.7</ele>
   </trkpt>
   <trkpt lat="4.7617510" lon="-75.6185010">
    <ele>1653.7</ele>
   </trkpt>
   <trkpt lat="4.7617460" lon="-75.6184920">
    <ele>1653.7</ele>
   </trkpt>
   <trkpt lat="4.7617410" lon="-75.6184830">
    <ele>1653.7</ele>
   </trkpt>
   <trkpt lat="4.7617360" lon="-75.6184740">
    <ele>1653.8</ele>
   </trkpt>
   <trkpt lat="4.7617310" lon="-75.6184660">
    <ele>1653.8</ele>
   </trkpt>
   <trkpt lat="4.7617280" lon="-75.6184580">
    <ele>1653.8</ele>
   </trkpt>
   <trkpt lat="4.7617250" lon="-75.6184480">
    <ele>1653.8</ele>
   </trkpt>
   <trkpt lat="4.7617220" lon="-75.6184370">
    <ele>1653.8</ele>
   </trkpt>
   <trkpt lat="4.7617180" lon="-75.6184260">
    <ele>1653.9</ele>
   </trkpt>
   <trkpt lat="4.7617160" lon="-75.6184160">
    <ele>1653.9</ele>
   </trkpt>
   <trkpt lat="4.7617130" lon="-75.6184070">
    <ele>1653.9</ele>
   </trkpt>
   <trkpt lat="4.7617060" lon="-75.6183930">
    <ele>1653.9</ele>
   </trkpt>
   <trkpt lat="4.7617030" lon="-75.6183860">
    <ele>1653.9</ele>
   </trkpt>
   <trkpt lat="4.7616980" lon="-75.6183770">
    <ele>1654.0</ele>
   </trkpt>
   <trkpt lat="4.7616940" lon="-75.6183670">
    <ele>1654.0</ele>
   </trkpt>
   <trkpt lat="4.7616890" lon="-75.6183560">
    <ele>1654.0</ele>
   </trkpt>
   <trkpt lat="4.7616850" lon="-75.6183500">
    <ele>1654.0</ele>
   </trkpt>
   <trkpt lat="4.7616810" lon="-75.6183430">
    <ele>1654.0</ele>
   </trkpt>
   <trkpt lat="4.7616770" lon="-75.6183350">
    <ele>1654.0</ele>
   </trkpt>
   <trkpt lat="4.7616730" lon="-75.6183260">
    <ele>1654.1</ele>
   </trkpt>
   <trkpt lat="4.7616710" lon="-75.6183160">
    <ele>1654.1</ele>
   </trkpt>
   <trkpt lat="4.7616710" lon="-75.6183080">
    <ele>1654.1</ele>
   </trkpt>
   <trkpt lat="4.7616690" lon="-75.6182980">
    <ele>1654.1</ele>
   </trkpt>
   <trkpt lat="4.7616660" lon="-75.6182890">
    <ele>1654.1</ele>
   </trkpt>
   <trkpt lat="4.7616620" lon="-75.6182790">
    <ele>1654.1</ele>
   </trkpt>
   <trkpt lat="4.7616580" lon="-75.6182680">
    <ele>1654.2</ele>
   </trkpt>
   <trkpt lat="4.7616560" lon="-75.6182590">
    <ele>1654.2</ele>
   </trkpt>
   <trkpt lat="4.7616520" lon="-75.6182500">
    <ele>1654.2</ele>
   </trkpt>
   <trkpt lat="4.7616480" lon="-75.6182400">
    <ele>1654.2</ele>
   </trkpt>
   <trkpt lat="4.7616440" lon="-75.6182320">
    <ele>1654.2</ele>
   </trkpt>
   <trkpt lat="4.7616400" lon="-75.6182220">
    <ele>1654.2</ele>
   </trkpt>
   <trkpt lat="4.7616360" lon="-75.6182110">
    <ele>1654.3</ele>
   </trkpt>
   <trkpt lat="4.7616330" lon="-75.6181980">
    <ele>1654.3</ele>
   </trkpt>
   <trkpt lat="4.7616360" lon="-75.6181940">
    <ele>1654.3</ele>
   </trkpt>
   <trkpt lat="4.7616320" lon="-75.6181860">
    <ele>1654.3</ele>
   </trkpt>
   <trkpt lat="4.7616220" lon="-75.6181780">
    <ele>1654.3</ele>
   </trkpt>
   <trkpt lat="4.7616120" lon="-75.6181720">
    <ele>1654.3</ele>
   </trkpt>
   <trkpt lat="4.7616050" lon="-75.6181650">
    <ele>1654.3</ele>
   </trkpt>
   <trkpt lat="4.7615990" lon="-75.6181570">
    <ele>1654.4</ele>
   </trkpt>
   <trkpt lat="4.7615970" lon="-75.6181430">
    <ele>1654.4</ele>
   </trkpt>
   <trkpt lat="4.7615940" lon="-75.6181290">
    <ele>1654.4</ele>
   </trkpt>
   <trkpt lat="4.7615930" lon="-75.6181160">
    <ele>1654.4</ele>
   </trkpt>
   <trkpt lat="4.7615930" lon="-75.6181040">
    <ele>1654.4</ele>
   </trkpt>
   <trkpt lat="4.7615930" lon="-75.6180920">
    <ele>1654.4</ele>
   </trkpt>
   <trkpt lat="4.7615930" lon="-75.6180820">
    <ele>1654.5</ele>
   </trkpt>
   <trkpt lat="4.7615880" lon="-75.6180650">
    <ele>1654.5</ele>
   </trkpt>
   <trkpt lat="4.7615900" lon="-75.6180600">
    <ele>1654.5</ele>
   </trkpt>
   <trkpt lat="4.7615890" lon="-75.6180510">
    <ele>1654.5</ele>
   </trkpt>
   <trkpt lat="4.7615880" lon="-75.6180400">
    <ele>1654.5</ele>
   </trkpt>
   <trkpt lat="4.7615860" lon="-75.6180280">
    <ele>1654.5</ele>
   </trkpt>
   <trkpt lat="4.7615840" lon="-75.6180150">
    <ele>1654.5</ele>
   </trkpt>
   <trkpt lat="4.7615820" lon="-75.6180030">
    <ele>1654.6</ele>
   </trkpt>
   <trkpt lat="4.7615780" lon="-75.6179910">
    <ele>1654.6</ele>
   </trkpt>
   <trkpt lat="4.7615760" lon="-75.6179770">
    <ele>1654.6</ele>
   </trkpt>
   <trkpt lat="4.7615740" lon="-75.6179680">
    <ele>1654.6</ele>
   </trkpt>
   <trkpt lat="4.7615710" lon="-75.6179570">
    <ele>1654.6</ele>
   </trkpt>
   <trkpt lat="4.7615670" lon="-75.6179450">
    <ele>1654.6</ele>
   </trkpt>
   <trkpt lat="4.7615630" lon="-75.6179330">
    <ele>1654.6</ele>
   </trkpt>
   <trkpt lat="4.7615570" lon="-75.6179200">
    <ele>1654.7</ele>
   </trkpt>
   <trkpt lat="4.7615490" lon="-75.6179020">
    <ele>1654.7</ele>
   </trkpt>
   <trkpt lat="4.7615450" lon="-75.6178940">
    <ele>1654.7</ele>
   </trkpt>
   <trkpt lat="4.7615390" lon="-75.6178840">
    <ele>1654.7</ele>
   </trkpt>
   <trkpt lat="4.7615300" lon="-75.6178730">
    <ele>1654.7</ele>
   </trkpt>
   <trkpt lat="4.7615250" lon="-75.6178620">
    <ele>1654.7</ele>
   </trkpt>
   <trkpt lat="4.7615180" lon="-75.6178510">
    <ele>1654.7</ele>
   </trkpt>
   <trkpt lat="4.7615090" lon="-75.6178420">
    <ele>1654.8</ele>
   </trkpt>
   <trkpt lat="4.7615000" lon="-75.6178340">
    <ele>1654.8</ele>
   </trkpt>
   <trkpt lat="4.7614880" lon="-75.6178250">
    <ele>1654.8</ele>
   </trkpt>
   <trkpt lat="4.7614810" lon="-75.6178170">
    <ele>1654.8</ele>
   </trkpt>
   <trkpt lat="4.7614730" lon="-75.6178080">
    <ele>1654.8</ele>
   </trkpt>
   <trkpt lat="4.7614660" lon="-75.6177990">
    <ele>1654.8</ele>
   </trkpt>
   <trkpt lat="4.7614560" lon="-75.6177920">
    <ele>1654.8</ele>
   </trkpt>
   <trkpt lat="4.7614440" lon="-75.6177880">
    <ele>1654.9</ele>
   </trkpt>
   <trkpt lat="4.7614340" lon="-75.6177840">
    <ele>1654.9</ele>
   </trkpt>
   <trkpt lat="4.7614210" lon="-75.6177760">
    <ele>1654.9</ele>
   </trkpt>
   <trkpt lat="4.7614170" lon="-75.6177710">
    <ele>1654.9</ele>
   </trkpt>
   <trkpt lat="4.7614130" lon="-75.6177620">
    <ele>1654.9</ele>
   </trkpt>
   <trkpt lat="4.7614090" lon="-75.6177510">
    <ele>1654.9</ele>
   </trkpt>
   <trkpt lat="4.7614060" lon="-75.6177390">
    <ele>1654.9</ele>
   </trkpt>
   <trkpt lat="4.7614050" lon="-75.6177280">
    <ele>1655.0</ele>
   </trkpt>
   <trkpt lat="4.7614060" lon="-75.6177150">
    <ele>1655.0</ele>
   </trkpt>
   <trkpt lat="4.7614050" lon="-75.6177020">
    <ele>1655.0</ele>
   </trkpt>
   <trkpt lat="4.7614030" lon="-75.6176900">
    <ele>1655.0</ele>
   </trkpt>
   <trkpt lat="4.7614000" lon="-75.6176800">
    <ele>1655.0</ele>
   </trkpt>
   <trkpt lat="4.7613980" lon="-75.6176700">
    <ele>1655.0</ele>
   </trkpt>
   <trkpt lat="4.7613980" lon="-75.6176590">
    <ele>1655.1</ele>
   </trkpt>
   <trkpt lat="4.7613970" lon="-75.6176490">
    <ele>1655.1</ele>
   </trkpt>
   <trkpt lat="4.7613960" lon="-75.6176390">
    <ele>1655.1</ele>
   </trkpt>
   <trkpt lat="4.7613920" lon="-75.6176250">
    <ele>1655.1</ele>
   </trkpt>
   <trkpt lat="4.7613870" lon="-75.6176140">
    <ele>1655.1</ele>
   </trkpt>
   <trkpt lat="4.7613780" lon="-75.6176030">
    <ele>1655.1</ele>
   </trkpt>
   <trkpt lat="4.7613690" lon="-75.6175960">
    <ele>1655.2</ele>
   </trkpt>
   <trkpt lat="4.7613580" lon="-75.6175870">
    <ele>1655.2</ele>
   </trkpt>
   <trkpt lat="4.7613490" lon="-75.6175760">
    <ele>1655.2</ele>
   </trkpt>
   <trkpt lat="4.7613420" lon="-75.6175640">
    <ele>1655.2</ele>
   </trkpt>
   <trkpt lat="4.7613350" lon="-75.6175500">
    <ele>1655.2</ele>
   </trkpt>
   <trkpt lat="4.7613300" lon="-75.6175410">
    <ele>1655.2</ele>
   </trkpt>
   <trkpt lat="4.7613240" lon="-75.6175290">
    <ele>1655.3</ele>
   </trkpt>
   <trkpt lat="4.7613170" lon="-75.6175180">
    <ele>1655.3</ele>
   </trkpt>
   <trkpt lat="4.7613100" lon="-75.6175070">
    <ele>1655.3</ele>
   </trkpt>
   <trkpt lat="4.7613020" lon="-75.6174970">
    <ele>1655.3</ele>
   </trkpt>
   <trkpt lat="4.7612960" lon="-75.6174880">
    <ele>1655.3</ele>
   </trkpt>
   <trkpt lat="4.7612940" lon="-75.6174770">
    <ele>1655.4</ele>
   </trkpt>
   <trkpt lat="4.7612900" lon="-75.6174640">
    <ele>1655.4</ele>
   </trkpt>
   <trkpt lat="4.7612820" lon="-75.6174560">
    <ele>1655.4</ele>
   </trkpt>
   <trkpt lat="4.7612750" lon="-75.6174460">
    <ele>1655.4</ele>
   </trkpt>
   <trkpt lat="4.7612710" lon="-75.6174340">
    <ele>1655.4</ele>
   </trkpt>
   <trkpt lat="4.7612660" lon="-75.6174220">
    <ele>1655.4</ele>
   </trkpt>
   <trkpt lat="4.7612600" lon="-75.6174110">
    <ele>1655.4</ele>
   </trkpt>
   <trkpt lat="4.7612540" lon="-75.6173990">
    <ele>1655.4</ele>
   </trkpt>
   <trkpt lat="4.7612500" lon="-75.6173800">
    <ele>1655.4</ele>
   </trkpt>
   <trkpt lat="4.7612470" lon="-75.6173720">
    <ele>1655.4</ele>
   </trkpt>
   <trkpt lat="4.7612440" lon="-75.6173590">
    <ele>1655.5</ele>
   </trkpt>
   <trkpt lat="4.7612410" lon="-75.6173460">
    <ele>1655.5</ele>
   </trkpt>
   <trkpt lat="4.7612380" lon="-75.6173330">
    <ele>1655.5</ele>
   </trkpt>
   <trkpt lat="4.7612320" lon="-75.6173230">
    <ele>1655.5</ele>
   </trkpt>
   <trkpt lat="4.7612280" lon="-75.6173120">
    <ele>1655.5</ele>
   </trkpt>
   <trkpt lat="4.7612270" lon="-75.6173010">
    <ele>1655.5</ele>
   </trkpt>
   <trkpt lat="4.7612310" lon="-75.6172910">
    <ele>1655.5</ele>
   </trkpt>
   <trkpt lat="4.7612360" lon="-75.6172830">
    <ele>1655.5</ele>
   </trkpt>
   <trkpt lat="4.7612420" lon="-75.6172740">
    <ele>1655.5</ele>
   </trkpt>
   <trkpt lat="4.7612470" lon="-75.6172650">
    <ele>1655.5</ele>
   </trkpt>
   <trkpt lat="4.7612480" lon="-75.6172560">
    <ele>1655.5</ele>
   </trkpt>
   <trkpt lat="4.7612570" lon="-75.6172450">
    <ele>1655.6</ele>
   </trkpt>
   <trkpt lat="4.7612620" lon="-75.6172350">
    <ele>1655.6</ele>
   </trkpt>
   <trkpt lat="4.7612640" lon="-75.6172250">
    <ele>1655.6</ele>
   </trkpt>
   <trkpt lat="4.7612620" lon="-75.6172130">
    <ele>1655.6</ele>
   </trkpt>
   <trkpt lat="4.7612600" lon="-75.6171980">
    <ele>1655.7</ele>
   </trkpt>
   <trkpt lat="4.7612590" lon="-75.6171900">
    <ele>1655.7</ele>
   </trkpt>
   <trkpt lat="4.7612570" lon="-75.6171780">
    <ele>1655.7</ele>
   </trkpt>
   <trkpt lat="4.7612520" lon="-75.6171650">
    <ele>1655.7</ele>
   </trkpt>
   <trkpt lat="4.7612480" lon="-75.6171530">
    <ele>1655.8</ele>
   </trkpt>
   <trkpt lat="4.7612440" lon="-75.6171420">
    <ele>1655.8</ele>
   </trkpt>
   <trkpt lat="4.7612360" lon="-75.6171320">
    <ele>1655.8</ele>
   </trkpt>
   <trkpt lat="4.7612290" lon="-75.6171220">
    <ele>1655.9</ele>
   </trkpt>
   <trkpt lat="4.7612200" lon="-75.6171080">
    <ele>1655.9</ele>
   </trkpt>
   <trkpt lat="4.7612140" lon="-75.6171010">
    <ele>1655.9</ele>
   </trkpt>
   <trkpt lat="4.7612060" lon="-75.6170910">
    <ele>1656.0</ele>
   </trkpt>
   <trkpt lat="4.7612000" lon="-75.6170790">
    <ele>1656.0</ele>
   </trkpt>
   <trkpt lat="4.7611930" lon="-75.6170680">
    <ele>1656.0</ele>
   </trkpt>
   <trkpt lat="4.7611880" lon="-75.6170570">
    <ele>1656.1</ele>
   </trkpt>
   <trkpt lat="4.7611830" lon="-75.6170470">
    <ele>1656.1</ele>
   </trkpt>
   <trkpt lat="4.7611780" lon="-75.6170340">
    <ele>1656.1</ele>
   </trkpt>
   <trkpt lat="4.7611750" lon="-75.6170270">
    <ele>1656.2</ele>
   </trkpt>
   <trkpt lat="4.7611700" lon="-75.6170190">
    <ele>1656.2</ele>
   </trkpt>
   <trkpt lat="4.7611630" lon="-75.6170110">
    <ele>1656.2</ele>
   </trkpt>
   <trkpt lat="4.7611560" lon="-75.6170040">
    <ele>1656.3</ele>
   </trkpt>
   <trkpt lat="4.7611510" lon="-75.6169950">
    <ele>1656.3</ele>
   </trkpt>
   <trkpt lat="4.7611460" lon="-75.6169860">
    <ele>1656.3</ele>
   </trkpt>
   <trkpt lat="4.7611380" lon="-75.6169800">
    <ele>1656.4</ele>
   </trkpt>
   <trkpt lat="4.7611280" lon="-75.6169720">
    <ele>1656.4</ele>
   </trkpt>
   <trkpt lat="4.7611210" lon="-75.6169680">
    <ele>1656.4</ele>
   </trkpt>
   <trkpt lat="4.7611160" lon="-75.6169600">
    <ele>1656.5</ele>
   </trkpt>
   <trkpt lat="4.7611100" lon="-75.6169530">
    <ele>1656.5</ele>
   </trkpt>
   <trkpt lat="4.7611040" lon="-75.6169470">
    <ele>1656.5</ele>
   </trkpt>
   <trkpt lat="4.7611010" lon="-75.6169390">
    <ele>1656.6</ele>
   </trkpt>
   <trkpt lat="4.7610980" lon="-75.6169310">
    <ele>1656.6</ele>
   </trkpt>
   <trkpt lat="4.7610900" lon="-75.6169190">
    <ele>1656.6</ele>
   </trkpt>
   <trkpt lat="4.7610900" lon="-75.6169130">
    <ele>1656.6</ele>
   </trkpt>
   <trkpt lat="4.7610900" lon="-75.6169030">
    <ele>1656.7</ele>
   </trkpt>
   <trkpt lat="4.7610870" lon="-75.6168930">
    <ele>1656.7</ele>
   </trkpt>
   <trkpt lat="4.7610830" lon="-75.6168830">
    <ele>1656.8</ele>
   </trkpt>
   <trkpt lat="4.7610800" lon="-75.6168730">
    <ele>1656.8</ele>
   </trkpt>
   <trkpt lat="4.7610740" lon="-75.6168630">
    <ele>1656.8</ele>
   </trkpt>
   <trkpt lat="4.7610720" lon="-75.6168560">
    <ele>1656.9</ele>
   </trkpt>
   <trkpt lat="4.7610700" lon="-75.6168480">
    <ele>1656.9</ele>
   </trkpt>
   <trkpt lat="4.7610670" lon="-75.6168380">
    <ele>1656.9</ele>
   </trkpt>
   <trkpt lat="4.7610630" lon="-75.6168300">
    <ele>1656.9</ele>
   </trkpt>
   <trkpt lat="4.7610580" lon="-75.6168220">
    <ele>1657.0</ele>
   </trkpt>
   <trkpt lat="4.7610520" lon="-75.6168140">
    <ele>1657.0</ele>
   </trkpt>
   <trkpt lat="4.7610480" lon="-75.6168060">
    <ele>1657.0</ele>
   </trkpt>
   <trkpt lat="4.7610470" lon="-75.6167960">
    <ele>1657.1</ele>
   </trkpt>
   <trkpt lat="4.7610480" lon="-75.6167870">
    <ele>1657.1</ele>
   </trkpt>
   <trkpt lat="4.7610440" lon="-75.6167780">
    <ele>1657.1</ele>
   </trkpt>
   <trkpt lat="4.7610420" lon="-75.6167670">
    <ele>1657.2</ele>
   </trkpt>
   <trkpt lat="4.7610400" lon="-75.6167550">
    <ele>1657.2</ele>
   </trkpt>
   <trkpt lat="4.7610390" lon="-75.6167430">
    <ele>1657.3</ele>
   </trkpt>
   <trkpt lat="4.7610420" lon="-75.6167310">
    <ele>1657.3</ele>
   </trkpt>
   <trkpt lat="4.7610360" lon="-75.6167170">
    <ele>1657.3</ele>
   </trkpt>
   <trkpt lat="4.7610330" lon="-75.6167090">
    <ele>1657.4</ele>
   </trkpt>
   <trkpt lat="4.7610300" lon="-75.6166970">
    <ele>1657.4</ele>
   </trkpt>
   <trkpt lat="4.7610250" lon="-75.6166870">
    <ele>1657.5</ele>
   </trkpt>
   <trkpt lat="4.7610190" lon="-75.6166760">
    <ele>1657.5</ele>
   </trkpt>
   <trkpt lat="4.7610150" lon="-75.6166650">
    <ele>1657.5</ele>
   </trkpt>
   <trkpt lat="4.7610110" lon="-75.6166530">
    <ele>1657.6</ele>
   </trkpt>
   <trkpt lat="4.7610070" lon="-75.6166420">
    <ele>1657.6</ele>
   </trkpt>
   <trkpt lat="4.7610040" lon="-75.6166260">
    <ele>1657.7</ele>
   </trkpt>
   <trkpt lat="4.7610020" lon="-75.6166160">
    <ele>1657.7</ele>
   </trkpt>
   <trkpt lat="4.7609990" lon="-75.6166040">
    <ele>1657.8</ele>
   </trkpt>
   <trkpt lat="4.7609960" lon="-75.6165930">
    <ele>1657.8</ele>
   </trkpt>
   <trkpt lat="4.7609900" lon="-75.6165830">
    <ele>1657.8</ele>
   </trkpt>
   <trkpt lat="4.7609850" lon="-75.6165730">
    <ele>1657.9</ele>
   </trkpt>
   <trkpt lat="4.7609810" lon="-75.6165640">
    <ele>1657.9</ele>
   </trkpt>
   <trkpt lat="4.7609730" lon="-75.6165500">
    <ele>1657.9</ele>
   </trkpt>
   <trkpt lat="4.7609700" lon="-75.6165450">
    <ele>1658.0</ele>
   </trkpt>
   <trkpt lat="4.7609670" lon="-75.6165370">
    <ele>1658.0</ele>
   </trkpt>
   <trkpt lat="4.7609620" lon="-75.6165270">
    <ele>1658.0</ele>
   </trkpt>
   <trkpt lat="4.7609570" lon="-75.6165180">
    <ele>1658.0</ele>
   </trkpt>
   <trkpt lat="4.7609520" lon="-75.6165070">
    <ele>1658.1</ele>
   </trkpt>
   <trkpt lat="4.7609470" lon="-75.6164970">
    <ele>1658.1</ele>
   </trkpt>
   <trkpt lat="4.7609420" lon="-75.6164860">
    <ele>1658.2</ele>
   </trkpt>
   <trkpt lat="4.7609390" lon="-75.6164720">
    <ele>1658.2</ele>
   </trkpt>
   <trkpt lat="4.7609360" lon="-75.6164580">
    <ele>1658.2</ele>
   </trkpt>
   <trkpt lat="4.7609320" lon="-75.6164450">
    <ele>1658.3</ele>
   </trkpt>
   <trkpt lat="4.7609260" lon="-75.6164330">
    <ele>1658.3</ele>
   </trkpt>
   <trkpt lat="4.7609190" lon="-75.6164210">
    <ele>1658.3</ele>
   </trkpt>
   <trkpt lat="4.7609120" lon="-75.6164090">
    <ele>1658.4</ele>
   </trkpt>
   <trkpt lat="4.7609050" lon="-75.6163970">
    <ele>1658.4</ele>
   </trkpt>
   <trkpt lat="4.7608970" lon="-75.6163760">
    <ele>1658.5</ele>
   </trkpt>
   <trkpt lat="4.7608950" lon="-75.6163710">
    <ele>1658.5</ele>
   </trkpt>
   <trkpt lat="4.7608920" lon="-75.6163640">
    <ele>1658.5</ele>
   </trkpt>
   <trkpt lat="4.7608900" lon="-75.6163550">
    <ele>1658.5</ele>
   </trkpt>
   <trkpt lat="4.7608870" lon="-75.6163470">
    <ele>1658.6</ele>
   </trkpt>
   <trkpt lat="4.7608850" lon="-75.6163390">
    <ele>1658.6</ele>
   </trkpt>
   <trkpt lat="4.7608830" lon="-75.6163300">
    <ele>1658.6</ele>
   </trkpt>
   <trkpt lat="4.7608780" lon="-75.6163210">
    <ele>1658.6</ele>
   </trkpt>
   <trkpt lat="4.7608720" lon="-75.6163100">
    <ele>1658.6</ele>
   </trkpt>
   <trkpt lat="4.7608480" lon="-75.6162960">
    <ele>1658.7</ele>
   </trkpt>
   <trkpt lat="4.7608400" lon="-75.6162910">
    <ele>1658.7</ele>
   </trkpt>
   <trkpt lat="4.7608330" lon="-75.6162820">
    <ele>1658.7</ele>
   </trkpt>
   <trkpt lat="4.7608290" lon="-75.6162700">
    <ele>1658.7</ele>
   </trkpt>
   <trkpt lat="4.7608240" lon="-75.6162580">
    <ele>1658.7</ele>
   </trkpt>
   <trkpt lat="4.7608190" lon="-75.6162460">
    <ele>1658.7</ele>
   </trkpt>
   <trkpt lat="4.7608150" lon="-75.6162340">
    <ele>1658.7</ele>
   </trkpt>
   <trkpt lat="4.7608110" lon="-75.6162210">
    <ele>1658.8</ele>
   </trkpt>
   <trkpt lat="4.7607960" lon="-75.6161910">
    <ele>1658.8</ele>
   </trkpt>
   <trkpt lat="4.7607950" lon="-75.6161790">
    <ele>1658.8</ele>
   </trkpt>
   <trkpt lat="4.7607940" lon="-75.6161670">
    <ele>1658.8</ele>
   </trkpt>
   <trkpt lat="4.7607930" lon="-75.6161570">
    <ele>1658.8</ele>
   </trkpt>
   <trkpt lat="4.7607900" lon="-75.6161460">
    <ele>1658.9</ele>
   </trkpt>
   <trkpt lat="4.7607860" lon="-75.6161370">
    <ele>1658.9</ele>
   </trkpt>
   <trkpt lat="4.7607740" lon="-75.6161240">
    <ele>1658.9</ele>
   </trkpt>
   <trkpt lat="4.7607730" lon="-75.6161200">
    <ele>1658.9</ele>
   </trkpt>
   <trkpt lat="4.7607720" lon="-75.6161160">
    <ele>1658.9</ele>
   </trkpt>
   <trkpt lat="4.7607890" lon="-75.6161330">
    <ele>1658.9</ele>
   </trkpt>
   <trkpt lat="4.7607940" lon="-75.6161350">
    <ele>1659.0</ele>
   </trkpt>
   <trkpt lat="4.7607900" lon="-75.6161330">
    <ele>1659.0</ele>
   </trkpt>
   <trkpt lat="4.7607830" lon="-75.6161270">
    <ele>1659.0</ele>
   </trkpt>
   <trkpt lat="4.7607720" lon="-75.6161180">
    <ele>1659.0</ele>
   </trkpt>
   <trkpt lat="4.7607700" lon="-75.6161120">
    <ele>1659.0</ele>
   </trkpt>
   <trkpt lat="4.7607660" lon="-75.6161040">
    <ele>1659.0</ele>
   </trkpt>
   <trkpt lat="4.7607610" lon="-75.6160960">
    <ele>1659.0</ele>
   </trkpt>
   <trkpt lat="4.7607520" lon="-75.6160890">
    <ele>1659.0</ele>
   </trkpt>
   <trkpt lat="4.7607440" lon="-75.6160860">
    <ele>1659.0</ele>
   </trkpt>
   <trkpt lat="4.7607380" lon="-75.6160790">
    <ele>1659.1</ele>
   </trkpt>
   <trkpt lat="4.7607330" lon="-75.6160700">
    <ele>1659.1</ele>
   </trkpt>
   <trkpt lat="4.7607300" lon="-75.6160580">
    <ele>1659.1</ele>
   </trkpt>
   <trkpt lat="4.7607270" lon="-75.6160510">
    <ele>1659.1</ele>
   </trkpt>
   <trkpt lat="4.7607210" lon="-75.6160420">
    <ele>1659.1</ele>
   </trkpt>
   <trkpt lat="4.7607170" lon="-75.6160320">
    <ele>1659.1</ele>
   </trkpt>
   <trkpt lat="4.7607150" lon="-75.6160220">
    <ele>1659.1</ele>
   </trkpt>
   <trkpt lat="4.7607100" lon="-75.6160120">
    <ele>1659.2</ele>
   </trkpt>
   <trkpt lat="4.7607060" lon="-75.6160030">
    <ele>1659.2</ele>
   </trkpt>
   <trkpt lat="4.7607030" lon="-75.6159930">
    <ele>1659.2</ele>
   </trkpt>
   <trkpt lat="4.7606990" lon="-75.6159820">
    <ele>1659.2</ele>
   </trkpt>
   <trkpt lat="4.7606930" lon="-75.6159710">
    <ele>1659.2</ele>
   </trkpt>
   <trkpt lat="4.7606880" lon="-75.6159600">
    <ele>1659.2</ele>
   </trkpt>
   <trkpt lat="4.7606860" lon="-75.6159500">
    <ele>1659.3</ele>
   </trkpt>
   <trkpt lat="4.7606800" lon="-75.6159360">
    <ele>1659.3</ele>
   </trkpt>
   <trkpt lat="4.7606770" lon="-75.6159260">
    <ele>1659.3</ele>
   </trkpt>
   <trkpt lat="4.7606710" lon="-75.6159150">
    <ele>1659.3</ele>
   </trkpt>
   <trkpt lat="4.7606640" lon="-75.6159040">
    <ele>1659.3</ele>
   </trkpt>
   <trkpt lat="4.7606580" lon="-75.6158940">
    <ele>1659.3</ele>
   </trkpt>
   <trkpt lat="4.7606520" lon="-75.6158840">
    <ele>1659.4</ele>
   </trkpt>
   <trkpt lat="4.7606470" lon="-75.6158750">
    <ele>1659.4</ele>
   </trkpt>
   <trkpt lat="4.7606440" lon="-75.6158630">
    <ele>1659.4</ele>
   </trkpt>
   <trkpt lat="4.7606430" lon="-75.6158490">
    <ele>1659.4</ele>
   </trkpt>
   <trkpt lat="4.7606390" lon="-75.6158360">
    <ele>1659.4</ele>
   </trkpt>
   <trkpt lat="4.7606340" lon="-75.6158240">
    <ele>1659.4</ele>
   </trkpt>
   <trkpt lat="4.7606280" lon="-75.6158160">
    <ele>1659.4</ele>
   </trkpt>
   <trkpt lat="4.7606220" lon="-75.6158080">
    <ele>1659.5</ele>
   </trkpt>
   <trkpt lat="4.7606140" lon="-75.6158020">
    <ele>1659.5</ele>
   </trkpt>
   <trkpt lat="4.7606080" lon="-75.6157950">
    <ele>1659.5</ele>
   </trkpt>
   <trkpt lat="4.7606000" lon="-75.6157890">
    <ele>1659.5</ele>
   </trkpt>
   <trkpt lat="4.7605970" lon="-75.6157800">
    <ele>1659.5</ele>
   </trkpt>
   <trkpt lat="4.7605930" lon="-75.6157700">
    <ele>1659.5</ele>
   </trkpt>
   <trkpt lat="4.7605880" lon="-75.6157600">
    <ele>1659.5</ele>
   </trkpt>
   <trkpt lat="4.7605830" lon="-75.6157490">
    <ele>1659.6</ele>
   </trkpt>
   <trkpt lat="4.7605800" lon="-75.6157400">
    <ele>1659.6</ele>
   </trkpt>
   <trkpt lat="4.7605730" lon="-75.6157300">
    <ele>1659.6</ele>
   </trkpt>
   <trkpt lat="4.7605680" lon="-75.6157220">
    <ele>1659.6</ele>
   </trkpt>
   <trkpt lat="4.7605620" lon="-75.6157150">
    <ele>1659.6</ele>
   </trkpt>
   <trkpt lat="4.7605580" lon="-75.6157060">
    <ele>1659.6</ele>
   </trkpt>
   <trkpt lat="4.7605550" lon="-75.6156960">
    <ele>1659.6</ele>
   </trkpt>
   <trkpt lat="4.7605490" lon="-75.6156860">
    <ele>1659.7</ele>
   </trkpt>
   <trkpt lat="4.7605380" lon="-75.6156850">
    <ele>1659.7</ele>
   </trkpt>
   <trkpt lat="4.7605270" lon="-75.6156820">
    <ele>1659.7</ele>
   </trkpt>
   <trkpt lat="4.7605220" lon="-75.6156730">
    <ele>1659.7</ele>
   </trkpt>
   <trkpt lat="4.7605140" lon="-75.6156650">
    <ele>1659.7</ele>
   </trkpt>
   <trkpt lat="4.7605100" lon="-75.6156590">
    <ele>1659.7</ele>
   </trkpt>
   <trkpt lat="4.7605050" lon="-75.6156480">
    <ele>1659.7</ele>
   </trkpt>
   <trkpt lat="4.7605020" lon="-75.6156360">
    <ele>1659.8</ele>
   </trkpt>
   <trkpt lat="4.7605010" lon="-75.6156230">
    <ele>1659.8</ele>
   </trkpt>
   <trkpt lat="4.7605000" lon="-75.6156120">
    <ele>1659.8</ele>
   </trkpt>
   <trkpt lat="4.7605000" lon="-75.6155990">
    <ele>1659.8</ele>
   </trkpt>
   <trkpt lat="4.7604990" lon="-75.6155880">
    <ele>1659.8</ele>
   </trkpt>
   <trkpt lat="4.7604950" lon="-75.6155740">
    <ele>1659.9</ele>
   </trkpt>
   <trkpt lat="4.7604900" lon="-75.6155670">
    <ele>1659.9</ele>
   </trkpt>
   <trkpt lat="4.7604850" lon="-75.6155580">
    <ele>1659.9</ele>
   </trkpt>
   <trkpt lat="4.7604830" lon="-75.6155480">
    <ele>1659.9</ele>
   </trkpt>
   <trkpt lat="4.7604770" lon="-75.6155400">
    <ele>1659.9</ele>
   </trkpt>
   <trkpt lat="4.7604670" lon="-75.6155370">
    <ele>1659.9</ele>
   </trkpt>
   <trkpt lat="4.7604620" lon="-75.6155280">
    <ele>1660.0</ele>
   </trkpt>
   <trkpt lat="4.7604580" lon="-75.6155200">
    <ele>1660.0</ele>
   </trkpt>
   <trkpt lat="4.7604560" lon="-75.6155110">
    <ele>1660.0</ele>
   </trkpt>
   <trkpt lat="4.7604540" lon="-75.6154980">
    <ele>1660.0</ele>
   </trkpt>
   <trkpt lat="4.7604540" lon="-75.6154830">
    <ele>1660.0</ele>
   </trkpt>
   <trkpt lat="4.7604540" lon="-75.6154700">
    <ele>1660.0</ele>
   </trkpt>
   <trkpt lat="4.7604550" lon="-75.6154580">
    <ele>1660.1</ele>
   </trkpt>
   <trkpt lat="4.7604560" lon="-75.6154460">
    <ele>1660.1</ele>
   </trkpt>
   <trkpt lat="4.7604570" lon="-75.6154330">
    <ele>1660.1</ele>
   </trkpt>
   <trkpt lat="4.7604590" lon="-75.6154170">
    <ele>1660.1</ele>
   </trkpt>
   <trkpt lat="4.7604580" lon="-75.6154070">
    <ele>1660.2</ele>
   </trkpt>
   <trkpt lat="4.7604570" lon="-75.6153950">
    <ele>1660.2</ele>
   </trkpt>
   <trkpt lat="4.7604570" lon="-75.6153840">
    <ele>1660.2</ele>
   </trkpt>
   <trkpt lat="4.7604560" lon="-75.6153720">
    <ele>1660.2</ele>
   </trkpt>
   <trkpt lat="4.7604560" lon="-75.6153610">
    <ele>1660.2</ele>
   </trkpt>
   <trkpt lat="4.7604550" lon="-75.6153500">
    <ele>1660.2</ele>
   </trkpt>
   <trkpt lat="4.7604550" lon="-75.6153340">
    <ele>1660.3</ele>
   </trkpt>
   <trkpt lat="4.7604510" lon="-75.6153250">
    <ele>1660.3</ele>
   </trkpt>
   <trkpt lat="4.7604470" lon="-75.6153150">
    <ele>1660.3</ele>
   </trkpt>
   <trkpt lat="4.7604430" lon="-75.6153050">
    <ele>1660.3</ele>
   </trkpt>
   <trkpt lat="4.7604360" lon="-75.6152940">
    <ele>1660.4</ele>
   </trkpt>
   <trkpt lat="4.7604260" lon="-75.6152880">
    <ele>1660.4</ele>
   </trkpt>
   <trkpt lat="4.7604180" lon="-75.6152800">
    <ele>1660.4</ele>
   </trkpt>
   <trkpt lat="4.7604120" lon="-75.6152700">
    <ele>1660.4</ele>
   </trkpt>
   <trkpt lat="4.7604040" lon="-75.6152560">
    <ele>1660.5</ele>
   </trkpt>
   <trkpt lat="4.7604000" lon="-75.6152470">
    <ele>1660.5</ele>
   </trkpt>
   <trkpt lat="4.7603940" lon="-75.6152370">
    <ele>1660.5</ele>
   </trkpt>
   <trkpt lat="4.7603900" lon="-75.6152280">
    <ele>1660.5</ele>
   </trkpt>
   <trkpt lat="4.7603850" lon="-75.6152200">
    <ele>1660.6</ele>
   </trkpt>
   <trkpt lat="4.7603820" lon="-75.6152090">
    <ele>1660.6</ele>
   </trkpt>
   <trkpt lat="4.7603780" lon="-75.6151990">
    <ele>1660.6</ele>
   </trkpt>
   <trkpt lat="4.7603770" lon="-75.6151820">
    <ele>1660.6</ele>
   </trkpt>
   <trkpt lat="4.7603740" lon="-75.6151750">
    <ele>1660.7</ele>
   </trkpt>
   <trkpt lat="4.7603680" lon="-75.6151690">
    <ele>1660.7</ele>
   </trkpt>
   <trkpt lat="4.7603620" lon="-75.6151610">
    <ele>1660.7</ele>
   </trkpt>
   <trkpt lat="4.7603570" lon="-75.6151520">
    <ele>1660.7</ele>
   </trkpt>
   <trkpt lat="4.7603550" lon="-75.6151430">
    <ele>1660.7</ele>
   </trkpt>
   <trkpt lat="4.7603530" lon="-75.6151330">
    <ele>1660.8</ele>
   </trkpt>
   <trkpt lat="4.7603530" lon="-75.6151240">
    <ele>1660.8</ele>
   </trkpt>
   <trkpt lat="4.7603550" lon="-75.6151140">
    <ele>1660.8</ele>
   </trkpt>
   <trkpt lat="4.7603530" lon="-75.6151030">
    <ele>1660.8</ele>
   </trkpt>
   <trkpt lat="4.7603490" lon="-75.6150910">
    <ele>1660.9</ele>
   </trkpt>
   <trkpt lat="4.7603450" lon="-75.6150790">
    <ele>1660.9</ele>
   </trkpt>
   <trkpt lat="4.7603410" lon="-75.6150690">
    <ele>1660.9</ele>
   </trkpt>
   <trkpt lat="4.7603370" lon="-75.6150590">
    <ele>1661.0</ele>
   </trkpt>
   <trkpt lat="4.7603340" lon="-75.6150500">
    <ele>1661.0</ele>
   </trkpt>
   <trkpt lat="4.7603300" lon="-75.6150420">
    <ele>1661.0</ele>
   </trkpt>
   <trkpt lat="4.7603280" lon="-75.6150340">
    <ele>1661.0</ele>
   </trkpt>
   <trkpt lat="4.7603260" lon="-75.6150250">
    <ele>1661.1</ele>
   </trkpt>
   <trkpt lat="4.7603220" lon="-75.6150160">
    <ele>1661.1</ele>
   </trkpt>
   <trkpt lat="4.7603190" lon="-75.6150090">
    <ele>1661.1</ele>
   </trkpt>
   <trkpt lat="4.7603150" lon="-75.6150010">
    <ele>1661.1</ele>
   </trkpt>
   <trkpt lat="4.7603130" lon="-75.6149930">
    <ele>1661.2</ele>
   </trkpt>
   <trkpt lat="4.7603130" lon="-75.6149840">
    <ele>1661.2</ele>
   </trkpt>
   <trkpt lat="4.7603060" lon="-75.6149730">
    <ele>1661.2</ele>
   </trkpt>
   <trkpt lat="4.7603000" lon="-75.6149670">
    <ele>1661.2</ele>
   </trkpt>
   <trkpt lat="4.7602930" lon="-75.6149610">
    <ele>1661.3</ele>
   </trkpt>
   <trkpt lat="4.7602870" lon="-75.6149540">
    <ele>1661.3</ele>
   </trkpt>
   <trkpt lat="4.7602820" lon="-75.6149470">
    <ele>1661.3</ele>
   </trkpt>
   <trkpt lat="4.7602780" lon="-75.6149430">
    <ele>1661.3</ele>
   </trkpt>
   <trkpt lat="4.7602730" lon="-75.6149460">
    <ele>1661.3</ele>
   </trkpt>
   <trkpt lat="4.7602570" lon="-75.6149480">
    <ele>1661.4</ele>
   </trkpt>
   <trkpt lat="4.7602540" lon="-75.6149460">
    <ele>1661.4</ele>
   </trkpt>
   <trkpt lat="4.7602520" lon="-75.6149400">
    <ele>1661.4</ele>
   </trkpt>
   <trkpt lat="4.7602510" lon="-75.6149310">
    <ele>1661.4</ele>
   </trkpt>
   <trkpt lat="4.7602530" lon="-75.6149210">
    <ele>1661.5</ele>
   </trkpt>
   <trkpt lat="4.7602530" lon="-75.6149110">
    <ele>1661.5</ele>
   </trkpt>
   <trkpt lat="4.7602520" lon="-75.6149010">
    <ele>1661.5</ele>
   </trkpt>
   <trkpt lat="4.7602520" lon="-75.6148900">
    <ele>1661.5</ele>
   </trkpt>
   <trkpt lat="4.7602450" lon="-75.6148760">
    <ele>1661.6</ele>
   </trkpt>
   <trkpt lat="4.7602450" lon="-75.6148660">
    <ele>1661.6</ele>
   </trkpt>
   <trkpt lat="4.7602430" lon="-75.6148560">
    <ele>1661.6</ele>
   </trkpt>
   <trkpt lat="4.7602400" lon="-75.6148470">
    <ele>1661.7</ele>
   </trkpt>
   <trkpt lat="4.7602400" lon="-75.6148370">
    <ele>1661.7</ele>
   </trkpt>
   <trkpt lat="4.7602390" lon="-75.6148270">
    <ele>1661.7</ele>
   </trkpt>
   <trkpt lat="4.7602380" lon="-75.6148180">
    <ele>1661.7</ele>
   </trkpt>
   <trkpt lat="4.7602300" lon="-75.6148050">
    <ele>1661.8</ele>
   </trkpt>
   <trkpt lat="4.7602370" lon="-75.6148010">
    <ele>1661.8</ele>
   </trkpt>
   <trkpt lat="4.7602430" lon="-75.6147910">
    <ele>1661.8</ele>
   </trkpt>
   <trkpt lat="4.7602410" lon="-75.6147820">
    <ele>1661.8</ele>
   </trkpt>
   <trkpt lat="4.7602370" lon="-75.6147740">
    <ele>1661.9</ele>
   </trkpt>
   <trkpt lat="4.7602290" lon="-75.6147690">
    <ele>1661.9</ele>
   </trkpt>
   <trkpt lat="4.7602210" lon="-75.6147620">
    <ele>1661.9</ele>
   </trkpt>
   <trkpt lat="4.7602180" lon="-75.6147530">
    <ele>1661.9</ele>
   </trkpt>
   <trkpt lat="4.7602050" lon="-75.6147430">
    <ele>1662.0</ele>
   </trkpt>
   <trkpt lat="4.7602030" lon="-75.6147350">
    <ele>1662.0</ele>
   </trkpt>
   <trkpt lat="4.7601980" lon="-75.6147240">
    <ele>1662.0</ele>
   </trkpt>
   <trkpt lat="4.7601960" lon="-75.6147140">
    <ele>1662.0</ele>
   </trkpt>
   <trkpt lat="4.7601920" lon="-75.6147050">
    <ele>1662.1</ele>
   </trkpt>
   <trkpt lat="4.7601820" lon="-75.6147020">
    <ele>1662.1</ele>
   </trkpt>
   <trkpt lat="4.7601710" lon="-75.6147070">
    <ele>1662.1</ele>
   </trkpt>
   <trkpt lat="4.7601600" lon="-75.6147070">
    <ele>1662.2</ele>
   </trkpt>
   <trkpt lat="4.7601440" lon="-75.6147040">
    <ele>1662.2</ele>
   </trkpt>
   <trkpt lat="4.7601410" lon="-75.6146960">
    <ele>1662.2</ele>
   </trkpt>
   <trkpt lat="4.7601380" lon="-75.6146870">
    <ele>1662.2</ele>
   </trkpt>
   <trkpt lat="4.7601360" lon="-75.6146770">
    <ele>1662.3</ele>
   </trkpt>
   <trkpt lat="4.7601340" lon="-75.6146650">
    <ele>1662.3</ele>
   </trkpt>
   <trkpt lat="4.7601320" lon="-75.6146540">
    <ele>1662.3</ele>
   </trkpt>
   <trkpt lat="4.7601310" lon="-75.6146430">
    <ele>1662.4</ele>
   </trkpt>
   <trkpt lat="4.7601260" lon="-75.6146350">
    <ele>1662.4</ele>
   </trkpt>
   <trkpt lat="4.7601150" lon="-75.6146330">
    <ele>1662.4</ele>
   </trkpt>
   <trkpt lat="4.7601060" lon="-75.6146300">
    <ele>1662.4</ele>
   </trkpt>
   <trkpt lat="4.7601020" lon="-75.6146220">
    <ele>1662.4</ele>
   </trkpt>
   <trkpt lat="4.7601000" lon="-75.6146100">
    <ele>1662.5</ele>
   </trkpt>
   <trkpt lat="4.7600990" lon="-75.6145980">
    <ele>1662.5</ele>
   </trkpt>
   <trkpt lat="4.7600980" lon="-75.6145870">
    <ele>1662.5</ele>
   </trkpt>
   <trkpt lat="4.7600960" lon="-75.6145770">
    <ele>1662.6</ele>
   </trkpt>
   <trkpt lat="4.7600970" lon="-75.6145640">
    <ele>1662.6</ele>
   </trkpt>
   <trkpt lat="4.7600950" lon="-75.6145480">
    <ele>1662.6</ele>
   </trkpt>
   <trkpt lat="4.7600940" lon="-75.6145400">
    <ele>1662.7</ele>
   </trkpt>
   <trkpt lat="4.7600950" lon="-75.6145280">
    <ele>1662.7</ele>
   </trkpt>
   <trkpt lat="4.7600950" lon="-75.6145150">
    <ele>1662.7</ele>
   </trkpt>
   <trkpt lat="4.7600970" lon="-75.6145030">
    <ele>1662.7</ele>
   </trkpt>
   <trkpt lat="4.7600990" lon="-75.6144930">
    <ele>1662.8</ele>
   </trkpt>
   <trkpt lat="4.7601000" lon="-75.6144840">
    <ele>1662.8</ele>
   </trkpt>
   <trkpt lat="4.7600990" lon="-75.6144750">
    <ele>1662.8</ele>
   </trkpt>
   <trkpt lat="4.7600980" lon="-75.6144650">
    <ele>1662.8</ele>
   </trkpt>
   <trkpt lat="4.7600990" lon="-75.6144570">
    <ele>1662.9</ele>
   </trkpt>
   <trkpt lat="4.7601010" lon="-75.6144480">
    <ele>1662.9</ele>
   </trkpt>
   <trkpt lat="4.7601020" lon="-75.6144390">
    <ele>1662.9</ele>
   </trkpt>
   <trkpt lat="4.7601030" lon="-75.6144310">
    <ele>1662.9</ele>
   </trkpt>
   <trkpt lat="4.7601050" lon="-75.6144260">
    <ele>1662.9</ele>
   </trkpt>
   <trkpt lat="4.7601060" lon="-75.6144200">
    <ele>1663.0</ele>
   </trkpt>
   <trkpt lat="4.7601070" lon="-75.6144120">
    <ele>1663.0</ele>
   </trkpt>
   <trkpt lat="4.7601040" lon="-75.6144010">
    <ele>1663.0</ele>
   </trkpt>
   <trkpt lat="4.7601000" lon="-75.6143940">
    <ele>1663.0</ele>
   </trkpt>
   <trkpt lat="4.7600950" lon="-75.6143870">
    <ele>1663.0</ele>
   </trkpt>
   <trkpt lat="4.7600920" lon="-75.6143780">
    <ele>1663.1</ele>
   </trkpt>
   <trkpt lat="4.7600880" lon="-75.6143690">
    <ele>1663.1</ele>
   </trkpt>
   <trkpt lat="4.7600860" lon="-75.6143600">
    <ele>1663.1</ele>
   </trkpt>
   <trkpt lat="4.7600870" lon="-75.6143500">
    <ele>1663.1</ele>
   </trkpt>
   <trkpt lat="4.7600860" lon="-75.6143430">
    <ele>1663.2</ele>
   </trkpt>
   <trkpt lat="4.7600850" lon="-75.6143330">
    <ele>1663.2</ele>
   </trkpt>
   <trkpt lat="4.7600840" lon="-75.6143300">
    <ele>1663.2</ele>
   </trkpt>
   <trkpt lat="4.7600810" lon="-75.6143240">
    <ele>1663.2</ele>
   </trkpt>
   <trkpt lat="4.7600790" lon="-75.6143170">
    <ele>1663.2</ele>
   </trkpt>
   <trkpt lat="4.7600730" lon="-75.6143080">
    <ele>1663.2</ele>
   </trkpt>
   <trkpt lat="4.7600720" lon="-75.6142990">
    <ele>1663.3</ele>
   </trkpt>
   <trkpt lat="4.7600690" lon="-75.6142880">
    <ele>1663.3</ele>
   </trkpt>
   <trkpt lat="4.7600610" lon="-75.6142820">
    <ele>1663.3</ele>
   </trkpt>
   <trkpt lat="4.7600540" lon="-75.6142760">
    <ele>1663.3</ele>
   </trkpt>
   <trkpt lat="4.7600490" lon="-75.6142700">
    <ele>1663.4</ele>
   </trkpt>
   <trkpt lat="4.7600440" lon="-75.6142610">
    <ele>1663.4</ele>
   </trkpt>
   <trkpt lat="4.7600380" lon="-75.6142530">
    <ele>1663.4</ele>
   </trkpt>
   <trkpt lat="4.7600340" lon="-75.6142450">
    <ele>1663.4</ele>
   </trkpt>
   <trkpt lat="4.7600280" lon="-75.6142360">
    <ele>1663.5</ele>
   </trkpt>
   <trkpt lat="4.7600230" lon="-75.6142260">
    <ele>1663.5</ele>
   </trkpt>
   <trkpt lat="4.7600170" lon="-75.6142160">
    <ele>1663.5</ele>
   </trkpt>
   <trkpt lat="4.7600120" lon="-75.6142050">
    <ele>1663.6</ele>
   </trkpt>
   <trkpt lat="4.7600030" lon="-75.6141860">
    <ele>1663.6</ele>
   </trkpt>
   <trkpt lat="4.7600000" lon="-75.6141810">
    <ele>1663.6</ele>
   </trkpt>
   <trkpt lat="4.7599940" lon="-75.6141730">
    <ele>1663.7</ele>
   </trkpt>
   <trkpt lat="4.7599870" lon="-75.6141670">
    <ele>1663.7</ele>
   </trkpt>
   <trkpt lat="4.7599780" lon="-75.6141620">
    <ele>1663.7</ele>
   </trkpt>
   <trkpt lat="4.7599700" lon="-75.6141560">
    <ele>1663.7</ele>
   </trkpt>
   <trkpt lat="4.7599650" lon="-75.6141490">
    <ele>1663.8</ele>
   </trkpt>
   <trkpt lat="4.7599610" lon="-75.6141390">
    <ele>1663.8</ele>
   </trkpt>
   <trkpt lat="4.7599550" lon="-75.6141280">
    <ele>1663.8</ele>
   </trkpt>
   <trkpt lat="4.7599510" lon="-75.6141210">
    <ele>1663.8</ele>
   </trkpt>
   <trkpt lat="4.7599470" lon="-75.6141100">
    <ele>1663.9</ele>
   </trkpt>
   <trkpt lat="4.7599460" lon="-75.6141020">
    <ele>1663.9</ele>
   </trkpt>
   <trkpt lat="4.7599480" lon="-75.6140930">
    <ele>1663.9</ele>
   </trkpt>
   <trkpt lat="4.7599470" lon="-75.6140840">
    <ele>1663.9</ele>
   </trkpt>
   <trkpt lat="4.7599440" lon="-75.6140760">
    <ele>1664.0</ele>
   </trkpt>
   <trkpt lat="4.7599420" lon="-75.6140660">
    <ele>1664.0</ele>
   </trkpt>
   <trkpt lat="4.7599390" lon="-75.6140500">
    <ele>1664.0</ele>
   </trkpt>
   <trkpt lat="4.7599380" lon="-75.6140440">
    <ele>1664.1</ele>
   </trkpt>
   <trkpt lat="4.7599340" lon="-75.6140340">
    <ele>1664.1</ele>
   </trkpt>
   <trkpt lat="4.7599300" lon="-75.6140230">
    <ele>1664.1</ele>
   </trkpt>
   <trkpt lat="4.7599260" lon="-75.6140130">
    <ele>1664.2</ele>
   </trkpt>
   <trkpt lat="4.7599210" lon="-75.6140040">
    <ele>1664.2</ele>
   </trkpt>
   <trkpt lat="4.7599170" lon="-75.6139950">
    <ele>1664.2</ele>
   </trkpt>
   <trkpt lat="4.7599150" lon="-75.6139860">
    <ele>1664.2</ele>
   </trkpt>
   <trkpt lat="4.7599130" lon="-75.6139670">
    <ele>1664.3</ele>
   </trkpt>
   <trkpt lat="4.7599120" lon="-75.6139630">
    <ele>1664.3</ele>
   </trkpt>
   <trkpt lat="4.7599100" lon="-75.6139540">
    <ele>1664.3</ele>
   </trkpt>
   <trkpt lat="4.7599070" lon="-75.6139460">
    <ele>1664.3</ele>
   </trkpt>
   <trkpt lat="4.7599030" lon="-75.6139370">
    <ele>1664.4</ele>
   </trkpt>
   <trkpt lat="4.7598970" lon="-75.6139300">
    <ele>1664.4</ele>
   </trkpt>
   <trkpt lat="4.7598940" lon="-75.6139210">
    <ele>1664.4</ele>
   </trkpt>
   <trkpt lat="4.7598880" lon="-75.6139160">
    <ele>1664.4</ele>
   </trkpt>
   <trkpt lat="4.7598780" lon="-75.6139130">
    <ele>1664.5</ele>
   </trkpt>
   <trkpt lat="4.7598690" lon="-75.6139080">
    <ele>1664.5</ele>
   </trkpt>
   <trkpt lat="4.7598630" lon="-75.6138990">
    <ele>1664.5</ele>
   </trkpt>
   <trkpt lat="4.7598590" lon="-75.6138890">
    <ele>1664.6</ele>
   </trkpt>
   <trkpt lat="4.7598540" lon="-75.6138780">
    <ele>1664.6</ele>
   </trkpt>
   <trkpt lat="4.7598550" lon="-75.6138670">
    <ele>1664.6</ele>
   </trkpt>
   <trkpt lat="4.7598530" lon="-75.6138560">
    <ele>1664.7</ele>
   </trkpt>
   <trkpt lat="4.7598500" lon="-75.6138460">
    <ele>1664.7</ele>
   </trkpt>
   <trkpt lat="4.7598460" lon="-75.6138380">
    <ele>1664.7</ele>
   </trkpt>
   <trkpt lat="4.7598440" lon="-75.6138250">
    <ele>1664.8</ele>
   </trkpt>
   <trkpt lat="4.7598410" lon="-75.6138170">
    <ele>1664.8</ele>
   </trkpt>
   <trkpt lat="4.7598370" lon="-75.6138070">
    <ele>1664.8</ele>
   </trkpt>
   <trkpt lat="4.7598340" lon="-75.6137980">
    <ele>1664.9</ele>
   </trkpt>
   <trkpt lat="4.7598310" lon="-75.6137880">
    <ele>1664.9</ele>
   </trkpt>
   <trkpt lat="4.7598310" lon="-75.6137770">
    <ele>1664.9</ele>
   </trkpt>
   <trkpt lat="4.7598280" lon="-75.6137680">
    <ele>1665.0</ele>
   </trkpt>
   <trkpt lat="4.7598280" lon="-75.6137590">
    <ele>1665.0</ele>
   </trkpt>
   <trkpt lat="4.7598280" lon="-75.6137470">
    <ele>1665.0</ele>
   </trkpt>
   <trkpt lat="4.7598260" lon="-75.6137390">
    <ele>1665.1</ele>
   </trkpt>
   <trkpt lat="4.7598270" lon="-75.6137310">
    <ele>1665.1</ele>
   </trkpt>
   <trkpt lat="4.7598260" lon="-75.6137210">
    <ele>1665.1</ele>
   </trkpt>
   <trkpt lat="4.7598210" lon="-75.6137130">
    <ele>1665.2</ele>
   </trkpt>
   <trkpt lat="4.7598180" lon="-75.6137040">
    <ele>1665.2</ele>
   </trkpt>
   <trkpt lat="4.7598170" lon="-75.6136960">
    <ele>1665.2</ele>
   </trkpt>
   <trkpt lat="4.7598150" lon="-75.6136870">
    <ele>1665.3</ele>
   </trkpt>
   <trkpt lat="4.7598110" lon="-75.6136750">
    <ele>1665.3</ele>
   </trkpt>
   <trkpt lat="4.7598100" lon="-75.6136690">
    <ele>1665.3</ele>
   </trkpt>
   <trkpt lat="4.7598090" lon="-75.6136590">
    <ele>1665.4</ele>
   </trkpt>
   <trkpt lat="4.7598060" lon="-75.6136500">
    <ele>1665.4</ele>
   </trkpt>
   <trkpt lat="4.7598040" lon="-75.6136410">
    <ele>1665.4</ele>
   </trkpt>
   <trkpt lat="4.7598020" lon="-75.6136300">
    <ele>1665.5</ele>
   </trkpt>
   <trkpt lat="4.7597980" lon="-75.6136200">
    <ele>1665.5</ele>
   </trkpt>
   <trkpt lat="4.7597940" lon="-75.6136120">
    <ele>1665.6</ele>
   </trkpt>
   <trkpt lat="4.7597910" lon="-75.6136030">
    <ele>1665.6</ele>
   </trkpt>
   <trkpt lat="4.7597900" lon="-75.6135930">
    <ele>1665.6</ele>
   </trkpt>
   <trkpt lat="4.7597880" lon="-75.6135850">
    <ele>1665.7</ele>
   </trkpt>
   <trkpt lat="4.7597850" lon="-75.6135770">
    <ele>1665.7</ele>
   </trkpt>
   <trkpt lat="4.7597820" lon="-75.6135690">
    <ele>1665.7</ele>
   </trkpt>
   <trkpt lat="4.7597820" lon="-75.6135600">
    <ele>1665.8</ele>
   </trkpt>
   <trkpt lat="4.7597870" lon="-75.6135520">
    <ele>1665.8</ele>
   </trkpt>
   <trkpt lat="4.7597860" lon="-75.6135440">
    <ele>1665.8</ele>
   </trkpt>
   <trkpt lat="4.7597830" lon="-75.6135390">
    <ele>1665.9</ele>
   </trkpt>
   <trkpt lat="4.7597870" lon="-75.6135340">
    <ele>1665.9</ele>
   </trkpt>
   <trkpt lat="4.7597850" lon="-75.6135290">
    <ele>1665.9</ele>
   </trkpt>
   <trkpt lat="4.7597850" lon="-75.6135230">
    <ele>1665.9</ele>
   </trkpt>
   <trkpt lat="4.7597830" lon="-75.6135140">
    <ele>1666.0</ele>
   </trkpt>
   <trkpt lat="4.7597830" lon="-75.6135070">
    <ele>1666.0</ele>
   </trkpt>
   <trkpt lat="4.7597820" lon="-75.6135000">
    <ele>1666.0</ele>
   </trkpt>
   <trkpt lat="4.7597820" lon="-75.6134910">
    <ele>1666.1</ele>
   </trkpt>
   <trkpt lat="4.7597830" lon="-75.6134820">
    <ele>1666.1</ele>
   </trkpt>
   <trkpt lat="4.7597840" lon="-75.6134670">
    <ele>1666.2</ele>
   </trkpt>
   <trkpt lat="4.7597800" lon="-75.6134630">
    <ele>1666.2</ele>
   </trkpt>
   <trkpt lat="4.7597760" lon="-75.6134540">
    <ele>1666.3</ele>
   </trkpt>
   <trkpt lat="4.7597700" lon="-75.6134460">
    <ele>1666.3</ele>
   </trkpt>
   <trkpt lat="4.7597640" lon="-75.6134380">
    <ele>1666.4</ele>
   </trkpt>
   <trkpt lat="4.7597640" lon="-75.6134280">
    <ele>1666.4</ele>
   </trkpt>
   <trkpt lat="4.7597690" lon="-75.6134180">
    <ele>1666.5</ele>
   </trkpt>
   <trkpt lat="4.7597660" lon="-75.6134110">
    <ele>1666.5</ele>
   </trkpt>
   <trkpt lat="4.7597710" lon="-75.6134010">
    <ele>1666.6</ele>
   </trkpt>
   <trkpt lat="4.7597680" lon="-75.6133940">
    <ele>1666.7</ele>
   </trkpt>
   <trkpt lat="4.7597610" lon="-75.6133860">
    <ele>1666.7</ele>
   </trkpt>
   <trkpt lat="4.7597550" lon="-75.6133770">
    <ele>1666.8</ele>
   </trkpt>
   <trkpt lat="4.7597490" lon="-75.6133680">
    <ele>1666.9</ele>
   </trkpt>
   <trkpt lat="4.7597420" lon="-75.6133600">
    <ele>1666.9</ele>
   </trkpt>
   <trkpt lat="4.7597350" lon="-75.6133510">
    <ele>1667.0</ele>
   </trkpt>
   <trkpt lat="4.7597310" lon="-75.6133410">
    <ele>1667.1</ele>
   </trkpt>
   <trkpt lat="4.7597270" lon="-75.6133290">
    <ele>1667.2</ele>
   </trkpt>
   <trkpt lat="4.7597260" lon="-75.6133240">
    <ele>1667.2</ele>
   </trkpt>
   <trkpt lat="4.7597250" lon="-75.6133180">
    <ele>1667.2</ele>
   </trkpt>
   <trkpt lat="4.7597240" lon="-75.6133100">
    <ele>1667.3</ele>
   </trkpt>
   <trkpt lat="4.7597210" lon="-75.6133040">
    <ele>1667.4</ele>
   </trkpt>
   <trkpt lat="4.7597160" lon="-75.6132980">
    <ele>1667.4</ele>
   </trkpt>
   <trkpt lat="4.7597120" lon="-75.6132900">
    <ele>1667.5</ele>
   </trkpt>
   <trkpt lat="4.7597070" lon="-75.6132820">
    <ele>1667.6</ele>
   </trkpt>
   <trkpt lat="4.7596970" lon="-75.6132750">
    <ele>1667.7</ele>
   </trkpt>
   <trkpt lat="4.7596930" lon="-75.6132700">
    <ele>1667.7</ele>
   </trkpt>
   <trkpt lat="4.7596890" lon="-75.6132640">
    <ele>1667.8</ele>
   </trkpt>
   <trkpt lat="4.7596840" lon="-75.6132570">
    <ele>1667.8</ele>
   </trkpt>
   <trkpt lat="4.7596780" lon="-75.6132560">
    <ele>1667.9</ele>
   </trkpt>
   <trkpt lat="4.7596730" lon="-75.6132510">
    <ele>1667.9</ele>
   </trkpt>
   <trkpt lat="4.7596720" lon="-75.6132530">
    <ele>1668.0</ele>
   </trkpt>
   <trkpt lat="4.7596700" lon="-75.6132570">
    <ele>1668.0</ele>
   </trkpt>
   <trkpt lat="4.7596690" lon="-75.6132540">
    <ele>1668.0</ele>
   </trkpt>
   <trkpt lat="4.7596700" lon="-75.6132500">
    <ele>1668.1</ele>
   </trkpt>
   <trkpt lat="4.7596710" lon="-75.6132460">
    <ele>1668.1</ele>
   </trkpt>
   <trkpt lat="4.7596710" lon="-75.6132390">
    <ele>1668.2</ele>
   </trkpt>
   <trkpt lat="4.7596700" lon="-75.6132320">
    <ele>1668.2</ele>
   </trkpt>
   <trkpt lat="4.7596700" lon="-75.6132250">
    <ele>1668.3</ele>
   </trkpt>
   <trkpt lat="4.7596700" lon="-75.6132190">
    <ele>1668.3</ele>
   </trkpt>
   <trkpt lat="4.7596690" lon="-75.6132110">
    <ele>1668.4</ele>
   </trkpt>
   <trkpt lat="4.7596670" lon="-75.6132020">
    <ele>1668.5</ele>
   </trkpt>
   <trkpt lat="4.7596670" lon="-75.6132030">
    <ele>1668.5</ele>
   </trkpt>
   <trkpt lat="4.7596640" lon="-75.6131980">
    <ele>1668.5</ele>
   </trkpt>
   <trkpt lat="4.7596610" lon="-75.6131920">
    <ele>1668.6</ele>
   </trkpt>
   <trkpt lat="4.7596590" lon="-75.6131840">
    <ele>1668.7</ele>
   </trkpt>
   <trkpt lat="4.7596570" lon="-75.6131770">
    <ele>1668.7</ele>
   </trkpt>
   <trkpt lat="4.7596560" lon="-75.6131690">
    <ele>1668.8</ele>
   </trkpt>
   <trkpt lat="4.7596540" lon="-75.6131630">
    <ele>1668.9</ele>
   </trkpt>
   <trkpt lat="4.7596520" lon="-75.6131570">
    <ele>1668.9</ele>
   </trkpt>
   <trkpt lat="4.7596440" lon="-75.6131540">
    <ele>1669.0</ele>
   </trkpt>
   <trkpt lat="4.7596430" lon="-75.6131480">
    <ele>1669.1</ele>
   </trkpt>
   <trkpt lat="4.7596430" lon="-75.6131400">
    <ele>1669.1</ele>
   </trkpt>
   <trkpt lat="4.7596420" lon="-75.6131330">
    <ele>1669.2</ele>
   </trkpt>
   <trkpt lat="4.7596410" lon="-75.6131260">
    <ele>1669.2</ele>
   </trkpt>
   <trkpt lat="4.7596410" lon="-75.6131190">
    <ele>1669.3</ele>
   </trkpt>
   <trkpt lat="4.7596390" lon="-75.6131120">
    <ele>1669.4</ele>
   </trkpt>
   <trkpt lat="4.7596360" lon="-75.6131050">
    <ele>1669.4</ele>
   </trkpt>
   <trkpt lat="4.7596300" lon="-75.6130960">
    <ele>1669.5</ele>
   </trkpt>
   <trkpt lat="4.7596290" lon="-75.6130920">
    <ele>1669.6</ele>
   </trkpt>
   <trkpt lat="4.7596260" lon="-75.6130850">
    <ele>1669.6</ele>
   </trkpt>
   <trkpt lat="4.7596240" lon="-75.6130770">
    <ele>1669.7</ele>
   </trkpt>
   <trkpt lat="4.7596210" lon="-75.6130680">
    <ele>1669.8</ele>
   </trkpt>
   <trkpt lat="4.7596180" lon="-75.6130580">
    <ele>1669.9</ele>
   </trkpt>
   <trkpt lat="4.7596160" lon="-75.6130490">
    <ele>1669.9</ele>
   </trkpt>
   <trkpt lat="4.7596130" lon="-75.6130410">
    <ele>1670.0</ele>
   </trkpt>
   <trkpt lat="4.7596100" lon="-75.6130320">
    <ele>1670.1</ele>
   </trkpt>
   <trkpt lat="4.7596060" lon="-75.6130260">
    <ele>1670.2</ele>
   </trkpt>
   <trkpt lat="4.7596030" lon="-75.6130180">
    <ele>1670.2</ele>
   </trkpt>
   <trkpt lat="4.7596000" lon="-75.6130100">
    <ele>1670.3</ele>
   </trkpt>
   <trkpt lat="4.7595980" lon="-75.6130020">
    <ele>1670.4</ele>
   </trkpt>
   <trkpt lat="4.7595990" lon="-75.6129940">
    <ele>1670.4</ele>
   </trkpt>
   <trkpt lat="4.7595950" lon="-75.6129870">
    <ele>1670.5</ele>
   </trkpt>
   <trkpt lat="4.7595850" lon="-75.6129880">
    <ele>1670.6</ele>
   </trkpt>
   <trkpt lat="4.7595760" lon="-75.6129900">
    <ele>1670.6</ele>
   </trkpt>
   <trkpt lat="4.7595720" lon="-75.6129860">
    <ele>1670.7</ele>
   </trkpt>
   <trkpt lat="4.7595720" lon="-75.6129770">
    <ele>1670.8</ele>
   </trkpt>
   <trkpt lat="4.7595700" lon="-75.6129650">
    <ele>1670.8</ele>
   </trkpt>
   <trkpt lat="4.7595700" lon="-75.6129520">
    <ele>1670.9</ele>
   </trkpt>
   <trkpt lat="4.7595690" lon="-75.6129410">
    <ele>1671.0</ele>
   </trkpt>
   <trkpt lat="4.7595670" lon="-75.6129310">
    <ele>1671.1</ele>
   </trkpt>
   <trkpt lat="4.7595640" lon="-75.6129240">
    <ele>1671.1</ele>
   </trkpt>
   <trkpt lat="4.7595580" lon="-75.6129250">
    <ele>1671.2</ele>
   </trkpt>
   <trkpt lat="4.7595610" lon="-75.6129360">
    <ele>1671.3</ele>
   </trkpt>
   <trkpt lat="4.7595690" lon="-75.6129420">
    <ele>1671.3</ele>
   </trkpt>
   <trkpt lat="4.7595780" lon="-75.6129490">
    <ele>1671.4</ele>
   </trkpt>
   <trkpt lat="4.7595850" lon="-75.6129530">
    <ele>1671.4</ele>
   </trkpt>
   <trkpt lat="4.7596050" lon="-75.6129500">
    <ele>1671.6</ele>
   </trkpt>
   <trkpt lat="4.7596100" lon="-75.6129480">
    <ele>1671.6</ele>
   </trkpt>
   <trkpt lat="4.7596110" lon="-75.6129460">
    <ele>1671.6</ele>
   </trkpt>
   <trkpt lat="4.7596110" lon="-75.6129450">
    <ele>1671.6</ele>
   </trkpt>
   <trkpt lat="4.7596110" lon="-75.6129440">
    <ele>1671.6</ele>
   </trkpt>
   <trkpt lat="4.7596110" lon="-75.6129440">
    <ele>1671.6</ele>
   </trkpt>
   <trkpt lat="4.7596110" lon="-75.6129410">
    <ele>1671.7</ele>
   </trkpt>
   <trkpt lat="4.7596100" lon="-75.6129360">
    <ele>1671.7</ele>
   </trkpt>
   <trkpt lat="4.7596110" lon="-75.6129310">
    <ele>1671.7</ele>
   </trkpt>
   <trkpt lat="4.7596120" lon="-75.6129270">
    <ele>1671.8</ele>
   </trkpt>
   <trkpt lat="4.7596070" lon="-75.6129180">
    <ele>1671.8</ele>
   </trkpt>
   <trkpt lat="4.7596020" lon="-75.6129080">
    <ele>1671.9</ele>
   </trkpt>
   <trkpt lat="4.7595950" lon="-75.6129000">
    <ele>1672.0</ele>
   </trkpt>
   <trkpt lat="4.7595880" lon="-75.6128920">
    <ele>1672.0</ele>
   </trkpt>
   <trkpt lat="4.7595800" lon="-75.6128800">
    <ele>1672.1</ele>
   </trkpt>
   <trkpt lat="4.7595760" lon="-75.6128750">
    <ele>1672.1</ele>
   </trkpt>
   <trkpt lat="4.7595750" lon="-75.6128690">
    <ele>1672.2</ele>
   </trkpt>
   <trkpt lat="4.7595810" lon="-75.6128690">
    <ele>1672.2</ele>
   </trkpt>
   <trkpt lat="4.7595850" lon="-75.6128720">
    <ele>1672.2</ele>
   </trkpt>
   <trkpt lat="4.7595860" lon="-75.6128760">
    <ele>1672.3</ele>
   </trkpt>
   <trkpt lat="4.7595860" lon="-75.6128780">
    <ele>1672.3</ele>
   </trkpt>
   <trkpt lat="4.7595850" lon="-75.6128810">
    <ele>1672.3</ele>
   </trkpt>
   <trkpt lat="4.7595850" lon="-75.6128810">
    <ele>1672.3</ele>
   </trkpt>
   <trkpt lat="4.7595870" lon="-75.6128790">
    <ele>1672.3</ele>
   </trkpt>
   <trkpt lat="4.7595910" lon="-75.6128760">
    <ele>1672.3</ele>
   </trkpt>
   <trkpt lat="4.7595970" lon="-75.6128690">
    <ele>1672.4</ele>
   </trkpt>
   <trkpt lat="4.7596020" lon="-75.6128610">
    <ele>1672.4</ele>
   </trkpt>
   <trkpt lat="4.7595990" lon="-75.6128540">
    <ele>1672.5</ele>
   </trkpt>
   <trkpt lat="4.7595940" lon="-75.6128470">
    <ele>1672.5</ele>
   </trkpt>
   <trkpt lat="4.7595850" lon="-75.6128400">
    <ele>1672.6</ele>
   </trkpt>
   <trkpt lat="4.7595790" lon="-75.6128330">
    <ele>1672.6</ele>
   </trkpt>
   <trkpt lat="4.7595740" lon="-75.6128240">
    <ele>1672.7</ele>
   </trkpt>
   <trkpt lat="4.7595680" lon="-75.6128200">
    <ele>1672.7</ele>
   </trkpt>
   <trkpt lat="4.7595630" lon="-75.6128130">
    <ele>1672.8</ele>
   </trkpt>
   <trkpt lat="4.7595600" lon="-75.6128120">
    <ele>1672.8</ele>
   </trkpt>
   <trkpt lat="4.7595580" lon="-75.6128100">
    <ele>1672.8</ele>
   </trkpt>
   <trkpt lat="4.7595560" lon="-75.6128040">
    <ele>1672.8</ele>
   </trkpt>
   <trkpt lat="4.7595530" lon="-75.6127970">
    <ele>1672.9</ele>
   </trkpt>
   <trkpt lat="4.7595490" lon="-75.6127900">
    <ele>1672.9</ele>
   </trkpt>
   <trkpt lat="4.7595440" lon="-75.6127810">
    <ele>1673.0</ele>
   </trkpt>
   <trkpt lat="4.7595400" lon="-75.6127730">
    <ele>1673.0</ele>
   </trkpt>
   <trkpt lat="4.7595350" lon="-75.6127650">
    <ele>1673.1</ele>
   </trkpt>
   <trkpt lat="4.7595310" lon="-75.6127570">
    <ele>1673.1</ele>
   </trkpt>
   <trkpt lat="4.7595250" lon="-75.6127490">
    <ele>1673.1</ele>
   </trkpt>
   <trkpt lat="4.7595200" lon="-75.6127420">
    <ele>1673.2</ele>
   </trkpt>
   <trkpt lat="4.7595160" lon="-75.6127340">
    <ele>1673.2</ele>
   </trkpt>
   <trkpt lat="4.7595140" lon="-75.6127260">
    <ele>1673.3</ele>
   </trkpt>
   <trkpt lat="4.7595070" lon="-75.6127120">
    <ele>1673.4</ele>
   </trkpt>
   <trkpt lat="4.7595040" lon="-75.6127080">
    <ele>1673.4</ele>
   </trkpt>
   <trkpt lat="4.7595010" lon="-75.6127020">
    <ele>1673.4</ele>
   </trkpt>
   <trkpt lat="4.7594990" lon="-75.6126950">
    <ele>1673.5</ele>
   </trkpt>
   <trkpt lat="4.7594980" lon="-75.6126880">
    <ele>1673.5</ele>
   </trkpt>
   <trkpt lat="4.7594950" lon="-75.6126810">
    <ele>1673.5</ele>
   </trkpt>
   <trkpt lat="4.7594930" lon="-75.6126770">
    <ele>1673.6</ele>
   </trkpt>
   <trkpt lat="4.7594900" lon="-75.6126700">
    <ele>1673.6</ele>
   </trkpt>
   <trkpt lat="4.7594880" lon="-75.6126570">
    <ele>1673.7</ele>
   </trkpt>
   <trkpt lat="4.7594870" lon="-75.6126510">
    <ele>1673.7</ele>
   </trkpt>
   <trkpt lat="4.7594860" lon="-75.6126460">
    <ele>1673.7</ele>
   </trkpt>
   <trkpt lat="4.7594860" lon="-75.6126410">
    <ele>1673.8</ele>
   </trkpt>
   <trkpt lat="4.7594860" lon="-75.6126340">
    <ele>1673.8</ele>
   </trkpt>
   <trkpt lat="4.7594850" lon="-75.6126280">
    <ele>1673.8</ele>
   </trkpt>
   <trkpt lat="4.7594830" lon="-75.6126190">
    <ele>1673.9</ele>
   </trkpt>
   <trkpt lat="4.7594820" lon="-75.6126110">
    <ele>1673.9</ele>
   </trkpt>
   <trkpt lat="4.7594830" lon="-75.6126020">
    <ele>1674.0</ele>
   </trkpt>
   <trkpt lat="4.7594780" lon="-75.6125970">
    <ele>1674.0</ele>
   </trkpt>
   <trkpt lat="4.7594700" lon="-75.6125930">
    <ele>1674.1</ele>
   </trkpt>
   <trkpt lat="4.7594630" lon="-75.6125870">
    <ele>1674.1</ele>
   </trkpt>
   <trkpt lat="4.7594570" lon="-75.6125790">
    <ele>1674.2</ele>
   </trkpt>
   <trkpt lat="4.7594520" lon="-75.6125700">
    <ele>1674.2</ele>
   </trkpt>
   <trkpt lat="4.7594500" lon="-75.6125630">
    <ele>1674.3</ele>
   </trkpt>
   <trkpt lat="4.7594510" lon="-75.6125570">
    <ele>1674.3</ele>
   </trkpt>
   <trkpt lat="4.7594500" lon="-75.6125520">
    <ele>1674.3</ele>
   </trkpt>
   <trkpt lat="4.7594470" lon="-75.6125510">
    <ele>1674.4</ele>
   </trkpt>
   <trkpt lat="4.7594450" lon="-75.6125460">
    <ele>1674.4</ele>
   </trkpt>
   <trkpt lat="4.7594460" lon="-75.6125410">
    <ele>1674.4</ele>
   </trkpt>
   <trkpt lat="4.7594480" lon="-75.6125420">
    <ele>1674.4</ele>
   </trkpt>
   <trkpt lat="4.7594470" lon="-75.6125470">
    <ele>1674.5</ele>
   </trkpt>
   <trkpt lat="4.7594460" lon="-75.6125510">
    <ele>1674.5</ele>
   </trkpt>
   <trkpt lat="4.7594460" lon="-75.6125540">
    <ele>1674.5</ele>
   </trkpt>
   <trkpt lat="4.7594460" lon="-75.6125560">
    <ele>1674.5</ele>
   </trkpt>
   <trkpt lat="4.7594450" lon="-75.6125570">
    <ele>1674.5</ele>
   </trkpt>
   <trkpt lat="4.7594450" lon="-75.6125580">
    <ele>1674.5</ele>
   </trkpt>
   <trkpt lat="4.7594440" lon="-75.6125590">
    <ele>1674.5</ele>
   </trkpt>
   <trkpt lat="4.7594440" lon="-75.6125600">
    <ele>1674.5</ele>
   </trkpt>
   <trkpt lat="4.7594430" lon="-75.6125610">
    <ele>1674.5</ele>
   </trkpt>
   <trkpt lat="4.7594430" lon="-75.6125620">
    <ele>1674.5</ele>
   </trkpt>
   <trkpt lat="4.7594440" lon="-75.6125630">
    <ele>1674.6</ele>
   </trkpt>
   <trkpt lat="4.7594440" lon="-75.6125640">
    <ele>1674.6</ele>
   </trkpt>
   <trkpt lat="4.7594440" lon="-75.6125650">
    <ele>1674.6</ele>
   </trkpt>
   <trkpt lat="4.7594450" lon="-75.6125640">
    <ele>1674.6</ele>
   </trkpt>
   <trkpt lat="4.7594450" lon="-75.6125610">
    <ele>1674.6</ele>
   </trkpt>
   <trkpt lat="4.7594460" lon="-75.6125520">
    <ele>1674.6</ele>
   </trkpt>
   <trkpt lat="4.7594460" lon="-75.6125420">
    <ele>1674.7</ele>
   </trkpt>
   <trkpt lat="4.7594450" lon="-75.6125320">
    <ele>1674.8</ele>
   </trkpt>
   <trkpt lat="4.7594450" lon="-75.6125220">
    <ele>1674.8</ele>
   </trkpt>
   <trkpt lat="4.7594430" lon="-75.6125130">
    <ele>1674.9</ele>
   </trkpt>
   <trkpt lat="4.7594410" lon="-75.6125010">
    <ele>1674.9</ele>
   </trkpt>
   <trkpt lat="4.7594410" lon="-75.6124950">
    <ele>1675.0</ele>
   </trkpt>
   <trkpt lat="4.7594400" lon="-75.6124860">
    <ele>1675.0</ele>
   </trkpt>
   <trkpt lat="4.7594380" lon="-75.6124770">
    <ele>1675.1</ele>
   </trkpt>
   <trkpt lat="4.7594360" lon="-75.6124690">
    <ele>1675.1</ele>
   </trkpt>
   <trkpt lat="4.7594380" lon="-75.6124610">
    <ele>1675.2</ele>
   </trkpt>
   <trkpt lat="4.7594410" lon="-75.6124530">
    <ele>1675.2</ele>
   </trkpt>
   <trkpt lat="4.7594420" lon="-75.6124460">
    <ele>1675.3</ele>
   </trkpt>
   <trkpt lat="4.7594380" lon="-75.6124400">
    <ele>1675.3</ele>
   </trkpt>
   <trkpt lat="4.7594340" lon="-75.6124350">
    <ele>1675.3</ele>
   </trkpt>
   <trkpt lat="4.7594280" lon="-75.6124270">
    <ele>1675.4</ele>
   </trkpt>
   <trkpt lat="4.7594250" lon="-75.6124190">
    <ele>1675.4</ele>
   </trkpt>
   <trkpt lat="4.7594220" lon="-75.6124120">
    <ele>1675.5</ele>
   </trkpt>
   <trkpt lat="4.7594210" lon="-75.6124040">
    <ele>1675.5</ele>
   </trkpt>
   <trkpt lat="4.7594200" lon="-75.6123960">
    <ele>1675.6</ele>
   </trkpt>
   <trkpt lat="4.7594180" lon="-75.6123870">
    <ele>1675.6</ele>
   </trkpt>
   <trkpt lat="4.7594140" lon="-75.6123780">
    <ele>1675.7</ele>
   </trkpt>
   <trkpt lat="4.7594080" lon="-75.6123740">
    <ele>1675.7</ele>
   </trkpt>
   <trkpt lat="4.7594050" lon="-75.6123660">
    <ele>1675.8</ele>
   </trkpt>
   <trkpt lat="4.7594010" lon="-75.6123580">
    <ele>1675.8</ele>
   </trkpt>
   <trkpt lat="4.7593950" lon="-75.6123510">
    <ele>1675.9</ele>
   </trkpt>
   <trkpt lat="4.7593880" lon="-75.6123460">
    <ele>1675.9</ele>
   </trkpt>
   <trkpt lat="4.7593840" lon="-75.6123410">
    <ele>1676.0</ele>
   </trkpt>
   <trkpt lat="4.7593810" lon="-75.6123340">
    <ele>1676.0</ele>
   </trkpt>
   <trkpt lat="4.7593770" lon="-75.6123310">
    <ele>1676.0</ele>
   </trkpt>
   <trkpt lat="4.7593790" lon="-75.6123230">
    <ele>1676.1</ele>
   </trkpt>
   <trkpt lat="4.7593790" lon="-75.6123180">
    <ele>1676.1</ele>
   </trkpt>
   <trkpt lat="4.7593760" lon="-75.6123110">
    <ele>1676.2</ele>
   </trkpt>
   <trkpt lat="4.7593740" lon="-75.6123040">
    <ele>1676.2</ele>
   </trkpt>
   <trkpt lat="4.7593720" lon="-75.6122970">
    <ele>1676.2</ele>
   </trkpt>
   <trkpt lat="4.7593690" lon="-75.6122890">
    <ele>1676.3</ele>
   </trkpt>
   <trkpt lat="4.7593670" lon="-75.6122830">
    <ele>1676.3</ele>
   </trkpt>
   <trkpt lat="4.7593640" lon="-75.6122760">
    <ele>1676.4</ele>
   </trkpt>
   <trkpt lat="4.7593630" lon="-75.6122680">
    <ele>1676.4</ele>
   </trkpt>
   <trkpt lat="4.7593620" lon="-75.6122650">
    <ele>1676.4</ele>
   </trkpt>
   <trkpt lat="4.7593590" lon="-75.6122600">
    <ele>1676.5</ele>
   </trkpt>
   <trkpt lat="4.7593550" lon="-75.6122550">
    <ele>1676.5</ele>
   </trkpt>
   <trkpt lat="4.7593490" lon="-75.6122500">
    <ele>1676.6</ele>
   </trkpt>
   <trkpt lat="4.7593440" lon="-75.6122440">
    <ele>1676.6</ele>
   </trkpt>
   <trkpt lat="4.7593390" lon="-75.6122380">
    <ele>1676.6</ele>
   </trkpt>
   <trkpt lat="4.7593360" lon="-75.6122310">
    <ele>1676.7</ele>
   </trkpt>
   <trkpt lat="4.7593310" lon="-75.6122230">
    <ele>1676.7</ele>
   </trkpt>
   <trkpt lat="4.7593290" lon="-75.6122200">
    <ele>1676.8</ele>
   </trkpt>
   <trkpt lat="4.7593260" lon="-75.6122130">
    <ele>1676.8</ele>
   </trkpt>
   <trkpt lat="4.7593230" lon="-75.6122050">
    <ele>1676.9</ele>
   </trkpt>
   <trkpt lat="4.7593200" lon="-75.6121970">
    <ele>1676.9</ele>
   </trkpt>
   <trkpt lat="4.7593200" lon="-75.6121880">
    <ele>1677.0</ele>
   </trkpt>
   <trkpt lat="4.7593210" lon="-75.6121780">
    <ele>1677.0</ele>
   </trkpt>
   <trkpt lat="4.7593200" lon="-75.6121690">
    <ele>1677.1</ele>
   </trkpt>
   <trkpt lat="4.7593190" lon="-75.6121590">
    <ele>1677.1</ele>
   </trkpt>
   <trkpt lat="4.7593190" lon="-75.6121500">
    <ele>1677.2</ele>
   </trkpt>
   <trkpt lat="4.7593170" lon="-75.6121420">
    <ele>1677.2</ele>
   </trkpt>
   <trkpt lat="4.7593150" lon="-75.6121340">
    <ele>1677.3</ele>
   </trkpt>
   <trkpt lat="4.7593130" lon="-75.6121270">
    <ele>1677.3</ele>
   </trkpt>
   <trkpt lat="4.7593110" lon="-75.6121200">
    <ele>1677.3</ele>
   </trkpt>
   <trkpt lat="4.7593080" lon="-75.6121130">
    <ele>1677.4</ele>
   </trkpt>
   <trkpt lat="4.7593070" lon="-75.6121050">
    <ele>1677.4</ele>
   </trkpt>
   <trkpt lat="4.7593060" lon="-75.6120970">
    <ele>1677.5</ele>
   </trkpt>
   <trkpt lat="4.7593020" lon="-75.6120890">
    <ele>1677.5</ele>
   </trkpt>
   <trkpt lat="4.7592970" lon="-75.6120770">
    <ele>1677.6</ele>
   </trkpt>
   <trkpt lat="4.7592960" lon="-75.6120710">
    <ele>1677.6</ele>
   </trkpt>
   <trkpt lat="4.7592980" lon="-75.6120630">
    <ele>1677.7</ele>
   </trkpt>
   <trkpt lat="4.7593030" lon="-75.6120550">
    <ele>1677.7</ele>
   </trkpt>
   <trkpt lat="4.7593040" lon="-75.6120460">
    <ele>1677.8</ele>
   </trkpt>
   <trkpt lat="4.7592980" lon="-75.6120390">
    <ele>1677.8</ele>
   </trkpt>
   <trkpt lat="4.7592910" lon="-75.6120330">
    <ele>1677.9</ele>
   </trkpt>
   <trkpt lat="4.7592810" lon="-75.6120250">
    <ele>1677.9</ele>
   </trkpt>
   <trkpt lat="4.7592770" lon="-75.6120170">
    <ele>1678.0</ele>
   </trkpt>
   <trkpt lat="4.7592730" lon="-75.6120070">
    <ele>1678.0</ele>
   </trkpt>
   <trkpt lat="4.7592700" lon="-75.6119960">
    <ele>1678.1</ele>
   </trkpt>
   <trkpt lat="4.7592660" lon="-75.6119840">
    <ele>1678.2</ele>
   </trkpt>
   <trkpt lat="4.7592630" lon="-75.6119740">
    <ele>1678.2</ele>
   </trkpt>
   <trkpt lat="4.7592600" lon="-75.6119630">
    <ele>1678.3</ele>
   </trkpt>
   <trkpt lat="4.7592550" lon="-75.6119530">
    <ele>1678.3</ele>
   </trkpt>
   <trkpt lat="4.7592440" lon="-75.6119440">
    <ele>1678.4</ele>
   </trkpt>
   <trkpt lat="4.7592410" lon="-75.6119410">
    <ele>1678.4</ele>
   </trkpt>
   <trkpt lat="4.7592330" lon="-75.6119360">
    <ele>1678.5</ele>
   </trkpt>
   <trkpt lat="4.7592260" lon="-75.6119310">
    <ele>1678.5</ele>
   </trkpt>
   <trkpt lat="4.7592210" lon="-75.6119220">
    <ele>1678.6</ele>
   </trkpt>
   <trkpt lat="4.7592130" lon="-75.6119160">
    <ele>1678.6</ele>
   </trkpt>
   <trkpt lat="4.7592050" lon="-75.6119110">
    <ele>1678.7</ele>
   </trkpt>
   <trkpt lat="4.7591960" lon="-75.6119060">
    <ele>1678.7</ele>
   </trkpt>
   <trkpt lat="4.7591880" lon="-75.6118990">
    <ele>1678.8</ele>
   </trkpt>
   <trkpt lat="4.7591800" lon="-75.6118910">
    <ele>1678.8</ele>
   </trkpt>
   <trkpt lat="4.7591750" lon="-75.6118840">
    <ele>1678.9</ele>
   </trkpt>
   <trkpt lat="4.7591700" lon="-75.6118750">
    <ele>1678.9</ele>
   </trkpt>
   <trkpt lat="4.7591710" lon="-75.6118660">
    <ele>1679.0</ele>
   </trkpt>
   <trkpt lat="4.7591760" lon="-75.6118590">
    <ele>1679.0</ele>
   </trkpt>
   <trkpt lat="4.7591810" lon="-75.6118520">
    <ele>1679.1</ele>
   </trkpt>
   <trkpt lat="4.7591850" lon="-75.6118450">
    <ele>1679.1</ele>
   </trkpt>
   <trkpt lat="4.7591870" lon="-75.6118360">
    <ele>1679.2</ele>
   </trkpt>
   <trkpt lat="4.7591890" lon="-75.6118290">
    <ele>1679.2</ele>
   </trkpt>
   <trkpt lat="4.7591890" lon="-75.6118260">
    <ele>1679.2</ele>
   </trkpt>
   <trkpt lat="4.7591890" lon="-75.6118240">
    <ele>1679.2</ele>
   </trkpt>
   <trkpt lat="4.7591910" lon="-75.6118250">
    <ele>1679.2</ele>
   </trkpt>
   <trkpt lat="4.7591920" lon="-75.6118250">
    <ele>1679.2</ele>
   </trkpt>
   <trkpt lat="4.7591930" lon="-75.6118260">
    <ele>1679.3</ele>
   </trkpt>
   <trkpt lat="4.7591930" lon="-75.6118270">
    <ele>1679.3</ele>
   </trkpt>
   <trkpt lat="4.7591930" lon="-75.6118270">
    <ele>1679.3</ele>
   </trkpt>
   <trkpt lat="4.7591910" lon="-75.6118280">
    <ele>1679.3</ele>
   </trkpt>
   <trkpt lat="4.7591910" lon="-75.6118280">
    <ele>1679.3</ele>
   </trkpt>
   <trkpt lat="4.7591910" lon="-75.6118280">
    <ele>1679.3</ele>
   </trkpt>
   <trkpt lat="4.7591900" lon="-75.6118270">
    <ele>1679.3</ele>
   </trkpt>
   <trkpt lat="4.7591900" lon="-75.6118260">
    <ele>1679.3</ele>
   </trkpt>
   <trkpt lat="4.7591890" lon="-75.6118220">
    <ele>1679.3</ele>
   </trkpt>
   <trkpt lat="4.7591850" lon="-75.6118130">
    <ele>1679.4</ele>
   </trkpt>
   <trkpt lat="4.7591790" lon="-75.6118030">
    <ele>1679.4</ele>
   </trkpt>
   <trkpt lat="4.7591720" lon="-75.6117960">
    <ele>1679.5</ele>
   </trkpt>
   <trkpt lat="4.7591610" lon="-75.6118000">
    <ele>1679.6</ele>
   </trkpt>
   <trkpt lat="4.7591500" lon="-75.6118020">
    <ele>1679.6</ele>
   </trkpt>
   <trkpt lat="4.7591410" lon="-75.6118030">
    <ele>1679.7</ele>
   </trkpt>
   <trkpt lat="4.7591320" lon="-75.6118010">
    <ele>1679.7</ele>
   </trkpt>
   <trkpt lat="4.7591150" lon="-75.6117980">
    <ele>1679.8</ele>
   </trkpt>
   <trkpt lat="4.7591120" lon="-75.6117930">
    <ele>1679.8</ele>
   </trkpt>
   <trkpt lat="4.7591050" lon="-75.6117870">
    <ele>1679.9</ele>
   </trkpt>
   <trkpt lat="4.7590950" lon="-75.6117840">
    <ele>1679.9</ele>
   </trkpt>
   <trkpt lat="4.7590850" lon="-75.6117810">
    <ele>1680.0</ele>
   </trkpt>
   <trkpt lat="4.7590770" lon="-75.6117800">
    <ele>1680.0</ele>
   </trkpt>
   <trkpt lat="4.7590700" lon="-75.6117780">
    <ele>1680.1</ele>
   </trkpt>
   <trkpt lat="4.7590620" lon="-75.6117750">
    <ele>1680.1</ele>
   </trkpt>
   <trkpt lat="4.7590600" lon="-75.6117750">
    <ele>1680.1</ele>
   </trkpt>
   <trkpt lat="4.7590510" lon="-75.6117730">
    <ele>1680.2</ele>
   </trkpt>
   <trkpt lat="4.7590440" lon="-75.6117710">
    <ele>1680.2</ele>
   </trkpt>
   <trkpt lat="4.7590350" lon="-75.6117700">
    <ele>1680.2</ele>
   </trkpt>
   <trkpt lat="4.7590280" lon="-75.6117680">
    <ele>1680.3</ele>
   </trkpt>
   <trkpt lat="4.7590210" lon="-75.6117660">
    <ele>1680.3</ele>
   </trkpt>
   <trkpt lat="4.7590140" lon="-75.6117640">
    <ele>1680.4</ele>
   </trkpt>
   <trkpt lat="4.7590050" lon="-75.6117610">
    <ele>1680.4</ele>
   </trkpt>
   <trkpt lat="4.7589970" lon="-75.6117570">
    <ele>1680.5</ele>
   </trkpt>
   <trkpt lat="4.7589890" lon="-75.6117530">
    <ele>1680.5</ele>
   </trkpt>
   <trkpt lat="4.7589840" lon="-75.6117490">
    <ele>1680.5</ele>
   </trkpt>
   <trkpt lat="4.7589770" lon="-75.6117450">
    <ele>1680.6</ele>
   </trkpt>
   <trkpt lat="4.7589710" lon="-75.6117420">
    <ele>1680.6</ele>
   </trkpt>
   <trkpt lat="4.7589640" lon="-75.6117400">
    <ele>1680.7</ele>
   </trkpt>
   <trkpt lat="4.7589580" lon="-75.6117370">
    <ele>1680.7</ele>
   </trkpt>
   <trkpt lat="4.7589530" lon="-75.6117340">
    <ele>1680.7</ele>
   </trkpt>
   <trkpt lat="4.7589480" lon="-75.6117310">
    <ele>1680.8</ele>
   </trkpt>
   <trkpt lat="4.7589400" lon="-75.6117260">
    <ele>1680.8</ele>
   </trkpt>
   <trkpt lat="4.7589340" lon="-75.6117240">
    <ele>1680.9</ele>
   </trkpt>
   <trkpt lat="4.7589260" lon="-75.6117220">
    <ele>1680.9</ele>
   </trkpt>
   <trkpt lat="4.7589170" lon="-75.6117210">
    <ele>1681.0</ele>
   </trkpt>
   <trkpt lat="4.7589080" lon="-75.6117210">
    <ele>1681.0</ele>
   </trkpt>
   <trkpt lat="4.7589000" lon="-75.6117230">
    <ele>1681.1</ele>
   </trkpt>
   <trkpt lat="4.7588900" lon="-75.6117240">
    <ele>1681.1</ele>
   </trkpt>
   <trkpt lat="4.7588800" lon="-75.6117260">
    <ele>1681.2</ele>
   </trkpt>
   <trkpt lat="4.7588670" lon="-75.6117260">
    <ele>1681.2</ele>
   </trkpt>
   <trkpt lat="4.7588600" lon="-75.6117270">
    <ele>1681.3</ele>
   </trkpt>
   <trkpt lat="4.7588520" lon="-75.6117290">
    <ele>1681.3</ele>
   </trkpt>
   <trkpt lat="4.7588430" lon="-75.6117310">
    <ele>1681.4</ele>
   </trkpt>
   <trkpt lat="4.7588340" lon="-75.6117320">
    <ele>1681.4</ele>
   </trkpt>
   <trkpt lat="4.7588270" lon="-75.6117340">
    <ele>1681.5</ele>
   </trkpt>
   <trkpt lat="4.7588190" lon="-75.6117380">
    <ele>1681.5</ele>
   </trkpt>
   <trkpt lat="4.7588110" lon="-75.6117420">
    <ele>1681.5</ele>
   </trkpt>
   <trkpt lat="4.7588040" lon="-75.6117430">
    <ele>1681.6</ele>
   </trkpt>
   <trkpt lat="4.7587950" lon="-75.6117410">
    <ele>1681.6</ele>
   </trkpt>
   <trkpt lat="4.7587870" lon="-75.6117410">
    <ele>1681.7</ele>
   </trkpt>
   <trkpt lat="4.7587790" lon="-75.6117400">
    <ele>1681.7</ele>
   </trkpt>
   <trkpt lat="4.7587710" lon="-75.6117390">
    <ele>1681.7</ele>
   </trkpt>
   <trkpt lat="4.7587630" lon="-75.6117400">
    <ele>1681.8</ele>
   </trkpt>
   <trkpt lat="4.7587540" lon="-75.6117410">
    <ele>1681.8</ele>
   </trkpt>
   <trkpt lat="4.7587460" lon="-75.6117400">
    <ele>1681.9</ele>
   </trkpt>
   <trkpt lat="4.7587380" lon="-75.6117390">
    <ele>1681.9</ele>
   </trkpt>
   <trkpt lat="4.7587240" lon="-75.6117370">
    <ele>1682.0</ele>
   </trkpt>
   <trkpt lat="4.7587160" lon="-75.6117340">
    <ele>1682.0</ele>
   </trkpt>
   <trkpt lat="4.7587080" lon="-75.6117320">
    <ele>1682.1</ele>
   </trkpt>
   <trkpt lat="4.7587000" lon="-75.6117300">
    <ele>1682.1</ele>
   </trkpt>
   <trkpt lat="4.7586920" lon="-75.6117290">
    <ele>1682.1</ele>
   </trkpt>
   <trkpt lat="4.7586850" lon="-75.6117290">
    <ele>1682.2</ele>
   </trkpt>
   <trkpt lat="4.7586770" lon="-75.6117290">
    <ele>1682.2</ele>
   </trkpt>
   <trkpt lat="4.7586700" lon="-75.6117280">
    <ele>1682.2</ele>
   </trkpt>
   <trkpt lat="4.7586570" lon="-75.6117230">
    <ele>1682.3</ele>
   </trkpt>
   <trkpt lat="4.7586520" lon="-75.6117230">
    <ele>1682.3</ele>
   </trkpt>
   <trkpt lat="4.7586450" lon="-75.6117230">
    <ele>1682.4</ele>
   </trkpt>
   <trkpt lat="4.7586390" lon="-75.6117250">
    <ele>1682.4</ele>
   </trkpt>
   <trkpt lat="4.7586330" lon="-75.6117270">
    <ele>1682.4</ele>
   </trkpt>
   <trkpt lat="4.7586260" lon="-75.6117280">
    <ele>1682.5</ele>
   </trkpt>
   <trkpt lat="4.7586190" lon="-75.6117280">
    <ele>1682.5</ele>
   </trkpt>
   <trkpt lat="4.7586110" lon="-75.6117280">
    <ele>1682.5</ele>
   </trkpt>
   <trkpt lat="4.7586040" lon="-75.6117270">
    <ele>1682.6</ele>
   </trkpt>
   <trkpt lat="4.7585960" lon="-75.6117270">
    <ele>1682.6</ele>
   </trkpt>
   <trkpt lat="4.7585870" lon="-75.6117290">
    <ele>1682.7</ele>
   </trkpt>
   <trkpt lat="4.7585780" lon="-75.6117300">
    <ele>1682.7</ele>
   </trkpt>
   <trkpt lat="4.7585690" lon="-75.6117320">
    <ele>1682.8</ele>
   </trkpt>
   <trkpt lat="4.7585610" lon="-75.6117310">
    <ele>1682.8</ele>
   </trkpt>
   <trkpt lat="4.7585530" lon="-75.6117310">
    <ele>1682.8</ele>
   </trkpt>
   <trkpt lat="4.7585450" lon="-75.6117300">
    <ele>1682.8</ele>
   </trkpt>
   <trkpt lat="4.7585320" lon="-75.6117220">
    <ele>1682.8</ele>
   </trkpt>
   <trkpt lat="4.7585260" lon="-75.6117200">
    <ele>1682.8</ele>
   </trkpt>
   <trkpt lat="4.7585180" lon="-75.6117150">
    <ele>1682.9</ele>
   </trkpt>
   <trkpt lat="4.7585110" lon="-75.6117090">
    <ele>1682.9</ele>
   </trkpt>
   <trkpt lat="4.7585030" lon="-75.6117020">
    <ele>1682.9</ele>
   </trkpt>
   <trkpt lat="4.7584960" lon="-75.6116940">
    <ele>1682.9</ele>
   </trkpt>
   <trkpt lat="4.7584900" lon="-75.6116860">
    <ele>1682.9</ele>
   </trkpt>
   <trkpt lat="4.7584860" lon="-75.6116760">
    <ele>1682.9</ele>
   </trkpt>
   <trkpt lat="4.7584780" lon="-75.6116650">
    <ele>1682.9</ele>
   </trkpt>
   <trkpt lat="4.7584750" lon="-75.6116590">
    <ele>1682.9</ele>
   </trkpt>
   <trkpt lat="4.7584700" lon="-75.6116530">
    <ele>1683.0</ele>
   </trkpt>
   <trkpt lat="4.7584640" lon="-75.6116500">
    <ele>1683.0</ele>
   </trkpt>
   <trkpt lat="4.7584600" lon="-75.6116430">
    <ele>1683.0</ele>
   </trkpt>
   <trkpt lat="4.7584550" lon="-75.6116360">
    <ele>1683.0</ele>
   </trkpt>
   <trkpt lat="4.7584500" lon="-75.6116290">
    <ele>1683.0</ele>
   </trkpt>
   <trkpt lat="4.7584460" lon="-75.6116210">
    <ele>1683.0</ele>
   </trkpt>
   <trkpt lat="4.7584410" lon="-75.6116140">
    <ele>1683.0</ele>
   </trkpt>
   <trkpt lat="4.7584330" lon="-75.6116090">
    <ele>1683.0</ele>
   </trkpt>
   <trkpt lat="4.7584280" lon="-75.6116030">
    <ele>1683.0</ele>
   </trkpt>
   <trkpt lat="4.7584220" lon="-75.6115980">
    <ele>1683.1</ele>
   </trkpt>
   <trkpt lat="4.7584150" lon="-75.6115920">
    <ele>1683.1</ele>
   </trkpt>
   <trkpt lat="4.7584090" lon="-75.6115860">
    <ele>1683.1</ele>
   </trkpt>
   <trkpt lat="4.7584010" lon="-75.6115820">
    <ele>1683.1</ele>
   </trkpt>
   <trkpt lat="4.7583930" lon="-75.6115770">
    <ele>1683.1</ele>
   </trkpt>
   <trkpt lat="4.7583840" lon="-75.6115740">
    <ele>1683.1</ele>
   </trkpt>
   <trkpt lat="4.7583710" lon="-75.6115700">
    <ele>1683.1</ele>
   </trkpt>
   <trkpt lat="4.7583640" lon="-75.6115650">
    <ele>1683.1</ele>
   </trkpt>
   <trkpt lat="4.7583580" lon="-75.6115600">
    <ele>1683.1</ele>
   </trkpt>
   <trkpt lat="4.7583530" lon="-75.6115570">
    <ele>1683.2</ele>
   </trkpt>
   <trkpt lat="4.7583460" lon="-75.6115520">
    <ele>1683.2</ele>
   </trkpt>
   <trkpt lat="4.7583410" lon="-75.6115460">
    <ele>1683.2</ele>
   </trkpt>
   <trkpt lat="4.7583350" lon="-75.6115370">
    <ele>1683.2</ele>
   </trkpt>
   <trkpt lat="4.7583300" lon="-75.6115280">
    <ele>1683.2</ele>
   </trkpt>
   <trkpt lat="4.7583250" lon="-75.6115180">
    <ele>1683.2</ele>
   </trkpt>
   <trkpt lat="4.7583280" lon="-75.6115090">
    <ele>1683.2</ele>
   </trkpt>
   <trkpt lat="4.7583320" lon="-75.6115010">
    <ele>1683.2</ele>
   </trkpt>
   <trkpt lat="4.7583360" lon="-75.6114900">
    <ele>1683.3</ele>
   </trkpt>
   <trkpt lat="4.7583370" lon="-75.6114810">
    <ele>1683.3</ele>
   </trkpt>
   <trkpt lat="4.7583350" lon="-75.6114770">
    <ele>1683.3</ele>
   </trkpt>
   <trkpt lat="4.7583320" lon="-75.6114730">
    <ele>1683.3</ele>
   </trkpt>
   <trkpt lat="4.7583300" lon="-75.6114670">
    <ele>1683.3</ele>
   </trkpt>
   <trkpt lat="4.7583300" lon="-75.6114590">
    <ele>1683.3</ele>
   </trkpt>
   <trkpt lat="4.7583250" lon="-75.6114510">
    <ele>1683.3</ele>
   </trkpt>
   <trkpt lat="4.7583080" lon="-75.6114470">
    <ele>1683.3</ele>
   </trkpt>
   <trkpt lat="4.7583000" lon="-75.6114440">
    <ele>1683.3</ele>
   </trkpt>
   <trkpt lat="4.7582870" lon="-75.6114400">
    <ele>1683.4</ele>
   </trkpt>
   <trkpt lat="4.7582750" lon="-75.6114360">
    <ele>1683.4</ele>
   </trkpt>
   <trkpt lat="4.7582620" lon="-75.6114330">
    <ele>1683.4</ele>
   </trkpt>
   <trkpt lat="4.7582490" lon="-75.6114330">
    <ele>1683.4</ele>
   </trkpt>
   <trkpt lat="4.7582370" lon="-75.6114340">
    <ele>1683.4</ele>
   </trkpt>
   <trkpt lat="4.7582260" lon="-75.6114360">
    <ele>1683.4</ele>
   </trkpt>
   <trkpt lat="4.7582140" lon="-75.6114410">
    <ele>1683.5</ele>
   </trkpt>
   <trkpt lat="4.7582080" lon="-75.6114420">
    <ele>1683.5</ele>
   </trkpt>
   <trkpt lat="4.7581980" lon="-75.6114440">
    <ele>1683.5</ele>
   </trkpt>
   <trkpt lat="4.7581890" lon="-75.6114450">
    <ele>1683.5</ele>
   </trkpt>
   <trkpt lat="4.7581810" lon="-75.6114430">
    <ele>1683.5</ele>
   </trkpt>
   <trkpt lat="4.7581740" lon="-75.6114440">
    <ele>1683.5</ele>
   </trkpt>
   <trkpt lat="4.7581670" lon="-75.6114460">
    <ele>1683.5</ele>
   </trkpt>
   <trkpt lat="4.7581590" lon="-75.6114460">
    <ele>1683.5</ele>
   </trkpt>
   <trkpt lat="4.7581490" lon="-75.6114420">
    <ele>1683.5</ele>
   </trkpt>
   <trkpt lat="4.7581440" lon="-75.6114400">
    <ele>1683.5</ele>
   </trkpt>
   <trkpt lat="4.7581360" lon="-75.6114410">
    <ele>1683.6</ele>
   </trkpt>
   <trkpt lat="4.7581280" lon="-75.6114360">
    <ele>1683.6</ele>
   </trkpt>
   <trkpt lat="4.7581190" lon="-75.6114320">
    <ele>1683.6</ele>
   </trkpt>
   <trkpt lat="4.7581110" lon="-75.6114270">
    <ele>1683.6</ele>
   </trkpt>
   <trkpt lat="4.7581030" lon="-75.6114210">
    <ele>1683.6</ele>
   </trkpt>
   <trkpt lat="4.7580960" lon="-75.6114170">
    <ele>1683.6</ele>
   </trkpt>
   <trkpt lat="4.7580890" lon="-75.6114180">
    <ele>1683.6</ele>
   </trkpt>
   <trkpt lat="4.7580810" lon="-75.6114240">
    <ele>1683.6</ele>
   </trkpt>
   <trkpt lat="4.7580750" lon="-75.6114270">
    <ele>1683.6</ele>
   </trkpt>
   <trkpt lat="4.7580690" lon="-75.6114280">
    <ele>1683.6</ele>
   </trkpt>
   <trkpt lat="4.7580620" lon="-75.6114280">
    <ele>1683.7</ele>
   </trkpt>
   <trkpt lat="4.7580560" lon="-75.6114290">
    <ele>1683.7</ele>
   </trkpt>
   <trkpt lat="4.7580490" lon="-75.6114310">
    <ele>1683.7</ele>
   </trkpt>
   <trkpt lat="4.7580450" lon="-75.6114280">
    <ele>1683.7</ele>
   </trkpt>
   <trkpt lat="4.7580410" lon="-75.6114250">
    <ele>1683.7</ele>
   </trkpt>
   <trkpt lat="4.7580390" lon="-75.6114250">
    <ele>1683.7</ele>
   </trkpt>
   <trkpt lat="4.7580330" lon="-75.6114300">
    <ele>1683.7</ele>
   </trkpt>
   <trkpt lat="4.7580260" lon="-75.6114300">
    <ele>1683.7</ele>
   </trkpt>
   <trkpt lat="4.7580200" lon="-75.6114240">
    <ele>1683.7</ele>
   </trkpt>
   <trkpt lat="4.7580150" lon="-75.6114190">
    <ele>1683.7</ele>
   </trkpt>
   <trkpt lat="4.7580080" lon="-75.6114120">
    <ele>1683.7</ele>
   </trkpt>
   <trkpt lat="4.7580020" lon="-75.6114070">
    <ele>1683.7</ele>
   </trkpt>
   <trkpt lat="4.7579960" lon="-75.6114030">
    <ele>1683.8</ele>
   </trkpt>
   <trkpt lat="4.7579890" lon="-75.6114030">
    <ele>1683.8</ele>
   </trkpt>
   <trkpt lat="4.7579820" lon="-75.6114070">
    <ele>1683.8</ele>
   </trkpt>
   <trkpt lat="4.7579790" lon="-75.6114140">
    <ele>1683.8</ele>
   </trkpt>
   <trkpt lat="4.7579750" lon="-75.6114240">
    <ele>1683.8</ele>
   </trkpt>
   <trkpt lat="4.7579730" lon="-75.6114380">
    <ele>1683.8</ele>
   </trkpt>
   <trkpt lat="4.7579760" lon="-75.6114520">
    <ele>1683.8</ele>
   </trkpt>
   <trkpt lat="4.7579850" lon="-75.6114590">
    <ele>1683.8</ele>
   </trkpt>
   <trkpt lat="4.7579950" lon="-75.6114530">
    <ele>1683.9</ele>
   </trkpt>
   <trkpt lat="4.7580020" lon="-75.6114390">
    <ele>1683.9</ele>
   </trkpt>
   <trkpt lat="4.7580040" lon="-75.6114370">
    <ele>1683.9</ele>
   </trkpt>
   <trkpt lat="4.7580120" lon="-75.6114360">
    <ele>1683.9</ele>
   </trkpt>
   <trkpt lat="4.7580120" lon="-75.6114510">
    <ele>1683.9</ele>
   </trkpt>
   <trkpt lat="4.7580070" lon="-75.6114690">
    <ele>1683.9</ele>
   </trkpt>
   <trkpt lat="4.7580050" lon="-75.6114770">
    <ele>1683.9</ele>
   </trkpt>
   <trkpt lat="4.7580030" lon="-75.6114800">
    <ele>1683.9</ele>
   </trkpt>
   <trkpt lat="4.7580010" lon="-75.6114800">
    <ele>1683.9</ele>
   </trkpt>
   <trkpt lat="4.7580000" lon="-75.6114770">
    <ele>1684.0</ele>
   </trkpt>
   <trkpt lat="4.7579990" lon="-75.6114760">
    <ele>1684.0</ele>
   </trkpt>
   <trkpt lat="4.7579980" lon="-75.6114770">
    <ele>1684.0</ele>
   </trkpt>
   <trkpt lat="4.7579970" lon="-75.6114780">
    <ele>1684.0</ele>
   </trkpt>
   <trkpt lat="4.7579960" lon="-75.6114790">
    <ele>1684.0</ele>
   </trkpt>
   <trkpt lat="4.7579950" lon="-75.6114790">
    <ele>1684.0</ele>
   </trkpt>
   <trkpt lat="4.7579940" lon="-75.6114790">
    <ele>1684.0</ele>
   </trkpt>
   <trkpt lat="4.7579920" lon="-75.6114810">
    <ele>1684.0</ele>
   </trkpt>
   <trkpt lat="4.7579880" lon="-75.6114860">
    <ele>1684.0</ele>
   </trkpt>
   <trkpt lat="4.7579850" lon="-75.6114870">
    <ele>1684.0</ele>
   </trkpt>
   <trkpt lat="4.7579760" lon="-75.6114980">
    <ele>1684.0</ele>
   </trkpt>
   <trkpt lat="4.7579700" lon="-75.6115050">
    <ele>1684.0</ele>
   </trkpt>
   <trkpt lat="4.7579650" lon="-75.6115130">
    <ele>1684.0</ele>
   </trkpt>
   <trkpt lat="4.7579630" lon="-75.6115190">
    <ele>1684.0</ele>
   </trkpt>
   <trkpt lat="4.7579660" lon="-75.6115200">
    <ele>1684.0</ele>
   </trkpt>
   <trkpt lat="4.7579690" lon="-75.6115180">
    <ele>1684.0</ele>
   </trkpt>
   <trkpt lat="4.7579730" lon="-75.6115140">
    <ele>1684.0</ele>
   </trkpt>
   <trkpt lat="4.7579760" lon="-75.6114920">
    <ele>1684.1</ele>
   </trkpt>
   <trkpt lat="4.7579770" lon="-75.6114890">
    <ele>1684.1</ele>
   </trkpt>
   <trkpt lat="4.7579800" lon="-75.6114830">
    <ele>1684.1</ele>
   </trkpt>
   <trkpt lat="4.7579810" lon="-75.6114770">
    <ele>1684.1</ele>
   </trkpt>
   <trkpt lat="4.7579830" lon="-75.6114690">
    <ele>1684.1</ele>
   </trkpt>
   <trkpt lat="4.7579850" lon="-75.6114600">
    <ele>1684.1</ele>
   </trkpt>
   <trkpt lat="4.7579910" lon="-75.6114500">
    <ele>1684.1</ele>
   </trkpt>
   <trkpt lat="4.7579980" lon="-75.6114430">
    <ele>1684.1</ele>
   </trkpt>
   <trkpt lat="4.7579980" lon="-75.6114380">
    <ele>1684.1</ele>
   </trkpt>
   <trkpt lat="4.7579980" lon="-75.6114380">
    <ele>1684.1</ele>
   </trkpt>
   <trkpt lat="4.7579990" lon="-75.6114380">
    <ele>1684.1</ele>
   </trkpt>
   <trkpt lat="4.7580010" lon="-75.6114370">
    <ele>1684.1</ele>
   </trkpt>
   <trkpt lat="4.7580020" lon="-75.6114340">
    <ele>1684.1</ele>
   </trkpt>
   <trkpt lat="4.7580010" lon="-75.6114330">
    <ele>1684.1</ele>
   </trkpt>
   <trkpt lat="4.7580010" lon="-75.6114300">
    <ele>1684.2</ele>
   </trkpt>
   <trkpt lat="4.7580010" lon="-75.6114290">
    <ele>1684.2</ele>
   </trkpt>
   <trkpt lat="4.7580020" lon="-75.6114250">
    <ele>1684.2</ele>
   </trkpt>
   <trkpt lat="4.7580020" lon="-75.6114230">
    <ele>1684.2</ele>
   </trkpt>
   <trkpt lat="4.7580020" lon="-75.6114210">
    <ele>1684.2</ele>
   </trkpt>
   <trkpt lat="4.7580030" lon="-75.6114200">
    <ele>1684.2</ele>
   </trkpt>
   <trkpt lat="4.7580030" lon="-75.6114190">
    <ele>1684.2</ele>
   </trkpt>
   <trkpt lat="4.7580040" lon="-75.6114170">
    <ele>1684.2</ele>
   </trkpt>
   <trkpt lat="4.7580050" lon="-75.6114160">
    <ele>1684.2</ele>
   </trkpt>
   <trkpt lat="4.7580050" lon="-75.6114150">
    <ele>1684.2</ele>
   </trkpt>
   <trkpt lat="4.7580040" lon="-75.6114120">
    <ele>1684.2</ele>
   </trkpt>
   <trkpt lat="4.7580040" lon="-75.6114100">
    <ele>1684.2</ele>
   </trkpt>
   <trkpt lat="4.7580040" lon="-75.6114110">
    <ele>1684.2</ele>
   </trkpt>
   <trkpt lat="4.7580040" lon="-75.6114100">
    <ele>1684.2</ele>
   </trkpt>
   <trkpt lat="4.7580040" lon="-75.6114100">
    <ele>1684.2</ele>
   </trkpt>
   <trkpt lat="4.7580040" lon="-75.6114100">
    <ele>1684.2</ele>
   </trkpt>
   <trkpt lat="4.7580100" lon="-75.6114080">
    <ele>1684.2</ele>
   </trkpt>
   <trkpt lat="4.7580170" lon="-75.6114060">
    <ele>1684.2</ele>
   </trkpt>
   <trkpt lat="4.7580240" lon="-75.6114070">
    <ele>1684.2</ele>
   </trkpt>
   <trkpt lat="4.7580230" lon="-75.6114080">
    <ele>1684.2</ele>
   </trkpt>
   <trkpt lat="4.7580210" lon="-75.6114060">
    <ele>1684.2</ele>
   </trkpt>
   <trkpt lat="4.7580210" lon="-75.6114060">
    <ele>1684.2</ele>
   </trkpt>
   <trkpt lat="4.7580210" lon="-75.6114060">
    <ele>1684.2</ele>
   </trkpt>
   <trkpt lat="4.7580210" lon="-75.6114060">
    <ele>1684.2</ele>
   </trkpt>
   <trkpt lat="4.7580230" lon="-75.6114070">
    <ele>1684.2</ele>
   </trkpt>
   <trkpt lat="4.7580240" lon="-75.6114060">
    <ele>1684.2</ele>
   </trkpt>
   <trkpt lat="4.7580240" lon="-75.6114060">
    <ele>1684.2</ele>
   </trkpt>
   <trkpt lat="4.7580240" lon="-75.6114060">
    <ele>1684.2</ele>
   </trkpt>
   <trkpt lat="4.7580240" lon="-75.6114060">
    <ele>1684.2</ele>
   </trkpt>
   <trkpt lat="4.7580240" lon="-75.6114060">
    <ele>1684.2</ele>
   </trkpt>
   <trkpt lat="4.7580240" lon="-75.6114060">
    <ele>1684.2</ele>
   </trkpt>
   <trkpt lat="4.7580250" lon="-75.6114060">
    <ele>1684.2</ele>
   </trkpt>
   <trkpt lat="4.7580260" lon="-75.6114080">
    <ele>1684.2</ele>
   </trkpt>
   <trkpt lat="4.7580260" lon="-75.6114080">
    <ele>1684.2</ele>
   </trkpt>
   <trkpt lat="4.7580260" lon="-75.6114090">
    <ele>1684.2</ele>
   </trkpt>
   <trkpt lat="4.7580240" lon="-75.6114080">
    <ele>1684.2</ele>
   </trkpt>
   <trkpt lat="4.7580240" lon="-75.6114080">
    <ele>1684.2</ele>
   </trkpt>
   <trkpt lat="4.7580230" lon="-75.6114080">
    <ele>1684.2</ele>
   </trkpt>
   <trkpt lat="4.7580220" lon="-75.6114080">
    <ele>1684.2</ele>
   </trkpt>
   <trkpt lat="4.7580210" lon="-75.6114080">
    <ele>1684.2</ele>
   </trkpt>
   <trkpt lat="4.7580200" lon="-75.6114080">
    <ele>1684.2</ele>
   </trkpt>
   <trkpt lat="4.7580190" lon="-75.6114080">
    <ele>1684.2</ele>
   </trkpt>
   <trkpt lat="4.7580190" lon="-75.6114080">
    <ele>1684.2</ele>
   </trkpt>
   <trkpt lat="4.7580170" lon="-75.6114080">
    <ele>1684.2</ele>
   </trkpt>
   <trkpt lat="4.7580160" lon="-75.6114080">
    <ele>1684.2</ele>
   </trkpt>
   <trkpt lat="4.7580160" lon="-75.6114080">
    <ele>1684.2</ele>
   </trkpt>
   <trkpt lat="4.7580160" lon="-75.6114080">
    <ele>1684.2</ele>
   </trkpt>
   <trkpt lat="4.7580160" lon="-75.6114070">
    <ele>1684.2</ele>
   </trkpt>
   <trkpt lat="4.7580160" lon="-75.6114070">
    <ele>1684.2</ele>
   </trkpt>
   <trkpt lat="4.7580170" lon="-75.6114020">
    <ele>1684.2</ele>
   </trkpt>
   <trkpt lat="4.7580170" lon="-75.6114040">
    <ele>1684.2</ele>
   </trkpt>
   <trkpt lat="4.7580150" lon="-75.6114020">
    <ele>1684.2</ele>
   </trkpt>
   <trkpt lat="4.7580150" lon="-75.6114020">
    <ele>1684.2</ele>
   </trkpt>
   <trkpt lat="4.7580130" lon="-75.6114000">
    <ele>1684.3</ele>
   </trkpt>
   <trkpt lat="4.7580110" lon="-75.6114000">
    <ele>1684.3</ele>
   </trkpt>
   <trkpt lat="4.7580080" lon="-75.6114020">
    <ele>1684.3</ele>
   </trkpt>
   <trkpt lat="4.7580090" lon="-75.6114040">
    <ele>1684.3</ele>
   </trkpt>
   <trkpt lat="4.7580090" lon="-75.6114050">
    <ele>1684.3</ele>
   </trkpt>
   <trkpt lat="4.7580090" lon="-75.6114070">
    <ele>1684.3</ele>
   </trkpt>
   <trkpt lat="4.7580100" lon="-75.6114070">
    <ele>1684.3</ele>
   </trkpt>
   <trkpt lat="4.7580090" lon="-75.6114070">
    <ele>1684.3</ele>
   </trkpt>
   <trkpt lat="4.7580080" lon="-75.6114070">
    <ele>1684.3</ele>
   </trkpt>
   <trkpt lat="4.7580080" lon="-75.6114070">
    <ele>1684.3</ele>
   </trkpt>
   <trkpt lat="4.7580080" lon="-75.6114080">
    <ele>1684.3</ele>
   </trkpt>
   <trkpt lat="4.7580080" lon="-75.6114080">
    <ele>1684.3</ele>
   </trkpt>
   <trkpt lat="4.7580080" lon="-75.6114080">
    <ele>1684.3</ele>
   </trkpt>
   <trkpt lat="4.7580080" lon="-75.6114080">
    <ele>1684.3</ele>
   </trkpt>
   <trkpt lat="4.7580080" lon="-75.6114080">
    <ele>1684.3</ele>
   </trkpt>
   <trkpt lat="4.7580060" lon="-75.6114060">
    <ele>1684.3</ele>
   </trkpt>
   <trkpt lat="4.7580060" lon="-75.6114060">
    <ele>1684.3</ele>
   </trkpt>
   <trkpt lat="4.7580060" lon="-75.6114070">
    <ele>1684.3</ele>
   </trkpt>
   <trkpt lat="4.7580060" lon="-75.6114070">
    <ele>1684.3</ele>
   </trkpt>
   <trkpt lat="4.7580060" lon="-75.6114070">
    <ele>1684.3</ele>
   </trkpt>
   <trkpt lat="4.7580060" lon="-75.6114070">
    <ele>1684.3</ele>
   </trkpt>
   <trkpt lat="4.7580060" lon="-75.6114070">
    <ele>1684.3</ele>
   </trkpt>
   <trkpt lat="4.7580060" lon="-75.6114070">
    <ele>1684.3</ele>
   </trkpt>
   <trkpt lat="4.7580050" lon="-75.6114070">
    <ele>1684.3</ele>
   </trkpt>
   <trkpt lat="4.7580050" lon="-75.6114070">
    <ele>1684.3</ele>
   </trkpt>
   <trkpt lat="4.7580050" lon="-75.6114070">
    <ele>1684.3</ele>
   </trkpt>
   <trkpt lat="4.7580050" lon="-75.6114070">
    <ele>1684.3</ele>
   </trkpt>
   <trkpt lat="4.7580050" lon="-75.6114070">
    <ele>1684.3</ele>
   </trkpt>
   <trkpt lat="4.7580050" lon="-75.6114080">
    <ele>1684.3</ele>
   </trkpt>
   <trkpt lat="4.7580050" lon="-75.6114080">
    <ele>1684.3</ele>
   </trkpt>
   <trkpt lat="4.7580050" lon="-75.6114080">
    <ele>1684.3</ele>
   </trkpt>
   <trkpt lat="4.7580060" lon="-75.6114070">
    <ele>1684.3</ele>
   </trkpt>
   <trkpt lat="4.7580060" lon="-75.6114080">
    <ele>1684.3</ele>
   </trkpt>
   <trkpt lat="4.7580060" lon="-75.6114080">
    <ele>1684.3</ele>
   </trkpt>
   <trkpt lat="4.7580060" lon="-75.6114080">
    <ele>1684.3</ele>
   </trkpt>
   <trkpt lat="4.7580060" lon="-75.6114080">
    <ele>1684.3</ele>
   </trkpt>
   <trkpt lat="4.7580060" lon="-75.6114080">
    <ele>1684.3</ele>
   </trkpt>
   <trkpt lat="4.7580060" lon="-75.6114080">
    <ele>1684.3</ele>
   </trkpt>
   <trkpt lat="4.7580050" lon="-75.6114080">
    <ele>1684.3</ele>
   </trkpt>
   <trkpt lat="4.7580030" lon="-75.6114080">
    <ele>1684.3</ele>
   </trkpt>
   <trkpt lat="4.7580020" lon="-75.6114070">
    <ele>1684.3</ele>
   </trkpt>
   <trkpt lat="4.7580000" lon="-75.6114070">
    <ele>1684.3</ele>
   </trkpt>
   <trkpt lat="4.7579970" lon="-75.6114050">
    <ele>1684.3</ele>
   </trkpt>
   <trkpt lat="4.7579970" lon="-75.6114070">
    <ele>1684.3</ele>
   </trkpt>
   <trkpt lat="4.7579990" lon="-75.6114080">
    <ele>1684.3</ele>
   </trkpt>
   <trkpt lat="4.7580020" lon="-75.6114080">
    <ele>1684.3</ele>
   </trkpt>
   <trkpt lat="4.7580030" lon="-75.6114090">
    <ele>1684.3</ele>
   </trkpt>
   <trkpt lat="4.7580040" lon="-75.6114090">
    <ele>1684.3</ele>
   </trkpt>
   <trkpt lat="4.7580030" lon="-75.6114080">
    <ele>1684.3</ele>
   </trkpt>
   <trkpt lat="4.7580040" lon="-75.6114080">
    <ele>1684.3</ele>
   </trkpt>
   <trkpt lat="4.7580040" lon="-75.6114080">
    <ele>1684.3</ele>
   </trkpt>
   <trkpt lat="4.7580040" lon="-75.6114080">
    <ele>1684.3</ele>
   </trkpt>
   <trkpt lat="4.7580040" lon="-75.6114070">
    <ele>1684.3</ele>
   </trkpt>
   <trkpt lat="4.7580050" lon="-75.6114080">
    <ele>1684.3</ele>
   </trkpt>
   <trkpt lat="4.7580060" lon="-75.6114080">
    <ele>1684.3</ele>
   </trkpt>
   <trkpt lat="4.7580060" lon="-75.6114080">
    <ele>1684.3</ele>
   </trkpt>
   <trkpt lat="4.7580050" lon="-75.6114070">
    <ele>1684.3</ele>
   </trkpt>
   <trkpt lat="4.7580050" lon="-75.6114080">
    <ele>1684.3</ele>
   </trkpt>
   <trkpt lat="4.7580050" lon="-75.6114080">
    <ele>1684.3</ele>
   </trkpt>
   <trkpt lat="4.7580060" lon="-75.6114080">
    <ele>1684.3</ele>
   </trkpt>
   <trkpt lat="4.7580060" lon="-75.6114090">
    <ele>1684.3</ele>
   </trkpt>
   <trkpt lat="4.7580050" lon="-75.6114070">
    <ele>1684.3</ele>
   </trkpt>
   <trkpt lat="4.7580010" lon="-75.6114020">
    <ele>1684.3</ele>
   </trkpt>
   <trkpt lat="4.7579960" lon="-75.6113940">
    <ele>1684.3</ele>
   </trkpt>
   <trkpt lat="4.7579880" lon="-75.6113750">
    <ele>1684.4</ele>
   </trkpt>
   <trkpt lat="4.7579820" lon="-75.6113710">
    <ele>1684.4</ele>
   </trkpt>
   <trkpt lat="4.7579730" lon="-75.6113670">
    <ele>1684.4</ele>
   </trkpt>
   <trkpt lat="4.7579670" lon="-75.6113630">
    <ele>1684.4</ele>
   </trkpt>
   <trkpt lat="4.7579650" lon="-75.6113580">
    <ele>1684.4</ele>
   </trkpt>
   <trkpt lat="4.7579660" lon="-75.6113530">
    <ele>1684.4</ele>
   </trkpt>
   <trkpt lat="4.7579650" lon="-75.6113500">
    <ele>1684.4</ele>
   </trkpt>
   <trkpt lat="4.7579610" lon="-75.6113430">
    <ele>1684.4</ele>
   </trkpt>
   <trkpt lat="4.7579620" lon="-75.6113330">
    <ele>1684.4</ele>
   </trkpt>
   <trkpt lat="4.7579600" lon="-75.6113300">
    <ele>1684.4</ele>
   </trkpt>
   <trkpt lat="4.7579580" lon="-75.6113270">
    <ele>1684.4</ele>
   </trkpt>
   <trkpt lat="4.7579570" lon="-75.6113230">
    <ele>1684.4</ele>
   </trkpt>
   <trkpt lat="4.7579570" lon="-75.6113170">
    <ele>1684.4</ele>
   </trkpt>
   <trkpt lat="4.7579570" lon="-75.6113120">
    <ele>1684.5</ele>
   </trkpt>
   <trkpt lat="4.7579600" lon="-75.6113120">
    <ele>1684.5</ele>
   </trkpt>
   <trkpt lat="4.7579630" lon="-75.6113150">
    <ele>1684.5</ele>
   </trkpt>
   <trkpt lat="4.7579640" lon="-75.6113190">
    <ele>1684.5</ele>
   </trkpt>
   <trkpt lat="4.7579640" lon="-75.6113200">
    <ele>1684.5</ele>
   </trkpt>
   <trkpt lat="4.7579640" lon="-75.6113200">
    <ele>1684.5</ele>
   </trkpt>
   <trkpt lat="4.7579650" lon="-75.6113200">
    <ele>1684.5</ele>
   </trkpt>
   <trkpt lat="4.7579650" lon="-75.6113200">
    <ele>1684.5</ele>
   </trkpt>
   <trkpt lat="4.7579650" lon="-75.6113210">
    <ele>1684.5</ele>
   </trkpt>
   <trkpt lat="4.7579640" lon="-75.6113210">
    <ele>1684.5</ele>
   </trkpt>
   <trkpt lat="4.7579640" lon="-75.6113210">
    <ele>1684.5</ele>
   </trkpt>
   <trkpt lat="4.7579640" lon="-75.6113200">
    <ele>1684.5</ele>
   </trkpt>
   <trkpt lat="4.7579630" lon="-75.6113200">
    <ele>1684.5</ele>
   </trkpt>
   <trkpt lat="4.7579620" lon="-75.6113200">
    <ele>1684.5</ele>
   </trkpt>
   <trkpt lat="4.7579610" lon="-75.6113210">
    <ele>1684.5</ele>
   </trkpt>
   <trkpt lat="4.7579610" lon="-75.6113220">
    <ele>1684.5</ele>
   </trkpt>
   <trkpt lat="4.7579600" lon="-75.6113220">
    <ele>1684.5</ele>
   </trkpt>
   <trkpt lat="4.7579610" lon="-75.6113230">
    <ele>1684.5</ele>
   </trkpt>
   <trkpt lat="4.7579610" lon="-75.6113240">
    <ele>1684.5</ele>
   </trkpt>
   <trkpt lat="4.7579610" lon="-75.6113250">
    <ele>1684.5</ele>
   </trkpt>
   <trkpt lat="4.7579600" lon="-75.6113240">
    <ele>1684.5</ele>
   </trkpt>
   <trkpt lat="4.7579600" lon="-75.6113230">
    <ele>1684.5</ele>
   </trkpt>
   <trkpt lat="4.7579580" lon="-75.6113220">
    <ele>1684.5</ele>
   </trkpt>
   <trkpt lat="4.7579580" lon="-75.6113240">
    <ele>1684.5</ele>
   </trkpt>
   <trkpt lat="4.7579570" lon="-75.6113240">
    <ele>1684.5</ele>
   </trkpt>
   <trkpt lat="4.7579520" lon="-75.6113230">
    <ele>1684.5</ele>
   </trkpt>
   <trkpt lat="4.7579470" lon="-75.6113230">
    <ele>1684.5</ele>
   </trkpt>
   <trkpt lat="4.7579380" lon="-75.6113210">
    <ele>1684.5</ele>
   </trkpt>
   <trkpt lat="4.7579290" lon="-75.6113230">
    <ele>1684.5</ele>
   </trkpt>
   <trkpt lat="4.7579220" lon="-75.6113250">
    <ele>1684.5</ele>
   </trkpt>
   <trkpt lat="4.7579150" lon="-75.6113240">
    <ele>1684.5</ele>
   </trkpt>
   <trkpt lat="4.7579050" lon="-75.6113310">
    <ele>1684.6</ele>
   </trkpt>
   <trkpt lat="4.7578960" lon="-75.6113400">
    <ele>1684.6</ele>
   </trkpt>
   <trkpt lat="4.7578890" lon="-75.6113490">
    <ele>1684.6</ele>
   </trkpt>
   <trkpt lat="4.7578820" lon="-75.6113560">
    <ele>1684.6</ele>
   </trkpt>
   <trkpt lat="4.7578740" lon="-75.6113610">
    <ele>1684.6</ele>
   </trkpt>
   <trkpt lat="4.7578700" lon="-75.6113550">
    <ele>1684.6</ele>
   </trkpt>
   <trkpt lat="4.7578640" lon="-75.6113570">
    <ele>1684.6</ele>
   </trkpt>
   <trkpt lat="4.7578570" lon="-75.6113560">
    <ele>1684.6</ele>
   </trkpt>
   <trkpt lat="4.7578490" lon="-75.6113490">
    <ele>1684.6</ele>
   </trkpt>
   <trkpt lat="4.7578440" lon="-75.6113380">
    <ele>1684.7</ele>
   </trkpt>
   <trkpt lat="4.7578400" lon="-75.6113240">
    <ele>1684.7</ele>
   </trkpt>
   <trkpt lat="4.7578360" lon="-75.6113090">
    <ele>1684.7</ele>
   </trkpt>
   <trkpt lat="4.7578310" lon="-75.6112940">
    <ele>1684.7</ele>
   </trkpt>
   <trkpt lat="4.7578250" lon="-75.6112790">
    <ele>1684.7</ele>
   </trkpt>
   <trkpt lat="4.7578190" lon="-75.6112810">
    <ele>1684.7</ele>
   </trkpt>
   <trkpt lat="4.7578150" lon="-75.6112920">
    <ele>1684.8</ele>
   </trkpt>
   <trkpt lat="4.7578120" lon="-75.6113040">
    <ele>1684.8</ele>
   </trkpt>
   <trkpt lat="4.7578130" lon="-75.6113140">
    <ele>1684.8</ele>
   </trkpt>
   <trkpt lat="4.7578070" lon="-75.6113200">
    <ele>1684.8</ele>
   </trkpt>
   <trkpt lat="4.7577980" lon="-75.6113190">
    <ele>1684.8</ele>
   </trkpt>
   <trkpt lat="4.7577950" lon="-75.6113150">
    <ele>1684.8</ele>
   </trkpt>
   <trkpt lat="4.7577950" lon="-75.6113130">
    <ele>1684.8</ele>
   </trkpt>
   <trkpt lat="4.7577970" lon="-75.6113100">
    <ele>1684.8</ele>
   </trkpt>
   <trkpt lat="4.7578010" lon="-75.6113070">
    <ele>1684.8</ele>
   </trkpt>
   <trkpt lat="4.7578050" lon="-75.6113040">
    <ele>1684.8</ele>
   </trkpt>
   <trkpt lat="4.7578180" lon="-75.6112960">
    <ele>1684.8</ele>
   </trkpt>
   <trkpt lat="4.7578200" lon="-75.6112930">
    <ele>1684.8</ele>
   </trkpt>
   <trkpt lat="4.7578210" lon="-75.6112900">
    <ele>1684.8</ele>
   </trkpt>
   <trkpt lat="4.7578180" lon="-75.6112890">
    <ele>1684.8</ele>
   </trkpt>
   <trkpt lat="4.7578070" lon="-75.6112890">
    <ele>1684.9</ele>
   </trkpt>
   <trkpt lat="4.7578020" lon="-75.6112940">
    <ele>1684.9</ele>
   </trkpt>
   <trkpt lat="4.7578010" lon="-75.6113010">
    <ele>1684.9</ele>
   </trkpt>
   <trkpt lat="4.7578040" lon="-75.6113100">
    <ele>1684.9</ele>
   </trkpt>
   <trkpt lat="4.7578110" lon="-75.6113100">
    <ele>1684.9</ele>
   </trkpt>
   <trkpt lat="4.7578120" lon="-75.6113050">
    <ele>1684.9</ele>
   </trkpt>
   <trkpt lat="4.7578120" lon="-75.6113000">
    <ele>1684.9</ele>
   </trkpt>
   <trkpt lat="4.7578150" lon="-75.6112980">
    <ele>1684.9</ele>
   </trkpt>
   <trkpt lat="4.7578180" lon="-75.6112950">
    <ele>1684.9</ele>
   </trkpt>
   <trkpt lat="4.7578210" lon="-75.6112930">
    <ele>1684.9</ele>
   </trkpt>
   <trkpt lat="4.7578240" lon="-75.6112910">
    <ele>1684.9</ele>
   </trkpt>
   <trkpt lat="4.7578270" lon="-75.6112880">
    <ele>1684.9</ele>
   </trkpt>
   <trkpt lat="4.7578300" lon="-75.6112870">
    <ele>1684.9</ele>
   </trkpt>
   <trkpt lat="4.7578380" lon="-75.6112860">
    <ele>1684.9</ele>
   </trkpt>
   <trkpt lat="4.7578400" lon="-75.6112850">
    <ele>1684.9</ele>
   </trkpt>
   <trkpt lat="4.7578410" lon="-75.6112840">
    <ele>1684.9</ele>
   </trkpt>
   <trkpt lat="4.7578430" lon="-75.6112840">
    <ele>1684.9</ele>
   </trkpt>
   <trkpt lat="4.7578440" lon="-75.6112830">
    <ele>1684.9</ele>
   </trkpt>
   <trkpt lat="4.7578450" lon="-75.6112820">
    <ele>1684.9</ele>
   </trkpt>
   <trkpt lat="4.7578460" lon="-75.6112830">
    <ele>1684.9</ele>
   </trkpt>
   <trkpt lat="4.7578460" lon="-75.6112830">
    <ele>1684.9</ele>
   </trkpt>
   <trkpt lat="4.7578480" lon="-75.6112830">
    <ele>1684.9</ele>
   </trkpt>
   <trkpt lat="4.7578460" lon="-75.6112820">
    <ele>1684.9</ele>
   </trkpt>
   <trkpt lat="4.7578420" lon="-75.6112730">
    <ele>1685.0</ele>
   </trkpt>
   <trkpt lat="4.7578390" lon="-75.6112630">
    <ele>1685.0</ele>
   </trkpt>
   <trkpt lat="4.7578330" lon="-75.6112540">
    <ele>1685.0</ele>
   </trkpt>
   <trkpt lat="4.7578270" lon="-75.6112450">
    <ele>1685.0</ele>
   </trkpt>
   <trkpt lat="4.7578210" lon="-75.6112370">
    <ele>1685.0</ele>
   </trkpt>
   <trkpt lat="4.7578150" lon="-75.6112290">
    <ele>1685.0</ele>
   </trkpt>
   <trkpt lat="4.7578100" lon="-75.6112200">
    <ele>1685.0</ele>
   </trkpt>
   <trkpt lat="4.7578060" lon="-75.6112130">
    <ele>1685.0</ele>
   </trkpt>
   <trkpt lat="4.7578040" lon="-75.6112050">
    <ele>1685.0</ele>
   </trkpt>
   <trkpt lat="4.7577990" lon="-75.6112010">
    <ele>1685.1</ele>
   </trkpt>
   <trkpt lat="4.7577930" lon="-75.6111950">
    <ele>1685.1</ele>
   </trkpt>
   <trkpt lat="4.7577910" lon="-75.6111880">
    <ele>1685.1</ele>
   </trkpt>
   <trkpt lat="4.7577930" lon="-75.6111840">
    <ele>1685.1</ele>
   </trkpt>
   <trkpt lat="4.7577940" lon="-75.6111830">
    <ele>1685.1</ele>
   </trkpt>
   <trkpt lat="4.7577940" lon="-75.6111850">
    <ele>1685.1</ele>
   </trkpt>
   <trkpt lat="4.7577940" lon="-75.6111870">
    <ele>1685.1</ele>
   </trkpt>
   <trkpt lat="4.7577930" lon="-75.6111890">
    <ele>1685.1</ele>
   </trkpt>
   <trkpt lat="4.7577930" lon="-75.6111880">
    <ele>1685.1</ele>
   </trkpt>
   <trkpt lat="4.7577940" lon="-75.6111870">
    <ele>1685.1</ele>
   </trkpt>
   <trkpt lat="4.7577960" lon="-75.6111880">
    <ele>1685.1</ele>
   </trkpt>
   <trkpt lat="4.7577960" lon="-75.6111890">
    <ele>1685.1</ele>
   </trkpt>
   <trkpt lat="4.7577950" lon="-75.6111900">
    <ele>1685.1</ele>
   </trkpt>
   <trkpt lat="4.7577930" lon="-75.6111890">
    <ele>1685.1</ele>
   </trkpt>
   <trkpt lat="4.7577930" lon="-75.6111880">
    <ele>1685.1</ele>
   </trkpt>
   <trkpt lat="4.7577940" lon="-75.6111880">
    <ele>1685.1</ele>
   </trkpt>
   <trkpt lat="4.7577950" lon="-75.6111870">
    <ele>1685.1</ele>
   </trkpt>
   <trkpt lat="4.7577970" lon="-75.6111860">
    <ele>1685.1</ele>
   </trkpt>
   <trkpt lat="4.7577980" lon="-75.6111830">
    <ele>1685.1</ele>
   </trkpt>
   <trkpt lat="4.7577970" lon="-75.6111770">
    <ele>1685.1</ele>
   </trkpt>
   <trkpt lat="4.7577920" lon="-75.6111730">
    <ele>1685.1</ele>
   </trkpt>
   <trkpt lat="4.7577870" lon="-75.6111740">
    <ele>1685.1</ele>
   </trkpt>
   <trkpt lat="4.7577860" lon="-75.6111710">
    <ele>1685.1</ele>
   </trkpt>
   <trkpt lat="4.7577860" lon="-75.6111710">
    <ele>1685.1</ele>
   </trkpt>
   <trkpt lat="4.7577860" lon="-75.6111700">
    <ele>1685.1</ele>
   </trkpt>
   <trkpt lat="4.7577870" lon="-75.6111710">
    <ele>1685.1</ele>
   </trkpt>
   <trkpt lat="4.7577870" lon="-75.6111710">
    <ele>1685.1</ele>
   </trkpt>
   <trkpt lat="4.7577880" lon="-75.6111710">
    <ele>1685.1</ele>
   </trkpt>
   <trkpt lat="4.7577870" lon="-75.6111710">
    <ele>1685.1</ele>
   </trkpt>
   <trkpt lat="4.7577870" lon="-75.6111710">
    <ele>1685.1</ele>
   </trkpt>
   <trkpt lat="4.7577880" lon="-75.6111680">
    <ele>1685.1</ele>
   </trkpt>
   <trkpt lat="4.7577870" lon="-75.6111680">
    <ele>1685.1</ele>
   </trkpt>
   <trkpt lat="4.7577860" lon="-75.6111680">
    <ele>1685.1</ele>
   </trkpt>
   <trkpt lat="4.7577850" lon="-75.6111690">
    <ele>1685.1</ele>
   </trkpt>
   <trkpt lat="4.7577840" lon="-75.6111680">
    <ele>1685.1</ele>
   </trkpt>
   <trkpt lat="4.7577840" lon="-75.6111670">
    <ele>1685.1</ele>
   </trkpt>
   <trkpt lat="4.7577820" lon="-75.6111670">
    <ele>1685.1</ele>
   </trkpt>
   <trkpt lat="4.7577770" lon="-75.6111680">
    <ele>1685.1</ele>
   </trkpt>
   <trkpt lat="4.7577790" lon="-75.6111720">
    <ele>1685.2</ele>
   </trkpt>
   <trkpt lat="4.7577790" lon="-75.6111730">
    <ele>1685.2</ele>
   </trkpt>
   <trkpt lat="4.7577780" lon="-75.6111740">
    <ele>1685.2</ele>
   </trkpt>
   <trkpt lat="4.7577770" lon="-75.6111750">
    <ele>1685.2</ele>
   </trkpt>
   <trkpt lat="4.7577760" lon="-75.6111750">
    <ele>1685.2</ele>
   </trkpt>
   <trkpt lat="4.7577750" lon="-75.6111750">
    <ele>1685.2</ele>
   </trkpt>
   <trkpt lat="4.7577730" lon="-75.6111750">
    <ele>1685.2</ele>
   </trkpt>
   <trkpt lat="4.7577710" lon="-75.6111760">
    <ele>1685.2</ele>
   </trkpt>
   <trkpt lat="4.7577710" lon="-75.6111750">
    <ele>1685.2</ele>
   </trkpt>
   <trkpt lat="4.7577700" lon="-75.6111750">
    <ele>1685.2</ele>
   </trkpt>
   <trkpt lat="4.7577690" lon="-75.6111740">
    <ele>1685.2</ele>
   </trkpt>
   <trkpt lat="4.7577680" lon="-75.6111740">
    <ele>1685.2</ele>
   </trkpt>
   <trkpt lat="4.7577670" lon="-75.6111750">
    <ele>1685.2</ele>
   </trkpt>
   <trkpt lat="4.7577670" lon="-75.6111740">
    <ele>1685.2</ele>
   </trkpt>
   <trkpt lat="4.7577660" lon="-75.6111740">
    <ele>1685.2</ele>
   </trkpt>
   <trkpt lat="4.7577660" lon="-75.6111730">
    <ele>1685.2</ele>
   </trkpt>
   <trkpt lat="4.7577670" lon="-75.6111730">
    <ele>1685.2</ele>
   </trkpt>
   <trkpt lat="4.7577680" lon="-75.6111710">
    <ele>1685.2</ele>
   </trkpt>
   <trkpt lat="4.7577690" lon="-75.6111710">
    <ele>1685.2</ele>
   </trkpt>
   <trkpt lat="4.7577700" lon="-75.6111710">
    <ele>1685.2</ele>
   </trkpt>
   <trkpt lat="4.7577700" lon="-75.6111710">
    <ele>1685.2</ele>
   </trkpt>
   <trkpt lat="4.7577690" lon="-75.6111710">
    <ele>1685.2</ele>
   </trkpt>
   <trkpt lat="4.7577690" lon="-75.6111700">
    <ele>1685.2</ele>
   </trkpt>
   <trkpt lat="4.7577690" lon="-75.6111700">
    <ele>1685.2</ele>
   </trkpt>
   <trkpt lat="4.7577690" lon="-75.6111700">
    <ele>1685.2</ele>
   </trkpt>
   <trkpt lat="4.7577710" lon="-75.6111700">
    <ele>1685.2</ele>
   </trkpt>
   <trkpt lat="4.7577700" lon="-75.6111700">
    <ele>1685.2</ele>
   </trkpt>
   <trkpt lat="4.7577700" lon="-75.6111700">
    <ele>1685.2</ele>
   </trkpt>
   <trkpt lat="4.7577710" lon="-75.6111700">
    <ele>1685.2</ele>
   </trkpt>
   <trkpt lat="4.7577710" lon="-75.6111700">
    <ele>1685.2</ele>
   </trkpt>
   <trkpt lat="4.7577710" lon="-75.6111700">
    <ele>1685.2</ele>
   </trkpt>
   <trkpt lat="4.7577700" lon="-75.6111700">
    <ele>1685.2</ele>
   </trkpt>
   <trkpt lat="4.7577700" lon="-75.6111710">
    <ele>1685.2</ele>
   </trkpt>
   <trkpt lat="4.7577710" lon="-75.6111710">
    <ele>1685.2</ele>
   </trkpt>
   <trkpt lat="4.7577710" lon="-75.6111710">
    <ele>1685.2</ele>
   </trkpt>
   <trkpt lat="4.7577720" lon="-75.6111700">
    <ele>1685.2</ele>
   </trkpt>
   <trkpt lat="4.7577730" lon="-75.6111710">
    <ele>1685.2</ele>
   </trkpt>
   <trkpt lat="4.7577730" lon="-75.6111700">
    <ele>1685.2</ele>
   </trkpt>
   <trkpt lat="4.7577730" lon="-75.6111690">
    <ele>1685.2</ele>
   </trkpt>
   <trkpt lat="4.7577720" lon="-75.6111690">
    <ele>1685.2</ele>
   </trkpt>
   <trkpt lat="4.7577720" lon="-75.6111690">
    <ele>1685.2</ele>
   </trkpt>
   <trkpt lat="4.7577740" lon="-75.6111680">
    <ele>1685.2</ele>
   </trkpt>
   <trkpt lat="4.7577740" lon="-75.6111680">
    <ele>1685.2</ele>
   </trkpt>
   <trkpt lat="4.7577740" lon="-75.6111670">
    <ele>1685.2</ele>
   </trkpt>
   <trkpt lat="4.7577740" lon="-75.6111670">
    <ele>1685.2</ele>
   </trkpt>
   <trkpt lat="4.7577740" lon="-75.6111670">
    <ele>1685.2</ele>
   </trkpt>
   <trkpt lat="4.7577740" lon="-75.6111660">
    <ele>1685.2</ele>
   </trkpt>
   <trkpt lat="4.7577730" lon="-75.6111670">
    <ele>1685.2</ele>
   </trkpt>
   <trkpt lat="4.7577720" lon="-75.6111660">
    <ele>1685.2</ele>
   </trkpt>
   <trkpt lat="4.7577730" lon="-75.6111630">
    <ele>1685.2</ele>
   </trkpt>
   <trkpt lat="4.7577730" lon="-75.6111630">
    <ele>1685.2</ele>
   </trkpt>
   <trkpt lat="4.7577730" lon="-75.6111620">
    <ele>1685.2</ele>
   </trkpt>
   <trkpt lat="4.7577720" lon="-75.6111620">
    <ele>1685.2</ele>
   </trkpt>
   <trkpt lat="4.7577720" lon="-75.6111610">
    <ele>1685.2</ele>
   </trkpt>
   <trkpt lat="4.7577720" lon="-75.6111610">
    <ele>1685.2</ele>
   </trkpt>
   <trkpt lat="4.7577710" lon="-75.6111580">
    <ele>1685.2</ele>
   </trkpt>
   <trkpt lat="4.7577710" lon="-75.6111590">
    <ele>1685.2</ele>
   </trkpt>
   <trkpt lat="4.7577740" lon="-75.6111620">
    <ele>1685.2</ele>
   </trkpt>
   <trkpt lat="4.7577740" lon="-75.6111610">
    <ele>1685.2</ele>
   </trkpt>
   <trkpt lat="4.7577740" lon="-75.6111610">
    <ele>1685.2</ele>
   </trkpt>
   <trkpt lat="4.7577740" lon="-75.6111610">
    <ele>1685.2</ele>
   </trkpt>
   <trkpt lat="4.7577740" lon="-75.6111590">
    <ele>1685.2</ele>
   </trkpt>
   <trkpt lat="4.7577740" lon="-75.6111590">
    <ele>1685.2</ele>
   </trkpt>
   <trkpt lat="4.7577740" lon="-75.6111590">
    <ele>1685.2</ele>
   </trkpt>
   <trkpt lat="4.7577740" lon="-75.6111580">
    <ele>1685.2</ele>
   </trkpt>
   <trkpt lat="4.7577750" lon="-75.6111580">
    <ele>1685.2</ele>
   </trkpt>
   <trkpt lat="4.7577770" lon="-75.6111590">
    <ele>1685.2</ele>
   </trkpt>
   <trkpt lat="4.7577780" lon="-75.6111590">
    <ele>1685.2</ele>
   </trkpt>
   <trkpt lat="4.7577780" lon="-75.6111590">
    <ele>1685.2</ele>
   </trkpt>
   <trkpt lat="4.7577780" lon="-75.6111580">
    <ele>1685.2</ele>
   </trkpt>
   <trkpt lat="4.7577780" lon="-75.6111580">
    <ele>1685.2</ele>
   </trkpt>
   <trkpt lat="4.7577780" lon="-75.6111580">
    <ele>1685.2</ele>
   </trkpt>
   <trkpt lat="4.7577780" lon="-75.6111570">
    <ele>1685.2</ele>
   </trkpt>
   <trkpt lat="4.7577780" lon="-75.6111570">
    <ele>1685.2</ele>
   </trkpt>
   <trkpt lat="4.7577810" lon="-75.6111560">
    <ele>1685.2</ele>
   </trkpt>
   <trkpt lat="4.7577830" lon="-75.6111540">
    <ele>1685.2</ele>
   </trkpt>
   <trkpt lat="4.7577840" lon="-75.6111520">
    <ele>1685.2</ele>
   </trkpt>
   <trkpt lat="4.7577860" lon="-75.6111500">
    <ele>1685.2</ele>
   </trkpt>
   <trkpt lat="4.7577780" lon="-75.6111430">
    <ele>1685.3</ele>
   </trkpt>
   <trkpt lat="4.7577590" lon="-75.6111320">
    <ele>1685.3</ele>
   </trkpt>
   <trkpt lat="4.7577510" lon="-75.6111260">
    <ele>1685.3</ele>
   </trkpt>
   <trkpt lat="4.7577480" lon="-75.6111250">
    <ele>1685.3</ele>
   </trkpt>
   <trkpt lat="4.7577510" lon="-75.6111270">
    <ele>1685.3</ele>
   </trkpt>
   <trkpt lat="4.7577500" lon="-75.6111260">
    <ele>1685.3</ele>
   </trkpt>
   <trkpt lat="4.7577490" lon="-75.6111260">
    <ele>1685.3</ele>
   </trkpt>
   <trkpt lat="4.7577480" lon="-75.6111260">
    <ele>1685.3</ele>
   </trkpt>
   <trkpt lat="4.7577480" lon="-75.6111250">
    <ele>1685.3</ele>
   </trkpt>
   <trkpt lat="4.7577470" lon="-75.6111240">
    <ele>1685.3</ele>
   </trkpt>
   <trkpt lat="4.7577470" lon="-75.6111250">
    <ele>1685.3</ele>
   </trkpt>
   <trkpt lat="4.7577470" lon="-75.6111240">
    <ele>1685.3</ele>
   </trkpt>
   <trkpt lat="4.7577470" lon="-75.6111240">
    <ele>1685.3</ele>
   </trkpt>
   <trkpt lat="4.7577460" lon="-75.6111240">
    <ele>1685.3</ele>
   </trkpt>
   <trkpt lat="4.7577450" lon="-75.6111230">
    <ele>1685.3</ele>
   </trkpt>
   <trkpt lat="4.7577460" lon="-75.6111240">
    <ele>1685.3</ele>
   </trkpt>
   <trkpt lat="4.7577460" lon="-75.6111250">
    <ele>1685.3</ele>
   </trkpt>
   <trkpt lat="4.7577460" lon="-75.6111260">
    <ele>1685.3</ele>
   </trkpt>
   <trkpt lat="4.7577380" lon="-75.6111270">
    <ele>1685.3</ele>
   </trkpt>
   <trkpt lat="4.7577290" lon="-75.6111320">
    <ele>1685.3</ele>
   </trkpt>
   <trkpt lat="4.7577330" lon="-75.6111500">
    <ele>1685.3</ele>
   </trkpt>
   <trkpt lat="4.7577370" lon="-75.6111610">
    <ele>1685.4</ele>
   </trkpt>
   <trkpt lat="4.7577500" lon="-75.6111750">
    <ele>1685.4</ele>
   </trkpt>
   <trkpt lat="4.7577710" lon="-75.6111830">
    <ele>1685.4</ele>
   </trkpt>
   <trkpt lat="4.7577930" lon="-75.6111820">
    <ele>1685.4</ele>
   </trkpt>
   <trkpt lat="4.7578080" lon="-75.6111730">
    <ele>1685.4</ele>
   </trkpt>
   <trkpt lat="4.7578150" lon="-75.6111630">
    <ele>1685.5</ele>
   </trkpt>
   <trkpt lat="4.7578190" lon="-75.6111540">
    <ele>1685.5</ele>
   </trkpt>
   <trkpt lat="4.7578170" lon="-75.6111430">
    <ele>1685.5</ele>
   </trkpt>
   <trkpt lat="4.7578090" lon="-75.6111340">
    <ele>1685.5</ele>
   </trkpt>
   <trkpt lat="4.7578040" lon="-75.6111260">
    <ele>1685.5</ele>
   </trkpt>
   <trkpt lat="4.7578020" lon="-75.6111240">
    <ele>1685.5</ele>
   </trkpt>
   <trkpt lat="4.7578030" lon="-75.6111240">
    <ele>1685.5</ele>
   </trkpt>
   <trkpt lat="4.7578010" lon="-75.6111200">
    <ele>1685.5</ele>
   </trkpt>
   <trkpt lat="4.7577990" lon="-75.6111140">
    <ele>1685.5</ele>
   </trkpt>
   <trkpt lat="4.7577990" lon="-75.6111150">
    <ele>1685.5</ele>
   </trkpt>
   <trkpt lat="4.7577990" lon="-75.6111160">
    <ele>1685.5</ele>
   </trkpt>
   <trkpt lat="4.7578020" lon="-75.6111200">
    <ele>1685.5</ele>
   </trkpt>
   <trkpt lat="4.7578010" lon="-75.6111190">
    <ele>1685.5</ele>
   </trkpt>
   <trkpt lat="4.7578010" lon="-75.6111190">
    <ele>1685.5</ele>
   </trkpt>
   <trkpt lat="4.7578010" lon="-75.6111190">
    <ele>1685.5</ele>
   </trkpt>
   <trkpt lat="4.7578010" lon="-75.6111180">
    <ele>1685.5</ele>
   </trkpt>
   <trkpt lat="4.7578010" lon="-75.6111190">
    <ele>1685.5</ele>
   </trkpt>
   <trkpt lat="4.7578000" lon="-75.6111180">
    <ele>1685.5</ele>
   </trkpt>
   <trkpt lat="4.7578000" lon="-75.6111190">
    <ele>1685.5</ele>
   </trkpt>
   <trkpt lat="4.7577990" lon="-75.6111210">
    <ele>1685.5</ele>
   </trkpt>
   <trkpt lat="4.7577980" lon="-75.6111220">
    <ele>1685.5</ele>
   </trkpt>
   <trkpt lat="4.7577990" lon="-75.6111230">
    <ele>1685.5</ele>
   </trkpt>
   <trkpt lat="4.7578000" lon="-75.6111230">
    <ele>1685.5</ele>
   </trkpt>
   <trkpt lat="4.7577990" lon="-75.6111230">
    <ele>1685.5</ele>
   </trkpt>
   <trkpt lat="4.7577990" lon="-75.6111240">
    <ele>1685.5</ele>
   </trkpt>
   <trkpt lat="4.7577990" lon="-75.6111240">
    <ele>1685.5</ele>
   </trkpt>
   <trkpt lat="4.7577980" lon="-75.6111240">
    <ele>1685.5</ele>
   </trkpt>
   <trkpt lat="4.7578000" lon="-75.6111270">
    <ele>1685.6</ele>
   </trkpt>
   <trkpt lat="4.7578000" lon="-75.6111270">
    <ele>1685.6</ele>
   </trkpt>
   <trkpt lat="4.7578000" lon="-75.6111270">
    <ele>1685.6</ele>
   </trkpt>
   <trkpt lat="4.7578000" lon="-75.6111270">
    <ele>1685.6</ele>
   </trkpt>
   <trkpt lat="4.7578000" lon="-75.6111270">
    <ele>1685.6</ele>
   </trkpt>
   <trkpt lat="4.7577990" lon="-75.6111270">
    <ele>1685.6</ele>
   </trkpt>
   <trkpt lat="4.7577980" lon="-75.6111270">
    <ele>1685.6</ele>
   </trkpt>
   <trkpt lat="4.7577990" lon="-75.6111270">
    <ele>1685.6</ele>
   </trkpt>
   <trkpt lat="4.7577990" lon="-75.6111290">
    <ele>1685.6</ele>
   </trkpt>
   <trkpt lat="4.7577990" lon="-75.6111290">
    <ele>1685.6</ele>
   </trkpt>
   <trkpt lat="4.7577990" lon="-75.6111290">
    <ele>1685.6</ele>
   </trkpt>
   <trkpt lat="4.7577990" lon="-75.6111290">
    <ele>1685.6</ele>
   </trkpt>
   <trkpt lat="4.7577990" lon="-75.6111280">
    <ele>1685.6</ele>
   </trkpt>
   <trkpt lat="4.7578000" lon="-75.6111280">
    <ele>1685.6</ele>
   </trkpt>
   <trkpt lat="4.7578000" lon="-75.6111280">
    <ele>1685.6</ele>
   </trkpt>
   <trkpt lat="4.7578000" lon="-75.6111280">
    <ele>1685.6</ele>
   </trkpt>
   <trkpt lat="4.7578000" lon="-75.6111270">
    <ele>1685.6</ele>
   </trkpt>
   <trkpt lat="4.7578010" lon="-75.6111280">
    <ele>1685.6</ele>
   </trkpt>
   <trkpt lat="4.7578010" lon="-75.6111280">
    <ele>1685.6</ele>
   </trkpt>
   <trkpt lat="4.7578010" lon="-75.6111280">
    <ele>1685.6</ele>
   </trkpt>
   <trkpt lat="4.7578020" lon="-75.6111280">
    <ele>1685.6</ele>
   </trkpt>
   <trkpt lat="4.7578020" lon="-75.6111280">
    <ele>1685.6</ele>
   </trkpt>
   <trkpt lat="4.7578020" lon="-75.6111280">
    <ele>1685.6</ele>
   </trkpt>
   <trkpt lat="4.7578020" lon="-75.6111280">
    <ele>1685.6</ele>
   </trkpt>
   <trkpt lat="4.7578020" lon="-75.6111280">
    <ele>1685.6</ele>
   </trkpt>
   <trkpt lat="4.7578010" lon="-75.6111280">
    <ele>1685.6</ele>
   </trkpt>
   <trkpt lat="4.7578020" lon="-75.6111280">
    <ele>1685.6</ele>
   </trkpt>
   <trkpt lat="4.7578020" lon="-75.6111280">
    <ele>1685.6</ele>
   </trkpt>
   <trkpt lat="4.7578020" lon="-75.6111280">
    <ele>1685.6</ele>
   </trkpt>
   <trkpt lat="4.7578030" lon="-75.6111280">
    <ele>1685.6</ele>
   </trkpt>
   <trkpt lat="4.7578030" lon="-75.6111280">
    <ele>1685.6</ele>
   </trkpt>
   <trkpt lat="4.7578040" lon="-75.6111280">
    <ele>1685.6</ele>
   </trkpt>
   <trkpt lat="4.7578040" lon="-75.6111290">
    <ele>1685.6</ele>
   </trkpt>
   <trkpt lat="4.7578050" lon="-75.6111300">
    <ele>1685.6</ele>
   </trkpt>
   <trkpt lat="4.7578050" lon="-75.6111300">
    <ele>1685.6</ele>
   </trkpt>
   <trkpt lat="4.7578050" lon="-75.6111300">
    <ele>1685.6</ele>
   </trkpt>
   <trkpt lat="4.7578060" lon="-75.6111300">
    <ele>1685.6</ele>
   </trkpt>
   <trkpt lat="4.7578060" lon="-75.6111300">
    <ele>1685.6</ele>
   </trkpt>
   <trkpt lat="4.7578070" lon="-75.6111300">
    <ele>1685.6</ele>
   </trkpt>
   <trkpt lat="4.7578090" lon="-75.6111290">
    <ele>1685.6</ele>
   </trkpt>
   <trkpt lat="4.7578110" lon="-75.6111310">
    <ele>1685.6</ele>
   </trkpt>
   <trkpt lat="4.7578140" lon="-75.6111360">
    <ele>1685.6</ele>
   </trkpt>
   <trkpt lat="4.7578150" lon="-75.6111380">
    <ele>1685.6</ele>
   </trkpt>
   <trkpt lat="4.7578160" lon="-75.6111380">
    <ele>1685.6</ele>
   </trkpt>
   <trkpt lat="4.7578170" lon="-75.6111400">
    <ele>1685.6</ele>
   </trkpt>
   <trkpt lat="4.7578180" lon="-75.6111400">
    <ele>1685.6</ele>
   </trkpt>
   <trkpt lat="4.7578190" lon="-75.6111410">
    <ele>1685.6</ele>
   </trkpt>
   <trkpt lat="4.7578190" lon="-75.6111420">
    <ele>1685.6</ele>
   </trkpt>
   <trkpt lat="4.7578200" lon="-75.6111420">
    <ele>1685.6</ele>
   </trkpt>
   <trkpt lat="4.7578210" lon="-75.6111430">
    <ele>1685.6</ele>
   </trkpt>
   <trkpt lat="4.7578220" lon="-75.6111450">
    <ele>1685.6</ele>
   </trkpt>
   <trkpt lat="4.7578230" lon="-75.6111460">
    <ele>1685.6</ele>
   </trkpt>
   <trkpt lat="4.7578250" lon="-75.6111470">
    <ele>1685.6</ele>
   </trkpt>
   <trkpt lat="4.7578270" lon="-75.6111480">
    <ele>1685.6</ele>
   </trkpt>
   <trkpt lat="4.7578280" lon="-75.6111490">
    <ele>1685.6</ele>
   </trkpt>
   <trkpt lat="4.7578290" lon="-75.6111490">
    <ele>1685.6</ele>
   </trkpt>
   <trkpt lat="4.7578300" lon="-75.6111490">
    <ele>1685.6</ele>
   </trkpt>
   <trkpt lat="4.7578300" lon="-75.6111490">
    <ele>1685.6</ele>
   </trkpt>
   <trkpt lat="4.7578310" lon="-75.6111490">
    <ele>1685.6</ele>
   </trkpt>
   <trkpt lat="4.7578320" lon="-75.6111510">
    <ele>1685.6</ele>
   </trkpt>
   <trkpt lat="4.7578330" lon="-75.6111510">
    <ele>1685.6</ele>
   </trkpt>
   <trkpt lat="4.7578330" lon="-75.6111510">
    <ele>1685.6</ele>
   </trkpt>
   <trkpt lat="4.7578340" lon="-75.6111510">
    <ele>1685.6</ele>
   </trkpt>
   <trkpt lat="4.7578340" lon="-75.6111510">
    <ele>1685.6</ele>
   </trkpt>
   <trkpt lat="4.7578350" lon="-75.6111510">
    <ele>1685.6</ele>
   </trkpt>
   <trkpt lat="4.7578350" lon="-75.6111510">
    <ele>1685.6</ele>
   </trkpt>
   <trkpt lat="4.7578350" lon="-75.6111520">
    <ele>1685.6</ele>
   </trkpt>
   <trkpt lat="4.7578360" lon="-75.6111520">
    <ele>1685.6</ele>
   </trkpt>
   <trkpt lat="4.7578360" lon="-75.6111520">
    <ele>1685.6</ele>
   </trkpt>
   <trkpt lat="4.7578360" lon="-75.6111520">
    <ele>1685.6</ele>
   </trkpt>
   <trkpt lat="4.7578370" lon="-75.6111520">
    <ele>1685.6</ele>
   </trkpt>
   <trkpt lat="4.7578370" lon="-75.6111520">
    <ele>1685.6</ele>
   </trkpt>
   <trkpt lat="4.7578370" lon="-75.6111520">
    <ele>1685.6</ele>
   </trkpt>
   <trkpt lat="4.7578380" lon="-75.6111520">
    <ele>1685.6</ele>
   </trkpt>
   <trkpt lat="4.7578380" lon="-75.6111530">
    <ele>1685.6</ele>
   </trkpt>
   <trkpt lat="4.7578390" lon="-75.6111540">
    <ele>1685.6</ele>
   </trkpt>
   <trkpt lat="4.7578390" lon="-75.6111540">
    <ele>1685.6</ele>
   </trkpt>
   <trkpt lat="4.7578390" lon="-75.6111540">
    <ele>1685.6</ele>
   </trkpt>
   <trkpt lat="4.7578400" lon="-75.6111540">
    <ele>1685.6</ele>
   </trkpt>
   <trkpt lat="4.7578400" lon="-75.6111540">
    <ele>1685.6</ele>
   </trkpt>
   <trkpt lat="4.7578400" lon="-75.6111540">
    <ele>1685.6</ele>
   </trkpt>
   <trkpt lat="4.7578400" lon="-75.6111540">
    <ele>1685.6</ele>
   </trkpt>
   <trkpt lat="4.7578400" lon="-75.6111540">
    <ele>1685.6</ele>
   </trkpt>
   <trkpt lat="4.7578390" lon="-75.6111550">
    <ele>1685.6</ele>
   </trkpt>
   <trkpt lat="4.7578390" lon="-75.6111550">
    <ele>1685.6</ele>
   </trkpt>
   <trkpt lat="4.7578400" lon="-75.6111550">
    <ele>1685.6</ele>
   </trkpt>
   <trkpt lat="4.7578400" lon="-75.6111550">
    <ele>1685.6</ele>
   </trkpt>
   <trkpt lat="4.7578400" lon="-75.6111550">
    <ele>1685.6</ele>
   </trkpt>
   <trkpt lat="4.7578400" lon="-75.6111550">
    <ele>1685.6</ele>
   </trkpt>
   <trkpt lat="4.7578400" lon="-75.6111550">
    <ele>1685.6</ele>
   </trkpt>
   <trkpt lat="4.7578410" lon="-75.6111550">
    <ele>1685.6</ele>
   </trkpt>
   <trkpt lat="4.7578410" lon="-75.6111560">
    <ele>1685.6</ele>
   </trkpt>
   <trkpt lat="4.7578410" lon="-75.6111560">
    <ele>1685.6</ele>
   </trkpt>
   <trkpt lat="4.7578410" lon="-75.6111560">
    <ele>1685.6</ele>
   </trkpt>
   <trkpt lat="4.7578410" lon="-75.6111560">
    <ele>1685.6</ele>
   </trkpt>
   <trkpt lat="4.7578410" lon="-75.6111560">
    <ele>1685.6</ele>
   </trkpt>
   <trkpt lat="4.7578410" lon="-75.6111560">
    <ele>1685.6</ele>
   </trkpt>
   <trkpt lat="4.7578410" lon="-75.6111570">
    <ele>1685.6</ele>
   </trkpt>
   <trkpt lat="4.7578420" lon="-75.6111570">
    <ele>1685.6</ele>
   </trkpt>
   <trkpt lat="4.7578400" lon="-75.6111580">
    <ele>1685.6</ele>
   </trkpt>
   <trkpt lat="4.7578400" lon="-75.6111580">
    <ele>1685.6</ele>
   </trkpt>
   <trkpt lat="4.7578400" lon="-75.6111580">
    <ele>1685.6</ele>
   </trkpt>
   <trkpt lat="4.7578400" lon="-75.6111580">
    <ele>1685.6</ele>
   </trkpt>
   <trkpt lat="4.7578400" lon="-75.6111590">
    <ele>1685.6</ele>
   </trkpt>
   <trkpt lat="4.7578400" lon="-75.6111590">
    <ele>1685.6</ele>
   </trkpt>
   <trkpt lat="4.7578410" lon="-75.6111590">
    <ele>1685.6</ele>
   </trkpt>
   <trkpt lat="4.7578410" lon="-75.6111590">
    <ele>1685.6</ele>
   </trkpt>
   <trkpt lat="4.7578410" lon="-75.6111590">
    <ele>1685.6</ele>
   </trkpt>
   <trkpt lat="4.7578400" lon="-75.6111590">
    <ele>1685.6</ele>
   </trkpt>
   <trkpt lat="4.7578400" lon="-75.6111600">
    <ele>1685.6</ele>
   </trkpt>
   <trkpt lat="4.7578410" lon="-75.6111610">
    <ele>1685.6</ele>
   </trkpt>
   <trkpt lat="4.7578410" lon="-75.6111600">
    <ele>1685.6</ele>
   </trkpt>
   <trkpt lat="4.7578410" lon="-75.6111600">
    <ele>1685.6</ele>
   </trkpt>
   <trkpt lat="4.7578410" lon="-75.6111600">
    <ele>1685.6</ele>
   </trkpt>
   <trkpt lat="4.7578410" lon="-75.6111590">
    <ele>1685.6</ele>
   </trkpt>
   <trkpt lat="4.7578410" lon="-75.6111590">
    <ele>1685.6</ele>
   </trkpt>
   <trkpt lat="4.7578420" lon="-75.6111610">
    <ele>1685.6</ele>
   </trkpt>
   <trkpt lat="4.7578420" lon="-75.6111610">
    <ele>1685.6</ele>
   </trkpt>
   <trkpt lat="4.7578420" lon="-75.6111610">
    <ele>1685.6</ele>
   </trkpt>
   <trkpt lat="4.7578420" lon="-75.6111610">
    <ele>1685.6</ele>
   </trkpt>
   <trkpt lat="4.7578420" lon="-75.6111610">
    <ele>1685.6</ele>
   </trkpt>
   <trkpt lat="4.7578430" lon="-75.6111610">
    <ele>1685.6</ele>
   </trkpt>
   <trkpt lat="4.7578430" lon="-75.6111610">
    <ele>1685.6</ele>
   </trkpt>
   <trkpt lat="4.7578430" lon="-75.6111610">
    <ele>1685.6</ele>
   </trkpt>
   <trkpt lat="4.7578410" lon="-75.6111600">
    <ele>1685.6</ele>
   </trkpt>
   <trkpt lat="4.7578390" lon="-75.6111610">
    <ele>1685.7</ele>
   </trkpt>
   <trkpt lat="4.7578390" lon="-75.6111610">
    <ele>1685.7</ele>
   </trkpt>
   <trkpt lat="4.7578390" lon="-75.6111610">
    <ele>1685.7</ele>
   </trkpt>
   <trkpt lat="4.7578390" lon="-75.6111610">
    <ele>1685.7</ele>
   </trkpt>
   <trkpt lat="4.7578390" lon="-75.6111600">
    <ele>1685.7</ele>
   </trkpt>
   <trkpt lat="4.7578400" lon="-75.6111600">
    <ele>1685.7</ele>
   </trkpt>
   <trkpt lat="4.7578400" lon="-75.6111600">
    <ele>1685.7</ele>
   </trkpt>
   <trkpt lat="4.7578380" lon="-75.6111600">
    <ele>1685.7</ele>
   </trkpt>
   <trkpt lat="4.7578380" lon="-75.6111600">
    <ele>1685.7</ele>
   </trkpt>
   <trkpt lat="4.7578380" lon="-75.6111600">
    <ele>1685.7</ele>
   </trkpt>
   <trkpt lat="4.7578380" lon="-75.6111600">
    <ele>1685.7</ele>
   </trkpt>
   <trkpt lat="4.7578380" lon="-75.6111590">
    <ele>1685.7</ele>
   </trkpt>
   <trkpt lat="4.7578380" lon="-75.6111590">
    <ele>1685.7</ele>
   </trkpt>
   <trkpt lat="4.7578380" lon="-75.6111590">
    <ele>1685.7</ele>
   </trkpt>
   <trkpt lat="4.7578390" lon="-75.6111580">
    <ele>1685.7</ele>
   </trkpt>
   <trkpt lat="4.7578380" lon="-75.6111570">
    <ele>1685.7</ele>
   </trkpt>
   <trkpt lat="4.7578380" lon="-75.6111570">
    <ele>1685.7</ele>
   </trkpt>
   <trkpt lat="4.7578380" lon="-75.6111560">
    <ele>1685.7</ele>
   </trkpt>
   <trkpt lat="4.7578390" lon="-75.6111560">
    <ele>1685.7</ele>
   </trkpt>
   <trkpt lat="4.7578390" lon="-75.6111550">
    <ele>1685.7</ele>
   </trkpt>
   <trkpt lat="4.7578390" lon="-75.6111550">
    <ele>1685.7</ele>
   </trkpt>
   <trkpt lat="4.7578390" lon="-75.6111540">
    <ele>1685.7</ele>
   </trkpt>
   <trkpt lat="4.7578390" lon="-75.6111540">
    <ele>1685.7</ele>
   </trkpt>
   <trkpt lat="4.7578390" lon="-75.6111540">
    <ele>1685.7</ele>
   </trkpt>
   <trkpt lat="4.7578390" lon="-75.6111550">
    <ele>1685.7</ele>
   </trkpt>
   <trkpt lat="4.7578390" lon="-75.6111550">
    <ele>1685.7</ele>
   </trkpt>
   <trkpt lat="4.7578380" lon="-75.6111550">
    <ele>1685.7</ele>
   </trkpt>
   <trkpt lat="4.7578380" lon="-75.6111550">
    <ele>1685.7</ele>
   </trkpt>
   <trkpt lat="4.7578380" lon="-75.6111550">
    <ele>1685.7</ele>
   </trkpt>
   <trkpt lat="4.7578380" lon="-75.6111550">
    <ele>1685.7</ele>
   </trkpt>
   <trkpt lat="4.7578380" lon="-75.6111550">
    <ele>1685.7</ele>
   </trkpt>
   <trkpt lat="4.7578380" lon="-75.6111550">
    <ele>1685.7</ele>
   </trkpt>
   <trkpt lat="4.7578380" lon="-75.6111560">
    <ele>1685.7</ele>
   </trkpt>
   <trkpt lat="4.7578380" lon="-75.6111560">
    <ele>1685.7</ele>
   </trkpt>
   <trkpt lat="4.7578380" lon="-75.6111560">
    <ele>1685.7</ele>
   </trkpt>
   <trkpt lat="4.7578380" lon="-75.6111560">
    <ele>1685.7</ele>
   </trkpt>
   <trkpt lat="4.7578380" lon="-75.6111550">
    <ele>1685.7</ele>
   </trkpt>
   <trkpt lat="4.7578380" lon="-75.6111550">
    <ele>1685.7</ele>
   </trkpt>
   <trkpt lat="4.7578380" lon="-75.6111550">
    <ele>1685.7</ele>
   </trkpt>
   <trkpt lat="4.7578370" lon="-75.6111540">
    <ele>1685.7</ele>
   </trkpt>
   <trkpt lat="4.7578360" lon="-75.6111540">
    <ele>1685.7</ele>
   </trkpt>
   <trkpt lat="4.7578360" lon="-75.6111540">
    <ele>1685.7</ele>
   </trkpt>
   <trkpt lat="4.7578360" lon="-75.6111540">
    <ele>1685.7</ele>
   </trkpt>
   <trkpt lat="4.7578360" lon="-75.6111540">
    <ele>1685.7</ele>
   </trkpt>
   <trkpt lat="4.7578360" lon="-75.6111530">
    <ele>1685.7</ele>
   </trkpt>
   <trkpt lat="4.7578360" lon="-75.6111530">
    <ele>1685.7</ele>
   </trkpt>
   <trkpt lat="4.7578370" lon="-75.6111530">
    <ele>1685.7</ele>
   </trkpt>
   <trkpt lat="4.7578370" lon="-75.6111530">
    <ele>1685.7</ele>
   </trkpt>
   <trkpt lat="4.7578350" lon="-75.6111510">
    <ele>1685.7</ele>
   </trkpt>
   <trkpt lat="4.7578350" lon="-75.6111510">
    <ele>1685.7</ele>
   </trkpt>
   <trkpt lat="4.7578350" lon="-75.6111510">
    <ele>1685.7</ele>
   </trkpt>
   <trkpt lat="4.7578350" lon="-75.6111510">
    <ele>1685.7</ele>
   </trkpt>
   <trkpt lat="4.7578350" lon="-75.6111510">
    <ele>1685.7</ele>
   </trkpt>
   <trkpt lat="4.7578350" lon="-75.6111500">
    <ele>1685.7</ele>
   </trkpt>
   <trkpt lat="4.7578360" lon="-75.6111500">
    <ele>1685.7</ele>
   </trkpt>
   <trkpt lat="4.7578360" lon="-75.6111500">
    <ele>1685.7</ele>
   </trkpt>
   <trkpt lat="4.7578350" lon="-75.6111510">
    <ele>1685.7</ele>
   </trkpt>
   <trkpt lat="4.7578350" lon="-75.6111510">
    <ele>1685.7</ele>
   </trkpt>
   <trkpt lat="4.7578350" lon="-75.6111510">
    <ele>1685.7</ele>
   </trkpt>
   <trkpt lat="4.7578350" lon="-75.6111500">
    <ele>1685.7</ele>
   </trkpt>
   <trkpt lat="4.7578350" lon="-75.6111500">
    <ele>1685.7</ele>
   </trkpt>
   <trkpt lat="4.7578350" lon="-75.6111500">
    <ele>1685.7</ele>
   </trkpt>
   <trkpt lat="4.7578340" lon="-75.6111490">
    <ele>1685.7</ele>
   </trkpt>
   <trkpt lat="4.7578340" lon="-75.6111490">
    <ele>1685.7</ele>
   </trkpt>
   <trkpt lat="4.7578340" lon="-75.6111490">
    <ele>1685.7</ele>
   </trkpt>
   <trkpt lat="4.7578320" lon="-75.6111490">
    <ele>1685.7</ele>
   </trkpt>
   <trkpt lat="4.7578320" lon="-75.6111490">
    <ele>1685.7</ele>
   </trkpt>
   <trkpt lat="4.7578320" lon="-75.6111490">
    <ele>1685.7</ele>
   </trkpt>
   <trkpt lat="4.7578320" lon="-75.6111490">
    <ele>1685.7</ele>
   </trkpt>
   <trkpt lat="4.7578320" lon="-75.6111490">
    <ele>1685.7</ele>
   </trkpt>
   <trkpt lat="4.7578320" lon="-75.6111480">
    <ele>1685.7</ele>
   </trkpt>
   <trkpt lat="4.7578310" lon="-75.6111490">
    <ele>1685.7</ele>
   </trkpt>
   <trkpt lat="4.7578310" lon="-75.6111490">
    <ele>1685.7</ele>
   </trkpt>
   <trkpt lat="4.7578300" lon="-75.6111480">
    <ele>1685.7</ele>
   </trkpt>
   <trkpt lat="4.7578300" lon="-75.6111480">
    <ele>1685.7</ele>
   </trkpt>
   <trkpt lat="4.7578300" lon="-75.6111480">
    <ele>1685.7</ele>
   </trkpt>
   <trkpt lat="4.7578290" lon="-75.6111480">
    <ele>1685.7</ele>
   </trkpt>
   <trkpt lat="4.7578290" lon="-75.6111480">
    <ele>1685.7</ele>
   </trkpt>
   <trkpt lat="4.7578290" lon="-75.6111480">
    <ele>1685.7</ele>
   </trkpt>
   <trkpt lat="4.7578280" lon="-75.6111480">
    <ele>1685.7</ele>
   </trkpt>
   <trkpt lat="4.7578280" lon="-75.6111480">
    <ele>1685.7</ele>
   </trkpt>
   <trkpt lat="4.7578270" lon="-75.6111490">
    <ele>1685.7</ele>
   </trkpt>
   <trkpt lat="4.7578270" lon="-75.6111490">
    <ele>1685.7</ele>
   </trkpt>
   <trkpt lat="4.7578270" lon="-75.6111490">
    <ele>1685.7</ele>
   </trkpt>
   <trkpt lat="4.7578270" lon="-75.6111490">
    <ele>1685.7</ele>
   </trkpt>
   <trkpt lat="4.7578260" lon="-75.6111490">
    <ele>1685.7</ele>
   </trkpt>
   <trkpt lat="4.7578260" lon="-75.6111490">
    <ele>1685.7</ele>
   </trkpt>
   <trkpt lat="4.7578260" lon="-75.6111490">
    <ele>1685.7</ele>
   </trkpt>
   <trkpt lat="4.7578260" lon="-75.6111490">
    <ele>1685.7</ele>
   </trkpt>
   <trkpt lat="4.7578260" lon="-75.6111480">
    <ele>1685.7</ele>
   </trkpt>
   <trkpt lat="4.7578250" lon="-75.6111480">
    <ele>1685.7</ele>
   </trkpt>
   <trkpt lat="4.7578250" lon="-75.6111480">
    <ele>1685.7</ele>
   </trkpt>
   <trkpt lat="4.7578250" lon="-75.6111480">
    <ele>1685.7</ele>
   </trkpt>
   <trkpt lat="4.7578250" lon="-75.6111480">
    <ele>1685.7</ele>
   </trkpt>
   <trkpt lat="4.7578250" lon="-75.6111480">
    <ele>1685.7</ele>
   </trkpt>
   <trkpt lat="4.7578250" lon="-75.6111480">
    <ele>1685.7</ele>
   </trkpt>
   <trkpt lat="4.7578240" lon="-75.6111480">
    <ele>1685.7</ele>
   </trkpt>
   <trkpt lat="4.7578240" lon="-75.6111470">
    <ele>1685.7</ele>
   </trkpt>
   <trkpt lat="4.7578240" lon="-75.6111470">
    <ele>1685.7</ele>
   </trkpt>
   <trkpt lat="4.7578230" lon="-75.6111470">
    <ele>1685.7</ele>
   </trkpt>
   <trkpt lat="4.7578230" lon="-75.6111470">
    <ele>1685.7</ele>
   </trkpt>
   <trkpt lat="4.7578230" lon="-75.6111470">
    <ele>1685.7</ele>
   </trkpt>
   <trkpt lat="4.7578230" lon="-75.6111470">
    <ele>1685.7</ele>
   </trkpt>
   <trkpt lat="4.7578220" lon="-75.6111470">
    <ele>1685.7</ele>
   </trkpt>
   <trkpt lat="4.7578220" lon="-75.6111470">
    <ele>1685.7</ele>
   </trkpt>
   <trkpt lat="4.7578220" lon="-75.6111470">
    <ele>1685.7</ele>
   </trkpt>
   <trkpt lat="4.7578230" lon="-75.6111480">
    <ele>1685.7</ele>
   </trkpt>
   <trkpt lat="4.7578230" lon="-75.6111480">
    <ele>1685.7</ele>
   </trkpt>
   <trkpt lat="4.7578230" lon="-75.6111480">
    <ele>1685.7</ele>
   </trkpt>
   <trkpt lat="4.7578230" lon="-75.6111480">
    <ele>1685.7</ele>
   </trkpt>
   <trkpt lat="4.7578220" lon="-75.6111480">
    <ele>1685.7</ele>
   </trkpt>
   <trkpt lat="4.7578220" lon="-75.6111490">
    <ele>1685.7</ele>
   </trkpt>
   <trkpt lat="4.7578220" lon="-75.6111490">
    <ele>1685.7</ele>
   </trkpt>
   <trkpt lat="4.7578220" lon="-75.6111490">
    <ele>1685.7</ele>
   </trkpt>
   <trkpt lat="4.7578220" lon="-75.6111490">
    <ele>1685.7</ele>
   </trkpt>
   <trkpt lat="4.7578220" lon="-75.6111490">
    <ele>1685.7</ele>
   </trkpt>
   <trkpt lat="4.7578220" lon="-75.6111490">
    <ele>1685.7</ele>
   </trkpt>
   <trkpt lat="4.7578220" lon="-75.6111490">
    <ele>1685.7</ele>
   </trkpt>
   <trkpt lat="4.7578210" lon="-75.6111490">
    <ele>1685.7</ele>
   </trkpt>
   <trkpt lat="4.7578210" lon="-75.6111490">
    <ele>1685.7</ele>
   </trkpt>
   <trkpt lat="4.7578210" lon="-75.6111490">
    <ele>1685.7</ele>
   </trkpt>
   <trkpt lat="4.7578210" lon="-75.6111490">
    <ele>1685.7</ele>
   </trkpt>
   <trkpt lat="4.7578210" lon="-75.6111490">
    <ele>1685.7</ele>
   </trkpt>
   <trkpt lat="4.7578200" lon="-75.6111490">
    <ele>1685.7</ele>
   </trkpt>
   <trkpt lat="4.7578200" lon="-75.6111490">
    <ele>1685.7</ele>
   </trkpt>
   <trkpt lat="4.7578200" lon="-75.6111490">
    <ele>1685.7</ele>
   </trkpt>
   <trkpt lat="4.7578200" lon="-75.6111490">
    <ele>1685.7</ele>
   </trkpt>
   <trkpt lat="4.7578200" lon="-75.6111480">
    <ele>1685.7</ele>
   </trkpt>
   <trkpt lat="4.7578200" lon="-75.6111480">
    <ele>1685.7</ele>
   </trkpt>
   <trkpt lat="4.7578200" lon="-75.6111480">
    <ele>1685.7</ele>
   </trkpt>
   <trkpt lat="4.7578210" lon="-75.6111520">
    <ele>1685.7</ele>
   </trkpt>
   <trkpt lat="4.7578200" lon="-75.6111520">
    <ele>1685.7</ele>
   </trkpt>
   <trkpt lat="4.7578200" lon="-75.6111520">
    <ele>1685.7</ele>
   </trkpt>
   <trkpt lat="4.7578200" lon="-75.6111530">
    <ele>1685.7</ele>
   </trkpt>
   <trkpt lat="4.7578190" lon="-75.6111530">
    <ele>1685.7</ele>
   </trkpt>
   <trkpt lat="4.7578190" lon="-75.6111530">
    <ele>1685.7</ele>
   </trkpt>
   <trkpt lat="4.7578190" lon="-75.6111530">
    <ele>1685.7</ele>
   </trkpt>
   <trkpt lat="4.7578200" lon="-75.6111530">
    <ele>1685.7</ele>
   </trkpt>
   <trkpt lat="4.7578220" lon="-75.6111560">
    <ele>1685.7</ele>
   </trkpt>
   <trkpt lat="4.7578220" lon="-75.6111560">
    <ele>1685.7</ele>
   </trkpt>
   <trkpt lat="4.7578220" lon="-75.6111570">
    <ele>1685.7</ele>
   </trkpt>
   <trkpt lat="4.7578220" lon="-75.6111570">
    <ele>1685.7</ele>
   </trkpt>
   <trkpt lat="4.7578230" lon="-75.6111570">
    <ele>1685.7</ele>
   </trkpt>
   <trkpt lat="4.7578230" lon="-75.6111570">
    <ele>1685.7</ele>
   </trkpt>
   <trkpt lat="4.7578230" lon="-75.6111570">
    <ele>1685.7</ele>
   </trkpt>
   <trkpt lat="4.7578230" lon="-75.6111570">
    <ele>1685.7</ele>
   </trkpt>
   <trkpt lat="4.7578230" lon="-75.6111570">
    <ele>1685.7</ele>
   </trkpt>
   <trkpt lat="4.7578240" lon="-75.6111590">
    <ele>1685.7</ele>
   </trkpt>
   <trkpt lat="4.7578240" lon="-75.6111590">
    <ele>1685.7</ele>
   </trkpt>
   <trkpt lat="4.7578240" lon="-75.6111590">
    <ele>1685.7</ele>
   </trkpt>
   <trkpt lat="4.7578240" lon="-75.6111590">
    <ele>1685.7</ele>
   </trkpt>
   <trkpt lat="4.7578240" lon="-75.6111590">
    <ele>1685.7</ele>
   </trkpt>
   <trkpt lat="4.7578240" lon="-75.6111590">
    <ele>1685.7</ele>
   </trkpt>
   <trkpt lat="4.7578240" lon="-75.6111580">
    <ele>1685.7</ele>
   </trkpt>
   <trkpt lat="4.7578240" lon="-75.6111580">
    <ele>1685.7</ele>
   </trkpt>
   <trkpt lat="4.7578230" lon="-75.6111580">
    <ele>1685.7</ele>
   </trkpt>
   <trkpt lat="4.7578230" lon="-75.6111580">
    <ele>1685.7</ele>
   </trkpt>
   <trkpt lat="4.7578230" lon="-75.6111580">
    <ele>1685.7</ele>
   </trkpt>
   <trkpt lat="4.7578230" lon="-75.6111580">
    <ele>1685.7</ele>
   </trkpt>
   <trkpt lat="4.7578230" lon="-75.6111580">
    <ele>1685.7</ele>
   </trkpt>
   <trkpt lat="4.7578230" lon="-75.6111570">
    <ele>1685.7</ele>
   </trkpt>
   <trkpt lat="4.7578240" lon="-75.6111570">
    <ele>1685.7</ele>
   </trkpt>
   <trkpt lat="4.7578240" lon="-75.6111570">
    <ele>1685.7</ele>
   </trkpt>
   <trkpt lat="4.7578240" lon="-75.6111580">
    <ele>1685.7</ele>
   </trkpt>
   <trkpt lat="4.7578240" lon="-75.6111570">
    <ele>1685.7</ele>
   </trkpt>
   <trkpt lat="4.7578240" lon="-75.6111570">
    <ele>1685.7</ele>
   </trkpt>
   <trkpt lat="4.7578240" lon="-75.6111570">
    <ele>1685.7</ele>
   </trkpt>
   <trkpt lat="4.7578240" lon="-75.6111570">
    <ele>1685.7</ele>
   </trkpt>
   <trkpt lat="4.7578240" lon="-75.6111570">
    <ele>1685.7</ele>
   </trkpt>
   <trkpt lat="4.7578240" lon="-75.6111570">
    <ele>1685.7</ele>
   </trkpt>
   <trkpt lat="4.7578240" lon="-75.6111570">
    <ele>1685.7</ele>
   </trkpt>
   <trkpt lat="4.7578240" lon="-75.6111580">
    <ele>1685.7</ele>
   </trkpt>
   <trkpt lat="4.7578240" lon="-75.6111580">
    <ele>1685.7</ele>
   </trkpt>
   <trkpt lat="4.7578240" lon="-75.6111580">
    <ele>1685.7</ele>
   </trkpt>
   <trkpt lat="4.7578240" lon="-75.6111580">
    <ele>1685.7</ele>
   </trkpt>
   <trkpt lat="4.7578240" lon="-75.6111580">
    <ele>1685.7</ele>
   </trkpt>
   <trkpt lat="4.7578240" lon="-75.6111570">
    <ele>1685.7</ele>
   </trkpt>
   <trkpt lat="4.7578240" lon="-75.6111570">
    <ele>1685.7</ele>
   </trkpt>
   <trkpt lat="4.7578240" lon="-75.6111570">
    <ele>1685.7</ele>
   </trkpt>
   <trkpt lat="4.7578240" lon="-75.6111570">
    <ele>1685.7</ele>
   </trkpt>
   <trkpt lat="4.7578230" lon="-75.6111570">
    <ele>1685.7</ele>
   </trkpt>
   <trkpt lat="4.7578240" lon="-75.6111570">
    <ele>1685.7</ele>
   </trkpt>
   <trkpt lat="4.7578240" lon="-75.6111570">
    <ele>1685.7</ele>
   </trkpt>
   <trkpt lat="4.7578240" lon="-75.6111570">
    <ele>1685.7</ele>
   </trkpt>
   <trkpt lat="4.7578240" lon="-75.6111570">
    <ele>1685.7</ele>
   </trkpt>
   <trkpt lat="4.7578240" lon="-75.6111570">
    <ele>1685.7</ele>
   </trkpt>
   <trkpt lat="4.7578240" lon="-75.6111560">
    <ele>1685.7</ele>
   </trkpt>
   <trkpt lat="4.7578240" lon="-75.6111560">
    <ele>1685.7</ele>
   </trkpt>
   <trkpt lat="4.7578250" lon="-75.6111570">
    <ele>1685.7</ele>
   </trkpt>
   <trkpt lat="4.7578250" lon="-75.6111570">
    <ele>1685.7</ele>
   </trkpt>
   <trkpt lat="4.7578250" lon="-75.6111570">
    <ele>1685.7</ele>
   </trkpt>
   <trkpt lat="4.7578250" lon="-75.6111560">
    <ele>1685.7</ele>
   </trkpt>
   <trkpt lat="4.7578250" lon="-75.6111560">
    <ele>1685.7</ele>
   </trkpt>
   <trkpt lat="4.7578250" lon="-75.6111560">
    <ele>1685.7</ele>
   </trkpt>
   <trkpt lat="4.7578250" lon="-75.6111560">
    <ele>1685.7</ele>
   </trkpt>
   <trkpt lat="4.7578250" lon="-75.6111560">
    <ele>1685.7</ele>
   </trkpt>
   <trkpt lat="4.7578250" lon="-75.6111570">
    <ele>1685.7</ele>
   </trkpt>
   <trkpt lat="4.7578250" lon="-75.6111570">
    <ele>1685.7</ele>
   </trkpt>
   <trkpt lat="4.7578250" lon="-75.6111570">
    <ele>1685.7</ele>
   </trkpt>
   <trkpt lat="4.7578250" lon="-75.6111580">
    <ele>1685.7</ele>
   </trkpt>
   <trkpt lat="4.7578250" lon="-75.6111580">
    <ele>1685.7</ele>
   </trkpt>
   <trkpt lat="4.7578250" lon="-75.6111580">
    <ele>1685.7</ele>
   </trkpt>
   <trkpt lat="4.7578250" lon="-75.6111580">
    <ele>1685.7</ele>
   </trkpt>
   <trkpt lat="4.7578250" lon="-75.6111580">
    <ele>1685.7</ele>
   </trkpt>
   <trkpt lat="4.7578250" lon="-75.6111590">
    <ele>1685.7</ele>
   </trkpt>
   <trkpt lat="4.7578250" lon="-75.6111600">
    <ele>1685.7</ele>
   </trkpt>
   <trkpt lat="4.7578250" lon="-75.6111590">
    <ele>1685.8</ele>
   </trkpt>
   <trkpt lat="4.7578250" lon="-75.6111590">
    <ele>1685.8</ele>
   </trkpt>
   <trkpt lat="4.7578250" lon="-75.6111590">
    <ele>1685.8</ele>
   </trkpt>
   <trkpt lat="4.7578250" lon="-75.6111590">
    <ele>1685.8</ele>
   </trkpt>
   <trkpt lat="4.7578250" lon="-75.6111590">
    <ele>1685.8</ele>
   </trkpt>
   <trkpt lat="4.7578250" lon="-75.6111590">
    <ele>1685.8</ele>
   </trkpt>
   <trkpt lat="4.7578250" lon="-75.6111590">
    <ele>1685.8</ele>
   </trkpt>
   <trkpt lat="4.7578250" lon="-75.6111590">
    <ele>1685.8</ele>
   </trkpt>
   <trkpt lat="4.7578260" lon="-75.6111590">
    <ele>1685.8</ele>
   </trkpt>
   <trkpt lat="4.7578250" lon="-75.6111590">
    <ele>1685.8</ele>
   </trkpt>
   <trkpt lat="4.7578250" lon="-75.6111590">
    <ele>1685.8</ele>
   </trkpt>
   <trkpt lat="4.7578250" lon="-75.6111590">
    <ele>1685.8</ele>
   </trkpt>
   <trkpt lat="4.7578240" lon="-75.6111590">
    <ele>1685.8</ele>
   </trkpt>
   <trkpt lat="4.7578240" lon="-75.6111580">
    <ele>1685.8</ele>
   </trkpt>
   <trkpt lat="4.7578240" lon="-75.6111590">
    <ele>1685.8</ele>
   </trkpt>
   <trkpt lat="4.7578240" lon="-75.6111590">
    <ele>1685.8</ele>
   </trkpt>
   <trkpt lat="4.7578240" lon="-75.6111590">
    <ele>1685.8</ele>
   </trkpt>
   <trkpt lat="4.7578230" lon="-75.6111590">
    <ele>1685.8</ele>
   </trkpt>
   <trkpt lat="4.7578230" lon="-75.6111590">
    <ele>1685.8</ele>
   </trkpt>
   <trkpt lat="4.7578230" lon="-75.6111590">
    <ele>1685.8</ele>
   </trkpt>
   <trkpt lat="4.7578230" lon="-75.6111590">
    <ele>1685.8</ele>
   </trkpt>
   <trkpt lat="4.7578230" lon="-75.6111580">
    <ele>1685.8</ele>
   </trkpt>
   <trkpt lat="4.7578220" lon="-75.6111580">
    <ele>1685.8</ele>
   </trkpt>
   <trkpt lat="4.7578230" lon="-75.6111600">
    <ele>1685.8</ele>
   </trkpt>
   <trkpt lat="4.7578230" lon="-75.6111600">
    <ele>1685.8</ele>
   </trkpt>
   <trkpt lat="4.7578230" lon="-75.6111600">
    <ele>1685.8</ele>
   </trkpt>
   <trkpt lat="4.7578230" lon="-75.6111590">
    <ele>1685.8</ele>
   </trkpt>
   <trkpt lat="4.7578230" lon="-75.6111590">
    <ele>1685.8</ele>
   </trkpt>
   <trkpt lat="4.7578220" lon="-75.6111590">
    <ele>1685.8</ele>
   </trkpt>
   <trkpt lat="4.7578220" lon="-75.6111590">
    <ele>1685.8</ele>
   </trkpt>
   <trkpt lat="4.7578220" lon="-75.6111580">
    <ele>1685.8</ele>
   </trkpt>
   <trkpt lat="4.7578220" lon="-75.6111590">
    <ele>1685.8</ele>
   </trkpt>
   <trkpt lat="4.7578220" lon="-75.6111590">
    <ele>1685.8</ele>
   </trkpt>
   <trkpt lat="4.7578220" lon="-75.6111590">
    <ele>1685.8</ele>
   </trkpt>
   <trkpt lat="4.7578220" lon="-75.6111590">
    <ele>1685.8</ele>
   </trkpt>
   <trkpt lat="4.7578220" lon="-75.6111580">
    <ele>1685.8</ele>
   </trkpt>
   <trkpt lat="4.7578220" lon="-75.6111580">
    <ele>1685.8</ele>
   </trkpt>
   <trkpt lat="4.7578210" lon="-75.6111580">
    <ele>1685.8</ele>
   </trkpt>
   <trkpt lat="4.7578210" lon="-75.6111580">
    <ele>1685.8</ele>
   </trkpt>
   <trkpt lat="4.7578210" lon="-75.6111590">
    <ele>1685.8</ele>
   </trkpt>
   <trkpt lat="4.7578210" lon="-75.6111590">
    <ele>1685.8</ele>
   </trkpt>
   <trkpt lat="4.7578210" lon="-75.6111590">
    <ele>1685.8</ele>
   </trkpt>
   <trkpt lat="4.7578200" lon="-75.6111580">
    <ele>1685.8</ele>
   </trkpt>
   <trkpt lat="4.7578200" lon="-75.6111580">
    <ele>1685.8</ele>
   </trkpt>
   <trkpt lat="4.7578200" lon="-75.6111580">
    <ele>1685.8</ele>
   </trkpt>
   <trkpt lat="4.7578200" lon="-75.6111580">
    <ele>1685.8</ele>
   </trkpt>
   <trkpt lat="4.7578200" lon="-75.6111570">
    <ele>1685.8</ele>
   </trkpt>
   <trkpt lat="4.7578210" lon="-75.6111580">
    <ele>1685.8</ele>
   </trkpt>
   <trkpt lat="4.7578210" lon="-75.6111580">
    <ele>1685.8</ele>
   </trkpt>
   <trkpt lat="4.7578210" lon="-75.6111580">
    <ele>1685.8</ele>
   </trkpt>
   <trkpt lat="4.7578210" lon="-75.6111580">
    <ele>1685.8</ele>
   </trkpt>
   <trkpt lat="4.7578210" lon="-75.6111570">
    <ele>1685.8</ele>
   </trkpt>
   <trkpt lat="4.7578210" lon="-75.6111570">
    <ele>1685.8</ele>
   </trkpt>
   <trkpt lat="4.7578210" lon="-75.6111570">
    <ele>1685.8</ele>
   </trkpt>
   <trkpt lat="4.7578210" lon="-75.6111570">
    <ele>1685.8</ele>
   </trkpt>
   <trkpt lat="4.7578210" lon="-75.6111570">
    <ele>1685.8</ele>
   </trkpt>
   <trkpt lat="4.7578210" lon="-75.6111570">
    <ele>1685.8</ele>
   </trkpt>
   <trkpt lat="4.7578220" lon="-75.6111570">
    <ele>1685.8</ele>
   </trkpt>
   <trkpt lat="4.7578200" lon="-75.6111570">
    <ele>1685.8</ele>
   </trkpt>
   <trkpt lat="4.7578200" lon="-75.6111560">
    <ele>1685.8</ele>
   </trkpt>
   <trkpt lat="4.7578200" lon="-75.6111550">
    <ele>1685.8</ele>
   </trkpt>
   <trkpt lat="4.7578200" lon="-75.6111540">
    <ele>1685.8</ele>
   </trkpt>
   <trkpt lat="4.7578200" lon="-75.6111530">
    <ele>1685.8</ele>
   </trkpt>
   <trkpt lat="4.7578200" lon="-75.6111520">
    <ele>1685.8</ele>
   </trkpt>
   <trkpt lat="4.7578200" lon="-75.6111520">
    <ele>1685.8</ele>
   </trkpt>
   <trkpt lat="4.7578200" lon="-75.6111520">
    <ele>1685.8</ele>
   </trkpt>
   <trkpt lat="4.7578190" lon="-75.6111510">
    <ele>1685.8</ele>
   </trkpt>
   <trkpt lat="4.7578190" lon="-75.6111510">
    <ele>1685.8</ele>
   </trkpt>
   <trkpt lat="4.7578190" lon="-75.6111500">
    <ele>1685.8</ele>
   </trkpt>
   <trkpt lat="4.7578190" lon="-75.6111490">
    <ele>1685.8</ele>
   </trkpt>
   <trkpt lat="4.7578180" lon="-75.6111490">
    <ele>1685.8</ele>
   </trkpt>
   <trkpt lat="4.7578180" lon="-75.6111480">
    <ele>1685.8</ele>
   </trkpt>
   <trkpt lat="4.7578170" lon="-75.6111470">
    <ele>1685.8</ele>
   </trkpt>
   <trkpt lat="4.7578170" lon="-75.6111470">
    <ele>1685.8</ele>
   </trkpt>
   <trkpt lat="4.7578170" lon="-75.6111460">
    <ele>1685.8</ele>
   </trkpt>
   <trkpt lat="4.7578170" lon="-75.6111460">
    <ele>1685.8</ele>
   </trkpt>
   <trkpt lat="4.7578160" lon="-75.6111450">
    <ele>1685.8</ele>
   </trkpt>
   <trkpt lat="4.7578160" lon="-75.6111440">
    <ele>1685.8</ele>
   </trkpt>
   <trkpt lat="4.7578160" lon="-75.6111440">
    <ele>1685.8</ele>
   </trkpt>
   <trkpt lat="4.7578160" lon="-75.6111430">
    <ele>1685.8</ele>
   </trkpt>
   <trkpt lat="4.7578140" lon="-75.6111430">
    <ele>1685.8</ele>
   </trkpt>
   <trkpt lat="4.7578140" lon="-75.6111420">
    <ele>1685.8</ele>
   </trkpt>
   <trkpt lat="4.7578140" lon="-75.6111420">
    <ele>1685.8</ele>
   </trkpt>
   <trkpt lat="4.7578130" lon="-75.6111410">
    <ele>1685.8</ele>
   </trkpt>
   <trkpt lat="4.7578130" lon="-75.6111400">
    <ele>1685.8</ele>
   </trkpt>
   <trkpt lat="4.7578130" lon="-75.6111400">
    <ele>1685.8</ele>
   </trkpt>
   <trkpt lat="4.7578130" lon="-75.6111390">
    <ele>1685.8</ele>
   </trkpt>
   <trkpt lat="4.7578130" lon="-75.6111390">
    <ele>1685.8</ele>
   </trkpt>
   <trkpt lat="4.7578110" lon="-75.6111390">
    <ele>1685.8</ele>
   </trkpt>
   <trkpt lat="4.7578110" lon="-75.6111380">
    <ele>1685.8</ele>
   </trkpt>
   <trkpt lat="4.7578110" lon="-75.6111380">
    <ele>1685.8</ele>
   </trkpt>
   <trkpt lat="4.7578100" lon="-75.6111380">
    <ele>1685.8</ele>
   </trkpt>
   <trkpt lat="4.7578100" lon="-75.6111370">
    <ele>1685.8</ele>
   </trkpt>
   <trkpt lat="4.7578100" lon="-75.6111370">
    <ele>1685.8</ele>
   </trkpt>
   <trkpt lat="4.7578080" lon="-75.6111350">
    <ele>1685.8</ele>
   </trkpt>
   <trkpt lat="4.7578080" lon="-75.6111350">
    <ele>1685.8</ele>
   </trkpt>
   <trkpt lat="4.7578080" lon="-75.6111350">
    <ele>1685.8</ele>
   </trkpt>
   <trkpt lat="4.7578060" lon="-75.6111350">
    <ele>1685.8</ele>
   </trkpt>
   <trkpt lat="4.7578060" lon="-75.6111350">
    <ele>1685.8</ele>
   </trkpt>
   <trkpt lat="4.7578060" lon="-75.6111340">
    <ele>1685.8</ele>
   </trkpt>
   <trkpt lat="4.7578060" lon="-75.6111340">
    <ele>1685.8</ele>
   </trkpt>
   <trkpt lat="4.7578050" lon="-75.6111340">
    <ele>1685.8</ele>
   </trkpt>
   <trkpt lat="4.7578060" lon="-75.6111330">
    <ele>1685.8</ele>
   </trkpt>
   <trkpt lat="4.7578050" lon="-75.6111330">
    <ele>1685.8</ele>
   </trkpt>
   <trkpt lat="4.7578050" lon="-75.6111330">
    <ele>1685.8</ele>
   </trkpt>
   <trkpt lat="4.7578050" lon="-75.6111340">
    <ele>1685.8</ele>
   </trkpt>
   <trkpt lat="4.7578050" lon="-75.6111340">
    <ele>1685.8</ele>
   </trkpt>
   <trkpt lat="4.7578050" lon="-75.6111340">
    <ele>1685.8</ele>
   </trkpt>
   <trkpt lat="4.7578050" lon="-75.6111340">
    <ele>1685.8</ele>
   </trkpt>
   <trkpt lat="4.7578060" lon="-75.6111340">
    <ele>1685.8</ele>
   </trkpt>
   <trkpt lat="4.7578060" lon="-75.6111340">
    <ele>1685.8</ele>
   </trkpt>
   <trkpt lat="4.7578060" lon="-75.6111350">
    <ele>1685.8</ele>
   </trkpt>
   <trkpt lat="4.7578060" lon="-75.6111350">
    <ele>1685.8</ele>
   </trkpt>
   <trkpt lat="4.7578060" lon="-75.6111360">
    <ele>1685.8</ele>
   </trkpt>
   <trkpt lat="4.7578060" lon="-75.6111360">
    <ele>1685.8</ele>
   </trkpt>
   <trkpt lat="4.7578070" lon="-75.6111350">
    <ele>1685.8</ele>
   </trkpt>
   <trkpt lat="4.7578080" lon="-75.6111360">
    <ele>1685.8</ele>
   </trkpt>
   <trkpt lat="4.7578090" lon="-75.6111370">
    <ele>1685.8</ele>
   </trkpt>
   <trkpt lat="4.7578090" lon="-75.6111370">
    <ele>1685.8</ele>
   </trkpt>
   <trkpt lat="4.7578090" lon="-75.6111370">
    <ele>1685.8</ele>
   </trkpt>
   <trkpt lat="4.7578090" lon="-75.6111370">
    <ele>1685.8</ele>
   </trkpt>
   <trkpt lat="4.7578100" lon="-75.6111370">
    <ele>1685.8</ele>
   </trkpt>
   <trkpt lat="4.7578090" lon="-75.6111370">
    <ele>1685.8</ele>
   </trkpt>
   <trkpt lat="4.7578090" lon="-75.6111360">
    <ele>1685.8</ele>
   </trkpt>
   <trkpt lat="4.7578090" lon="-75.6111360">
    <ele>1685.8</ele>
   </trkpt>
   <trkpt lat="4.7578090" lon="-75.6111360">
    <ele>1685.8</ele>
   </trkpt>
   <trkpt lat="4.7578090" lon="-75.6111380">
    <ele>1685.8</ele>
   </trkpt>
   <trkpt lat="4.7578090" lon="-75.6111380">
    <ele>1685.8</ele>
   </trkpt>
   <trkpt lat="4.7578090" lon="-75.6111380">
    <ele>1685.8</ele>
   </trkpt>
   <trkpt lat="4.7578080" lon="-75.6111380">
    <ele>1685.8</ele>
   </trkpt>
   <trkpt lat="4.7578080" lon="-75.6111380">
    <ele>1685.8</ele>
   </trkpt>
   <trkpt lat="4.7578080" lon="-75.6111380">
    <ele>1685.8</ele>
   </trkpt>
   <trkpt lat="4.7578080" lon="-75.6111380">
    <ele>1685.8</ele>
   </trkpt>
   <trkpt lat="4.7578070" lon="-75.6111380">
    <ele>1685.8</ele>
   </trkpt>
   <trkpt lat="4.7578070" lon="-75.6111380">
    <ele>1685.8</ele>
   </trkpt>
   <trkpt lat="4.7578070" lon="-75.6111380">
    <ele>1685.8</ele>
   </trkpt>
   <trkpt lat="4.7578060" lon="-75.6111380">
    <ele>1685.8</ele>
   </trkpt>
   <trkpt lat="4.7578060" lon="-75.6111380">
    <ele>1685.8</ele>
   </trkpt>
   <trkpt lat="4.7578060" lon="-75.6111380">
    <ele>1685.8</ele>
   </trkpt>
   <trkpt lat="4.7578050" lon="-75.6111380">
    <ele>1685.8</ele>
   </trkpt>
   <trkpt lat="4.7578050" lon="-75.6111380">
    <ele>1685.8</ele>
   </trkpt>
   <trkpt lat="4.7578050" lon="-75.6111380">
    <ele>1685.8</ele>
   </trkpt>
   <trkpt lat="4.7578040" lon="-75.6111380">
    <ele>1685.8</ele>
   </trkpt>
   <trkpt lat="4.7578040" lon="-75.6111380">
    <ele>1685.8</ele>
   </trkpt>
   <trkpt lat="4.7578040" lon="-75.6111380">
    <ele>1685.8</ele>
   </trkpt>
   <trkpt lat="4.7578040" lon="-75.6111380">
    <ele>1685.8</ele>
   </trkpt>
   <trkpt lat="4.7578030" lon="-75.6111380">
    <ele>1685.8</ele>
   </trkpt>
   <trkpt lat="4.7578030" lon="-75.6111380">
    <ele>1685.8</ele>
   </trkpt>
   <trkpt lat="4.7578030" lon="-75.6111380">
    <ele>1685.8</ele>
   </trkpt>
   <trkpt lat="4.7578030" lon="-75.6111380">
    <ele>1685.8</ele>
   </trkpt>
   <trkpt lat="4.7578030" lon="-75.6111370">
    <ele>1685.8</ele>
   </trkpt>
   <trkpt lat="4.7578030" lon="-75.6111370">
    <ele>1685.8</ele>
   </trkpt>
   <trkpt lat="4.7578030" lon="-75.6111370">
    <ele>1685.8</ele>
   </trkpt>
   <trkpt lat="4.7578020" lon="-75.6111370">
    <ele>1685.8</ele>
   </trkpt>
   <trkpt lat="4.7578010" lon="-75.6111370">
    <ele>1685.8</ele>
   </trkpt>
   <trkpt lat="4.7578010" lon="-75.6111370">
    <ele>1685.8</ele>
   </trkpt>
   <trkpt lat="4.7578010" lon="-75.6111370">
    <ele>1685.8</ele>
   </trkpt>
   <trkpt lat="4.7578000" lon="-75.6111370">
    <ele>1685.8</ele>
   </trkpt>
   <trkpt lat="4.7578000" lon="-75.6111370">
    <ele>1685.8</ele>
   </trkpt>
   <trkpt lat="4.7578000" lon="-75.6111380">
    <ele>1685.9</ele>
   </trkpt>
   <trkpt lat="4.7578000" lon="-75.6111380">
    <ele>1685.9</ele>
   </trkpt>
   <trkpt lat="4.7578000" lon="-75.6111380">
    <ele>1685.9</ele>
   </trkpt>
   <trkpt lat="4.7578000" lon="-75.6111380">
    <ele>1685.9</ele>
   </trkpt>
   <trkpt lat="4.7578000" lon="-75.6111380">
    <ele>1685.9</ele>
   </trkpt>
   <trkpt lat="4.7578000" lon="-75.6111380">
    <ele>1685.9</ele>
   </trkpt>
   <trkpt lat="4.7577990" lon="-75.6111380">
    <ele>1685.9</ele>
   </trkpt>
   <trkpt lat="4.7577990" lon="-75.6111380">
    <ele>1685.9</ele>
   </trkpt>
   <trkpt lat="4.7578000" lon="-75.6111390">
    <ele>1685.9</ele>
   </trkpt>
   <trkpt lat="4.7578000" lon="-75.6111390">
    <ele>1685.9</ele>
   </trkpt>
   <trkpt lat="4.7578000" lon="-75.6111390">
    <ele>1685.9</ele>
   </trkpt>
   <trkpt lat="4.7578000" lon="-75.6111390">
    <ele>1685.9</ele>
   </trkpt>
   <trkpt lat="4.7578000" lon="-75.6111390">
    <ele>1685.9</ele>
   </trkpt>
   <trkpt lat="4.7578000" lon="-75.6111390">
    <ele>1685.9</ele>
   </trkpt>
   <trkpt lat="4.7578000" lon="-75.6111390">
    <ele>1685.9</ele>
   </trkpt>
   <trkpt lat="4.7578000" lon="-75.6111400">
    <ele>1685.9</ele>
   </trkpt>
   <trkpt lat="4.7578010" lon="-75.6111400">
    <ele>1685.9</ele>
   </trkpt>
   <trkpt lat="4.7578010" lon="-75.6111400">
    <ele>1685.9</ele>
   </trkpt>
   <trkpt lat="4.7578010" lon="-75.6111400">
    <ele>1685.9</ele>
   </trkpt>
   <trkpt lat="4.7578010" lon="-75.6111400">
    <ele>1685.9</ele>
   </trkpt>
   <trkpt lat="4.7578010" lon="-75.6111400">
    <ele>1685.9</ele>
   </trkpt>
   <trkpt lat="4.7578010" lon="-75.6111410">
    <ele>1685.9</ele>
   </trkpt>
   <trkpt lat="4.7578010" lon="-75.6111410">
    <ele>1685.9</ele>
   </trkpt>
   <trkpt lat="4.7578010" lon="-75.6111410">
    <ele>1685.9</ele>
   </trkpt>
   <trkpt lat="4.7578010" lon="-75.6111410">
    <ele>1685.9</ele>
   </trkpt>
   <trkpt lat="4.7578020" lon="-75.6111410">
    <ele>1685.9</ele>
   </trkpt>
   <trkpt lat="4.7578010" lon="-75.6111410">
    <ele>1685.9</ele>
   </trkpt>
   <trkpt lat="4.7578010" lon="-75.6111410">
    <ele>1685.9</ele>
   </trkpt>
   <trkpt lat="4.7578010" lon="-75.6111420">
    <ele>1685.9</ele>
   </trkpt>
   <trkpt lat="4.7578010" lon="-75.6111420">
    <ele>1685.9</ele>
   </trkpt>
   <trkpt lat="4.7578010" lon="-75.6111420">
    <ele>1685.9</ele>
   </trkpt>
   <trkpt lat="4.7578010" lon="-75.6111420">
    <ele>1685.9</ele>
   </trkpt>
   <trkpt lat="4.7578010" lon="-75.6111420">
    <ele>1685.9</ele>
   </trkpt>
   <trkpt lat="4.7578020" lon="-75.6111420">
    <ele>1685.9</ele>
   </trkpt>
   <trkpt lat="4.7578020" lon="-75.6111420">
    <ele>1685.9</ele>
   </trkpt>
   <trkpt lat="4.7578020" lon="-75.6111420">
    <ele>1685.9</ele>
   </trkpt>
   <trkpt lat="4.7578020" lon="-75.6111420">
    <ele>1685.9</ele>
   </trkpt>
   <trkpt lat="4.7578020" lon="-75.6111420">
    <ele>1685.9</ele>
   </trkpt>
   <trkpt lat="4.7578020" lon="-75.6111420">
    <ele>1685.9</ele>
   </trkpt>
   <trkpt lat="4.7578020" lon="-75.6111410">
    <ele>1685.9</ele>
   </trkpt>
   <trkpt lat="4.7578020" lon="-75.6111420">
    <ele>1685.9</ele>
   </trkpt>
   <trkpt lat="4.7578030" lon="-75.6111430">
    <ele>1685.9</ele>
   </trkpt>
   <trkpt lat="4.7578030" lon="-75.6111430">
    <ele>1685.9</ele>
   </trkpt>
   <trkpt lat="4.7578040" lon="-75.6111410">
    <ele>1685.9</ele>
   </trkpt>
   <trkpt lat="4.7578050" lon="-75.6111400">
    <ele>1685.9</ele>
   </trkpt>
   <trkpt lat="4.7578050" lon="-75.6111390">
    <ele>1685.9</ele>
   </trkpt>
   <trkpt lat="4.7578040" lon="-75.6111400">
    <ele>1685.9</ele>
   </trkpt>
   <trkpt lat="4.7578040" lon="-75.6111390">
    <ele>1685.9</ele>
   </trkpt>
   <trkpt lat="4.7578040" lon="-75.6111390">
    <ele>1685.9</ele>
   </trkpt>
   <trkpt lat="4.7578050" lon="-75.6111450">
    <ele>1685.9</ele>
   </trkpt>
   <trkpt lat="4.7578040" lon="-75.6111460">
    <ele>1685.9</ele>
   </trkpt>
   <trkpt lat="4.7578040" lon="-75.6111450">
    <ele>1685.9</ele>
   </trkpt>
   <trkpt lat="4.7578040" lon="-75.6111450">
    <ele>1685.9</ele>
   </trkpt>
   <trkpt lat="4.7578040" lon="-75.6111450">
    <ele>1685.9</ele>
   </trkpt>
   <trkpt lat="4.7578040" lon="-75.6111440">
    <ele>1685.9</ele>
   </trkpt>
   <trkpt lat="4.7578040" lon="-75.6111440">
    <ele>1685.9</ele>
   </trkpt>
   <trkpt lat="4.7578040" lon="-75.6111430">
    <ele>1685.9</ele>
   </trkpt>
   <trkpt lat="4.7578060" lon="-75.6111450">
    <ele>1685.9</ele>
   </trkpt>
   <trkpt lat="4.7578060" lon="-75.6111460">
    <ele>1685.9</ele>
   </trkpt>
   <trkpt lat="4.7578060" lon="-75.6111460">
    <ele>1685.9</ele>
   </trkpt>
   <trkpt lat="4.7578060" lon="-75.6111460">
    <ele>1685.9</ele>
   </trkpt>
   <trkpt lat="4.7578050" lon="-75.6111460">
    <ele>1685.9</ele>
   </trkpt>
   <trkpt lat="4.7578050" lon="-75.6111470">
    <ele>1685.9</ele>
   </trkpt>
   <trkpt lat="4.7578040" lon="-75.6111460">
    <ele>1685.9</ele>
   </trkpt>
   <trkpt lat="4.7578040" lon="-75.6111470">
    <ele>1685.9</ele>
   </trkpt>
   <trkpt lat="4.7578030" lon="-75.6111470">
    <ele>1685.9</ele>
   </trkpt>
   <trkpt lat="4.7578080" lon="-75.6111490">
    <ele>1685.9</ele>
   </trkpt>
   <trkpt lat="4.7578080" lon="-75.6111500">
    <ele>1685.9</ele>
   </trkpt>
   <trkpt lat="4.7578090" lon="-75.6111500">
    <ele>1685.9</ele>
   </trkpt>
   <trkpt lat="4.7578080" lon="-75.6111500">
    <ele>1685.9</ele>
   </trkpt>
   <trkpt lat="4.7578080" lon="-75.6111500">
    <ele>1685.9</ele>
   </trkpt>
   <trkpt lat="4.7578080" lon="-75.6111500">
    <ele>1685.9</ele>
   </trkpt>
   <trkpt lat="4.7578070" lon="-75.6111490">
    <ele>1685.9</ele>
   </trkpt>
   <trkpt lat="4.7578060" lon="-75.6111490">
    <ele>1685.9</ele>
   </trkpt>
   <trkpt lat="4.7578090" lon="-75.6111520">
    <ele>1685.9</ele>
   </trkpt>
   <trkpt lat="4.7578080" lon="-75.6111510">
    <ele>1685.9</ele>
   </trkpt>
   <trkpt lat="4.7578070" lon="-75.6111510">
    <ele>1685.9</ele>
   </trkpt>
   <trkpt lat="4.7578060" lon="-75.6111500">
    <ele>1685.9</ele>
   </trkpt>
   <trkpt lat="4.7578050" lon="-75.6111500">
    <ele>1685.9</ele>
   </trkpt>
   <trkpt lat="4.7578050" lon="-75.6111490">
    <ele>1685.9</ele>
   </trkpt>
   <trkpt lat="4.7578040" lon="-75.6111490">
    <ele>1685.9</ele>
   </trkpt>
   <trkpt lat="4.7578040" lon="-75.6111490">
    <ele>1685.9</ele>
   </trkpt>
   <trkpt lat="4.7578070" lon="-75.6111520">
    <ele>1685.9</ele>
   </trkpt>
   <trkpt lat="4.7578060" lon="-75.6111520">
    <ele>1685.9</ele>
   </trkpt>
   <trkpt lat="4.7578060" lon="-75.6111510">
    <ele>1685.9</ele>
   </trkpt>
   <trkpt lat="4.7578050" lon="-75.6111510">
    <ele>1685.9</ele>
   </trkpt>
   <trkpt lat="4.7578050" lon="-75.6111500">
    <ele>1685.9</ele>
   </trkpt>
   <trkpt lat="4.7578060" lon="-75.6111510">
    <ele>1685.9</ele>
   </trkpt>
   <trkpt lat="4.7578070" lon="-75.6111510">
    <ele>1685.9</ele>
   </trkpt>
   <trkpt lat="4.7578080" lon="-75.6111520">
    <ele>1685.9</ele>
   </trkpt>
   <trkpt lat="4.7578100" lon="-75.6111530">
    <ele>1685.9</ele>
   </trkpt>
   <trkpt lat="4.7578100" lon="-75.6111530">
    <ele>1685.9</ele>
   </trkpt>
   <trkpt lat="4.7578110" lon="-75.6111530">
    <ele>1685.9</ele>
   </trkpt>
   <trkpt lat="4.7578110" lon="-75.6111530">
    <ele>1685.9</ele>
   </trkpt>
   <trkpt lat="4.7578110" lon="-75.6111530">
    <ele>1685.9</ele>
   </trkpt>
   <trkpt lat="4.7578110" lon="-75.6111530">
    <ele>1685.9</ele>
   </trkpt>
   <trkpt lat="4.7578110" lon="-75.6111530">
    <ele>1685.9</ele>
   </trkpt>
   <trkpt lat="4.7578110" lon="-75.6111530">
    <ele>1685.9</ele>
   </trkpt>
   <trkpt lat="4.7578140" lon="-75.6111540">
    <ele>1685.9</ele>
   </trkpt>
   <trkpt lat="4.7578150" lon="-75.6111540">
    <ele>1685.9</ele>
   </trkpt>
   <trkpt lat="4.7578150" lon="-75.6111540">
    <ele>1685.9</ele>
   </trkpt>
   <trkpt lat="4.7578150" lon="-75.6111530">
    <ele>1685.9</ele>
   </trkpt>
   <trkpt lat="4.7578140" lon="-75.6111530">
    <ele>1685.9</ele>
   </trkpt>
   <trkpt lat="4.7578140" lon="-75.6111520">
    <ele>1685.9</ele>
   </trkpt>
   <trkpt lat="4.7578140" lon="-75.6111510">
    <ele>1685.9</ele>
   </trkpt>
   <trkpt lat="4.7578150" lon="-75.6111490">
    <ele>1686.0</ele>
   </trkpt>
   <trkpt lat="4.7578160" lon="-75.6111480">
    <ele>1686.0</ele>
   </trkpt>
   <trkpt lat="4.7578180" lon="-75.6111470">
    <ele>1686.0</ele>
   </trkpt>
   <trkpt lat="4.7578170" lon="-75.6111480">
    <ele>1686.0</ele>
   </trkpt>
   <trkpt lat="4.7578160" lon="-75.6111470">
    <ele>1686.0</ele>
   </trkpt>
   <trkpt lat="4.7578150" lon="-75.6111460">
    <ele>1686.0</ele>
   </trkpt>
   <trkpt lat="4.7578150" lon="-75.6111450">
    <ele>1686.0</ele>
   </trkpt>
   <trkpt lat="4.7578140" lon="-75.6111450">
    <ele>1686.0</ele>
   </trkpt>
   <trkpt lat="4.7578140" lon="-75.6111440">
    <ele>1686.0</ele>
   </trkpt>
   <trkpt lat="4.7578130" lon="-75.6111430">
    <ele>1686.0</ele>
   </trkpt>
   <trkpt lat="4.7578150" lon="-75.6111450">
    <ele>1686.0</ele>
   </trkpt>
   <trkpt lat="4.7578140" lon="-75.6111440">
    <ele>1686.0</ele>
   </trkpt>
   <trkpt lat="4.7578150" lon="-75.6111430">
    <ele>1686.0</ele>
   </trkpt>
   <trkpt lat="4.7578160" lon="-75.6111420">
    <ele>1686.0</ele>
   </trkpt>
   <trkpt lat="4.7578160" lon="-75.6111410">
    <ele>1686.0</ele>
   </trkpt>
   <trkpt lat="4.7578160" lon="-75.6111410">
    <ele>1686.0</ele>
   </trkpt>
   <trkpt lat="4.7578160" lon="-75.6111410">
    <ele>1686.0</ele>
   </trkpt>
   <trkpt lat="4.7578160" lon="-75.6111410">
    <ele>1686.0</ele>
   </trkpt>
   <trkpt lat="4.7578180" lon="-75.6111430">
    <ele>1686.0</ele>
   </trkpt>
   <trkpt lat="4.7578190" lon="-75.6111430">
    <ele>1686.0</ele>
   </trkpt>
   <trkpt lat="4.7578190" lon="-75.6111430">
    <ele>1686.0</ele>
   </trkpt>
   <trkpt lat="4.7578190" lon="-75.6111430">
    <ele>1686.0</ele>
   </trkpt>
   <trkpt lat="4.7578190" lon="-75.6111430">
    <ele>1686.0</ele>
   </trkpt>
   <trkpt lat="4.7578190" lon="-75.6111430">
    <ele>1686.0</ele>
   </trkpt>
   <trkpt lat="4.7578190" lon="-75.6111420">
    <ele>1686.0</ele>
   </trkpt>
   <trkpt lat="4.7578190" lon="-75.6111420">
    <ele>1686.0</ele>
   </trkpt>
   <trkpt lat="4.7578230" lon="-75.6111460">
    <ele>1686.0</ele>
   </trkpt>
   <trkpt lat="4.7578240" lon="-75.6111470">
    <ele>1686.0</ele>
   </trkpt>
   <trkpt lat="4.7578240" lon="-75.6111480">
    <ele>1686.0</ele>
   </trkpt>
   <trkpt lat="4.7578240" lon="-75.6111480">
    <ele>1686.0</ele>
   </trkpt>
   <trkpt lat="4.7578240" lon="-75.6111480">
    <ele>1686.0</ele>
   </trkpt>
   <trkpt lat="4.7578230" lon="-75.6111480">
    <ele>1686.0</ele>
   </trkpt>
   <trkpt lat="4.7578220" lon="-75.6111470">
    <ele>1686.0</ele>
   </trkpt>
   <trkpt lat="4.7578220" lon="-75.6111480">
    <ele>1686.0</ele>
   </trkpt>
   <trkpt lat="4.7578260" lon="-75.6111500">
    <ele>1686.0</ele>
   </trkpt>
   <trkpt lat="4.7578260" lon="-75.6111510">
    <ele>1686.0</ele>
   </trkpt>
   <trkpt lat="4.7578260" lon="-75.6111520">
    <ele>1686.0</ele>
   </trkpt>
   <trkpt lat="4.7578260" lon="-75.6111520">
    <ele>1686.0</ele>
   </trkpt>
   <trkpt lat="4.7578250" lon="-75.6111520">
    <ele>1686.0</ele>
   </trkpt>
   <trkpt lat="4.7578250" lon="-75.6111520">
    <ele>1686.0</ele>
   </trkpt>
   <trkpt lat="4.7578250" lon="-75.6111520">
    <ele>1686.0</ele>
   </trkpt>
   <trkpt lat="4.7578240" lon="-75.6111520">
    <ele>1686.0</ele>
   </trkpt>
   <trkpt lat="4.7578290" lon="-75.6111530">
    <ele>1686.0</ele>
   </trkpt>
   <trkpt lat="4.7578290" lon="-75.6111590">
    <ele>1686.0</ele>
   </trkpt>
   <trkpt lat="4.7578290" lon="-75.6111610">
    <ele>1686.0</ele>
   </trkpt>
   <trkpt lat="4.7578290" lon="-75.6111620">
    <ele>1686.0</ele>
   </trkpt>
   <trkpt lat="4.7578290" lon="-75.6111650">
    <ele>1686.0</ele>
   </trkpt>
   <trkpt lat="4.7578300" lon="-75.6111650">
    <ele>1686.0</ele>
   </trkpt>
   <trkpt lat="4.7578300" lon="-75.6111650">
    <ele>1686.0</ele>
   </trkpt>
   <trkpt lat="4.7578300" lon="-75.6111650">
    <ele>1686.0</ele>
   </trkpt>
   <trkpt lat="4.7578310" lon="-75.6111640">
    <ele>1686.0</ele>
   </trkpt>
   <trkpt lat="4.7578330" lon="-75.6111640">
    <ele>1686.0</ele>
   </trkpt>
   <trkpt lat="4.7578330" lon="-75.6111640">
    <ele>1686.0</ele>
   </trkpt>
   <trkpt lat="4.7578340" lon="-75.6111640">
    <ele>1686.0</ele>
   </trkpt>
   <trkpt lat="4.7578340" lon="-75.6111640">
    <ele>1686.0</ele>
   </trkpt>
   <trkpt lat="4.7578340" lon="-75.6111640">
    <ele>1686.0</ele>
   </trkpt>
   <trkpt lat="4.7578350" lon="-75.6111640">
    <ele>1686.0</ele>
   </trkpt>
   <trkpt lat="4.7578350" lon="-75.6111630">
    <ele>1686.0</ele>
   </trkpt>
   <trkpt lat="4.7578340" lon="-75.6111630">
    <ele>1686.0</ele>
   </trkpt>
   <trkpt lat="4.7578370" lon="-75.6111650">
    <ele>1686.0</ele>
   </trkpt>
   <trkpt lat="4.7578370" lon="-75.6111650">
    <ele>1686.0</ele>
   </trkpt>
   <trkpt lat="4.7578370" lon="-75.6111650">
    <ele>1686.0</ele>
   </trkpt>
   <trkpt lat="4.7578370" lon="-75.6111640">
    <ele>1686.0</ele>
   </trkpt>
   <trkpt lat="4.7578370" lon="-75.6111640">
    <ele>1686.0</ele>
   </trkpt>
   <trkpt lat="4.7578360" lon="-75.6111630">
    <ele>1686.0</ele>
   </trkpt>
   <trkpt lat="4.7578360" lon="-75.6111620">
    <ele>1686.0</ele>
   </trkpt>
   <trkpt lat="4.7578350" lon="-75.6111610">
    <ele>1686.0</ele>
   </trkpt>
   <trkpt lat="4.7578340" lon="-75.6111580">
    <ele>1686.0</ele>
   </trkpt>
   <trkpt lat="4.7578330" lon="-75.6111580">
    <ele>1686.0</ele>
   </trkpt>
   <trkpt lat="4.7578330" lon="-75.6111580">
    <ele>1686.0</ele>
   </trkpt>
   <trkpt lat="4.7578330" lon="-75.6111570">
    <ele>1686.0</ele>
   </trkpt>
   <trkpt lat="4.7578320" lon="-75.6111570">
    <ele>1686.0</ele>
   </trkpt>
   <trkpt lat="4.7578320" lon="-75.6111570">
    <ele>1686.0</ele>
   </trkpt>
   <trkpt lat="4.7578310" lon="-75.6111560">
    <ele>1686.1</ele>
   </trkpt>
   <trkpt lat="4.7578310" lon="-75.6111560">
    <ele>1686.1</ele>
   </trkpt>
   <trkpt lat="4.7578320" lon="-75.6111570">
    <ele>1686.1</ele>
   </trkpt>
   <trkpt lat="4.7578310" lon="-75.6111560">
    <ele>1686.1</ele>
   </trkpt>
   <trkpt lat="4.7578310" lon="-75.6111560">
    <ele>1686.1</ele>
   </trkpt>
   <trkpt lat="4.7578310" lon="-75.6111560">
    <ele>1686.1</ele>
   </trkpt>
   <trkpt lat="4.7578310" lon="-75.6111560">
    <ele>1686.1</ele>
   </trkpt>
   <trkpt lat="4.7578300" lon="-75.6111560">
    <ele>1686.1</ele>
   </trkpt>
   <trkpt lat="4.7578300" lon="-75.6111550">
    <ele>1686.1</ele>
   </trkpt>
   <trkpt lat="4.7578300" lon="-75.6111540">
    <ele>1686.1</ele>
   </trkpt>
   <trkpt lat="4.7578310" lon="-75.6111580">
    <ele>1686.1</ele>
   </trkpt>
   <trkpt lat="4.7578310" lon="-75.6111580">
    <ele>1686.1</ele>
   </trkpt>
   <trkpt lat="4.7578300" lon="-75.6111580">
    <ele>1686.1</ele>
   </trkpt>
   <trkpt lat="4.7578300" lon="-75.6111580">
    <ele>1686.1</ele>
   </trkpt>
   <trkpt lat="4.7578300" lon="-75.6111570">
    <ele>1686.1</ele>
   </trkpt>
   <trkpt lat="4.7578300" lon="-75.6111570">
    <ele>1686.1</ele>
   </trkpt>
   <trkpt lat="4.7578290" lon="-75.6111570">
    <ele>1686.1</ele>
   </trkpt>
   <trkpt lat="4.7578290" lon="-75.6111560">
    <ele>1686.1</ele>
   </trkpt>
   <trkpt lat="4.7578290" lon="-75.6111560">
    <ele>1686.1</ele>
   </trkpt>
   <trkpt lat="4.7578320" lon="-75.6111640">
    <ele>1686.1</ele>
   </trkpt>
   <trkpt lat="4.7578330" lon="-75.6111680">
    <ele>1686.1</ele>
   </trkpt>
   <trkpt lat="4.7578330" lon="-75.6111690">
    <ele>1686.1</ele>
   </trkpt>
   <trkpt lat="4.7578320" lon="-75.6111700">
    <ele>1686.1</ele>
   </trkpt>
   <trkpt lat="4.7578320" lon="-75.6111700">
    <ele>1686.1</ele>
   </trkpt>
   <trkpt lat="4.7578320" lon="-75.6111690">
    <ele>1686.1</ele>
   </trkpt>
   <trkpt lat="4.7578310" lon="-75.6111690">
    <ele>1686.1</ele>
   </trkpt>
   <trkpt lat="4.7578300" lon="-75.6111680">
    <ele>1686.1</ele>
   </trkpt>
   <trkpt lat="4.7578290" lon="-75.6111650">
    <ele>1686.1</ele>
   </trkpt>
   <trkpt lat="4.7578280" lon="-75.6111670">
    <ele>1686.1</ele>
   </trkpt>
   <trkpt lat="4.7578260" lon="-75.6111670">
    <ele>1686.1</ele>
   </trkpt>
   <trkpt lat="4.7578260" lon="-75.6111670">
    <ele>1686.1</ele>
   </trkpt>
   <trkpt lat="4.7578260" lon="-75.6111660">
    <ele>1686.1</ele>
   </trkpt>
   <trkpt lat="4.7578250" lon="-75.6111660">
    <ele>1686.1</ele>
   </trkpt>
   <trkpt lat="4.7578240" lon="-75.6111660">
    <ele>1686.1</ele>
   </trkpt>
   <trkpt lat="4.7578230" lon="-75.6111650">
    <ele>1686.1</ele>
   </trkpt>
   <trkpt lat="4.7578300" lon="-75.6111730">
    <ele>1686.1</ele>
   </trkpt>
   <trkpt lat="4.7578310" lon="-75.6111740">
    <ele>1686.1</ele>
   </trkpt>
   <trkpt lat="4.7578310" lon="-75.6111740">
    <ele>1686.1</ele>
   </trkpt>
   <trkpt lat="4.7578310" lon="-75.6111740">
    <ele>1686.1</ele>
   </trkpt>
   <trkpt lat="4.7578300" lon="-75.6111740">
    <ele>1686.1</ele>
   </trkpt>
   <trkpt lat="4.7578300" lon="-75.6111730">
    <ele>1686.1</ele>
   </trkpt>
   <trkpt lat="4.7578290" lon="-75.6111730">
    <ele>1686.1</ele>
   </trkpt>
   <trkpt lat="4.7578290" lon="-75.6111730">
    <ele>1686.1</ele>
   </trkpt>
   <trkpt lat="4.7578290" lon="-75.6111730">
    <ele>1686.1</ele>
   </trkpt>
   <trkpt lat="4.7578290" lon="-75.6111730">
    <ele>1686.1</ele>
   </trkpt>
   <trkpt lat="4.7578290" lon="-75.6111730">
    <ele>1686.1</ele>
   </trkpt>
   <trkpt lat="4.7578290" lon="-75.6111730">
    <ele>1686.1</ele>
   </trkpt>
   <trkpt lat="4.7578280" lon="-75.6111710">
    <ele>1686.1</ele>
   </trkpt>
   <trkpt lat="4.7578270" lon="-75.6111700">
    <ele>1686.1</ele>
   </trkpt>
   <trkpt lat="4.7578270" lon="-75.6111700">
    <ele>1686.1</ele>
   </trkpt>
   <trkpt lat="4.7578270" lon="-75.6111690">
    <ele>1686.1</ele>
   </trkpt>
   <trkpt lat="4.7578270" lon="-75.6111690">
    <ele>1686.1</ele>
   </trkpt>
   <trkpt lat="4.7578230" lon="-75.6111640">
    <ele>1686.1</ele>
   </trkpt>
   <trkpt lat="4.7578230" lon="-75.6111640">
    <ele>1686.1</ele>
   </trkpt>
   <trkpt lat="4.7578230" lon="-75.6111630">
    <ele>1686.1</ele>
   </trkpt>
   <trkpt lat="4.7578230" lon="-75.6111630">
    <ele>1686.1</ele>
   </trkpt>
   <trkpt lat="4.7578240" lon="-75.6111630">
    <ele>1686.1</ele>
   </trkpt>
   <trkpt lat="4.7578240" lon="-75.6111630">
    <ele>1686.1</ele>
   </trkpt>
   <trkpt lat="4.7578240" lon="-75.6111630">
    <ele>1686.1</ele>
   </trkpt>
   <trkpt lat="4.7578240" lon="-75.6111630">
    <ele>1686.1</ele>
   </trkpt>
   <trkpt lat="4.7578250" lon="-75.6111640">
    <ele>1686.1</ele>
   </trkpt>
   <trkpt lat="4.7578260" lon="-75.6111650">
    <ele>1686.1</ele>
   </trkpt>
   <trkpt lat="4.7578260" lon="-75.6111650">
    <ele>1686.1</ele>
   </trkpt>
   <trkpt lat="4.7578270" lon="-75.6111660">
    <ele>1686.1</ele>
   </trkpt>
   <trkpt lat="4.7578280" lon="-75.6111670">
    <ele>1686.1</ele>
   </trkpt>
   <trkpt lat="4.7578300" lon="-75.6111680">
    <ele>1686.1</ele>
   </trkpt>
   <trkpt lat="4.7578300" lon="-75.6111690">
    <ele>1686.1</ele>
   </trkpt>
   <trkpt lat="4.7578310" lon="-75.6111690">
    <ele>1686.1</ele>
   </trkpt>
   <trkpt lat="4.7578320" lon="-75.6111700">
    <ele>1686.1</ele>
   </trkpt>
   <trkpt lat="4.7578330" lon="-75.6111700">
    <ele>1686.1</ele>
   </trkpt>
   <trkpt lat="4.7578340" lon="-75.6111700">
    <ele>1686.2</ele>
   </trkpt>
   <trkpt lat="4.7578340" lon="-75.6111700">
    <ele>1686.2</ele>
   </trkpt>
   <trkpt lat="4.7578350" lon="-75.6111700">
    <ele>1686.2</ele>
   </trkpt>
   <trkpt lat="4.7578360" lon="-75.6111700">
    <ele>1686.2</ele>
   </trkpt>
   <trkpt lat="4.7578360" lon="-75.6111700">
    <ele>1686.2</ele>
   </trkpt>
   <trkpt lat="4.7578350" lon="-75.6111690">
    <ele>1686.2</ele>
   </trkpt>
   <trkpt lat="4.7578360" lon="-75.6111700">
    <ele>1686.2</ele>
   </trkpt>
   <trkpt lat="4.7578360" lon="-75.6111690">
    <ele>1686.2</ele>
   </trkpt>
   <trkpt lat="4.7578360" lon="-75.6111680">
    <ele>1686.2</ele>
   </trkpt>
   <trkpt lat="4.7578350" lon="-75.6111680">
    <ele>1686.2</ele>
   </trkpt>
   <trkpt lat="4.7578340" lon="-75.6111660">
    <ele>1686.2</ele>
   </trkpt>
   <trkpt lat="4.7578330" lon="-75.6111650">
    <ele>1686.2</ele>
   </trkpt>
   <trkpt lat="4.7578320" lon="-75.6111640">
    <ele>1686.2</ele>
   </trkpt>
   <trkpt lat="4.7578320" lon="-75.6111630">
    <ele>1686.2</ele>
   </trkpt>
   <trkpt lat="4.7578320" lon="-75.6111630">
    <ele>1686.2</ele>
   </trkpt>
   <trkpt lat="4.7578320" lon="-75.6111620">
    <ele>1686.2</ele>
   </trkpt>
   <trkpt lat="4.7578310" lon="-75.6111610">
    <ele>1686.2</ele>
   </trkpt>
   <trkpt lat="4.7578310" lon="-75.6111590">
    <ele>1686.2</ele>
   </trkpt>
   <trkpt lat="4.7578310" lon="-75.6111590">
    <ele>1686.2</ele>
   </trkpt>
   <trkpt lat="4.7578310" lon="-75.6111580">
    <ele>1686.2</ele>
   </trkpt>
   <trkpt lat="4.7578300" lon="-75.6111570">
    <ele>1686.2</ele>
   </trkpt>
   <trkpt lat="4.7578300" lon="-75.6111560">
    <ele>1686.2</ele>
   </trkpt>
   <trkpt lat="4.7578290" lon="-75.6111550">
    <ele>1686.2</ele>
   </trkpt>
   <trkpt lat="4.7578280" lon="-75.6111550">
    <ele>1686.2</ele>
   </trkpt>
   <trkpt lat="4.7578280" lon="-75.6111540">
    <ele>1686.2</ele>
   </trkpt>
   <trkpt lat="4.7578270" lon="-75.6111540">
    <ele>1686.2</ele>
   </trkpt>
   <trkpt lat="4.7578270" lon="-75.6111530">
    <ele>1686.2</ele>
   </trkpt>
   <trkpt lat="4.7578260" lon="-75.6111520">
    <ele>1686.2</ele>
   </trkpt>
   <trkpt lat="4.7578250" lon="-75.6111520">
    <ele>1686.2</ele>
   </trkpt>
   <trkpt lat="4.7578240" lon="-75.6111520">
    <ele>1686.2</ele>
   </trkpt>
   <trkpt lat="4.7578240" lon="-75.6111520">
    <ele>1686.2</ele>
   </trkpt>
   <trkpt lat="4.7578240" lon="-75.6111530">
    <ele>1686.2</ele>
   </trkpt>
   <trkpt lat="4.7578230" lon="-75.6111530">
    <ele>1686.2</ele>
   </trkpt>
   <trkpt lat="4.7578220" lon="-75.6111530">
    <ele>1686.2</ele>
   </trkpt>
   <trkpt lat="4.7578220" lon="-75.6111530">
    <ele>1686.2</ele>
   </trkpt>
   <trkpt lat="4.7578210" lon="-75.6111530">
    <ele>1686.2</ele>
   </trkpt>
   <trkpt lat="4.7578200" lon="-75.6111530">
    <ele>1686.2</ele>
   </trkpt>
   <trkpt lat="4.7578200" lon="-75.6111540">
    <ele>1686.2</ele>
   </trkpt>
   <trkpt lat="4.7578190" lon="-75.6111530">
    <ele>1686.2</ele>
   </trkpt>
   <trkpt lat="4.7578220" lon="-75.6111570">
    <ele>1686.2</ele>
   </trkpt>
   <trkpt lat="4.7578220" lon="-75.6111570">
    <ele>1686.2</ele>
   </trkpt>
   <trkpt lat="4.7578220" lon="-75.6111570">
    <ele>1686.2</ele>
   </trkpt>
   <trkpt lat="4.7578220" lon="-75.6111570">
    <ele>1686.2</ele>
   </trkpt>
   <trkpt lat="4.7578220" lon="-75.6111570">
    <ele>1686.2</ele>
   </trkpt>
   <trkpt lat="4.7578230" lon="-75.6111570">
    <ele>1686.2</ele>
   </trkpt>
   <trkpt lat="4.7578230" lon="-75.6111570">
    <ele>1686.2</ele>
   </trkpt>
   <trkpt lat="4.7578240" lon="-75.6111570">
    <ele>1686.2</ele>
   </trkpt>
   <trkpt lat="4.7578260" lon="-75.6111580">
    <ele>1686.2</ele>
   </trkpt>
   <trkpt lat="4.7578260" lon="-75.6111580">
    <ele>1686.2</ele>
   </trkpt>
   <trkpt lat="4.7578270" lon="-75.6111570">
    <ele>1686.2</ele>
   </trkpt>
   <trkpt lat="4.7578270" lon="-75.6111570">
    <ele>1686.2</ele>
   </trkpt>
   <trkpt lat="4.7578280" lon="-75.6111570">
    <ele>1686.2</ele>
   </trkpt>
   <trkpt lat="4.7578290" lon="-75.6111570">
    <ele>1686.2</ele>
   </trkpt>
   <trkpt lat="4.7578290" lon="-75.6111560">
    <ele>1686.2</ele>
   </trkpt>
   <trkpt lat="4.7578300" lon="-75.6111560">
    <ele>1686.2</ele>
   </trkpt>
   <trkpt lat="4.7578300" lon="-75.6111560">
    <ele>1686.2</ele>
   </trkpt>
   <trkpt lat="4.7578310" lon="-75.6111560">
    <ele>1686.2</ele>
   </trkpt>
   <trkpt lat="4.7578310" lon="-75.6111560">
    <ele>1686.2</ele>
   </trkpt>
   <trkpt lat="4.7578320" lon="-75.6111560">
    <ele>1686.2</ele>
   </trkpt>
   <trkpt lat="4.7578320" lon="-75.6111560">
    <ele>1686.2</ele>
   </trkpt>
   <trkpt lat="4.7578330" lon="-75.6111550">
    <ele>1686.2</ele>
   </trkpt>
   <trkpt lat="4.7578340" lon="-75.6111550">
    <ele>1686.2</ele>
   </trkpt>
   <trkpt lat="4.7578350" lon="-75.6111550">
    <ele>1686.2</ele>
   </trkpt>
   <trkpt lat="4.7578350" lon="-75.6111560">
    <ele>1686.2</ele>
   </trkpt>
   <trkpt lat="4.7578350" lon="-75.6111550">
    <ele>1686.2</ele>
   </trkpt>
   <trkpt lat="4.7578360" lon="-75.6111550">
    <ele>1686.2</ele>
   </trkpt>
   <trkpt lat="4.7578360" lon="-75.6111550">
    <ele>1686.2</ele>
   </trkpt>
   <trkpt lat="4.7578370" lon="-75.6111550">
    <ele>1686.2</ele>
   </trkpt>
   <trkpt lat="4.7578370" lon="-75.6111550">
    <ele>1686.2</ele>
   </trkpt>
   <trkpt lat="4.7578380" lon="-75.6111550">
    <ele>1686.2</ele>
   </trkpt>
   <trkpt lat="4.7578380" lon="-75.6111550">
    <ele>1686.2</ele>
   </trkpt>
   <trkpt lat="4.7578380" lon="-75.6111540">
    <ele>1686.2</ele>
   </trkpt>
   <trkpt lat="4.7578390" lon="-75.6111550">
    <ele>1686.2</ele>
   </trkpt>
   <trkpt lat="4.7578400" lon="-75.6111550">
    <ele>1686.2</ele>
   </trkpt>
   <trkpt lat="4.7578400" lon="-75.6111550">
    <ele>1686.2</ele>
   </trkpt>
   <trkpt lat="4.7578400" lon="-75.6111550">
    <ele>1686.2</ele>
   </trkpt>
   <trkpt lat="4.7578410" lon="-75.6111550">
    <ele>1686.2</ele>
   </trkpt>
   <trkpt lat="4.7578410" lon="-75.6111550">
    <ele>1686.2</ele>
   </trkpt>
   <trkpt lat="4.7578410" lon="-75.6111540">
    <ele>1686.2</ele>
   </trkpt>
   <trkpt lat="4.7578410" lon="-75.6111540">
    <ele>1686.2</ele>
   </trkpt>
   <trkpt lat="4.7578410" lon="-75.6111540">
    <ele>1686.2</ele>
   </trkpt>
   <trkpt lat="4.7578410" lon="-75.6111540">
    <ele>1686.2</ele>
   </trkpt>
   <trkpt lat="4.7578420" lon="-75.6111540">
    <ele>1686.2</ele>
   </trkpt>
   <trkpt lat="4.7578420" lon="-75.6111540">
    <ele>1686.2</ele>
   </trkpt>
   <trkpt lat="4.7578420" lon="-75.6111530">
    <ele>1686.2</ele>
   </trkpt>
   <trkpt lat="4.7578420" lon="-75.6111530">
    <ele>1686.2</ele>
   </trkpt>
   <trkpt lat="4.7578420" lon="-75.6111530">
    <ele>1686.2</ele>
   </trkpt>
   <trkpt lat="4.7578420" lon="-75.6111530">
    <ele>1686.2</ele>
   </trkpt>
   <trkpt lat="4.7578420" lon="-75.6111540">
    <ele>1686.2</ele>
   </trkpt>
   <trkpt lat="4.7578420" lon="-75.6111540">
    <ele>1686.2</ele>
   </trkpt>
   <trkpt lat="4.7578420" lon="-75.6111540">
    <ele>1686.2</ele>
   </trkpt>
   <trkpt lat="4.7578420" lon="-75.6111540">
    <ele>1686.2</ele>
   </trkpt>
   <trkpt lat="4.7578420" lon="-75.6111540">
    <ele>1686.2</ele>
   </trkpt>
   <trkpt lat="4.7578430" lon="-75.6111540">
    <ele>1686.2</ele>
   </trkpt>
   <trkpt lat="4.7578430" lon="-75.6111540">
    <ele>1686.2</ele>
   </trkpt>
   <trkpt lat="4.7578430" lon="-75.6111540">
    <ele>1686.2</ele>
   </trkpt>
   <trkpt lat="4.7578430" lon="-75.6111560">
    <ele>1686.2</ele>
   </trkpt>
   <trkpt lat="4.7578430" lon="-75.6111560">
    <ele>1686.2</ele>
   </trkpt>
   <trkpt lat="4.7578430" lon="-75.6111560">
    <ele>1686.2</ele>
   </trkpt>
   <trkpt lat="4.7578440" lon="-75.6111560">
    <ele>1686.2</ele>
   </trkpt>
   <trkpt lat="4.7578440" lon="-75.6111560">
    <ele>1686.2</ele>
   </trkpt>
   <trkpt lat="4.7578440" lon="-75.6111560">
    <ele>1686.2</ele>
   </trkpt>
   <trkpt lat="4.7578440" lon="-75.6111560">
    <ele>1686.2</ele>
   </trkpt>
   <trkpt lat="4.7578440" lon="-75.6111560">
    <ele>1686.2</ele>
   </trkpt>
   <trkpt lat="4.7578440" lon="-75.6111560">
    <ele>1686.2</ele>
   </trkpt>
   <trkpt lat="4.7578440" lon="-75.6111580">
    <ele>1686.2</ele>
   </trkpt>
   <trkpt lat="4.7578440" lon="-75.6111580">
    <ele>1686.2</ele>
   </trkpt>
   <trkpt lat="4.7578450" lon="-75.6111580">
    <ele>1686.2</ele>
   </trkpt>
   <trkpt lat="4.7578450" lon="-75.6111580">
    <ele>1686.2</ele>
   </trkpt>
   <trkpt lat="4.7578450" lon="-75.6111580">
    <ele>1686.2</ele>
   </trkpt>
   <trkpt lat="4.7578440" lon="-75.6111570">
    <ele>1686.2</ele>
   </trkpt>
   <trkpt lat="4.7578440" lon="-75.6111570">
    <ele>1686.2</ele>
   </trkpt>
   <trkpt lat="4.7578460" lon="-75.6111570">
    <ele>1686.3</ele>
   </trkpt>
   <trkpt lat="4.7578480" lon="-75.6111610">
    <ele>1686.3</ele>
   </trkpt>
   <trkpt lat="4.7578480" lon="-75.6111600">
    <ele>1686.3</ele>
   </trkpt>
   <trkpt lat="4.7578480" lon="-75.6111590">
    <ele>1686.3</ele>
   </trkpt>
   <trkpt lat="4.7578470" lon="-75.6111580">
    <ele>1686.3</ele>
   </trkpt>
   <trkpt lat="4.7578470" lon="-75.6111580">
    <ele>1686.3</ele>
   </trkpt>
   <trkpt lat="4.7578460" lon="-75.6111570">
    <ele>1686.3</ele>
   </trkpt>
   <trkpt lat="4.7578460" lon="-75.6111570">
    <ele>1686.3</ele>
   </trkpt>
   <trkpt lat="4.7578450" lon="-75.6111560">
    <ele>1686.3</ele>
   </trkpt>
   <trkpt lat="4.7578430" lon="-75.6111560">
    <ele>1686.3</ele>
   </trkpt>
   <trkpt lat="4.7578420" lon="-75.6111550">
    <ele>1686.3</ele>
   </trkpt>
   <trkpt lat="4.7578410" lon="-75.6111550">
    <ele>1686.3</ele>
   </trkpt>
   <trkpt lat="4.7578400" lon="-75.6111550">
    <ele>1686.3</ele>
   </trkpt>
   <trkpt lat="4.7578380" lon="-75.6111550">
    <ele>1686.3</ele>
   </trkpt>
   <trkpt lat="4.7578360" lon="-75.6111550">
    <ele>1686.3</ele>
   </trkpt>
   <trkpt lat="4.7578340" lon="-75.6111540">
    <ele>1686.3</ele>
   </trkpt>
   <trkpt lat="4.7578320" lon="-75.6111540">
    <ele>1686.3</ele>
   </trkpt>
   <trkpt lat="4.7578310" lon="-75.6111520">
    <ele>1686.3</ele>
   </trkpt>
   <trkpt lat="4.7578310" lon="-75.6111510">
    <ele>1686.3</ele>
   </trkpt>
   <trkpt lat="4.7578310" lon="-75.6111500">
    <ele>1686.3</ele>
   </trkpt>
   <trkpt lat="4.7578310" lon="-75.6111490">
    <ele>1686.3</ele>
   </trkpt>
   <trkpt lat="4.7578300" lon="-75.6111480">
    <ele>1686.3</ele>
   </trkpt>
   <trkpt lat="4.7578290" lon="-75.6111480">
    <ele>1686.3</ele>
   </trkpt>
   <trkpt lat="4.7578290" lon="-75.6111470">
    <ele>1686.3</ele>
   </trkpt>
   <trkpt lat="4.7578280" lon="-75.6111460">
    <ele>1686.3</ele>
   </trkpt>
   <trkpt lat="4.7578280" lon="-75.6111450">
    <ele>1686.3</ele>
   </trkpt>
   <trkpt lat="4.7578280" lon="-75.6111440">
    <ele>1686.3</ele>
   </trkpt>
   <trkpt lat="4.7578280" lon="-75.6111430">
    <ele>1686.3</ele>
   </trkpt>
   <trkpt lat="4.7578270" lon="-75.6111430">
    <ele>1686.3</ele>
   </trkpt>
   <trkpt lat="4.7578260" lon="-75.6111420">
    <ele>1686.3</ele>
   </trkpt>
   <trkpt lat="4.7578250" lon="-75.6111410">
    <ele>1686.3</ele>
   </trkpt>
   <trkpt lat="4.7578250" lon="-75.6111400">
    <ele>1686.3</ele>
   </trkpt>
   <trkpt lat="4.7578250" lon="-75.6111390">
    <ele>1686.3</ele>
   </trkpt>
   <trkpt lat="4.7578240" lon="-75.6111390">
    <ele>1686.3</ele>
   </trkpt>
   <trkpt lat="4.7578260" lon="-75.6111400">
    <ele>1686.3</ele>
   </trkpt>
   <trkpt lat="4.7578260" lon="-75.6111390">
    <ele>1686.3</ele>
   </trkpt>
   <trkpt lat="4.7578250" lon="-75.6111370">
    <ele>1686.3</ele>
   </trkpt>
   <trkpt lat="4.7578260" lon="-75.6111360">
    <ele>1686.3</ele>
   </trkpt>
   <trkpt lat="4.7578260" lon="-75.6111350">
    <ele>1686.3</ele>
   </trkpt>
   <trkpt lat="4.7578260" lon="-75.6111340">
    <ele>1686.3</ele>
   </trkpt>
   <trkpt lat="4.7578260" lon="-75.6111330">
    <ele>1686.3</ele>
   </trkpt>
   <trkpt lat="4.7578260" lon="-75.6111310">
    <ele>1686.3</ele>
   </trkpt>
   <trkpt lat="4.7578250" lon="-75.6111300">
    <ele>1686.3</ele>
   </trkpt>
   <trkpt lat="4.7578250" lon="-75.6111290">
    <ele>1686.3</ele>
   </trkpt>
   <trkpt lat="4.7578250" lon="-75.6111280">
    <ele>1686.3</ele>
   </trkpt>
   <trkpt lat="4.7578240" lon="-75.6111270">
    <ele>1686.3</ele>
   </trkpt>
   <trkpt lat="4.7578240" lon="-75.6111250">
    <ele>1686.3</ele>
   </trkpt>
   <trkpt lat="4.7578230" lon="-75.6111240">
    <ele>1686.3</ele>
   </trkpt>
   <trkpt lat="4.7578230" lon="-75.6111230">
    <ele>1686.3</ele>
   </trkpt>
   <trkpt lat="4.7578230" lon="-75.6111220">
    <ele>1686.3</ele>
   </trkpt>
   <trkpt lat="4.7578220" lon="-75.6111220">
    <ele>1686.3</ele>
   </trkpt>
   <trkpt lat="4.7578210" lon="-75.6111210">
    <ele>1686.3</ele>
   </trkpt>
   <trkpt lat="4.7578210" lon="-75.6111200">
    <ele>1686.3</ele>
   </trkpt>
   <trkpt lat="4.7578200" lon="-75.6111190">
    <ele>1686.3</ele>
   </trkpt>
   <trkpt lat="4.7578200" lon="-75.6111190">
    <ele>1686.3</ele>
   </trkpt>
   <trkpt lat="4.7578200" lon="-75.6111180">
    <ele>1686.3</ele>
   </trkpt>
   <trkpt lat="4.7578190" lon="-75.6111160">
    <ele>1686.3</ele>
   </trkpt>
   <trkpt lat="4.7578190" lon="-75.6111150">
    <ele>1686.3</ele>
   </trkpt>
   <trkpt lat="4.7578190" lon="-75.6111160">
    <ele>1686.3</ele>
   </trkpt>
   <trkpt lat="4.7578190" lon="-75.6111150">
    <ele>1686.3</ele>
   </trkpt>
   <trkpt lat="4.7578180" lon="-75.6111150">
    <ele>1686.3</ele>
   </trkpt>
   <trkpt lat="4.7578180" lon="-75.6111140">
    <ele>1686.4</ele>
   </trkpt>
   <trkpt lat="4.7578180" lon="-75.6111140">
    <ele>1686.4</ele>
   </trkpt>
   <trkpt lat="4.7578180" lon="-75.6111130">
    <ele>1686.4</ele>
   </trkpt>
   <trkpt lat="4.7578180" lon="-75.6111130">
    <ele>1686.4</ele>
   </trkpt>
   <trkpt lat="4.7578180" lon="-75.6111120">
    <ele>1686.4</ele>
   </trkpt>
   <trkpt lat="4.7578210" lon="-75.6111150">
    <ele>1686.4</ele>
   </trkpt>
   <trkpt lat="4.7578210" lon="-75.6111150">
    <ele>1686.4</ele>
   </trkpt>
   <trkpt lat="4.7578210" lon="-75.6111140">
    <ele>1686.4</ele>
   </trkpt>
   <trkpt lat="4.7578210" lon="-75.6111140">
    <ele>1686.4</ele>
   </trkpt>
   <trkpt lat="4.7578220" lon="-75.6111140">
    <ele>1686.4</ele>
   </trkpt>
   <trkpt lat="4.7578220" lon="-75.6111130">
    <ele>1686.4</ele>
   </trkpt>
   <trkpt lat="4.7578220" lon="-75.6111130">
    <ele>1686.4</ele>
   </trkpt>
   <trkpt lat="4.7578230" lon="-75.6111120">
    <ele>1686.4</ele>
   </trkpt>
   <trkpt lat="4.7578230" lon="-75.6111110">
    <ele>1686.4</ele>
   </trkpt>
   <trkpt lat="4.7578230" lon="-75.6111120">
    <ele>1686.4</ele>
   </trkpt>
   <trkpt lat="4.7578230" lon="-75.6111110">
    <ele>1686.4</ele>
   </trkpt>
   <trkpt lat="4.7578230" lon="-75.6111100">
    <ele>1686.4</ele>
   </trkpt>
   <trkpt lat="4.7578230" lon="-75.6111100">
    <ele>1686.4</ele>
   </trkpt>
   <trkpt lat="4.7578230" lon="-75.6111100">
    <ele>1686.4</ele>
   </trkpt>
   <trkpt lat="4.7578240" lon="-75.6111100">
    <ele>1686.4</ele>
   </trkpt>
   <trkpt lat="4.7578240" lon="-75.6111090">
    <ele>1686.4</ele>
   </trkpt>
   <trkpt lat="4.7578230" lon="-75.6111070">
    <ele>1686.4</ele>
   </trkpt>
   <trkpt lat="4.7578240" lon="-75.6111130">
    <ele>1686.4</ele>
   </trkpt>
   <trkpt lat="4.7578240" lon="-75.6111140">
    <ele>1686.4</ele>
   </trkpt>
   <trkpt lat="4.7578240" lon="-75.6111150">
    <ele>1686.4</ele>
   </trkpt>
   <trkpt lat="4.7578240" lon="-75.6111160">
    <ele>1686.4</ele>
   </trkpt>
   <trkpt lat="4.7578240" lon="-75.6111170">
    <ele>1686.4</ele>
   </trkpt>
   <trkpt lat="4.7578240" lon="-75.6111180">
    <ele>1686.4</ele>
   </trkpt>
   <trkpt lat="4.7578230" lon="-75.6111200">
    <ele>1686.4</ele>
   </trkpt>
   <trkpt lat="4.7578230" lon="-75.6111210">
    <ele>1686.4</ele>
   </trkpt>
   <trkpt lat="4.7578230" lon="-75.6111250">
    <ele>1686.4</ele>
   </trkpt>
   <trkpt lat="4.7578230" lon="-75.6111260">
    <ele>1686.4</ele>
   </trkpt>
   <trkpt lat="4.7578220" lon="-75.6111270">
    <ele>1686.4</ele>
   </trkpt>
   <trkpt lat="4.7578220" lon="-75.6111290">
    <ele>1686.4</ele>
   </trkpt>
   <trkpt lat="4.7578210" lon="-75.6111300">
    <ele>1686.4</ele>
   </trkpt>
   <trkpt lat="4.7578210" lon="-75.6111310">
    <ele>1686.4</ele>
   </trkpt>
   <trkpt lat="4.7578200" lon="-75.6111320">
    <ele>1686.4</ele>
   </trkpt>
   <trkpt lat="4.7578190" lon="-75.6111330">
    <ele>1686.4</ele>
   </trkpt>
   <trkpt lat="4.7578190" lon="-75.6111350">
    <ele>1686.4</ele>
   </trkpt>
   <trkpt lat="4.7578180" lon="-75.6111350">
    <ele>1686.4</ele>
   </trkpt>
   <trkpt lat="4.7578170" lon="-75.6111350">
    <ele>1686.4</ele>
   </trkpt>
   <trkpt lat="4.7578170" lon="-75.6111360">
    <ele>1686.4</ele>
   </trkpt>
   <trkpt lat="4.7578160" lon="-75.6111360">
    <ele>1686.4</ele>
   </trkpt>
   <trkpt lat="4.7578160" lon="-75.6111360">
    <ele>1686.4</ele>
   </trkpt>
   <trkpt lat="4.7578150" lon="-75.6111370">
    <ele>1686.4</ele>
   </trkpt>
   <trkpt lat="4.7578150" lon="-75.6111370">
    <ele>1686.4</ele>
   </trkpt>
   <trkpt lat="4.7578150" lon="-75.6111390">
    <ele>1686.4</ele>
   </trkpt>
   <trkpt lat="4.7578140" lon="-75.6111390">
    <ele>1686.4</ele>
   </trkpt>
   <trkpt lat="4.7578140" lon="-75.6111390">
    <ele>1686.4</ele>
   </trkpt>
   <trkpt lat="4.7578140" lon="-75.6111390">
    <ele>1686.4</ele>
   </trkpt>
   <trkpt lat="4.7578140" lon="-75.6111390">
    <ele>1686.4</ele>
   </trkpt>
   <trkpt lat="4.7578130" lon="-75.6111400">
    <ele>1686.4</ele>
   </trkpt>
   <trkpt lat="4.7578130" lon="-75.6111410">
    <ele>1686.4</ele>
   </trkpt>
   <trkpt lat="4.7578120" lon="-75.6111420">
    <ele>1686.4</ele>
   </trkpt>
   <trkpt lat="4.7578110" lon="-75.6111420">
    <ele>1686.4</ele>
   </trkpt>
   <trkpt lat="4.7578110" lon="-75.6111430">
    <ele>1686.4</ele>
   </trkpt>
   <trkpt lat="4.7578110" lon="-75.6111430">
    <ele>1686.4</ele>
   </trkpt>
   <trkpt lat="4.7578100" lon="-75.6111430">
    <ele>1686.4</ele>
   </trkpt>
   <trkpt lat="4.7578090" lon="-75.6111440">
    <ele>1686.4</ele>
   </trkpt>
   <trkpt lat="4.7578080" lon="-75.6111450">
    <ele>1686.4</ele>
   </trkpt>
   <trkpt lat="4.7578080" lon="-75.6111450">
    <ele>1686.4</ele>
   </trkpt>
   <trkpt lat="4.7578080" lon="-75.6111450">
    <ele>1686.4</ele>
   </trkpt>
   <trkpt lat="4.7578070" lon="-75.6111450">
    <ele>1686.4</ele>
   </trkpt>
   <trkpt lat="4.7578080" lon="-75.6111480">
    <ele>1686.4</ele>
   </trkpt>
   <trkpt lat="4.7578080" lon="-75.6111480">
    <ele>1686.4</ele>
   </trkpt>
   <trkpt lat="4.7578070" lon="-75.6111470">
    <ele>1686.4</ele>
   </trkpt>
   <trkpt lat="4.7578060" lon="-75.6111470">
    <ele>1686.4</ele>
   </trkpt>
   <trkpt lat="4.7578060" lon="-75.6111470">
    <ele>1686.4</ele>
   </trkpt>
   <trkpt lat="4.7578050" lon="-75.6111470">
    <ele>1686.4</ele>
   </trkpt>
   <trkpt lat="4.7578050" lon="-75.6111460">
    <ele>1686.4</ele>
   </trkpt>
   <trkpt lat="4.7578040" lon="-75.6111460">
    <ele>1686.4</ele>
   </trkpt>
   <trkpt lat="4.7578050" lon="-75.6111470">
    <ele>1686.4</ele>
   </trkpt>
   <trkpt lat="4.7578040" lon="-75.6111470">
    <ele>1686.4</ele>
   </trkpt>
   <trkpt lat="4.7578040" lon="-75.6111470">
    <ele>1686.4</ele>
   </trkpt>
   <trkpt lat="4.7578040" lon="-75.6111460">
    <ele>1686.5</ele>
   </trkpt>
   <trkpt lat="4.7578030" lon="-75.6111450">
    <ele>1686.5</ele>
   </trkpt>
   <trkpt lat="4.7578020" lon="-75.6111450">
    <ele>1686.5</ele>
   </trkpt>
   <trkpt lat="4.7578020" lon="-75.6111450">
    <ele>1686.5</ele>
   </trkpt>
   <trkpt lat="4.7578020" lon="-75.6111440">
    <ele>1686.5</ele>
   </trkpt>
   <trkpt lat="4.7578030" lon="-75.6111430">
    <ele>1686.5</ele>
   </trkpt>
   <trkpt lat="4.7578030" lon="-75.6111420">
    <ele>1686.5</ele>
   </trkpt>
   <trkpt lat="4.7578030" lon="-75.6111410">
    <ele>1686.5</ele>
   </trkpt>
   <trkpt lat="4.7578030" lon="-75.6111400">
    <ele>1686.5</ele>
   </trkpt>
   <trkpt lat="4.7578030" lon="-75.6111390">
    <ele>1686.5</ele>
   </trkpt>
   <trkpt lat="4.7578040" lon="-75.6111380">
    <ele>1686.5</ele>
   </trkpt>
   <trkpt lat="4.7578040" lon="-75.6111380">
    <ele>1686.5</ele>
   </trkpt>
   <trkpt lat="4.7578040" lon="-75.6111360">
    <ele>1686.5</ele>
   </trkpt>
   <trkpt lat="4.7578050" lon="-75.6111360">
    <ele>1686.5</ele>
   </trkpt>
   <trkpt lat="4.7578050" lon="-75.6111350">
    <ele>1686.5</ele>
   </trkpt>
   <trkpt lat="4.7578050" lon="-75.6111340">
    <ele>1686.5</ele>
   </trkpt>
   <trkpt lat="4.7578050" lon="-75.6111340">
    <ele>1686.5</ele>
   </trkpt>
   <trkpt lat="4.7578060" lon="-75.6111330">
    <ele>1686.5</ele>
   </trkpt>
   <trkpt lat="4.7578060" lon="-75.6111330">
    <ele>1686.5</ele>
   </trkpt>
   <trkpt lat="4.7578070" lon="-75.6111330">
    <ele>1686.5</ele>
   </trkpt>
   <trkpt lat="4.7578070" lon="-75.6111320">
    <ele>1686.5</ele>
   </trkpt>
   <trkpt lat="4.7578080" lon="-75.6111320">
    <ele>1686.5</ele>
   </trkpt>
   <trkpt lat="4.7578080" lon="-75.6111320">
    <ele>1686.5</ele>
   </trkpt>
   <trkpt lat="4.7578080" lon="-75.6111310">
    <ele>1686.5</ele>
   </trkpt>
   <trkpt lat="4.7578080" lon="-75.6111310">
    <ele>1686.5</ele>
   </trkpt>
   <trkpt lat="4.7578080" lon="-75.6111310">
    <ele>1686.5</ele>
   </trkpt>
   <trkpt lat="4.7578090" lon="-75.6111310">
    <ele>1686.5</ele>
   </trkpt>
   <trkpt lat="4.7578090" lon="-75.6111310">
    <ele>1686.5</ele>
   </trkpt>
   <trkpt lat="4.7578090" lon="-75.6111310">
    <ele>1686.5</ele>
   </trkpt>
   <trkpt lat="4.7578090" lon="-75.6111300">
    <ele>1686.5</ele>
   </trkpt>
   <trkpt lat="4.7578120" lon="-75.6111320">
    <ele>1686.5</ele>
   </trkpt>
   <trkpt lat="4.7578120" lon="-75.6111320">
    <ele>1686.5</ele>
   </trkpt>
   <trkpt lat="4.7578120" lon="-75.6111320">
    <ele>1686.5</ele>
   </trkpt>
   <trkpt lat="4.7578120" lon="-75.6111320">
    <ele>1686.5</ele>
   </trkpt>
   <trkpt lat="4.7578130" lon="-75.6111320">
    <ele>1686.5</ele>
   </trkpt>
   <trkpt lat="4.7578130" lon="-75.6111320">
    <ele>1686.5</ele>
   </trkpt>
   <trkpt lat="4.7578130" lon="-75.6111320">
    <ele>1686.5</ele>
   </trkpt>
   <trkpt lat="4.7578130" lon="-75.6111300">
    <ele>1686.5</ele>
   </trkpt>
   <trkpt lat="4.7578120" lon="-75.6111310">
    <ele>1686.5</ele>
   </trkpt>
   <trkpt lat="4.7578120" lon="-75.6111310">
    <ele>1686.5</ele>
   </trkpt>
   <trkpt lat="4.7578120" lon="-75.6111310">
    <ele>1686.5</ele>
   </trkpt>
   <trkpt lat="4.7578120" lon="-75.6111300">
    <ele>1686.5</ele>
   </trkpt>
   <trkpt lat="4.7578120" lon="-75.6111300">
    <ele>1686.5</ele>
   </trkpt>
   <trkpt lat="4.7578120" lon="-75.6111300">
    <ele>1686.5</ele>
   </trkpt>
   <trkpt lat="4.7578120" lon="-75.6111290">
    <ele>1686.5</ele>
   </trkpt>
   <trkpt lat="4.7578120" lon="-75.6111290">
    <ele>1686.5</ele>
   </trkpt>
   <trkpt lat="4.7578170" lon="-75.6111340">
    <ele>1686.5</ele>
   </trkpt>
   <trkpt lat="4.7578180" lon="-75.6111340">
    <ele>1686.5</ele>
   </trkpt>
   <trkpt lat="4.7578180" lon="-75.6111340">
    <ele>1686.5</ele>
   </trkpt>
   <trkpt lat="4.7578170" lon="-75.6111330">
    <ele>1686.5</ele>
   </trkpt>
   <trkpt lat="4.7578170" lon="-75.6111330">
    <ele>1686.5</ele>
   </trkpt>
   <trkpt lat="4.7578170" lon="-75.6111330">
    <ele>1686.5</ele>
   </trkpt>
   <trkpt lat="4.7578160" lon="-75.6111330">
    <ele>1686.5</ele>
   </trkpt>
   <trkpt lat="4.7578160" lon="-75.6111330">
    <ele>1686.5</ele>
   </trkpt>
   <trkpt lat="4.7578230" lon="-75.6111380">
    <ele>1686.5</ele>
   </trkpt>
   <trkpt lat="4.7578250" lon="-75.6111400">
    <ele>1686.5</ele>
   </trkpt>
   <trkpt lat="4.7578240" lon="-75.6111420">
    <ele>1686.5</ele>
   </trkpt>
   <trkpt lat="4.7578250" lon="-75.6111450">
    <ele>1686.5</ele>
   </trkpt>
   <trkpt lat="4.7578230" lon="-75.6111450">
    <ele>1686.5</ele>
   </trkpt>
   <trkpt lat="4.7578220" lon="-75.6111450">
    <ele>1686.5</ele>
   </trkpt>
   <trkpt lat="4.7578210" lon="-75.6111460">
    <ele>1686.5</ele>
   </trkpt>
   <trkpt lat="4.7578190" lon="-75.6111470">
    <ele>1686.5</ele>
   </trkpt>
   <trkpt lat="4.7578190" lon="-75.6111470">
    <ele>1686.5</ele>
   </trkpt>
   <trkpt lat="4.7578200" lon="-75.6111520">
    <ele>1686.5</ele>
   </trkpt>
   <trkpt lat="4.7578210" lon="-75.6111540">
    <ele>1686.5</ele>
   </trkpt>
   <trkpt lat="4.7578200" lon="-75.6111560">
    <ele>1686.5</ele>
   </trkpt>
   <trkpt lat="4.7578190" lon="-75.6111560">
    <ele>1686.5</ele>
   </trkpt>
   <trkpt lat="4.7578180" lon="-75.6111570">
    <ele>1686.5</ele>
   </trkpt>
   <trkpt lat="4.7578180" lon="-75.6111580">
    <ele>1686.6</ele>
   </trkpt>
   <trkpt lat="4.7578180" lon="-75.6111600">
    <ele>1686.6</ele>
   </trkpt>
   <trkpt lat="4.7578190" lon="-75.6111600">
    <ele>1686.6</ele>
   </trkpt>
   <trkpt lat="4.7578290" lon="-75.6111670">
    <ele>1686.6</ele>
   </trkpt>
   <trkpt lat="4.7578300" lon="-75.6111680">
    <ele>1686.6</ele>
   </trkpt>
   <trkpt lat="4.7578300" lon="-75.6111690">
    <ele>1686.6</ele>
   </trkpt>
   <trkpt lat="4.7578290" lon="-75.6111700">
    <ele>1686.6</ele>
   </trkpt>
   <trkpt lat="4.7578280" lon="-75.6111700">
    <ele>1686.6</ele>
   </trkpt>
   <trkpt lat="4.7578270" lon="-75.6111710">
    <ele>1686.6</ele>
   </trkpt>
   <trkpt lat="4.7578260" lon="-75.6111710">
    <ele>1686.6</ele>
   </trkpt>
   <trkpt lat="4.7578250" lon="-75.6111710">
    <ele>1686.6</ele>
   </trkpt>
   <trkpt lat="4.7578260" lon="-75.6111740">
    <ele>1686.6</ele>
   </trkpt>
   <trkpt lat="4.7578260" lon="-75.6111750">
    <ele>1686.6</ele>
   </trkpt>
   <trkpt lat="4.7578250" lon="-75.6111750">
    <ele>1686.6</ele>
   </trkpt>
   <trkpt lat="4.7578240" lon="-75.6111750">
    <ele>1686.6</ele>
   </trkpt>
   <trkpt lat="4.7578230" lon="-75.6111750">
    <ele>1686.6</ele>
   </trkpt>
   <trkpt lat="4.7578220" lon="-75.6111750">
    <ele>1686.6</ele>
   </trkpt>
   <trkpt lat="4.7578210" lon="-75.6111770">
    <ele>1686.6</ele>
   </trkpt>
   <trkpt lat="4.7578190" lon="-75.6111770">
    <ele>1686.6</ele>
   </trkpt>
   <trkpt lat="4.7578270" lon="-75.6111810">
    <ele>1686.6</ele>
   </trkpt>
   <trkpt lat="4.7578270" lon="-75.6111800">
    <ele>1686.6</ele>
   </trkpt>
   <trkpt lat="4.7578260" lon="-75.6111800">
    <ele>1686.6</ele>
   </trkpt>
   <trkpt lat="4.7578250" lon="-75.6111800">
    <ele>1686.6</ele>
   </trkpt>
   <trkpt lat="4.7578240" lon="-75.6111800">
    <ele>1686.6</ele>
   </trkpt>
   <trkpt lat="4.7578230" lon="-75.6111800">
    <ele>1686.6</ele>
   </trkpt>
   <trkpt lat="4.7578220" lon="-75.6111800">
    <ele>1686.6</ele>
   </trkpt>
   <trkpt lat="4.7578210" lon="-75.6111800">
    <ele>1686.6</ele>
   </trkpt>
   <trkpt lat="4.7578230" lon="-75.6111820">
    <ele>1686.6</ele>
   </trkpt>
   <trkpt lat="4.7578220" lon="-75.6111820">
    <ele>1686.6</ele>
   </trkpt>
   <trkpt lat="4.7578220" lon="-75.6111830">
    <ele>1686.6</ele>
   </trkpt>
   <trkpt lat="4.7578210" lon="-75.6111840">
    <ele>1686.6</ele>
   </trkpt>
   <trkpt lat="4.7578200" lon="-75.6111820">
    <ele>1686.6</ele>
   </trkpt>
   <trkpt lat="4.7578190" lon="-75.6111810">
    <ele>1686.6</ele>
   </trkpt>
   <trkpt lat="4.7578180" lon="-75.6111810">
    <ele>1686.6</ele>
   </trkpt>
   <trkpt lat="4.7578170" lon="-75.6111800">
    <ele>1686.6</ele>
   </trkpt>
   <trkpt lat="4.7578170" lon="-75.6111790">
    <ele>1686.6</ele>
   </trkpt>
   <trkpt lat="4.7578200" lon="-75.6111800">
    <ele>1686.6</ele>
   </trkpt>
   <trkpt lat="4.7578210" lon="-75.6111800">
    <ele>1686.6</ele>
   </trkpt>
   <trkpt lat="4.7578210" lon="-75.6111810">
    <ele>1686.6</ele>
   </trkpt>
   <trkpt lat="4.7578210" lon="-75.6111810">
    <ele>1686.6</ele>
   </trkpt>
   <trkpt lat="4.7578200" lon="-75.6111800">
    <ele>1686.6</ele>
   </trkpt>
   <trkpt lat="4.7578190" lon="-75.6111790">
    <ele>1686.7</ele>
   </trkpt>
   <trkpt lat="4.7578180" lon="-75.6111790">
    <ele>1686.7</ele>
   </trkpt>
   <trkpt lat="4.7578170" lon="-75.6111810">
    <ele>1686.7</ele>
   </trkpt>
   <trkpt lat="4.7578180" lon="-75.6111770">
    <ele>1686.7</ele>
   </trkpt>
   <trkpt lat="4.7578180" lon="-75.6111770">
    <ele>1686.7</ele>
   </trkpt>
   <trkpt lat="4.7578180" lon="-75.6111770">
    <ele>1686.7</ele>
   </trkpt>
   <trkpt lat="4.7578180" lon="-75.6111780">
    <ele>1686.7</ele>
   </trkpt>
   <trkpt lat="4.7578170" lon="-75.6111780">
    <ele>1686.7</ele>
   </trkpt>
   <trkpt lat="4.7578170" lon="-75.6111790">
    <ele>1686.7</ele>
   </trkpt>
   <trkpt lat="4.7578150" lon="-75.6111800">
    <ele>1686.7</ele>
   </trkpt>
   <trkpt lat="4.7578140" lon="-75.6111800">
    <ele>1686.7</ele>
   </trkpt>
   <trkpt lat="4.7578060" lon="-75.6111830">
    <ele>1686.7</ele>
   </trkpt>
   <trkpt lat="4.7578050" lon="-75.6111820">
    <ele>1686.7</ele>
   </trkpt>
   <trkpt lat="4.7578040" lon="-75.6111820">
    <ele>1686.7</ele>
   </trkpt>
   <trkpt lat="4.7578030" lon="-75.6111820">
    <ele>1686.7</ele>
   </trkpt>
   <trkpt lat="4.7578030" lon="-75.6111820">
    <ele>1686.7</ele>
   </trkpt>
   <trkpt lat="4.7578020" lon="-75.6111820">
    <ele>1686.7</ele>
   </trkpt>
   <trkpt lat="4.7578010" lon="-75.6111830">
    <ele>1686.7</ele>
   </trkpt>
   <trkpt lat="4.7577990" lon="-75.6111840">
    <ele>1686.7</ele>
   </trkpt>
   <trkpt lat="4.7578090" lon="-75.6111930">
    <ele>1686.7</ele>
   </trkpt>
   <trkpt lat="4.7578100" lon="-75.6111930">
    <ele>1686.7</ele>
   </trkpt>
   <trkpt lat="4.7578100" lon="-75.6111930">
    <ele>1686.7</ele>
   </trkpt>
   <trkpt lat="4.7578100" lon="-75.6111940">
    <ele>1686.7</ele>
   </trkpt>
   <trkpt lat="4.7578100" lon="-75.6111930">
    <ele>1686.7</ele>
   </trkpt>
   <trkpt lat="4.7578100" lon="-75.6111930">
    <ele>1686.7</ele>
   </trkpt>
   <trkpt lat="4.7578100" lon="-75.6111930">
    <ele>1686.7</ele>
   </trkpt>
   <trkpt lat="4.7578090" lon="-75.6111940">
    <ele>1686.7</ele>
   </trkpt>
   <trkpt lat="4.7578090" lon="-75.6111950">
    <ele>1686.7</ele>
   </trkpt>
   <trkpt lat="4.7578110" lon="-75.6111930">
    <ele>1686.7</ele>
   </trkpt>
   <trkpt lat="4.7578110" lon="-75.6111930">
    <ele>1686.7</ele>
   </trkpt>
   <trkpt lat="4.7578110" lon="-75.6111940">
    <ele>1686.7</ele>
   </trkpt>
   <trkpt lat="4.7578110" lon="-75.6111930">
    <ele>1686.7</ele>
   </trkpt>
   <trkpt lat="4.7578110" lon="-75.6111920">
    <ele>1686.7</ele>
   </trkpt>
   <trkpt lat="4.7578120" lon="-75.6111920">
    <ele>1686.7</ele>
   </trkpt>
   <trkpt lat="4.7578120" lon="-75.6111910">
    <ele>1686.7</ele>
   </trkpt>
   <trkpt lat="4.7578130" lon="-75.6111900">
    <ele>1686.7</ele>
   </trkpt>
   <trkpt lat="4.7578180" lon="-75.6111910">
    <ele>1686.7</ele>
   </trkpt>
   <trkpt lat="4.7578190" lon="-75.6111900">
    <ele>1686.7</ele>
   </trkpt>
   <trkpt lat="4.7578190" lon="-75.6111890">
    <ele>1686.7</ele>
   </trkpt>
   <trkpt lat="4.7578190" lon="-75.6111890">
    <ele>1686.7</ele>
   </trkpt>
   <trkpt lat="4.7578190" lon="-75.6111880">
    <ele>1686.7</ele>
   </trkpt>
   <trkpt lat="4.7578200" lon="-75.6111880">
    <ele>1686.7</ele>
   </trkpt>
   <trkpt lat="4.7578190" lon="-75.6111860">
    <ele>1686.7</ele>
   </trkpt>
   <trkpt lat="4.7578190" lon="-75.6111860">
    <ele>1686.7</ele>
   </trkpt>
   <trkpt lat="4.7578190" lon="-75.6111850">
    <ele>1686.7</ele>
   </trkpt>
   <trkpt lat="4.7578190" lon="-75.6111840">
    <ele>1686.7</ele>
   </trkpt>
  </trkseg>
 </trk>
</gpx>
