<?xml version="1.0" encoding="UTF-8"?>
<gpx creator="StravaGPX" version="1.1" xmlns="http://www.topografix.com/GPX/1/1" xmlns:xsi="http://www.w3.org/2001/XMLSchema-instance" xsi:schemaLocation="http://www.topografix.com/GPX/1/1 http://www.topografix.com/GPX/1/1/gpx.xsd">
 <trk>
  <name>Carrera (exterior)</name>
  <type>running</type>
  <trkseg>
   <trkpt lat="4.8266600" lon="-75.6717980">
    <ele>1446.5</ele>
   </trkpt>
   <trkpt lat="4.8266600" lon="-75.6717980">
    <ele>1446.5</ele>
   </trkpt>
   <trkpt lat="4.8266530" lon="-75.6717860">
    <ele>1446.5</ele>
   </trkpt>
   <trkpt lat="4.8266520" lon="-75.6717840">
    <ele>1446.6</ele>
   </trkpt>
   <trkpt lat="4.8266510" lon="-75.6717810">
    <ele>1446.6</ele>
   </trkpt>
   <trkpt lat="4.8266480" lon="-75.6717740">
    <ele>1446.6</ele>
   </trkpt>
   <trkpt lat="4.8266460" lon="-75.6717670">
    <ele>1446.7</ele>
   </trkpt>
   <trkpt lat="4.8266450" lon="-75.6717600">
    <ele>1446.7</ele>
   </trkpt>
   <trkpt lat="4.8266430" lon="-75.6717530">
    <ele>1446.7</ele>
   </trkpt>
   <trkpt lat="4.8266410" lon="-75.6717470">
    <ele>1446.8</ele>
   </trkpt>
   <trkpt lat="4.8266400" lon="-75.6717400">
    <ele>1446.8</ele>
   </trkpt>
   <trkpt lat="4.8266380" lon="-75.6717320">
    <ele>1446.9</ele>
   </trkpt>
   <trkpt lat="4.8266360" lon="-75.6717250">
    <ele>1446.9</ele>
   </trkpt>
   <trkpt lat="4.8266330" lon="-75.6717170">
    <ele>1447.0</ele>
   </trkpt>
   <trkpt lat="4.8266300" lon="-75.6717090">
    <ele>1447.0</ele>
   </trkpt>
   <trkpt lat="4.8266250" lon="-75.6717000">
    <ele>1447.1</ele>
   </trkpt>
   <trkpt lat="4.8266200" lon="-75.6716910">
    <ele>1447.1</ele>
   </trkpt>
   <trkpt lat="4.8266140" lon="-75.6716820">
    <ele>1447.2</ele>
   </trkpt>
   <trkpt lat="4.8266070" lon="-75.6716730">
    <ele>1447.3</ele>
   </trkpt>
   <trkpt lat="4.8266010" lon="-75.6716620">
    <ele>1447.4</ele>
   </trkpt>
   <trkpt lat="4.8265940" lon="-75.6716520">
    <ele>1447.5</ele>
   </trkpt>
   <trkpt lat="4.8265870" lon="-75.6716400">
    <ele>1447.5</ele>
   </trkpt>
   <trkpt lat="4.8265790" lon="-75.6716280">
    <ele>1447.7</ele>
   </trkpt>
   <trkpt lat="4.8265710" lon="-75.6716150">
    <ele>1447.8</ele>
   </trkpt>
   <trkpt lat="4.8265620" lon="-75.6716010">
    <ele>1447.9</ele>
   </trkpt>
   <trkpt lat="4.8265540" lon="-75.6715870">
    <ele>1448.0</ele>
   </trkpt>
   <trkpt lat="4.8265450" lon="-75.6715720">
    <ele>1448.1</ele>
   </trkpt>
   <trkpt lat="4.8265360" lon="-75.6715570">
    <ele>1448.2</ele>
   </trkpt>
   <trkpt lat="4.8265270" lon="-75.6715430">
    <ele>1448.4</ele>
   </trkpt>
   <trkpt lat="4.8265180" lon="-75.6715290">
    <ele>1448.5</ele>
   </trkpt>
   <trkpt lat="4.8265080" lon="-75.6715150">
    <ele>1448.6</ele>
   </trkpt>
   <trkpt lat="4.8264990" lon="-75.6715020">
    <ele>1448.7</ele>
   </trkpt>
   <trkpt lat="4.8264900" lon="-75.6714900">
    <ele>1448.8</ele>
   </trkpt>
   <trkpt lat="4.8264820" lon="-75.6714780">
    <ele>1448.9</ele>
   </trkpt>
   <trkpt lat="4.8264740" lon="-75.6714660">
    <ele>1449.0</ele>
   </trkpt>
   <trkpt lat="4.8264650" lon="-75.6714530">
    <ele>1449.2</ele>
   </trkpt>
   <trkpt lat="4.8264570" lon="-75.6714410">
    <ele>1449.3</ele>
   </trkpt>
   <trkpt lat="4.8264500" lon="-75.6714290">
    <ele>1449.4</ele>
   </trkpt>
   <trkpt lat="4.8264420" lon="-75.6714170">
    <ele>1449.5</ele>
   </trkpt>
   <trkpt lat="4.8264340" lon="-75.6714060">
    <ele>1449.6</ele>
   </trkpt>
   <trkpt lat="4.8264270" lon="-75.6713940">
    <ele>1449.7</ele>
   </trkpt>
   <trkpt lat="4.8264210" lon="-75.6713820">
    <ele>1449.8</ele>
   </trkpt>
   <trkpt lat="4.8264140" lon="-75.6713710">
    <ele>1449.9</ele>
   </trkpt>
   <trkpt lat="4.8264070" lon="-75.6713600">
    <ele>1450.0</ele>
   </trkpt>
   <trkpt lat="4.8263990" lon="-75.6713500">
    <ele>1450.1</ele>
   </trkpt>
   <trkpt lat="4.8263890" lon="-75.6713410">
    <ele>1450.2</ele>
   </trkpt>
   <trkpt lat="4.8263780" lon="-75.6713350">
    <ele>1450.4</ele>
   </trkpt>
   <trkpt lat="4.8263650" lon="-75.6713310">
    <ele>1450.4</ele>
   </trkpt>
   <trkpt lat="4.8263510" lon="-75.6713290">
    <ele>1450.4</ele>
   </trkpt>
   <trkpt lat="4.8263370" lon="-75.6713290">
    <ele>1450.4</ele>
   </trkpt>
   <trkpt lat="4.8263210" lon="-75.6713310">
    <ele>1450.4</ele>
   </trkpt>
   <trkpt lat="4.8263050" lon="-75.6713350">
    <ele>1450.4</ele>
   </trkpt>
   <trkpt lat="4.8262880" lon="-75.6713400">
    <ele>1450.4</ele>
   </trkpt>
   <trkpt lat="4.8262710" lon="-75.6713460">
    <ele>1450.4</ele>
   </trkpt>
   <trkpt lat="4.8262530" lon="-75.6713530">
    <ele>1450.3</ele>
   </trkpt>
   <trkpt lat="4.8262350" lon="-75.6713590">
    <ele>1450.3</ele>
   </trkpt>
   <trkpt lat="4.8262160" lon="-75.6713660">
    <ele>1450.3</ele>
   </trkpt>
   <trkpt lat="4.8261970" lon="-75.6713720">
    <ele>1450.2</ele>
   </trkpt>
   <trkpt lat="4.8261770" lon="-75.6713780">
    <ele>1450.2</ele>
   </trkpt>
   <trkpt lat="4.8261570" lon="-75.6713830">
    <ele>1450.1</ele>
   </trkpt>
   <trkpt lat="4.8261360" lon="-75.6713860">
    <ele>1450.1</ele>
   </trkpt>
   <trkpt lat="4.8261150" lon="-75.6713890">
    <ele>1450.0</ele>
   </trkpt>
   <trkpt lat="4.8260950" lon="-75.6713920">
    <ele>1450.0</ele>
   </trkpt>
   <trkpt lat="4.8260740" lon="-75.6713940">
    <ele>1449.9</ele>
   </trkpt>
   <trkpt lat="4.8260530" lon="-75.6713970">
    <ele>1449.9</ele>
   </trkpt>
   <trkpt lat="4.8260320" lon="-75.6713990">
    <ele>1449.8</ele>
   </trkpt>
   <trkpt lat="4.8260110" lon="-75.6714020">
    <ele>1449.8</ele>
   </trkpt>
   <trkpt lat="4.8259910" lon="-75.6714060">
    <ele>1449.7</ele>
   </trkpt>
   <trkpt lat="4.8259720" lon="-75.6714090">
    <ele>1449.7</ele>
   </trkpt>
   <trkpt lat="4.8259520" lon="-75.6714120">
    <ele>1449.6</ele>
   </trkpt>
   <trkpt lat="4.8259320" lon="-75.6714160">
    <ele>1449.6</ele>
   </trkpt>
   <trkpt lat="4.8259100" lon="-75.6714200">
    <ele>1449.5</ele>
   </trkpt>
   <trkpt lat="4.8258880" lon="-75.6714240">
    <ele>1449.4</ele>
   </trkpt>
   <trkpt lat="4.8258660" lon="-75.6714290">
    <ele>1449.4</ele>
   </trkpt>
   <trkpt lat="4.8258460" lon="-75.6714340">
    <ele>1449.3</ele>
   </trkpt>
   <trkpt lat="4.8258270" lon="-75.6714380">
    <ele>1449.3</ele>
   </trkpt>
   <trkpt lat="4.8258100" lon="-75.6714410">
    <ele>1449.2</ele>
   </trkpt>
   <trkpt lat="4.8257930" lon="-75.6714430">
    <ele>1449.2</ele>
   </trkpt>
   <trkpt lat="4.8257750" lon="-75.6714450">
    <ele>1449.1</ele>
   </trkpt>
   <trkpt lat="4.8257560" lon="-75.6714470">
    <ele>1449.1</ele>
   </trkpt>
   <trkpt lat="4.8257360" lon="-75.6714510">
    <ele>1449.0</ele>
   </trkpt>
   <trkpt lat="4.8257160" lon="-75.6714560">
    <ele>1449.0</ele>
   </trkpt>
   <trkpt lat="4.8256960" lon="-75.6714620">
    <ele>1448.9</ele>
   </trkpt>
   <trkpt lat="4.8256760" lon="-75.6714680">
    <ele>1448.9</ele>
   </trkpt>
   <trkpt lat="4.8256560" lon="-75.6714730">
    <ele>1448.8</ele>
   </trkpt>
   <trkpt lat="4.8256360" lon="-75.6714790">
    <ele>1448.8</ele>
   </trkpt>
   <trkpt lat="4.8256160" lon="-75.6714850">
    <ele>1448.7</ele>
   </trkpt>
   <trkpt lat="4.8255960" lon="-75.6714900">
    <ele>1448.7</ele>
   </trkpt>
   <trkpt lat="4.8255770" lon="-75.6714950">
    <ele>1448.6</ele>
   </trkpt>
   <trkpt lat="4.8255580" lon="-75.6714980">
    <ele>1448.6</ele>
   </trkpt>
   <trkpt lat="4.8255410" lon="-75.6715040">
    <ele>1448.5</ele>
   </trkpt>
   <trkpt lat="4.8255250" lon="-75.6715100">
    <ele>1448.5</ele>
   </trkpt>
   <trkpt lat="4.8255080" lon="-75.6715170">
    <ele>1448.4</ele>
   </trkpt>
   <trkpt lat="4.8254900" lon="-75.6715240">
    <ele>1448.4</ele>
   </trkpt>
   <trkpt lat="4.8254700" lon="-75.6715300">
    <ele>1448.3</ele>
   </trkpt>
   <trkpt lat="4.8254500" lon="-75.6715350">
    <ele>1448.2</ele>
   </trkpt>
   <trkpt lat="4.8254300" lon="-75.6715400">
    <ele>1448.1</ele>
   </trkpt>
   <trkpt lat="4.8254100" lon="-75.6715460">
    <ele>1448.1</ele>
   </trkpt>
   <trkpt lat="4.8253900" lon="-75.6715520">
    <ele>1448.0</ele>
   </trkpt>
   <trkpt lat="4.8253710" lon="-75.6715580">
    <ele>1447.9</ele>
   </trkpt>
   <trkpt lat="4.8253510" lon="-75.6715630">
    <ele>1447.8</ele>
   </trkpt>
   <trkpt lat="4.8253330" lon="-75.6715680">
    <ele>1447.7</ele>
   </trkpt>
   <trkpt lat="4.8253140" lon="-75.6715730">
    <ele>1447.6</ele>
   </trkpt>
   <trkpt lat="4.8252950" lon="-75.6715780">
    <ele>1447.6</ele>
   </trkpt>
   <trkpt lat="4.8252760" lon="-75.6715820">
    <ele>1447.5</ele>
   </trkpt>
   <trkpt lat="4.8252570" lon="-75.6715870">
    <ele>1447.4</ele>
   </trkpt>
   <trkpt lat="4.8252360" lon="-75.6715920">
    <ele>1447.3</ele>
   </trkpt>
   <trkpt lat="4.8252170" lon="-75.6715960">
    <ele>1447.2</ele>
   </trkpt>
   <trkpt lat="4.8251990" lon="-75.6716010">
    <ele>1447.1</ele>
   </trkpt>
   <trkpt lat="4.8251810" lon="-75.6716060">
    <ele>1447.0</ele>
   </trkpt>
   <trkpt lat="4.8251630" lon="-75.6716100">
    <ele>1446.9</ele>
   </trkpt>
   <trkpt lat="4.8251450" lon="-75.6716150">
    <ele>1446.9</ele>
   </trkpt>
   <trkpt lat="4.8251270" lon="-75.6716200">
    <ele>1446.8</ele>
   </trkpt>
   <trkpt lat="4.8251080" lon="-75.6716250">
    <ele>1446.7</ele>
   </trkpt>
   <trkpt lat="4.8250870" lon="-75.6716310">
    <ele>1446.5</ele>
   </trkpt>
   <trkpt lat="4.8250650" lon="-75.6716370">
    <ele>1446.4</ele>
   </trkpt>
   <trkpt lat="4.8250420" lon="-75.6716430">
    <ele>1446.3</ele>
   </trkpt>
   <trkpt lat="4.8250200" lon="-75.6716490">
    <ele>1446.2</ele>
   </trkpt>
   <trkpt lat="4.8249980" lon="-75.6716550">
    <ele>1446.1</ele>
   </trkpt>
   <trkpt lat="4.8249760" lon="-75.6716600">
    <ele>1445.9</ele>
   </trkpt>
   <trkpt lat="4.8249550" lon="-75.6716660">
    <ele>1445.8</ele>
   </trkpt>
   <trkpt lat="4.8249340" lon="-75.6716710">
    <ele>1445.7</ele>
   </trkpt>
   <trkpt lat="4.8249130" lon="-75.6716770">
    <ele>1445.6</ele>
   </trkpt>
   <trkpt lat="4.8248930" lon="-75.6716820">
    <ele>1445.6</ele>
   </trkpt>
   <trkpt lat="4.8248730" lon="-75.6716880">
    <ele>1445.5</ele>
   </trkpt>
   <trkpt lat="4.8248520" lon="-75.6716930">
    <ele>1445.4</ele>
   </trkpt>
   <trkpt lat="4.8248310" lon="-75.6716990">
    <ele>1445.3</ele>
   </trkpt>
   <trkpt lat="4.8248100" lon="-75.6717050">
    <ele>1445.2</ele>
   </trkpt>
   <trkpt lat="4.8247910" lon="-75.6717100">
    <ele>1445.2</ele>
   </trkpt>
   <trkpt lat="4.8247710" lon="-75.6717150">
    <ele>1445.1</ele>
   </trkpt>
   <trkpt lat="4.8247510" lon="-75.6717200">
    <ele>1445.1</ele>
   </trkpt>
   <trkpt lat="4.8247310" lon="-75.6717260">
    <ele>1445.0</ele>
   </trkpt>
   <trkpt lat="4.8247110" lon="-75.6717310">
    <ele>1444.9</ele>
   </trkpt>
   <trkpt lat="4.8246910" lon="-75.6717370">
    <ele>1444.9</ele>
   </trkpt>
   <trkpt lat="4.8246690" lon="-75.6717420">
    <ele>1444.9</ele>
   </trkpt>
   <trkpt lat="4.8246480" lon="-75.6717480">
    <ele>1444.8</ele>
   </trkpt>
   <trkpt lat="4.8246270" lon="-75.6717540">
    <ele>1444.8</ele>
   </trkpt>
   <trkpt lat="4.8246060" lon="-75.6717590">
    <ele>1444.7</ele>
   </trkpt>
   <trkpt lat="4.8245860" lon="-75.6717640">
    <ele>1444.7</ele>
   </trkpt>
   <trkpt lat="4.8245660" lon="-75.6717690">
    <ele>1444.7</ele>
   </trkpt>
   <trkpt lat="4.8245470" lon="-75.6717740">
    <ele>1444.6</ele>
   </trkpt>
   <trkpt lat="4.8245270" lon="-75.6717790">
    <ele>1444.6</ele>
   </trkpt>
   <trkpt lat="4.8245070" lon="-75.6717830">
    <ele>1444.6</ele>
   </trkpt>
   <trkpt lat="4.8244850" lon="-75.6717880">
    <ele>1444.6</ele>
   </trkpt>
   <trkpt lat="4.8244640" lon="-75.6717930">
    <ele>1444.6</ele>
   </trkpt>
   <trkpt lat="4.8244430" lon="-75.6717980">
    <ele>1444.6</ele>
   </trkpt>
   <trkpt lat="4.8244210" lon="-75.6718030">
    <ele>1444.6</ele>
   </trkpt>
   <trkpt lat="4.8244000" lon="-75.6718080">
    <ele>1444.6</ele>
   </trkpt>
   <trkpt lat="4.8243790" lon="-75.6718130">
    <ele>1444.6</ele>
   </trkpt>
   <trkpt lat="4.8243590" lon="-75.6718180">
    <ele>1444.6</ele>
   </trkpt>
   <trkpt lat="4.8243410" lon="-75.6718220">
    <ele>1444.6</ele>
   </trkpt>
   <trkpt lat="4.8243250" lon="-75.6718250">
    <ele>1444.6</ele>
   </trkpt>
   <trkpt lat="4.8243110" lon="-75.6718280">
    <ele>1444.6</ele>
   </trkpt>
   <trkpt lat="4.8243000" lon="-75.6718290">
    <ele>1444.6</ele>
   </trkpt>
   <trkpt lat="4.8242910" lon="-75.6718300">
    <ele>1444.6</ele>
   </trkpt>
   <trkpt lat="4.8242820" lon="-75.6718300">
    <ele>1444.6</ele>
   </trkpt>
   <trkpt lat="4.8242720" lon="-75.6718320">
    <ele>1444.6</ele>
   </trkpt>
   <trkpt lat="4.8242610" lon="-75.6718340">
    <ele>1444.7</ele>
   </trkpt>
   <trkpt lat="4.8242470" lon="-75.6718370">
    <ele>1444.7</ele>
   </trkpt>
   <trkpt lat="4.8242320" lon="-75.6718420">
    <ele>1444.7</ele>
   </trkpt>
   <trkpt lat="4.8242150" lon="-75.6718470">
    <ele>1444.7</ele>
   </trkpt>
   <trkpt lat="4.8241970" lon="-75.6718520">
    <ele>1444.8</ele>
   </trkpt>
   <trkpt lat="4.8241780" lon="-75.6718570">
    <ele>1444.8</ele>
   </trkpt>
   <trkpt lat="4.8241580" lon="-75.6718620">
    <ele>1444.9</ele>
   </trkpt>
   <trkpt lat="4.8241380" lon="-75.6718660">
    <ele>1444.9</ele>
   </trkpt>
   <trkpt lat="4.8241180" lon="-75.6718710">
    <ele>1445.0</ele>
   </trkpt>
   <trkpt lat="4.8240980" lon="-75.6718750">
    <ele>1445.0</ele>
   </trkpt>
   <trkpt lat="4.8240780" lon="-75.6718800">
    <ele>1445.1</ele>
   </trkpt>
   <trkpt lat="4.8240580" lon="-75.6718850">
    <ele>1445.2</ele>
   </trkpt>
   <trkpt lat="4.8240380" lon="-75.6718890">
    <ele>1445.3</ele>
   </trkpt>
   <trkpt lat="4.8240180" lon="-75.6718940">
    <ele>1445.3</ele>
   </trkpt>
   <trkpt lat="4.8239980" lon="-75.6718980">
    <ele>1445.4</ele>
   </trkpt>
   <trkpt lat="4.8239790" lon="-75.6719020">
    <ele>1445.5</ele>
   </trkpt>
   <trkpt lat="4.8239600" lon="-75.6719070">
    <ele>1445.6</ele>
   </trkpt>
   <trkpt lat="4.8239410" lon="-75.6719120">
    <ele>1445.6</ele>
   </trkpt>
   <trkpt lat="4.8239220" lon="-75.6719170">
    <ele>1445.7</ele>
   </trkpt>
   <trkpt lat="4.8239030" lon="-75.6719220">
    <ele>1445.8</ele>
   </trkpt>
   <trkpt lat="4.8238850" lon="-75.6719270">
    <ele>1445.9</ele>
   </trkpt>
   <trkpt lat="4.8238680" lon="-75.6719320">
    <ele>1445.9</ele>
   </trkpt>
   <trkpt lat="4.8238500" lon="-75.6719360">
    <ele>1446.0</ele>
   </trkpt>
   <trkpt lat="4.8238310" lon="-75.6719410">
    <ele>1446.1</ele>
   </trkpt>
   <trkpt lat="4.8238120" lon="-75.6719470">
    <ele>1446.2</ele>
   </trkpt>
   <trkpt lat="4.8237920" lon="-75.6719540">
    <ele>1446.2</ele>
   </trkpt>
   <trkpt lat="4.8237730" lon="-75.6719610">
    <ele>1446.3</ele>
   </trkpt>
   <trkpt lat="4.8237540" lon="-75.6719680">
    <ele>1446.4</ele>
   </trkpt>
   <trkpt lat="4.8237360" lon="-75.6719750">
    <ele>1446.4</ele>
   </trkpt>
   <trkpt lat="4.8237190" lon="-75.6719800">
    <ele>1446.5</ele>
   </trkpt>
   <trkpt lat="4.8237000" lon="-75.6719840">
    <ele>1446.6</ele>
   </trkpt>
   <trkpt lat="4.8236800" lon="-75.6719860">
    <ele>1446.6</ele>
   </trkpt>
   <trkpt lat="4.8236590" lon="-75.6719900">
    <ele>1446.7</ele>
   </trkpt>
   <trkpt lat="4.8236370" lon="-75.6719950">
    <ele>1446.8</ele>
   </trkpt>
   <trkpt lat="4.8236160" lon="-75.6720010">
    <ele>1446.8</ele>
   </trkpt>
   <trkpt lat="4.8235950" lon="-75.6720070">
    <ele>1446.9</ele>
   </trkpt>
   <trkpt lat="4.8235750" lon="-75.6720140">
    <ele>1447.0</ele>
   </trkpt>
   <trkpt lat="4.8235540" lon="-75.6720210">
    <ele>1447.1</ele>
   </trkpt>
   <trkpt lat="4.8235340" lon="-75.6720280">
    <ele>1447.1</ele>
   </trkpt>
   <trkpt lat="4.8235140" lon="-75.6720340">
    <ele>1447.2</ele>
   </trkpt>
   <trkpt lat="4.8234950" lon="-75.6720410">
    <ele>1447.3</ele>
   </trkpt>
   <trkpt lat="4.8234770" lon="-75.6720490">
    <ele>1447.4</ele>
   </trkpt>
   <trkpt lat="4.8234600" lon="-75.6720570">
    <ele>1447.4</ele>
   </trkpt>
   <trkpt lat="4.8234430" lon="-75.6720660">
    <ele>1447.5</ele>
   </trkpt>
   <trkpt lat="4.8234280" lon="-75.6720750">
    <ele>1447.6</ele>
   </trkpt>
   <trkpt lat="4.8234120" lon="-75.6720860">
    <ele>1447.7</ele>
   </trkpt>
   <trkpt lat="4.8233980" lon="-75.6720960">
    <ele>1447.8</ele>
   </trkpt>
   <trkpt lat="4.8233830" lon="-75.6721070">
    <ele>1447.9</ele>
   </trkpt>
   <trkpt lat="4.8233700" lon="-75.6721180">
    <ele>1448.0</ele>
   </trkpt>
   <trkpt lat="4.8233570" lon="-75.6721300">
    <ele>1448.1</ele>
   </trkpt>
   <trkpt lat="4.8233450" lon="-75.6721430">
    <ele>1448.2</ele>
   </trkpt>
   <trkpt lat="4.8233350" lon="-75.6721560">
    <ele>1448.3</ele>
   </trkpt>
   <trkpt lat="4.8233250" lon="-75.6721690">
    <ele>1448.5</ele>
   </trkpt>
   <trkpt lat="4.8233160" lon="-75.6721830">
    <ele>1448.6</ele>
   </trkpt>
   <trkpt lat="4.8233070" lon="-75.6721970">
    <ele>1448.8</ele>
   </trkpt>
   <trkpt lat="4.8232970" lon="-75.6722110">
    <ele>1448.9</ele>
   </trkpt>
   <trkpt lat="4.8232880" lon="-75.6722240">
    <ele>1449.1</ele>
   </trkpt>
   <trkpt lat="4.8232780" lon="-75.6722370">
    <ele>1449.3</ele>
   </trkpt>
   <trkpt lat="4.8232680" lon="-75.6722510">
    <ele>1449.5</ele>
   </trkpt>
   <trkpt lat="4.8232580" lon="-75.6722640">
    <ele>1449.6</ele>
   </trkpt>
   <trkpt lat="4.8232490" lon="-75.6722780">
    <ele>1449.7</ele>
   </trkpt>
   <trkpt lat="4.8232420" lon="-75.6722920">
    <ele>1449.8</ele>
   </trkpt>
   <trkpt lat="4.8232360" lon="-75.6723060">
    <ele>1449.9</ele>
   </trkpt>
   <trkpt lat="4.8232330" lon="-75.6723200">
    <ele>1449.9</ele>
   </trkpt>
   <trkpt lat="4.8232310" lon="-75.6723340">
    <ele>1450.0</ele>
   </trkpt>
   <trkpt lat="4.8232310" lon="-75.6723470">
    <ele>1450.0</ele>
   </trkpt>
   <trkpt lat="4.8232310" lon="-75.6723600">
    <ele>1450.0</ele>
   </trkpt>
   <trkpt lat="4.8232310" lon="-75.6723720">
    <ele>1450.1</ele>
   </trkpt>
   <trkpt lat="4.8232300" lon="-75.6723840">
    <ele>1450.1</ele>
   </trkpt>
   <trkpt lat="4.8232280" lon="-75.6723950">
    <ele>1450.2</ele>
   </trkpt>
   <trkpt lat="4.8232230" lon="-75.6724070">
    <ele>1450.2</ele>
   </trkpt>
   <trkpt lat="4.8232160" lon="-75.6724200">
    <ele>1450.4</ele>
   </trkpt>
   <trkpt lat="4.8232070" lon="-75.6724320">
    <ele>1450.5</ele>
   </trkpt>
   <trkpt lat="4.8231970" lon="-75.6724450">
    <ele>1450.6</ele>
   </trkpt>
   <trkpt lat="4.8231880" lon="-75.6724580">
    <ele>1450.8</ele>
   </trkpt>
   <trkpt lat="4.8231800" lon="-75.6724750">
    <ele>1450.9</ele>
   </trkpt>
   <trkpt lat="4.8231720" lon="-75.6724910">
    <ele>1451.1</ele>
   </trkpt>
   <trkpt lat="4.8231620" lon="-75.6725070">
    <ele>1451.2</ele>
   </trkpt>
   <trkpt lat="4.8231510" lon="-75.6725230">
    <ele>1451.4</ele>
   </trkpt>
   <trkpt lat="4.8231380" lon="-75.6725350">
    <ele>1451.5</ele>
   </trkpt>
   <trkpt lat="4.8231240" lon="-75.6725470">
    <ele>1451.7</ele>
   </trkpt>
   <trkpt lat="4.8231100" lon="-75.6725590">
    <ele>1451.8</ele>
   </trkpt>
   <trkpt lat="4.8230980" lon="-75.6725690">
    <ele>1452.0</ele>
   </trkpt>
   <trkpt lat="4.8230850" lon="-75.6725800">
    <ele>1452.1</ele>
   </trkpt>
   <trkpt lat="4.8230730" lon="-75.6725900">
    <ele>1452.2</ele>
   </trkpt>
   <trkpt lat="4.8230600" lon="-75.6726010">
    <ele>1452.4</ele>
   </trkpt>
   <trkpt lat="4.8230470" lon="-75.6726120">
    <ele>1452.5</ele>
   </trkpt>
   <trkpt lat="4.8230340" lon="-75.6726230">
    <ele>1452.6</ele>
   </trkpt>
   <trkpt lat="4.8230200" lon="-75.6726340">
    <ele>1452.8</ele>
   </trkpt>
   <trkpt lat="4.8230060" lon="-75.6726440">
    <ele>1452.9</ele>
   </trkpt>
   <trkpt lat="4.8229930" lon="-75.6726550">
    <ele>1453.1</ele>
   </trkpt>
   <trkpt lat="4.8229790" lon="-75.6726670">
    <ele>1453.2</ele>
   </trkpt>
   <trkpt lat="4.8229650" lon="-75.6726790">
    <ele>1453.4</ele>
   </trkpt>
   <trkpt lat="4.8229520" lon="-75.6726920">
    <ele>1453.5</ele>
   </trkpt>
   <trkpt lat="4.8229380" lon="-75.6727050">
    <ele>1453.7</ele>
   </trkpt>
   <trkpt lat="4.8229250" lon="-75.6727180">
    <ele>1453.9</ele>
   </trkpt>
   <trkpt lat="4.8229110" lon="-75.6727300">
    <ele>1454.1</ele>
   </trkpt>
   <trkpt lat="4.8228970" lon="-75.6727410">
    <ele>1454.3</ele>
   </trkpt>
   <trkpt lat="4.8228830" lon="-75.6727510">
    <ele>1454.4</ele>
   </trkpt>
   <trkpt lat="4.8228710" lon="-75.6727580">
    <ele>1454.6</ele>
   </trkpt>
   <trkpt lat="4.8228600" lon="-75.6727630">
    <ele>1454.7</ele>
   </trkpt>
   <trkpt lat="4.8228490" lon="-75.6727660">
    <ele>1454.8</ele>
   </trkpt>
   <trkpt lat="4.8228350" lon="-75.6727680">
    <ele>1455.0</ele>
   </trkpt>
   <trkpt lat="4.8228210" lon="-75.6727700">
    <ele>1455.1</ele>
   </trkpt>
   <trkpt lat="4.8227990" lon="-75.6727770">
    <ele>1455.4</ele>
   </trkpt>
   <trkpt lat="4.8227730" lon="-75.6727730">
    <ele>1455.5</ele>
   </trkpt>
   <trkpt lat="4.8227500" lon="-75.6727650">
    <ele>1455.7</ele>
   </trkpt>
   <trkpt lat="4.8227310" lon="-75.6727520">
    <ele>1455.8</ele>
   </trkpt>
   <trkpt lat="4.8227190" lon="-75.6727300">
    <ele>1456.0</ele>
   </trkpt>
   <trkpt lat="4.8227110" lon="-75.6727150">
    <ele>1456.1</ele>
   </trkpt>
   <trkpt lat="4.8227050" lon="-75.6727020">
    <ele>1456.2</ele>
   </trkpt>
   <trkpt lat="4.8226940" lon="-75.6726960">
    <ele>1456.2</ele>
   </trkpt>
   <trkpt lat="4.8226840" lon="-75.6726860">
    <ele>1456.3</ele>
   </trkpt>
   <trkpt lat="4.8226740" lon="-75.6726770">
    <ele>1456.4</ele>
   </trkpt>
   <trkpt lat="4.8226640" lon="-75.6726680">
    <ele>1456.5</ele>
   </trkpt>
   <trkpt lat="4.8226530" lon="-75.6726550">
    <ele>1456.6</ele>
   </trkpt>
   <trkpt lat="4.8226400" lon="-75.6726470">
    <ele>1456.7</ele>
   </trkpt>
   <trkpt lat="4.8226260" lon="-75.6726380">
    <ele>1456.8</ele>
   </trkpt>
   <trkpt lat="4.8226100" lon="-75.6726270">
    <ele>1457.0</ele>
   </trkpt>
   <trkpt lat="4.8225930" lon="-75.6726160">
    <ele>1457.1</ele>
   </trkpt>
   <trkpt lat="4.8225760" lon="-75.6726050">
    <ele>1457.2</ele>
   </trkpt>
   <trkpt lat="4.8225600" lon="-75.6725950">
    <ele>1457.3</ele>
   </trkpt>
   <trkpt lat="4.8225430" lon="-75.6725840">
    <ele>1457.5</ele>
   </trkpt>
   <trkpt lat="4.8225260" lon="-75.6725740">
    <ele>1457.6</ele>
   </trkpt>
   <trkpt lat="4.8225080" lon="-75.6725630">
    <ele>1457.7</ele>
   </trkpt>
   <trkpt lat="4.8224890" lon="-75.6725520">
    <ele>1457.9</ele>
   </trkpt>
   <trkpt lat="4.8224700" lon="-75.6725410">
    <ele>1458.0</ele>
   </trkpt>
   <trkpt lat="4.8224510" lon="-75.6725290">
    <ele>1458.2</ele>
   </trkpt>
   <trkpt lat="4.8224340" lon="-75.6725190">
    <ele>1458.3</ele>
   </trkpt>
   <trkpt lat="4.8224170" lon="-75.6725090">
    <ele>1458.5</ele>
   </trkpt>
   <trkpt lat="4.8224000" lon="-75.6725010">
    <ele>1458.6</ele>
   </trkpt>
   <trkpt lat="4.8223830" lon="-75.6724930">
    <ele>1458.7</ele>
   </trkpt>
   <trkpt lat="4.8223670" lon="-75.6724840">
    <ele>1458.8</ele>
   </trkpt>
   <trkpt lat="4.8223500" lon="-75.6724760">
    <ele>1459.0</ele>
   </trkpt>
   <trkpt lat="4.8223320" lon="-75.6724680">
    <ele>1459.1</ele>
   </trkpt>
   <trkpt lat="4.8223150" lon="-75.6724590">
    <ele>1459.2</ele>
   </trkpt>
   <trkpt lat="4.8222970" lon="-75.6724500">
    <ele>1459.4</ele>
   </trkpt>
   <trkpt lat="4.8222800" lon="-75.6724420">
    <ele>1459.5</ele>
   </trkpt>
   <trkpt lat="4.8222620" lon="-75.6724330">
    <ele>1459.6</ele>
   </trkpt>
   <trkpt lat="4.8222450" lon="-75.6724240">
    <ele>1459.8</ele>
   </trkpt>
   <trkpt lat="4.8222280" lon="-75.6724150">
    <ele>1459.9</ele>
   </trkpt>
   <trkpt lat="4.8222120" lon="-75.6724060">
    <ele>1460.0</ele>
   </trkpt>
   <trkpt lat="4.8221960" lon="-75.6723970">
    <ele>1460.1</ele>
   </trkpt>
   <trkpt lat="4.8221790" lon="-75.6723880">
    <ele>1460.2</ele>
   </trkpt>
   <trkpt lat="4.8221630" lon="-75.6723790">
    <ele>1460.3</ele>
   </trkpt>
   <trkpt lat="4.8221460" lon="-75.6723700">
    <ele>1460.5</ele>
   </trkpt>
   <trkpt lat="4.8221310" lon="-75.6723610">
    <ele>1460.6</ele>
   </trkpt>
   <trkpt lat="4.8221160" lon="-75.6723520">
    <ele>1460.7</ele>
   </trkpt>
   <trkpt lat="4.8221020" lon="-75.6723440">
    <ele>1460.8</ele>
   </trkpt>
   <trkpt lat="4.8220890" lon="-75.6723370">
    <ele>1460.9</ele>
   </trkpt>
   <trkpt lat="4.8220760" lon="-75.6723280">
    <ele>1461.0</ele>
   </trkpt>
   <trkpt lat="4.8220620" lon="-75.6723200">
    <ele>1461.1</ele>
   </trkpt>
   <trkpt lat="4.8220470" lon="-75.6723110">
    <ele>1461.2</ele>
   </trkpt>
   <trkpt lat="4.8220310" lon="-75.6723010">
    <ele>1461.4</ele>
   </trkpt>
   <trkpt lat="4.8220140" lon="-75.6722910">
    <ele>1461.5</ele>
   </trkpt>
   <trkpt lat="4.8219970" lon="-75.6722810">
    <ele>1461.7</ele>
   </trkpt>
   <trkpt lat="4.8219800" lon="-75.6722710">
    <ele>1461.8</ele>
   </trkpt>
   <trkpt lat="4.8219640" lon="-75.6722610">
    <ele>1462.0</ele>
   </trkpt>
   <trkpt lat="4.8219480" lon="-75.6722520">
    <ele>1462.1</ele>
   </trkpt>
   <trkpt lat="4.8219320" lon="-75.6722430">
    <ele>1462.2</ele>
   </trkpt>
   <trkpt lat="4.8219170" lon="-75.6722340">
    <ele>1462.4</ele>
   </trkpt>
   <trkpt lat="4.8219020" lon="-75.6722250">
    <ele>1462.5</ele>
   </trkpt>
   <trkpt lat="4.8218860" lon="-75.6722160">
    <ele>1462.7</ele>
   </trkpt>
   <trkpt lat="4.8218710" lon="-75.6722070">
    <ele>1462.8</ele>
   </trkpt>
   <trkpt lat="4.8218550" lon="-75.6721980">
    <ele>1463.0</ele>
   </trkpt>
   <trkpt lat="4.8218400" lon="-75.6721890">
    <ele>1463.1</ele>
   </trkpt>
   <trkpt lat="4.8218250" lon="-75.6721800">
    <ele>1463.3</ele>
   </trkpt>
   <trkpt lat="4.8218100" lon="-75.6721720">
    <ele>1463.5</ele>
   </trkpt>
   <trkpt lat="4.8217950" lon="-75.6721630">
    <ele>1463.6</ele>
   </trkpt>
   <trkpt lat="4.8217810" lon="-75.6721540">
    <ele>1463.8</ele>
   </trkpt>
   <trkpt lat="4.8217670" lon="-75.6721460">
    <ele>1464.0</ele>
   </trkpt>
   <trkpt lat="4.8217520" lon="-75.6721370">
    <ele>1464.1</ele>
   </trkpt>
   <trkpt lat="4.8217380" lon="-75.6721290">
    <ele>1464.3</ele>
   </trkpt>
   <trkpt lat="4.8217230" lon="-75.6721200">
    <ele>1464.5</ele>
   </trkpt>
   <trkpt lat="4.8217080" lon="-75.6721110">
    <ele>1464.7</ele>
   </trkpt>
   <trkpt lat="4.8216930" lon="-75.6721020">
    <ele>1464.8</ele>
   </trkpt>
   <trkpt lat="4.8216780" lon="-75.6720930">
    <ele>1465.0</ele>
   </trkpt>
   <trkpt lat="4.8216640" lon="-75.6720840">
    <ele>1465.2</ele>
   </trkpt>
   <trkpt lat="4.8216500" lon="-75.6720750">
    <ele>1465.4</ele>
   </trkpt>
   <trkpt lat="4.8216360" lon="-75.6720660">
    <ele>1465.5</ele>
   </trkpt>
   <trkpt lat="4.8216230" lon="-75.6720570">
    <ele>1465.7</ele>
   </trkpt>
   <trkpt lat="4.8216100" lon="-75.6720480">
    <ele>1465.9</ele>
   </trkpt>
   <trkpt lat="4.8215970" lon="-75.6720400">
    <ele>1466.0</ele>
   </trkpt>
   <trkpt lat="4.8215840" lon="-75.6720310">
    <ele>1466.2</ele>
   </trkpt>
   <trkpt lat="4.8215720" lon="-75.6720230">
    <ele>1466.4</ele>
   </trkpt>
   <trkpt lat="4.8215620" lon="-75.6720170">
    <ele>1466.5</ele>
   </trkpt>
   <trkpt lat="4.8215540" lon="-75.6720120">
    <ele>1466.6</ele>
   </trkpt>
   <trkpt lat="4.8215480" lon="-75.6720070">
    <ele>1466.7</ele>
   </trkpt>
   <trkpt lat="4.8215400" lon="-75.6720030">
    <ele>1466.8</ele>
   </trkpt>
   <trkpt lat="4.8215290" lon="-75.6719980">
    <ele>1466.9</ele>
   </trkpt>
   <trkpt lat="4.8215150" lon="-75.6719910">
    <ele>1467.0</ele>
   </trkpt>
   <trkpt lat="4.8214980" lon="-75.6719840">
    <ele>1467.2</ele>
   </trkpt>
   <trkpt lat="4.8214810" lon="-75.6719770">
    <ele>1467.4</ele>
   </trkpt>
   <trkpt lat="4.8214630" lon="-75.6719700">
    <ele>1467.6</ele>
   </trkpt>
   <trkpt lat="4.8214460" lon="-75.6719640">
    <ele>1467.8</ele>
   </trkpt>
   <trkpt lat="4.8214290" lon="-75.6719590">
    <ele>1467.9</ele>
   </trkpt>
   <trkpt lat="4.8214120" lon="-75.6719530">
    <ele>1468.1</ele>
   </trkpt>
   <trkpt lat="4.8213950" lon="-75.6719470">
    <ele>1468.2</ele>
   </trkpt>
   <trkpt lat="4.8213790" lon="-75.6719400">
    <ele>1468.4</ele>
   </trkpt>
   <trkpt lat="4.8213620" lon="-75.6719320">
    <ele>1468.5</ele>
   </trkpt>
   <trkpt lat="4.8213450" lon="-75.6719250">
    <ele>1468.7</ele>
   </trkpt>
   <trkpt lat="4.8213300" lon="-75.6719190">
    <ele>1468.8</ele>
   </trkpt>
   <trkpt lat="4.8213130" lon="-75.6719120">
    <ele>1469.0</ele>
   </trkpt>
   <trkpt lat="4.8212970" lon="-75.6719050">
    <ele>1469.1</ele>
   </trkpt>
   <trkpt lat="4.8212810" lon="-75.6718980">
    <ele>1469.2</ele>
   </trkpt>
   <trkpt lat="4.8212650" lon="-75.6718920">
    <ele>1469.3</ele>
   </trkpt>
   <trkpt lat="4.8212500" lon="-75.6718860">
    <ele>1469.5</ele>
   </trkpt>
   <trkpt lat="4.8212350" lon="-75.6718800">
    <ele>1469.6</ele>
   </trkpt>
   <trkpt lat="4.8212190" lon="-75.6718740">
    <ele>1469.7</ele>
   </trkpt>
   <trkpt lat="4.8212030" lon="-75.6718670">
    <ele>1469.8</ele>
   </trkpt>
   <trkpt lat="4.8211860" lon="-75.6718610">
    <ele>1469.9</ele>
   </trkpt>
   <trkpt lat="4.8211700" lon="-75.6718550">
    <ele>1470.0</ele>
   </trkpt>
   <trkpt lat="4.8211560" lon="-75.6718490">
    <ele>1470.0</ele>
   </trkpt>
   <trkpt lat="4.8211440" lon="-75.6718440">
    <ele>1470.1</ele>
   </trkpt>
   <trkpt lat="4.8211320" lon="-75.6718400">
    <ele>1470.1</ele>
   </trkpt>
   <trkpt lat="4.8211190" lon="-75.6718350">
    <ele>1470.2</ele>
   </trkpt>
   <trkpt lat="4.8211070" lon="-75.6718300">
    <ele>1470.2</ele>
   </trkpt>
   <trkpt lat="4.8210930" lon="-75.6718250">
    <ele>1470.2</ele>
   </trkpt>
   <trkpt lat="4.8210790" lon="-75.6718190">
    <ele>1470.3</ele>
   </trkpt>
   <trkpt lat="4.8210630" lon="-75.6718120">
    <ele>1470.3</ele>
   </trkpt>
   <trkpt lat="4.8210450" lon="-75.6718050">
    <ele>1470.4</ele>
   </trkpt>
   <trkpt lat="4.8210270" lon="-75.6717970">
    <ele>1470.4</ele>
   </trkpt>
   <trkpt lat="4.8210080" lon="-75.6717890">
    <ele>1470.4</ele>
   </trkpt>
   <trkpt lat="4.8209890" lon="-75.6717820">
    <ele>1470.5</ele>
   </trkpt>
   <trkpt lat="4.8209710" lon="-75.6717730">
    <ele>1470.5</ele>
   </trkpt>
   <trkpt lat="4.8209510" lon="-75.6717640">
    <ele>1470.5</ele>
   </trkpt>
   <trkpt lat="4.8209320" lon="-75.6717550">
    <ele>1470.5</ele>
   </trkpt>
   <trkpt lat="4.8209140" lon="-75.6717470">
    <ele>1470.5</ele>
   </trkpt>
   <trkpt lat="4.8208960" lon="-75.6717360">
    <ele>1470.5</ele>
   </trkpt>
   <trkpt lat="4.8208790" lon="-75.6717260">
    <ele>1470.5</ele>
   </trkpt>
   <trkpt lat="4.8208620" lon="-75.6717160">
    <ele>1470.5</ele>
   </trkpt>
   <trkpt lat="4.8208450" lon="-75.6717060">
    <ele>1470.5</ele>
   </trkpt>
   <trkpt lat="4.8208270" lon="-75.6716970">
    <ele>1470.5</ele>
   </trkpt>
   <trkpt lat="4.8208090" lon="-75.6716880">
    <ele>1470.5</ele>
   </trkpt>
   <trkpt lat="4.8207900" lon="-75.6716790">
    <ele>1470.5</ele>
   </trkpt>
   <trkpt lat="4.8207720" lon="-75.6716700">
    <ele>1470.5</ele>
   </trkpt>
   <trkpt lat="4.8207540" lon="-75.6716600">
    <ele>1470.5</ele>
   </trkpt>
   <trkpt lat="4.8207360" lon="-75.6716510">
    <ele>1470.5</ele>
   </trkpt>
   <trkpt lat="4.8207180" lon="-75.6716420">
    <ele>1470.5</ele>
   </trkpt>
   <trkpt lat="4.8207000" lon="-75.6716330">
    <ele>1470.5</ele>
   </trkpt>
   <trkpt lat="4.8206820" lon="-75.6716240">
    <ele>1470.4</ele>
   </trkpt>
   <trkpt lat="4.8206640" lon="-75.6716150">
    <ele>1470.4</ele>
   </trkpt>
   <trkpt lat="4.8206470" lon="-75.6716060">
    <ele>1470.4</ele>
   </trkpt>
   <trkpt lat="4.8206300" lon="-75.6715970">
    <ele>1470.4</ele>
   </trkpt>
   <trkpt lat="4.8206120" lon="-75.6715880">
    <ele>1470.3</ele>
   </trkpt>
   <trkpt lat="4.8205950" lon="-75.6715790">
    <ele>1470.3</ele>
   </trkpt>
   <trkpt lat="4.8205780" lon="-75.6715690">
    <ele>1470.2</ele>
   </trkpt>
   <trkpt lat="4.8205620" lon="-75.6715600">
    <ele>1470.2</ele>
   </trkpt>
   <trkpt lat="4.8205450" lon="-75.6715500">
    <ele>1470.2</ele>
   </trkpt>
   <trkpt lat="4.8205280" lon="-75.6715390">
    <ele>1470.1</ele>
   </trkpt>
   <trkpt lat="4.8205110" lon="-75.6715280">
    <ele>1470.1</ele>
   </trkpt>
   <trkpt lat="4.8204940" lon="-75.6715170">
    <ele>1470.0</ele>
   </trkpt>
   <trkpt lat="4.8204760" lon="-75.6715050">
    <ele>1469.9</ele>
   </trkpt>
   <trkpt lat="4.8204570" lon="-75.6714930">
    <ele>1469.9</ele>
   </trkpt>
   <trkpt lat="4.8204370" lon="-75.6714790">
    <ele>1469.8</ele>
   </trkpt>
   <trkpt lat="4.8204160" lon="-75.6714660">
    <ele>1469.8</ele>
   </trkpt>
   <trkpt lat="4.8203960" lon="-75.6714520">
    <ele>1469.7</ele>
   </trkpt>
   <trkpt lat="4.8203770" lon="-75.6714390">
    <ele>1469.7</ele>
   </trkpt>
   <trkpt lat="4.8203580" lon="-75.6714270">
    <ele>1469.7</ele>
   </trkpt>
   <trkpt lat="4.8203390" lon="-75.6714150">
    <ele>1469.7</ele>
   </trkpt>
   <trkpt lat="4.8203200" lon="-75.6714030">
    <ele>1469.7</ele>
   </trkpt>
   <trkpt lat="4.8203010" lon="-75.6713910">
    <ele>1469.7</ele>
   </trkpt>
   <trkpt lat="4.8202820" lon="-75.6713790">
    <ele>1469.7</ele>
   </trkpt>
   <trkpt lat="4.8202630" lon="-75.6713680">
    <ele>1469.7</ele>
   </trkpt>
   <trkpt lat="4.8202440" lon="-75.6713570">
    <ele>1469.8</ele>
   </trkpt>
   <trkpt lat="4.8202250" lon="-75.6713460">
    <ele>1469.8</ele>
   </trkpt>
   <trkpt lat="4.8202060" lon="-75.6713350">
    <ele>1469.9</ele>
   </trkpt>
   <trkpt lat="4.8201870" lon="-75.6713240">
    <ele>1470.0</ele>
   </trkpt>
   <trkpt lat="4.8201690" lon="-75.6713130">
    <ele>1470.0</ele>
   </trkpt>
   <trkpt lat="4.8201510" lon="-75.6713030">
    <ele>1470.1</ele>
   </trkpt>
   <trkpt lat="4.8201330" lon="-75.6712930">
    <ele>1470.2</ele>
   </trkpt>
   <trkpt lat="4.8201160" lon="-75.6712830">
    <ele>1470.3</ele>
   </trkpt>
   <trkpt lat="4.8200990" lon="-75.6712730">
    <ele>1470.4</ele>
   </trkpt>
   <trkpt lat="4.8200820" lon="-75.6712630">
    <ele>1470.5</ele>
   </trkpt>
   <trkpt lat="4.8200650" lon="-75.6712540">
    <ele>1470.6</ele>
   </trkpt>
   <trkpt lat="4.8200500" lon="-75.6712450">
    <ele>1470.7</ele>
   </trkpt>
   <trkpt lat="4.8200370" lon="-75.6712380">
    <ele>1470.8</ele>
   </trkpt>
   <trkpt lat="4.8200240" lon="-75.6712310">
    <ele>1470.9</ele>
   </trkpt>
   <trkpt lat="4.8200110" lon="-75.6712240">
    <ele>1471.0</ele>
   </trkpt>
   <trkpt lat="4.8199970" lon="-75.6712170">
    <ele>1471.1</ele>
   </trkpt>
   <trkpt lat="4.8199810" lon="-75.6712080">
    <ele>1471.2</ele>
   </trkpt>
   <trkpt lat="4.8199640" lon="-75.6711980">
    <ele>1471.3</ele>
   </trkpt>
   <trkpt lat="4.8199460" lon="-75.6711880">
    <ele>1471.5</ele>
   </trkpt>
   <trkpt lat="4.8199280" lon="-75.6711770">
    <ele>1471.6</ele>
   </trkpt>
   <trkpt lat="4.8199120" lon="-75.6711680">
    <ele>1471.8</ele>
   </trkpt>
   <trkpt lat="4.8198960" lon="-75.6711580">
    <ele>1471.9</ele>
   </trkpt>
   <trkpt lat="4.8198790" lon="-75.6711480">
    <ele>1472.0</ele>
   </trkpt>
   <trkpt lat="4.8198630" lon="-75.6711390">
    <ele>1472.2</ele>
   </trkpt>
   <trkpt lat="4.8198470" lon="-75.6711290">
    <ele>1472.3</ele>
   </trkpt>
   <trkpt lat="4.8198310" lon="-75.6711190">
    <ele>1472.5</ele>
   </trkpt>
   <trkpt lat="4.8198150" lon="-75.6711100">
    <ele>1472.6</ele>
   </trkpt>
   <trkpt lat="4.8198010" lon="-75.6711010">
    <ele>1472.8</ele>
   </trkpt>
   <trkpt lat="4.8197860" lon="-75.6710920">
    <ele>1472.9</ele>
   </trkpt>
   <trkpt lat="4.8197720" lon="-75.6710830">
    <ele>1473.0</ele>
   </trkpt>
   <trkpt lat="4.8197570" lon="-75.6710740">
    <ele>1473.2</ele>
   </trkpt>
   <trkpt lat="4.8197420" lon="-75.6710650">
    <ele>1473.3</ele>
   </trkpt>
   <trkpt lat="4.8197280" lon="-75.6710580">
    <ele>1473.4</ele>
   </trkpt>
   <trkpt lat="4.8197120" lon="-75.6710480">
    <ele>1473.6</ele>
   </trkpt>
   <trkpt lat="4.8196960" lon="-75.6710390">
    <ele>1473.8</ele>
   </trkpt>
   <trkpt lat="4.8196800" lon="-75.6710290">
    <ele>1473.9</ele>
   </trkpt>
   <trkpt lat="4.8196650" lon="-75.6710180">
    <ele>1474.1</ele>
   </trkpt>
   <trkpt lat="4.8196500" lon="-75.6710090">
    <ele>1474.2</ele>
   </trkpt>
   <trkpt lat="4.8196350" lon="-75.6709990">
    <ele>1474.4</ele>
   </trkpt>
   <trkpt lat="4.8196210" lon="-75.6709900">
    <ele>1474.5</ele>
   </trkpt>
   <trkpt lat="4.8196060" lon="-75.6709800">
    <ele>1474.6</ele>
   </trkpt>
   <trkpt lat="4.8195910" lon="-75.6709700">
    <ele>1474.8</ele>
   </trkpt>
   <trkpt lat="4.8195770" lon="-75.6709610">
    <ele>1474.9</ele>
   </trkpt>
   <trkpt lat="4.8195640" lon="-75.6709520">
    <ele>1475.1</ele>
   </trkpt>
   <trkpt lat="4.8195510" lon="-75.6709420">
    <ele>1475.2</ele>
   </trkpt>
   <trkpt lat="4.8195380" lon="-75.6709330">
    <ele>1475.4</ele>
   </trkpt>
   <trkpt lat="4.8195250" lon="-75.6709230">
    <ele>1475.5</ele>
   </trkpt>
   <trkpt lat="4.8195110" lon="-75.6709140">
    <ele>1475.6</ele>
   </trkpt>
   <trkpt lat="4.8194970" lon="-75.6709040">
    <ele>1475.8</ele>
   </trkpt>
   <trkpt lat="4.8194830" lon="-75.6708950">
    <ele>1475.9</ele>
   </trkpt>
   <trkpt lat="4.8194700" lon="-75.6708860">
    <ele>1476.1</ele>
   </trkpt>
   <trkpt lat="4.8194560" lon="-75.6708770">
    <ele>1476.2</ele>
   </trkpt>
   <trkpt lat="4.8194430" lon="-75.6708690">
    <ele>1476.3</ele>
   </trkpt>
   <trkpt lat="4.8194290" lon="-75.6708610">
    <ele>1476.5</ele>
   </trkpt>
   <trkpt lat="4.8194150" lon="-75.6708520">
    <ele>1476.6</ele>
   </trkpt>
   <trkpt lat="4.8194010" lon="-75.6708430">
    <ele>1476.7</ele>
   </trkpt>
   <trkpt lat="4.8193860" lon="-75.6708340">
    <ele>1476.9</ele>
   </trkpt>
   <trkpt lat="4.8193710" lon="-75.6708240">
    <ele>1477.0</ele>
   </trkpt>
   <trkpt lat="4.8193550" lon="-75.6708140">
    <ele>1477.1</ele>
   </trkpt>
   <trkpt lat="4.8193400" lon="-75.6708040">
    <ele>1477.3</ele>
   </trkpt>
   <trkpt lat="4.8193240" lon="-75.6707940">
    <ele>1477.4</ele>
   </trkpt>
   <trkpt lat="4.8193090" lon="-75.6707830">
    <ele>1477.5</ele>
   </trkpt>
   <trkpt lat="4.8192940" lon="-75.6707730">
    <ele>1477.7</ele>
   </trkpt>
   <trkpt lat="4.8192790" lon="-75.6707630">
    <ele>1477.8</ele>
   </trkpt>
   <trkpt lat="4.8192650" lon="-75.6707520">
    <ele>1477.9</ele>
   </trkpt>
   <trkpt lat="4.8192500" lon="-75.6707420">
    <ele>1477.9</ele>
   </trkpt>
   <trkpt lat="4.8192350" lon="-75.6707310">
    <ele>1478.0</ele>
   </trkpt>
   <trkpt lat="4.8192190" lon="-75.6707200">
    <ele>1478.0</ele>
   </trkpt>
   <trkpt lat="4.8192030" lon="-75.6707080">
    <ele>1478.1</ele>
   </trkpt>
   <trkpt lat="4.8191870" lon="-75.6706970">
    <ele>1478.1</ele>
   </trkpt>
   <trkpt lat="4.8191710" lon="-75.6706860">
    <ele>1478.3</ele>
   </trkpt>
   <trkpt lat="4.8191550" lon="-75.6706750">
    <ele>1478.4</ele>
   </trkpt>
   <trkpt lat="4.8191390" lon="-75.6706640">
    <ele>1478.6</ele>
   </trkpt>
   <trkpt lat="4.8191240" lon="-75.6706530">
    <ele>1478.7</ele>
   </trkpt>
   <trkpt lat="4.8191070" lon="-75.6706430">
    <ele>1478.9</ele>
   </trkpt>
   <trkpt lat="4.8190910" lon="-75.6706340">
    <ele>1479.1</ele>
   </trkpt>
   <trkpt lat="4.8190760" lon="-75.6706250">
    <ele>1479.3</ele>
   </trkpt>
   <trkpt lat="4.8190610" lon="-75.6706150">
    <ele>1479.4</ele>
   </trkpt>
   <trkpt lat="4.8190470" lon="-75.6706050">
    <ele>1479.6</ele>
   </trkpt>
   <trkpt lat="4.8190320" lon="-75.6705950">
    <ele>1479.7</ele>
   </trkpt>
   <trkpt lat="4.8190180" lon="-75.6705850">
    <ele>1479.9</ele>
   </trkpt>
   <trkpt lat="4.8190040" lon="-75.6705760">
    <ele>1480.1</ele>
   </trkpt>
   <trkpt lat="4.8189920" lon="-75.6705680">
    <ele>1480.2</ele>
   </trkpt>
   <trkpt lat="4.8189800" lon="-75.6705600">
    <ele>1480.3</ele>
   </trkpt>
   <trkpt lat="4.8189700" lon="-75.6705530">
    <ele>1480.5</ele>
   </trkpt>
   <trkpt lat="4.8189590" lon="-75.6705450">
    <ele>1480.6</ele>
   </trkpt>
   <trkpt lat="4.8189480" lon="-75.6705360">
    <ele>1480.7</ele>
   </trkpt>
   <trkpt lat="4.8189360" lon="-75.6705270">
    <ele>1480.9</ele>
   </trkpt>
   <trkpt lat="4.8189220" lon="-75.6705170">
    <ele>1481.0</ele>
   </trkpt>
   <trkpt lat="4.8189070" lon="-75.6705060">
    <ele>1481.2</ele>
   </trkpt>
   <trkpt lat="4.8188910" lon="-75.6704960">
    <ele>1481.4</ele>
   </trkpt>
   <trkpt lat="4.8188750" lon="-75.6704850">
    <ele>1481.6</ele>
   </trkpt>
   <trkpt lat="4.8188600" lon="-75.6704760">
    <ele>1481.7</ele>
   </trkpt>
   <trkpt lat="4.8188450" lon="-75.6704660">
    <ele>1481.9</ele>
   </trkpt>
   <trkpt lat="4.8188310" lon="-75.6704560">
    <ele>1482.1</ele>
   </trkpt>
   <trkpt lat="4.8188160" lon="-75.6704460">
    <ele>1482.3</ele>
   </trkpt>
   <trkpt lat="4.8188010" lon="-75.6704360">
    <ele>1482.4</ele>
   </trkpt>
   <trkpt lat="4.8187860" lon="-75.6704260">
    <ele>1482.6</ele>
   </trkpt>
   <trkpt lat="4.8187720" lon="-75.6704160">
    <ele>1482.8</ele>
   </trkpt>
   <trkpt lat="4.8187580" lon="-75.6704060">
    <ele>1482.9</ele>
   </trkpt>
   <trkpt lat="4.8187450" lon="-75.6703970">
    <ele>1483.1</ele>
   </trkpt>
   <trkpt lat="4.8187320" lon="-75.6703880">
    <ele>1483.2</ele>
   </trkpt>
   <trkpt lat="4.8187190" lon="-75.6703780">
    <ele>1483.4</ele>
   </trkpt>
   <trkpt lat="4.8187060" lon="-75.6703700">
    <ele>1483.5</ele>
   </trkpt>
   <trkpt lat="4.8186930" lon="-75.6703590">
    <ele>1483.7</ele>
   </trkpt>
   <trkpt lat="4.8186800" lon="-75.6703480">
    <ele>1483.9</ele>
   </trkpt>
   <trkpt lat="4.8186670" lon="-75.6703360">
    <ele>1484.0</ele>
   </trkpt>
   <trkpt lat="4.8186550" lon="-75.6703240">
    <ele>1484.2</ele>
   </trkpt>
   <trkpt lat="4.8186430" lon="-75.6703130">
    <ele>1484.3</ele>
   </trkpt>
   <trkpt lat="4.8186310" lon="-75.6703030">
    <ele>1484.5</ele>
   </trkpt>
   <trkpt lat="4.8186200" lon="-75.6702930">
    <ele>1484.6</ele>
   </trkpt>
   <trkpt lat="4.8186090" lon="-75.6702820">
    <ele>1484.8</ele>
   </trkpt>
   <trkpt lat="4.8185970" lon="-75.6702720">
    <ele>1484.9</ele>
   </trkpt>
   <trkpt lat="4.8185860" lon="-75.6702610">
    <ele>1485.1</ele>
   </trkpt>
   <trkpt lat="4.8185740" lon="-75.6702490">
    <ele>1485.2</ele>
   </trkpt>
   <trkpt lat="4.8185630" lon="-75.6702370">
    <ele>1485.4</ele>
   </trkpt>
   <trkpt lat="4.8185510" lon="-75.6702250">
    <ele>1485.5</ele>
   </trkpt>
   <trkpt lat="4.8185400" lon="-75.6702140">
    <ele>1485.7</ele>
   </trkpt>
   <trkpt lat="4.8185290" lon="-75.6702020">
    <ele>1485.8</ele>
   </trkpt>
   <trkpt lat="4.8185180" lon="-75.6701890">
    <ele>1486.0</ele>
   </trkpt>
   <trkpt lat="4.8185070" lon="-75.6701760">
    <ele>1486.1</ele>
   </trkpt>
   <trkpt lat="4.8184950" lon="-75.6701620">
    <ele>1486.3</ele>
   </trkpt>
   <trkpt lat="4.8184840" lon="-75.6701480">
    <ele>1486.4</ele>
   </trkpt>
   <trkpt lat="4.8184720" lon="-75.6701340">
    <ele>1486.6</ele>
   </trkpt>
   <trkpt lat="4.8184630" lon="-75.6701190">
    <ele>1486.7</ele>
   </trkpt>
   <trkpt lat="4.8184540" lon="-75.6701030">
    <ele>1486.8</ele>
   </trkpt>
   <trkpt lat="4.8184460" lon="-75.6700870">
    <ele>1487.0</ele>
   </trkpt>
   <trkpt lat="4.8184410" lon="-75.6700700">
    <ele>1487.1</ele>
   </trkpt>
   <trkpt lat="4.8184360" lon="-75.6700560">
    <ele>1487.2</ele>
   </trkpt>
   <trkpt lat="4.8184310" lon="-75.6700410">
    <ele>1487.3</ele>
   </trkpt>
   <trkpt lat="4.8184250" lon="-75.6700250">
    <ele>1487.4</ele>
   </trkpt>
   <trkpt lat="4.8184180" lon="-75.6700100">
    <ele>1487.5</ele>
   </trkpt>
   <trkpt lat="4.8184110" lon="-75.6699940">
    <ele>1487.6</ele>
   </trkpt>
   <trkpt lat="4.8184050" lon="-75.6699780">
    <ele>1487.7</ele>
   </trkpt>
   <trkpt lat="4.8183990" lon="-75.6699620">
    <ele>1487.8</ele>
   </trkpt>
   <trkpt lat="4.8183950" lon="-75.6699450">
    <ele>1487.9</ele>
   </trkpt>
   <trkpt lat="4.8183920" lon="-75.6699270">
    <ele>1488.0</ele>
   </trkpt>
   <trkpt lat="4.8183900" lon="-75.6699090">
    <ele>1488.1</ele>
   </trkpt>
   <trkpt lat="4.8183880" lon="-75.6698910">
    <ele>1488.2</ele>
   </trkpt>
   <trkpt lat="4.8183870" lon="-75.6698720">
    <ele>1488.3</ele>
   </trkpt>
   <trkpt lat="4.8183860" lon="-75.6698540">
    <ele>1488.4</ele>
   </trkpt>
   <trkpt lat="4.8183850" lon="-75.6698350">
    <ele>1488.5</ele>
   </trkpt>
   <trkpt lat="4.8183850" lon="-75.6698160">
    <ele>1488.6</ele>
   </trkpt>
   <trkpt lat="4.8183850" lon="-75.6697980">
    <ele>1488.8</ele>
   </trkpt>
   <trkpt lat="4.8183860" lon="-75.6697800">
    <ele>1488.9</ele>
   </trkpt>
   <trkpt lat="4.8183860" lon="-75.6697630">
    <ele>1489.0</ele>
   </trkpt>
   <trkpt lat="4.8183860" lon="-75.6697470">
    <ele>1489.1</ele>
   </trkpt>
   <trkpt lat="4.8183860" lon="-75.6697320">
    <ele>1489.2</ele>
   </trkpt>
   <trkpt lat="4.8183860" lon="-75.6697170">
    <ele>1489.3</ele>
   </trkpt>
   <trkpt lat="4.8183860" lon="-75.6697030">
    <ele>1489.4</ele>
   </trkpt>
   <trkpt lat="4.8183860" lon="-75.6696900">
    <ele>1489.5</ele>
   </trkpt>
   <trkpt lat="4.8183840" lon="-75.6696760">
    <ele>1489.6</ele>
   </trkpt>
   <trkpt lat="4.8183810" lon="-75.6696610">
    <ele>1489.7</ele>
   </trkpt>
   <trkpt lat="4.8183750" lon="-75.6696450">
    <ele>1489.8</ele>
   </trkpt>
   <trkpt lat="4.8183680" lon="-75.6696260">
    <ele>1490.0</ele>
   </trkpt>
   <trkpt lat="4.8183600" lon="-75.6696070">
    <ele>1490.1</ele>
   </trkpt>
   <trkpt lat="4.8183510" lon="-75.6695870">
    <ele>1490.3</ele>
   </trkpt>
   <trkpt lat="4.8183420" lon="-75.6695680">
    <ele>1490.5</ele>
   </trkpt>
   <trkpt lat="4.8183340" lon="-75.6695480">
    <ele>1490.7</ele>
   </trkpt>
   <trkpt lat="4.8183260" lon="-75.6695290">
    <ele>1490.9</ele>
   </trkpt>
   <trkpt lat="4.8183170" lon="-75.6695110">
    <ele>1491.1</ele>
   </trkpt>
   <trkpt lat="4.8183090" lon="-75.6694940">
    <ele>1491.3</ele>
   </trkpt>
   <trkpt lat="4.8183020" lon="-75.6694770">
    <ele>1491.4</ele>
   </trkpt>
   <trkpt lat="4.8182950" lon="-75.6694610">
    <ele>1491.6</ele>
   </trkpt>
   <trkpt lat="4.8182870" lon="-75.6694450">
    <ele>1491.8</ele>
   </trkpt>
   <trkpt lat="4.8182800" lon="-75.6694290">
    <ele>1492.0</ele>
   </trkpt>
   <trkpt lat="4.8182730" lon="-75.6694130">
    <ele>1492.2</ele>
   </trkpt>
   <trkpt lat="4.8182660" lon="-75.6693980">
    <ele>1492.3</ele>
   </trkpt>
   <trkpt lat="4.8182590" lon="-75.6693830">
    <ele>1492.5</ele>
   </trkpt>
   <trkpt lat="4.8182530" lon="-75.6693690">
    <ele>1492.7</ele>
   </trkpt>
   <trkpt lat="4.8182460" lon="-75.6693550">
    <ele>1492.9</ele>
   </trkpt>
   <trkpt lat="4.8182400" lon="-75.6693410">
    <ele>1493.0</ele>
   </trkpt>
   <trkpt lat="4.8182340" lon="-75.6693270">
    <ele>1493.2</ele>
   </trkpt>
   <trkpt lat="4.8182280" lon="-75.6693120">
    <ele>1493.4</ele>
   </trkpt>
   <trkpt lat="4.8182220" lon="-75.6692980">
    <ele>1493.5</ele>
   </trkpt>
   <trkpt lat="4.8182150" lon="-75.6692840">
    <ele>1493.7</ele>
   </trkpt>
   <trkpt lat="4.8182100" lon="-75.6692710">
    <ele>1493.9</ele>
   </trkpt>
   <trkpt lat="4.8182040" lon="-75.6692580">
    <ele>1494.0</ele>
   </trkpt>
   <trkpt lat="4.8181980" lon="-75.6692450">
    <ele>1494.2</ele>
   </trkpt>
   <trkpt lat="4.8181930" lon="-75.6692320">
    <ele>1494.3</ele>
   </trkpt>
   <trkpt lat="4.8181870" lon="-75.6692180">
    <ele>1494.5</ele>
   </trkpt>
   <trkpt lat="4.8181810" lon="-75.6692040">
    <ele>1494.7</ele>
   </trkpt>
   <trkpt lat="4.8181760" lon="-75.6691900">
    <ele>1494.8</ele>
   </trkpt>
   <trkpt lat="4.8181710" lon="-75.6691780">
    <ele>1494.9</ele>
   </trkpt>
   <trkpt lat="4.8181660" lon="-75.6691630">
    <ele>1495.0</ele>
   </trkpt>
   <trkpt lat="4.8181600" lon="-75.6691480">
    <ele>1495.1</ele>
   </trkpt>
   <trkpt lat="4.8181550" lon="-75.6691330">
    <ele>1495.1</ele>
   </trkpt>
   <trkpt lat="4.8181480" lon="-75.6691170">
    <ele>1495.2</ele>
   </trkpt>
   <trkpt lat="4.8181420" lon="-75.6691020">
    <ele>1495.3</ele>
   </trkpt>
   <trkpt lat="4.8181360" lon="-75.6690880">
    <ele>1495.4</ele>
   </trkpt>
   <trkpt lat="4.8181300" lon="-75.6690730">
    <ele>1495.5</ele>
   </trkpt>
   <trkpt lat="4.8181240" lon="-75.6690590">
    <ele>1495.6</ele>
   </trkpt>
   <trkpt lat="4.8181170" lon="-75.6690440">
    <ele>1495.8</ele>
   </trkpt>
   <trkpt lat="4.8181110" lon="-75.6690300">
    <ele>1496.0</ele>
   </trkpt>
   <trkpt lat="4.8181050" lon="-75.6690150">
    <ele>1496.1</ele>
   </trkpt>
   <trkpt lat="4.8180980" lon="-75.6690010">
    <ele>1496.3</ele>
   </trkpt>
   <trkpt lat="4.8180920" lon="-75.6689870">
    <ele>1496.4</ele>
   </trkpt>
   <trkpt lat="4.8180850" lon="-75.6689720">
    <ele>1496.6</ele>
   </trkpt>
   <trkpt lat="4.8180780" lon="-75.6689570">
    <ele>1496.8</ele>
   </trkpt>
   <trkpt lat="4.8180710" lon="-75.6689420">
    <ele>1496.9</ele>
   </trkpt>
   <trkpt lat="4.8180650" lon="-75.6689260">
    <ele>1497.1</ele>
   </trkpt>
   <trkpt lat="4.8180580" lon="-75.6689110">
    <ele>1497.2</ele>
   </trkpt>
   <trkpt lat="4.8180520" lon="-75.6688970">
    <ele>1497.3</ele>
   </trkpt>
   <trkpt lat="4.8180460" lon="-75.6688830">
    <ele>1497.4</ele>
   </trkpt>
   <trkpt lat="4.8180400" lon="-75.6688680">
    <ele>1497.6</ele>
   </trkpt>
   <trkpt lat="4.8180330" lon="-75.6688520">
    <ele>1497.7</ele>
   </trkpt>
   <trkpt lat="4.8180270" lon="-75.6688360">
    <ele>1497.8</ele>
   </trkpt>
   <trkpt lat="4.8180200" lon="-75.6688200">
    <ele>1497.9</ele>
   </trkpt>
   <trkpt lat="4.8180140" lon="-75.6688050">
    <ele>1498.0</ele>
   </trkpt>
   <trkpt lat="4.8180090" lon="-75.6687910">
    <ele>1498.1</ele>
   </trkpt>
   <trkpt lat="4.8180040" lon="-75.6687780">
    <ele>1498.2</ele>
   </trkpt>
   <trkpt lat="4.8180000" lon="-75.6687670">
    <ele>1498.2</ele>
   </trkpt>
   <trkpt lat="4.8179960" lon="-75.6687570">
    <ele>1498.3</ele>
   </trkpt>
   <trkpt lat="4.8179930" lon="-75.6687480">
    <ele>1498.3</ele>
   </trkpt>
   <trkpt lat="4.8179890" lon="-75.6687370">
    <ele>1498.4</ele>
   </trkpt>
   <trkpt lat="4.8179830" lon="-75.6687230">
    <ele>1498.4</ele>
   </trkpt>
   <trkpt lat="4.8179760" lon="-75.6687060">
    <ele>1498.5</ele>
   </trkpt>
   <trkpt lat="4.8179680" lon="-75.6686890">
    <ele>1498.5</ele>
   </trkpt>
   <trkpt lat="4.8179600" lon="-75.6686710">
    <ele>1498.5</ele>
   </trkpt>
   <trkpt lat="4.8179520" lon="-75.6686530">
    <ele>1498.6</ele>
   </trkpt>
   <trkpt lat="4.8179440" lon="-75.6686360">
    <ele>1498.6</ele>
   </trkpt>
   <trkpt lat="4.8179360" lon="-75.6686190">
    <ele>1498.7</ele>
   </trkpt>
   <trkpt lat="4.8179280" lon="-75.6686020">
    <ele>1498.7</ele>
   </trkpt>
   <trkpt lat="4.8179210" lon="-75.6685850">
    <ele>1498.8</ele>
   </trkpt>
   <trkpt lat="4.8179130" lon="-75.6685680">
    <ele>1498.9</ele>
   </trkpt>
   <trkpt lat="4.8179060" lon="-75.6685520">
    <ele>1498.9</ele>
   </trkpt>
   <trkpt lat="4.8178990" lon="-75.6685370">
    <ele>1499.0</ele>
   </trkpt>
   <trkpt lat="4.8178920" lon="-75.6685210">
    <ele>1499.0</ele>
   </trkpt>
   <trkpt lat="4.8178850" lon="-75.6685060">
    <ele>1499.1</ele>
   </trkpt>
   <trkpt lat="4.8178780" lon="-75.6684890">
    <ele>1499.2</ele>
   </trkpt>
   <trkpt lat="4.8178700" lon="-75.6684720">
    <ele>1499.3</ele>
   </trkpt>
   <trkpt lat="4.8178630" lon="-75.6684550">
    <ele>1499.3</ele>
   </trkpt>
   <trkpt lat="4.8178560" lon="-75.6684390">
    <ele>1499.4</ele>
   </trkpt>
   <trkpt lat="4.8178480" lon="-75.6684220">
    <ele>1499.5</ele>
   </trkpt>
   <trkpt lat="4.8178410" lon="-75.6684060">
    <ele>1499.6</ele>
   </trkpt>
   <trkpt lat="4.8178350" lon="-75.6683900">
    <ele>1499.6</ele>
   </trkpt>
   <trkpt lat="4.8178280" lon="-75.6683740">
    <ele>1499.7</ele>
   </trkpt>
   <trkpt lat="4.8178210" lon="-75.6683580">
    <ele>1499.8</ele>
   </trkpt>
   <trkpt lat="4.8178140" lon="-75.6683420">
    <ele>1499.9</ele>
   </trkpt>
   <trkpt lat="4.8178070" lon="-75.6683240">
    <ele>1500.0</ele>
   </trkpt>
   <trkpt lat="4.8178000" lon="-75.6683080">
    <ele>1500.1</ele>
   </trkpt>
   <trkpt lat="4.8177940" lon="-75.6682910">
    <ele>1500.2</ele>
   </trkpt>
   <trkpt lat="4.8177880" lon="-75.6682750">
    <ele>1500.3</ele>
   </trkpt>
   <trkpt lat="4.8177810" lon="-75.6682590">
    <ele>1500.4</ele>
   </trkpt>
   <trkpt lat="4.8177750" lon="-75.6682420">
    <ele>1500.5</ele>
   </trkpt>
   <trkpt lat="4.8177690" lon="-75.6682260">
    <ele>1500.6</ele>
   </trkpt>
   <trkpt lat="4.8177630" lon="-75.6682090">
    <ele>1500.7</ele>
   </trkpt>
   <trkpt lat="4.8177570" lon="-75.6681920">
    <ele>1500.8</ele>
   </trkpt>
   <trkpt lat="4.8177510" lon="-75.6681770">
    <ele>1500.9</ele>
   </trkpt>
   <trkpt lat="4.8177450" lon="-75.6681600">
    <ele>1501.0</ele>
   </trkpt>
   <trkpt lat="4.8177390" lon="-75.6681430">
    <ele>1501.1</ele>
   </trkpt>
   <trkpt lat="4.8177340" lon="-75.6681260">
    <ele>1501.2</ele>
   </trkpt>
   <trkpt lat="4.8177290" lon="-75.6681070">
    <ele>1501.3</ele>
   </trkpt>
   <trkpt lat="4.8177230" lon="-75.6680890">
    <ele>1501.5</ele>
   </trkpt>
   <trkpt lat="4.8177180" lon="-75.6680720">
    <ele>1501.6</ele>
   </trkpt>
   <trkpt lat="4.8177120" lon="-75.6680550">
    <ele>1501.6</ele>
   </trkpt>
   <trkpt lat="4.8177070" lon="-75.6680380">
    <ele>1501.7</ele>
   </trkpt>
   <trkpt lat="4.8177020" lon="-75.6680220">
    <ele>1501.8</ele>
   </trkpt>
   <trkpt lat="4.8176970" lon="-75.6680050">
    <ele>1501.9</ele>
   </trkpt>
   <trkpt lat="4.8176920" lon="-75.6679890">
    <ele>1502.0</ele>
   </trkpt>
   <trkpt lat="4.8176870" lon="-75.6679720">
    <ele>1502.1</ele>
   </trkpt>
   <trkpt lat="4.8176820" lon="-75.6679560">
    <ele>1502.1</ele>
   </trkpt>
   <trkpt lat="4.8176770" lon="-75.6679390">
    <ele>1502.2</ele>
   </trkpt>
   <trkpt lat="4.8176720" lon="-75.6679240">
    <ele>1502.3</ele>
   </trkpt>
   <trkpt lat="4.8176680" lon="-75.6679110">
    <ele>1502.4</ele>
   </trkpt>
   <trkpt lat="4.8176640" lon="-75.6678940">
    <ele>1502.4</ele>
   </trkpt>
   <trkpt lat="4.8176610" lon="-75.6678780">
    <ele>1502.5</ele>
   </trkpt>
   <trkpt lat="4.8176590" lon="-75.6678610">
    <ele>1502.6</ele>
   </trkpt>
   <trkpt lat="4.8176570" lon="-75.6678440">
    <ele>1502.6</ele>
   </trkpt>
   <trkpt lat="4.8176530" lon="-75.6678290">
    <ele>1502.7</ele>
   </trkpt>
   <trkpt lat="4.8176500" lon="-75.6678120">
    <ele>1502.7</ele>
   </trkpt>
   <trkpt lat="4.8176470" lon="-75.6677940">
    <ele>1502.8</ele>
   </trkpt>
   <trkpt lat="4.8176430" lon="-75.6677750">
    <ele>1502.9</ele>
   </trkpt>
   <trkpt lat="4.8176390" lon="-75.6677540">
    <ele>1503.0</ele>
   </trkpt>
   <trkpt lat="4.8176350" lon="-75.6677330">
    <ele>1503.0</ele>
   </trkpt>
   <trkpt lat="4.8176320" lon="-75.6677120">
    <ele>1503.1</ele>
   </trkpt>
   <trkpt lat="4.8176280" lon="-75.6676920">
    <ele>1503.2</ele>
   </trkpt>
   <trkpt lat="4.8176240" lon="-75.6676710">
    <ele>1503.2</ele>
   </trkpt>
   <trkpt lat="4.8176210" lon="-75.6676510">
    <ele>1503.3</ele>
   </trkpt>
   <trkpt lat="4.8176180" lon="-75.6676310">
    <ele>1503.4</ele>
   </trkpt>
   <trkpt lat="4.8176150" lon="-75.6676110">
    <ele>1503.4</ele>
   </trkpt>
   <trkpt lat="4.8176120" lon="-75.6675910">
    <ele>1503.5</ele>
   </trkpt>
   <trkpt lat="4.8176090" lon="-75.6675720">
    <ele>1503.6</ele>
   </trkpt>
   <trkpt lat="4.8176060" lon="-75.6675530">
    <ele>1503.6</ele>
   </trkpt>
   <trkpt lat="4.8176030" lon="-75.6675340">
    <ele>1503.7</ele>
   </trkpt>
   <trkpt lat="4.8176010" lon="-75.6675150">
    <ele>1503.8</ele>
   </trkpt>
   <trkpt lat="4.8175990" lon="-75.6674970">
    <ele>1503.8</ele>
   </trkpt>
   <trkpt lat="4.8175960" lon="-75.6674770">
    <ele>1503.9</ele>
   </trkpt>
   <trkpt lat="4.8175940" lon="-75.6674580">
    <ele>1504.0</ele>
   </trkpt>
   <trkpt lat="4.8175920" lon="-75.6674400">
    <ele>1504.0</ele>
   </trkpt>
   <trkpt lat="4.8175900" lon="-75.6674220">
    <ele>1504.1</ele>
   </trkpt>
   <trkpt lat="4.8175880" lon="-75.6674040">
    <ele>1504.2</ele>
   </trkpt>
   <trkpt lat="4.8175860" lon="-75.6673860">
    <ele>1504.3</ele>
   </trkpt>
   <trkpt lat="4.8175840" lon="-75.6673670">
    <ele>1504.3</ele>
   </trkpt>
   <trkpt lat="4.8175810" lon="-75.6673490">
    <ele>1504.4</ele>
   </trkpt>
   <trkpt lat="4.8175790" lon="-75.6673300">
    <ele>1504.5</ele>
   </trkpt>
   <trkpt lat="4.8175770" lon="-75.6673120">
    <ele>1504.6</ele>
   </trkpt>
   <trkpt lat="4.8175750" lon="-75.6672950">
    <ele>1504.6</ele>
   </trkpt>
   <trkpt lat="4.8175730" lon="-75.6672770">
    <ele>1504.7</ele>
   </trkpt>
   <trkpt lat="4.8175710" lon="-75.6672590">
    <ele>1504.8</ele>
   </trkpt>
   <trkpt lat="4.8175680" lon="-75.6672410">
    <ele>1504.9</ele>
   </trkpt>
   <trkpt lat="4.8175660" lon="-75.6672220">
    <ele>1504.9</ele>
   </trkpt>
   <trkpt lat="4.8175630" lon="-75.6672030">
    <ele>1505.0</ele>
   </trkpt>
   <trkpt lat="4.8175610" lon="-75.6671840">
    <ele>1505.1</ele>
   </trkpt>
   <trkpt lat="4.8175580" lon="-75.6671650">
    <ele>1505.1</ele>
   </trkpt>
   <trkpt lat="4.8175560" lon="-75.6671470">
    <ele>1505.2</ele>
   </trkpt>
   <trkpt lat="4.8175530" lon="-75.6671290">
    <ele>1505.2</ele>
   </trkpt>
   <trkpt lat="4.8175510" lon="-75.6671110">
    <ele>1505.3</ele>
   </trkpt>
   <trkpt lat="4.8175480" lon="-75.6670920">
    <ele>1505.3</ele>
   </trkpt>
   <trkpt lat="4.8175460" lon="-75.6670740">
    <ele>1505.4</ele>
   </trkpt>
   <trkpt lat="4.8175430" lon="-75.6670540">
    <ele>1505.4</ele>
   </trkpt>
   <trkpt lat="4.8175400" lon="-75.6670350">
    <ele>1505.4</ele>
   </trkpt>
   <trkpt lat="4.8175370" lon="-75.6670160">
    <ele>1505.5</ele>
   </trkpt>
   <trkpt lat="4.8175340" lon="-75.6669970">
    <ele>1505.5</ele>
   </trkpt>
   <trkpt lat="4.8175320" lon="-75.6669790">
    <ele>1505.5</ele>
   </trkpt>
   <trkpt lat="4.8175290" lon="-75.6669630">
    <ele>1505.5</ele>
   </trkpt>
   <trkpt lat="4.8175270" lon="-75.6669490">
    <ele>1505.5</ele>
   </trkpt>
   <trkpt lat="4.8175250" lon="-75.6669360">
    <ele>1505.5</ele>
   </trkpt>
   <trkpt lat="4.8175230" lon="-75.6669220">
    <ele>1505.6</ele>
   </trkpt>
   <trkpt lat="4.8175210" lon="-75.6669040">
    <ele>1505.6</ele>
   </trkpt>
   <trkpt lat="4.8175200" lon="-75.6668840">
    <ele>1505.6</ele>
   </trkpt>
   <trkpt lat="4.8175190" lon="-75.6668610">
    <ele>1505.6</ele>
   </trkpt>
   <trkpt lat="4.8175190" lon="-75.6668380">
    <ele>1505.6</ele>
   </trkpt>
   <trkpt lat="4.8175190" lon="-75.6668150">
    <ele>1505.7</ele>
   </trkpt>
   <trkpt lat="4.8175190" lon="-75.6667930">
    <ele>1505.7</ele>
   </trkpt>
   <trkpt lat="4.8175190" lon="-75.6667720">
    <ele>1505.7</ele>
   </trkpt>
   <trkpt lat="4.8175200" lon="-75.6667510">
    <ele>1505.8</ele>
   </trkpt>
   <trkpt lat="4.8175200" lon="-75.6667300">
    <ele>1505.8</ele>
   </trkpt>
   <trkpt lat="4.8175200" lon="-75.6667100">
    <ele>1505.8</ele>
   </trkpt>
   <trkpt lat="4.8175200" lon="-75.6666900">
    <ele>1505.9</ele>
   </trkpt>
   <trkpt lat="4.8175210" lon="-75.6666700">
    <ele>1505.9</ele>
   </trkpt>
   <trkpt lat="4.8175210" lon="-75.6666500">
    <ele>1505.9</ele>
   </trkpt>
   <trkpt lat="4.8175210" lon="-75.6666290">
    <ele>1506.0</ele>
   </trkpt>
   <trkpt lat="4.8175220" lon="-75.6666090">
    <ele>1506.0</ele>
   </trkpt>
   <trkpt lat="4.8175220" lon="-75.6665890">
    <ele>1506.1</ele>
   </trkpt>
   <trkpt lat="4.8175230" lon="-75.6665690">
    <ele>1506.1</ele>
   </trkpt>
   <trkpt lat="4.8175230" lon="-75.6665500">
    <ele>1506.2</ele>
   </trkpt>
   <trkpt lat="4.8175240" lon="-75.6665320">
    <ele>1506.2</ele>
   </trkpt>
   <trkpt lat="4.8175240" lon="-75.6665140">
    <ele>1506.3</ele>
   </trkpt>
   <trkpt lat="4.8175250" lon="-75.6664950">
    <ele>1506.4</ele>
   </trkpt>
   <trkpt lat="4.8175260" lon="-75.6664760">
    <ele>1506.5</ele>
   </trkpt>
   <trkpt lat="4.8175260" lon="-75.6664560">
    <ele>1506.5</ele>
   </trkpt>
   <trkpt lat="4.8175270" lon="-75.6664360">
    <ele>1506.6</ele>
   </trkpt>
   <trkpt lat="4.8175270" lon="-75.6664160">
    <ele>1506.7</ele>
   </trkpt>
   <trkpt lat="4.8175280" lon="-75.6663960">
    <ele>1506.8</ele>
   </trkpt>
   <trkpt lat="4.8175290" lon="-75.6663760">
    <ele>1506.9</ele>
   </trkpt>
   <trkpt lat="4.8175290" lon="-75.6663560">
    <ele>1507.0</ele>
   </trkpt>
   <trkpt lat="4.8175300" lon="-75.6663370">
    <ele>1507.0</ele>
   </trkpt>
   <trkpt lat="4.8175300" lon="-75.6663180">
    <ele>1507.2</ele>
   </trkpt>
   <trkpt lat="4.8175300" lon="-75.6662980">
    <ele>1507.3</ele>
   </trkpt>
   <trkpt lat="4.8175300" lon="-75.6662800">
    <ele>1507.4</ele>
   </trkpt>
   <trkpt lat="4.8175290" lon="-75.6662610">
    <ele>1507.5</ele>
   </trkpt>
   <trkpt lat="4.8175280" lon="-75.6662420">
    <ele>1507.6</ele>
   </trkpt>
   <trkpt lat="4.8175260" lon="-75.6662250">
    <ele>1507.7</ele>
   </trkpt>
   <trkpt lat="4.8175250" lon="-75.6662080">
    <ele>1507.8</ele>
   </trkpt>
   <trkpt lat="4.8175230" lon="-75.6661920">
    <ele>1507.9</ele>
   </trkpt>
   <trkpt lat="4.8175210" lon="-75.6661760">
    <ele>1508.0</ele>
   </trkpt>
   <trkpt lat="4.8175190" lon="-75.6661600">
    <ele>1508.1</ele>
   </trkpt>
   <trkpt lat="4.8175160" lon="-75.6661440">
    <ele>1508.2</ele>
   </trkpt>
   <trkpt lat="4.8175140" lon="-75.6661270">
    <ele>1508.3</ele>
   </trkpt>
   <trkpt lat="4.8175110" lon="-75.6661110">
    <ele>1508.4</ele>
   </trkpt>
   <trkpt lat="4.8175080" lon="-75.6660940">
    <ele>1508.6</ele>
   </trkpt>
   <trkpt lat="4.8175060" lon="-75.6660780">
    <ele>1508.7</ele>
   </trkpt>
   <trkpt lat="4.8175030" lon="-75.6660620">
    <ele>1508.8</ele>
   </trkpt>
   <trkpt lat="4.8175000" lon="-75.6660460">
    <ele>1509.0</ele>
   </trkpt>
   <trkpt lat="4.8174970" lon="-75.6660300">
    <ele>1509.1</ele>
   </trkpt>
   <trkpt lat="4.8174940" lon="-75.6660120">
    <ele>1509.3</ele>
   </trkpt>
   <trkpt lat="4.8174910" lon="-75.6659930">
    <ele>1509.5</ele>
   </trkpt>
   <trkpt lat="4.8174880" lon="-75.6659740">
    <ele>1509.7</ele>
   </trkpt>
   <trkpt lat="4.8174850" lon="-75.6659550">
    <ele>1509.8</ele>
   </trkpt>
   <trkpt lat="4.8174820" lon="-75.6659370">
    <ele>1510.0</ele>
   </trkpt>
   <trkpt lat="4.8174790" lon="-75.6659190">
    <ele>1510.2</ele>
   </trkpt>
   <trkpt lat="4.8174760" lon="-75.6659010">
    <ele>1510.4</ele>
   </trkpt>
   <trkpt lat="4.8174740" lon="-75.6658830">
    <ele>1510.5</ele>
   </trkpt>
   <trkpt lat="4.8174710" lon="-75.6658670">
    <ele>1510.7</ele>
   </trkpt>
   <trkpt lat="4.8174690" lon="-75.6658520">
    <ele>1510.9</ele>
   </trkpt>
   <trkpt lat="4.8174670" lon="-75.6658360">
    <ele>1511.0</ele>
   </trkpt>
   <trkpt lat="4.8174650" lon="-75.6658200">
    <ele>1511.2</ele>
   </trkpt>
   <trkpt lat="4.8174630" lon="-75.6658030">
    <ele>1511.3</ele>
   </trkpt>
   <trkpt lat="4.8174610" lon="-75.6657860">
    <ele>1511.3</ele>
   </trkpt>
   <trkpt lat="4.8174580" lon="-75.6657680">
    <ele>1511.4</ele>
   </trkpt>
   <trkpt lat="4.8174560" lon="-75.6657500">
    <ele>1511.4</ele>
   </trkpt>
   <trkpt lat="4.8174530" lon="-75.6657330">
    <ele>1511.5</ele>
   </trkpt>
   <trkpt lat="4.8174490" lon="-75.6657160">
    <ele>1511.5</ele>
   </trkpt>
   <trkpt lat="4.8174450" lon="-75.6656990">
    <ele>1511.5</ele>
   </trkpt>
   <trkpt lat="4.8174410" lon="-75.6656810">
    <ele>1511.6</ele>
   </trkpt>
   <trkpt lat="4.8174360" lon="-75.6656640">
    <ele>1511.6</ele>
   </trkpt>
   <trkpt lat="4.8174300" lon="-75.6656460">
    <ele>1511.7</ele>
   </trkpt>
   <trkpt lat="4.8174250" lon="-75.6656280">
    <ele>1511.8</ele>
   </trkpt>
   <trkpt lat="4.8174190" lon="-75.6656100">
    <ele>1511.8</ele>
   </trkpt>
   <trkpt lat="4.8174140" lon="-75.6655930">
    <ele>1511.9</ele>
   </trkpt>
   <trkpt lat="4.8174090" lon="-75.6655750">
    <ele>1512.0</ele>
   </trkpt>
   <trkpt lat="4.8174040" lon="-75.6655580">
    <ele>1512.0</ele>
   </trkpt>
   <trkpt lat="4.8174000" lon="-75.6655400">
    <ele>1512.1</ele>
   </trkpt>
   <trkpt lat="4.8173950" lon="-75.6655220">
    <ele>1512.2</ele>
   </trkpt>
   <trkpt lat="4.8173910" lon="-75.6655040">
    <ele>1512.3</ele>
   </trkpt>
   <trkpt lat="4.8173870" lon="-75.6654860">
    <ele>1512.3</ele>
   </trkpt>
   <trkpt lat="4.8173820" lon="-75.6654690">
    <ele>1512.4</ele>
   </trkpt>
   <trkpt lat="4.8173780" lon="-75.6654520">
    <ele>1512.5</ele>
   </trkpt>
   <trkpt lat="4.8173740" lon="-75.6654350">
    <ele>1512.6</ele>
   </trkpt>
   <trkpt lat="4.8173690" lon="-75.6654190">
    <ele>1512.6</ele>
   </trkpt>
   <trkpt lat="4.8173650" lon="-75.6654030">
    <ele>1512.7</ele>
   </trkpt>
   <trkpt lat="4.8173600" lon="-75.6653880">
    <ele>1512.8</ele>
   </trkpt>
   <trkpt lat="4.8173560" lon="-75.6653720">
    <ele>1512.8</ele>
   </trkpt>
   <trkpt lat="4.8173520" lon="-75.6653550">
    <ele>1512.9</ele>
   </trkpt>
   <trkpt lat="4.8173470" lon="-75.6653370">
    <ele>1513.0</ele>
   </trkpt>
   <trkpt lat="4.8173420" lon="-75.6653160">
    <ele>1513.1</ele>
   </trkpt>
   <trkpt lat="4.8173370" lon="-75.6652960">
    <ele>1513.1</ele>
   </trkpt>
   <trkpt lat="4.8173330" lon="-75.6652750">
    <ele>1513.2</ele>
   </trkpt>
   <trkpt lat="4.8173280" lon="-75.6652550">
    <ele>1513.3</ele>
   </trkpt>
   <trkpt lat="4.8173240" lon="-75.6652360">
    <ele>1513.4</ele>
   </trkpt>
   <trkpt lat="4.8173200" lon="-75.6652180">
    <ele>1513.5</ele>
   </trkpt>
   <trkpt lat="4.8173160" lon="-75.6651990">
    <ele>1513.6</ele>
   </trkpt>
   <trkpt lat="4.8173120" lon="-75.6651810">
    <ele>1513.7</ele>
   </trkpt>
   <trkpt lat="4.8173080" lon="-75.6651630">
    <ele>1513.8</ele>
   </trkpt>
   <trkpt lat="4.8173040" lon="-75.6651440">
    <ele>1513.9</ele>
   </trkpt>
   <trkpt lat="4.8173000" lon="-75.6651260">
    <ele>1513.9</ele>
   </trkpt>
   <trkpt lat="4.8172960" lon="-75.6651080">
    <ele>1514.1</ele>
   </trkpt>
   <trkpt lat="4.8172920" lon="-75.6650900">
    <ele>1514.2</ele>
   </trkpt>
   <trkpt lat="4.8172890" lon="-75.6650730">
    <ele>1514.3</ele>
   </trkpt>
   <trkpt lat="4.8172850" lon="-75.6650560">
    <ele>1514.4</ele>
   </trkpt>
   <trkpt lat="4.8172810" lon="-75.6650400">
    <ele>1514.5</ele>
   </trkpt>
   <trkpt lat="4.8172780" lon="-75.6650230">
    <ele>1514.6</ele>
   </trkpt>
   <trkpt lat="4.8172740" lon="-75.6650070">
    <ele>1514.7</ele>
   </trkpt>
   <trkpt lat="4.8172700" lon="-75.6649910">
    <ele>1514.8</ele>
   </trkpt>
   <trkpt lat="4.8172670" lon="-75.6649750">
    <ele>1514.9</ele>
   </trkpt>
   <trkpt lat="4.8172630" lon="-75.6649590">
    <ele>1515.0</ele>
   </trkpt>
   <trkpt lat="4.8172590" lon="-75.6649430">
    <ele>1515.1</ele>
   </trkpt>
   <trkpt lat="4.8172550" lon="-75.6649270">
    <ele>1515.3</ele>
   </trkpt>
   <trkpt lat="4.8172510" lon="-75.6649110">
    <ele>1515.4</ele>
   </trkpt>
   <trkpt lat="4.8172480" lon="-75.6648960">
    <ele>1515.5</ele>
   </trkpt>
   <trkpt lat="4.8172440" lon="-75.6648820">
    <ele>1515.6</ele>
   </trkpt>
   <trkpt lat="4.8172410" lon="-75.6648670">
    <ele>1515.8</ele>
   </trkpt>
   <trkpt lat="4.8172380" lon="-75.6648520">
    <ele>1515.9</ele>
   </trkpt>
   <trkpt lat="4.8172340" lon="-75.6648360">
    <ele>1516.0</ele>
   </trkpt>
   <trkpt lat="4.8172300" lon="-75.6648210">
    <ele>1516.2</ele>
   </trkpt>
   <trkpt lat="4.8172270" lon="-75.6648050">
    <ele>1516.3</ele>
   </trkpt>
   <trkpt lat="4.8172230" lon="-75.6647900">
    <ele>1516.5</ele>
   </trkpt>
   <trkpt lat="4.8172200" lon="-75.6647750">
    <ele>1516.6</ele>
   </trkpt>
   <trkpt lat="4.8172170" lon="-75.6647610">
    <ele>1516.8</ele>
   </trkpt>
   <trkpt lat="4.8172140" lon="-75.6647470">
    <ele>1516.9</ele>
   </trkpt>
   <trkpt lat="4.8172110" lon="-75.6647330">
    <ele>1517.1</ele>
   </trkpt>
   <trkpt lat="4.8172080" lon="-75.6647180">
    <ele>1517.3</ele>
   </trkpt>
   <trkpt lat="4.8172050" lon="-75.6647040">
    <ele>1517.4</ele>
   </trkpt>
   <trkpt lat="4.8172020" lon="-75.6646890">
    <ele>1517.6</ele>
   </trkpt>
   <trkpt lat="4.8171990" lon="-75.6646750">
    <ele>1517.8</ele>
   </trkpt>
   <trkpt lat="4.8171950" lon="-75.6646610">
    <ele>1518.0</ele>
   </trkpt>
   <trkpt lat="4.8171910" lon="-75.6646460">
    <ele>1518.2</ele>
   </trkpt>
   <trkpt lat="4.8171870" lon="-75.6646300">
    <ele>1518.4</ele>
   </trkpt>
   <trkpt lat="4.8171830" lon="-75.6646140">
    <ele>1518.7</ele>
   </trkpt>
   <trkpt lat="4.8171790" lon="-75.6645990">
    <ele>1518.9</ele>
   </trkpt>
   <trkpt lat="4.8171740" lon="-75.6645830">
    <ele>1519.1</ele>
   </trkpt>
   <trkpt lat="4.8171700" lon="-75.6645680">
    <ele>1519.3</ele>
   </trkpt>
   <trkpt lat="4.8171660" lon="-75.6645520">
    <ele>1519.6</ele>
   </trkpt>
   <trkpt lat="4.8171610" lon="-75.6645360">
    <ele>1519.8</ele>
   </trkpt>
   <trkpt lat="4.8171570" lon="-75.6645190">
    <ele>1520.1</ele>
   </trkpt>
   <trkpt lat="4.8171530" lon="-75.6645030">
    <ele>1520.4</ele>
   </trkpt>
   <trkpt lat="4.8171480" lon="-75.6644870">
    <ele>1520.6</ele>
   </trkpt>
   <trkpt lat="4.8171440" lon="-75.6644700">
    <ele>1520.7</ele>
   </trkpt>
   <trkpt lat="4.8171400" lon="-75.6644540">
    <ele>1520.8</ele>
   </trkpt>
   <trkpt lat="4.8171360" lon="-75.6644370">
    <ele>1520.9</ele>
   </trkpt>
   <trkpt lat="4.8171320" lon="-75.6644220">
    <ele>1521.0</ele>
   </trkpt>
   <trkpt lat="4.8171290" lon="-75.6644080">
    <ele>1521.1</ele>
   </trkpt>
   <trkpt lat="4.8171260" lon="-75.6643950">
    <ele>1521.2</ele>
   </trkpt>
   <trkpt lat="4.8171230" lon="-75.6643820">
    <ele>1521.2</ele>
   </trkpt>
   <trkpt lat="4.8171200" lon="-75.6643700">
    <ele>1521.3</ele>
   </trkpt>
   <trkpt lat="4.8171170" lon="-75.6643570">
    <ele>1521.4</ele>
   </trkpt>
   <trkpt lat="4.8171140" lon="-75.6643450">
    <ele>1521.5</ele>
   </trkpt>
   <trkpt lat="4.8171110" lon="-75.6643290">
    <ele>1521.6</ele>
   </trkpt>
   <trkpt lat="4.8171080" lon="-75.6643130">
    <ele>1521.7</ele>
   </trkpt>
   <trkpt lat="4.8171040" lon="-75.6642960">
    <ele>1521.8</ele>
   </trkpt>
   <trkpt lat="4.8171010" lon="-75.6642790">
    <ele>1522.0</ele>
   </trkpt>
   <trkpt lat="4.8170980" lon="-75.6642630">
    <ele>1522.1</ele>
   </trkpt>
   <trkpt lat="4.8170960" lon="-75.6642460">
    <ele>1522.1</ele>
   </trkpt>
   <trkpt lat="4.8170920" lon="-75.6642270">
    <ele>1522.2</ele>
   </trkpt>
   <trkpt lat="4.8170890" lon="-75.6642070">
    <ele>1522.3</ele>
   </trkpt>
   <trkpt lat="4.8170860" lon="-75.6641860">
    <ele>1522.4</ele>
   </trkpt>
   <trkpt lat="4.8170830" lon="-75.6641650">
    <ele>1522.4</ele>
   </trkpt>
   <trkpt lat="4.8170800" lon="-75.6641460">
    <ele>1522.5</ele>
   </trkpt>
   <trkpt lat="4.8170760" lon="-75.6641260">
    <ele>1522.5</ele>
   </trkpt>
   <trkpt lat="4.8170730" lon="-75.6641050">
    <ele>1522.6</ele>
   </trkpt>
   <trkpt lat="4.8170700" lon="-75.6640850">
    <ele>1522.6</ele>
   </trkpt>
   <trkpt lat="4.8170660" lon="-75.6640630">
    <ele>1522.6</ele>
   </trkpt>
   <trkpt lat="4.8170620" lon="-75.6640430">
    <ele>1522.6</ele>
   </trkpt>
   <trkpt lat="4.8170580" lon="-75.6640220">
    <ele>1522.7</ele>
   </trkpt>
   <trkpt lat="4.8170540" lon="-75.6640020">
    <ele>1522.7</ele>
   </trkpt>
   <trkpt lat="4.8170500" lon="-75.6639840">
    <ele>1522.7</ele>
   </trkpt>
   <trkpt lat="4.8170460" lon="-75.6639670">
    <ele>1522.8</ele>
   </trkpt>
   <trkpt lat="4.8170420" lon="-75.6639530">
    <ele>1522.8</ele>
   </trkpt>
   <trkpt lat="4.8170380" lon="-75.6639400">
    <ele>1522.8</ele>
   </trkpt>
   <trkpt lat="4.8170340" lon="-75.6639260">
    <ele>1522.8</ele>
   </trkpt>
   <trkpt lat="4.8170300" lon="-75.6639090">
    <ele>1522.9</ele>
   </trkpt>
   <trkpt lat="4.8170260" lon="-75.6638900">
    <ele>1522.9</ele>
   </trkpt>
   <trkpt lat="4.8170220" lon="-75.6638690">
    <ele>1522.9</ele>
   </trkpt>
   <trkpt lat="4.8170180" lon="-75.6638470">
    <ele>1522.9</ele>
   </trkpt>
   <trkpt lat="4.8170140" lon="-75.6638260">
    <ele>1523.0</ele>
   </trkpt>
   <trkpt lat="4.8170100" lon="-75.6638050">
    <ele>1523.0</ele>
   </trkpt>
   <trkpt lat="4.8170070" lon="-75.6637850">
    <ele>1523.1</ele>
   </trkpt>
   <trkpt lat="4.8170040" lon="-75.6637660">
    <ele>1523.2</ele>
   </trkpt>
   <trkpt lat="4.8170010" lon="-75.6637470">
    <ele>1523.2</ele>
   </trkpt>
   <trkpt lat="4.8169980" lon="-75.6637290">
    <ele>1523.3</ele>
   </trkpt>
   <trkpt lat="4.8169950" lon="-75.6637100">
    <ele>1523.4</ele>
   </trkpt>
   <trkpt lat="4.8169920" lon="-75.6636920">
    <ele>1523.4</ele>
   </trkpt>
   <trkpt lat="4.8169900" lon="-75.6636740">
    <ele>1523.5</ele>
   </trkpt>
   <trkpt lat="4.8169880" lon="-75.6636570">
    <ele>1523.7</ele>
   </trkpt>
   <trkpt lat="4.8169850" lon="-75.6636400">
    <ele>1523.8</ele>
   </trkpt>
   <trkpt lat="4.8169830" lon="-75.6636220">
    <ele>1524.0</ele>
   </trkpt>
   <trkpt lat="4.8169810" lon="-75.6636040">
    <ele>1524.2</ele>
   </trkpt>
   <trkpt lat="4.8169780" lon="-75.6635860">
    <ele>1524.3</ele>
   </trkpt>
   <trkpt lat="4.8169760" lon="-75.6635690">
    <ele>1524.5</ele>
   </trkpt>
   <trkpt lat="4.8169740" lon="-75.6635520">
    <ele>1524.6</ele>
   </trkpt>
   <trkpt lat="4.8169710" lon="-75.6635350">
    <ele>1524.8</ele>
   </trkpt>
   <trkpt lat="4.8169690" lon="-75.6635180">
    <ele>1524.9</ele>
   </trkpt>
   <trkpt lat="4.8169660" lon="-75.6635020">
    <ele>1525.1</ele>
   </trkpt>
   <trkpt lat="4.8169630" lon="-75.6634840">
    <ele>1525.3</ele>
   </trkpt>
   <trkpt lat="4.8169610" lon="-75.6634670">
    <ele>1525.4</ele>
   </trkpt>
   <trkpt lat="4.8169580" lon="-75.6634480">
    <ele>1525.6</ele>
   </trkpt>
   <trkpt lat="4.8169550" lon="-75.6634290">
    <ele>1525.7</ele>
   </trkpt>
   <trkpt lat="4.8169520" lon="-75.6634110">
    <ele>1525.9</ele>
   </trkpt>
   <trkpt lat="4.8169490" lon="-75.6633920">
    <ele>1526.0</ele>
   </trkpt>
   <trkpt lat="4.8169460" lon="-75.6633740">
    <ele>1526.1</ele>
   </trkpt>
   <trkpt lat="4.8169440" lon="-75.6633570">
    <ele>1526.2</ele>
   </trkpt>
   <trkpt lat="4.8169420" lon="-75.6633410">
    <ele>1526.3</ele>
   </trkpt>
   <trkpt lat="4.8169400" lon="-75.6633260">
    <ele>1526.4</ele>
   </trkpt>
   <trkpt lat="4.8169390" lon="-75.6633130">
    <ele>1526.5</ele>
   </trkpt>
   <trkpt lat="4.8169380" lon="-75.6633000">
    <ele>1526.5</ele>
   </trkpt>
   <trkpt lat="4.8169380" lon="-75.6632870">
    <ele>1526.6</ele>
   </trkpt>
   <trkpt lat="4.8169370" lon="-75.6632720">
    <ele>1526.7</ele>
   </trkpt>
   <trkpt lat="4.8169360" lon="-75.6632550">
    <ele>1526.7</ele>
   </trkpt>
   <trkpt lat="4.8169340" lon="-75.6632360">
    <ele>1526.8</ele>
   </trkpt>
   <trkpt lat="4.8169320" lon="-75.6632150">
    <ele>1526.9</ele>
   </trkpt>
   <trkpt lat="4.8169290" lon="-75.6631930">
    <ele>1526.9</ele>
   </trkpt>
   <trkpt lat="4.8169260" lon="-75.6631700">
    <ele>1527.0</ele>
   </trkpt>
   <trkpt lat="4.8169240" lon="-75.6631470">
    <ele>1527.0</ele>
   </trkpt>
   <trkpt lat="4.8169210" lon="-75.6631250">
    <ele>1527.0</ele>
   </trkpt>
   <trkpt lat="4.8169180" lon="-75.6631030">
    <ele>1527.1</ele>
   </trkpt>
   <trkpt lat="4.8169140" lon="-75.6630830">
    <ele>1527.1</ele>
   </trkpt>
   <trkpt lat="4.8169110" lon="-75.6630630">
    <ele>1527.1</ele>
   </trkpt>
   <trkpt lat="4.8169080" lon="-75.6630440">
    <ele>1527.2</ele>
   </trkpt>
   <trkpt lat="4.8169050" lon="-75.6630250">
    <ele>1527.2</ele>
   </trkpt>
   <trkpt lat="4.8169020" lon="-75.6630060">
    <ele>1527.2</ele>
   </trkpt>
   <trkpt lat="4.8168990" lon="-75.6629870">
    <ele>1527.2</ele>
   </trkpt>
   <trkpt lat="4.8168950" lon="-75.6629700">
    <ele>1527.3</ele>
   </trkpt>
   <trkpt lat="4.8168910" lon="-75.6629540">
    <ele>1527.3</ele>
   </trkpt>
   <trkpt lat="4.8168860" lon="-75.6629380">
    <ele>1527.3</ele>
   </trkpt>
   <trkpt lat="4.8168810" lon="-75.6629240">
    <ele>1527.3</ele>
   </trkpt>
   <trkpt lat="4.8168750" lon="-75.6629070">
    <ele>1527.4</ele>
   </trkpt>
   <trkpt lat="4.8168680" lon="-75.6628900">
    <ele>1527.4</ele>
   </trkpt>
   <trkpt lat="4.8168630" lon="-75.6628730">
    <ele>1527.4</ele>
   </trkpt>
   <trkpt lat="4.8168580" lon="-75.6628550">
    <ele>1527.5</ele>
   </trkpt>
   <trkpt lat="4.8168530" lon="-75.6628380">
    <ele>1527.5</ele>
   </trkpt>
   <trkpt lat="4.8168470" lon="-75.6628220">
    <ele>1527.5</ele>
   </trkpt>
   <trkpt lat="4.8168420" lon="-75.6628060">
    <ele>1527.6</ele>
   </trkpt>
   <trkpt lat="4.8168370" lon="-75.6627890">
    <ele>1527.6</ele>
   </trkpt>
   <trkpt lat="4.8168310" lon="-75.6627710">
    <ele>1527.7</ele>
   </trkpt>
   <trkpt lat="4.8168250" lon="-75.6627510">
    <ele>1527.7</ele>
   </trkpt>
   <trkpt lat="4.8168180" lon="-75.6627300">
    <ele>1527.8</ele>
   </trkpt>
   <trkpt lat="4.8168110" lon="-75.6627090">
    <ele>1527.9</ele>
   </trkpt>
   <trkpt lat="4.8168050" lon="-75.6626880">
    <ele>1527.9</ele>
   </trkpt>
   <trkpt lat="4.8167990" lon="-75.6626670">
    <ele>1528.0</ele>
   </trkpt>
   <trkpt lat="4.8167930" lon="-75.6626480">
    <ele>1528.1</ele>
   </trkpt>
   <trkpt lat="4.8167880" lon="-75.6626280">
    <ele>1528.2</ele>
   </trkpt>
   <trkpt lat="4.8167840" lon="-75.6626090">
    <ele>1528.3</ele>
   </trkpt>
   <trkpt lat="4.8167790" lon="-75.6625900">
    <ele>1528.3</ele>
   </trkpt>
   <trkpt lat="4.8167730" lon="-75.6625710">
    <ele>1528.4</ele>
   </trkpt>
   <trkpt lat="4.8167670" lon="-75.6625520">
    <ele>1528.5</ele>
   </trkpt>
   <trkpt lat="4.8167600" lon="-75.6625330">
    <ele>1528.7</ele>
   </trkpt>
   <trkpt lat="4.8167540" lon="-75.6625140">
    <ele>1528.8</ele>
   </trkpt>
   <trkpt lat="4.8167470" lon="-75.6624960">
    <ele>1528.9</ele>
   </trkpt>
   <trkpt lat="4.8167410" lon="-75.6624780">
    <ele>1529.0</ele>
   </trkpt>
   <trkpt lat="4.8167350" lon="-75.6624620">
    <ele>1529.1</ele>
   </trkpt>
   <trkpt lat="4.8167300" lon="-75.6624450">
    <ele>1529.3</ele>
   </trkpt>
   <trkpt lat="4.8167240" lon="-75.6624280">
    <ele>1529.4</ele>
   </trkpt>
   <trkpt lat="4.8167180" lon="-75.6624120">
    <ele>1529.5</ele>
   </trkpt>
   <trkpt lat="4.8167130" lon="-75.6623950">
    <ele>1529.6</ele>
   </trkpt>
   <trkpt lat="4.8167080" lon="-75.6623780">
    <ele>1529.7</ele>
   </trkpt>
   <trkpt lat="4.8167020" lon="-75.6623630">
    <ele>1529.8</ele>
   </trkpt>
   <trkpt lat="4.8166970" lon="-75.6623480">
    <ele>1529.9</ele>
   </trkpt>
   <trkpt lat="4.8166920" lon="-75.6623330">
    <ele>1530.0</ele>
   </trkpt>
   <trkpt lat="4.8166860" lon="-75.6623180">
    <ele>1530.1</ele>
   </trkpt>
   <trkpt lat="4.8166810" lon="-75.6623020">
    <ele>1530.2</ele>
   </trkpt>
   <trkpt lat="4.8166740" lon="-75.6622860">
    <ele>1530.3</ele>
   </trkpt>
   <trkpt lat="4.8166680" lon="-75.6622690">
    <ele>1530.5</ele>
   </trkpt>
   <trkpt lat="4.8166620" lon="-75.6622530">
    <ele>1530.6</ele>
   </trkpt>
   <trkpt lat="4.8166550" lon="-75.6622370">
    <ele>1530.6</ele>
   </trkpt>
   <trkpt lat="4.8166470" lon="-75.6622210">
    <ele>1530.7</ele>
   </trkpt>
   <trkpt lat="4.8166390" lon="-75.6622040">
    <ele>1530.7</ele>
   </trkpt>
   <trkpt lat="4.8166310" lon="-75.6621870">
    <ele>1530.8</ele>
   </trkpt>
   <trkpt lat="4.8166220" lon="-75.6621690">
    <ele>1530.9</ele>
   </trkpt>
   <trkpt lat="4.8166140" lon="-75.6621500">
    <ele>1530.9</ele>
   </trkpt>
   <trkpt lat="4.8166060" lon="-75.6621310">
    <ele>1531.0</ele>
   </trkpt>
   <trkpt lat="4.8165980" lon="-75.6621110">
    <ele>1531.0</ele>
   </trkpt>
   <trkpt lat="4.8165900" lon="-75.6620910">
    <ele>1531.0</ele>
   </trkpt>
   <trkpt lat="4.8165820" lon="-75.6620720">
    <ele>1531.1</ele>
   </trkpt>
   <trkpt lat="4.8165730" lon="-75.6620520">
    <ele>1531.1</ele>
   </trkpt>
   <trkpt lat="4.8165650" lon="-75.6620330">
    <ele>1531.2</ele>
   </trkpt>
   <trkpt lat="4.8165560" lon="-75.6620140">
    <ele>1531.2</ele>
   </trkpt>
   <trkpt lat="4.8165490" lon="-75.6619970">
    <ele>1531.2</ele>
   </trkpt>
   <trkpt lat="4.8165410" lon="-75.6619820">
    <ele>1531.2</ele>
   </trkpt>
   <trkpt lat="4.8165340" lon="-75.6619680">
    <ele>1531.3</ele>
   </trkpt>
   <trkpt lat="4.8165280" lon="-75.6619540">
    <ele>1531.3</ele>
   </trkpt>
   <trkpt lat="4.8165220" lon="-75.6619390">
    <ele>1531.3</ele>
   </trkpt>
   <trkpt lat="4.8165150" lon="-75.6619250">
    <ele>1531.3</ele>
   </trkpt>
   <trkpt lat="4.8165070" lon="-75.6619090">
    <ele>1531.4</ele>
   </trkpt>
   <trkpt lat="4.8164970" lon="-75.6618920">
    <ele>1531.4</ele>
   </trkpt>
   <trkpt lat="4.8164860" lon="-75.6618760">
    <ele>1531.4</ele>
   </trkpt>
   <trkpt lat="4.8164750" lon="-75.6618570">
    <ele>1531.5</ele>
   </trkpt>
   <trkpt lat="4.8164620" lon="-75.6618380">
    <ele>1531.5</ele>
   </trkpt>
   <trkpt lat="4.8164490" lon="-75.6618200">
    <ele>1531.5</ele>
   </trkpt>
   <trkpt lat="4.8164360" lon="-75.6617990">
    <ele>1531.6</ele>
   </trkpt>
   <trkpt lat="4.8164240" lon="-75.6617810">
    <ele>1531.6</ele>
   </trkpt>
   <trkpt lat="4.8164130" lon="-75.6617630">
    <ele>1531.6</ele>
   </trkpt>
   <trkpt lat="4.8164020" lon="-75.6617450">
    <ele>1531.7</ele>
   </trkpt>
   <trkpt lat="4.8163920" lon="-75.6617270">
    <ele>1531.7</ele>
   </trkpt>
   <trkpt lat="4.8163810" lon="-75.6617100">
    <ele>1531.7</ele>
   </trkpt>
   <trkpt lat="4.8163710" lon="-75.6616930">
    <ele>1531.7</ele>
   </trkpt>
   <trkpt lat="4.8163610" lon="-75.6616770">
    <ele>1531.8</ele>
   </trkpt>
   <trkpt lat="4.8163530" lon="-75.6616630">
    <ele>1531.8</ele>
   </trkpt>
   <trkpt lat="4.8163450" lon="-75.6616500">
    <ele>1531.8</ele>
   </trkpt>
   <trkpt lat="4.8163360" lon="-75.6616350">
    <ele>1531.8</ele>
   </trkpt>
   <trkpt lat="4.8163260" lon="-75.6616190">
    <ele>1531.9</ele>
   </trkpt>
   <trkpt lat="4.8163150" lon="-75.6616010">
    <ele>1531.9</ele>
   </trkpt>
   <trkpt lat="4.8163030" lon="-75.6615820">
    <ele>1532.0</ele>
   </trkpt>
   <trkpt lat="4.8162930" lon="-75.6615650">
    <ele>1532.0</ele>
   </trkpt>
   <trkpt lat="4.8162820" lon="-75.6615480">
    <ele>1532.1</ele>
   </trkpt>
   <trkpt lat="4.8162730" lon="-75.6615330">
    <ele>1532.1</ele>
   </trkpt>
   <trkpt lat="4.8162640" lon="-75.6615190">
    <ele>1532.2</ele>
   </trkpt>
   <trkpt lat="4.8162550" lon="-75.6615040">
    <ele>1532.2</ele>
   </trkpt>
   <trkpt lat="4.8162460" lon="-75.6614900">
    <ele>1532.3</ele>
   </trkpt>
   <trkpt lat="4.8162370" lon="-75.6614760">
    <ele>1532.3</ele>
   </trkpt>
   <trkpt lat="4.8162290" lon="-75.6614630">
    <ele>1532.4</ele>
   </trkpt>
   <trkpt lat="4.8162220" lon="-75.6614510">
    <ele>1532.4</ele>
   </trkpt>
   <trkpt lat="4.8162150" lon="-75.6614400">
    <ele>1532.5</ele>
   </trkpt>
   <trkpt lat="4.8162070" lon="-75.6614270">
    <ele>1532.5</ele>
   </trkpt>
   <trkpt lat="4.8161990" lon="-75.6614130">
    <ele>1532.6</ele>
   </trkpt>
   <trkpt lat="4.8161900" lon="-75.6613990">
    <ele>1532.6</ele>
   </trkpt>
   <trkpt lat="4.8161820" lon="-75.6613860">
    <ele>1532.7</ele>
   </trkpt>
   <trkpt lat="4.8161750" lon="-75.6613750">
    <ele>1532.7</ele>
   </trkpt>
   <trkpt lat="4.8161670" lon="-75.6613620">
    <ele>1532.8</ele>
   </trkpt>
   <trkpt lat="4.8161570" lon="-75.6613480">
    <ele>1532.8</ele>
   </trkpt>
   <trkpt lat="4.8161470" lon="-75.6613310">
    <ele>1532.9</ele>
   </trkpt>
   <trkpt lat="4.8161340" lon="-75.6613130">
    <ele>1533.0</ele>
   </trkpt>
   <trkpt lat="4.8161210" lon="-75.6612930">
    <ele>1533.1</ele>
   </trkpt>
   <trkpt lat="4.8161080" lon="-75.6612740">
    <ele>1533.2</ele>
   </trkpt>
   <trkpt lat="4.8160960" lon="-75.6612550">
    <ele>1533.2</ele>
   </trkpt>
   <trkpt lat="4.8160830" lon="-75.6612360">
    <ele>1533.3</ele>
   </trkpt>
   <trkpt lat="4.8160710" lon="-75.6612170">
    <ele>1533.4</ele>
   </trkpt>
   <trkpt lat="4.8160580" lon="-75.6611990">
    <ele>1533.4</ele>
   </trkpt>
   <trkpt lat="4.8160460" lon="-75.6611810">
    <ele>1533.5</ele>
   </trkpt>
   <trkpt lat="4.8160330" lon="-75.6611630">
    <ele>1533.5</ele>
   </trkpt>
   <trkpt lat="4.8160210" lon="-75.6611450">
    <ele>1533.6</ele>
   </trkpt>
   <trkpt lat="4.8160090" lon="-75.6611290">
    <ele>1533.6</ele>
   </trkpt>
   <trkpt lat="4.8159950" lon="-75.6611110">
    <ele>1533.7</ele>
   </trkpt>
   <trkpt lat="4.8159810" lon="-75.6610940">
    <ele>1533.7</ele>
   </trkpt>
   <trkpt lat="4.8159670" lon="-75.6610760">
    <ele>1533.7</ele>
   </trkpt>
   <trkpt lat="4.8159520" lon="-75.6610580">
    <ele>1533.8</ele>
   </trkpt>
   <trkpt lat="4.8159390" lon="-75.6610410">
    <ele>1533.8</ele>
   </trkpt>
   <trkpt lat="4.8159260" lon="-75.6610260">
    <ele>1533.8</ele>
   </trkpt>
   <trkpt lat="4.8159140" lon="-75.6610110">
    <ele>1533.9</ele>
   </trkpt>
   <trkpt lat="4.8159030" lon="-75.6609970">
    <ele>1533.9</ele>
   </trkpt>
   <trkpt lat="4.8158920" lon="-75.6609840">
    <ele>1533.9</ele>
   </trkpt>
   <trkpt lat="4.8158810" lon="-75.6609700">
    <ele>1534.0</ele>
   </trkpt>
   <trkpt lat="4.8158700" lon="-75.6609570">
    <ele>1534.0</ele>
   </trkpt>
   <trkpt lat="4.8158580" lon="-75.6609430">
    <ele>1534.0</ele>
   </trkpt>
   <trkpt lat="4.8158450" lon="-75.6609280">
    <ele>1534.0</ele>
   </trkpt>
   <trkpt lat="4.8158320" lon="-75.6609110">
    <ele>1534.1</ele>
   </trkpt>
   <trkpt lat="4.8158180" lon="-75.6608940">
    <ele>1534.1</ele>
   </trkpt>
   <trkpt lat="4.8158040" lon="-75.6608780">
    <ele>1534.1</ele>
   </trkpt>
   <trkpt lat="4.8157920" lon="-75.6608630">
    <ele>1534.2</ele>
   </trkpt>
   <trkpt lat="4.8157800" lon="-75.6608490">
    <ele>1534.2</ele>
   </trkpt>
   <trkpt lat="4.8157690" lon="-75.6608350">
    <ele>1534.2</ele>
   </trkpt>
   <trkpt lat="4.8157580" lon="-75.6608220">
    <ele>1534.3</ele>
   </trkpt>
   <trkpt lat="4.8157460" lon="-75.6608080">
    <ele>1534.3</ele>
   </trkpt>
   <trkpt lat="4.8157340" lon="-75.6607930">
    <ele>1534.3</ele>
   </trkpt>
   <trkpt lat="4.8157210" lon="-75.6607780">
    <ele>1534.4</ele>
   </trkpt>
   <trkpt lat="4.8157080" lon="-75.6607620">
    <ele>1534.4</ele>
   </trkpt>
   <trkpt lat="4.8156950" lon="-75.6607460">
    <ele>1534.5</ele>
   </trkpt>
   <trkpt lat="4.8156820" lon="-75.6607300">
    <ele>1534.5</ele>
   </trkpt>
   <trkpt lat="4.8156700" lon="-75.6607150">
    <ele>1534.5</ele>
   </trkpt>
   <trkpt lat="4.8156580" lon="-75.6606990">
    <ele>1534.6</ele>
   </trkpt>
   <trkpt lat="4.8156460" lon="-75.6606840">
    <ele>1534.6</ele>
   </trkpt>
   <trkpt lat="4.8156340" lon="-75.6606670">
    <ele>1534.7</ele>
   </trkpt>
   <trkpt lat="4.8156220" lon="-75.6606510">
    <ele>1534.7</ele>
   </trkpt>
   <trkpt lat="4.8156100" lon="-75.6606350">
    <ele>1534.7</ele>
   </trkpt>
   <trkpt lat="4.8155970" lon="-75.6606190">
    <ele>1534.8</ele>
   </trkpt>
   <trkpt lat="4.8155840" lon="-75.6606030">
    <ele>1534.8</ele>
   </trkpt>
   <trkpt lat="4.8155710" lon="-75.6605870">
    <ele>1534.9</ele>
   </trkpt>
   <trkpt lat="4.8155570" lon="-75.6605700">
    <ele>1534.9</ele>
   </trkpt>
   <trkpt lat="4.8155440" lon="-75.6605550">
    <ele>1535.0</ele>
   </trkpt>
   <trkpt lat="4.8155310" lon="-75.6605390">
    <ele>1535.0</ele>
   </trkpt>
   <trkpt lat="4.8155170" lon="-75.6605230">
    <ele>1535.1</ele>
   </trkpt>
   <trkpt lat="4.8155040" lon="-75.6605080">
    <ele>1535.1</ele>
   </trkpt>
   <trkpt lat="4.8154900" lon="-75.6604930">
    <ele>1535.2</ele>
   </trkpt>
   <trkpt lat="4.8154780" lon="-75.6604770">
    <ele>1535.3</ele>
   </trkpt>
   <trkpt lat="4.8154650" lon="-75.6604620">
    <ele>1535.3</ele>
   </trkpt>
   <trkpt lat="4.8154530" lon="-75.6604450">
    <ele>1535.4</ele>
   </trkpt>
   <trkpt lat="4.8154410" lon="-75.6604290">
    <ele>1535.4</ele>
   </trkpt>
   <trkpt lat="4.8154290" lon="-75.6604120">
    <ele>1535.5</ele>
   </trkpt>
   <trkpt lat="4.8154180" lon="-75.6603960">
    <ele>1535.6</ele>
   </trkpt>
   <trkpt lat="4.8154070" lon="-75.6603790">
    <ele>1535.7</ele>
   </trkpt>
   <trkpt lat="4.8153970" lon="-75.6603630">
    <ele>1535.7</ele>
   </trkpt>
   <trkpt lat="4.8153870" lon="-75.6603460">
    <ele>1535.8</ele>
   </trkpt>
   <trkpt lat="4.8153760" lon="-75.6603290">
    <ele>1535.9</ele>
   </trkpt>
   <trkpt lat="4.8153650" lon="-75.6603120">
    <ele>1536.0</ele>
   </trkpt>
   <trkpt lat="4.8153540" lon="-75.6602950">
    <ele>1536.1</ele>
   </trkpt>
   <trkpt lat="4.8153430" lon="-75.6602790">
    <ele>1536.1</ele>
   </trkpt>
   <trkpt lat="4.8153320" lon="-75.6602640">
    <ele>1536.2</ele>
   </trkpt>
   <trkpt lat="4.8153210" lon="-75.6602490">
    <ele>1536.3</ele>
   </trkpt>
   <trkpt lat="4.8153120" lon="-75.6602340">
    <ele>1536.4</ele>
   </trkpt>
   <trkpt lat="4.8153020" lon="-75.6602200">
    <ele>1536.5</ele>
   </trkpt>
   <trkpt lat="4.8152940" lon="-75.6602070">
    <ele>1536.5</ele>
   </trkpt>
   <trkpt lat="4.8152860" lon="-75.6601940">
    <ele>1536.6</ele>
   </trkpt>
   <trkpt lat="4.8152770" lon="-75.6601810">
    <ele>1536.7</ele>
   </trkpt>
   <trkpt lat="4.8152690" lon="-75.6601670">
    <ele>1536.7</ele>
   </trkpt>
   <trkpt lat="4.8152600" lon="-75.6601530">
    <ele>1536.8</ele>
   </trkpt>
   <trkpt lat="4.8152510" lon="-75.6601380">
    <ele>1536.9</ele>
   </trkpt>
   <trkpt lat="4.8152420" lon="-75.6601240">
    <ele>1537.0</ele>
   </trkpt>
   <trkpt lat="4.8152330" lon="-75.6601110">
    <ele>1537.0</ele>
   </trkpt>
   <trkpt lat="4.8152230" lon="-75.6600970">
    <ele>1537.1</ele>
   </trkpt>
   <trkpt lat="4.8152130" lon="-75.6600850">
    <ele>1537.2</ele>
   </trkpt>
   <trkpt lat="4.8152020" lon="-75.6600710">
    <ele>1537.3</ele>
   </trkpt>
   <trkpt lat="4.8151910" lon="-75.6600580">
    <ele>1537.3</ele>
   </trkpt>
   <trkpt lat="4.8151800" lon="-75.6600440">
    <ele>1537.4</ele>
   </trkpt>
   <trkpt lat="4.8151690" lon="-75.6600290">
    <ele>1537.5</ele>
   </trkpt>
   <trkpt lat="4.8151580" lon="-75.6600130">
    <ele>1537.5</ele>
   </trkpt>
   <trkpt lat="4.8151470" lon="-75.6599970">
    <ele>1537.6</ele>
   </trkpt>
   <trkpt lat="4.8151360" lon="-75.6599790">
    <ele>1537.7</ele>
   </trkpt>
   <trkpt lat="4.8151260" lon="-75.6599620">
    <ele>1537.8</ele>
   </trkpt>
   <trkpt lat="4.8151160" lon="-75.6599440">
    <ele>1537.8</ele>
   </trkpt>
   <trkpt lat="4.8151060" lon="-75.6599250">
    <ele>1537.9</ele>
   </trkpt>
   <trkpt lat="4.8150970" lon="-75.6599070">
    <ele>1538.0</ele>
   </trkpt>
   <trkpt lat="4.8150880" lon="-75.6598880">
    <ele>1538.1</ele>
   </trkpt>
   <trkpt lat="4.8150790" lon="-75.6598700">
    <ele>1538.1</ele>
   </trkpt>
   <trkpt lat="4.8150710" lon="-75.6598490">
    <ele>1538.2</ele>
   </trkpt>
   <trkpt lat="4.8150640" lon="-75.6598290">
    <ele>1538.3</ele>
   </trkpt>
   <trkpt lat="4.8150580" lon="-75.6598090">
    <ele>1538.4</ele>
   </trkpt>
   <trkpt lat="4.8150530" lon="-75.6597870">
    <ele>1538.5</ele>
   </trkpt>
   <trkpt lat="4.8150480" lon="-75.6597700">
    <ele>1538.5</ele>
   </trkpt>
   <trkpt lat="4.8150440" lon="-75.6597530">
    <ele>1538.6</ele>
   </trkpt>
   <trkpt lat="4.8150400" lon="-75.6597370">
    <ele>1538.6</ele>
   </trkpt>
   <trkpt lat="4.8150370" lon="-75.6597210">
    <ele>1538.7</ele>
   </trkpt>
   <trkpt lat="4.8150350" lon="-75.6597060">
    <ele>1538.7</ele>
   </trkpt>
   <trkpt lat="4.8150330" lon="-75.6596910">
    <ele>1538.8</ele>
   </trkpt>
   <trkpt lat="4.8150320" lon="-75.6596740">
    <ele>1538.8</ele>
   </trkpt>
   <trkpt lat="4.8150310" lon="-75.6596560">
    <ele>1538.9</ele>
   </trkpt>
   <trkpt lat="4.8150300" lon="-75.6596380">
    <ele>1538.9</ele>
   </trkpt>
   <trkpt lat="4.8150280" lon="-75.6596200">
    <ele>1539.0</ele>
   </trkpt>
   <trkpt lat="4.8150260" lon="-75.6596020">
    <ele>1539.0</ele>
   </trkpt>
   <trkpt lat="4.8150230" lon="-75.6595840">
    <ele>1539.1</ele>
   </trkpt>
   <trkpt lat="4.8150200" lon="-75.6595670">
    <ele>1539.1</ele>
   </trkpt>
   <trkpt lat="4.8150170" lon="-75.6595500">
    <ele>1539.1</ele>
   </trkpt>
   <trkpt lat="4.8150140" lon="-75.6595330">
    <ele>1539.2</ele>
   </trkpt>
   <trkpt lat="4.8150110" lon="-75.6595170">
    <ele>1539.2</ele>
   </trkpt>
   <trkpt lat="4.8150090" lon="-75.6595010">
    <ele>1539.3</ele>
   </trkpt>
   <trkpt lat="4.8150070" lon="-75.6594850">
    <ele>1539.3</ele>
   </trkpt>
   <trkpt lat="4.8150050" lon="-75.6594700">
    <ele>1539.3</ele>
   </trkpt>
   <trkpt lat="4.8150030" lon="-75.6594540">
    <ele>1539.4</ele>
   </trkpt>
   <trkpt lat="4.8150020" lon="-75.6594380">
    <ele>1539.4</ele>
   </trkpt>
   <trkpt lat="4.8150010" lon="-75.6594210">
    <ele>1539.5</ele>
   </trkpt>
   <trkpt lat="4.8150010" lon="-75.6594040">
    <ele>1539.5</ele>
   </trkpt>
   <trkpt lat="4.8150000" lon="-75.6593850">
    <ele>1539.5</ele>
   </trkpt>
   <trkpt lat="4.8149980" lon="-75.6593650">
    <ele>1539.6</ele>
   </trkpt>
   <trkpt lat="4.8149960" lon="-75.6593450">
    <ele>1539.7</ele>
   </trkpt>
   <trkpt lat="4.8149940" lon="-75.6593260">
    <ele>1539.7</ele>
   </trkpt>
   <trkpt lat="4.8149920" lon="-75.6593070">
    <ele>1539.8</ele>
   </trkpt>
   <trkpt lat="4.8149920" lon="-75.6592910">
    <ele>1539.8</ele>
   </trkpt>
   <trkpt lat="4.8149910" lon="-75.6592750">
    <ele>1539.9</ele>
   </trkpt>
   <trkpt lat="4.8149920" lon="-75.6592590">
    <ele>1539.9</ele>
   </trkpt>
   <trkpt lat="4.8149920" lon="-75.6592450">
    <ele>1540.0</ele>
   </trkpt>
   <trkpt lat="4.8149930" lon="-75.6592300">
    <ele>1540.0</ele>
   </trkpt>
   <trkpt lat="4.8149940" lon="-75.6592150">
    <ele>1540.1</ele>
   </trkpt>
   <trkpt lat="4.8149950" lon="-75.6592000">
    <ele>1540.1</ele>
   </trkpt>
   <trkpt lat="4.8149970" lon="-75.6591850">
    <ele>1540.2</ele>
   </trkpt>
   <trkpt lat="4.8150000" lon="-75.6591710">
    <ele>1540.2</ele>
   </trkpt>
   <trkpt lat="4.8150050" lon="-75.6591570">
    <ele>1540.3</ele>
   </trkpt>
   <trkpt lat="4.8150110" lon="-75.6591440">
    <ele>1540.3</ele>
   </trkpt>
   <trkpt lat="4.8150160" lon="-75.6591300">
    <ele>1540.4</ele>
   </trkpt>
   <trkpt lat="4.8150280" lon="-75.6591200">
    <ele>1540.4</ele>
   </trkpt>
   <trkpt lat="4.8150400" lon="-75.6591130">
    <ele>1540.4</ele>
   </trkpt>
   <trkpt lat="4.8150520" lon="-75.6591080">
    <ele>1540.5</ele>
   </trkpt>
   <trkpt lat="4.8150680" lon="-75.6591090">
    <ele>1540.4</ele>
   </trkpt>
   <trkpt lat="4.8150810" lon="-75.6591100">
    <ele>1540.3</ele>
   </trkpt>
   <trkpt lat="4.8150940" lon="-75.6591130">
    <ele>1540.2</ele>
   </trkpt>
   <trkpt lat="4.8151100" lon="-75.6591180">
    <ele>1540.1</ele>
   </trkpt>
   <trkpt lat="4.8151260" lon="-75.6591250">
    <ele>1540.0</ele>
   </trkpt>
   <trkpt lat="4.8151440" lon="-75.6591330">
    <ele>1539.8</ele>
   </trkpt>
   <trkpt lat="4.8151630" lon="-75.6591410">
    <ele>1539.6</ele>
   </trkpt>
   <trkpt lat="4.8151820" lon="-75.6591490">
    <ele>1539.4</ele>
   </trkpt>
   <trkpt lat="4.8152010" lon="-75.6591580">
    <ele>1539.2</ele>
   </trkpt>
   <trkpt lat="4.8152200" lon="-75.6591660">
    <ele>1539.0</ele>
   </trkpt>
   <trkpt lat="4.8152390" lon="-75.6591750">
    <ele>1538.7</ele>
   </trkpt>
   <trkpt lat="4.8152580" lon="-75.6591840">
    <ele>1538.5</ele>
   </trkpt>
   <trkpt lat="4.8152780" lon="-75.6591930">
    <ele>1538.2</ele>
   </trkpt>
   <trkpt lat="4.8152970" lon="-75.6592010">
    <ele>1538.0</ele>
   </trkpt>
   <trkpt lat="4.8153170" lon="-75.6592090">
    <ele>1537.7</ele>
   </trkpt>
   <trkpt lat="4.8153360" lon="-75.6592160">
    <ele>1537.4</ele>
   </trkpt>
   <trkpt lat="4.8153540" lon="-75.6592240">
    <ele>1537.2</ele>
   </trkpt>
   <trkpt lat="4.8153720" lon="-75.6592310">
    <ele>1536.9</ele>
   </trkpt>
   <trkpt lat="4.8153880" lon="-75.6592370">
    <ele>1536.7</ele>
   </trkpt>
   <trkpt lat="4.8154020" lon="-75.6592440">
    <ele>1536.5</ele>
   </trkpt>
   <trkpt lat="4.8154170" lon="-75.6592500">
    <ele>1536.2</ele>
   </trkpt>
   <trkpt lat="4.8154310" lon="-75.6592560">
    <ele>1536.0</ele>
   </trkpt>
   <trkpt lat="4.8154460" lon="-75.6592620">
    <ele>1535.8</ele>
   </trkpt>
   <trkpt lat="4.8154610" lon="-75.6592670">
    <ele>1535.6</ele>
   </trkpt>
   <trkpt lat="4.8154770" lon="-75.6592720">
    <ele>1535.4</ele>
   </trkpt>
   <trkpt lat="4.8154910" lon="-75.6592770">
    <ele>1535.2</ele>
   </trkpt>
   <trkpt lat="4.8155060" lon="-75.6592820">
    <ele>1534.9</ele>
   </trkpt>
   <trkpt lat="4.8155210" lon="-75.6592880">
    <ele>1534.7</ele>
   </trkpt>
   <trkpt lat="4.8155340" lon="-75.6592940">
    <ele>1534.5</ele>
   </trkpt>
   <trkpt lat="4.8155480" lon="-75.6593010">
    <ele>1534.3</ele>
   </trkpt>
   <trkpt lat="4.8155620" lon="-75.6593070">
    <ele>1534.1</ele>
   </trkpt>
   <trkpt lat="4.8155770" lon="-75.6593140">
    <ele>1533.8</ele>
   </trkpt>
   <trkpt lat="4.8155930" lon="-75.6593190">
    <ele>1533.6</ele>
   </trkpt>
   <trkpt lat="4.8156080" lon="-75.6593240">
    <ele>1533.3</ele>
   </trkpt>
   <trkpt lat="4.8156250" lon="-75.6593300">
    <ele>1533.1</ele>
   </trkpt>
   <trkpt lat="4.8156410" lon="-75.6593360">
    <ele>1532.8</ele>
   </trkpt>
   <trkpt lat="4.8156580" lon="-75.6593420">
    <ele>1532.5</ele>
   </trkpt>
   <trkpt lat="4.8156750" lon="-75.6593480">
    <ele>1532.3</ele>
   </trkpt>
   <trkpt lat="4.8156920" lon="-75.6593550">
    <ele>1532.0</ele>
   </trkpt>
   <trkpt lat="4.8157100" lon="-75.6593620">
    <ele>1531.7</ele>
   </trkpt>
   <trkpt lat="4.8157270" lon="-75.6593690">
    <ele>1531.4</ele>
   </trkpt>
   <trkpt lat="4.8157450" lon="-75.6593760">
    <ele>1531.1</ele>
   </trkpt>
   <trkpt lat="4.8157630" lon="-75.6593840">
    <ele>1530.8</ele>
   </trkpt>
   <trkpt lat="4.8157800" lon="-75.6593910">
    <ele>1530.5</ele>
   </trkpt>
   <trkpt lat="4.8157960" lon="-75.6593990">
    <ele>1530.2</ele>
   </trkpt>
   <trkpt lat="4.8158110" lon="-75.6594070">
    <ele>1530.0</ele>
   </trkpt>
   <trkpt lat="4.8158250" lon="-75.6594170">
    <ele>1529.7</ele>
   </trkpt>
   <trkpt lat="4.8158390" lon="-75.6594270">
    <ele>1529.5</ele>
   </trkpt>
   <trkpt lat="4.8158540" lon="-75.6594380">
    <ele>1529.2</ele>
   </trkpt>
   <trkpt lat="4.8158690" lon="-75.6594500">
    <ele>1529.0</ele>
   </trkpt>
   <trkpt lat="4.8158840" lon="-75.6594610">
    <ele>1528.7</ele>
   </trkpt>
   <trkpt lat="4.8158980" lon="-75.6594720">
    <ele>1528.4</ele>
   </trkpt>
   <trkpt lat="4.8159110" lon="-75.6594830">
    <ele>1528.2</ele>
   </trkpt>
   <trkpt lat="4.8159240" lon="-75.6594940">
    <ele>1528.0</ele>
   </trkpt>
   <trkpt lat="4.8159380" lon="-75.6595060">
    <ele>1527.7</ele>
   </trkpt>
   <trkpt lat="4.8159520" lon="-75.6595180">
    <ele>1527.5</ele>
   </trkpt>
   <trkpt lat="4.8159670" lon="-75.6595310">
    <ele>1527.2</ele>
   </trkpt>
   <trkpt lat="4.8159820" lon="-75.6595440">
    <ele>1527.0</ele>
   </trkpt>
   <trkpt lat="4.8159970" lon="-75.6595570">
    <ele>1526.8</ele>
   </trkpt>
   <trkpt lat="4.8160130" lon="-75.6595710">
    <ele>1526.5</ele>
   </trkpt>
   <trkpt lat="4.8160280" lon="-75.6595850">
    <ele>1526.3</ele>
   </trkpt>
   <trkpt lat="4.8160440" lon="-75.6595980">
    <ele>1526.1</ele>
   </trkpt>
   <trkpt lat="4.8160610" lon="-75.6596120">
    <ele>1525.9</ele>
   </trkpt>
   <trkpt lat="4.8160770" lon="-75.6596250">
    <ele>1525.7</ele>
   </trkpt>
   <trkpt lat="4.8160930" lon="-75.6596380">
    <ele>1525.5</ele>
   </trkpt>
   <trkpt lat="4.8161090" lon="-75.6596520">
    <ele>1525.3</ele>
   </trkpt>
   <trkpt lat="4.8161250" lon="-75.6596640">
    <ele>1525.1</ele>
   </trkpt>
   <trkpt lat="4.8161430" lon="-75.6596770">
    <ele>1524.9</ele>
   </trkpt>
   <trkpt lat="4.8161610" lon="-75.6596900">
    <ele>1524.7</ele>
   </trkpt>
   <trkpt lat="4.8161790" lon="-75.6597000">
    <ele>1524.5</ele>
   </trkpt>
   <trkpt lat="4.8161980" lon="-75.6597120">
    <ele>1524.4</ele>
   </trkpt>
   <trkpt lat="4.8162160" lon="-75.6597220">
    <ele>1524.2</ele>
   </trkpt>
   <trkpt lat="4.8162330" lon="-75.6597320">
    <ele>1524.1</ele>
   </trkpt>
   <trkpt lat="4.8162490" lon="-75.6597430">
    <ele>1523.9</ele>
   </trkpt>
   <trkpt lat="4.8162650" lon="-75.6597520">
    <ele>1523.8</ele>
   </trkpt>
   <trkpt lat="4.8162820" lon="-75.6597610">
    <ele>1523.7</ele>
   </trkpt>
   <trkpt lat="4.8162980" lon="-75.6597680">
    <ele>1523.6</ele>
   </trkpt>
   <trkpt lat="4.8163140" lon="-75.6597750">
    <ele>1523.4</ele>
   </trkpt>
   <trkpt lat="4.8163310" lon="-75.6597800">
    <ele>1523.3</ele>
   </trkpt>
   <trkpt lat="4.8163480" lon="-75.6597860">
    <ele>1523.2</ele>
   </trkpt>
   <trkpt lat="4.8163660" lon="-75.6597920">
    <ele>1523.1</ele>
   </trkpt>
   <trkpt lat="4.8163840" lon="-75.6597970">
    <ele>1523.0</ele>
   </trkpt>
   <trkpt lat="4.8164060" lon="-75.6598020">
    <ele>1522.8</ele>
   </trkpt>
   <trkpt lat="4.8164280" lon="-75.6598060">
    <ele>1522.7</ele>
   </trkpt>
   <trkpt lat="4.8164500" lon="-75.6598100">
    <ele>1522.5</ele>
   </trkpt>
   <trkpt lat="4.8164740" lon="-75.6598140">
    <ele>1522.4</ele>
   </trkpt>
   <trkpt lat="4.8164950" lon="-75.6598170">
    <ele>1522.2</ele>
   </trkpt>
   <trkpt lat="4.8165150" lon="-75.6598200">
    <ele>1522.1</ele>
   </trkpt>
   <trkpt lat="4.8165350" lon="-75.6598240">
    <ele>1521.9</ele>
   </trkpt>
   <trkpt lat="4.8165530" lon="-75.6598270">
    <ele>1521.8</ele>
   </trkpt>
   <trkpt lat="4.8165710" lon="-75.6598300">
    <ele>1521.7</ele>
   </trkpt>
   <trkpt lat="4.8165880" lon="-75.6598340">
    <ele>1521.6</ele>
   </trkpt>
   <trkpt lat="4.8166050" lon="-75.6598370">
    <ele>1521.5</ele>
   </trkpt>
   <trkpt lat="4.8166220" lon="-75.6598400">
    <ele>1521.4</ele>
   </trkpt>
   <trkpt lat="4.8166380" lon="-75.6598430">
    <ele>1521.3</ele>
   </trkpt>
   <trkpt lat="4.8166540" lon="-75.6598460">
    <ele>1521.1</ele>
   </trkpt>
   <trkpt lat="4.8166720" lon="-75.6598490">
    <ele>1521.0</ele>
   </trkpt>
   <trkpt lat="4.8166920" lon="-75.6598530">
    <ele>1520.9</ele>
   </trkpt>
   <trkpt lat="4.8167140" lon="-75.6598580">
    <ele>1520.8</ele>
   </trkpt>
   <trkpt lat="4.8167370" lon="-75.6598630">
    <ele>1520.6</ele>
   </trkpt>
   <trkpt lat="4.8167600" lon="-75.6598670">
    <ele>1520.5</ele>
   </trkpt>
   <trkpt lat="4.8167820" lon="-75.6598720">
    <ele>1520.4</ele>
   </trkpt>
   <trkpt lat="4.8168040" lon="-75.6598770">
    <ele>1520.3</ele>
   </trkpt>
   <trkpt lat="4.8168260" lon="-75.6598820">
    <ele>1520.2</ele>
   </trkpt>
   <trkpt lat="4.8168480" lon="-75.6598870">
    <ele>1520.1</ele>
   </trkpt>
   <trkpt lat="4.8168700" lon="-75.6598920">
    <ele>1520.0</ele>
   </trkpt>
   <trkpt lat="4.8168920" lon="-75.6598970">
    <ele>1520.0</ele>
   </trkpt>
   <trkpt lat="4.8169140" lon="-75.6599020">
    <ele>1519.9</ele>
   </trkpt>
   <trkpt lat="4.8169350" lon="-75.6599070">
    <ele>1519.8</ele>
   </trkpt>
   <trkpt lat="4.8169570" lon="-75.6599120">
    <ele>1519.7</ele>
   </trkpt>
   <trkpt lat="4.8169800" lon="-75.6599170">
    <ele>1519.6</ele>
   </trkpt>
   <trkpt lat="4.8170020" lon="-75.6599220">
    <ele>1519.6</ele>
   </trkpt>
   <trkpt lat="4.8170240" lon="-75.6599270">
    <ele>1519.5</ele>
   </trkpt>
   <trkpt lat="4.8170460" lon="-75.6599320">
    <ele>1519.4</ele>
   </trkpt>
   <trkpt lat="4.8170680" lon="-75.6599370">
    <ele>1519.4</ele>
   </trkpt>
   <trkpt lat="4.8170900" lon="-75.6599430">
    <ele>1519.3</ele>
   </trkpt>
   <trkpt lat="4.8171120" lon="-75.6599480">
    <ele>1519.3</ele>
   </trkpt>
   <trkpt lat="4.8171340" lon="-75.6599530">
    <ele>1519.3</ele>
   </trkpt>
   <trkpt lat="4.8171550" lon="-75.6599580">
    <ele>1519.2</ele>
   </trkpt>
   <trkpt lat="4.8171760" lon="-75.6599620">
    <ele>1519.2</ele>
   </trkpt>
   <trkpt lat="4.8171970" lon="-75.6599670">
    <ele>1519.2</ele>
   </trkpt>
   <trkpt lat="4.8172170" lon="-75.6599720">
    <ele>1519.2</ele>
   </trkpt>
   <trkpt lat="4.8172370" lon="-75.6599760">
    <ele>1519.2</ele>
   </trkpt>
   <trkpt lat="4.8172580" lon="-75.6599810">
    <ele>1519.2</ele>
   </trkpt>
   <trkpt lat="4.8172780" lon="-75.6599860">
    <ele>1519.2</ele>
   </trkpt>
   <trkpt lat="4.8172980" lon="-75.6599900">
    <ele>1519.2</ele>
   </trkpt>
   <trkpt lat="4.8173170" lon="-75.6599940">
    <ele>1519.2</ele>
   </trkpt>
   <trkpt lat="4.8173330" lon="-75.6599980">
    <ele>1519.2</ele>
   </trkpt>
   <trkpt lat="4.8173480" lon="-75.6600020">
    <ele>1519.2</ele>
   </trkpt>
   <trkpt lat="4.8173620" lon="-75.6600060">
    <ele>1519.2</ele>
   </trkpt>
   <trkpt lat="4.8173760" lon="-75.6600100">
    <ele>1519.2</ele>
   </trkpt>
   <trkpt lat="4.8173910" lon="-75.6600150">
    <ele>1519.3</ele>
   </trkpt>
   <trkpt lat="4.8174070" lon="-75.6600200">
    <ele>1519.3</ele>
   </trkpt>
   <trkpt lat="4.8174240" lon="-75.6600250">
    <ele>1519.3</ele>
   </trkpt>
   <trkpt lat="4.8174420" lon="-75.6600300">
    <ele>1519.3</ele>
   </trkpt>
   <trkpt lat="4.8174600" lon="-75.6600360">
    <ele>1519.3</ele>
   </trkpt>
   <trkpt lat="4.8174800" lon="-75.6600420">
    <ele>1519.4</ele>
   </trkpt>
   <trkpt lat="4.8175000" lon="-75.6600490">
    <ele>1519.4</ele>
   </trkpt>
   <trkpt lat="4.8175200" lon="-75.6600570">
    <ele>1519.5</ele>
   </trkpt>
   <trkpt lat="4.8175400" lon="-75.6600640">
    <ele>1519.5</ele>
   </trkpt>
   <trkpt lat="4.8175600" lon="-75.6600710">
    <ele>1519.6</ele>
   </trkpt>
   <trkpt lat="4.8175800" lon="-75.6600780">
    <ele>1519.6</ele>
   </trkpt>
   <trkpt lat="4.8175980" lon="-75.6600840">
    <ele>1519.7</ele>
   </trkpt>
   <trkpt lat="4.8176160" lon="-75.6600910">
    <ele>1519.8</ele>
   </trkpt>
   <trkpt lat="4.8176340" lon="-75.6600970">
    <ele>1519.8</ele>
   </trkpt>
   <trkpt lat="4.8176510" lon="-75.6601030">
    <ele>1519.9</ele>
   </trkpt>
   <trkpt lat="4.8176680" lon="-75.6601100">
    <ele>1520.0</ele>
   </trkpt>
   <trkpt lat="4.8176840" lon="-75.6601170">
    <ele>1520.1</ele>
   </trkpt>
   <trkpt lat="4.8177010" lon="-75.6601240">
    <ele>1520.2</ele>
   </trkpt>
   <trkpt lat="4.8177170" lon="-75.6601320">
    <ele>1520.3</ele>
   </trkpt>
   <trkpt lat="4.8177330" lon="-75.6601390">
    <ele>1520.4</ele>
   </trkpt>
   <trkpt lat="4.8177490" lon="-75.6601470">
    <ele>1520.5</ele>
   </trkpt>
   <trkpt lat="4.8177650" lon="-75.6601550">
    <ele>1520.6</ele>
   </trkpt>
   <trkpt lat="4.8177800" lon="-75.6601640">
    <ele>1520.7</ele>
   </trkpt>
   <trkpt lat="4.8177950" lon="-75.6601720">
    <ele>1520.8</ele>
   </trkpt>
   <trkpt lat="4.8178110" lon="-75.6601820">
    <ele>1520.9</ele>
   </trkpt>
   <trkpt lat="4.8178260" lon="-75.6601930">
    <ele>1521.1</ele>
   </trkpt>
   <trkpt lat="4.8178420" lon="-75.6602030">
    <ele>1521.2</ele>
   </trkpt>
   <trkpt lat="4.8178570" lon="-75.6602130">
    <ele>1521.3</ele>
   </trkpt>
   <trkpt lat="4.8178730" lon="-75.6602230">
    <ele>1521.4</ele>
   </trkpt>
   <trkpt lat="4.8178880" lon="-75.6602330">
    <ele>1521.6</ele>
   </trkpt>
   <trkpt lat="4.8179010" lon="-75.6602420">
    <ele>1521.7</ele>
   </trkpt>
   <trkpt lat="4.8179140" lon="-75.6602510">
    <ele>1521.8</ele>
   </trkpt>
   <trkpt lat="4.8179270" lon="-75.6602590">
    <ele>1521.9</ele>
   </trkpt>
   <trkpt lat="4.8179400" lon="-75.6602650">
    <ele>1521.9</ele>
   </trkpt>
   <trkpt lat="4.8179530" lon="-75.6602720">
    <ele>1522.0</ele>
   </trkpt>
   <trkpt lat="4.8179660" lon="-75.6602800">
    <ele>1522.0</ele>
   </trkpt>
   <trkpt lat="4.8179770" lon="-75.6602860">
    <ele>1522.1</ele>
   </trkpt>
   <trkpt lat="4.8179880" lon="-75.6602940">
    <ele>1522.3</ele>
   </trkpt>
   <trkpt lat="4.8179990" lon="-75.6603010">
    <ele>1522.4</ele>
   </trkpt>
   <trkpt lat="4.8180090" lon="-75.6603070">
    <ele>1522.5</ele>
   </trkpt>
   <trkpt lat="4.8180190" lon="-75.6603140">
    <ele>1522.6</ele>
   </trkpt>
   <trkpt lat="4.8180300" lon="-75.6603220">
    <ele>1522.7</ele>
   </trkpt>
   <trkpt lat="4.8180420" lon="-75.6603300">
    <ele>1522.8</ele>
   </trkpt>
   <trkpt lat="4.8180540" lon="-75.6603410">
    <ele>1522.9</ele>
   </trkpt>
   <trkpt lat="4.8180680" lon="-75.6603530">
    <ele>1523.1</ele>
   </trkpt>
   <trkpt lat="4.8180810" lon="-75.6603650">
    <ele>1523.2</ele>
   </trkpt>
   <trkpt lat="4.8180920" lon="-75.6603770">
    <ele>1523.3</ele>
   </trkpt>
   <trkpt lat="4.8181030" lon="-75.6603920">
    <ele>1523.4</ele>
   </trkpt>
   <trkpt lat="4.8181140" lon="-75.6604080">
    <ele>1523.5</ele>
   </trkpt>
   <trkpt lat="4.8181250" lon="-75.6604240">
    <ele>1523.6</ele>
   </trkpt>
   <trkpt lat="4.8181380" lon="-75.6604390">
    <ele>1523.7</ele>
   </trkpt>
   <trkpt lat="4.8181490" lon="-75.6604520">
    <ele>1523.8</ele>
   </trkpt>
   <trkpt lat="4.8181610" lon="-75.6604660">
    <ele>1523.9</ele>
   </trkpt>
   <trkpt lat="4.8181720" lon="-75.6604800">
    <ele>1524.0</ele>
   </trkpt>
   <trkpt lat="4.8181850" lon="-75.6604960">
    <ele>1524.1</ele>
   </trkpt>
   <trkpt lat="4.8181970" lon="-75.6605110">
    <ele>1524.2</ele>
   </trkpt>
   <trkpt lat="4.8182090" lon="-75.6605260">
    <ele>1524.2</ele>
   </trkpt>
   <trkpt lat="4.8182210" lon="-75.6605410">
    <ele>1524.3</ele>
   </trkpt>
   <trkpt lat="4.8182330" lon="-75.6605560">
    <ele>1524.4</ele>
   </trkpt>
   <trkpt lat="4.8182460" lon="-75.6605710">
    <ele>1524.5</ele>
   </trkpt>
   <trkpt lat="4.8182580" lon="-75.6605850">
    <ele>1524.5</ele>
   </trkpt>
   <trkpt lat="4.8182700" lon="-75.6606000">
    <ele>1524.6</ele>
   </trkpt>
   <trkpt lat="4.8182820" lon="-75.6606160">
    <ele>1524.7</ele>
   </trkpt>
   <trkpt lat="4.8182920" lon="-75.6606320">
    <ele>1524.8</ele>
   </trkpt>
   <trkpt lat="4.8183020" lon="-75.6606480">
    <ele>1524.8</ele>
   </trkpt>
   <trkpt lat="4.8183120" lon="-75.6606640">
    <ele>1524.9</ele>
   </trkpt>
   <trkpt lat="4.8183210" lon="-75.6606810">
    <ele>1525.0</ele>
   </trkpt>
   <trkpt lat="4.8183310" lon="-75.6606970">
    <ele>1525.0</ele>
   </trkpt>
   <trkpt lat="4.8183400" lon="-75.6607140">
    <ele>1525.1</ele>
   </trkpt>
   <trkpt lat="4.8183490" lon="-75.6607310">
    <ele>1525.2</ele>
   </trkpt>
   <trkpt lat="4.8183580" lon="-75.6607470">
    <ele>1525.3</ele>
   </trkpt>
   <trkpt lat="4.8183670" lon="-75.6607630">
    <ele>1525.3</ele>
   </trkpt>
   <trkpt lat="4.8183760" lon="-75.6607800">
    <ele>1525.4</ele>
   </trkpt>
   <trkpt lat="4.8183850" lon="-75.6607970">
    <ele>1525.5</ele>
   </trkpt>
   <trkpt lat="4.8183950" lon="-75.6608140">
    <ele>1525.6</ele>
   </trkpt>
   <trkpt lat="4.8184050" lon="-75.6608320">
    <ele>1525.7</ele>
   </trkpt>
   <trkpt lat="4.8184150" lon="-75.6608500">
    <ele>1525.7</ele>
   </trkpt>
   <trkpt lat="4.8184260" lon="-75.6608670">
    <ele>1525.8</ele>
   </trkpt>
   <trkpt lat="4.8184370" lon="-75.6608850">
    <ele>1525.9</ele>
   </trkpt>
   <trkpt lat="4.8184470" lon="-75.6609020">
    <ele>1526.0</ele>
   </trkpt>
   <trkpt lat="4.8184580" lon="-75.6609190">
    <ele>1526.1</ele>
   </trkpt>
   <trkpt lat="4.8184680" lon="-75.6609360">
    <ele>1526.2</ele>
   </trkpt>
   <trkpt lat="4.8184780" lon="-75.6609510">
    <ele>1526.3</ele>
   </trkpt>
   <trkpt lat="4.8184880" lon="-75.6609650">
    <ele>1526.4</ele>
   </trkpt>
   <trkpt lat="4.8184960" lon="-75.6609760">
    <ele>1526.5</ele>
   </trkpt>
   <trkpt lat="4.8185050" lon="-75.6609870">
    <ele>1526.5</ele>
   </trkpt>
   <trkpt lat="4.8185150" lon="-75.6609970">
    <ele>1526.6</ele>
   </trkpt>
   <trkpt lat="4.8185260" lon="-75.6610090">
    <ele>1526.7</ele>
   </trkpt>
   <trkpt lat="4.8185390" lon="-75.6610230">
    <ele>1526.9</ele>
   </trkpt>
   <trkpt lat="4.8185530" lon="-75.6610380">
    <ele>1527.0</ele>
   </trkpt>
   <trkpt lat="4.8185690" lon="-75.6610530">
    <ele>1527.1</ele>
   </trkpt>
   <trkpt lat="4.8185850" lon="-75.6610670">
    <ele>1527.3</ele>
   </trkpt>
   <trkpt lat="4.8186020" lon="-75.6610790">
    <ele>1527.4</ele>
   </trkpt>
   <trkpt lat="4.8186170" lon="-75.6610880">
    <ele>1527.6</ele>
   </trkpt>
   <trkpt lat="4.8186320" lon="-75.6610960">
    <ele>1527.7</ele>
   </trkpt>
   <trkpt lat="4.8186460" lon="-75.6611050">
    <ele>1527.8</ele>
   </trkpt>
   <trkpt lat="4.8186600" lon="-75.6611150">
    <ele>1527.9</ele>
   </trkpt>
   <trkpt lat="4.8186730" lon="-75.6611240">
    <ele>1528.0</ele>
   </trkpt>
   <trkpt lat="4.8186860" lon="-75.6611330">
    <ele>1528.2</ele>
   </trkpt>
   <trkpt lat="4.8186990" lon="-75.6611430">
    <ele>1528.3</ele>
   </trkpt>
   <trkpt lat="4.8187130" lon="-75.6611520">
    <ele>1528.4</ele>
   </trkpt>
   <trkpt lat="4.8187260" lon="-75.6611600">
    <ele>1528.5</ele>
   </trkpt>
   <trkpt lat="4.8187410" lon="-75.6611700">
    <ele>1528.6</ele>
   </trkpt>
   <trkpt lat="4.8187570" lon="-75.6611790">
    <ele>1528.7</ele>
   </trkpt>
   <trkpt lat="4.8187730" lon="-75.6611900">
    <ele>1528.9</ele>
   </trkpt>
   <trkpt lat="4.8187900" lon="-75.6611990">
    <ele>1529.0</ele>
   </trkpt>
   <trkpt lat="4.8188040" lon="-75.6612080">
    <ele>1529.1</ele>
   </trkpt>
   <trkpt lat="4.8188190" lon="-75.6612170">
    <ele>1529.2</ele>
   </trkpt>
   <trkpt lat="4.8188330" lon="-75.6612250">
    <ele>1529.3</ele>
   </trkpt>
   <trkpt lat="4.8188470" lon="-75.6612330">
    <ele>1529.3</ele>
   </trkpt>
   <trkpt lat="4.8188620" lon="-75.6612420">
    <ele>1529.4</ele>
   </trkpt>
   <trkpt lat="4.8188770" lon="-75.6612500">
    <ele>1529.5</ele>
   </trkpt>
   <trkpt lat="4.8188930" lon="-75.6612590">
    <ele>1529.6</ele>
   </trkpt>
   <trkpt lat="4.8189090" lon="-75.6612680">
    <ele>1529.6</ele>
   </trkpt>
   <trkpt lat="4.8189270" lon="-75.6612780">
    <ele>1529.7</ele>
   </trkpt>
   <trkpt lat="4.8189450" lon="-75.6612890">
    <ele>1529.7</ele>
   </trkpt>
   <trkpt lat="4.8189630" lon="-75.6612990">
    <ele>1529.7</ele>
   </trkpt>
   <trkpt lat="4.8189810" lon="-75.6613100">
    <ele>1529.8</ele>
   </trkpt>
   <trkpt lat="4.8190000" lon="-75.6613210">
    <ele>1529.8</ele>
   </trkpt>
   <trkpt lat="4.8190190" lon="-75.6613330">
    <ele>1529.9</ele>
   </trkpt>
   <trkpt lat="4.8190380" lon="-75.6613440">
    <ele>1529.9</ele>
   </trkpt>
   <trkpt lat="4.8190570" lon="-75.6613560">
    <ele>1529.9</ele>
   </trkpt>
   <trkpt lat="4.8190750" lon="-75.6613660">
    <ele>1529.9</ele>
   </trkpt>
   <trkpt lat="4.8190920" lon="-75.6613770">
    <ele>1530.0</ele>
   </trkpt>
   <trkpt lat="4.8191090" lon="-75.6613870">
    <ele>1530.0</ele>
   </trkpt>
   <trkpt lat="4.8191270" lon="-75.6613980">
    <ele>1530.0</ele>
   </trkpt>
   <trkpt lat="4.8191460" lon="-75.6614100">
    <ele>1530.0</ele>
   </trkpt>
   <trkpt lat="4.8191650" lon="-75.6614210">
    <ele>1530.0</ele>
   </trkpt>
   <trkpt lat="4.8191830" lon="-75.6614330">
    <ele>1530.0</ele>
   </trkpt>
   <trkpt lat="4.8192010" lon="-75.6614440">
    <ele>1530.0</ele>
   </trkpt>
   <trkpt lat="4.8192190" lon="-75.6614550">
    <ele>1530.0</ele>
   </trkpt>
   <trkpt lat="4.8192370" lon="-75.6614660">
    <ele>1530.0</ele>
   </trkpt>
   <trkpt lat="4.8192540" lon="-75.6614770">
    <ele>1530.0</ele>
   </trkpt>
   <trkpt lat="4.8192720" lon="-75.6614880">
    <ele>1530.0</ele>
   </trkpt>
   <trkpt lat="4.8192900" lon="-75.6614990">
    <ele>1530.0</ele>
   </trkpt>
   <trkpt lat="4.8193070" lon="-75.6615100">
    <ele>1529.9</ele>
   </trkpt>
   <trkpt lat="4.8193230" lon="-75.6615210">
    <ele>1529.9</ele>
   </trkpt>
   <trkpt lat="4.8193390" lon="-75.6615310">
    <ele>1529.9</ele>
   </trkpt>
   <trkpt lat="4.8193520" lon="-75.6615400">
    <ele>1529.9</ele>
   </trkpt>
   <trkpt lat="4.8193650" lon="-75.6615490">
    <ele>1529.9</ele>
   </trkpt>
   <trkpt lat="4.8193780" lon="-75.6615580">
    <ele>1529.8</ele>
   </trkpt>
   <trkpt lat="4.8193930" lon="-75.6615690">
    <ele>1529.8</ele>
   </trkpt>
   <trkpt lat="4.8194090" lon="-75.6615790">
    <ele>1529.8</ele>
   </trkpt>
   <trkpt lat="4.8194250" lon="-75.6615910">
    <ele>1529.8</ele>
   </trkpt>
   <trkpt lat="4.8194420" lon="-75.6616020">
    <ele>1529.7</ele>
   </trkpt>
   <trkpt lat="4.8194600" lon="-75.6616150">
    <ele>1529.7</ele>
   </trkpt>
   <trkpt lat="4.8194770" lon="-75.6616270">
    <ele>1529.6</ele>
   </trkpt>
   <trkpt lat="4.8194950" lon="-75.6616390">
    <ele>1529.6</ele>
   </trkpt>
   <trkpt lat="4.8195120" lon="-75.6616520">
    <ele>1529.5</ele>
   </trkpt>
   <trkpt lat="4.8195290" lon="-75.6616640">
    <ele>1529.5</ele>
   </trkpt>
   <trkpt lat="4.8195450" lon="-75.6616750">
    <ele>1529.5</ele>
   </trkpt>
   <trkpt lat="4.8195620" lon="-75.6616860">
    <ele>1529.4</ele>
   </trkpt>
   <trkpt lat="4.8195790" lon="-75.6616970">
    <ele>1529.4</ele>
   </trkpt>
   <trkpt lat="4.8195980" lon="-75.6617080">
    <ele>1529.3</ele>
   </trkpt>
   <trkpt lat="4.8196170" lon="-75.6617200">
    <ele>1529.3</ele>
   </trkpt>
   <trkpt lat="4.8196360" lon="-75.6617310">
    <ele>1529.3</ele>
   </trkpt>
   <trkpt lat="4.8196580" lon="-75.6617440">
    <ele>1529.2</ele>
   </trkpt>
   <trkpt lat="4.8196790" lon="-75.6617560">
    <ele>1529.2</ele>
   </trkpt>
   <trkpt lat="4.8197010" lon="-75.6617690">
    <ele>1529.1</ele>
   </trkpt>
   <trkpt lat="4.8197240" lon="-75.6617810">
    <ele>1529.1</ele>
   </trkpt>
   <trkpt lat="4.8197440" lon="-75.6617930">
    <ele>1529.1</ele>
   </trkpt>
   <trkpt lat="4.8197640" lon="-75.6618030">
    <ele>1529.0</ele>
   </trkpt>
   <trkpt lat="4.8197830" lon="-75.6618140">
    <ele>1529.0</ele>
   </trkpt>
   <trkpt lat="4.8198020" lon="-75.6618250">
    <ele>1529.0</ele>
   </trkpt>
   <trkpt lat="4.8198210" lon="-75.6618350">
    <ele>1529.0</ele>
   </trkpt>
   <trkpt lat="4.8198390" lon="-75.6618450">
    <ele>1529.0</ele>
   </trkpt>
   <trkpt lat="4.8198570" lon="-75.6618550">
    <ele>1529.0</ele>
   </trkpt>
   <trkpt lat="4.8198750" lon="-75.6618650">
    <ele>1529.0</ele>
   </trkpt>
   <trkpt lat="4.8198920" lon="-75.6618740">
    <ele>1529.0</ele>
   </trkpt>
   <trkpt lat="4.8199100" lon="-75.6618840">
    <ele>1529.0</ele>
   </trkpt>
   <trkpt lat="4.8199290" lon="-75.6618930">
    <ele>1529.0</ele>
   </trkpt>
   <trkpt lat="4.8199480" lon="-75.6619020">
    <ele>1529.0</ele>
   </trkpt>
   <trkpt lat="4.8199670" lon="-75.6619110">
    <ele>1529.0</ele>
   </trkpt>
   <trkpt lat="4.8199870" lon="-75.6619220">
    <ele>1529.0</ele>
   </trkpt>
   <trkpt lat="4.8200080" lon="-75.6619340">
    <ele>1529.1</ele>
   </trkpt>
   <trkpt lat="4.8200280" lon="-75.6619460">
    <ele>1529.1</ele>
   </trkpt>
   <trkpt lat="4.8200490" lon="-75.6619580">
    <ele>1529.1</ele>
   </trkpt>
   <trkpt lat="4.8200680" lon="-75.6619700">
    <ele>1529.1</ele>
   </trkpt>
   <trkpt lat="4.8200860" lon="-75.6619800">
    <ele>1529.1</ele>
   </trkpt>
   <trkpt lat="4.8201020" lon="-75.6619900">
    <ele>1529.1</ele>
   </trkpt>
   <trkpt lat="4.8201190" lon="-75.6619990">
    <ele>1529.1</ele>
   </trkpt>
   <trkpt lat="4.8201360" lon="-75.6620080">
    <ele>1529.2</ele>
   </trkpt>
   <trkpt lat="4.8201530" lon="-75.6620180">
    <ele>1529.2</ele>
   </trkpt>
   <trkpt lat="4.8201730" lon="-75.6620280">
    <ele>1529.2</ele>
   </trkpt>
   <trkpt lat="4.8201940" lon="-75.6620380">
    <ele>1529.3</ele>
   </trkpt>
   <trkpt lat="4.8202150" lon="-75.6620490">
    <ele>1529.3</ele>
   </trkpt>
   <trkpt lat="4.8202360" lon="-75.6620580">
    <ele>1529.4</ele>
   </trkpt>
   <trkpt lat="4.8202560" lon="-75.6620670">
    <ele>1529.4</ele>
   </trkpt>
   <trkpt lat="4.8202750" lon="-75.6620760">
    <ele>1529.5</ele>
   </trkpt>
   <trkpt lat="4.8202940" lon="-75.6620840">
    <ele>1529.6</ele>
   </trkpt>
   <trkpt lat="4.8203130" lon="-75.6620920">
    <ele>1529.6</ele>
   </trkpt>
   <trkpt lat="4.8203330" lon="-75.6621010">
    <ele>1529.7</ele>
   </trkpt>
   <trkpt lat="4.8203520" lon="-75.6621090">
    <ele>1529.7</ele>
   </trkpt>
   <trkpt lat="4.8203710" lon="-75.6621170">
    <ele>1529.8</ele>
   </trkpt>
   <trkpt lat="4.8203890" lon="-75.6621260">
    <ele>1529.8</ele>
   </trkpt>
   <trkpt lat="4.8204060" lon="-75.6621350">
    <ele>1529.9</ele>
   </trkpt>
   <trkpt lat="4.8204250" lon="-75.6621430">
    <ele>1529.9</ele>
   </trkpt>
   <trkpt lat="4.8204440" lon="-75.6621520">
    <ele>1529.9</ele>
   </trkpt>
   <trkpt lat="4.8204630" lon="-75.6621600">
    <ele>1530.0</ele>
   </trkpt>
   <trkpt lat="4.8204830" lon="-75.6621680">
    <ele>1530.0</ele>
   </trkpt>
   <trkpt lat="4.8205020" lon="-75.6621780">
    <ele>1530.0</ele>
   </trkpt>
   <trkpt lat="4.8205200" lon="-75.6621870">
    <ele>1530.1</ele>
   </trkpt>
   <trkpt lat="4.8205380" lon="-75.6621960">
    <ele>1530.1</ele>
   </trkpt>
   <trkpt lat="4.8205540" lon="-75.6622040">
    <ele>1530.1</ele>
   </trkpt>
   <trkpt lat="4.8205700" lon="-75.6622110">
    <ele>1530.1</ele>
   </trkpt>
   <trkpt lat="4.8205860" lon="-75.6622190">
    <ele>1530.2</ele>
   </trkpt>
   <trkpt lat="4.8206040" lon="-75.6622270">
    <ele>1530.2</ele>
   </trkpt>
   <trkpt lat="4.8206240" lon="-75.6622370">
    <ele>1530.2</ele>
   </trkpt>
   <trkpt lat="4.8206450" lon="-75.6622470">
    <ele>1530.2</ele>
   </trkpt>
   <trkpt lat="4.8206660" lon="-75.6622580">
    <ele>1530.2</ele>
   </trkpt>
   <trkpt lat="4.8206870" lon="-75.6622680">
    <ele>1530.2</ele>
   </trkpt>
   <trkpt lat="4.8207080" lon="-75.6622790">
    <ele>1530.1</ele>
   </trkpt>
   <trkpt lat="4.8207290" lon="-75.6622900">
    <ele>1530.1</ele>
   </trkpt>
   <trkpt lat="4.8207500" lon="-75.6623000">
    <ele>1530.1</ele>
   </trkpt>
   <trkpt lat="4.8207700" lon="-75.6623120">
    <ele>1530.0</ele>
   </trkpt>
   <trkpt lat="4.8207890" lon="-75.6623230">
    <ele>1530.0</ele>
   </trkpt>
   <trkpt lat="4.8208070" lon="-75.6623330">
    <ele>1529.9</ele>
   </trkpt>
   <trkpt lat="4.8208250" lon="-75.6623430">
    <ele>1529.8</ele>
   </trkpt>
   <trkpt lat="4.8208420" lon="-75.6623510">
    <ele>1529.8</ele>
   </trkpt>
   <trkpt lat="4.8208590" lon="-75.6623590">
    <ele>1529.7</ele>
   </trkpt>
   <trkpt lat="4.8208760" lon="-75.6623670">
    <ele>1529.6</ele>
   </trkpt>
   <trkpt lat="4.8208930" lon="-75.6623750">
    <ele>1529.5</ele>
   </trkpt>
   <trkpt lat="4.8209110" lon="-75.6623840">
    <ele>1529.4</ele>
   </trkpt>
   <trkpt lat="4.8209300" lon="-75.6623930">
    <ele>1529.3</ele>
   </trkpt>
   <trkpt lat="4.8209520" lon="-75.6624030">
    <ele>1529.2</ele>
   </trkpt>
   <trkpt lat="4.8209730" lon="-75.6624140">
    <ele>1529.0</ele>
   </trkpt>
   <trkpt lat="4.8209950" lon="-75.6624240">
    <ele>1528.9</ele>
   </trkpt>
   <trkpt lat="4.8210160" lon="-75.6624340">
    <ele>1528.8</ele>
   </trkpt>
   <trkpt lat="4.8210380" lon="-75.6624450">
    <ele>1528.7</ele>
   </trkpt>
   <trkpt lat="4.8210590" lon="-75.6624550">
    <ele>1528.5</ele>
   </trkpt>
   <trkpt lat="4.8210810" lon="-75.6624650">
    <ele>1528.4</ele>
   </trkpt>
   <trkpt lat="4.8211020" lon="-75.6624740">
    <ele>1528.3</ele>
   </trkpt>
   <trkpt lat="4.8211230" lon="-75.6624840">
    <ele>1528.2</ele>
   </trkpt>
   <trkpt lat="4.8211430" lon="-75.6624930">
    <ele>1528.1</ele>
   </trkpt>
   <trkpt lat="4.8211630" lon="-75.6625020">
    <ele>1528.0</ele>
   </trkpt>
   <trkpt lat="4.8211820" lon="-75.6625100">
    <ele>1527.9</ele>
   </trkpt>
   <trkpt lat="4.8212000" lon="-75.6625180">
    <ele>1527.8</ele>
   </trkpt>
   <trkpt lat="4.8212180" lon="-75.6625250">
    <ele>1527.7</ele>
   </trkpt>
   <trkpt lat="4.8212340" lon="-75.6625310">
    <ele>1527.7</ele>
   </trkpt>
   <trkpt lat="4.8212520" lon="-75.6625390">
    <ele>1527.7</ele>
   </trkpt>
   <trkpt lat="4.8212710" lon="-75.6625460">
    <ele>1527.8</ele>
   </trkpt>
   <trkpt lat="4.8212910" lon="-75.6625550">
    <ele>1527.8</ele>
   </trkpt>
   <trkpt lat="4.8213120" lon="-75.6625640">
    <ele>1527.8</ele>
   </trkpt>
   <trkpt lat="4.8213340" lon="-75.6625730">
    <ele>1527.8</ele>
   </trkpt>
   <trkpt lat="4.8213550" lon="-75.6625810">
    <ele>1527.9</ele>
   </trkpt>
   <trkpt lat="4.8213760" lon="-75.6625900">
    <ele>1527.9</ele>
   </trkpt>
   <trkpt lat="4.8213970" lon="-75.6625990">
    <ele>1527.9</ele>
   </trkpt>
   <trkpt lat="4.8214170" lon="-75.6626080">
    <ele>1527.9</ele>
   </trkpt>
   <trkpt lat="4.8214380" lon="-75.6626170">
    <ele>1528.0</ele>
   </trkpt>
   <trkpt lat="4.8214590" lon="-75.6626260">
    <ele>1528.0</ele>
   </trkpt>
   <trkpt lat="4.8214780" lon="-75.6626350">
    <ele>1528.0</ele>
   </trkpt>
   <trkpt lat="4.8214980" lon="-75.6626430">
    <ele>1528.0</ele>
   </trkpt>
   <trkpt lat="4.8215170" lon="-75.6626520">
    <ele>1528.0</ele>
   </trkpt>
   <trkpt lat="4.8215370" lon="-75.6626610">
    <ele>1528.0</ele>
   </trkpt>
   <trkpt lat="4.8215580" lon="-75.6626710">
    <ele>1528.0</ele>
   </trkpt>
   <trkpt lat="4.8215790" lon="-75.6626810">
    <ele>1528.0</ele>
   </trkpt>
   <trkpt lat="4.8216010" lon="-75.6626910">
    <ele>1528.0</ele>
   </trkpt>
   <trkpt lat="4.8216220" lon="-75.6627010">
    <ele>1528.0</ele>
   </trkpt>
   <trkpt lat="4.8216440" lon="-75.6627110">
    <ele>1528.0</ele>
   </trkpt>
   <trkpt lat="4.8216650" lon="-75.6627220">
    <ele>1527.9</ele>
   </trkpt>
   <trkpt lat="4.8216870" lon="-75.6627320">
    <ele>1527.9</ele>
   </trkpt>
   <trkpt lat="4.8217070" lon="-75.6627420">
    <ele>1527.8</ele>
   </trkpt>
   <trkpt lat="4.8217270" lon="-75.6627510">
    <ele>1527.8</ele>
   </trkpt>
   <trkpt lat="4.8217440" lon="-75.6627600">
    <ele>1527.7</ele>
   </trkpt>
   <trkpt lat="4.8217590" lon="-75.6627670">
    <ele>1527.6</ele>
   </trkpt>
   <trkpt lat="4.8217730" lon="-75.6627740">
    <ele>1527.6</ele>
   </trkpt>
   <trkpt lat="4.8217860" lon="-75.6627800">
    <ele>1527.5</ele>
   </trkpt>
   <trkpt lat="4.8218000" lon="-75.6627860">
    <ele>1527.5</ele>
   </trkpt>
   <trkpt lat="4.8218170" lon="-75.6627940">
    <ele>1527.4</ele>
   </trkpt>
   <trkpt lat="4.8218370" lon="-75.6628030">
    <ele>1527.3</ele>
   </trkpt>
   <trkpt lat="4.8218590" lon="-75.6628130">
    <ele>1527.2</ele>
   </trkpt>
   <trkpt lat="4.8218810" lon="-75.6628230">
    <ele>1527.1</ele>
   </trkpt>
   <trkpt lat="4.8219030" lon="-75.6628330">
    <ele>1526.9</ele>
   </trkpt>
   <trkpt lat="4.8219240" lon="-75.6628440">
    <ele>1526.8</ele>
   </trkpt>
   <trkpt lat="4.8219450" lon="-75.6628540">
    <ele>1526.7</ele>
   </trkpt>
   <trkpt lat="4.8219660" lon="-75.6628640">
    <ele>1526.6</ele>
   </trkpt>
   <trkpt lat="4.8219870" lon="-75.6628740">
    <ele>1526.4</ele>
   </trkpt>
   <trkpt lat="4.8220070" lon="-75.6628840">
    <ele>1526.3</ele>
   </trkpt>
   <trkpt lat="4.8220270" lon="-75.6628930">
    <ele>1526.2</ele>
   </trkpt>
   <trkpt lat="4.8220470" lon="-75.6629030">
    <ele>1526.1</ele>
   </trkpt>
   <trkpt lat="4.8220660" lon="-75.6629130">
    <ele>1526.0</ele>
   </trkpt>
   <trkpt lat="4.8220860" lon="-75.6629230">
    <ele>1525.9</ele>
   </trkpt>
   <trkpt lat="4.8221040" lon="-75.6629330">
    <ele>1525.8</ele>
   </trkpt>
   <trkpt lat="4.8221230" lon="-75.6629430">
    <ele>1525.7</ele>
   </trkpt>
   <trkpt lat="4.8221430" lon="-75.6629540">
    <ele>1525.6</ele>
   </trkpt>
   <trkpt lat="4.8221620" lon="-75.6629640">
    <ele>1525.5</ele>
   </trkpt>
   <trkpt lat="4.8221820" lon="-75.6629750">
    <ele>1525.4</ele>
   </trkpt>
   <trkpt lat="4.8222020" lon="-75.6629860">
    <ele>1525.3</ele>
   </trkpt>
   <trkpt lat="4.8222210" lon="-75.6629960">
    <ele>1525.2</ele>
   </trkpt>
   <trkpt lat="4.8222410" lon="-75.6630070">
    <ele>1525.1</ele>
   </trkpt>
   <trkpt lat="4.8222600" lon="-75.6630170">
    <ele>1525.0</ele>
   </trkpt>
   <trkpt lat="4.8222790" lon="-75.6630280">
    <ele>1524.9</ele>
   </trkpt>
   <trkpt lat="4.8222980" lon="-75.6630390">
    <ele>1524.8</ele>
   </trkpt>
   <trkpt lat="4.8223170" lon="-75.6630500">
    <ele>1524.7</ele>
   </trkpt>
   <trkpt lat="4.8223350" lon="-75.6630600">
    <ele>1524.6</ele>
   </trkpt>
   <trkpt lat="4.8223540" lon="-75.6630710">
    <ele>1524.5</ele>
   </trkpt>
   <trkpt lat="4.8223720" lon="-75.6630820">
    <ele>1524.4</ele>
   </trkpt>
   <trkpt lat="4.8223900" lon="-75.6630920">
    <ele>1524.4</ele>
   </trkpt>
   <trkpt lat="4.8224080" lon="-75.6631030">
    <ele>1524.3</ele>
   </trkpt>
   <trkpt lat="4.8224260" lon="-75.6631140">
    <ele>1524.2</ele>
   </trkpt>
   <trkpt lat="4.8224440" lon="-75.6631240">
    <ele>1524.1</ele>
   </trkpt>
   <trkpt lat="4.8224620" lon="-75.6631350">
    <ele>1524.1</ele>
   </trkpt>
   <trkpt lat="4.8224790" lon="-75.6631450">
    <ele>1524.0</ele>
   </trkpt>
   <trkpt lat="4.8224970" lon="-75.6631550">
    <ele>1523.9</ele>
   </trkpt>
   <trkpt lat="4.8225140" lon="-75.6631660">
    <ele>1523.8</ele>
   </trkpt>
   <trkpt lat="4.8225320" lon="-75.6631760">
    <ele>1523.8</ele>
   </trkpt>
   <trkpt lat="4.8225500" lon="-75.6631870">
    <ele>1523.7</ele>
   </trkpt>
   <trkpt lat="4.8225690" lon="-75.6631980">
    <ele>1523.6</ele>
   </trkpt>
   <trkpt lat="4.8225870" lon="-75.6632080">
    <ele>1523.5</ele>
   </trkpt>
   <trkpt lat="4.8226050" lon="-75.6632190">
    <ele>1523.5</ele>
   </trkpt>
   <trkpt lat="4.8226240" lon="-75.6632300">
    <ele>1523.4</ele>
   </trkpt>
   <trkpt lat="4.8226430" lon="-75.6632420">
    <ele>1523.3</ele>
   </trkpt>
   <trkpt lat="4.8226610" lon="-75.6632530">
    <ele>1523.2</ele>
   </trkpt>
   <trkpt lat="4.8226800" lon="-75.6632640">
    <ele>1523.1</ele>
   </trkpt>
   <trkpt lat="4.8226990" lon="-75.6632750">
    <ele>1523.0</ele>
   </trkpt>
   <trkpt lat="4.8227180" lon="-75.6632860">
    <ele>1522.9</ele>
   </trkpt>
   <trkpt lat="4.8227370" lon="-75.6632970">
    <ele>1522.8</ele>
   </trkpt>
   <trkpt lat="4.8227560" lon="-75.6633080">
    <ele>1522.7</ele>
   </trkpt>
   <trkpt lat="4.8227760" lon="-75.6633200">
    <ele>1522.6</ele>
   </trkpt>
   <trkpt lat="4.8227950" lon="-75.6633310">
    <ele>1522.5</ele>
   </trkpt>
   <trkpt lat="4.8228150" lon="-75.6633430">
    <ele>1522.3</ele>
   </trkpt>
   <trkpt lat="4.8228350" lon="-75.6633540">
    <ele>1522.2</ele>
   </trkpt>
   <trkpt lat="4.8228540" lon="-75.6633650">
    <ele>1522.1</ele>
   </trkpt>
   <trkpt lat="4.8228730" lon="-75.6633760">
    <ele>1522.0</ele>
   </trkpt>
   <trkpt lat="4.8228900" lon="-75.6633860">
    <ele>1521.9</ele>
   </trkpt>
   <trkpt lat="4.8229080" lon="-75.6633960">
    <ele>1521.8</ele>
   </trkpt>
   <trkpt lat="4.8229260" lon="-75.6634050">
    <ele>1521.7</ele>
   </trkpt>
   <trkpt lat="4.8229440" lon="-75.6634150">
    <ele>1521.6</ele>
   </trkpt>
   <trkpt lat="4.8229620" lon="-75.6634260">
    <ele>1521.5</ele>
   </trkpt>
   <trkpt lat="4.8229800" lon="-75.6634360">
    <ele>1521.4</ele>
   </trkpt>
   <trkpt lat="4.8229970" lon="-75.6634470">
    <ele>1521.3</ele>
   </trkpt>
   <trkpt lat="4.8230150" lon="-75.6634580">
    <ele>1521.2</ele>
   </trkpt>
   <trkpt lat="4.8230340" lon="-75.6634680">
    <ele>1521.1</ele>
   </trkpt>
   <trkpt lat="4.8230530" lon="-75.6634780">
    <ele>1521.0</ele>
   </trkpt>
   <trkpt lat="4.8230740" lon="-75.6634890">
    <ele>1520.9</ele>
   </trkpt>
   <trkpt lat="4.8230940" lon="-75.6635000">
    <ele>1520.9</ele>
   </trkpt>
   <trkpt lat="4.8231130" lon="-75.6635100">
    <ele>1520.8</ele>
   </trkpt>
   <trkpt lat="4.8231320" lon="-75.6635200">
    <ele>1520.7</ele>
   </trkpt>
   <trkpt lat="4.8231490" lon="-75.6635300">
    <ele>1520.6</ele>
   </trkpt>
   <trkpt lat="4.8231660" lon="-75.6635390">
    <ele>1520.6</ele>
   </trkpt>
   <trkpt lat="4.8231840" lon="-75.6635490">
    <ele>1520.5</ele>
   </trkpt>
   <trkpt lat="4.8232010" lon="-75.6635590">
    <ele>1520.4</ele>
   </trkpt>
   <trkpt lat="4.8232170" lon="-75.6635690">
    <ele>1520.4</ele>
   </trkpt>
   <trkpt lat="4.8232340" lon="-75.6635780">
    <ele>1520.3</ele>
   </trkpt>
   <trkpt lat="4.8232510" lon="-75.6635870">
    <ele>1520.2</ele>
   </trkpt>
   <trkpt lat="4.8232670" lon="-75.6635970">
    <ele>1520.2</ele>
   </trkpt>
   <trkpt lat="4.8232840" lon="-75.6636060">
    <ele>1520.1</ele>
   </trkpt>
   <trkpt lat="4.8233020" lon="-75.6636160">
    <ele>1520.0</ele>
   </trkpt>
   <trkpt lat="4.8233200" lon="-75.6636260">
    <ele>1519.9</ele>
   </trkpt>
   <trkpt lat="4.8233400" lon="-75.6636370">
    <ele>1519.8</ele>
   </trkpt>
   <trkpt lat="4.8233600" lon="-75.6636480">
    <ele>1519.7</ele>
   </trkpt>
   <trkpt lat="4.8233800" lon="-75.6636580">
    <ele>1519.7</ele>
   </trkpt>
   <trkpt lat="4.8233990" lon="-75.6636680">
    <ele>1519.6</ele>
   </trkpt>
   <trkpt lat="4.8234190" lon="-75.6636780">
    <ele>1519.5</ele>
   </trkpt>
   <trkpt lat="4.8234380" lon="-75.6636880">
    <ele>1519.4</ele>
   </trkpt>
   <trkpt lat="4.8234580" lon="-75.6636970">
    <ele>1519.3</ele>
   </trkpt>
   <trkpt lat="4.8234770" lon="-75.6637070">
    <ele>1519.2</ele>
   </trkpt>
   <trkpt lat="4.8234960" lon="-75.6637180">
    <ele>1519.0</ele>
   </trkpt>
   <trkpt lat="4.8235160" lon="-75.6637290">
    <ele>1518.9</ele>
   </trkpt>
   <trkpt lat="4.8235350" lon="-75.6637410">
    <ele>1518.8</ele>
   </trkpt>
   <trkpt lat="4.8235540" lon="-75.6637520">
    <ele>1518.6</ele>
   </trkpt>
   <trkpt lat="4.8235730" lon="-75.6637630">
    <ele>1518.4</ele>
   </trkpt>
   <trkpt lat="4.8235920" lon="-75.6637750">
    <ele>1518.2</ele>
   </trkpt>
   <trkpt lat="4.8236110" lon="-75.6637870">
    <ele>1518.0</ele>
   </trkpt>
   <trkpt lat="4.8236290" lon="-75.6637980">
    <ele>1517.8</ele>
   </trkpt>
   <trkpt lat="4.8236480" lon="-75.6638100">
    <ele>1517.5</ele>
   </trkpt>
   <trkpt lat="4.8236650" lon="-75.6638220">
    <ele>1517.3</ele>
   </trkpt>
   <trkpt lat="4.8236820" lon="-75.6638330">
    <ele>1517.0</ele>
   </trkpt>
   <trkpt lat="4.8236990" lon="-75.6638430">
    <ele>1516.8</ele>
   </trkpt>
   <trkpt lat="4.8237160" lon="-75.6638550">
    <ele>1516.5</ele>
   </trkpt>
   <trkpt lat="4.8237340" lon="-75.6638660">
    <ele>1516.3</ele>
   </trkpt>
   <trkpt lat="4.8237520" lon="-75.6638780">
    <ele>1516.0</ele>
   </trkpt>
   <trkpt lat="4.8237700" lon="-75.6638890">
    <ele>1515.7</ele>
   </trkpt>
   <trkpt lat="4.8237870" lon="-75.6639010">
    <ele>1515.4</ele>
   </trkpt>
   <trkpt lat="4.8238030" lon="-75.6639130">
    <ele>1515.1</ele>
   </trkpt>
   <trkpt lat="4.8238190" lon="-75.6639250">
    <ele>1514.8</ele>
   </trkpt>
   <trkpt lat="4.8238360" lon="-75.6639380">
    <ele>1514.5</ele>
   </trkpt>
   <trkpt lat="4.8238520" lon="-75.6639500">
    <ele>1514.2</ele>
   </trkpt>
   <trkpt lat="4.8238680" lon="-75.6639620">
    <ele>1513.9</ele>
   </trkpt>
   <trkpt lat="4.8238840" lon="-75.6639730">
    <ele>1513.6</ele>
   </trkpt>
   <trkpt lat="4.8238990" lon="-75.6639840">
    <ele>1513.3</ele>
   </trkpt>
   <trkpt lat="4.8239140" lon="-75.6639950">
    <ele>1513.0</ele>
   </trkpt>
   <trkpt lat="4.8239290" lon="-75.6640050">
    <ele>1512.7</ele>
   </trkpt>
   <trkpt lat="4.8239430" lon="-75.6640160">
    <ele>1512.4</ele>
   </trkpt>
   <trkpt lat="4.8239560" lon="-75.6640270">
    <ele>1512.2</ele>
   </trkpt>
   <trkpt lat="4.8239690" lon="-75.6640360">
    <ele>1511.9</ele>
   </trkpt>
   <trkpt lat="4.8239800" lon="-75.6640470">
    <ele>1511.7</ele>
   </trkpt>
   <trkpt lat="4.8239910" lon="-75.6640570">
    <ele>1511.4</ele>
   </trkpt>
   <trkpt lat="4.8240020" lon="-75.6640680">
    <ele>1511.2</ele>
   </trkpt>
   <trkpt lat="4.8240120" lon="-75.6640800">
    <ele>1510.9</ele>
   </trkpt>
   <trkpt lat="4.8240210" lon="-75.6640920">
    <ele>1510.6</ele>
   </trkpt>
   <trkpt lat="4.8240320" lon="-75.6641060">
    <ele>1510.3</ele>
   </trkpt>
   <trkpt lat="4.8240420" lon="-75.6641200">
    <ele>1510.1</ele>
   </trkpt>
   <trkpt lat="4.8240530" lon="-75.6641350">
    <ele>1509.7</ele>
   </trkpt>
   <trkpt lat="4.8240640" lon="-75.6641490">
    <ele>1509.4</ele>
   </trkpt>
   <trkpt lat="4.8240750" lon="-75.6641640">
    <ele>1509.1</ele>
   </trkpt>
   <trkpt lat="4.8240850" lon="-75.6641790">
    <ele>1508.8</ele>
   </trkpt>
   <trkpt lat="4.8240960" lon="-75.6641940">
    <ele>1508.5</ele>
   </trkpt>
   <trkpt lat="4.8241070" lon="-75.6642090">
    <ele>1508.2</ele>
   </trkpt>
   <trkpt lat="4.8241180" lon="-75.6642250">
    <ele>1507.9</ele>
   </trkpt>
   <trkpt lat="4.8241290" lon="-75.6642410">
    <ele>1507.6</ele>
   </trkpt>
   <trkpt lat="4.8241390" lon="-75.6642580">
    <ele>1507.3</ele>
   </trkpt>
   <trkpt lat="4.8241490" lon="-75.6642760">
    <ele>1507.0</ele>
   </trkpt>
   <trkpt lat="4.8241580" lon="-75.6642930">
    <ele>1506.8</ele>
   </trkpt>
   <trkpt lat="4.8241670" lon="-75.6643110">
    <ele>1506.5</ele>
   </trkpt>
   <trkpt lat="4.8241760" lon="-75.6643300">
    <ele>1506.2</ele>
   </trkpt>
   <trkpt lat="4.8241850" lon="-75.6643480">
    <ele>1506.0</ele>
   </trkpt>
   <trkpt lat="4.8241930" lon="-75.6643660">
    <ele>1505.7</ele>
   </trkpt>
   <trkpt lat="4.8242010" lon="-75.6643840">
    <ele>1505.5</ele>
   </trkpt>
   <trkpt lat="4.8242090" lon="-75.6644030">
    <ele>1505.3</ele>
   </trkpt>
   <trkpt lat="4.8242170" lon="-75.6644220">
    <ele>1505.1</ele>
   </trkpt>
   <trkpt lat="4.8242260" lon="-75.6644410">
    <ele>1504.9</ele>
   </trkpt>
   <trkpt lat="4.8242350" lon="-75.6644610">
    <ele>1504.7</ele>
   </trkpt>
   <trkpt lat="4.8242440" lon="-75.6644820">
    <ele>1504.5</ele>
   </trkpt>
   <trkpt lat="4.8242540" lon="-75.6645020">
    <ele>1504.3</ele>
   </trkpt>
   <trkpt lat="4.8242640" lon="-75.6645230">
    <ele>1504.2</ele>
   </trkpt>
   <trkpt lat="4.8242740" lon="-75.6645450">
    <ele>1504.0</ele>
   </trkpt>
   <trkpt lat="4.8242820" lon="-75.6645670">
    <ele>1503.9</ele>
   </trkpt>
   <trkpt lat="4.8242900" lon="-75.6645880">
    <ele>1503.7</ele>
   </trkpt>
   <trkpt lat="4.8242970" lon="-75.6646090">
    <ele>1503.6</ele>
   </trkpt>
   <trkpt lat="4.8243040" lon="-75.6646300">
    <ele>1503.5</ele>
   </trkpt>
   <trkpt lat="4.8243090" lon="-75.6646500">
    <ele>1503.5</ele>
   </trkpt>
   <trkpt lat="4.8243140" lon="-75.6646690">
    <ele>1503.5</ele>
   </trkpt>
   <trkpt lat="4.8243200" lon="-75.6646880">
    <ele>1503.4</ele>
   </trkpt>
   <trkpt lat="4.8243260" lon="-75.6647080">
    <ele>1503.4</ele>
   </trkpt>
   <trkpt lat="4.8243330" lon="-75.6647270">
    <ele>1503.4</ele>
   </trkpt>
   <trkpt lat="4.8243400" lon="-75.6647460">
    <ele>1503.4</ele>
   </trkpt>
   <trkpt lat="4.8243470" lon="-75.6647660">
    <ele>1503.4</ele>
   </trkpt>
   <trkpt lat="4.8243550" lon="-75.6647860">
    <ele>1503.4</ele>
   </trkpt>
   <trkpt lat="4.8243630" lon="-75.6648060">
    <ele>1503.3</ele>
   </trkpt>
   <trkpt lat="4.8243700" lon="-75.6648250">
    <ele>1503.3</ele>
   </trkpt>
   <trkpt lat="4.8243780" lon="-75.6648430">
    <ele>1503.3</ele>
   </trkpt>
   <trkpt lat="4.8243860" lon="-75.6648610">
    <ele>1503.3</ele>
   </trkpt>
   <trkpt lat="4.8243930" lon="-75.6648790">
    <ele>1503.3</ele>
   </trkpt>
   <trkpt lat="4.8244010" lon="-75.6648980">
    <ele>1503.3</ele>
   </trkpt>
   <trkpt lat="4.8244090" lon="-75.6649160">
    <ele>1503.2</ele>
   </trkpt>
   <trkpt lat="4.8244180" lon="-75.6649350">
    <ele>1503.2</ele>
   </trkpt>
   <trkpt lat="4.8244260" lon="-75.6649550">
    <ele>1503.2</ele>
   </trkpt>
   <trkpt lat="4.8244350" lon="-75.6649750">
    <ele>1503.2</ele>
   </trkpt>
   <trkpt lat="4.8244430" lon="-75.6649950">
    <ele>1503.1</ele>
   </trkpt>
   <trkpt lat="4.8244520" lon="-75.6650150">
    <ele>1503.0</ele>
   </trkpt>
   <trkpt lat="4.8244600" lon="-75.6650350">
    <ele>1503.0</ele>
   </trkpt>
   <trkpt lat="4.8244680" lon="-75.6650550">
    <ele>1502.9</ele>
   </trkpt>
   <trkpt lat="4.8244760" lon="-75.6650740">
    <ele>1502.8</ele>
   </trkpt>
   <trkpt lat="4.8244820" lon="-75.6650940">
    <ele>1502.8</ele>
   </trkpt>
   <trkpt lat="4.8244890" lon="-75.6651130">
    <ele>1502.7</ele>
   </trkpt>
   <trkpt lat="4.8244970" lon="-75.6651320">
    <ele>1502.6</ele>
   </trkpt>
   <trkpt lat="4.8245040" lon="-75.6651500">
    <ele>1502.5</ele>
   </trkpt>
   <trkpt lat="4.8245130" lon="-75.6651680">
    <ele>1502.4</ele>
   </trkpt>
   <trkpt lat="4.8245220" lon="-75.6651870">
    <ele>1502.2</ele>
   </trkpt>
   <trkpt lat="4.8245310" lon="-75.6652050">
    <ele>1502.1</ele>
   </trkpt>
   <trkpt lat="4.8245400" lon="-75.6652230">
    <ele>1501.9</ele>
   </trkpt>
   <trkpt lat="4.8245500" lon="-75.6652420">
    <ele>1501.7</ele>
   </trkpt>
   <trkpt lat="4.8245600" lon="-75.6652610">
    <ele>1501.5</ele>
   </trkpt>
   <trkpt lat="4.8245710" lon="-75.6652820">
    <ele>1501.3</ele>
   </trkpt>
   <trkpt lat="4.8245820" lon="-75.6653020">
    <ele>1501.1</ele>
   </trkpt>
   <trkpt lat="4.8245920" lon="-75.6653200">
    <ele>1500.9</ele>
   </trkpt>
   <trkpt lat="4.8246010" lon="-75.6653380">
    <ele>1500.8</ele>
   </trkpt>
   <trkpt lat="4.8246100" lon="-75.6653550">
    <ele>1500.6</ele>
   </trkpt>
   <trkpt lat="4.8246190" lon="-75.6653700">
    <ele>1500.5</ele>
   </trkpt>
   <trkpt lat="4.8246270" lon="-75.6653860">
    <ele>1500.3</ele>
   </trkpt>
   <trkpt lat="4.8246350" lon="-75.6654020">
    <ele>1500.1</ele>
   </trkpt>
   <trkpt lat="4.8246430" lon="-75.6654180">
    <ele>1500.0</ele>
   </trkpt>
   <trkpt lat="4.8246520" lon="-75.6654340">
    <ele>1499.8</ele>
   </trkpt>
   <trkpt lat="4.8246610" lon="-75.6654510">
    <ele>1499.7</ele>
   </trkpt>
   <trkpt lat="4.8246700" lon="-75.6654700">
    <ele>1499.5</ele>
   </trkpt>
   <trkpt lat="4.8246800" lon="-75.6654900">
    <ele>1499.3</ele>
   </trkpt>
   <trkpt lat="4.8246910" lon="-75.6655110">
    <ele>1499.2</ele>
   </trkpt>
   <trkpt lat="4.8247000" lon="-75.6655310">
    <ele>1499.0</ele>
   </trkpt>
   <trkpt lat="4.8247100" lon="-75.6655510">
    <ele>1498.8</ele>
   </trkpt>
   <trkpt lat="4.8247190" lon="-75.6655700">
    <ele>1498.7</ele>
   </trkpt>
   <trkpt lat="4.8247280" lon="-75.6655890">
    <ele>1498.5</ele>
   </trkpt>
   <trkpt lat="4.8247360" lon="-75.6656070">
    <ele>1498.4</ele>
   </trkpt>
   <trkpt lat="4.8247450" lon="-75.6656250">
    <ele>1498.3</ele>
   </trkpt>
   <trkpt lat="4.8247530" lon="-75.6656440">
    <ele>1498.1</ele>
   </trkpt>
   <trkpt lat="4.8247620" lon="-75.6656620">
    <ele>1498.0</ele>
   </trkpt>
   <trkpt lat="4.8247710" lon="-75.6656800">
    <ele>1497.8</ele>
   </trkpt>
   <trkpt lat="4.8247800" lon="-75.6656990">
    <ele>1497.7</ele>
   </trkpt>
   <trkpt lat="4.8247890" lon="-75.6657180">
    <ele>1497.5</ele>
   </trkpt>
   <trkpt lat="4.8247990" lon="-75.6657390">
    <ele>1497.4</ele>
   </trkpt>
   <trkpt lat="4.8248090" lon="-75.6657590">
    <ele>1497.2</ele>
   </trkpt>
   <trkpt lat="4.8248190" lon="-75.6657790">
    <ele>1497.1</ele>
   </trkpt>
   <trkpt lat="4.8248280" lon="-75.6658000">
    <ele>1496.9</ele>
   </trkpt>
   <trkpt lat="4.8248380" lon="-75.6658200">
    <ele>1496.8</ele>
   </trkpt>
   <trkpt lat="4.8248480" lon="-75.6658400">
    <ele>1496.7</ele>
   </trkpt>
   <trkpt lat="4.8248600" lon="-75.6658600">
    <ele>1496.5</ele>
   </trkpt>
   <trkpt lat="4.8248710" lon="-75.6658810">
    <ele>1496.4</ele>
   </trkpt>
   <trkpt lat="4.8248820" lon="-75.6659010">
    <ele>1496.2</ele>
   </trkpt>
   <trkpt lat="4.8248930" lon="-75.6659220">
    <ele>1496.1</ele>
   </trkpt>
   <trkpt lat="4.8249030" lon="-75.6659430">
    <ele>1496.0</ele>
   </trkpt>
   <trkpt lat="4.8249130" lon="-75.6659640">
    <ele>1495.9</ele>
   </trkpt>
   <trkpt lat="4.8249230" lon="-75.6659850">
    <ele>1495.7</ele>
   </trkpt>
   <trkpt lat="4.8249330" lon="-75.6660060">
    <ele>1495.6</ele>
   </trkpt>
   <trkpt lat="4.8249430" lon="-75.6660260">
    <ele>1495.5</ele>
   </trkpt>
   <trkpt lat="4.8249520" lon="-75.6660460">
    <ele>1495.4</ele>
   </trkpt>
   <trkpt lat="4.8249610" lon="-75.6660640">
    <ele>1495.3</ele>
   </trkpt>
   <trkpt lat="4.8249690" lon="-75.6660810">
    <ele>1495.2</ele>
   </trkpt>
   <trkpt lat="4.8249760" lon="-75.6660950">
    <ele>1495.2</ele>
   </trkpt>
   <trkpt lat="4.8249810" lon="-75.6661070">
    <ele>1495.1</ele>
   </trkpt>
   <trkpt lat="4.8249860" lon="-75.6661190">
    <ele>1495.1</ele>
   </trkpt>
   <trkpt lat="4.8249910" lon="-75.6661330">
    <ele>1495.0</ele>
   </trkpt>
   <trkpt lat="4.8249980" lon="-75.6661500">
    <ele>1494.9</ele>
   </trkpt>
   <trkpt lat="4.8250060" lon="-75.6661700">
    <ele>1494.9</ele>
   </trkpt>
   <trkpt lat="4.8250150" lon="-75.6661920">
    <ele>1494.8</ele>
   </trkpt>
   <trkpt lat="4.8250240" lon="-75.6662130">
    <ele>1494.7</ele>
   </trkpt>
   <trkpt lat="4.8250330" lon="-75.6662340">
    <ele>1494.6</ele>
   </trkpt>
   <trkpt lat="4.8250410" lon="-75.6662540">
    <ele>1494.5</ele>
   </trkpt>
   <trkpt lat="4.8250500" lon="-75.6662750">
    <ele>1494.4</ele>
   </trkpt>
   <trkpt lat="4.8250580" lon="-75.6662960">
    <ele>1494.3</ele>
   </trkpt>
   <trkpt lat="4.8250670" lon="-75.6663160">
    <ele>1494.2</ele>
   </trkpt>
   <trkpt lat="4.8250760" lon="-75.6663370">
    <ele>1494.1</ele>
   </trkpt>
   <trkpt lat="4.8250850" lon="-75.6663570">
    <ele>1494.0</ele>
   </trkpt>
   <trkpt lat="4.8250940" lon="-75.6663770">
    <ele>1493.9</ele>
   </trkpt>
   <trkpt lat="4.8251030" lon="-75.6663970">
    <ele>1493.8</ele>
   </trkpt>
   <trkpt lat="4.8251120" lon="-75.6664170">
    <ele>1493.7</ele>
   </trkpt>
   <trkpt lat="4.8251210" lon="-75.6664370">
    <ele>1493.6</ele>
   </trkpt>
   <trkpt lat="4.8251300" lon="-75.6664580">
    <ele>1493.6</ele>
   </trkpt>
   <trkpt lat="4.8251400" lon="-75.6664780">
    <ele>1493.5</ele>
   </trkpt>
   <trkpt lat="4.8251490" lon="-75.6664990">
    <ele>1493.4</ele>
   </trkpt>
   <trkpt lat="4.8251590" lon="-75.6665210">
    <ele>1493.3</ele>
   </trkpt>
   <trkpt lat="4.8251690" lon="-75.6665430">
    <ele>1493.2</ele>
   </trkpt>
   <trkpt lat="4.8251790" lon="-75.6665650">
    <ele>1493.0</ele>
   </trkpt>
   <trkpt lat="4.8251880" lon="-75.6665870">
    <ele>1493.0</ele>
   </trkpt>
   <trkpt lat="4.8251980" lon="-75.6666080">
    <ele>1492.9</ele>
   </trkpt>
   <trkpt lat="4.8252070" lon="-75.6666300">
    <ele>1492.8</ele>
   </trkpt>
   <trkpt lat="4.8252160" lon="-75.6666510">
    <ele>1492.7</ele>
   </trkpt>
   <trkpt lat="4.8252260" lon="-75.6666730">
    <ele>1492.6</ele>
   </trkpt>
   <trkpt lat="4.8252350" lon="-75.6666950">
    <ele>1492.5</ele>
   </trkpt>
   <trkpt lat="4.8252450" lon="-75.6667170">
    <ele>1492.4</ele>
   </trkpt>
   <trkpt lat="4.8252540" lon="-75.6667380">
    <ele>1492.4</ele>
   </trkpt>
   <trkpt lat="4.8252640" lon="-75.6667600">
    <ele>1492.3</ele>
   </trkpt>
   <trkpt lat="4.8252730" lon="-75.6667810">
    <ele>1492.2</ele>
   </trkpt>
   <trkpt lat="4.8252830" lon="-75.6668030">
    <ele>1492.1</ele>
   </trkpt>
   <trkpt lat="4.8252920" lon="-75.6668240">
    <ele>1492.0</ele>
   </trkpt>
   <trkpt lat="4.8253020" lon="-75.6668450">
    <ele>1492.0</ele>
   </trkpt>
   <trkpt lat="4.8253110" lon="-75.6668650">
    <ele>1492.0</ele>
   </trkpt>
   <trkpt lat="4.8253210" lon="-75.6668860">
    <ele>1491.9</ele>
   </trkpt>
   <trkpt lat="4.8253300" lon="-75.6669060">
    <ele>1491.9</ele>
   </trkpt>
   <trkpt lat="4.8253400" lon="-75.6669260">
    <ele>1491.9</ele>
   </trkpt>
   <trkpt lat="4.8253500" lon="-75.6669470">
    <ele>1491.8</ele>
   </trkpt>
   <trkpt lat="4.8253590" lon="-75.6669670">
    <ele>1491.8</ele>
   </trkpt>
   <trkpt lat="4.8253690" lon="-75.6669880">
    <ele>1491.8</ele>
   </trkpt>
   <trkpt lat="4.8253800" lon="-75.6670090">
    <ele>1491.8</ele>
   </trkpt>
   <trkpt lat="4.8253900" lon="-75.6670300">
    <ele>1491.6</ele>
   </trkpt>
   <trkpt lat="4.8253990" lon="-75.6670510">
    <ele>1491.5</ele>
   </trkpt>
   <trkpt lat="4.8254090" lon="-75.6670720">
    <ele>1491.4</ele>
   </trkpt>
   <trkpt lat="4.8254180" lon="-75.6670930">
    <ele>1491.3</ele>
   </trkpt>
   <trkpt lat="4.8254290" lon="-75.6671120">
    <ele>1491.1</ele>
   </trkpt>
   <trkpt lat="4.8254410" lon="-75.6671320">
    <ele>1491.0</ele>
   </trkpt>
   <trkpt lat="4.8254520" lon="-75.6671510">
    <ele>1490.9</ele>
   </trkpt>
   <trkpt lat="4.8254630" lon="-75.6671700">
    <ele>1490.7</ele>
   </trkpt>
   <trkpt lat="4.8254730" lon="-75.6671900">
    <ele>1490.5</ele>
   </trkpt>
   <trkpt lat="4.8254830" lon="-75.6672100">
    <ele>1490.4</ele>
   </trkpt>
   <trkpt lat="4.8254930" lon="-75.6672300">
    <ele>1490.2</ele>
   </trkpt>
   <trkpt lat="4.8255020" lon="-75.6672500">
    <ele>1490.0</ele>
   </trkpt>
   <trkpt lat="4.8255120" lon="-75.6672690">
    <ele>1489.8</ele>
   </trkpt>
   <trkpt lat="4.8255220" lon="-75.6672890">
    <ele>1489.6</ele>
   </trkpt>
   <trkpt lat="4.8255320" lon="-75.6673090">
    <ele>1489.4</ele>
   </trkpt>
   <trkpt lat="4.8255420" lon="-75.6673290">
    <ele>1489.2</ele>
   </trkpt>
   <trkpt lat="4.8255520" lon="-75.6673480">
    <ele>1489.0</ele>
   </trkpt>
   <trkpt lat="4.8255620" lon="-75.6673680">
    <ele>1488.8</ele>
   </trkpt>
   <trkpt lat="4.8255720" lon="-75.6673880">
    <ele>1488.5</ele>
   </trkpt>
   <trkpt lat="4.8255820" lon="-75.6674070">
    <ele>1488.3</ele>
   </trkpt>
   <trkpt lat="4.8255920" lon="-75.6674270">
    <ele>1488.1</ele>
   </trkpt>
   <trkpt lat="4.8256020" lon="-75.6674470">
    <ele>1487.9</ele>
   </trkpt>
   <trkpt lat="4.8256120" lon="-75.6674660">
    <ele>1487.7</ele>
   </trkpt>
   <trkpt lat="4.8256220" lon="-75.6674860">
    <ele>1487.4</ele>
   </trkpt>
   <trkpt lat="4.8256320" lon="-75.6675050">
    <ele>1487.2</ele>
   </trkpt>
   <trkpt lat="4.8256420" lon="-75.6675240">
    <ele>1487.0</ele>
   </trkpt>
   <trkpt lat="4.8256510" lon="-75.6675410">
    <ele>1486.8</ele>
   </trkpt>
   <trkpt lat="4.8256600" lon="-75.6675570">
    <ele>1486.6</ele>
   </trkpt>
   <trkpt lat="4.8256680" lon="-75.6675710">
    <ele>1486.5</ele>
   </trkpt>
   <trkpt lat="4.8256760" lon="-75.6675860">
    <ele>1486.3</ele>
   </trkpt>
   <trkpt lat="4.8256850" lon="-75.6676010">
    <ele>1486.1</ele>
   </trkpt>
   <trkpt lat="4.8256930" lon="-75.6676170">
    <ele>1486.0</ele>
   </trkpt>
   <trkpt lat="4.8257010" lon="-75.6676330">
    <ele>1485.8</ele>
   </trkpt>
   <trkpt lat="4.8257100" lon="-75.6676500">
    <ele>1485.6</ele>
   </trkpt>
   <trkpt lat="4.8257180" lon="-75.6676660">
    <ele>1485.5</ele>
   </trkpt>
   <trkpt lat="4.8257270" lon="-75.6676830">
    <ele>1485.3</ele>
   </trkpt>
   <trkpt lat="4.8257360" lon="-75.6677000">
    <ele>1485.1</ele>
   </trkpt>
   <trkpt lat="4.8257460" lon="-75.6677160">
    <ele>1484.9</ele>
   </trkpt>
   <trkpt lat="4.8257550" lon="-75.6677320">
    <ele>1484.8</ele>
   </trkpt>
   <trkpt lat="4.8257650" lon="-75.6677470">
    <ele>1484.6</ele>
   </trkpt>
   <trkpt lat="4.8257730" lon="-75.6677630">
    <ele>1484.5</ele>
   </trkpt>
   <trkpt lat="4.8257810" lon="-75.6677780">
    <ele>1484.3</ele>
   </trkpt>
   <trkpt lat="4.8257880" lon="-75.6677920">
    <ele>1484.2</ele>
   </trkpt>
   <trkpt lat="4.8257930" lon="-75.6678060">
    <ele>1484.1</ele>
   </trkpt>
   <trkpt lat="4.8258000" lon="-75.6678200">
    <ele>1483.9</ele>
   </trkpt>
   <trkpt lat="4.8258060" lon="-75.6678350">
    <ele>1483.8</ele>
   </trkpt>
   <trkpt lat="4.8258120" lon="-75.6678500">
    <ele>1483.6</ele>
   </trkpt>
   <trkpt lat="4.8258200" lon="-75.6678650">
    <ele>1483.5</ele>
   </trkpt>
   <trkpt lat="4.8258270" lon="-75.6678790">
    <ele>1483.4</ele>
   </trkpt>
   <trkpt lat="4.8258350" lon="-75.6678930">
    <ele>1483.3</ele>
   </trkpt>
   <trkpt lat="4.8258430" lon="-75.6679070">
    <ele>1483.1</ele>
   </trkpt>
   <trkpt lat="4.8258510" lon="-75.6679210">
    <ele>1483.0</ele>
   </trkpt>
   <trkpt lat="4.8258590" lon="-75.6679360">
    <ele>1482.9</ele>
   </trkpt>
   <trkpt lat="4.8258670" lon="-75.6679510">
    <ele>1482.7</ele>
   </trkpt>
   <trkpt lat="4.8258750" lon="-75.6679660">
    <ele>1482.6</ele>
   </trkpt>
   <trkpt lat="4.8258830" lon="-75.6679820">
    <ele>1482.4</ele>
   </trkpt>
   <trkpt lat="4.8258900" lon="-75.6679970">
    <ele>1482.3</ele>
   </trkpt>
   <trkpt lat="4.8258960" lon="-75.6680120">
    <ele>1482.2</ele>
   </trkpt>
   <trkpt lat="4.8259030" lon="-75.6680270">
    <ele>1482.0</ele>
   </trkpt>
   <trkpt lat="4.8259100" lon="-75.6680420">
    <ele>1481.9</ele>
   </trkpt>
   <trkpt lat="4.8259200" lon="-75.6680570">
    <ele>1481.8</ele>
   </trkpt>
   <trkpt lat="4.8259300" lon="-75.6680710">
    <ele>1481.6</ele>
   </trkpt>
   <trkpt lat="4.8259430" lon="-75.6680860">
    <ele>1481.5</ele>
   </trkpt>
   <trkpt lat="4.8259560" lon="-75.6681000">
    <ele>1481.4</ele>
   </trkpt>
   <trkpt lat="4.8259700" lon="-75.6681140">
    <ele>1481.2</ele>
   </trkpt>
   <trkpt lat="4.8259850" lon="-75.6681290">
    <ele>1481.0</ele>
   </trkpt>
   <trkpt lat="4.8260000" lon="-75.6681440">
    <ele>1480.9</ele>
   </trkpt>
   <trkpt lat="4.8260150" lon="-75.6681590">
    <ele>1480.7</ele>
   </trkpt>
   <trkpt lat="4.8260300" lon="-75.6681730">
    <ele>1480.6</ele>
   </trkpt>
   <trkpt lat="4.8260460" lon="-75.6681880">
    <ele>1480.4</ele>
   </trkpt>
   <trkpt lat="4.8260620" lon="-75.6682030">
    <ele>1480.2</ele>
   </trkpt>
   <trkpt lat="4.8260780" lon="-75.6682170">
    <ele>1480.1</ele>
   </trkpt>
   <trkpt lat="4.8260940" lon="-75.6682310">
    <ele>1479.9</ele>
   </trkpt>
   <trkpt lat="4.8261080" lon="-75.6682450">
    <ele>1479.8</ele>
   </trkpt>
   <trkpt lat="4.8261250" lon="-75.6682600">
    <ele>1479.6</ele>
   </trkpt>
   <trkpt lat="4.8261430" lon="-75.6682750">
    <ele>1479.5</ele>
   </trkpt>
   <trkpt lat="4.8261600" lon="-75.6682900">
    <ele>1479.3</ele>
   </trkpt>
   <trkpt lat="4.8261800" lon="-75.6683050">
    <ele>1479.2</ele>
   </trkpt>
   <trkpt lat="4.8261970" lon="-75.6683180">
    <ele>1479.0</ele>
   </trkpt>
   <trkpt lat="4.8262130" lon="-75.6683310">
    <ele>1478.9</ele>
   </trkpt>
   <trkpt lat="4.8262280" lon="-75.6683430">
    <ele>1478.8</ele>
   </trkpt>
   <trkpt lat="4.8262440" lon="-75.6683550">
    <ele>1478.7</ele>
   </trkpt>
   <trkpt lat="4.8262610" lon="-75.6683650">
    <ele>1478.5</ele>
   </trkpt>
   <trkpt lat="4.8262770" lon="-75.6683750">
    <ele>1478.4</ele>
   </trkpt>
   <trkpt lat="4.8262930" lon="-75.6683860">
    <ele>1478.3</ele>
   </trkpt>
   <trkpt lat="4.8263080" lon="-75.6683960">
    <ele>1478.2</ele>
   </trkpt>
   <trkpt lat="4.8263230" lon="-75.6684070">
    <ele>1478.0</ele>
   </trkpt>
   <trkpt lat="4.8263370" lon="-75.6684200">
    <ele>1477.9</ele>
   </trkpt>
   <trkpt lat="4.8263520" lon="-75.6684320">
    <ele>1477.7</ele>
   </trkpt>
   <trkpt lat="4.8263680" lon="-75.6684440">
    <ele>1477.6</ele>
   </trkpt>
   <trkpt lat="4.8263870" lon="-75.6684520">
    <ele>1477.4</ele>
   </trkpt>
   <trkpt lat="4.8264080" lon="-75.6684570">
    <ele>1477.2</ele>
   </trkpt>
   <trkpt lat="4.8264290" lon="-75.6684630">
    <ele>1477.0</ele>
   </trkpt>
   <trkpt lat="4.8264480" lon="-75.6684690">
    <ele>1476.8</ele>
   </trkpt>
   <trkpt lat="4.8264640" lon="-75.6684790">
    <ele>1476.6</ele>
   </trkpt>
   <trkpt lat="4.8264810" lon="-75.6684880">
    <ele>1476.4</ele>
   </trkpt>
   <trkpt lat="4.8264970" lon="-75.6684970">
    <ele>1476.3</ele>
   </trkpt>
   <trkpt lat="4.8265140" lon="-75.6685070">
    <ele>1476.1</ele>
   </trkpt>
   <trkpt lat="4.8265300" lon="-75.6685160">
    <ele>1475.9</ele>
   </trkpt>
   <trkpt lat="4.8265460" lon="-75.6685250">
    <ele>1475.7</ele>
   </trkpt>
   <trkpt lat="4.8265620" lon="-75.6685340">
    <ele>1475.5</ele>
   </trkpt>
   <trkpt lat="4.8265770" lon="-75.6685430">
    <ele>1475.3</ele>
   </trkpt>
   <trkpt lat="4.8265920" lon="-75.6685520">
    <ele>1475.2</ele>
   </trkpt>
   <trkpt lat="4.8266070" lon="-75.6685600">
    <ele>1475.2</ele>
   </trkpt>
   <trkpt lat="4.8266190" lon="-75.6685710">
    <ele>1475.2</ele>
   </trkpt>
   <trkpt lat="4.8266370" lon="-75.6685790">
    <ele>1475.1</ele>
   </trkpt>
   <trkpt lat="4.8266550" lon="-75.6685870">
    <ele>1475.1</ele>
   </trkpt>
   <trkpt lat="4.8266730" lon="-75.6685950">
    <ele>1475.0</ele>
   </trkpt>
   <trkpt lat="4.8266940" lon="-75.6686010">
    <ele>1474.7</ele>
   </trkpt>
   <trkpt lat="4.8267110" lon="-75.6686080">
    <ele>1474.4</ele>
   </trkpt>
   <trkpt lat="4.8267270" lon="-75.6686160">
    <ele>1474.2</ele>
   </trkpt>
   <trkpt lat="4.8267420" lon="-75.6686240">
    <ele>1474.0</ele>
   </trkpt>
   <trkpt lat="4.8267560" lon="-75.6686310">
    <ele>1473.7</ele>
   </trkpt>
   <trkpt lat="4.8267700" lon="-75.6686390">
    <ele>1473.5</ele>
   </trkpt>
   <trkpt lat="4.8267850" lon="-75.6686470">
    <ele>1473.3</ele>
   </trkpt>
   <trkpt lat="4.8268000" lon="-75.6686560">
    <ele>1473.1</ele>
   </trkpt>
   <trkpt lat="4.8268150" lon="-75.6686640">
    <ele>1472.8</ele>
   </trkpt>
   <trkpt lat="4.8268300" lon="-75.6686720">
    <ele>1472.6</ele>
   </trkpt>
   <trkpt lat="4.8268440" lon="-75.6686790">
    <ele>1472.4</ele>
   </trkpt>
   <trkpt lat="4.8268580" lon="-75.6686850">
    <ele>1472.2</ele>
   </trkpt>
   <trkpt lat="4.8268710" lon="-75.6686920">
    <ele>1472.0</ele>
   </trkpt>
   <trkpt lat="4.8268840" lon="-75.6686980">
    <ele>1471.8</ele>
   </trkpt>
   <trkpt lat="4.8268970" lon="-75.6687030">
    <ele>1471.6</ele>
   </trkpt>
   <trkpt lat="4.8269100" lon="-75.6687090">
    <ele>1471.4</ele>
   </trkpt>
   <trkpt lat="4.8269250" lon="-75.6687140">
    <ele>1471.2</ele>
   </trkpt>
   <trkpt lat="4.8269420" lon="-75.6687210">
    <ele>1471.0</ele>
   </trkpt>
   <trkpt lat="4.8269600" lon="-75.6687270">
    <ele>1470.7</ele>
   </trkpt>
   <trkpt lat="4.8269800" lon="-75.6687340">
    <ele>1470.4</ele>
   </trkpt>
   <trkpt lat="4.8270010" lon="-75.6687410">
    <ele>1470.1</ele>
   </trkpt>
   <trkpt lat="4.8270210" lon="-75.6687470">
    <ele>1469.9</ele>
   </trkpt>
   <trkpt lat="4.8270410" lon="-75.6687520">
    <ele>1469.6</ele>
   </trkpt>
   <trkpt lat="4.8270600" lon="-75.6687580">
    <ele>1469.4</ele>
   </trkpt>
   <trkpt lat="4.8270800" lon="-75.6687630">
    <ele>1469.2</ele>
   </trkpt>
   <trkpt lat="4.8270990" lon="-75.6687680">
    <ele>1469.0</ele>
   </trkpt>
   <trkpt lat="4.8271180" lon="-75.6687740">
    <ele>1468.8</ele>
   </trkpt>
   <trkpt lat="4.8271370" lon="-75.6687790">
    <ele>1468.6</ele>
   </trkpt>
   <trkpt lat="4.8271560" lon="-75.6687840">
    <ele>1468.4</ele>
   </trkpt>
   <trkpt lat="4.8271740" lon="-75.6687890">
    <ele>1468.2</ele>
   </trkpt>
   <trkpt lat="4.8271930" lon="-75.6687940">
    <ele>1468.0</ele>
   </trkpt>
   <trkpt lat="4.8272110" lon="-75.6688000">
    <ele>1467.8</ele>
   </trkpt>
   <trkpt lat="4.8272280" lon="-75.6688050">
    <ele>1467.6</ele>
   </trkpt>
   <trkpt lat="4.8272460" lon="-75.6688100">
    <ele>1467.4</ele>
   </trkpt>
   <trkpt lat="4.8272640" lon="-75.6688160">
    <ele>1467.2</ele>
   </trkpt>
   <trkpt lat="4.8272810" lon="-75.6688220">
    <ele>1467.0</ele>
   </trkpt>
   <trkpt lat="4.8272980" lon="-75.6688280">
    <ele>1466.8</ele>
   </trkpt>
   <trkpt lat="4.8273150" lon="-75.6688340">
    <ele>1466.6</ele>
   </trkpt>
   <trkpt lat="4.8273320" lon="-75.6688410">
    <ele>1466.4</ele>
   </trkpt>
   <trkpt lat="4.8273470" lon="-75.6688470">
    <ele>1466.2</ele>
   </trkpt>
   <trkpt lat="4.8273640" lon="-75.6688560">
    <ele>1465.9</ele>
   </trkpt>
   <trkpt lat="4.8273820" lon="-75.6688640">
    <ele>1465.6</ele>
   </trkpt>
   <trkpt lat="4.8274000" lon="-75.6688740">
    <ele>1465.4</ele>
   </trkpt>
   <trkpt lat="4.8274190" lon="-75.6688830">
    <ele>1465.1</ele>
   </trkpt>
   <trkpt lat="4.8274350" lon="-75.6688920">
    <ele>1464.8</ele>
   </trkpt>
   <trkpt lat="4.8274520" lon="-75.6689010">
    <ele>1464.6</ele>
   </trkpt>
   <trkpt lat="4.8274690" lon="-75.6689100">
    <ele>1464.3</ele>
   </trkpt>
   <trkpt lat="4.8274870" lon="-75.6689200">
    <ele>1464.0</ele>
   </trkpt>
   <trkpt lat="4.8275050" lon="-75.6689300">
    <ele>1463.7</ele>
   </trkpt>
   <trkpt lat="4.8275230" lon="-75.6689400">
    <ele>1463.4</ele>
   </trkpt>
   <trkpt lat="4.8275410" lon="-75.6689500">
    <ele>1463.2</ele>
   </trkpt>
   <trkpt lat="4.8275590" lon="-75.6689600">
    <ele>1462.9</ele>
   </trkpt>
   <trkpt lat="4.8275770" lon="-75.6689710">
    <ele>1462.6</ele>
   </trkpt>
   <trkpt lat="4.8275960" lon="-75.6689810">
    <ele>1462.3</ele>
   </trkpt>
   <trkpt lat="4.8276140" lon="-75.6689920">
    <ele>1462.1</ele>
   </trkpt>
   <trkpt lat="4.8276330" lon="-75.6690020">
    <ele>1461.8</ele>
   </trkpt>
   <trkpt lat="4.8276520" lon="-75.6690140">
    <ele>1461.5</ele>
   </trkpt>
   <trkpt lat="4.8276740" lon="-75.6690260">
    <ele>1461.2</ele>
   </trkpt>
   <trkpt lat="4.8276960" lon="-75.6690390">
    <ele>1460.9</ele>
   </trkpt>
   <trkpt lat="4.8277170" lon="-75.6690510">
    <ele>1460.6</ele>
   </trkpt>
   <trkpt lat="4.8277370" lon="-75.6690610">
    <ele>1460.3</ele>
   </trkpt>
   <trkpt lat="4.8277550" lon="-75.6690710">
    <ele>1460.1</ele>
   </trkpt>
   <trkpt lat="4.8277730" lon="-75.6690820">
    <ele>1459.8</ele>
   </trkpt>
   <trkpt lat="4.8277910" lon="-75.6690920">
    <ele>1459.6</ele>
   </trkpt>
   <trkpt lat="4.8278090" lon="-75.6691040">
    <ele>1459.5</ele>
   </trkpt>
   <trkpt lat="4.8278270" lon="-75.6691160">
    <ele>1459.3</ele>
   </trkpt>
   <trkpt lat="4.8278450" lon="-75.6691290">
    <ele>1459.2</ele>
   </trkpt>
   <trkpt lat="4.8278650" lon="-75.6691410">
    <ele>1459.1</ele>
   </trkpt>
   <trkpt lat="4.8278860" lon="-75.6691550">
    <ele>1458.9</ele>
   </trkpt>
   <trkpt lat="4.8279090" lon="-75.6691710">
    <ele>1458.8</ele>
   </trkpt>
   <trkpt lat="4.8279360" lon="-75.6691870">
    <ele>1458.6</ele>
   </trkpt>
   <trkpt lat="4.8279620" lon="-75.6692060">
    <ele>1458.4</ele>
   </trkpt>
   <trkpt lat="4.8279880" lon="-75.6692250">
    <ele>1458.2</ele>
   </trkpt>
   <trkpt lat="4.8280120" lon="-75.6692440">
    <ele>1458.1</ele>
   </trkpt>
   <trkpt lat="4.8280340" lon="-75.6692630">
    <ele>1457.9</ele>
   </trkpt>
   <trkpt lat="4.8280540" lon="-75.6692800">
    <ele>1457.7</ele>
   </trkpt>
   <trkpt lat="4.8280730" lon="-75.6692970">
    <ele>1457.4</ele>
   </trkpt>
   <trkpt lat="4.8280920" lon="-75.6693120">
    <ele>1457.3</ele>
   </trkpt>
   <trkpt lat="4.8281100" lon="-75.6693280">
    <ele>1457.1</ele>
   </trkpt>
   <trkpt lat="4.8281280" lon="-75.6693450">
    <ele>1456.9</ele>
   </trkpt>
   <trkpt lat="4.8281460" lon="-75.6693630">
    <ele>1456.7</ele>
   </trkpt>
   <trkpt lat="4.8281650" lon="-75.6693810">
    <ele>1456.5</ele>
   </trkpt>
   <trkpt lat="4.8281840" lon="-75.6694040">
    <ele>1456.4</ele>
   </trkpt>
   <trkpt lat="4.8282070" lon="-75.6694210">
    <ele>1456.4</ele>
   </trkpt>
   <trkpt lat="4.8282310" lon="-75.6694360">
    <ele>1456.3</ele>
   </trkpt>
   <trkpt lat="4.8282550" lon="-75.6694500">
    <ele>1456.3</ele>
   </trkpt>
   <trkpt lat="4.8282800" lon="-75.6694580">
    <ele>1456.2</ele>
   </trkpt>
   <trkpt lat="4.8283000" lon="-75.6694690">
    <ele>1456.2</ele>
   </trkpt>
   <trkpt lat="4.8283200" lon="-75.6694790">
    <ele>1456.2</ele>
   </trkpt>
   <trkpt lat="4.8283390" lon="-75.6694960">
    <ele>1456.1</ele>
   </trkpt>
   <trkpt lat="4.8283630" lon="-75.6695100">
    <ele>1456.1</ele>
   </trkpt>
   <trkpt lat="4.8283870" lon="-75.6695190">
    <ele>1456.1</ele>
   </trkpt>
   <trkpt lat="4.8284130" lon="-75.6695260">
    <ele>1456.1</ele>
   </trkpt>
   <trkpt lat="4.8284390" lon="-75.6695250">
    <ele>1456.0</ele>
   </trkpt>
   <trkpt lat="4.8284600" lon="-75.6695250">
    <ele>1455.9</ele>
   </trkpt>
   <trkpt lat="4.8284820" lon="-75.6695280">
    <ele>1455.8</ele>
   </trkpt>
   <trkpt lat="4.8285060" lon="-75.6695310">
    <ele>1455.7</ele>
   </trkpt>
   <trkpt lat="4.8285300" lon="-75.6695330">
    <ele>1455.6</ele>
   </trkpt>
   <trkpt lat="4.8285540" lon="-75.6695350">
    <ele>1455.5</ele>
   </trkpt>
   <trkpt lat="4.8285780" lon="-75.6695370">
    <ele>1455.5</ele>
   </trkpt>
   <trkpt lat="4.8286010" lon="-75.6695380">
    <ele>1455.4</ele>
   </trkpt>
   <trkpt lat="4.8286230" lon="-75.6695390">
    <ele>1455.4</ele>
   </trkpt>
   <trkpt lat="4.8286450" lon="-75.6695400">
    <ele>1455.4</ele>
   </trkpt>
   <trkpt lat="4.8286660" lon="-75.6695410">
    <ele>1455.3</ele>
   </trkpt>
   <trkpt lat="4.8286860" lon="-75.6695410">
    <ele>1455.3</ele>
   </trkpt>
   <trkpt lat="4.8287060" lon="-75.6695410">
    <ele>1455.3</ele>
   </trkpt>
   <trkpt lat="4.8287270" lon="-75.6695420">
    <ele>1455.3</ele>
   </trkpt>
   <trkpt lat="4.8287480" lon="-75.6695420">
    <ele>1455.3</ele>
   </trkpt>
   <trkpt lat="4.8287690" lon="-75.6695420">
    <ele>1455.2</ele>
   </trkpt>
   <trkpt lat="4.8287910" lon="-75.6695420">
    <ele>1455.2</ele>
   </trkpt>
   <trkpt lat="4.8288110" lon="-75.6695420">
    <ele>1455.2</ele>
   </trkpt>
   <trkpt lat="4.8288320" lon="-75.6695420">
    <ele>1455.2</ele>
   </trkpt>
   <trkpt lat="4.8288520" lon="-75.6695420">
    <ele>1455.1</ele>
   </trkpt>
   <trkpt lat="4.8288730" lon="-75.6695420">
    <ele>1455.1</ele>
   </trkpt>
   <trkpt lat="4.8288940" lon="-75.6695430">
    <ele>1455.0</ele>
   </trkpt>
   <trkpt lat="4.8289160" lon="-75.6695430">
    <ele>1454.9</ele>
   </trkpt>
   <trkpt lat="4.8289380" lon="-75.6695430">
    <ele>1454.9</ele>
   </trkpt>
   <trkpt lat="4.8289590" lon="-75.6695430">
    <ele>1454.8</ele>
   </trkpt>
   <trkpt lat="4.8289800" lon="-75.6695430">
    <ele>1454.7</ele>
   </trkpt>
   <trkpt lat="4.8289990" lon="-75.6695430">
    <ele>1454.7</ele>
   </trkpt>
   <trkpt lat="4.8290180" lon="-75.6695420">
    <ele>1454.6</ele>
   </trkpt>
   <trkpt lat="4.8290360" lon="-75.6695410">
    <ele>1454.5</ele>
   </trkpt>
   <trkpt lat="4.8290540" lon="-75.6695390">
    <ele>1454.4</ele>
   </trkpt>
   <trkpt lat="4.8290710" lon="-75.6695360">
    <ele>1454.4</ele>
   </trkpt>
   <trkpt lat="4.8290870" lon="-75.6695320">
    <ele>1454.3</ele>
   </trkpt>
   <trkpt lat="4.8291040" lon="-75.6695270">
    <ele>1454.2</ele>
   </trkpt>
   <trkpt lat="4.8291200" lon="-75.6695160">
    <ele>1454.1</ele>
   </trkpt>
   <trkpt lat="4.8291340" lon="-75.6695050">
    <ele>1454.0</ele>
   </trkpt>
   <trkpt lat="4.8291490" lon="-75.6694930">
    <ele>1453.9</ele>
   </trkpt>
   <trkpt lat="4.8291610" lon="-75.6694800">
    <ele>1453.9</ele>
   </trkpt>
   <trkpt lat="4.8291710" lon="-75.6694700">
    <ele>1453.9</ele>
   </trkpt>
   <trkpt lat="4.8291810" lon="-75.6694590">
    <ele>1453.8</ele>
   </trkpt>
   <trkpt lat="4.8291910" lon="-75.6694460">
    <ele>1453.8</ele>
   </trkpt>
   <trkpt lat="4.8291990" lon="-75.6694320">
    <ele>1453.8</ele>
   </trkpt>
   <trkpt lat="4.8292060" lon="-75.6694170">
    <ele>1453.7</ele>
   </trkpt>
   <trkpt lat="4.8292110" lon="-75.6694020">
    <ele>1453.7</ele>
   </trkpt>
   <trkpt lat="4.8292150" lon="-75.6693870">
    <ele>1453.7</ele>
   </trkpt>
   <trkpt lat="4.8292180" lon="-75.6693720">
    <ele>1453.7</ele>
   </trkpt>
   <trkpt lat="4.8292190" lon="-75.6693580">
    <ele>1453.7</ele>
   </trkpt>
   <trkpt lat="4.8292200" lon="-75.6693420">
    <ele>1453.7</ele>
   </trkpt>
   <trkpt lat="4.8292210" lon="-75.6693270">
    <ele>1453.7</ele>
   </trkpt>
   <trkpt lat="4.8292220" lon="-75.6693100">
    <ele>1453.7</ele>
   </trkpt>
   <trkpt lat="4.8292220" lon="-75.6692920">
    <ele>1453.8</ele>
   </trkpt>
   <trkpt lat="4.8292220" lon="-75.6692750">
    <ele>1453.8</ele>
   </trkpt>
   <trkpt lat="4.8292220" lon="-75.6692580">
    <ele>1453.8</ele>
   </trkpt>
   <trkpt lat="4.8292220" lon="-75.6692410">
    <ele>1453.9</ele>
   </trkpt>
   <trkpt lat="4.8292230" lon="-75.6692250">
    <ele>1453.9</ele>
   </trkpt>
   <trkpt lat="4.8292230" lon="-75.6692090">
    <ele>1453.9</ele>
   </trkpt>
   <trkpt lat="4.8292240" lon="-75.6691940">
    <ele>1454.0</ele>
   </trkpt>
   <trkpt lat="4.8292260" lon="-75.6691790">
    <ele>1454.0</ele>
   </trkpt>
   <trkpt lat="4.8292270" lon="-75.6691680">
    <ele>1454.1</ele>
   </trkpt>
   <trkpt lat="4.8292280" lon="-75.6691550">
    <ele>1454.1</ele>
   </trkpt>
   <trkpt lat="4.8292300" lon="-75.6691390">
    <ele>1454.2</ele>
   </trkpt>
   <trkpt lat="4.8292310" lon="-75.6691200">
    <ele>1454.2</ele>
   </trkpt>
   <trkpt lat="4.8292320" lon="-75.6691010">
    <ele>1454.3</ele>
   </trkpt>
   <trkpt lat="4.8292330" lon="-75.6690820">
    <ele>1454.4</ele>
   </trkpt>
   <trkpt lat="4.8292330" lon="-75.6690650">
    <ele>1454.4</ele>
   </trkpt>
   <trkpt lat="4.8292340" lon="-75.6690480">
    <ele>1454.5</ele>
   </trkpt>
   <trkpt lat="4.8292340" lon="-75.6690320">
    <ele>1454.6</ele>
   </trkpt>
   <trkpt lat="4.8292350" lon="-75.6690140">
    <ele>1454.6</ele>
   </trkpt>
   <trkpt lat="4.8292350" lon="-75.6689960">
    <ele>1454.7</ele>
   </trkpt>
   <trkpt lat="4.8292360" lon="-75.6689770">
    <ele>1454.8</ele>
   </trkpt>
   <trkpt lat="4.8292360" lon="-75.6689580">
    <ele>1454.9</ele>
   </trkpt>
   <trkpt lat="4.8292360" lon="-75.6689390">
    <ele>1455.0</ele>
   </trkpt>
   <trkpt lat="4.8292370" lon="-75.6689200">
    <ele>1455.0</ele>
   </trkpt>
   <trkpt lat="4.8292370" lon="-75.6689020">
    <ele>1455.1</ele>
   </trkpt>
   <trkpt lat="4.8292370" lon="-75.6688830">
    <ele>1455.2</ele>
   </trkpt>
   <trkpt lat="4.8292370" lon="-75.6688640">
    <ele>1455.3</ele>
   </trkpt>
   <trkpt lat="4.8292370" lon="-75.6688450">
    <ele>1455.4</ele>
   </trkpt>
   <trkpt lat="4.8292360" lon="-75.6688260">
    <ele>1455.4</ele>
   </trkpt>
   <trkpt lat="4.8292360" lon="-75.6688080">
    <ele>1455.5</ele>
   </trkpt>
   <trkpt lat="4.8292350" lon="-75.6687890">
    <ele>1455.6</ele>
   </trkpt>
   <trkpt lat="4.8292350" lon="-75.6687710">
    <ele>1455.7</ele>
   </trkpt>
   <trkpt lat="4.8292340" lon="-75.6687530">
    <ele>1455.8</ele>
   </trkpt>
   <trkpt lat="4.8292340" lon="-75.6687340">
    <ele>1455.8</ele>
   </trkpt>
   <trkpt lat="4.8292330" lon="-75.6687160">
    <ele>1455.9</ele>
   </trkpt>
   <trkpt lat="4.8292330" lon="-75.6686980">
    <ele>1456.0</ele>
   </trkpt>
   <trkpt lat="4.8292320" lon="-75.6686800">
    <ele>1456.1</ele>
   </trkpt>
   <trkpt lat="4.8292320" lon="-75.6686610">
    <ele>1456.2</ele>
   </trkpt>
   <trkpt lat="4.8292320" lon="-75.6686430">
    <ele>1456.2</ele>
   </trkpt>
   <trkpt lat="4.8292320" lon="-75.6686250">
    <ele>1456.3</ele>
   </trkpt>
   <trkpt lat="4.8292320" lon="-75.6686080">
    <ele>1456.4</ele>
   </trkpt>
   <trkpt lat="4.8292320" lon="-75.6685920">
    <ele>1456.5</ele>
   </trkpt>
   <trkpt lat="4.8292320" lon="-75.6685780">
    <ele>1456.5</ele>
   </trkpt>
   <trkpt lat="4.8292320" lon="-75.6685660">
    <ele>1456.6</ele>
   </trkpt>
   <trkpt lat="4.8292320" lon="-75.6685540">
    <ele>1456.6</ele>
   </trkpt>
   <trkpt lat="4.8292320" lon="-75.6685410">
    <ele>1456.7</ele>
   </trkpt>
   <trkpt lat="4.8292320" lon="-75.6685260">
    <ele>1456.8</ele>
   </trkpt>
   <trkpt lat="4.8292320" lon="-75.6685100">
    <ele>1456.8</ele>
   </trkpt>
   <trkpt lat="4.8292320" lon="-75.6684930">
    <ele>1456.9</ele>
   </trkpt>
   <trkpt lat="4.8292310" lon="-75.6684760">
    <ele>1457.0</ele>
   </trkpt>
   <trkpt lat="4.8292310" lon="-75.6684580">
    <ele>1457.1</ele>
   </trkpt>
   <trkpt lat="4.8292310" lon="-75.6684400">
    <ele>1457.2</ele>
   </trkpt>
   <trkpt lat="4.8292300" lon="-75.6684210">
    <ele>1457.3</ele>
   </trkpt>
   <trkpt lat="4.8292300" lon="-75.6684030">
    <ele>1457.4</ele>
   </trkpt>
   <trkpt lat="4.8292290" lon="-75.6683840">
    <ele>1457.5</ele>
   </trkpt>
   <trkpt lat="4.8292290" lon="-75.6683660">
    <ele>1457.6</ele>
   </trkpt>
   <trkpt lat="4.8292280" lon="-75.6683470">
    <ele>1457.7</ele>
   </trkpt>
   <trkpt lat="4.8292280" lon="-75.6683280">
    <ele>1457.8</ele>
   </trkpt>
   <trkpt lat="4.8292270" lon="-75.6683090">
    <ele>1457.9</ele>
   </trkpt>
   <trkpt lat="4.8292270" lon="-75.6682890">
    <ele>1458.0</ele>
   </trkpt>
   <trkpt lat="4.8292260" lon="-75.6682700">
    <ele>1458.1</ele>
   </trkpt>
   <trkpt lat="4.8292250" lon="-75.6682500">
    <ele>1458.2</ele>
   </trkpt>
   <trkpt lat="4.8292250" lon="-75.6682300">
    <ele>1458.3</ele>
   </trkpt>
   <trkpt lat="4.8292240" lon="-75.6682100">
    <ele>1458.4</ele>
   </trkpt>
   <trkpt lat="4.8292240" lon="-75.6681890">
    <ele>1458.5</ele>
   </trkpt>
   <trkpt lat="4.8292230" lon="-75.6681700">
    <ele>1458.6</ele>
   </trkpt>
   <trkpt lat="4.8292230" lon="-75.6681540">
    <ele>1458.7</ele>
   </trkpt>
   <trkpt lat="4.8292230" lon="-75.6681410">
    <ele>1458.7</ele>
   </trkpt>
   <trkpt lat="4.8292220" lon="-75.6681310">
    <ele>1458.8</ele>
   </trkpt>
   <trkpt lat="4.8292220" lon="-75.6681230">
    <ele>1458.8</ele>
   </trkpt>
   <trkpt lat="4.8292220" lon="-75.6681120">
    <ele>1458.9</ele>
   </trkpt>
   <trkpt lat="4.8292220" lon="-75.6680990">
    <ele>1459.0</ele>
   </trkpt>
   <trkpt lat="4.8292220" lon="-75.6680830">
    <ele>1459.0</ele>
   </trkpt>
   <trkpt lat="4.8292220" lon="-75.6680650">
    <ele>1459.1</ele>
   </trkpt>
   <trkpt lat="4.8292220" lon="-75.6680470">
    <ele>1459.2</ele>
   </trkpt>
   <trkpt lat="4.8292220" lon="-75.6680290">
    <ele>1459.3</ele>
   </trkpt>
   <trkpt lat="4.8292230" lon="-75.6680100">
    <ele>1459.4</ele>
   </trkpt>
   <trkpt lat="4.8292230" lon="-75.6679910">
    <ele>1459.6</ele>
   </trkpt>
   <trkpt lat="4.8292230" lon="-75.6679730">
    <ele>1459.7</ele>
   </trkpt>
   <trkpt lat="4.8292230" lon="-75.6679550">
    <ele>1459.8</ele>
   </trkpt>
   <trkpt lat="4.8292230" lon="-75.6679370">
    <ele>1459.9</ele>
   </trkpt>
   <trkpt lat="4.8292230" lon="-75.6679200">
    <ele>1459.9</ele>
   </trkpt>
   <trkpt lat="4.8292230" lon="-75.6679030">
    <ele>1460.0</ele>
   </trkpt>
   <trkpt lat="4.8292230" lon="-75.6678860">
    <ele>1460.1</ele>
   </trkpt>
   <trkpt lat="4.8292230" lon="-75.6678690">
    <ele>1460.2</ele>
   </trkpt>
   <trkpt lat="4.8292220" lon="-75.6678520">
    <ele>1460.2</ele>
   </trkpt>
   <trkpt lat="4.8292220" lon="-75.6678360">
    <ele>1460.3</ele>
   </trkpt>
   <trkpt lat="4.8292210" lon="-75.6678190">
    <ele>1460.4</ele>
   </trkpt>
   <trkpt lat="4.8292210" lon="-75.6678020">
    <ele>1460.5</ele>
   </trkpt>
   <trkpt lat="4.8292200" lon="-75.6677850">
    <ele>1460.5</ele>
   </trkpt>
   <trkpt lat="4.8292190" lon="-75.6677670">
    <ele>1460.6</ele>
   </trkpt>
   <trkpt lat="4.8292200" lon="-75.6677500">
    <ele>1460.7</ele>
   </trkpt>
   <trkpt lat="4.8292210" lon="-75.6677330">
    <ele>1460.8</ele>
   </trkpt>
   <trkpt lat="4.8292220" lon="-75.6677150">
    <ele>1460.8</ele>
   </trkpt>
   <trkpt lat="4.8292240" lon="-75.6676970">
    <ele>1460.9</ele>
   </trkpt>
   <trkpt lat="4.8292240" lon="-75.6676800">
    <ele>1461.0</ele>
   </trkpt>
   <trkpt lat="4.8292250" lon="-75.6676620">
    <ele>1461.1</ele>
   </trkpt>
   <trkpt lat="4.8292250" lon="-75.6676440">
    <ele>1461.2</ele>
   </trkpt>
   <trkpt lat="4.8292250" lon="-75.6676260">
    <ele>1461.2</ele>
   </trkpt>
   <trkpt lat="4.8292250" lon="-75.6676070">
    <ele>1461.3</ele>
   </trkpt>
   <trkpt lat="4.8292240" lon="-75.6675890">
    <ele>1461.4</ele>
   </trkpt>
   <trkpt lat="4.8292240" lon="-75.6675710">
    <ele>1461.5</ele>
   </trkpt>
   <trkpt lat="4.8292230" lon="-75.6675530">
    <ele>1461.6</ele>
   </trkpt>
   <trkpt lat="4.8292230" lon="-75.6675340">
    <ele>1461.7</ele>
   </trkpt>
   <trkpt lat="4.8292220" lon="-75.6675160">
    <ele>1461.8</ele>
   </trkpt>
   <trkpt lat="4.8292210" lon="-75.6674980">
    <ele>1462.0</ele>
   </trkpt>
   <trkpt lat="4.8292200" lon="-75.6674810">
    <ele>1462.1</ele>
   </trkpt>
   <trkpt lat="4.8292190" lon="-75.6674630">
    <ele>1462.2</ele>
   </trkpt>
   <trkpt lat="4.8292180" lon="-75.6674450">
    <ele>1462.3</ele>
   </trkpt>
   <trkpt lat="4.8292170" lon="-75.6674280">
    <ele>1462.4</ele>
   </trkpt>
   <trkpt lat="4.8292160" lon="-75.6674100">
    <ele>1462.5</ele>
   </trkpt>
   <trkpt lat="4.8292150" lon="-75.6673920">
    <ele>1462.6</ele>
   </trkpt>
   <trkpt lat="4.8292140" lon="-75.6673730">
    <ele>1462.8</ele>
   </trkpt>
   <trkpt lat="4.8292130" lon="-75.6673540">
    <ele>1462.9</ele>
   </trkpt>
   <trkpt lat="4.8292130" lon="-75.6673350">
    <ele>1463.0</ele>
   </trkpt>
   <trkpt lat="4.8292120" lon="-75.6673160">
    <ele>1463.1</ele>
   </trkpt>
   <trkpt lat="4.8292120" lon="-75.6672960">
    <ele>1463.2</ele>
   </trkpt>
   <trkpt lat="4.8292110" lon="-75.6672760">
    <ele>1463.3</ele>
   </trkpt>
   <trkpt lat="4.8292110" lon="-75.6672560">
    <ele>1463.5</ele>
   </trkpt>
   <trkpt lat="4.8292110" lon="-75.6672360">
    <ele>1463.5</ele>
   </trkpt>
   <trkpt lat="4.8292110" lon="-75.6672160">
    <ele>1463.6</ele>
   </trkpt>
   <trkpt lat="4.8292110" lon="-75.6671970">
    <ele>1463.7</ele>
   </trkpt>
   <trkpt lat="4.8292110" lon="-75.6671790">
    <ele>1463.7</ele>
   </trkpt>
   <trkpt lat="4.8292120" lon="-75.6671630">
    <ele>1463.7</ele>
   </trkpt>
   <trkpt lat="4.8292120" lon="-75.6671500">
    <ele>1463.8</ele>
   </trkpt>
   <trkpt lat="4.8292130" lon="-75.6671380">
    <ele>1463.8</ele>
   </trkpt>
   <trkpt lat="4.8292130" lon="-75.6671260">
    <ele>1463.8</ele>
   </trkpt>
   <trkpt lat="4.8292140" lon="-75.6671130">
    <ele>1463.8</ele>
   </trkpt>
   <trkpt lat="4.8292140" lon="-75.6671000">
    <ele>1463.9</ele>
   </trkpt>
   <trkpt lat="4.8292140" lon="-75.6670860">
    <ele>1463.9</ele>
   </trkpt>
   <trkpt lat="4.8292140" lon="-75.6670710">
    <ele>1463.9</ele>
   </trkpt>
   <trkpt lat="4.8292130" lon="-75.6670540">
    <ele>1464.0</ele>
   </trkpt>
   <trkpt lat="4.8292130" lon="-75.6670370">
    <ele>1464.0</ele>
   </trkpt>
   <trkpt lat="4.8292120" lon="-75.6670190">
    <ele>1464.0</ele>
   </trkpt>
   <trkpt lat="4.8292120" lon="-75.6670010">
    <ele>1464.1</ele>
   </trkpt>
   <trkpt lat="4.8292130" lon="-75.6669840">
    <ele>1464.1</ele>
   </trkpt>
   <trkpt lat="4.8292130" lon="-75.6669670">
    <ele>1464.1</ele>
   </trkpt>
   <trkpt lat="4.8292130" lon="-75.6669500">
    <ele>1464.2</ele>
   </trkpt>
   <trkpt lat="4.8292140" lon="-75.6669330">
    <ele>1464.2</ele>
   </trkpt>
   <trkpt lat="4.8292140" lon="-75.6669160">
    <ele>1464.2</ele>
   </trkpt>
   <trkpt lat="4.8292140" lon="-75.6668990">
    <ele>1464.3</ele>
   </trkpt>
   <trkpt lat="4.8292150" lon="-75.6668820">
    <ele>1464.3</ele>
   </trkpt>
   <trkpt lat="4.8292150" lon="-75.6668640">
    <ele>1464.4</ele>
   </trkpt>
   <trkpt lat="4.8292150" lon="-75.6668470">
    <ele>1464.5</ele>
   </trkpt>
   <trkpt lat="4.8292160" lon="-75.6668300">
    <ele>1464.6</ele>
   </trkpt>
   <trkpt lat="4.8292160" lon="-75.6668120">
    <ele>1464.6</ele>
   </trkpt>
   <trkpt lat="4.8292160" lon="-75.6667950">
    <ele>1464.7</ele>
   </trkpt>
   <trkpt lat="4.8292160" lon="-75.6667780">
    <ele>1464.8</ele>
   </trkpt>
   <trkpt lat="4.8292160" lon="-75.6667620">
    <ele>1464.9</ele>
   </trkpt>
   <trkpt lat="4.8292150" lon="-75.6667450">
    <ele>1465.0</ele>
   </trkpt>
   <trkpt lat="4.8292150" lon="-75.6667280">
    <ele>1465.1</ele>
   </trkpt>
   <trkpt lat="4.8292150" lon="-75.6667090">
    <ele>1465.2</ele>
   </trkpt>
   <trkpt lat="4.8292150" lon="-75.6666910">
    <ele>1465.3</ele>
   </trkpt>
   <trkpt lat="4.8292150" lon="-75.6666720">
    <ele>1465.4</ele>
   </trkpt>
   <trkpt lat="4.8292160" lon="-75.6666530">
    <ele>1465.5</ele>
   </trkpt>
   <trkpt lat="4.8292170" lon="-75.6666370">
    <ele>1465.6</ele>
   </trkpt>
   <trkpt lat="4.8292160" lon="-75.6666210">
    <ele>1465.7</ele>
   </trkpt>
   <trkpt lat="4.8292160" lon="-75.6666050">
    <ele>1465.8</ele>
   </trkpt>
   <trkpt lat="4.8292150" lon="-75.6665900">
    <ele>1465.9</ele>
   </trkpt>
   <trkpt lat="4.8292130" lon="-75.6665740">
    <ele>1466.0</ele>
   </trkpt>
   <trkpt lat="4.8292130" lon="-75.6665570">
    <ele>1466.1</ele>
   </trkpt>
   <trkpt lat="4.8292120" lon="-75.6665400">
    <ele>1466.2</ele>
   </trkpt>
   <trkpt lat="4.8292120" lon="-75.6665230">
    <ele>1466.3</ele>
   </trkpt>
   <trkpt lat="4.8292120" lon="-75.6665040">
    <ele>1466.5</ele>
   </trkpt>
   <trkpt lat="4.8292110" lon="-75.6664850">
    <ele>1466.6</ele>
   </trkpt>
   <trkpt lat="4.8292110" lon="-75.6664650">
    <ele>1466.8</ele>
   </trkpt>
   <trkpt lat="4.8292110" lon="-75.6664460">
    <ele>1466.9</ele>
   </trkpt>
   <trkpt lat="4.8292110" lon="-75.6664260">
    <ele>1467.1</ele>
   </trkpt>
   <trkpt lat="4.8292100" lon="-75.6664080">
    <ele>1467.2</ele>
   </trkpt>
   <trkpt lat="4.8292120" lon="-75.6663880">
    <ele>1467.3</ele>
   </trkpt>
   <trkpt lat="4.8292130" lon="-75.6663700">
    <ele>1467.5</ele>
   </trkpt>
   <trkpt lat="4.8292160" lon="-75.6663520">
    <ele>1467.6</ele>
   </trkpt>
   <trkpt lat="4.8292190" lon="-75.6663340">
    <ele>1467.7</ele>
   </trkpt>
   <trkpt lat="4.8292200" lon="-75.6663180">
    <ele>1467.9</ele>
   </trkpt>
   <trkpt lat="4.8292220" lon="-75.6663010">
    <ele>1468.0</ele>
   </trkpt>
   <trkpt lat="4.8292240" lon="-75.6662850">
    <ele>1468.1</ele>
   </trkpt>
   <trkpt lat="4.8292250" lon="-75.6662690">
    <ele>1468.2</ele>
   </trkpt>
   <trkpt lat="4.8292270" lon="-75.6662520">
    <ele>1468.4</ele>
   </trkpt>
   <trkpt lat="4.8292280" lon="-75.6662360">
    <ele>1468.5</ele>
   </trkpt>
   <trkpt lat="4.8292300" lon="-75.6662200">
    <ele>1468.7</ele>
   </trkpt>
   <trkpt lat="4.8292320" lon="-75.6662040">
    <ele>1468.9</ele>
   </trkpt>
   <trkpt lat="4.8292330" lon="-75.6661870">
    <ele>1469.0</ele>
   </trkpt>
   <trkpt lat="4.8292350" lon="-75.6661710">
    <ele>1469.2</ele>
   </trkpt>
   <trkpt lat="4.8292370" lon="-75.6661530">
    <ele>1469.4</ele>
   </trkpt>
   <trkpt lat="4.8292390" lon="-75.6661350">
    <ele>1469.5</ele>
   </trkpt>
   <trkpt lat="4.8292400" lon="-75.6661180">
    <ele>1469.7</ele>
   </trkpt>
   <trkpt lat="4.8292420" lon="-75.6661040">
    <ele>1469.8</ele>
   </trkpt>
   <trkpt lat="4.8292430" lon="-75.6660950">
    <ele>1469.9</ele>
   </trkpt>
   <trkpt lat="4.8292440" lon="-75.6660920">
    <ele>1470.0</ele>
   </trkpt>
   <trkpt lat="4.8292450" lon="-75.6660880">
    <ele>1470.0</ele>
   </trkpt>
   <trkpt lat="4.8292480" lon="-75.6660830">
    <ele>1470.1</ele>
   </trkpt>
   <trkpt lat="4.8292520" lon="-75.6660740">
    <ele>1470.2</ele>
   </trkpt>
   <trkpt lat="4.8292570" lon="-75.6660620">
    <ele>1470.3</ele>
   </trkpt>
   <trkpt lat="4.8292630" lon="-75.6660490">
    <ele>1470.4</ele>
   </trkpt>
   <trkpt lat="4.8292700" lon="-75.6660360">
    <ele>1470.6</ele>
   </trkpt>
   <trkpt lat="4.8292770" lon="-75.6660220">
    <ele>1470.7</ele>
   </trkpt>
   <trkpt lat="4.8292850" lon="-75.6660080">
    <ele>1470.9</ele>
   </trkpt>
   <trkpt lat="4.8292920" lon="-75.6659930">
    <ele>1471.0</ele>
   </trkpt>
   <trkpt lat="4.8293000" lon="-75.6659770">
    <ele>1471.2</ele>
   </trkpt>
   <trkpt lat="4.8293080" lon="-75.6659620">
    <ele>1471.3</ele>
   </trkpt>
   <trkpt lat="4.8293160" lon="-75.6659460">
    <ele>1471.4</ele>
   </trkpt>
   <trkpt lat="4.8293230" lon="-75.6659310">
    <ele>1471.6</ele>
   </trkpt>
   <trkpt lat="4.8293310" lon="-75.6659160">
    <ele>1471.7</ele>
   </trkpt>
   <trkpt lat="4.8293380" lon="-75.6659010">
    <ele>1471.8</ele>
   </trkpt>
   <trkpt lat="4.8293450" lon="-75.6658860">
    <ele>1471.9</ele>
   </trkpt>
   <trkpt lat="4.8293530" lon="-75.6658710">
    <ele>1472.1</ele>
   </trkpt>
   <trkpt lat="4.8293590" lon="-75.6658570">
    <ele>1472.2</ele>
   </trkpt>
   <trkpt lat="4.8293650" lon="-75.6658440">
    <ele>1472.3</ele>
   </trkpt>
   <trkpt lat="4.8293710" lon="-75.6658330">
    <ele>1472.4</ele>
   </trkpt>
   <trkpt lat="4.8293760" lon="-75.6658220">
    <ele>1472.5</ele>
   </trkpt>
   <trkpt lat="4.8293820" lon="-75.6658110">
    <ele>1472.6</ele>
   </trkpt>
   <trkpt lat="4.8293880" lon="-75.6657980">
    <ele>1472.7</ele>
   </trkpt>
   <trkpt lat="4.8293950" lon="-75.6657850">
    <ele>1472.8</ele>
   </trkpt>
   <trkpt lat="4.8294010" lon="-75.6657720">
    <ele>1472.9</ele>
   </trkpt>
   <trkpt lat="4.8294080" lon="-75.6657590">
    <ele>1473.0</ele>
   </trkpt>
   <trkpt lat="4.8294140" lon="-75.6657460">
    <ele>1473.1</ele>
   </trkpt>
   <trkpt lat="4.8294210" lon="-75.6657320">
    <ele>1473.2</ele>
   </trkpt>
   <trkpt lat="4.8294280" lon="-75.6657180">
    <ele>1473.4</ele>
   </trkpt>
   <trkpt lat="4.8294360" lon="-75.6657040">
    <ele>1473.5</ele>
   </trkpt>
   <trkpt lat="4.8294430" lon="-75.6656890">
    <ele>1473.6</ele>
   </trkpt>
   <trkpt lat="4.8294510" lon="-75.6656750">
    <ele>1473.7</ele>
   </trkpt>
   <trkpt lat="4.8294590" lon="-75.6656600">
    <ele>1473.9</ele>
   </trkpt>
   <trkpt lat="4.8294670" lon="-75.6656450">
    <ele>1474.1</ele>
   </trkpt>
   <trkpt lat="4.8294750" lon="-75.6656300">
    <ele>1474.2</ele>
   </trkpt>
   <trkpt lat="4.8294830" lon="-75.6656150">
    <ele>1474.4</ele>
   </trkpt>
   <trkpt lat="4.8294910" lon="-75.6656000">
    <ele>1474.5</ele>
   </trkpt>
   <trkpt lat="4.8294990" lon="-75.6655850">
    <ele>1474.7</ele>
   </trkpt>
   <trkpt lat="4.8295070" lon="-75.6655690">
    <ele>1474.9</ele>
   </trkpt>
   <trkpt lat="4.8295150" lon="-75.6655530">
    <ele>1475.0</ele>
   </trkpt>
   <trkpt lat="4.8295230" lon="-75.6655370">
    <ele>1475.2</ele>
   </trkpt>
   <trkpt lat="4.8295310" lon="-75.6655220">
    <ele>1475.3</ele>
   </trkpt>
   <trkpt lat="4.8295390" lon="-75.6655070">
    <ele>1475.5</ele>
   </trkpt>
   <trkpt lat="4.8295460" lon="-75.6654920">
    <ele>1475.7</ele>
   </trkpt>
   <trkpt lat="4.8295540" lon="-75.6654780">
    <ele>1475.8</ele>
   </trkpt>
   <trkpt lat="4.8295610" lon="-75.6654650">
    <ele>1476.0</ele>
   </trkpt>
   <trkpt lat="4.8295690" lon="-75.6654510">
    <ele>1476.1</ele>
   </trkpt>
   <trkpt lat="4.8295760" lon="-75.6654370">
    <ele>1476.2</ele>
   </trkpt>
   <trkpt lat="4.8295840" lon="-75.6654230">
    <ele>1476.4</ele>
   </trkpt>
   <trkpt lat="4.8295910" lon="-75.6654080">
    <ele>1476.5</ele>
   </trkpt>
   <trkpt lat="4.8295990" lon="-75.6653940">
    <ele>1476.7</ele>
   </trkpt>
   <trkpt lat="4.8296070" lon="-75.6653790">
    <ele>1476.8</ele>
   </trkpt>
   <trkpt lat="4.8296140" lon="-75.6653640">
    <ele>1477.0</ele>
   </trkpt>
   <trkpt lat="4.8296220" lon="-75.6653500">
    <ele>1477.1</ele>
   </trkpt>
   <trkpt lat="4.8296300" lon="-75.6653350">
    <ele>1477.3</ele>
   </trkpt>
   <trkpt lat="4.8296380" lon="-75.6653210">
    <ele>1477.4</ele>
   </trkpt>
   <trkpt lat="4.8296460" lon="-75.6653060">
    <ele>1477.6</ele>
   </trkpt>
   <trkpt lat="4.8296540" lon="-75.6652930">
    <ele>1477.7</ele>
   </trkpt>
   <trkpt lat="4.8296610" lon="-75.6652800">
    <ele>1477.8</ele>
   </trkpt>
   <trkpt lat="4.8296680" lon="-75.6652670">
    <ele>1478.0</ele>
   </trkpt>
   <trkpt lat="4.8296750" lon="-75.6652550">
    <ele>1478.1</ele>
   </trkpt>
   <trkpt lat="4.8296810" lon="-75.6652420">
    <ele>1478.2</ele>
   </trkpt>
   <trkpt lat="4.8296880" lon="-75.6652290">
    <ele>1478.4</ele>
   </trkpt>
   <trkpt lat="4.8296950" lon="-75.6652150">
    <ele>1478.5</ele>
   </trkpt>
   <trkpt lat="4.8297010" lon="-75.6652020">
    <ele>1478.7</ele>
   </trkpt>
   <trkpt lat="4.8297080" lon="-75.6651870">
    <ele>1478.8</ele>
   </trkpt>
   <trkpt lat="4.8297160" lon="-75.6651710">
    <ele>1479.0</ele>
   </trkpt>
   <trkpt lat="4.8297240" lon="-75.6651540">
    <ele>1479.1</ele>
   </trkpt>
   <trkpt lat="4.8297320" lon="-75.6651360">
    <ele>1479.3</ele>
   </trkpt>
   <trkpt lat="4.8297390" lon="-75.6651180">
    <ele>1479.5</ele>
   </trkpt>
   <trkpt lat="4.8297460" lon="-75.6651000">
    <ele>1479.7</ele>
   </trkpt>
   <trkpt lat="4.8297540" lon="-75.6650820">
    <ele>1479.9</ele>
   </trkpt>
   <trkpt lat="4.8297610" lon="-75.6650650">
    <ele>1480.0</ele>
   </trkpt>
   <trkpt lat="4.8297650" lon="-75.6650500">
    <ele>1480.2</ele>
   </trkpt>
   <trkpt lat="4.8297680" lon="-75.6650380">
    <ele>1480.3</ele>
   </trkpt>
   <trkpt lat="4.8297680" lon="-75.6650290">
    <ele>1480.4</ele>
   </trkpt>
   <trkpt lat="4.8297690" lon="-75.6650210">
    <ele>1480.4</ele>
   </trkpt>
   <trkpt lat="4.8297700" lon="-75.6650130">
    <ele>1480.5</ele>
   </trkpt>
   <trkpt lat="4.8297740" lon="-75.6650030">
    <ele>1480.6</ele>
   </trkpt>
   <trkpt lat="4.8297790" lon="-75.6649920">
    <ele>1480.7</ele>
   </trkpt>
   <trkpt lat="4.8297860" lon="-75.6649790">
    <ele>1480.9</ele>
   </trkpt>
   <trkpt lat="4.8297930" lon="-75.6649650">
    <ele>1481.0</ele>
   </trkpt>
   <trkpt lat="4.8298010" lon="-75.6649510">
    <ele>1481.1</ele>
   </trkpt>
   <trkpt lat="4.8298090" lon="-75.6649350">
    <ele>1481.3</ele>
   </trkpt>
   <trkpt lat="4.8298180" lon="-75.6649190">
    <ele>1481.5</ele>
   </trkpt>
   <trkpt lat="4.8298270" lon="-75.6649020">
    <ele>1481.7</ele>
   </trkpt>
   <trkpt lat="4.8298360" lon="-75.6648870">
    <ele>1481.8</ele>
   </trkpt>
   <trkpt lat="4.8298440" lon="-75.6648730">
    <ele>1482.0</ele>
   </trkpt>
   <trkpt lat="4.8298510" lon="-75.6648600">
    <ele>1482.1</ele>
   </trkpt>
   <trkpt lat="4.8298580" lon="-75.6648470">
    <ele>1482.2</ele>
   </trkpt>
   <trkpt lat="4.8298660" lon="-75.6648330">
    <ele>1482.4</ele>
   </trkpt>
   <trkpt lat="4.8298760" lon="-75.6648170">
    <ele>1482.5</ele>
   </trkpt>
   <trkpt lat="4.8298860" lon="-75.6648000">
    <ele>1482.7</ele>
   </trkpt>
   <trkpt lat="4.8298960" lon="-75.6647830">
    <ele>1482.9</ele>
   </trkpt>
   <trkpt lat="4.8299060" lon="-75.6647640">
    <ele>1483.0</ele>
   </trkpt>
   <trkpt lat="4.8299170" lon="-75.6647450">
    <ele>1483.2</ele>
   </trkpt>
   <trkpt lat="4.8299280" lon="-75.6647260">
    <ele>1483.4</ele>
   </trkpt>
   <trkpt lat="4.8299390" lon="-75.6647060">
    <ele>1483.6</ele>
   </trkpt>
   <trkpt lat="4.8299490" lon="-75.6646870">
    <ele>1483.8</ele>
   </trkpt>
   <trkpt lat="4.8299590" lon="-75.6646690">
    <ele>1483.9</ele>
   </trkpt>
   <trkpt lat="4.8299690" lon="-75.6646500">
    <ele>1484.1</ele>
   </trkpt>
   <trkpt lat="4.8299790" lon="-75.6646330">
    <ele>1484.1</ele>
   </trkpt>
   <trkpt lat="4.8299880" lon="-75.6646140">
    <ele>1484.1</ele>
   </trkpt>
   <trkpt lat="4.8299980" lon="-75.6645960">
    <ele>1484.3</ele>
   </trkpt>
   <trkpt lat="4.8300080" lon="-75.6645780">
    <ele>1484.4</ele>
   </trkpt>
   <trkpt lat="4.8300180" lon="-75.6645600">
    <ele>1484.6</ele>
   </trkpt>
   <trkpt lat="4.8300280" lon="-75.6645420">
    <ele>1484.8</ele>
   </trkpt>
   <trkpt lat="4.8300380" lon="-75.6645240">
    <ele>1484.9</ele>
   </trkpt>
   <trkpt lat="4.8300480" lon="-75.6645060">
    <ele>1485.1</ele>
   </trkpt>
   <trkpt lat="4.8300580" lon="-75.6644890">
    <ele>1485.3</ele>
   </trkpt>
   <trkpt lat="4.8300670" lon="-75.6644720">
    <ele>1485.4</ele>
   </trkpt>
   <trkpt lat="4.8300750" lon="-75.6644570">
    <ele>1485.6</ele>
   </trkpt>
   <trkpt lat="4.8300830" lon="-75.6644430">
    <ele>1485.7</ele>
   </trkpt>
   <trkpt lat="4.8300910" lon="-75.6644290">
    <ele>1485.8</ele>
   </trkpt>
   <trkpt lat="4.8300980" lon="-75.6644160">
    <ele>1485.9</ele>
   </trkpt>
   <trkpt lat="4.8301050" lon="-75.6644030">
    <ele>1486.1</ele>
   </trkpt>
   <trkpt lat="4.8301120" lon="-75.6643930">
    <ele>1486.2</ele>
   </trkpt>
   <trkpt lat="4.8301180" lon="-75.6643830">
    <ele>1486.2</ele>
   </trkpt>
   <trkpt lat="4.8301250" lon="-75.6643730">
    <ele>1486.3</ele>
   </trkpt>
   <trkpt lat="4.8301320" lon="-75.6643620">
    <ele>1486.5</ele>
   </trkpt>
   <trkpt lat="4.8301390" lon="-75.6643520">
    <ele>1486.5</ele>
   </trkpt>
   <trkpt lat="4.8301460" lon="-75.6643400">
    <ele>1486.7</ele>
   </trkpt>
   <trkpt lat="4.8301540" lon="-75.6643260">
    <ele>1486.8</ele>
   </trkpt>
   <trkpt lat="4.8301620" lon="-75.6643120">
    <ele>1486.9</ele>
   </trkpt>
   <trkpt lat="4.8301710" lon="-75.6642950">
    <ele>1487.1</ele>
   </trkpt>
   <trkpt lat="4.8301790" lon="-75.6642790">
    <ele>1487.2</ele>
   </trkpt>
   <trkpt lat="4.8301860" lon="-75.6642640">
    <ele>1487.4</ele>
   </trkpt>
   <trkpt lat="4.8301940" lon="-75.6642480">
    <ele>1487.5</ele>
   </trkpt>
   <trkpt lat="4.8302010" lon="-75.6642330">
    <ele>1487.6</ele>
   </trkpt>
   <trkpt lat="4.8302100" lon="-75.6642160">
    <ele>1487.8</ele>
   </trkpt>
   <trkpt lat="4.8302180" lon="-75.6641980">
    <ele>1487.9</ele>
   </trkpt>
   <trkpt lat="4.8302270" lon="-75.6641800">
    <ele>1488.1</ele>
   </trkpt>
   <trkpt lat="4.8302350" lon="-75.6641640">
    <ele>1488.3</ele>
   </trkpt>
   <trkpt lat="4.8302420" lon="-75.6641490">
    <ele>1488.4</ele>
   </trkpt>
   <trkpt lat="4.8302490" lon="-75.6641360">
    <ele>1488.5</ele>
   </trkpt>
   <trkpt lat="4.8302550" lon="-75.6641230">
    <ele>1488.6</ele>
   </trkpt>
   <trkpt lat="4.8302620" lon="-75.6641090">
    <ele>1488.8</ele>
   </trkpt>
   <trkpt lat="4.8302690" lon="-75.6640950">
    <ele>1488.9</ele>
   </trkpt>
   <trkpt lat="4.8302770" lon="-75.6640780">
    <ele>1489.1</ele>
   </trkpt>
   <trkpt lat="4.8302850" lon="-75.6640620">
    <ele>1489.2</ele>
   </trkpt>
   <trkpt lat="4.8302930" lon="-75.6640450">
    <ele>1489.4</ele>
   </trkpt>
   <trkpt lat="4.8303020" lon="-75.6640270">
    <ele>1489.5</ele>
   </trkpt>
   <trkpt lat="4.8303110" lon="-75.6640100">
    <ele>1489.7</ele>
   </trkpt>
   <trkpt lat="4.8303190" lon="-75.6639930">
    <ele>1489.8</ele>
   </trkpt>
   <trkpt lat="4.8303280" lon="-75.6639760">
    <ele>1490.0</ele>
   </trkpt>
   <trkpt lat="4.8303370" lon="-75.6639590">
    <ele>1490.2</ele>
   </trkpt>
   <trkpt lat="4.8303450" lon="-75.6639420">
    <ele>1490.3</ele>
   </trkpt>
   <trkpt lat="4.8303530" lon="-75.6639260">
    <ele>1490.5</ele>
   </trkpt>
   <trkpt lat="4.8303610" lon="-75.6639100">
    <ele>1490.6</ele>
   </trkpt>
   <trkpt lat="4.8303690" lon="-75.6638940">
    <ele>1490.8</ele>
   </trkpt>
   <trkpt lat="4.8303770" lon="-75.6638780">
    <ele>1490.9</ele>
   </trkpt>
   <trkpt lat="4.8303850" lon="-75.6638620">
    <ele>1491.0</ele>
   </trkpt>
   <trkpt lat="4.8303930" lon="-75.6638450">
    <ele>1491.1</ele>
   </trkpt>
   <trkpt lat="4.8304020" lon="-75.6638270">
    <ele>1491.2</ele>
   </trkpt>
   <trkpt lat="4.8304100" lon="-75.6638100">
    <ele>1491.4</ele>
   </trkpt>
   <trkpt lat="4.8304190" lon="-75.6637920">
    <ele>1491.5</ele>
   </trkpt>
   <trkpt lat="4.8304270" lon="-75.6637740">
    <ele>1491.7</ele>
   </trkpt>
   <trkpt lat="4.8304360" lon="-75.6637550">
    <ele>1491.9</ele>
   </trkpt>
   <trkpt lat="4.8304450" lon="-75.6637380">
    <ele>1492.1</ele>
   </trkpt>
   <trkpt lat="4.8304520" lon="-75.6637220">
    <ele>1492.2</ele>
   </trkpt>
   <trkpt lat="4.8304590" lon="-75.6637090">
    <ele>1492.4</ele>
   </trkpt>
   <trkpt lat="4.8304630" lon="-75.6636990">
    <ele>1492.5</ele>
   </trkpt>
   <trkpt lat="4.8304670" lon="-75.6636900">
    <ele>1492.6</ele>
   </trkpt>
   <trkpt lat="4.8304690" lon="-75.6636810">
    <ele>1492.7</ele>
   </trkpt>
   <trkpt lat="4.8304710" lon="-75.6636700">
    <ele>1492.8</ele>
   </trkpt>
   <trkpt lat="4.8304730" lon="-75.6636580">
    <ele>1492.9</ele>
   </trkpt>
   <trkpt lat="4.8304740" lon="-75.6636460">
    <ele>1493.0</ele>
   </trkpt>
   <trkpt lat="4.8304750" lon="-75.6636330">
    <ele>1493.1</ele>
   </trkpt>
   <trkpt lat="4.8304750" lon="-75.6636200">
    <ele>1493.2</ele>
   </trkpt>
   <trkpt lat="4.8304760" lon="-75.6636070">
    <ele>1493.3</ele>
   </trkpt>
   <trkpt lat="4.8304750" lon="-75.6635950">
    <ele>1493.5</ele>
   </trkpt>
   <trkpt lat="4.8304730" lon="-75.6635820">
    <ele>1493.5</ele>
   </trkpt>
   <trkpt lat="4.8304700" lon="-75.6635700">
    <ele>1493.6</ele>
   </trkpt>
   <trkpt lat="4.8304670" lon="-75.6635580">
    <ele>1493.7</ele>
   </trkpt>
   <trkpt lat="4.8304620" lon="-75.6635450">
    <ele>1493.7</ele>
   </trkpt>
   <trkpt lat="4.8304580" lon="-75.6635320">
    <ele>1493.8</ele>
   </trkpt>
   <trkpt lat="4.8304530" lon="-75.6635190">
    <ele>1494.0</ele>
   </trkpt>
   <trkpt lat="4.8304480" lon="-75.6635060">
    <ele>1494.1</ele>
   </trkpt>
   <trkpt lat="4.8304430" lon="-75.6634920">
    <ele>1494.2</ele>
   </trkpt>
   <trkpt lat="4.8304380" lon="-75.6634790">
    <ele>1494.3</ele>
   </trkpt>
   <trkpt lat="4.8304320" lon="-75.6634660">
    <ele>1494.5</ele>
   </trkpt>
   <trkpt lat="4.8304260" lon="-75.6634530">
    <ele>1494.6</ele>
   </trkpt>
   <trkpt lat="4.8304210" lon="-75.6634410">
    <ele>1494.7</ele>
   </trkpt>
   <trkpt lat="4.8304150" lon="-75.6634290">
    <ele>1494.8</ele>
   </trkpt>
   <trkpt lat="4.8304090" lon="-75.6634160">
    <ele>1494.9</ele>
   </trkpt>
   <trkpt lat="4.8304030" lon="-75.6634030">
    <ele>1495.1</ele>
   </trkpt>
   <trkpt lat="4.8303960" lon="-75.6633910">
    <ele>1495.2</ele>
   </trkpt>
   <trkpt lat="4.8303890" lon="-75.6633790">
    <ele>1495.3</ele>
   </trkpt>
   <trkpt lat="4.8303810" lon="-75.6633670">
    <ele>1495.5</ele>
   </trkpt>
   <trkpt lat="4.8303730" lon="-75.6633550">
    <ele>1495.6</ele>
   </trkpt>
   <trkpt lat="4.8303650" lon="-75.6633430">
    <ele>1495.8</ele>
   </trkpt>
   <trkpt lat="4.8303580" lon="-75.6633300">
    <ele>1495.9</ele>
   </trkpt>
   <trkpt lat="4.8303500" lon="-75.6633180">
    <ele>1496.1</ele>
   </trkpt>
   <trkpt lat="4.8303420" lon="-75.6633060">
    <ele>1496.3</ele>
   </trkpt>
   <trkpt lat="4.8303350" lon="-75.6632950">
    <ele>1496.4</ele>
   </trkpt>
   <trkpt lat="4.8303280" lon="-75.6632830">
    <ele>1496.6</ele>
   </trkpt>
   <trkpt lat="4.8303210" lon="-75.6632720">
    <ele>1496.7</ele>
   </trkpt>
   <trkpt lat="4.8303140" lon="-75.6632620">
    <ele>1496.9</ele>
   </trkpt>
   <trkpt lat="4.8303080" lon="-75.6632520">
    <ele>1497.0</ele>
   </trkpt>
   <trkpt lat="4.8303010" lon="-75.6632410">
    <ele>1497.2</ele>
   </trkpt>
   <trkpt lat="4.8302940" lon="-75.6632320">
    <ele>1497.3</ele>
   </trkpt>
   <trkpt lat="4.8302880" lon="-75.6632230">
    <ele>1497.5</ele>
   </trkpt>
   <trkpt lat="4.8302810" lon="-75.6632140">
    <ele>1497.6</ele>
   </trkpt>
   <trkpt lat="4.8302750" lon="-75.6632050">
    <ele>1497.7</ele>
   </trkpt>
   <trkpt lat="4.8302690" lon="-75.6631960">
    <ele>1497.9</ele>
   </trkpt>
   <trkpt lat="4.8302640" lon="-75.6631860">
    <ele>1498.0</ele>
   </trkpt>
   <trkpt lat="4.8302580" lon="-75.6631780">
    <ele>1498.2</ele>
   </trkpt>
   <trkpt lat="4.8302520" lon="-75.6631690">
    <ele>1498.3</ele>
   </trkpt>
   <trkpt lat="4.8302460" lon="-75.6631600">
    <ele>1498.4</ele>
   </trkpt>
   <trkpt lat="4.8302390" lon="-75.6631520">
    <ele>1498.6</ele>
   </trkpt>
   <trkpt lat="4.8302320" lon="-75.6631410">
    <ele>1498.8</ele>
   </trkpt>
   <trkpt lat="4.8302240" lon="-75.6631280">
    <ele>1499.0</ele>
   </trkpt>
   <trkpt lat="4.8302140" lon="-75.6631140">
    <ele>1499.2</ele>
   </trkpt>
   <trkpt lat="4.8302050" lon="-75.6631000">
    <ele>1499.4</ele>
   </trkpt>
   <trkpt lat="4.8301950" lon="-75.6630860">
    <ele>1499.6</ele>
   </trkpt>
   <trkpt lat="4.8301860" lon="-75.6630730">
    <ele>1499.8</ele>
   </trkpt>
   <trkpt lat="4.8301770" lon="-75.6630600">
    <ele>1500.1</ele>
   </trkpt>
   <trkpt lat="4.8301680" lon="-75.6630480">
    <ele>1500.3</ele>
   </trkpt>
   <trkpt lat="4.8301600" lon="-75.6630360">
    <ele>1500.5</ele>
   </trkpt>
   <trkpt lat="4.8301500" lon="-75.6630240">
    <ele>1500.7</ele>
   </trkpt>
   <trkpt lat="4.8301420" lon="-75.6630120">
    <ele>1500.9</ele>
   </trkpt>
   <trkpt lat="4.8301330" lon="-75.6630010">
    <ele>1501.1</ele>
   </trkpt>
   <trkpt lat="4.8301240" lon="-75.6629890">
    <ele>1501.3</ele>
   </trkpt>
   <trkpt lat="4.8301160" lon="-75.6629780">
    <ele>1501.5</ele>
   </trkpt>
   <trkpt lat="4.8301060" lon="-75.6629670">
    <ele>1501.7</ele>
   </trkpt>
   <trkpt lat="4.8300970" lon="-75.6629560">
    <ele>1501.9</ele>
   </trkpt>
   <trkpt lat="4.8300880" lon="-75.6629440">
    <ele>1502.1</ele>
   </trkpt>
   <trkpt lat="4.8300790" lon="-75.6629330">
    <ele>1502.3</ele>
   </trkpt>
   <trkpt lat="4.8300700" lon="-75.6629220">
    <ele>1502.5</ele>
   </trkpt>
   <trkpt lat="4.8300600" lon="-75.6629100">
    <ele>1502.7</ele>
   </trkpt>
   <trkpt lat="4.8300500" lon="-75.6628980">
    <ele>1502.9</ele>
   </trkpt>
   <trkpt lat="4.8300410" lon="-75.6628880">
    <ele>1503.1</ele>
   </trkpt>
   <trkpt lat="4.8300330" lon="-75.6628780">
    <ele>1503.2</ele>
   </trkpt>
   <trkpt lat="4.8300260" lon="-75.6628700">
    <ele>1503.4</ele>
   </trkpt>
   <trkpt lat="4.8300190" lon="-75.6628610">
    <ele>1503.5</ele>
   </trkpt>
   <trkpt lat="4.8300110" lon="-75.6628510">
    <ele>1503.7</ele>
   </trkpt>
   <trkpt lat="4.8300020" lon="-75.6628410">
    <ele>1503.9</ele>
   </trkpt>
   <trkpt lat="4.8299920" lon="-75.6628300">
    <ele>1504.1</ele>
   </trkpt>
   <trkpt lat="4.8299830" lon="-75.6628200">
    <ele>1504.3</ele>
   </trkpt>
   <trkpt lat="4.8299750" lon="-75.6628100">
    <ele>1504.5</ele>
   </trkpt>
   <trkpt lat="4.8299660" lon="-75.6628010">
    <ele>1504.6</ele>
   </trkpt>
   <trkpt lat="4.8299560" lon="-75.6627910">
    <ele>1504.8</ele>
   </trkpt>
   <trkpt lat="4.8299460" lon="-75.6627800">
    <ele>1505.0</ele>
   </trkpt>
   <trkpt lat="4.8299360" lon="-75.6627710">
    <ele>1505.2</ele>
   </trkpt>
   <trkpt lat="4.8299280" lon="-75.6627630">
    <ele>1505.4</ele>
   </trkpt>
   <trkpt lat="4.8299210" lon="-75.6627560">
    <ele>1505.5</ele>
   </trkpt>
   <trkpt lat="4.8299150" lon="-75.6627510">
    <ele>1505.6</ele>
   </trkpt>
   <trkpt lat="4.8299080" lon="-75.6627450">
    <ele>1505.7</ele>
   </trkpt>
   <trkpt lat="4.8298990" lon="-75.6627380">
    <ele>1505.9</ele>
   </trkpt>
   <trkpt lat="4.8298900" lon="-75.6627300">
    <ele>1506.0</ele>
   </trkpt>
   <trkpt lat="4.8298790" lon="-75.6627220">
    <ele>1506.2</ele>
   </trkpt>
   <trkpt lat="4.8298680" lon="-75.6627120">
    <ele>1506.4</ele>
   </trkpt>
   <trkpt lat="4.8298560" lon="-75.6627030">
    <ele>1506.6</ele>
   </trkpt>
   <trkpt lat="4.8298440" lon="-75.6626930">
    <ele>1506.9</ele>
   </trkpt>
   <trkpt lat="4.8298320" lon="-75.6626830">
    <ele>1507.1</ele>
   </trkpt>
   <trkpt lat="4.8298200" lon="-75.6626720">
    <ele>1507.3</ele>
   </trkpt>
   <trkpt lat="4.8298080" lon="-75.6626620">
    <ele>1507.5</ele>
   </trkpt>
   <trkpt lat="4.8297950" lon="-75.6626520">
    <ele>1507.7</ele>
   </trkpt>
   <trkpt lat="4.8297830" lon="-75.6626410">
    <ele>1508.0</ele>
   </trkpt>
   <trkpt lat="4.8297710" lon="-75.6626310">
    <ele>1508.2</ele>
   </trkpt>
   <trkpt lat="4.8297590" lon="-75.6626200">
    <ele>1508.4</ele>
   </trkpt>
   <trkpt lat="4.8297460" lon="-75.6626090">
    <ele>1508.7</ele>
   </trkpt>
   <trkpt lat="4.8297340" lon="-75.6625990">
    <ele>1508.9</ele>
   </trkpt>
   <trkpt lat="4.8297230" lon="-75.6625890">
    <ele>1509.1</ele>
   </trkpt>
   <trkpt lat="4.8297120" lon="-75.6625800">
    <ele>1509.2</ele>
   </trkpt>
   <trkpt lat="4.8297020" lon="-75.6625710">
    <ele>1509.4</ele>
   </trkpt>
   <trkpt lat="4.8296940" lon="-75.6625620">
    <ele>1509.5</ele>
   </trkpt>
   <trkpt lat="4.8296850" lon="-75.6625540">
    <ele>1509.7</ele>
   </trkpt>
   <trkpt lat="4.8296760" lon="-75.6625460">
    <ele>1509.8</ele>
   </trkpt>
   <trkpt lat="4.8296660" lon="-75.6625380">
    <ele>1510.0</ele>
   </trkpt>
   <trkpt lat="4.8296540" lon="-75.6625290">
    <ele>1510.1</ele>
   </trkpt>
   <trkpt lat="4.8296410" lon="-75.6625190">
    <ele>1510.3</ele>
   </trkpt>
   <trkpt lat="4.8296270" lon="-75.6625090">
    <ele>1510.5</ele>
   </trkpt>
   <trkpt lat="4.8296120" lon="-75.6624990">
    <ele>1510.7</ele>
   </trkpt>
   <trkpt lat="4.8295970" lon="-75.6624890">
    <ele>1510.8</ele>
   </trkpt>
   <trkpt lat="4.8295820" lon="-75.6624790">
    <ele>1511.0</ele>
   </trkpt>
   <trkpt lat="4.8295660" lon="-75.6624690">
    <ele>1511.2</ele>
   </trkpt>
   <trkpt lat="4.8295510" lon="-75.6624590">
    <ele>1511.3</ele>
   </trkpt>
   <trkpt lat="4.8295370" lon="-75.6624500">
    <ele>1511.5</ele>
   </trkpt>
   <trkpt lat="4.8295220" lon="-75.6624410">
    <ele>1511.6</ele>
   </trkpt>
   <trkpt lat="4.8295090" lon="-75.6624330">
    <ele>1511.8</ele>
   </trkpt>
   <trkpt lat="4.8294970" lon="-75.6624260">
    <ele>1511.9</ele>
   </trkpt>
   <trkpt lat="4.8294860" lon="-75.6624190">
    <ele>1512.0</ele>
   </trkpt>
   <trkpt lat="4.8294750" lon="-75.6624130">
    <ele>1512.1</ele>
   </trkpt>
   <trkpt lat="4.8294640" lon="-75.6624060">
    <ele>1512.3</ele>
   </trkpt>
   <trkpt lat="4.8294510" lon="-75.6623990">
    <ele>1512.4</ele>
   </trkpt>
   <trkpt lat="4.8294370" lon="-75.6623900">
    <ele>1512.5</ele>
   </trkpt>
   <trkpt lat="4.8294220" lon="-75.6623810">
    <ele>1512.7</ele>
   </trkpt>
   <trkpt lat="4.8294070" lon="-75.6623720">
    <ele>1512.9</ele>
   </trkpt>
   <trkpt lat="4.8293910" lon="-75.6623620">
    <ele>1513.0</ele>
   </trkpt>
   <trkpt lat="4.8293740" lon="-75.6623520">
    <ele>1513.2</ele>
   </trkpt>
   <trkpt lat="4.8293580" lon="-75.6623430">
    <ele>1513.4</ele>
   </trkpt>
   <trkpt lat="4.8293420" lon="-75.6623340">
    <ele>1513.5</ele>
   </trkpt>
   <trkpt lat="4.8293280" lon="-75.6623270">
    <ele>1513.7</ele>
   </trkpt>
   <trkpt lat="4.8293160" lon="-75.6623200">
    <ele>1513.8</ele>
   </trkpt>
   <trkpt lat="4.8293040" lon="-75.6623140">
    <ele>1513.9</ele>
   </trkpt>
   <trkpt lat="4.8292930" lon="-75.6623090">
    <ele>1514.0</ele>
   </trkpt>
   <trkpt lat="4.8292800" lon="-75.6623040">
    <ele>1514.2</ele>
   </trkpt>
   <trkpt lat="4.8292670" lon="-75.6622980">
    <ele>1514.3</ele>
   </trkpt>
   <trkpt lat="4.8292530" lon="-75.6622930">
    <ele>1514.4</ele>
   </trkpt>
   <trkpt lat="4.8292380" lon="-75.6622870">
    <ele>1514.6</ele>
   </trkpt>
   <trkpt lat="4.8292230" lon="-75.6622810">
    <ele>1514.7</ele>
   </trkpt>
   <trkpt lat="4.8292070" lon="-75.6622760">
    <ele>1514.9</ele>
   </trkpt>
   <trkpt lat="4.8291900" lon="-75.6622690">
    <ele>1515.0</ele>
   </trkpt>
   <trkpt lat="4.8291730" lon="-75.6622630">
    <ele>1515.2</ele>
   </trkpt>
   <trkpt lat="4.8291560" lon="-75.6622560">
    <ele>1515.3</ele>
   </trkpt>
   <trkpt lat="4.8291390" lon="-75.6622480">
    <ele>1515.4</ele>
   </trkpt>
   <trkpt lat="4.8291210" lon="-75.6622410">
    <ele>1515.5</ele>
   </trkpt>
   <trkpt lat="4.8291030" lon="-75.6622330">
    <ele>1515.6</ele>
   </trkpt>
   <trkpt lat="4.8290850" lon="-75.6622250">
    <ele>1515.6</ele>
   </trkpt>
   <trkpt lat="4.8290690" lon="-75.6622180">
    <ele>1515.7</ele>
   </trkpt>
   <trkpt lat="4.8290540" lon="-75.6622120">
    <ele>1515.7</ele>
   </trkpt>
   <trkpt lat="4.8290400" lon="-75.6622020">
    <ele>1515.7</ele>
   </trkpt>
   <trkpt lat="4.8290250" lon="-75.6621930">
    <ele>1515.6</ele>
   </trkpt>
   <trkpt lat="4.8290090" lon="-75.6621830">
    <ele>1515.6</ele>
   </trkpt>
   <trkpt lat="4.8289900" lon="-75.6621720">
    <ele>1515.5</ele>
   </trkpt>
   <trkpt lat="4.8289700" lon="-75.6621650">
    <ele>1515.4</ele>
   </trkpt>
   <trkpt lat="4.8289490" lon="-75.6621580">
    <ele>1515.3</ele>
   </trkpt>
   <trkpt lat="4.8289280" lon="-75.6621510">
    <ele>1515.1</ele>
   </trkpt>
   <trkpt lat="4.8289070" lon="-75.6621450">
    <ele>1515.0</ele>
   </trkpt>
   <trkpt lat="4.8288870" lon="-75.6621410">
    <ele>1514.8</ele>
   </trkpt>
   <trkpt lat="4.8288660" lon="-75.6621380">
    <ele>1514.7</ele>
   </trkpt>
   <trkpt lat="4.8288470" lon="-75.6621370">
    <ele>1514.5</ele>
   </trkpt>
   <trkpt lat="4.8288260" lon="-75.6621360">
    <ele>1514.3</ele>
   </trkpt>
   <trkpt lat="4.8288030" lon="-75.6621340">
    <ele>1514.1</ele>
   </trkpt>
   <trkpt lat="4.8287810" lon="-75.6621320">
    <ele>1513.9</ele>
   </trkpt>
   <trkpt lat="4.8287580" lon="-75.6621290">
    <ele>1513.8</ele>
   </trkpt>
   <trkpt lat="4.8287360" lon="-75.6621250">
    <ele>1513.6</ele>
   </trkpt>
   <trkpt lat="4.8287140" lon="-75.6621210">
    <ele>1513.4</ele>
   </trkpt>
   <trkpt lat="4.8286910" lon="-75.6621160">
    <ele>1513.2</ele>
   </trkpt>
   <trkpt lat="4.8286690" lon="-75.6621100">
    <ele>1513.0</ele>
   </trkpt>
   <trkpt lat="4.8286470" lon="-75.6621050">
    <ele>1512.8</ele>
   </trkpt>
   <trkpt lat="4.8286250" lon="-75.6620990">
    <ele>1512.6</ele>
   </trkpt>
   <trkpt lat="4.8286040" lon="-75.6620940">
    <ele>1512.5</ele>
   </trkpt>
   <trkpt lat="4.8285830" lon="-75.6620890">
    <ele>1512.3</ele>
   </trkpt>
   <trkpt lat="4.8285610" lon="-75.6620840">
    <ele>1512.1</ele>
   </trkpt>
   <trkpt lat="4.8285390" lon="-75.6620800">
    <ele>1512.0</ele>
   </trkpt>
   <trkpt lat="4.8285170" lon="-75.6620750">
    <ele>1511.8</ele>
   </trkpt>
   <trkpt lat="4.8284930" lon="-75.6620720">
    <ele>1511.7</ele>
   </trkpt>
   <trkpt lat="4.8284710" lon="-75.6620680">
    <ele>1511.5</ele>
   </trkpt>
   <trkpt lat="4.8284480" lon="-75.6620650">
    <ele>1511.4</ele>
   </trkpt>
   <trkpt lat="4.8284260" lon="-75.6620620">
    <ele>1511.2</ele>
   </trkpt>
   <trkpt lat="4.8284030" lon="-75.6620590">
    <ele>1511.1</ele>
   </trkpt>
   <trkpt lat="4.8283800" lon="-75.6620560">
    <ele>1511.0</ele>
   </trkpt>
   <trkpt lat="4.8283580" lon="-75.6620530">
    <ele>1510.8</ele>
   </trkpt>
   <trkpt lat="4.8283360" lon="-75.6620500">
    <ele>1510.7</ele>
   </trkpt>
   <trkpt lat="4.8283150" lon="-75.6620470">
    <ele>1510.6</ele>
   </trkpt>
   <trkpt lat="4.8282950" lon="-75.6620440">
    <ele>1510.5</ele>
   </trkpt>
   <trkpt lat="4.8282750" lon="-75.6620410">
    <ele>1510.4</ele>
   </trkpt>
   <trkpt lat="4.8282550" lon="-75.6620380">
    <ele>1510.3</ele>
   </trkpt>
   <trkpt lat="4.8282340" lon="-75.6620360">
    <ele>1510.2</ele>
   </trkpt>
   <trkpt lat="4.8282130" lon="-75.6620330">
    <ele>1510.1</ele>
   </trkpt>
   <trkpt lat="4.8281920" lon="-75.6620300">
    <ele>1510.0</ele>
   </trkpt>
   <trkpt lat="4.8281700" lon="-75.6620270">
    <ele>1510.0</ele>
   </trkpt>
   <trkpt lat="4.8281470" lon="-75.6620230">
    <ele>1509.9</ele>
   </trkpt>
   <trkpt lat="4.8281250" lon="-75.6620200">
    <ele>1509.8</ele>
   </trkpt>
   <trkpt lat="4.8281020" lon="-75.6620160">
    <ele>1509.7</ele>
   </trkpt>
   <trkpt lat="4.8280790" lon="-75.6620130">
    <ele>1509.6</ele>
   </trkpt>
   <trkpt lat="4.8280560" lon="-75.6620090">
    <ele>1509.6</ele>
   </trkpt>
   <trkpt lat="4.8280340" lon="-75.6620050">
    <ele>1509.5</ele>
   </trkpt>
   <trkpt lat="4.8280120" lon="-75.6620010">
    <ele>1509.4</ele>
   </trkpt>
   <trkpt lat="4.8279900" lon="-75.6619970">
    <ele>1509.3</ele>
   </trkpt>
   <trkpt lat="4.8279680" lon="-75.6619930">
    <ele>1509.3</ele>
   </trkpt>
   <trkpt lat="4.8279460" lon="-75.6619890">
    <ele>1509.2</ele>
   </trkpt>
   <trkpt lat="4.8279240" lon="-75.6619840">
    <ele>1509.1</ele>
   </trkpt>
   <trkpt lat="4.8279020" lon="-75.6619790">
    <ele>1509.0</ele>
   </trkpt>
   <trkpt lat="4.8278800" lon="-75.6619740">
    <ele>1509.0</ele>
   </trkpt>
   <trkpt lat="4.8278580" lon="-75.6619680">
    <ele>1508.9</ele>
   </trkpt>
   <trkpt lat="4.8278360" lon="-75.6619630">
    <ele>1508.8</ele>
   </trkpt>
   <trkpt lat="4.8278130" lon="-75.6619580">
    <ele>1508.7</ele>
   </trkpt>
   <trkpt lat="4.8277920" lon="-75.6619530">
    <ele>1508.7</ele>
   </trkpt>
   <trkpt lat="4.8277710" lon="-75.6619490">
    <ele>1508.7</ele>
   </trkpt>
   <trkpt lat="4.8277520" lon="-75.6619440">
    <ele>1508.7</ele>
   </trkpt>
   <trkpt lat="4.8277350" lon="-75.6619390">
    <ele>1508.7</ele>
   </trkpt>
   <trkpt lat="4.8277210" lon="-75.6619340">
    <ele>1508.7</ele>
   </trkpt>
   <trkpt lat="4.8277130" lon="-75.6619280">
    <ele>1508.7</ele>
   </trkpt>
   <trkpt lat="4.8277110" lon="-75.6619240">
    <ele>1508.7</ele>
   </trkpt>
   <trkpt lat="4.8277150" lon="-75.6619210">
    <ele>1508.7</ele>
   </trkpt>
   <trkpt lat="4.8277240" lon="-75.6619220">
    <ele>1508.7</ele>
   </trkpt>
   <trkpt lat="4.8277370" lon="-75.6619230">
    <ele>1508.7</ele>
   </trkpt>
   <trkpt lat="4.8277530" lon="-75.6619270">
    <ele>1508.7</ele>
   </trkpt>
   <trkpt lat="4.8277720" lon="-75.6619300">
    <ele>1508.7</ele>
   </trkpt>
   <trkpt lat="4.8277910" lon="-75.6619340">
    <ele>1508.7</ele>
   </trkpt>
   <trkpt lat="4.8278100" lon="-75.6619380">
    <ele>1508.8</ele>
   </trkpt>
   <trkpt lat="4.8278300" lon="-75.6619410">
    <ele>1508.8</ele>
   </trkpt>
   <trkpt lat="4.8278500" lon="-75.6619450">
    <ele>1508.8</ele>
   </trkpt>
   <trkpt lat="4.8278700" lon="-75.6619500">
    <ele>1508.9</ele>
   </trkpt>
   <trkpt lat="4.8278900" lon="-75.6619540">
    <ele>1509.0</ele>
   </trkpt>
   <trkpt lat="4.8279100" lon="-75.6619590">
    <ele>1509.0</ele>
   </trkpt>
   <trkpt lat="4.8279310" lon="-75.6619640">
    <ele>1509.1</ele>
   </trkpt>
   <trkpt lat="4.8279520" lon="-75.6619690">
    <ele>1509.2</ele>
   </trkpt>
   <trkpt lat="4.8279730" lon="-75.6619730">
    <ele>1509.2</ele>
   </trkpt>
   <trkpt lat="4.8279940" lon="-75.6619780">
    <ele>1509.3</ele>
   </trkpt>
   <trkpt lat="4.8280150" lon="-75.6619830">
    <ele>1509.4</ele>
   </trkpt>
   <trkpt lat="4.8280360" lon="-75.6619880">
    <ele>1509.5</ele>
   </trkpt>
   <trkpt lat="4.8280560" lon="-75.6619930">
    <ele>1509.5</ele>
   </trkpt>
   <trkpt lat="4.8280770" lon="-75.6619980">
    <ele>1509.6</ele>
   </trkpt>
   <trkpt lat="4.8280970" lon="-75.6620020">
    <ele>1509.7</ele>
   </trkpt>
   <trkpt lat="4.8281170" lon="-75.6620060">
    <ele>1509.7</ele>
   </trkpt>
   <trkpt lat="4.8281360" lon="-75.6620080">
    <ele>1509.8</ele>
   </trkpt>
   <trkpt lat="4.8281550" lon="-75.6620090">
    <ele>1509.9</ele>
   </trkpt>
   <trkpt lat="4.8281750" lon="-75.6620110">
    <ele>1510.0</ele>
   </trkpt>
   <trkpt lat="4.8281960" lon="-75.6620120">
    <ele>1510.0</ele>
   </trkpt>
   <trkpt lat="4.8282180" lon="-75.6620140">
    <ele>1510.1</ele>
   </trkpt>
   <trkpt lat="4.8282390" lon="-75.6620160">
    <ele>1510.2</ele>
   </trkpt>
   <trkpt lat="4.8282600" lon="-75.6620180">
    <ele>1510.3</ele>
   </trkpt>
   <trkpt lat="4.8282810" lon="-75.6620200">
    <ele>1510.4</ele>
   </trkpt>
   <trkpt lat="4.8283020" lon="-75.6620220">
    <ele>1510.5</ele>
   </trkpt>
   <trkpt lat="4.8283240" lon="-75.6620240">
    <ele>1510.6</ele>
   </trkpt>
   <trkpt lat="4.8283450" lon="-75.6620270">
    <ele>1510.7</ele>
   </trkpt>
   <trkpt lat="4.8283670" lon="-75.6620290">
    <ele>1510.9</ele>
   </trkpt>
   <trkpt lat="4.8283880" lon="-75.6620320">
    <ele>1511.0</ele>
   </trkpt>
   <trkpt lat="4.8284100" lon="-75.6620350">
    <ele>1511.1</ele>
   </trkpt>
   <trkpt lat="4.8284310" lon="-75.6620370">
    <ele>1511.3</ele>
   </trkpt>
   <trkpt lat="4.8284520" lon="-75.6620400">
    <ele>1511.4</ele>
   </trkpt>
   <trkpt lat="4.8284740" lon="-75.6620430">
    <ele>1511.5</ele>
   </trkpt>
   <trkpt lat="4.8284950" lon="-75.6620460">
    <ele>1511.7</ele>
   </trkpt>
   <trkpt lat="4.8285150" lon="-75.6620490">
    <ele>1511.8</ele>
   </trkpt>
   <trkpt lat="4.8285350" lon="-75.6620520">
    <ele>1511.9</ele>
   </trkpt>
   <trkpt lat="4.8285540" lon="-75.6620550">
    <ele>1512.1</ele>
   </trkpt>
   <trkpt lat="4.8285740" lon="-75.6620580">
    <ele>1512.2</ele>
   </trkpt>
   <trkpt lat="4.8285940" lon="-75.6620610">
    <ele>1512.4</ele>
   </trkpt>
   <trkpt lat="4.8286150" lon="-75.6620640">
    <ele>1512.5</ele>
   </trkpt>
   <trkpt lat="4.8286350" lon="-75.6620680">
    <ele>1512.7</ele>
   </trkpt>
   <trkpt lat="4.8286560" lon="-75.6620710">
    <ele>1512.8</ele>
   </trkpt>
   <trkpt lat="4.8286760" lon="-75.6620750">
    <ele>1513.0</ele>
   </trkpt>
   <trkpt lat="4.8286960" lon="-75.6620790">
    <ele>1513.2</ele>
   </trkpt>
   <trkpt lat="4.8287150" lon="-75.6620820">
    <ele>1513.3</ele>
   </trkpt>
   <trkpt lat="4.8287350" lon="-75.6620860">
    <ele>1513.5</ele>
   </trkpt>
   <trkpt lat="4.8287550" lon="-75.6620890">
    <ele>1513.6</ele>
   </trkpt>
   <trkpt lat="4.8287750" lon="-75.6620930">
    <ele>1513.8</ele>
   </trkpt>
   <trkpt lat="4.8287950" lon="-75.6620970">
    <ele>1514.0</ele>
   </trkpt>
   <trkpt lat="4.8288140" lon="-75.6621000">
    <ele>1514.1</ele>
   </trkpt>
   <trkpt lat="4.8288320" lon="-75.6621040">
    <ele>1514.3</ele>
   </trkpt>
   <trkpt lat="4.8288500" lon="-75.6621080">
    <ele>1514.4</ele>
   </trkpt>
   <trkpt lat="4.8288690" lon="-75.6621120">
    <ele>1514.6</ele>
   </trkpt>
   <trkpt lat="4.8288880" lon="-75.6621160">
    <ele>1514.7</ele>
   </trkpt>
   <trkpt lat="4.8289070" lon="-75.6621210">
    <ele>1514.9</ele>
   </trkpt>
   <trkpt lat="4.8289250" lon="-75.6621250">
    <ele>1515.0</ele>
   </trkpt>
   <trkpt lat="4.8289430" lon="-75.6621300">
    <ele>1515.2</ele>
   </trkpt>
   <trkpt lat="4.8289610" lon="-75.6621340">
    <ele>1515.3</ele>
   </trkpt>
   <trkpt lat="4.8289780" lon="-75.6621390">
    <ele>1515.4</ele>
   </trkpt>
   <trkpt lat="4.8289960" lon="-75.6621450">
    <ele>1515.5</ele>
   </trkpt>
   <trkpt lat="4.8290140" lon="-75.6621500">
    <ele>1515.6</ele>
   </trkpt>
   <trkpt lat="4.8290330" lon="-75.6621570">
    <ele>1515.6</ele>
   </trkpt>
   <trkpt lat="4.8290520" lon="-75.6621630">
    <ele>1515.7</ele>
   </trkpt>
   <trkpt lat="4.8290710" lon="-75.6621700">
    <ele>1515.7</ele>
   </trkpt>
   <trkpt lat="4.8290890" lon="-75.6621770">
    <ele>1515.7</ele>
   </trkpt>
   <trkpt lat="4.8291080" lon="-75.6621850">
    <ele>1515.6</ele>
   </trkpt>
   <trkpt lat="4.8291270" lon="-75.6621920">
    <ele>1515.6</ele>
   </trkpt>
   <trkpt lat="4.8291450" lon="-75.6622000">
    <ele>1515.5</ele>
   </trkpt>
   <trkpt lat="4.8291650" lon="-75.6622080">
    <ele>1515.4</ele>
   </trkpt>
   <trkpt lat="4.8291850" lon="-75.6622170">
    <ele>1515.3</ele>
   </trkpt>
   <trkpt lat="4.8292050" lon="-75.6622260">
    <ele>1515.1</ele>
   </trkpt>
   <trkpt lat="4.8292250" lon="-75.6622350">
    <ele>1514.9</ele>
   </trkpt>
   <trkpt lat="4.8292460" lon="-75.6622450">
    <ele>1514.7</ele>
   </trkpt>
   <trkpt lat="4.8292670" lon="-75.6622540">
    <ele>1514.5</ele>
   </trkpt>
   <trkpt lat="4.8292880" lon="-75.6622640">
    <ele>1514.3</ele>
   </trkpt>
   <trkpt lat="4.8293090" lon="-75.6622740">
    <ele>1514.1</ele>
   </trkpt>
   <trkpt lat="4.8293310" lon="-75.6622830">
    <ele>1513.9</ele>
   </trkpt>
   <trkpt lat="4.8293510" lon="-75.6622930">
    <ele>1513.7</ele>
   </trkpt>
   <trkpt lat="4.8293700" lon="-75.6623040">
    <ele>1513.5</ele>
   </trkpt>
   <trkpt lat="4.8293870" lon="-75.6623140">
    <ele>1513.3</ele>
   </trkpt>
   <trkpt lat="4.8294050" lon="-75.6623250">
    <ele>1513.1</ele>
   </trkpt>
   <trkpt lat="4.8294220" lon="-75.6623360">
    <ele>1512.9</ele>
   </trkpt>
   <trkpt lat="4.8294400" lon="-75.6623460">
    <ele>1512.8</ele>
   </trkpt>
   <trkpt lat="4.8294580" lon="-75.6623570">
    <ele>1512.6</ele>
   </trkpt>
   <trkpt lat="4.8294770" lon="-75.6623680">
    <ele>1512.4</ele>
   </trkpt>
   <trkpt lat="4.8294960" lon="-75.6623800">
    <ele>1512.2</ele>
   </trkpt>
   <trkpt lat="4.8295140" lon="-75.6623920">
    <ele>1512.0</ele>
   </trkpt>
   <trkpt lat="4.8295330" lon="-75.6624040">
    <ele>1511.8</ele>
   </trkpt>
   <trkpt lat="4.8295510" lon="-75.6624170">
    <ele>1511.6</ele>
   </trkpt>
   <trkpt lat="4.8295690" lon="-75.6624290">
    <ele>1511.4</ele>
   </trkpt>
   <trkpt lat="4.8295870" lon="-75.6624410">
    <ele>1511.2</ele>
   </trkpt>
   <trkpt lat="4.8296040" lon="-75.6624540">
    <ele>1511.0</ele>
   </trkpt>
   <trkpt lat="4.8296200" lon="-75.6624660">
    <ele>1510.8</ele>
   </trkpt>
   <trkpt lat="4.8296350" lon="-75.6624770">
    <ele>1510.6</ele>
   </trkpt>
   <trkpt lat="4.8296500" lon="-75.6624880">
    <ele>1510.5</ele>
   </trkpt>
   <trkpt lat="4.8296650" lon="-75.6624990">
    <ele>1510.3</ele>
   </trkpt>
   <trkpt lat="4.8296810" lon="-75.6625110">
    <ele>1510.1</ele>
   </trkpt>
   <trkpt lat="4.8296970" lon="-75.6625220">
    <ele>1509.8</ele>
   </trkpt>
   <trkpt lat="4.8297130" lon="-75.6625330">
    <ele>1509.6</ele>
   </trkpt>
   <trkpt lat="4.8297290" lon="-75.6625440">
    <ele>1509.4</ele>
   </trkpt>
   <trkpt lat="4.8297440" lon="-75.6625550">
    <ele>1509.2</ele>
   </trkpt>
   <trkpt lat="4.8297600" lon="-75.6625670">
    <ele>1508.9</ele>
   </trkpt>
   <trkpt lat="4.8297750" lon="-75.6625780">
    <ele>1508.7</ele>
   </trkpt>
   <trkpt lat="4.8297910" lon="-75.6625900">
    <ele>1508.4</ele>
   </trkpt>
   <trkpt lat="4.8298060" lon="-75.6626000">
    <ele>1508.1</ele>
   </trkpt>
   <trkpt lat="4.8298210" lon="-75.6626090">
    <ele>1507.9</ele>
   </trkpt>
   <trkpt lat="4.8298360" lon="-75.6626180">
    <ele>1507.7</ele>
   </trkpt>
   <trkpt lat="4.8298510" lon="-75.6626280">
    <ele>1507.4</ele>
   </trkpt>
   <trkpt lat="4.8298660" lon="-75.6626400">
    <ele>1507.1</ele>
   </trkpt>
   <trkpt lat="4.8298810" lon="-75.6626530">
    <ele>1506.9</ele>
   </trkpt>
   <trkpt lat="4.8298960" lon="-75.6626680">
    <ele>1506.6</ele>
   </trkpt>
   <trkpt lat="4.8299120" lon="-75.6626830">
    <ele>1506.3</ele>
   </trkpt>
   <trkpt lat="4.8299270" lon="-75.6627000">
    <ele>1506.0</ele>
   </trkpt>
   <trkpt lat="4.8299430" lon="-75.6627160">
    <ele>1505.7</ele>
   </trkpt>
   <trkpt lat="4.8299580" lon="-75.6627330">
    <ele>1505.4</ele>
   </trkpt>
   <trkpt lat="4.8299720" lon="-75.6627490">
    <ele>1505.1</ele>
   </trkpt>
   <trkpt lat="4.8299860" lon="-75.6627640">
    <ele>1504.8</ele>
   </trkpt>
   <trkpt lat="4.8299990" lon="-75.6627800">
    <ele>1504.5</ele>
   </trkpt>
   <trkpt lat="4.8300120" lon="-75.6627950">
    <ele>1504.3</ele>
   </trkpt>
   <trkpt lat="4.8300260" lon="-75.6628110">
    <ele>1504.0</ele>
   </trkpt>
   <trkpt lat="4.8300410" lon="-75.6628280">
    <ele>1503.7</ele>
   </trkpt>
   <trkpt lat="4.8300560" lon="-75.6628450">
    <ele>1503.4</ele>
   </trkpt>
   <trkpt lat="4.8300700" lon="-75.6628630">
    <ele>1503.1</ele>
   </trkpt>
   <trkpt lat="4.8300850" lon="-75.6628810">
    <ele>1502.7</ele>
   </trkpt>
   <trkpt lat="4.8301000" lon="-75.6628980">
    <ele>1502.4</ele>
   </trkpt>
   <trkpt lat="4.8301140" lon="-75.6629150">
    <ele>1502.1</ele>
   </trkpt>
   <trkpt lat="4.8301270" lon="-75.6629320">
    <ele>1501.8</ele>
   </trkpt>
   <trkpt lat="4.8301390" lon="-75.6629480">
    <ele>1501.6</ele>
   </trkpt>
   <trkpt lat="4.8301510" lon="-75.6629630">
    <ele>1501.3</ele>
   </trkpt>
   <trkpt lat="4.8301630" lon="-75.6629790">
    <ele>1501.0</ele>
   </trkpt>
   <trkpt lat="4.8301750" lon="-75.6629950">
    <ele>1500.8</ele>
   </trkpt>
   <trkpt lat="4.8301860" lon="-75.6630100">
    <ele>1500.5</ele>
   </trkpt>
   <trkpt lat="4.8301960" lon="-75.6630240">
    <ele>1500.3</ele>
   </trkpt>
   <trkpt lat="4.8302060" lon="-75.6630370">
    <ele>1500.1</ele>
   </trkpt>
   <trkpt lat="4.8302150" lon="-75.6630500">
    <ele>1499.8</ele>
   </trkpt>
   <trkpt lat="4.8302260" lon="-75.6630650">
    <ele>1499.6</ele>
   </trkpt>
   <trkpt lat="4.8302380" lon="-75.6630820">
    <ele>1499.3</ele>
   </trkpt>
   <trkpt lat="4.8302510" lon="-75.6630990">
    <ele>1499.1</ele>
   </trkpt>
   <trkpt lat="4.8302630" lon="-75.6631170">
    <ele>1498.8</ele>
   </trkpt>
   <trkpt lat="4.8302760" lon="-75.6631350">
    <ele>1498.5</ele>
   </trkpt>
   <trkpt lat="4.8302890" lon="-75.6631530">
    <ele>1498.2</ele>
   </trkpt>
   <trkpt lat="4.8303030" lon="-75.6631730">
    <ele>1497.9</ele>
   </trkpt>
   <trkpt lat="4.8303160" lon="-75.6631920">
    <ele>1497.6</ele>
   </trkpt>
   <trkpt lat="4.8303280" lon="-75.6632110">
    <ele>1497.3</ele>
   </trkpt>
   <trkpt lat="4.8303380" lon="-75.6632300">
    <ele>1497.0</ele>
   </trkpt>
   <trkpt lat="4.8303470" lon="-75.6632480">
    <ele>1496.8</ele>
   </trkpt>
   <trkpt lat="4.8303560" lon="-75.6632660">
    <ele>1496.6</ele>
   </trkpt>
   <trkpt lat="4.8303650" lon="-75.6632850">
    <ele>1496.3</ele>
   </trkpt>
   <trkpt lat="4.8303740" lon="-75.6633030">
    <ele>1496.1</ele>
   </trkpt>
   <trkpt lat="4.8303830" lon="-75.6633220">
    <ele>1495.9</ele>
   </trkpt>
   <trkpt lat="4.8303930" lon="-75.6633410">
    <ele>1495.6</ele>
   </trkpt>
   <trkpt lat="4.8304020" lon="-75.6633590">
    <ele>1495.4</ele>
   </trkpt>
   <trkpt lat="4.8304120" lon="-75.6633770">
    <ele>1495.2</ele>
   </trkpt>
   <trkpt lat="4.8304210" lon="-75.6633950">
    <ele>1495.0</ele>
   </trkpt>
   <trkpt lat="4.8304310" lon="-75.6634130">
    <ele>1494.8</ele>
   </trkpt>
   <trkpt lat="4.8304400" lon="-75.6634320">
    <ele>1494.7</ele>
   </trkpt>
   <trkpt lat="4.8304500" lon="-75.6634520">
    <ele>1494.4</ele>
   </trkpt>
   <trkpt lat="4.8304590" lon="-75.6634710">
    <ele>1494.3</ele>
   </trkpt>
   <trkpt lat="4.8304680" lon="-75.6634910">
    <ele>1494.0</ele>
   </trkpt>
   <trkpt lat="4.8304770" lon="-75.6635120">
    <ele>1493.8</ele>
   </trkpt>
   <trkpt lat="4.8304850" lon="-75.6635330">
    <ele>1493.7</ele>
   </trkpt>
   <trkpt lat="4.8304930" lon="-75.6635540">
    <ele>1493.6</ele>
   </trkpt>
   <trkpt lat="4.8305010" lon="-75.6635760">
    <ele>1493.5</ele>
   </trkpt>
   <trkpt lat="4.8305080" lon="-75.6635980">
    <ele>1493.3</ele>
   </trkpt>
   <trkpt lat="4.8305150" lon="-75.6636210">
    <ele>1493.1</ele>
   </trkpt>
   <trkpt lat="4.8305220" lon="-75.6636430">
    <ele>1492.9</ele>
   </trkpt>
   <trkpt lat="4.8305270" lon="-75.6636640">
    <ele>1492.7</ele>
   </trkpt>
   <trkpt lat="4.8305290" lon="-75.6636840">
    <ele>1492.6</ele>
   </trkpt>
   <trkpt lat="4.8305290" lon="-75.6637010">
    <ele>1492.4</ele>
   </trkpt>
   <trkpt lat="4.8305270" lon="-75.6637180">
    <ele>1492.3</ele>
   </trkpt>
   <trkpt lat="4.8305230" lon="-75.6637330">
    <ele>1492.1</ele>
   </trkpt>
   <trkpt lat="4.8305170" lon="-75.6637490">
    <ele>1492.0</ele>
   </trkpt>
   <trkpt lat="4.8305100" lon="-75.6637640">
    <ele>1491.9</ele>
   </trkpt>
   <trkpt lat="4.8305030" lon="-75.6637790">
    <ele>1491.7</ele>
   </trkpt>
   <trkpt lat="4.8304940" lon="-75.6637940">
    <ele>1491.6</ele>
   </trkpt>
   <trkpt lat="4.8304860" lon="-75.6638090">
    <ele>1491.4</ele>
   </trkpt>
   <trkpt lat="4.8304780" lon="-75.6638240">
    <ele>1491.3</ele>
   </trkpt>
   <trkpt lat="4.8304690" lon="-75.6638400">
    <ele>1491.3</ele>
   </trkpt>
   <trkpt lat="4.8304600" lon="-75.6638560">
    <ele>1491.5</ele>
   </trkpt>
   <trkpt lat="4.8304520" lon="-75.6638730">
    <ele>1491.7</ele>
   </trkpt>
   <trkpt lat="4.8304430" lon="-75.6638910">
    <ele>1491.7</ele>
   </trkpt>
   <trkpt lat="4.8304340" lon="-75.6639100">
    <ele>1491.5</ele>
   </trkpt>
   <trkpt lat="4.8304250" lon="-75.6639300">
    <ele>1491.2</ele>
   </trkpt>
   <trkpt lat="4.8304160" lon="-75.6639510">
    <ele>1491.0</ele>
   </trkpt>
   <trkpt lat="4.8304060" lon="-75.6639730">
    <ele>1490.7</ele>
   </trkpt>
   <trkpt lat="4.8303950" lon="-75.6639950">
    <ele>1490.5</ele>
   </trkpt>
   <trkpt lat="4.8303830" lon="-75.6640190">
    <ele>1490.2</ele>
   </trkpt>
   <trkpt lat="4.8303690" lon="-75.6640430">
    <ele>1489.9</ele>
   </trkpt>
   <trkpt lat="4.8303550" lon="-75.6640660">
    <ele>1489.7</ele>
   </trkpt>
   <trkpt lat="4.8303410" lon="-75.6640880">
    <ele>1489.5</ele>
   </trkpt>
   <trkpt lat="4.8303270" lon="-75.6641100">
    <ele>1489.3</ele>
   </trkpt>
   <trkpt lat="4.8303150" lon="-75.6641310">
    <ele>1489.1</ele>
   </trkpt>
   <trkpt lat="4.8303030" lon="-75.6641520">
    <ele>1488.9</ele>
   </trkpt>
   <trkpt lat="4.8302930" lon="-75.6641740">
    <ele>1488.7</ele>
   </trkpt>
   <trkpt lat="4.8302840" lon="-75.6641970">
    <ele>1488.5</ele>
   </trkpt>
   <trkpt lat="4.8302760" lon="-75.6642200">
    <ele>1488.3</ele>
   </trkpt>
   <trkpt lat="4.8302680" lon="-75.6642440">
    <ele>1488.1</ele>
   </trkpt>
   <trkpt lat="4.8302610" lon="-75.6642670">
    <ele>1488.0</ele>
   </trkpt>
   <trkpt lat="4.8302530" lon="-75.6642920">
    <ele>1487.8</ele>
   </trkpt>
   <trkpt lat="4.8302430" lon="-75.6643160">
    <ele>1487.6</ele>
   </trkpt>
   <trkpt lat="4.8302320" lon="-75.6643400">
    <ele>1487.4</ele>
   </trkpt>
   <trkpt lat="4.8302210" lon="-75.6643620">
    <ele>1487.2</ele>
   </trkpt>
   <trkpt lat="4.8302100" lon="-75.6643840">
    <ele>1487.1</ele>
   </trkpt>
   <trkpt lat="4.8301980" lon="-75.6644060">
    <ele>1486.9</ele>
   </trkpt>
   <trkpt lat="4.8301860" lon="-75.6644280">
    <ele>1486.7</ele>
   </trkpt>
   <trkpt lat="4.8301750" lon="-75.6644500">
    <ele>1486.5</ele>
   </trkpt>
   <trkpt lat="4.8301630" lon="-75.6644720">
    <ele>1486.3</ele>
   </trkpt>
   <trkpt lat="4.8301530" lon="-75.6644940">
    <ele>1486.1</ele>
   </trkpt>
   <trkpt lat="4.8301420" lon="-75.6645160">
    <ele>1485.9</ele>
   </trkpt>
   <trkpt lat="4.8301320" lon="-75.6645380">
    <ele>1485.7</ele>
   </trkpt>
   <trkpt lat="4.8301220" lon="-75.6645600">
    <ele>1485.6</ele>
   </trkpt>
   <trkpt lat="4.8301120" lon="-75.6645810">
    <ele>1485.4</ele>
   </trkpt>
   <trkpt lat="4.8301010" lon="-75.6646020">
    <ele>1485.2</ele>
   </trkpt>
   <trkpt lat="4.8300900" lon="-75.6646220">
    <ele>1485.0</ele>
   </trkpt>
   <trkpt lat="4.8300780" lon="-75.6646410">
    <ele>1484.8</ele>
   </trkpt>
   <trkpt lat="4.8300650" lon="-75.6646590">
    <ele>1484.7</ele>
   </trkpt>
   <trkpt lat="4.8300510" lon="-75.6646770">
    <ele>1484.5</ele>
   </trkpt>
   <trkpt lat="4.8300380" lon="-75.6646950">
    <ele>1484.3</ele>
   </trkpt>
   <trkpt lat="4.8300250" lon="-75.6647130">
    <ele>1484.2</ele>
   </trkpt>
   <trkpt lat="4.8300140" lon="-75.6647320">
    <ele>1484.0</ele>
   </trkpt>
   <trkpt lat="4.8300020" lon="-75.6647510">
    <ele>1483.8</ele>
   </trkpt>
   <trkpt lat="4.8299910" lon="-75.6647700">
    <ele>1483.6</ele>
   </trkpt>
   <trkpt lat="4.8299810" lon="-75.6647890">
    <ele>1483.5</ele>
   </trkpt>
   <trkpt lat="4.8299700" lon="-75.6648080">
    <ele>1483.3</ele>
   </trkpt>
   <trkpt lat="4.8299600" lon="-75.6648270">
    <ele>1483.1</ele>
   </trkpt>
   <trkpt lat="4.8299500" lon="-75.6648470">
    <ele>1482.9</ele>
   </trkpt>
   <trkpt lat="4.8299400" lon="-75.6648660">
    <ele>1482.7</ele>
   </trkpt>
   <trkpt lat="4.8299300" lon="-75.6648850">
    <ele>1482.6</ele>
   </trkpt>
   <trkpt lat="4.8299210" lon="-75.6649030">
    <ele>1482.4</ele>
   </trkpt>
   <trkpt lat="4.8299110" lon="-75.6649230">
    <ele>1482.2</ele>
   </trkpt>
   <trkpt lat="4.8299000" lon="-75.6649420">
    <ele>1482.0</ele>
   </trkpt>
   <trkpt lat="4.8298900" lon="-75.6649610">
    <ele>1481.8</ele>
   </trkpt>
   <trkpt lat="4.8298790" lon="-75.6649790">
    <ele>1481.7</ele>
   </trkpt>
   <trkpt lat="4.8298670" lon="-75.6649960">
    <ele>1481.5</ele>
   </trkpt>
   <trkpt lat="4.8298560" lon="-75.6650120">
    <ele>1481.3</ele>
   </trkpt>
   <trkpt lat="4.8298450" lon="-75.6650280">
    <ele>1481.2</ele>
   </trkpt>
   <trkpt lat="4.8298340" lon="-75.6650460">
    <ele>1481.0</ele>
   </trkpt>
   <trkpt lat="4.8298220" lon="-75.6650640">
    <ele>1480.8</ele>
   </trkpt>
   <trkpt lat="4.8298110" lon="-75.6650830">
    <ele>1480.7</ele>
   </trkpt>
   <trkpt lat="4.8298000" lon="-75.6651030">
    <ele>1480.5</ele>
   </trkpt>
   <trkpt lat="4.8297890" lon="-75.6651220">
    <ele>1480.3</ele>
   </trkpt>
   <trkpt lat="4.8297780" lon="-75.6651420">
    <ele>1480.1</ele>
   </trkpt>
   <trkpt lat="4.8297670" lon="-75.6651620">
    <ele>1479.9</ele>
   </trkpt>
   <trkpt lat="4.8297560" lon="-75.6651830">
    <ele>1479.7</ele>
   </trkpt>
   <trkpt lat="4.8297450" lon="-75.6652030">
    <ele>1479.5</ele>
   </trkpt>
   <trkpt lat="4.8297350" lon="-75.6652240">
    <ele>1479.4</ele>
   </trkpt>
   <trkpt lat="4.8297260" lon="-75.6652440">
    <ele>1479.2</ele>
   </trkpt>
   <trkpt lat="4.8297170" lon="-75.6652630">
    <ele>1479.0</ele>
   </trkpt>
   <trkpt lat="4.8297090" lon="-75.6652820">
    <ele>1478.8</ele>
   </trkpt>
   <trkpt lat="4.8297000" lon="-75.6653010">
    <ele>1478.6</ele>
   </trkpt>
   <trkpt lat="4.8296920" lon="-75.6653210">
    <ele>1478.4</ele>
   </trkpt>
   <trkpt lat="4.8296830" lon="-75.6653420">
    <ele>1478.2</ele>
   </trkpt>
   <trkpt lat="4.8296750" lon="-75.6653630">
    <ele>1478.0</ele>
   </trkpt>
   <trkpt lat="4.8296660" lon="-75.6653850">
    <ele>1477.8</ele>
   </trkpt>
   <trkpt lat="4.8296580" lon="-75.6654070">
    <ele>1477.6</ele>
   </trkpt>
   <trkpt lat="4.8296490" lon="-75.6654290">
    <ele>1477.3</ele>
   </trkpt>
   <trkpt lat="4.8296400" lon="-75.6654500">
    <ele>1477.1</ele>
   </trkpt>
   <trkpt lat="4.8296310" lon="-75.6654700">
    <ele>1476.9</ele>
   </trkpt>
   <trkpt lat="4.8296200" lon="-75.6654900">
    <ele>1476.7</ele>
   </trkpt>
   <trkpt lat="4.8296100" lon="-75.6655100">
    <ele>1476.5</ele>
   </trkpt>
   <trkpt lat="4.8295990" lon="-75.6655310">
    <ele>1476.3</ele>
   </trkpt>
   <trkpt lat="4.8295880" lon="-75.6655510">
    <ele>1476.1</ele>
   </trkpt>
   <trkpt lat="4.8295790" lon="-75.6655700">
    <ele>1475.9</ele>
   </trkpt>
   <trkpt lat="4.8295700" lon="-75.6655890">
    <ele>1475.7</ele>
   </trkpt>
   <trkpt lat="4.8295630" lon="-75.6656090">
    <ele>1475.5</ele>
   </trkpt>
   <trkpt lat="4.8295550" lon="-75.6656290">
    <ele>1475.3</ele>
   </trkpt>
   <trkpt lat="4.8295470" lon="-75.6656490">
    <ele>1475.1</ele>
   </trkpt>
   <trkpt lat="4.8295380" lon="-75.6656700">
    <ele>1474.9</ele>
   </trkpt>
   <trkpt lat="4.8295280" lon="-75.6656910">
    <ele>1474.7</ele>
   </trkpt>
   <trkpt lat="4.8295180" lon="-75.6657120">
    <ele>1474.5</ele>
   </trkpt>
   <trkpt lat="4.8295080" lon="-75.6657340">
    <ele>1474.3</ele>
   </trkpt>
   <trkpt lat="4.8294980" lon="-75.6657560">
    <ele>1474.0</ele>
   </trkpt>
   <trkpt lat="4.8294880" lon="-75.6657780">
    <ele>1473.8</ele>
   </trkpt>
   <trkpt lat="4.8294770" lon="-75.6658010">
    <ele>1473.6</ele>
   </trkpt>
   <trkpt lat="4.8294660" lon="-75.6658250">
    <ele>1473.4</ele>
   </trkpt>
   <trkpt lat="4.8294560" lon="-75.6658480">
    <ele>1473.2</ele>
   </trkpt>
   <trkpt lat="4.8294480" lon="-75.6658690">
    <ele>1473.0</ele>
   </trkpt>
   <trkpt lat="4.8294390" lon="-75.6658880">
    <ele>1472.9</ele>
   </trkpt>
   <trkpt lat="4.8294290" lon="-75.6659050">
    <ele>1472.7</ele>
   </trkpt>
   <trkpt lat="4.8294160" lon="-75.6659240">
    <ele>1472.5</ele>
   </trkpt>
   <trkpt lat="4.8294020" lon="-75.6659440">
    <ele>1472.3</ele>
   </trkpt>
   <trkpt lat="4.8293870" lon="-75.6659670">
    <ele>1472.1</ele>
   </trkpt>
   <trkpt lat="4.8293720" lon="-75.6659930">
    <ele>1471.8</ele>
   </trkpt>
   <trkpt lat="4.8293590" lon="-75.6660180">
    <ele>1471.6</ele>
   </trkpt>
   <trkpt lat="4.8293490" lon="-75.6660430">
    <ele>1471.4</ele>
   </trkpt>
   <trkpt lat="4.8293410" lon="-75.6660660">
    <ele>1471.1</ele>
   </trkpt>
   <trkpt lat="4.8293330" lon="-75.6660880">
    <ele>1470.9</ele>
   </trkpt>
   <trkpt lat="4.8293250" lon="-75.6661090">
    <ele>1470.7</ele>
   </trkpt>
   <trkpt lat="4.8293170" lon="-75.6661300">
    <ele>1470.5</ele>
   </trkpt>
   <trkpt lat="4.8293090" lon="-75.6661500">
    <ele>1470.3</ele>
   </trkpt>
   <trkpt lat="4.8293030" lon="-75.6661720">
    <ele>1470.0</ele>
   </trkpt>
   <trkpt lat="4.8292980" lon="-75.6661950">
    <ele>1469.8</ele>
   </trkpt>
   <trkpt lat="4.8292950" lon="-75.6662170">
    <ele>1469.6</ele>
   </trkpt>
   <trkpt lat="4.8292930" lon="-75.6662400">
    <ele>1469.3</ele>
   </trkpt>
   <trkpt lat="4.8292910" lon="-75.6662610">
    <ele>1469.1</ele>
   </trkpt>
   <trkpt lat="4.8292900" lon="-75.6662820">
    <ele>1469.0</ele>
   </trkpt>
   <trkpt lat="4.8292880" lon="-75.6663020">
    <ele>1468.8</ele>
   </trkpt>
   <trkpt lat="4.8292860" lon="-75.6663210">
    <ele>1468.7</ele>
   </trkpt>
   <trkpt lat="4.8292840" lon="-75.6663380">
    <ele>1468.6</ele>
   </trkpt>
   <trkpt lat="4.8292820" lon="-75.6663530">
    <ele>1468.5</ele>
   </trkpt>
   <trkpt lat="4.8292810" lon="-75.6663670">
    <ele>1468.4</ele>
   </trkpt>
   <trkpt lat="4.8292810" lon="-75.6663810">
    <ele>1468.3</ele>
   </trkpt>
   <trkpt lat="4.8292810" lon="-75.6663950">
    <ele>1468.2</ele>
   </trkpt>
   <trkpt lat="4.8292820" lon="-75.6664100">
    <ele>1468.1</ele>
   </trkpt>
   <trkpt lat="4.8292820" lon="-75.6664260">
    <ele>1468.0</ele>
   </trkpt>
   <trkpt lat="4.8292840" lon="-75.6664440">
    <ele>1467.9</ele>
   </trkpt>
   <trkpt lat="4.8292850" lon="-75.6664620">
    <ele>1467.7</ele>
   </trkpt>
   <trkpt lat="4.8292870" lon="-75.6664810">
    <ele>1467.6</ele>
   </trkpt>
   <trkpt lat="4.8292890" lon="-75.6665010">
    <ele>1467.5</ele>
   </trkpt>
   <trkpt lat="4.8292900" lon="-75.6665210">
    <ele>1467.3</ele>
   </trkpt>
   <trkpt lat="4.8292910" lon="-75.6665430">
    <ele>1467.2</ele>
   </trkpt>
   <trkpt lat="4.8292920" lon="-75.6665640">
    <ele>1467.0</ele>
   </trkpt>
   <trkpt lat="4.8292920" lon="-75.6665860">
    <ele>1466.9</ele>
   </trkpt>
   <trkpt lat="4.8292920" lon="-75.6666090">
    <ele>1466.7</ele>
   </trkpt>
   <trkpt lat="4.8292910" lon="-75.6666330">
    <ele>1466.6</ele>
   </trkpt>
   <trkpt lat="4.8292910" lon="-75.6666570">
    <ele>1466.4</ele>
   </trkpt>
   <trkpt lat="4.8292900" lon="-75.6666810">
    <ele>1466.3</ele>
   </trkpt>
   <trkpt lat="4.8292900" lon="-75.6667050">
    <ele>1466.1</ele>
   </trkpt>
   <trkpt lat="4.8292900" lon="-75.6667280">
    <ele>1466.0</ele>
   </trkpt>
   <trkpt lat="4.8292900" lon="-75.6667520">
    <ele>1465.8</ele>
   </trkpt>
   <trkpt lat="4.8292900" lon="-75.6667750">
    <ele>1465.7</ele>
   </trkpt>
   <trkpt lat="4.8292900" lon="-75.6667980">
    <ele>1465.5</ele>
   </trkpt>
   <trkpt lat="4.8292900" lon="-75.6668200">
    <ele>1465.4</ele>
   </trkpt>
   <trkpt lat="4.8292910" lon="-75.6668430">
    <ele>1465.3</ele>
   </trkpt>
   <trkpt lat="4.8292910" lon="-75.6668670">
    <ele>1465.1</ele>
   </trkpt>
   <trkpt lat="4.8292910" lon="-75.6668930">
    <ele>1465.0</ele>
   </trkpt>
   <trkpt lat="4.8292900" lon="-75.6669200">
    <ele>1464.9</ele>
   </trkpt>
   <trkpt lat="4.8292890" lon="-75.6669460">
    <ele>1464.8</ele>
   </trkpt>
   <trkpt lat="4.8292890" lon="-75.6669730">
    <ele>1464.7</ele>
   </trkpt>
   <trkpt lat="4.8292890" lon="-75.6670000">
    <ele>1464.6</ele>
   </trkpt>
   <trkpt lat="4.8292900" lon="-75.6670260">
    <ele>1464.5</ele>
   </trkpt>
   <trkpt lat="4.8292910" lon="-75.6670520">
    <ele>1464.5</ele>
   </trkpt>
   <trkpt lat="4.8292920" lon="-75.6670770">
    <ele>1464.4</ele>
   </trkpt>
   <trkpt lat="4.8292930" lon="-75.6671030">
    <ele>1464.3</ele>
   </trkpt>
   <trkpt lat="4.8292950" lon="-75.6671280">
    <ele>1464.3</ele>
   </trkpt>
   <trkpt lat="4.8292960" lon="-75.6671520">
    <ele>1464.2</ele>
   </trkpt>
   <trkpt lat="4.8292960" lon="-75.6671750">
    <ele>1464.2</ele>
   </trkpt>
   <trkpt lat="4.8292970" lon="-75.6671960">
    <ele>1464.1</ele>
   </trkpt>
   <trkpt lat="4.8292960" lon="-75.6672160">
    <ele>1464.1</ele>
   </trkpt>
   <trkpt lat="4.8292950" lon="-75.6672370">
    <ele>1464.0</ele>
   </trkpt>
   <trkpt lat="4.8292940" lon="-75.6672570">
    <ele>1463.9</ele>
   </trkpt>
   <trkpt lat="4.8292920" lon="-75.6672770">
    <ele>1463.8</ele>
   </trkpt>
   <trkpt lat="4.8292900" lon="-75.6672970">
    <ele>1463.7</ele>
   </trkpt>
   <trkpt lat="4.8292880" lon="-75.6673170">
    <ele>1463.6</ele>
   </trkpt>
   <trkpt lat="4.8292860" lon="-75.6673370">
    <ele>1463.5</ele>
   </trkpt>
   <trkpt lat="4.8292850" lon="-75.6673580">
    <ele>1463.4</ele>
   </trkpt>
   <trkpt lat="4.8292840" lon="-75.6673790">
    <ele>1463.3</ele>
   </trkpt>
   <trkpt lat="4.8292830" lon="-75.6674010">
    <ele>1463.2</ele>
   </trkpt>
   <trkpt lat="4.8292820" lon="-75.6674240">
    <ele>1463.0</ele>
   </trkpt>
   <trkpt lat="4.8292810" lon="-75.6674470">
    <ele>1462.9</ele>
   </trkpt>
   <trkpt lat="4.8292790" lon="-75.6674690">
    <ele>1462.8</ele>
   </trkpt>
   <trkpt lat="4.8292790" lon="-75.6674910">
    <ele>1462.6</ele>
   </trkpt>
   <trkpt lat="4.8292780" lon="-75.6675120">
    <ele>1462.5</ele>
   </trkpt>
   <trkpt lat="4.8292780" lon="-75.6675320">
    <ele>1462.4</ele>
   </trkpt>
   <trkpt lat="4.8292780" lon="-75.6675520">
    <ele>1462.3</ele>
   </trkpt>
   <trkpt lat="4.8292780" lon="-75.6675720">
    <ele>1462.1</ele>
   </trkpt>
   <trkpt lat="4.8292780" lon="-75.6675920">
    <ele>1462.0</ele>
   </trkpt>
   <trkpt lat="4.8292780" lon="-75.6676110">
    <ele>1462.0</ele>
   </trkpt>
   <trkpt lat="4.8292780" lon="-75.6676310">
    <ele>1461.9</ele>
   </trkpt>
   <trkpt lat="4.8292780" lon="-75.6676510">
    <ele>1461.8</ele>
   </trkpt>
   <trkpt lat="4.8292790" lon="-75.6676720">
    <ele>1461.7</ele>
   </trkpt>
   <trkpt lat="4.8292790" lon="-75.6676920">
    <ele>1461.6</ele>
   </trkpt>
   <trkpt lat="4.8292790" lon="-75.6677130">
    <ele>1461.5</ele>
   </trkpt>
   <trkpt lat="4.8292800" lon="-75.6677340">
    <ele>1461.4</ele>
   </trkpt>
   <trkpt lat="4.8292800" lon="-75.6677560">
    <ele>1461.2</ele>
   </trkpt>
   <trkpt lat="4.8292800" lon="-75.6677780">
    <ele>1461.1</ele>
   </trkpt>
   <trkpt lat="4.8292810" lon="-75.6678010">
    <ele>1461.0</ele>
   </trkpt>
   <trkpt lat="4.8292810" lon="-75.6678230">
    <ele>1460.9</ele>
   </trkpt>
   <trkpt lat="4.8292810" lon="-75.6678470">
    <ele>1460.7</ele>
   </trkpt>
   <trkpt lat="4.8292810" lon="-75.6678700">
    <ele>1460.6</ele>
   </trkpt>
   <trkpt lat="4.8292810" lon="-75.6678920">
    <ele>1460.5</ele>
   </trkpt>
   <trkpt lat="4.8292810" lon="-75.6679130">
    <ele>1460.3</ele>
   </trkpt>
   <trkpt lat="4.8292810" lon="-75.6679330">
    <ele>1460.2</ele>
   </trkpt>
   <trkpt lat="4.8292810" lon="-75.6679520">
    <ele>1460.1</ele>
   </trkpt>
   <trkpt lat="4.8292810" lon="-75.6679700">
    <ele>1460.0</ele>
   </trkpt>
   <trkpt lat="4.8292800" lon="-75.6679880">
    <ele>1459.9</ele>
   </trkpt>
   <trkpt lat="4.8292790" lon="-75.6680070">
    <ele>1459.7</ele>
   </trkpt>
   <trkpt lat="4.8292770" lon="-75.6680260">
    <ele>1459.6</ele>
   </trkpt>
   <trkpt lat="4.8292760" lon="-75.6680450">
    <ele>1459.5</ele>
   </trkpt>
   <trkpt lat="4.8292760" lon="-75.6680650">
    <ele>1459.4</ele>
   </trkpt>
   <trkpt lat="4.8292760" lon="-75.6680860">
    <ele>1459.2</ele>
   </trkpt>
   <trkpt lat="4.8292760" lon="-75.6681060">
    <ele>1459.1</ele>
   </trkpt>
   <trkpt lat="4.8292760" lon="-75.6681260">
    <ele>1459.0</ele>
   </trkpt>
   <trkpt lat="4.8292770" lon="-75.6681460">
    <ele>1458.8</ele>
   </trkpt>
   <trkpt lat="4.8292780" lon="-75.6681670">
    <ele>1458.7</ele>
   </trkpt>
   <trkpt lat="4.8292790" lon="-75.6681870">
    <ele>1458.6</ele>
   </trkpt>
   <trkpt lat="4.8292800" lon="-75.6682060">
    <ele>1458.4</ele>
   </trkpt>
   <trkpt lat="4.8292820" lon="-75.6682220">
    <ele>1458.3</ele>
   </trkpt>
   <trkpt lat="4.8292840" lon="-75.6682370">
    <ele>1458.2</ele>
   </trkpt>
   <trkpt lat="4.8292860" lon="-75.6682500">
    <ele>1458.1</ele>
   </trkpt>
   <trkpt lat="4.8292880" lon="-75.6682630">
    <ele>1458.1</ele>
   </trkpt>
   <trkpt lat="4.8292890" lon="-75.6682770">
    <ele>1458.0</ele>
   </trkpt>
   <trkpt lat="4.8292910" lon="-75.6682930">
    <ele>1457.9</ele>
   </trkpt>
   <trkpt lat="4.8292920" lon="-75.6683100">
    <ele>1457.7</ele>
   </trkpt>
   <trkpt lat="4.8292930" lon="-75.6683280">
    <ele>1457.6</ele>
   </trkpt>
   <trkpt lat="4.8292940" lon="-75.6683480">
    <ele>1457.5</ele>
   </trkpt>
   <trkpt lat="4.8292940" lon="-75.6683690">
    <ele>1457.4</ele>
   </trkpt>
   <trkpt lat="4.8292930" lon="-75.6683910">
    <ele>1457.2</ele>
   </trkpt>
   <trkpt lat="4.8292930" lon="-75.6684130">
    <ele>1457.1</ele>
   </trkpt>
   <trkpt lat="4.8292930" lon="-75.6684350">
    <ele>1457.0</ele>
   </trkpt>
   <trkpt lat="4.8292940" lon="-75.6684580">
    <ele>1456.8</ele>
   </trkpt>
   <trkpt lat="4.8292950" lon="-75.6684820">
    <ele>1456.7</ele>
   </trkpt>
   <trkpt lat="4.8292960" lon="-75.6685060">
    <ele>1456.6</ele>
   </trkpt>
   <trkpt lat="4.8292970" lon="-75.6685300">
    <ele>1456.4</ele>
   </trkpt>
   <trkpt lat="4.8292980" lon="-75.6685540">
    <ele>1456.3</ele>
   </trkpt>
   <trkpt lat="4.8292980" lon="-75.6685770">
    <ele>1456.2</ele>
   </trkpt>
   <trkpt lat="4.8292980" lon="-75.6686010">
    <ele>1456.0</ele>
   </trkpt>
   <trkpt lat="4.8292990" lon="-75.6686260">
    <ele>1455.9</ele>
   </trkpt>
   <trkpt lat="4.8292990" lon="-75.6686510">
    <ele>1455.8</ele>
   </trkpt>
   <trkpt lat="4.8292990" lon="-75.6686770">
    <ele>1455.6</ele>
   </trkpt>
   <trkpt lat="4.8293000" lon="-75.6687030">
    <ele>1455.5</ele>
   </trkpt>
   <trkpt lat="4.8293010" lon="-75.6687280">
    <ele>1455.4</ele>
   </trkpt>
   <trkpt lat="4.8293020" lon="-75.6687530">
    <ele>1455.3</ele>
   </trkpt>
   <trkpt lat="4.8293040" lon="-75.6687790">
    <ele>1455.2</ele>
   </trkpt>
   <trkpt lat="4.8293050" lon="-75.6688050">
    <ele>1455.0</ele>
   </trkpt>
   <trkpt lat="4.8293070" lon="-75.6688330">
    <ele>1454.9</ele>
   </trkpt>
   <trkpt lat="4.8293090" lon="-75.6688600">
    <ele>1454.8</ele>
   </trkpt>
   <trkpt lat="4.8293090" lon="-75.6688860">
    <ele>1454.7</ele>
   </trkpt>
   <trkpt lat="4.8293090" lon="-75.6689120">
    <ele>1454.6</ele>
   </trkpt>
   <trkpt lat="4.8293070" lon="-75.6689370">
    <ele>1454.5</ele>
   </trkpt>
   <trkpt lat="4.8293050" lon="-75.6689620">
    <ele>1454.4</ele>
   </trkpt>
   <trkpt lat="4.8293030" lon="-75.6689870">
    <ele>1454.3</ele>
   </trkpt>
   <trkpt lat="4.8293010" lon="-75.6690110">
    <ele>1454.2</ele>
   </trkpt>
   <trkpt lat="4.8292990" lon="-75.6690370">
    <ele>1454.1</ele>
   </trkpt>
   <trkpt lat="4.8292980" lon="-75.6690620">
    <ele>1454.0</ele>
   </trkpt>
   <trkpt lat="4.8292970" lon="-75.6690880">
    <ele>1453.9</ele>
   </trkpt>
   <trkpt lat="4.8292960" lon="-75.6691140">
    <ele>1453.9</ele>
   </trkpt>
   <trkpt lat="4.8292970" lon="-75.6691390">
    <ele>1453.8</ele>
   </trkpt>
   <trkpt lat="4.8292970" lon="-75.6691640">
    <ele>1453.7</ele>
   </trkpt>
   <trkpt lat="4.8292970" lon="-75.6691880">
    <ele>1453.7</ele>
   </trkpt>
   <trkpt lat="4.8292960" lon="-75.6692130">
    <ele>1453.6</ele>
   </trkpt>
   <trkpt lat="4.8292960" lon="-75.6692380">
    <ele>1453.6</ele>
   </trkpt>
   <trkpt lat="4.8292960" lon="-75.6692640">
    <ele>1453.5</ele>
   </trkpt>
   <trkpt lat="4.8292970" lon="-75.6692890">
    <ele>1453.5</ele>
   </trkpt>
   <trkpt lat="4.8292970" lon="-75.6693150">
    <ele>1453.4</ele>
   </trkpt>
   <trkpt lat="4.8292980" lon="-75.6693390">
    <ele>1453.4</ele>
   </trkpt>
   <trkpt lat="4.8293000" lon="-75.6693630">
    <ele>1453.3</ele>
   </trkpt>
   <trkpt lat="4.8293020" lon="-75.6693860">
    <ele>1453.2</ele>
   </trkpt>
   <trkpt lat="4.8293040" lon="-75.6694090">
    <ele>1453.1</ele>
   </trkpt>
   <trkpt lat="4.8293080" lon="-75.6694310">
    <ele>1453.0</ele>
   </trkpt>
   <trkpt lat="4.8293120" lon="-75.6694520">
    <ele>1453.0</ele>
   </trkpt>
   <trkpt lat="4.8293170" lon="-75.6694740">
    <ele>1452.9</ele>
   </trkpt>
   <trkpt lat="4.8293230" lon="-75.6694950">
    <ele>1452.8</ele>
   </trkpt>
   <trkpt lat="4.8293300" lon="-75.6695160">
    <ele>1452.7</ele>
   </trkpt>
   <trkpt lat="4.8293390" lon="-75.6695360">
    <ele>1452.6</ele>
   </trkpt>
   <trkpt lat="4.8293490" lon="-75.6695550">
    <ele>1452.5</ele>
   </trkpt>
   <trkpt lat="4.8293600" lon="-75.6695710">
    <ele>1452.4</ele>
   </trkpt>
   <trkpt lat="4.8293750" lon="-75.6695850">
    <ele>1452.3</ele>
   </trkpt>
   <trkpt lat="4.8293920" lon="-75.6695960">
    <ele>1452.3</ele>
   </trkpt>
   <trkpt lat="4.8294120" lon="-75.6696060">
    <ele>1452.2</ele>
   </trkpt>
   <trkpt lat="4.8294340" lon="-75.6696130">
    <ele>1452.1</ele>
   </trkpt>
   <trkpt lat="4.8294580" lon="-75.6696200">
    <ele>1452.0</ele>
   </trkpt>
   <trkpt lat="4.8294820" lon="-75.6696270">
    <ele>1451.9</ele>
   </trkpt>
   <trkpt lat="4.8295070" lon="-75.6696320">
    <ele>1451.8</ele>
   </trkpt>
   <trkpt lat="4.8295310" lon="-75.6696370">
    <ele>1451.8</ele>
   </trkpt>
   <trkpt lat="4.8295550" lon="-75.6696420">
    <ele>1451.7</ele>
   </trkpt>
   <trkpt lat="4.8295780" lon="-75.6696470">
    <ele>1451.7</ele>
   </trkpt>
   <trkpt lat="4.8296020" lon="-75.6696510">
    <ele>1451.7</ele>
   </trkpt>
   <trkpt lat="4.8296250" lon="-75.6696560">
    <ele>1451.7</ele>
   </trkpt>
   <trkpt lat="4.8296480" lon="-75.6696600">
    <ele>1451.7</ele>
   </trkpt>
   <trkpt lat="4.8296710" lon="-75.6696650">
    <ele>1451.7</ele>
   </trkpt>
   <trkpt lat="4.8296930" lon="-75.6696700">
    <ele>1451.7</ele>
   </trkpt>
   <trkpt lat="4.8297150" lon="-75.6696750">
    <ele>1451.7</ele>
   </trkpt>
   <trkpt lat="4.8297370" lon="-75.6696800">
    <ele>1451.7</ele>
   </trkpt>
   <trkpt lat="4.8297590" lon="-75.6696850">
    <ele>1451.7</ele>
   </trkpt>
   <trkpt lat="4.8297810" lon="-75.6696910">
    <ele>1451.8</ele>
   </trkpt>
   <trkpt lat="4.8298030" lon="-75.6696960">
    <ele>1451.8</ele>
   </trkpt>
   <trkpt lat="4.8298250" lon="-75.6697010">
    <ele>1451.8</ele>
   </trkpt>
   <trkpt lat="4.8298470" lon="-75.6697060">
    <ele>1451.8</ele>
   </trkpt>
   <trkpt lat="4.8298690" lon="-75.6697110">
    <ele>1451.9</ele>
   </trkpt>
   <trkpt lat="4.8298900" lon="-75.6697160">
    <ele>1451.9</ele>
   </trkpt>
   <trkpt lat="4.8299120" lon="-75.6697210">
    <ele>1451.9</ele>
   </trkpt>
   <trkpt lat="4.8299340" lon="-75.6697250">
    <ele>1452.0</ele>
   </trkpt>
   <trkpt lat="4.8299560" lon="-75.6697300">
    <ele>1452.0</ele>
   </trkpt>
   <trkpt lat="4.8299780" lon="-75.6697340">
    <ele>1452.0</ele>
   </trkpt>
   <trkpt lat="4.8300010" lon="-75.6697380">
    <ele>1452.1</ele>
   </trkpt>
   <trkpt lat="4.8300230" lon="-75.6697430">
    <ele>1452.1</ele>
   </trkpt>
   <trkpt lat="4.8300450" lon="-75.6697470">
    <ele>1452.2</ele>
   </trkpt>
   <trkpt lat="4.8300670" lon="-75.6697520">
    <ele>1452.2</ele>
   </trkpt>
   <trkpt lat="4.8300890" lon="-75.6697560">
    <ele>1452.2</ele>
   </trkpt>
   <trkpt lat="4.8301110" lon="-75.6697620">
    <ele>1452.3</ele>
   </trkpt>
   <trkpt lat="4.8301330" lon="-75.6697670">
    <ele>1452.3</ele>
   </trkpt>
   <trkpt lat="4.8301550" lon="-75.6697730">
    <ele>1452.4</ele>
   </trkpt>
   <trkpt lat="4.8301780" lon="-75.6697790">
    <ele>1452.4</ele>
   </trkpt>
   <trkpt lat="4.8302000" lon="-75.6697850">
    <ele>1452.4</ele>
   </trkpt>
   <trkpt lat="4.8302230" lon="-75.6697910">
    <ele>1452.5</ele>
   </trkpt>
   <trkpt lat="4.8302450" lon="-75.6697980">
    <ele>1452.5</ele>
   </trkpt>
   <trkpt lat="4.8302640" lon="-75.6698060">
    <ele>1452.6</ele>
   </trkpt>
   <trkpt lat="4.8302820" lon="-75.6698130">
    <ele>1452.6</ele>
   </trkpt>
   <trkpt lat="4.8302980" lon="-75.6698200">
    <ele>1452.6</ele>
   </trkpt>
   <trkpt lat="4.8303130" lon="-75.6698270">
    <ele>1452.7</ele>
   </trkpt>
   <trkpt lat="4.8303280" lon="-75.6698330">
    <ele>1452.7</ele>
   </trkpt>
   <trkpt lat="4.8303430" lon="-75.6698390">
    <ele>1452.7</ele>
   </trkpt>
   <trkpt lat="4.8303600" lon="-75.6698450">
    <ele>1452.8</ele>
   </trkpt>
   <trkpt lat="4.8303790" lon="-75.6698520">
    <ele>1452.8</ele>
   </trkpt>
   <trkpt lat="4.8303990" lon="-75.6698590">
    <ele>1452.8</ele>
   </trkpt>
   <trkpt lat="4.8304200" lon="-75.6698670">
    <ele>1452.9</ele>
   </trkpt>
   <trkpt lat="4.8304410" lon="-75.6698750">
    <ele>1452.9</ele>
   </trkpt>
   <trkpt lat="4.8304630" lon="-75.6698830">
    <ele>1452.9</ele>
   </trkpt>
   <trkpt lat="4.8304850" lon="-75.6698910">
    <ele>1453.0</ele>
   </trkpt>
   <trkpt lat="4.8305070" lon="-75.6698990">
    <ele>1453.0</ele>
   </trkpt>
   <trkpt lat="4.8305300" lon="-75.6699080">
    <ele>1453.0</ele>
   </trkpt>
   <trkpt lat="4.8305520" lon="-75.6699160">
    <ele>1453.0</ele>
   </trkpt>
   <trkpt lat="4.8305760" lon="-75.6699240">
    <ele>1453.0</ele>
   </trkpt>
   <trkpt lat="4.8306000" lon="-75.6699330">
    <ele>1453.0</ele>
   </trkpt>
   <trkpt lat="4.8306230" lon="-75.6699420">
    <ele>1453.0</ele>
   </trkpt>
   <trkpt lat="4.8306460" lon="-75.6699500">
    <ele>1453.0</ele>
   </trkpt>
   <trkpt lat="4.8306660" lon="-75.6699580">
    <ele>1452.9</ele>
   </trkpt>
   <trkpt lat="4.8306850" lon="-75.6699640">
    <ele>1452.9</ele>
   </trkpt>
   <trkpt lat="4.8307040" lon="-75.6699710">
    <ele>1452.9</ele>
   </trkpt>
   <trkpt lat="4.8307250" lon="-75.6699770">
    <ele>1452.8</ele>
   </trkpt>
   <trkpt lat="4.8307460" lon="-75.6699840">
    <ele>1452.8</ele>
   </trkpt>
   <trkpt lat="4.8307690" lon="-75.6699900">
    <ele>1452.7</ele>
   </trkpt>
   <trkpt lat="4.8307920" lon="-75.6699970">
    <ele>1452.7</ele>
   </trkpt>
   <trkpt lat="4.8308150" lon="-75.6700040">
    <ele>1452.6</ele>
   </trkpt>
   <trkpt lat="4.8308390" lon="-75.6700110">
    <ele>1452.6</ele>
   </trkpt>
   <trkpt lat="4.8308620" lon="-75.6700170">
    <ele>1452.5</ele>
   </trkpt>
   <trkpt lat="4.8308860" lon="-75.6700230">
    <ele>1452.4</ele>
   </trkpt>
   <trkpt lat="4.8309110" lon="-75.6700300">
    <ele>1452.4</ele>
   </trkpt>
   <trkpt lat="4.8309360" lon="-75.6700370">
    <ele>1452.3</ele>
   </trkpt>
   <trkpt lat="4.8309610" lon="-75.6700440">
    <ele>1452.2</ele>
   </trkpt>
   <trkpt lat="4.8309840" lon="-75.6700510">
    <ele>1452.2</ele>
   </trkpt>
   <trkpt lat="4.8310050" lon="-75.6700580">
    <ele>1452.1</ele>
   </trkpt>
   <trkpt lat="4.8310240" lon="-75.6700650">
    <ele>1452.0</ele>
   </trkpt>
   <trkpt lat="4.8310440" lon="-75.6700720">
    <ele>1452.0</ele>
   </trkpt>
   <trkpt lat="4.8310630" lon="-75.6700790">
    <ele>1451.9</ele>
   </trkpt>
   <trkpt lat="4.8310830" lon="-75.6700880">
    <ele>1451.9</ele>
   </trkpt>
   <trkpt lat="4.8311040" lon="-75.6700970">
    <ele>1451.8</ele>
   </trkpt>
   <trkpt lat="4.8311250" lon="-75.6701080">
    <ele>1451.8</ele>
   </trkpt>
   <trkpt lat="4.8311450" lon="-75.6701190">
    <ele>1451.7</ele>
   </trkpt>
   <trkpt lat="4.8311630" lon="-75.6701290">
    <ele>1451.6</ele>
   </trkpt>
   <trkpt lat="4.8311820" lon="-75.6701390">
    <ele>1451.6</ele>
   </trkpt>
   <trkpt lat="4.8312000" lon="-75.6701470">
    <ele>1451.5</ele>
   </trkpt>
   <trkpt lat="4.8312200" lon="-75.6701530">
    <ele>1451.5</ele>
   </trkpt>
   <trkpt lat="4.8312390" lon="-75.6701570">
    <ele>1451.4</ele>
   </trkpt>
   <trkpt lat="4.8312590" lon="-75.6701600">
    <ele>1451.4</ele>
   </trkpt>
   <trkpt lat="4.8312790" lon="-75.6701600">
    <ele>1451.3</ele>
   </trkpt>
   <trkpt lat="4.8312990" lon="-75.6701590">
    <ele>1451.2</ele>
   </trkpt>
   <trkpt lat="4.8313200" lon="-75.6701560">
    <ele>1451.2</ele>
   </trkpt>
   <trkpt lat="4.8313420" lon="-75.6701530">
    <ele>1451.1</ele>
   </trkpt>
   <trkpt lat="4.8313630" lon="-75.6701480">
    <ele>1451.0</ele>
   </trkpt>
   <trkpt lat="4.8313840" lon="-75.6701410">
    <ele>1451.0</ele>
   </trkpt>
   <trkpt lat="4.8314060" lon="-75.6701340">
    <ele>1450.9</ele>
   </trkpt>
   <trkpt lat="4.8314290" lon="-75.6701260">
    <ele>1450.9</ele>
   </trkpt>
   <trkpt lat="4.8314510" lon="-75.6701180">
    <ele>1450.8</ele>
   </trkpt>
   <trkpt lat="4.8314750" lon="-75.6701100">
    <ele>1450.8</ele>
   </trkpt>
   <trkpt lat="4.8314980" lon="-75.6701010">
    <ele>1450.7</ele>
   </trkpt>
   <trkpt lat="4.8315210" lon="-75.6700930">
    <ele>1450.7</ele>
   </trkpt>
   <trkpt lat="4.8315450" lon="-75.6700860">
    <ele>1450.7</ele>
   </trkpt>
   <trkpt lat="4.8315680" lon="-75.6700790">
    <ele>1450.7</ele>
   </trkpt>
   <trkpt lat="4.8315910" lon="-75.6700720">
    <ele>1450.7</ele>
   </trkpt>
   <trkpt lat="4.8316140" lon="-75.6700660">
    <ele>1450.7</ele>
   </trkpt>
   <trkpt lat="4.8316370" lon="-75.6700600">
    <ele>1450.7</ele>
   </trkpt>
   <trkpt lat="4.8316600" lon="-75.6700540">
    <ele>1450.8</ele>
   </trkpt>
   <trkpt lat="4.8316830" lon="-75.6700480">
    <ele>1450.8</ele>
   </trkpt>
   <trkpt lat="4.8317060" lon="-75.6700420">
    <ele>1450.9</ele>
   </trkpt>
   <trkpt lat="4.8317290" lon="-75.6700370">
    <ele>1450.9</ele>
   </trkpt>
   <trkpt lat="4.8317510" lon="-75.6700320">
    <ele>1451.0</ele>
   </trkpt>
   <trkpt lat="4.8317720" lon="-75.6700290">
    <ele>1451.0</ele>
   </trkpt>
   <trkpt lat="4.8317920" lon="-75.6700260">
    <ele>1451.1</ele>
   </trkpt>
   <trkpt lat="4.8318120" lon="-75.6700250">
    <ele>1451.2</ele>
   </trkpt>
   <trkpt lat="4.8318310" lon="-75.6700250">
    <ele>1451.2</ele>
   </trkpt>
   <trkpt lat="4.8318500" lon="-75.6700260">
    <ele>1451.3</ele>
   </trkpt>
   <trkpt lat="4.8318710" lon="-75.6700270">
    <ele>1451.4</ele>
   </trkpt>
   <trkpt lat="4.8318910" lon="-75.6700300">
    <ele>1451.5</ele>
   </trkpt>
   <trkpt lat="4.8319110" lon="-75.6700330">
    <ele>1451.5</ele>
   </trkpt>
   <trkpt lat="4.8319320" lon="-75.6700370">
    <ele>1451.6</ele>
   </trkpt>
   <trkpt lat="4.8319520" lon="-75.6700420">
    <ele>1451.7</ele>
   </trkpt>
   <trkpt lat="4.8319720" lon="-75.6700480">
    <ele>1451.8</ele>
   </trkpt>
   <trkpt lat="4.8319920" lon="-75.6700550">
    <ele>1451.8</ele>
   </trkpt>
   <trkpt lat="4.8320120" lon="-75.6700620">
    <ele>1451.9</ele>
   </trkpt>
   <trkpt lat="4.8320310" lon="-75.6700700">
    <ele>1451.9</ele>
   </trkpt>
   <trkpt lat="4.8320500" lon="-75.6700780">
    <ele>1452.0</ele>
   </trkpt>
   <trkpt lat="4.8320690" lon="-75.6700870">
    <ele>1452.1</ele>
   </trkpt>
   <trkpt lat="4.8320880" lon="-75.6700960">
    <ele>1452.1</ele>
   </trkpt>
   <trkpt lat="4.8321070" lon="-75.6701050">
    <ele>1452.2</ele>
   </trkpt>
   <trkpt lat="4.8321240" lon="-75.6701140">
    <ele>1452.3</ele>
   </trkpt>
   <trkpt lat="4.8321400" lon="-75.6701240">
    <ele>1452.3</ele>
   </trkpt>
   <trkpt lat="4.8321530" lon="-75.6701340">
    <ele>1452.3</ele>
   </trkpt>
   <trkpt lat="4.8321600" lon="-75.6701450">
    <ele>1452.3</ele>
   </trkpt>
   <trkpt lat="4.8321610" lon="-75.6701550">
    <ele>1452.3</ele>
   </trkpt>
   <trkpt lat="4.8321570" lon="-75.6701630">
    <ele>1452.3</ele>
   </trkpt>
   <trkpt lat="4.8321480" lon="-75.6701680">
    <ele>1452.3</ele>
   </trkpt>
   <trkpt lat="4.8321350" lon="-75.6701700">
    <ele>1452.2</ele>
   </trkpt>
   <trkpt lat="4.8321190" lon="-75.6701690">
    <ele>1452.1</ele>
   </trkpt>
   <trkpt lat="4.8321020" lon="-75.6701660">
    <ele>1452.0</ele>
   </trkpt>
   <trkpt lat="4.8320830" lon="-75.6701610">
    <ele>1451.9</ele>
   </trkpt>
   <trkpt lat="4.8320620" lon="-75.6701550">
    <ele>1451.8</ele>
   </trkpt>
   <trkpt lat="4.8320420" lon="-75.6701490">
    <ele>1451.7</ele>
   </trkpt>
   <trkpt lat="4.8320200" lon="-75.6701420">
    <ele>1451.6</ele>
   </trkpt>
   <trkpt lat="4.8319990" lon="-75.6701350">
    <ele>1451.4</ele>
   </trkpt>
   <trkpt lat="4.8319760" lon="-75.6701290">
    <ele>1451.3</ele>
   </trkpt>
   <trkpt lat="4.8319530" lon="-75.6701240">
    <ele>1451.2</ele>
   </trkpt>
   <trkpt lat="4.8319290" lon="-75.6701190">
    <ele>1451.0</ele>
   </trkpt>
   <trkpt lat="4.8319050" lon="-75.6701150">
    <ele>1450.9</ele>
   </trkpt>
   <trkpt lat="4.8318800" lon="-75.6701130">
    <ele>1450.8</ele>
   </trkpt>
   <trkpt lat="4.8318550" lon="-75.6701110">
    <ele>1450.6</ele>
   </trkpt>
   <trkpt lat="4.8318300" lon="-75.6701110">
    <ele>1450.5</ele>
   </trkpt>
   <trkpt lat="4.8318030" lon="-75.6701120">
    <ele>1450.4</ele>
   </trkpt>
   <trkpt lat="4.8317760" lon="-75.6701150">
    <ele>1450.2</ele>
   </trkpt>
   <trkpt lat="4.8317500" lon="-75.6701200">
    <ele>1450.1</ele>
   </trkpt>
   <trkpt lat="4.8317240" lon="-75.6701260">
    <ele>1450.0</ele>
   </trkpt>
   <trkpt lat="4.8316980" lon="-75.6701330">
    <ele>1450.0</ele>
   </trkpt>
   <trkpt lat="4.8316720" lon="-75.6701400">
    <ele>1449.9</ele>
   </trkpt>
   <trkpt lat="4.8316460" lon="-75.6701480">
    <ele>1449.8</ele>
   </trkpt>
   <trkpt lat="4.8316220" lon="-75.6701560">
    <ele>1449.8</ele>
   </trkpt>
   <trkpt lat="4.8315980" lon="-75.6701640">
    <ele>1449.8</ele>
   </trkpt>
   <trkpt lat="4.8315740" lon="-75.6701730">
    <ele>1449.7</ele>
   </trkpt>
   <trkpt lat="4.8315520" lon="-75.6701820">
    <ele>1449.7</ele>
   </trkpt>
   <trkpt lat="4.8315290" lon="-75.6701910">
    <ele>1449.7</ele>
   </trkpt>
   <trkpt lat="4.8315080" lon="-75.6702000">
    <ele>1449.7</ele>
   </trkpt>
   <trkpt lat="4.8314870" lon="-75.6702080">
    <ele>1449.7</ele>
   </trkpt>
   <trkpt lat="4.8314670" lon="-75.6702160">
    <ele>1449.7</ele>
   </trkpt>
   <trkpt lat="4.8314470" lon="-75.6702250">
    <ele>1449.7</ele>
   </trkpt>
   <trkpt lat="4.8314270" lon="-75.6702330">
    <ele>1449.8</ele>
   </trkpt>
   <trkpt lat="4.8314070" lon="-75.6702410">
    <ele>1449.8</ele>
   </trkpt>
   <trkpt lat="4.8313880" lon="-75.6702490">
    <ele>1449.8</ele>
   </trkpt>
   <trkpt lat="4.8313680" lon="-75.6702550">
    <ele>1449.8</ele>
   </trkpt>
   <trkpt lat="4.8313480" lon="-75.6702610">
    <ele>1449.9</ele>
   </trkpt>
   <trkpt lat="4.8313290" lon="-75.6702640">
    <ele>1449.9</ele>
   </trkpt>
   <trkpt lat="4.8313100" lon="-75.6702660">
    <ele>1450.0</ele>
   </trkpt>
   <trkpt lat="4.8312900" lon="-75.6702650">
    <ele>1450.0</ele>
   </trkpt>
   <trkpt lat="4.8312710" lon="-75.6702630">
    <ele>1450.0</ele>
   </trkpt>
   <trkpt lat="4.8312520" lon="-75.6702590">
    <ele>1450.1</ele>
   </trkpt>
   <trkpt lat="4.8312320" lon="-75.6702550">
    <ele>1450.1</ele>
   </trkpt>
   <trkpt lat="4.8312130" lon="-75.6702490">
    <ele>1450.2</ele>
   </trkpt>
   <trkpt lat="4.8311950" lon="-75.6702420">
    <ele>1450.2</ele>
   </trkpt>
   <trkpt lat="4.8311780" lon="-75.6702330">
    <ele>1450.3</ele>
   </trkpt>
   <trkpt lat="4.8311610" lon="-75.6702240">
    <ele>1450.4</ele>
   </trkpt>
   <trkpt lat="4.8311430" lon="-75.6702140">
    <ele>1450.4</ele>
   </trkpt>
   <trkpt lat="4.8311240" lon="-75.6702030">
    <ele>1450.5</ele>
   </trkpt>
   <trkpt lat="4.8311050" lon="-75.6701920">
    <ele>1450.6</ele>
   </trkpt>
   <trkpt lat="4.8310850" lon="-75.6701800">
    <ele>1450.7</ele>
   </trkpt>
   <trkpt lat="4.8310660" lon="-75.6701680">
    <ele>1450.7</ele>
   </trkpt>
   <trkpt lat="4.8310470" lon="-75.6701580">
    <ele>1450.8</ele>
   </trkpt>
   <trkpt lat="4.8310270" lon="-75.6701480">
    <ele>1450.9</ele>
   </trkpt>
   <trkpt lat="4.8310070" lon="-75.6701410">
    <ele>1451.0</ele>
   </trkpt>
   <trkpt lat="4.8309860" lon="-75.6701350">
    <ele>1451.1</ele>
   </trkpt>
   <trkpt lat="4.8309670" lon="-75.6701310">
    <ele>1451.2</ele>
   </trkpt>
   <trkpt lat="4.8309500" lon="-75.6701270">
    <ele>1451.3</ele>
   </trkpt>
   <trkpt lat="4.8309330" lon="-75.6701220">
    <ele>1451.4</ele>
   </trkpt>
   <trkpt lat="4.8309170" lon="-75.6701170">
    <ele>1451.5</ele>
   </trkpt>
   <trkpt lat="4.8309010" lon="-75.6701100">
    <ele>1451.6</ele>
   </trkpt>
   <trkpt lat="4.8308830" lon="-75.6701040">
    <ele>1451.7</ele>
   </trkpt>
   <trkpt lat="4.8308650" lon="-75.6700980">
    <ele>1451.8</ele>
   </trkpt>
   <trkpt lat="4.8308470" lon="-75.6700920">
    <ele>1451.9</ele>
   </trkpt>
   <trkpt lat="4.8308280" lon="-75.6700860">
    <ele>1452.0</ele>
   </trkpt>
   <trkpt lat="4.8308090" lon="-75.6700800">
    <ele>1452.1</ele>
   </trkpt>
   <trkpt lat="4.8307910" lon="-75.6700740">
    <ele>1452.2</ele>
   </trkpt>
   <trkpt lat="4.8307720" lon="-75.6700670">
    <ele>1452.3</ele>
   </trkpt>
   <trkpt lat="4.8307540" lon="-75.6700610">
    <ele>1452.4</ele>
   </trkpt>
   <trkpt lat="4.8307360" lon="-75.6700550">
    <ele>1452.5</ele>
   </trkpt>
   <trkpt lat="4.8307180" lon="-75.6700500">
    <ele>1452.5</ele>
   </trkpt>
   <trkpt lat="4.8307010" lon="-75.6700450">
    <ele>1452.6</ele>
   </trkpt>
   <trkpt lat="4.8306840" lon="-75.6700410">
    <ele>1452.7</ele>
   </trkpt>
   <trkpt lat="4.8306670" lon="-75.6700360">
    <ele>1452.7</ele>
   </trkpt>
   <trkpt lat="4.8306490" lon="-75.6700310">
    <ele>1452.7</ele>
   </trkpt>
   <trkpt lat="4.8306310" lon="-75.6700250">
    <ele>1452.7</ele>
   </trkpt>
   <trkpt lat="4.8306110" lon="-75.6700190">
    <ele>1452.8</ele>
   </trkpt>
   <trkpt lat="4.8305920" lon="-75.6700110">
    <ele>1452.8</ele>
   </trkpt>
   <trkpt lat="4.8305730" lon="-75.6700030">
    <ele>1452.8</ele>
   </trkpt>
   <trkpt lat="4.8305540" lon="-75.6699940">
    <ele>1452.8</ele>
   </trkpt>
   <trkpt lat="4.8305350" lon="-75.6699860">
    <ele>1452.8</ele>
   </trkpt>
   <trkpt lat="4.8305150" lon="-75.6699760">
    <ele>1452.8</ele>
   </trkpt>
   <trkpt lat="4.8304940" lon="-75.6699670">
    <ele>1452.8</ele>
   </trkpt>
   <trkpt lat="4.8304730" lon="-75.6699570">
    <ele>1452.8</ele>
   </trkpt>
   <trkpt lat="4.8304500" lon="-75.6699470">
    <ele>1452.8</ele>
   </trkpt>
   <trkpt lat="4.8304270" lon="-75.6699370">
    <ele>1452.8</ele>
   </trkpt>
   <trkpt lat="4.8304030" lon="-75.6699270">
    <ele>1452.7</ele>
   </trkpt>
   <trkpt lat="4.8303780" lon="-75.6699190">
    <ele>1452.7</ele>
   </trkpt>
   <trkpt lat="4.8303530" lon="-75.6699110">
    <ele>1452.7</ele>
   </trkpt>
   <trkpt lat="4.8303290" lon="-75.6699040">
    <ele>1452.6</ele>
   </trkpt>
   <trkpt lat="4.8303040" lon="-75.6698970">
    <ele>1452.6</ele>
   </trkpt>
   <trkpt lat="4.8302810" lon="-75.6698910">
    <ele>1452.6</ele>
   </trkpt>
   <trkpt lat="4.8302580" lon="-75.6698850">
    <ele>1452.5</ele>
   </trkpt>
   <trkpt lat="4.8302360" lon="-75.6698790">
    <ele>1452.5</ele>
   </trkpt>
   <trkpt lat="4.8302140" lon="-75.6698730">
    <ele>1452.4</ele>
   </trkpt>
   <trkpt lat="4.8301920" lon="-75.6698660">
    <ele>1452.4</ele>
   </trkpt>
   <trkpt lat="4.8301710" lon="-75.6698600">
    <ele>1452.3</ele>
   </trkpt>
   <trkpt lat="4.8301490" lon="-75.6698520">
    <ele>1452.3</ele>
   </trkpt>
   <trkpt lat="4.8301280" lon="-75.6698450">
    <ele>1452.3</ele>
   </trkpt>
   <trkpt lat="4.8301060" lon="-75.6698380">
    <ele>1452.2</ele>
   </trkpt>
   <trkpt lat="4.8300840" lon="-75.6698300">
    <ele>1452.2</ele>
   </trkpt>
   <trkpt lat="4.8300620" lon="-75.6698230">
    <ele>1452.1</ele>
   </trkpt>
   <trkpt lat="4.8300390" lon="-75.6698160">
    <ele>1452.1</ele>
   </trkpt>
   <trkpt lat="4.8300160" lon="-75.6698100">
    <ele>1452.1</ele>
   </trkpt>
   <trkpt lat="4.8299930" lon="-75.6698040">
    <ele>1452.0</ele>
   </trkpt>
   <trkpt lat="4.8299700" lon="-75.6698000">
    <ele>1452.0</ele>
   </trkpt>
   <trkpt lat="4.8299470" lon="-75.6697960">
    <ele>1451.9</ele>
   </trkpt>
   <trkpt lat="4.8299240" lon="-75.6697920">
    <ele>1451.9</ele>
   </trkpt>
   <trkpt lat="4.8299000" lon="-75.6697870">
    <ele>1451.8</ele>
   </trkpt>
   <trkpt lat="4.8298770" lon="-75.6697830">
    <ele>1451.8</ele>
   </trkpt>
   <trkpt lat="4.8298530" lon="-75.6697780">
    <ele>1451.8</ele>
   </trkpt>
   <trkpt lat="4.8298300" lon="-75.6697730">
    <ele>1451.7</ele>
   </trkpt>
   <trkpt lat="4.8298060" lon="-75.6697670">
    <ele>1451.7</ele>
   </trkpt>
   <trkpt lat="4.8297840" lon="-75.6697610">
    <ele>1451.6</ele>
   </trkpt>
   <trkpt lat="4.8297610" lon="-75.6697540">
    <ele>1451.6</ele>
   </trkpt>
   <trkpt lat="4.8297400" lon="-75.6697490">
    <ele>1451.6</ele>
   </trkpt>
   <trkpt lat="4.8297180" lon="-75.6697430">
    <ele>1451.5</ele>
   </trkpt>
   <trkpt lat="4.8296960" lon="-75.6697380">
    <ele>1451.5</ele>
   </trkpt>
   <trkpt lat="4.8296750" lon="-75.6697340">
    <ele>1451.5</ele>
   </trkpt>
   <trkpt lat="4.8296530" lon="-75.6697300">
    <ele>1451.5</ele>
   </trkpt>
   <trkpt lat="4.8296310" lon="-75.6697260">
    <ele>1451.4</ele>
   </trkpt>
   <trkpt lat="4.8296080" lon="-75.6697220">
    <ele>1451.4</ele>
   </trkpt>
   <trkpt lat="4.8295850" lon="-75.6697190">
    <ele>1451.4</ele>
   </trkpt>
   <trkpt lat="4.8295620" lon="-75.6697170">
    <ele>1451.4</ele>
   </trkpt>
   <trkpt lat="4.8295390" lon="-75.6697160">
    <ele>1451.5</ele>
   </trkpt>
   <trkpt lat="4.8295170" lon="-75.6697140">
    <ele>1451.5</ele>
   </trkpt>
   <trkpt lat="4.8294950" lon="-75.6697120">
    <ele>1451.5</ele>
   </trkpt>
   <trkpt lat="4.8294730" lon="-75.6697090">
    <ele>1451.5</ele>
   </trkpt>
   <trkpt lat="4.8294510" lon="-75.6697060">
    <ele>1451.5</ele>
   </trkpt>
   <trkpt lat="4.8294290" lon="-75.6697020">
    <ele>1451.5</ele>
   </trkpt>
   <trkpt lat="4.8294070" lon="-75.6696990">
    <ele>1451.5</ele>
   </trkpt>
   <trkpt lat="4.8293850" lon="-75.6696970">
    <ele>1451.5</ele>
   </trkpt>
   <trkpt lat="4.8293640" lon="-75.6696940">
    <ele>1451.5</ele>
   </trkpt>
   <trkpt lat="4.8293440" lon="-75.6696910">
    <ele>1451.6</ele>
   </trkpt>
   <trkpt lat="4.8293250" lon="-75.6696880">
    <ele>1451.6</ele>
   </trkpt>
   <trkpt lat="4.8293060" lon="-75.6696840">
    <ele>1451.7</ele>
   </trkpt>
   <trkpt lat="4.8292870" lon="-75.6696810">
    <ele>1451.7</ele>
   </trkpt>
   <trkpt lat="4.8292690" lon="-75.6696760">
    <ele>1451.8</ele>
   </trkpt>
   <trkpt lat="4.8292520" lon="-75.6696720">
    <ele>1451.9</ele>
   </trkpt>
   <trkpt lat="4.8292340" lon="-75.6696670">
    <ele>1451.9</ele>
   </trkpt>
   <trkpt lat="4.8292180" lon="-75.6696620">
    <ele>1452.0</ele>
   </trkpt>
   <trkpt lat="4.8292000" lon="-75.6696560">
    <ele>1452.1</ele>
   </trkpt>
   <trkpt lat="4.8291820" lon="-75.6696520">
    <ele>1452.2</ele>
   </trkpt>
   <trkpt lat="4.8291640" lon="-75.6696480">
    <ele>1452.2</ele>
   </trkpt>
   <trkpt lat="4.8291450" lon="-75.6696460">
    <ele>1452.3</ele>
   </trkpt>
   <trkpt lat="4.8291250" lon="-75.6696450">
    <ele>1452.4</ele>
   </trkpt>
   <trkpt lat="4.8291060" lon="-75.6696450">
    <ele>1452.5</ele>
   </trkpt>
   <trkpt lat="4.8290850" lon="-75.6696460">
    <ele>1452.6</ele>
   </trkpt>
   <trkpt lat="4.8290650" lon="-75.6696480">
    <ele>1452.8</ele>
   </trkpt>
   <trkpt lat="4.8290440" lon="-75.6696490">
    <ele>1452.9</ele>
   </trkpt>
   <trkpt lat="4.8290220" lon="-75.6696490">
    <ele>1453.1</ele>
   </trkpt>
   <trkpt lat="4.8290000" lon="-75.6696490">
    <ele>1453.2</ele>
   </trkpt>
   <trkpt lat="4.8289770" lon="-75.6696470">
    <ele>1453.3</ele>
   </trkpt>
   <trkpt lat="4.8289550" lon="-75.6696450">
    <ele>1453.5</ele>
   </trkpt>
   <trkpt lat="4.8289320" lon="-75.6696420">
    <ele>1453.6</ele>
   </trkpt>
   <trkpt lat="4.8289090" lon="-75.6696400">
    <ele>1453.7</ele>
   </trkpt>
   <trkpt lat="4.8288860" lon="-75.6696370">
    <ele>1453.8</ele>
   </trkpt>
   <trkpt lat="4.8288640" lon="-75.6696350">
    <ele>1453.9</ele>
   </trkpt>
   <trkpt lat="4.8288410" lon="-75.6696340">
    <ele>1453.9</ele>
   </trkpt>
   <trkpt lat="4.8288190" lon="-75.6696320">
    <ele>1454.0</ele>
   </trkpt>
   <trkpt lat="4.8287970" lon="-75.6696310">
    <ele>1454.0</ele>
   </trkpt>
   <trkpt lat="4.8287760" lon="-75.6696310">
    <ele>1454.1</ele>
   </trkpt>
   <trkpt lat="4.8287540" lon="-75.6696310">
    <ele>1454.1</ele>
   </trkpt>
   <trkpt lat="4.8287320" lon="-75.6696320">
    <ele>1454.1</ele>
   </trkpt>
   <trkpt lat="4.8287100" lon="-75.6696340">
    <ele>1454.1</ele>
   </trkpt>
   <trkpt lat="4.8286880" lon="-75.6696360">
    <ele>1454.1</ele>
   </trkpt>
   <trkpt lat="4.8286650" lon="-75.6696380">
    <ele>1454.1</ele>
   </trkpt>
   <trkpt lat="4.8286420" lon="-75.6696400">
    <ele>1454.1</ele>
   </trkpt>
   <trkpt lat="4.8286190" lon="-75.6696410">
    <ele>1454.1</ele>
   </trkpt>
   <trkpt lat="4.8285970" lon="-75.6696420">
    <ele>1454.1</ele>
   </trkpt>
   <trkpt lat="4.8285750" lon="-75.6696430">
    <ele>1454.1</ele>
   </trkpt>
   <trkpt lat="4.8285540" lon="-75.6696450">
    <ele>1454.2</ele>
   </trkpt>
   <trkpt lat="4.8285340" lon="-75.6696470">
    <ele>1454.2</ele>
   </trkpt>
   <trkpt lat="4.8285140" lon="-75.6696490">
    <ele>1454.2</ele>
   </trkpt>
   <trkpt lat="4.8284930" lon="-75.6696520">
    <ele>1454.3</ele>
   </trkpt>
   <trkpt lat="4.8284730" lon="-75.6696560">
    <ele>1454.3</ele>
   </trkpt>
   <trkpt lat="4.8284530" lon="-75.6696610">
    <ele>1454.4</ele>
   </trkpt>
   <trkpt lat="4.8284340" lon="-75.6696670">
    <ele>1454.4</ele>
   </trkpt>
   <trkpt lat="4.8284150" lon="-75.6696740">
    <ele>1454.4</ele>
   </trkpt>
   <trkpt lat="4.8283970" lon="-75.6696820">
    <ele>1454.4</ele>
   </trkpt>
   <trkpt lat="4.8283790" lon="-75.6696910">
    <ele>1454.4</ele>
   </trkpt>
   <trkpt lat="4.8283610" lon="-75.6697000">
    <ele>1454.5</ele>
   </trkpt>
   <trkpt lat="4.8283440" lon="-75.6697090">
    <ele>1454.5</ele>
   </trkpt>
   <trkpt lat="4.8283260" lon="-75.6697180">
    <ele>1454.4</ele>
   </trkpt>
   <trkpt lat="4.8283080" lon="-75.6697270">
    <ele>1454.4</ele>
   </trkpt>
   <trkpt lat="4.8282910" lon="-75.6697350">
    <ele>1454.3</ele>
   </trkpt>
   <trkpt lat="4.8282740" lon="-75.6697440">
    <ele>1454.3</ele>
   </trkpt>
   <trkpt lat="4.8282550" lon="-75.6697520">
    <ele>1454.2</ele>
   </trkpt>
   <trkpt lat="4.8282370" lon="-75.6697600">
    <ele>1454.1</ele>
   </trkpt>
   <trkpt lat="4.8282170" lon="-75.6697680">
    <ele>1454.1</ele>
   </trkpt>
   <trkpt lat="4.8281980" lon="-75.6697770">
    <ele>1454.0</ele>
   </trkpt>
   <trkpt lat="4.8281780" lon="-75.6697850">
    <ele>1454.0</ele>
   </trkpt>
   <trkpt lat="4.8281580" lon="-75.6697950">
    <ele>1453.9</ele>
   </trkpt>
   <trkpt lat="4.8281370" lon="-75.6698040">
    <ele>1453.8</ele>
   </trkpt>
   <trkpt lat="4.8281160" lon="-75.6698140">
    <ele>1453.8</ele>
   </trkpt>
   <trkpt lat="4.8280950" lon="-75.6698250">
    <ele>1453.7</ele>
   </trkpt>
   <trkpt lat="4.8280730" lon="-75.6698370">
    <ele>1453.6</ele>
   </trkpt>
   <trkpt lat="4.8280520" lon="-75.6698500">
    <ele>1453.5</ele>
   </trkpt>
   <trkpt lat="4.8280310" lon="-75.6698640">
    <ele>1453.4</ele>
   </trkpt>
   <trkpt lat="4.8280110" lon="-75.6698790">
    <ele>1453.3</ele>
   </trkpt>
   <trkpt lat="4.8279910" lon="-75.6698930">
    <ele>1453.2</ele>
   </trkpt>
   <trkpt lat="4.8279730" lon="-75.6699070">
    <ele>1453.2</ele>
   </trkpt>
   <trkpt lat="4.8279540" lon="-75.6699200">
    <ele>1453.1</ele>
   </trkpt>
   <trkpt lat="4.8279360" lon="-75.6699330">
    <ele>1453.0</ele>
   </trkpt>
   <trkpt lat="4.8279190" lon="-75.6699450">
    <ele>1452.9</ele>
   </trkpt>
   <trkpt lat="4.8279030" lon="-75.6699590">
    <ele>1452.8</ele>
   </trkpt>
   <trkpt lat="4.8278890" lon="-75.6699750">
    <ele>1452.7</ele>
   </trkpt>
   <trkpt lat="4.8278770" lon="-75.6699940">
    <ele>1452.6</ele>
   </trkpt>
   <trkpt lat="4.8278670" lon="-75.6700150">
    <ele>1452.5</ele>
   </trkpt>
   <trkpt lat="4.8278570" lon="-75.6700370">
    <ele>1452.4</ele>
   </trkpt>
   <trkpt lat="4.8278480" lon="-75.6700600">
    <ele>1452.4</ele>
   </trkpt>
   <trkpt lat="4.8278400" lon="-75.6700840">
    <ele>1452.3</ele>
   </trkpt>
   <trkpt lat="4.8278320" lon="-75.6701060">
    <ele>1452.2</ele>
   </trkpt>
   <trkpt lat="4.8278250" lon="-75.6701260">
    <ele>1452.1</ele>
   </trkpt>
   <trkpt lat="4.8278190" lon="-75.6701460">
    <ele>1452.0</ele>
   </trkpt>
   <trkpt lat="4.8278130" lon="-75.6701650">
    <ele>1452.0</ele>
   </trkpt>
   <trkpt lat="4.8278070" lon="-75.6701850">
    <ele>1451.9</ele>
   </trkpt>
   <trkpt lat="4.8278010" lon="-75.6702060">
    <ele>1451.8</ele>
   </trkpt>
   <trkpt lat="4.8277950" lon="-75.6702280">
    <ele>1451.8</ele>
   </trkpt>
   <trkpt lat="4.8277890" lon="-75.6702490">
    <ele>1451.7</ele>
   </trkpt>
   <trkpt lat="4.8277830" lon="-75.6702690">
    <ele>1451.6</ele>
   </trkpt>
   <trkpt lat="4.8277780" lon="-75.6702880">
    <ele>1451.5</ele>
   </trkpt>
   <trkpt lat="4.8277730" lon="-75.6703070">
    <ele>1451.5</ele>
   </trkpt>
   <trkpt lat="4.8277670" lon="-75.6703280">
    <ele>1451.4</ele>
   </trkpt>
   <trkpt lat="4.8277620" lon="-75.6703500">
    <ele>1451.3</ele>
   </trkpt>
   <trkpt lat="4.8277560" lon="-75.6703730">
    <ele>1451.2</ele>
   </trkpt>
   <trkpt lat="4.8277490" lon="-75.6703960">
    <ele>1451.1</ele>
   </trkpt>
   <trkpt lat="4.8277430" lon="-75.6704200">
    <ele>1451.0</ele>
   </trkpt>
   <trkpt lat="4.8277370" lon="-75.6704440">
    <ele>1450.9</ele>
   </trkpt>
   <trkpt lat="4.8277310" lon="-75.6704680">
    <ele>1450.7</ele>
   </trkpt>
   <trkpt lat="4.8277250" lon="-75.6704920">
    <ele>1450.6</ele>
   </trkpt>
   <trkpt lat="4.8277190" lon="-75.6705160">
    <ele>1450.5</ele>
   </trkpt>
   <trkpt lat="4.8277130" lon="-75.6705410">
    <ele>1450.4</ele>
   </trkpt>
   <trkpt lat="4.8277060" lon="-75.6705650">
    <ele>1450.3</ele>
   </trkpt>
   <trkpt lat="4.8277000" lon="-75.6705900">
    <ele>1450.2</ele>
   </trkpt>
   <trkpt lat="4.8276950" lon="-75.6706160">
    <ele>1450.1</ele>
   </trkpt>
   <trkpt lat="4.8276890" lon="-75.6706410">
    <ele>1449.9</ele>
   </trkpt>
   <trkpt lat="4.8276830" lon="-75.6706660">
    <ele>1449.8</ele>
   </trkpt>
   <trkpt lat="4.8276770" lon="-75.6706920">
    <ele>1449.7</ele>
   </trkpt>
   <trkpt lat="4.8276710" lon="-75.6707190">
    <ele>1449.6</ele>
   </trkpt>
   <trkpt lat="4.8276660" lon="-75.6707450">
    <ele>1449.4</ele>
   </trkpt>
   <trkpt lat="4.8276610" lon="-75.6707680">
    <ele>1449.3</ele>
   </trkpt>
   <trkpt lat="4.8276570" lon="-75.6707890">
    <ele>1449.2</ele>
   </trkpt>
   <trkpt lat="4.8276530" lon="-75.6708090">
    <ele>1449.1</ele>
   </trkpt>
   <trkpt lat="4.8276490" lon="-75.6708290">
    <ele>1449.1</ele>
   </trkpt>
   <trkpt lat="4.8276450" lon="-75.6708500">
    <ele>1449.0</ele>
   </trkpt>
   <trkpt lat="4.8276410" lon="-75.6708720">
    <ele>1448.9</ele>
   </trkpt>
   <trkpt lat="4.8276370" lon="-75.6708960">
    <ele>1448.8</ele>
   </trkpt>
   <trkpt lat="4.8276320" lon="-75.6709200">
    <ele>1448.8</ele>
   </trkpt>
   <trkpt lat="4.8276260" lon="-75.6709450">
    <ele>1448.7</ele>
   </trkpt>
   <trkpt lat="4.8276200" lon="-75.6709700">
    <ele>1448.6</ele>
   </trkpt>
   <trkpt lat="4.8276140" lon="-75.6709940">
    <ele>1448.5</ele>
   </trkpt>
   <trkpt lat="4.8276070" lon="-75.6710170">
    <ele>1448.4</ele>
   </trkpt>
   <trkpt lat="4.8275990" lon="-75.6710380">
    <ele>1448.3</ele>
   </trkpt>
   <trkpt lat="4.8275890" lon="-75.6710570">
    <ele>1448.2</ele>
   </trkpt>
   <trkpt lat="4.8275790" lon="-75.6710750">
    <ele>1448.1</ele>
   </trkpt>
   <trkpt lat="4.8275680" lon="-75.6710940">
    <ele>1448.0</ele>
   </trkpt>
   <trkpt lat="4.8275570" lon="-75.6711130">
    <ele>1447.9</ele>
   </trkpt>
   <trkpt lat="4.8275470" lon="-75.6711340">
    <ele>1447.8</ele>
   </trkpt>
   <trkpt lat="4.8275370" lon="-75.6711540">
    <ele>1447.8</ele>
   </trkpt>
   <trkpt lat="4.8275250" lon="-75.6711750">
    <ele>1447.7</ele>
   </trkpt>
   <trkpt lat="4.8275130" lon="-75.6711950">
    <ele>1447.6</ele>
   </trkpt>
   <trkpt lat="4.8275010" lon="-75.6712150">
    <ele>1447.5</ele>
   </trkpt>
   <trkpt lat="4.8274880" lon="-75.6712350">
    <ele>1447.4</ele>
   </trkpt>
   <trkpt lat="4.8274760" lon="-75.6712560">
    <ele>1447.3</ele>
   </trkpt>
   <trkpt lat="4.8274640" lon="-75.6712770">
    <ele>1447.3</ele>
   </trkpt>
   <trkpt lat="4.8274520" lon="-75.6712990">
    <ele>1447.2</ele>
   </trkpt>
   <trkpt lat="4.8274400" lon="-75.6713220">
    <ele>1447.1</ele>
   </trkpt>
   <trkpt lat="4.8274280" lon="-75.6713460">
    <ele>1447.0</ele>
   </trkpt>
   <trkpt lat="4.8274140" lon="-75.6713700">
    <ele>1447.0</ele>
   </trkpt>
   <trkpt lat="4.8274000" lon="-75.6713940">
    <ele>1446.9</ele>
   </trkpt>
   <trkpt lat="4.8273850" lon="-75.6714190">
    <ele>1446.9</ele>
   </trkpt>
   <trkpt lat="4.8273690" lon="-75.6714430">
    <ele>1446.8</ele>
   </trkpt>
   <trkpt lat="4.8273530" lon="-75.6714680">
    <ele>1446.7</ele>
   </trkpt>
   <trkpt lat="4.8273370" lon="-75.6714910">
    <ele>1446.7</ele>
   </trkpt>
   <trkpt lat="4.8273210" lon="-75.6715130">
    <ele>1446.6</ele>
   </trkpt>
   <trkpt lat="4.8273060" lon="-75.6715340">
    <ele>1446.6</ele>
   </trkpt>
   <trkpt lat="4.8272920" lon="-75.6715550">
    <ele>1446.5</ele>
   </trkpt>
   <trkpt lat="4.8272780" lon="-75.6715740">
    <ele>1446.5</ele>
   </trkpt>
   <trkpt lat="4.8272660" lon="-75.6715930">
    <ele>1446.4</ele>
   </trkpt>
   <trkpt lat="4.8272540" lon="-75.6716120">
    <ele>1446.4</ele>
   </trkpt>
   <trkpt lat="4.8272420" lon="-75.6716300">
    <ele>1446.3</ele>
   </trkpt>
   <trkpt lat="4.8272310" lon="-75.6716480">
    <ele>1446.3</ele>
   </trkpt>
   <trkpt lat="4.8272210" lon="-75.6716670">
    <ele>1446.3</ele>
   </trkpt>
   <trkpt lat="4.8272110" lon="-75.6716840">
    <ele>1446.2</ele>
   </trkpt>
   <trkpt lat="4.8272010" lon="-75.6717020">
    <ele>1446.2</ele>
   </trkpt>
   <trkpt lat="4.8271910" lon="-75.6717210">
    <ele>1446.2</ele>
   </trkpt>
   <trkpt lat="4.8271810" lon="-75.6717410">
    <ele>1446.1</ele>
   </trkpt>
   <trkpt lat="4.8271720" lon="-75.6717610">
    <ele>1446.1</ele>
   </trkpt>
   <trkpt lat="4.8271620" lon="-75.6717820">
    <ele>1446.0</ele>
   </trkpt>
   <trkpt lat="4.8271530" lon="-75.6718040">
    <ele>1446.0</ele>
   </trkpt>
   <trkpt lat="4.8271440" lon="-75.6718260">
    <ele>1445.9</ele>
   </trkpt>
   <trkpt lat="4.8271350" lon="-75.6718490">
    <ele>1445.9</ele>
   </trkpt>
   <trkpt lat="4.8271280" lon="-75.6718720">
    <ele>1445.8</ele>
   </trkpt>
   <trkpt lat="4.8271210" lon="-75.6718950">
    <ele>1445.8</ele>
   </trkpt>
   <trkpt lat="4.8271140" lon="-75.6719200">
    <ele>1445.7</ele>
   </trkpt>
   <trkpt lat="4.8271080" lon="-75.6719460">
    <ele>1445.7</ele>
   </trkpt>
   <trkpt lat="4.8271020" lon="-75.6719730">
    <ele>1445.6</ele>
   </trkpt>
   <trkpt lat="4.8270960" lon="-75.6720000">
    <ele>1445.5</ele>
   </trkpt>
   <trkpt lat="4.8270890" lon="-75.6720250">
    <ele>1445.5</ele>
   </trkpt>
   <trkpt lat="4.8270820" lon="-75.6720470">
    <ele>1445.4</ele>
   </trkpt>
   <trkpt lat="4.8270740" lon="-75.6720670">
    <ele>1445.4</ele>
   </trkpt>
   <trkpt lat="4.8270660" lon="-75.6720850">
    <ele>1445.3</ele>
   </trkpt>
   <trkpt lat="4.8270580" lon="-75.6721030">
    <ele>1445.3</ele>
   </trkpt>
   <trkpt lat="4.8270500" lon="-75.6721220">
    <ele>1445.2</ele>
   </trkpt>
   <trkpt lat="4.8270420" lon="-75.6721410">
    <ele>1445.2</ele>
   </trkpt>
   <trkpt lat="4.8270350" lon="-75.6721600">
    <ele>1445.1</ele>
   </trkpt>
   <trkpt lat="4.8270280" lon="-75.6721810">
    <ele>1445.0</ele>
   </trkpt>
   <trkpt lat="4.8270200" lon="-75.6722030">
    <ele>1445.0</ele>
   </trkpt>
   <trkpt lat="4.8270130" lon="-75.6722260">
    <ele>1444.9</ele>
   </trkpt>
   <trkpt lat="4.8270060" lon="-75.6722490">
    <ele>1444.8</ele>
   </trkpt>
   <trkpt lat="4.8269990" lon="-75.6722730">
    <ele>1444.8</ele>
   </trkpt>
   <trkpt lat="4.8269920" lon="-75.6722970">
    <ele>1444.7</ele>
   </trkpt>
   <trkpt lat="4.8269860" lon="-75.6723210">
    <ele>1444.6</ele>
   </trkpt>
   <trkpt lat="4.8269800" lon="-75.6723450">
    <ele>1444.6</ele>
   </trkpt>
   <trkpt lat="4.8269740" lon="-75.6723690">
    <ele>1444.5</ele>
   </trkpt>
   <trkpt lat="4.8269670" lon="-75.6723930">
    <ele>1444.4</ele>
   </trkpt>
   <trkpt lat="4.8269600" lon="-75.6724170">
    <ele>1444.3</ele>
   </trkpt>
   <trkpt lat="4.8269530" lon="-75.6724410">
    <ele>1444.2</ele>
   </trkpt>
   <trkpt lat="4.8269460" lon="-75.6724650">
    <ele>1444.1</ele>
   </trkpt>
   <trkpt lat="4.8269390" lon="-75.6724900">
    <ele>1444.0</ele>
   </trkpt>
   <trkpt lat="4.8269330" lon="-75.6725140">
    <ele>1444.0</ele>
   </trkpt>
   <trkpt lat="4.8269280" lon="-75.6725370">
    <ele>1443.9</ele>
   </trkpt>
   <trkpt lat="4.8269230" lon="-75.6725600">
    <ele>1443.8</ele>
   </trkpt>
   <trkpt lat="4.8269180" lon="-75.6725830">
    <ele>1443.7</ele>
   </trkpt>
   <trkpt lat="4.8269130" lon="-75.6726070">
    <ele>1443.6</ele>
   </trkpt>
   <trkpt lat="4.8269070" lon="-75.6726310">
    <ele>1443.5</ele>
   </trkpt>
   <trkpt lat="4.8269020" lon="-75.6726550">
    <ele>1443.4</ele>
   </trkpt>
   <trkpt lat="4.8268960" lon="-75.6726800">
    <ele>1443.3</ele>
   </trkpt>
   <trkpt lat="4.8268910" lon="-75.6727040">
    <ele>1443.2</ele>
   </trkpt>
   <trkpt lat="4.8268860" lon="-75.6727290">
    <ele>1443.1</ele>
   </trkpt>
   <trkpt lat="4.8268810" lon="-75.6727550">
    <ele>1443.0</ele>
   </trkpt>
   <trkpt lat="4.8268760" lon="-75.6727800">
    <ele>1442.9</ele>
   </trkpt>
   <trkpt lat="4.8268710" lon="-75.6728060">
    <ele>1442.8</ele>
   </trkpt>
   <trkpt lat="4.8268660" lon="-75.6728320">
    <ele>1442.7</ele>
   </trkpt>
   <trkpt lat="4.8268610" lon="-75.6728590">
    <ele>1442.6</ele>
   </trkpt>
   <trkpt lat="4.8268560" lon="-75.6728850">
    <ele>1442.5</ele>
   </trkpt>
   <trkpt lat="4.8268520" lon="-75.6729110">
    <ele>1442.4</ele>
   </trkpt>
   <trkpt lat="4.8268490" lon="-75.6729360">
    <ele>1442.3</ele>
   </trkpt>
   <trkpt lat="4.8268460" lon="-75.6729620">
    <ele>1442.2</ele>
   </trkpt>
   <trkpt lat="4.8268460" lon="-75.6729870">
    <ele>1442.1</ele>
   </trkpt>
   <trkpt lat="4.8268470" lon="-75.6730120">
    <ele>1442.0</ele>
   </trkpt>
   <trkpt lat="4.8268500" lon="-75.6730370">
    <ele>1441.9</ele>
   </trkpt>
   <trkpt lat="4.8268530" lon="-75.6730610">
    <ele>1441.8</ele>
   </trkpt>
   <trkpt lat="4.8268580" lon="-75.6730840">
    <ele>1441.7</ele>
   </trkpt>
   <trkpt lat="4.8268630" lon="-75.6731070">
    <ele>1441.6</ele>
   </trkpt>
   <trkpt lat="4.8268690" lon="-75.6731300">
    <ele>1441.5</ele>
   </trkpt>
   <trkpt lat="4.8268760" lon="-75.6731520">
    <ele>1441.4</ele>
   </trkpt>
   <trkpt lat="4.8268840" lon="-75.6731740">
    <ele>1441.3</ele>
   </trkpt>
   <trkpt lat="4.8268930" lon="-75.6731960">
    <ele>1441.3</ele>
   </trkpt>
   <trkpt lat="4.8269020" lon="-75.6732170">
    <ele>1441.2</ele>
   </trkpt>
   <trkpt lat="4.8269120" lon="-75.6732380">
    <ele>1441.1</ele>
   </trkpt>
   <trkpt lat="4.8269220" lon="-75.6732570">
    <ele>1441.1</ele>
   </trkpt>
   <trkpt lat="4.8269330" lon="-75.6732770">
    <ele>1441.0</ele>
   </trkpt>
   <trkpt lat="4.8269450" lon="-75.6732960">
    <ele>1440.9</ele>
   </trkpt>
   <trkpt lat="4.8269570" lon="-75.6733140">
    <ele>1440.9</ele>
   </trkpt>
   <trkpt lat="4.8269690" lon="-75.6733330">
    <ele>1440.8</ele>
   </trkpt>
   <trkpt lat="4.8269810" lon="-75.6733520">
    <ele>1440.8</ele>
   </trkpt>
   <trkpt lat="4.8269940" lon="-75.6733720">
    <ele>1440.7</ele>
   </trkpt>
   <trkpt lat="4.8270080" lon="-75.6733920">
    <ele>1440.7</ele>
   </trkpt>
   <trkpt lat="4.8270220" lon="-75.6734120">
    <ele>1440.6</ele>
   </trkpt>
   <trkpt lat="4.8270360" lon="-75.6734330">
    <ele>1440.5</ele>
   </trkpt>
   <trkpt lat="4.8270510" lon="-75.6734550">
    <ele>1440.5</ele>
   </trkpt>
   <trkpt lat="4.8270650" lon="-75.6734770">
    <ele>1440.4</ele>
   </trkpt>
   <trkpt lat="4.8270790" lon="-75.6734990">
    <ele>1440.4</ele>
   </trkpt>
   <trkpt lat="4.8270920" lon="-75.6735220">
    <ele>1440.3</ele>
   </trkpt>
   <trkpt lat="4.8271030" lon="-75.6735440">
    <ele>1440.3</ele>
   </trkpt>
   <trkpt lat="4.8271140" lon="-75.6735680">
    <ele>1440.2</ele>
   </trkpt>
   <trkpt lat="4.8271220" lon="-75.6735920">
    <ele>1440.2</ele>
   </trkpt>
   <trkpt lat="4.8271280" lon="-75.6736160">
    <ele>1440.1</ele>
   </trkpt>
   <trkpt lat="4.8271320" lon="-75.6736410">
    <ele>1440.1</ele>
   </trkpt>
   <trkpt lat="4.8271350" lon="-75.6736650">
    <ele>1440.0</ele>
   </trkpt>
   <trkpt lat="4.8271360" lon="-75.6736900">
    <ele>1440.0</ele>
   </trkpt>
   <trkpt lat="4.8271350" lon="-75.6737160">
    <ele>1439.9</ele>
   </trkpt>
   <trkpt lat="4.8271330" lon="-75.6737410">
    <ele>1439.8</ele>
   </trkpt>
   <trkpt lat="4.8271300" lon="-75.6737670">
    <ele>1439.8</ele>
   </trkpt>
   <trkpt lat="4.8271240" lon="-75.6737910">
    <ele>1439.7</ele>
   </trkpt>
   <trkpt lat="4.8271150" lon="-75.6738150">
    <ele>1439.7</ele>
   </trkpt>
   <trkpt lat="4.8271040" lon="-75.6738390">
    <ele>1439.6</ele>
   </trkpt>
   <trkpt lat="4.8270900" lon="-75.6738630">
    <ele>1439.5</ele>
   </trkpt>
   <trkpt lat="4.8270750" lon="-75.6738860">
    <ele>1439.4</ele>
   </trkpt>
   <trkpt lat="4.8270600" lon="-75.6739090">
    <ele>1439.3</ele>
   </trkpt>
   <trkpt lat="4.8270460" lon="-75.6739310">
    <ele>1439.2</ele>
   </trkpt>
   <trkpt lat="4.8270310" lon="-75.6739520">
    <ele>1439.1</ele>
   </trkpt>
   <trkpt lat="4.8270150" lon="-75.6739720">
    <ele>1439.0</ele>
   </trkpt>
   <trkpt lat="4.8269980" lon="-75.6739900">
    <ele>1439.0</ele>
   </trkpt>
   <trkpt lat="4.8269790" lon="-75.6740070">
    <ele>1438.9</ele>
   </trkpt>
   <trkpt lat="4.8269580" lon="-75.6740220">
    <ele>1438.9</ele>
   </trkpt>
   <trkpt lat="4.8269370" lon="-75.6740350">
    <ele>1438.8</ele>
   </trkpt>
   <trkpt lat="4.8269150" lon="-75.6740480">
    <ele>1438.8</ele>
   </trkpt>
   <trkpt lat="4.8268940" lon="-75.6740610">
    <ele>1438.7</ele>
   </trkpt>
   <trkpt lat="4.8268720" lon="-75.6740750">
    <ele>1438.7</ele>
   </trkpt>
   <trkpt lat="4.8268520" lon="-75.6740890">
    <ele>1438.6</ele>
   </trkpt>
   <trkpt lat="4.8268320" lon="-75.6741040">
    <ele>1438.6</ele>
   </trkpt>
   <trkpt lat="4.8268130" lon="-75.6741170">
    <ele>1438.6</ele>
   </trkpt>
   <trkpt lat="4.8267930" lon="-75.6741280">
    <ele>1438.5</ele>
   </trkpt>
   <trkpt lat="4.8267730" lon="-75.6741370">
    <ele>1438.5</ele>
   </trkpt>
   <trkpt lat="4.8267520" lon="-75.6741420">
    <ele>1438.5</ele>
   </trkpt>
   <trkpt lat="4.8267310" lon="-75.6741450">
    <ele>1438.5</ele>
   </trkpt>
   <trkpt lat="4.8267100" lon="-75.6741460">
    <ele>1438.5</ele>
   </trkpt>
   <trkpt lat="4.8266900" lon="-75.6741460">
    <ele>1438.5</ele>
   </trkpt>
   <trkpt lat="4.8266700" lon="-75.6741440">
    <ele>1438.5</ele>
   </trkpt>
   <trkpt lat="4.8266490" lon="-75.6741410">
    <ele>1438.5</ele>
   </trkpt>
   <trkpt lat="4.8266280" lon="-75.6741370">
    <ele>1438.5</ele>
   </trkpt>
   <trkpt lat="4.8266060" lon="-75.6741310">
    <ele>1438.4</ele>
   </trkpt>
   <trkpt lat="4.8265840" lon="-75.6741260">
    <ele>1438.4</ele>
   </trkpt>
   <trkpt lat="4.8265610" lon="-75.6741190">
    <ele>1438.4</ele>
   </trkpt>
   <trkpt lat="4.8265380" lon="-75.6741130">
    <ele>1438.4</ele>
   </trkpt>
   <trkpt lat="4.8265150" lon="-75.6741070">
    <ele>1438.4</ele>
   </trkpt>
   <trkpt lat="4.8264900" lon="-75.6741000">
    <ele>1438.4</ele>
   </trkpt>
   <trkpt lat="4.8264660" lon="-75.6740940">
    <ele>1438.4</ele>
   </trkpt>
   <trkpt lat="4.8264420" lon="-75.6740870">
    <ele>1438.4</ele>
   </trkpt>
   <trkpt lat="4.8264180" lon="-75.6740810">
    <ele>1438.4</ele>
   </trkpt>
   <trkpt lat="4.8263940" lon="-75.6740750">
    <ele>1438.4</ele>
   </trkpt>
   <trkpt lat="4.8263710" lon="-75.6740680">
    <ele>1438.4</ele>
   </trkpt>
   <trkpt lat="4.8263480" lon="-75.6740610">
    <ele>1438.4</ele>
   </trkpt>
   <trkpt lat="4.8263250" lon="-75.6740540">
    <ele>1438.4</ele>
   </trkpt>
   <trkpt lat="4.8263020" lon="-75.6740460">
    <ele>1438.4</ele>
   </trkpt>
   <trkpt lat="4.8262800" lon="-75.6740380">
    <ele>1438.5</ele>
   </trkpt>
   <trkpt lat="4.8262570" lon="-75.6740300">
    <ele>1438.5</ele>
   </trkpt>
   <trkpt lat="4.8262340" lon="-75.6740220">
    <ele>1438.5</ele>
   </trkpt>
   <trkpt lat="4.8262120" lon="-75.6740130">
    <ele>1438.6</ele>
   </trkpt>
   <trkpt lat="4.8261900" lon="-75.6740040">
    <ele>1438.6</ele>
   </trkpt>
   <trkpt lat="4.8261670" lon="-75.6739960">
    <ele>1438.7</ele>
   </trkpt>
   <trkpt lat="4.8261450" lon="-75.6739870">
    <ele>1438.7</ele>
   </trkpt>
   <trkpt lat="4.8261230" lon="-75.6739780">
    <ele>1438.8</ele>
   </trkpt>
   <trkpt lat="4.8261020" lon="-75.6739690">
    <ele>1438.8</ele>
   </trkpt>
   <trkpt lat="4.8260830" lon="-75.6739600">
    <ele>1438.9</ele>
   </trkpt>
   <trkpt lat="4.8260650" lon="-75.6739520">
    <ele>1438.9</ele>
   </trkpt>
   <trkpt lat="4.8260500" lon="-75.6739430">
    <ele>1439.0</ele>
   </trkpt>
   <trkpt lat="4.8260350" lon="-75.6739350">
    <ele>1439.0</ele>
   </trkpt>
   <trkpt lat="4.8260190" lon="-75.6739260">
    <ele>1439.0</ele>
   </trkpt>
   <trkpt lat="4.8260020" lon="-75.6739170">
    <ele>1439.1</ele>
   </trkpt>
   <trkpt lat="4.8259840" lon="-75.6739080">
    <ele>1439.1</ele>
   </trkpt>
   <trkpt lat="4.8259650" lon="-75.6738980">
    <ele>1439.1</ele>
   </trkpt>
   <trkpt lat="4.8259450" lon="-75.6738890">
    <ele>1439.2</ele>
   </trkpt>
   <trkpt lat="4.8259240" lon="-75.6738810">
    <ele>1439.2</ele>
   </trkpt>
   <trkpt lat="4.8259030" lon="-75.6738720">
    <ele>1439.3</ele>
   </trkpt>
   <trkpt lat="4.8258820" lon="-75.6738650">
    <ele>1439.3</ele>
   </trkpt>
   <trkpt lat="4.8258600" lon="-75.6738570">
    <ele>1439.3</ele>
   </trkpt>
   <trkpt lat="4.8258390" lon="-75.6738500">
    <ele>1439.4</ele>
   </trkpt>
   <trkpt lat="4.8258170" lon="-75.6738430">
    <ele>1439.4</ele>
   </trkpt>
   <trkpt lat="4.8257940" lon="-75.6738360">
    <ele>1439.5</ele>
   </trkpt>
   <trkpt lat="4.8257720" lon="-75.6738300">
    <ele>1439.5</ele>
   </trkpt>
   <trkpt lat="4.8257490" lon="-75.6738230">
    <ele>1439.6</ele>
   </trkpt>
   <trkpt lat="4.8257260" lon="-75.6738160">
    <ele>1439.6</ele>
   </trkpt>
   <trkpt lat="4.8257030" lon="-75.6738080">
    <ele>1439.6</ele>
   </trkpt>
   <trkpt lat="4.8256800" lon="-75.6738010">
    <ele>1439.7</ele>
   </trkpt>
   <trkpt lat="4.8256570" lon="-75.6737930">
    <ele>1439.7</ele>
   </trkpt>
   <trkpt lat="4.8256330" lon="-75.6737850">
    <ele>1439.8</ele>
   </trkpt>
   <trkpt lat="4.8256100" lon="-75.6737770">
    <ele>1439.8</ele>
   </trkpt>
   <trkpt lat="4.8255870" lon="-75.6737680">
    <ele>1439.9</ele>
   </trkpt>
   <trkpt lat="4.8255640" lon="-75.6737590">
    <ele>1439.9</ele>
   </trkpt>
   <trkpt lat="4.8255410" lon="-75.6737500">
    <ele>1440.0</ele>
   </trkpt>
   <trkpt lat="4.8255180" lon="-75.6737400">
    <ele>1440.0</ele>
   </trkpt>
   <trkpt lat="4.8254960" lon="-75.6737300">
    <ele>1440.1</ele>
   </trkpt>
   <trkpt lat="4.8254760" lon="-75.6737200">
    <ele>1440.1</ele>
   </trkpt>
   <trkpt lat="4.8254570" lon="-75.6737100">
    <ele>1440.2</ele>
   </trkpt>
   <trkpt lat="4.8254400" lon="-75.6737000">
    <ele>1440.2</ele>
   </trkpt>
   <trkpt lat="4.8254240" lon="-75.6736890">
    <ele>1440.3</ele>
   </trkpt>
   <trkpt lat="4.8254070" lon="-75.6736780">
    <ele>1440.3</ele>
   </trkpt>
   <trkpt lat="4.8253910" lon="-75.6736670">
    <ele>1440.3</ele>
   </trkpt>
   <trkpt lat="4.8253750" lon="-75.6736550">
    <ele>1440.3</ele>
   </trkpt>
   <trkpt lat="4.8253590" lon="-75.6736410">
    <ele>1440.4</ele>
   </trkpt>
   <trkpt lat="4.8253440" lon="-75.6736270">
    <ele>1440.4</ele>
   </trkpt>
   <trkpt lat="4.8253300" lon="-75.6736130">
    <ele>1440.4</ele>
   </trkpt>
   <trkpt lat="4.8253160" lon="-75.6735980">
    <ele>1440.4</ele>
   </trkpt>
   <trkpt lat="4.8253020" lon="-75.6735830">
    <ele>1440.5</ele>
   </trkpt>
   <trkpt lat="4.8252890" lon="-75.6735690">
    <ele>1440.5</ele>
   </trkpt>
   <trkpt lat="4.8252750" lon="-75.6735540">
    <ele>1440.6</ele>
   </trkpt>
   <trkpt lat="4.8252620" lon="-75.6735400">
    <ele>1440.6</ele>
   </trkpt>
   <trkpt lat="4.8252490" lon="-75.6735260">
    <ele>1440.6</ele>
   </trkpt>
   <trkpt lat="4.8252360" lon="-75.6735110">
    <ele>1440.6</ele>
   </trkpt>
   <trkpt lat="4.8252230" lon="-75.6734970">
    <ele>1440.7</ele>
   </trkpt>
   <trkpt lat="4.8252100" lon="-75.6734840">
    <ele>1440.7</ele>
   </trkpt>
   <trkpt lat="4.8251960" lon="-75.6734720">
    <ele>1440.7</ele>
   </trkpt>
   <trkpt lat="4.8251800" lon="-75.6734610">
    <ele>1440.7</ele>
   </trkpt>
   <trkpt lat="4.8251630" lon="-75.6734520">
    <ele>1440.7</ele>
   </trkpt>
   <trkpt lat="4.8251440" lon="-75.6734430">
    <ele>1440.8</ele>
   </trkpt>
   <trkpt lat="4.8251250" lon="-75.6734340">
    <ele>1440.8</ele>
   </trkpt>
   <trkpt lat="4.8251060" lon="-75.6734250">
    <ele>1440.8</ele>
   </trkpt>
   <trkpt lat="4.8250870" lon="-75.6734160">
    <ele>1440.9</ele>
   </trkpt>
   <trkpt lat="4.8250700" lon="-75.6734060">
    <ele>1440.9</ele>
   </trkpt>
   <trkpt lat="4.8250530" lon="-75.6733970">
    <ele>1441.0</ele>
   </trkpt>
   <trkpt lat="4.8250380" lon="-75.6733870">
    <ele>1441.0</ele>
   </trkpt>
   <trkpt lat="4.8250230" lon="-75.6733780">
    <ele>1441.0</ele>
   </trkpt>
   <trkpt lat="4.8250080" lon="-75.6733670">
    <ele>1441.1</ele>
   </trkpt>
   <trkpt lat="4.8249930" lon="-75.6733560">
    <ele>1441.1</ele>
   </trkpt>
   <trkpt lat="4.8249780" lon="-75.6733450">
    <ele>1441.2</ele>
   </trkpt>
   <trkpt lat="4.8249650" lon="-75.6733350">
    <ele>1441.2</ele>
   </trkpt>
   <trkpt lat="4.8249520" lon="-75.6733240">
    <ele>1441.3</ele>
   </trkpt>
   <trkpt lat="4.8249420" lon="-75.6733120">
    <ele>1441.3</ele>
   </trkpt>
   <trkpt lat="4.8249320" lon="-75.6733000">
    <ele>1441.3</ele>
   </trkpt>
   <trkpt lat="4.8249200" lon="-75.6732880">
    <ele>1441.4</ele>
   </trkpt>
   <trkpt lat="4.8249080" lon="-75.6732750">
    <ele>1441.4</ele>
   </trkpt>
   <trkpt lat="4.8248930" lon="-75.6732620">
    <ele>1441.5</ele>
   </trkpt>
   <trkpt lat="4.8248780" lon="-75.6732500">
    <ele>1441.5</ele>
   </trkpt>
   <trkpt lat="4.8248620" lon="-75.6732370">
    <ele>1441.6</ele>
   </trkpt>
   <trkpt lat="4.8248460" lon="-75.6732250">
    <ele>1441.7</ele>
   </trkpt>
   <trkpt lat="4.8248300" lon="-75.6732130">
    <ele>1441.7</ele>
   </trkpt>
   <trkpt lat="4.8248140" lon="-75.6732010">
    <ele>1441.8</ele>
   </trkpt>
   <trkpt lat="4.8247990" lon="-75.6731900">
    <ele>1442.0</ele>
   </trkpt>
   <trkpt lat="4.8247830" lon="-75.6731790">
    <ele>1442.1</ele>
   </trkpt>
   <trkpt lat="4.8247670" lon="-75.6731680">
    <ele>1442.3</ele>
   </trkpt>
   <trkpt lat="4.8247510" lon="-75.6731580">
    <ele>1442.4</ele>
   </trkpt>
   <trkpt lat="4.8247340" lon="-75.6731490">
    <ele>1442.6</ele>
   </trkpt>
   <trkpt lat="4.8247180" lon="-75.6731400">
    <ele>1442.8</ele>
   </trkpt>
   <trkpt lat="4.8247030" lon="-75.6731310">
    <ele>1442.9</ele>
   </trkpt>
   <trkpt lat="4.8246880" lon="-75.6731220">
    <ele>1443.1</ele>
   </trkpt>
   <trkpt lat="4.8246730" lon="-75.6731140">
    <ele>1443.3</ele>
   </trkpt>
   <trkpt lat="4.8246570" lon="-75.6731060">
    <ele>1443.4</ele>
   </trkpt>
   <trkpt lat="4.8246410" lon="-75.6730970">
    <ele>1443.6</ele>
   </trkpt>
   <trkpt lat="4.8246240" lon="-75.6730890">
    <ele>1443.8</ele>
   </trkpt>
   <trkpt lat="4.8246080" lon="-75.6730800">
    <ele>1444.0</ele>
   </trkpt>
   <trkpt lat="4.8245920" lon="-75.6730720">
    <ele>1444.2</ele>
   </trkpt>
   <trkpt lat="4.8245760" lon="-75.6730640">
    <ele>1444.3</ele>
   </trkpt>
   <trkpt lat="4.8245600" lon="-75.6730560">
    <ele>1444.5</ele>
   </trkpt>
   <trkpt lat="4.8245430" lon="-75.6730480">
    <ele>1444.7</ele>
   </trkpt>
   <trkpt lat="4.8245270" lon="-75.6730400">
    <ele>1444.9</ele>
   </trkpt>
   <trkpt lat="4.8245100" lon="-75.6730330">
    <ele>1445.1</ele>
   </trkpt>
   <trkpt lat="4.8244940" lon="-75.6730250">
    <ele>1445.2</ele>
   </trkpt>
   <trkpt lat="4.8244770" lon="-75.6730170">
    <ele>1445.4</ele>
   </trkpt>
   <trkpt lat="4.8244600" lon="-75.6730090">
    <ele>1445.6</ele>
   </trkpt>
   <trkpt lat="4.8244420" lon="-75.6730010">
    <ele>1445.8</ele>
   </trkpt>
   <trkpt lat="4.8244230" lon="-75.6729920">
    <ele>1445.9</ele>
   </trkpt>
   <trkpt lat="4.8244050" lon="-75.6729840">
    <ele>1446.1</ele>
   </trkpt>
   <trkpt lat="4.8243870" lon="-75.6729760">
    <ele>1446.3</ele>
   </trkpt>
   <trkpt lat="4.8243690" lon="-75.6729690">
    <ele>1446.4</ele>
   </trkpt>
   <trkpt lat="4.8243520" lon="-75.6729620">
    <ele>1446.6</ele>
   </trkpt>
   <trkpt lat="4.8243370" lon="-75.6729560">
    <ele>1446.7</ele>
   </trkpt>
   <trkpt lat="4.8243210" lon="-75.6729500">
    <ele>1446.8</ele>
   </trkpt>
   <trkpt lat="4.8243050" lon="-75.6729440">
    <ele>1446.9</ele>
   </trkpt>
   <trkpt lat="4.8242890" lon="-75.6729370">
    <ele>1447.0</ele>
   </trkpt>
   <trkpt lat="4.8242710" lon="-75.6729310">
    <ele>1447.0</ele>
   </trkpt>
   <trkpt lat="4.8242540" lon="-75.6729260">
    <ele>1447.1</ele>
   </trkpt>
   <trkpt lat="4.8242370" lon="-75.6729200">
    <ele>1447.2</ele>
   </trkpt>
   <trkpt lat="4.8242210" lon="-75.6729130">
    <ele>1447.2</ele>
   </trkpt>
   <trkpt lat="4.8242050" lon="-75.6729040">
    <ele>1447.3</ele>
   </trkpt>
   <trkpt lat="4.8241890" lon="-75.6728940">
    <ele>1447.3</ele>
   </trkpt>
   <trkpt lat="4.8241720" lon="-75.6728820">
    <ele>1447.4</ele>
   </trkpt>
   <trkpt lat="4.8241540" lon="-75.6728690">
    <ele>1447.5</ele>
   </trkpt>
   <trkpt lat="4.8241360" lon="-75.6728570">
    <ele>1447.6</ele>
   </trkpt>
   <trkpt lat="4.8241170" lon="-75.6728430">
    <ele>1447.6</ele>
   </trkpt>
   <trkpt lat="4.8240990" lon="-75.6728300">
    <ele>1447.7</ele>
   </trkpt>
   <trkpt lat="4.8240810" lon="-75.6728160">
    <ele>1447.8</ele>
   </trkpt>
   <trkpt lat="4.8240630" lon="-75.6728010">
    <ele>1447.9</ele>
   </trkpt>
   <trkpt lat="4.8240450" lon="-75.6727860">
    <ele>1448.0</ele>
   </trkpt>
   <trkpt lat="4.8240280" lon="-75.6727710">
    <ele>1448.0</ele>
   </trkpt>
   <trkpt lat="4.8240100" lon="-75.6727550">
    <ele>1448.1</ele>
   </trkpt>
   <trkpt lat="4.8239930" lon="-75.6727390">
    <ele>1448.2</ele>
   </trkpt>
   <trkpt lat="4.8239760" lon="-75.6727240">
    <ele>1448.3</ele>
   </trkpt>
   <trkpt lat="4.8239580" lon="-75.6727090">
    <ele>1448.4</ele>
   </trkpt>
   <trkpt lat="4.8239390" lon="-75.6726950">
    <ele>1448.5</ele>
   </trkpt>
   <trkpt lat="4.8239200" lon="-75.6726810">
    <ele>1448.5</ele>
   </trkpt>
   <trkpt lat="4.8238990" lon="-75.6726680">
    <ele>1448.6</ele>
   </trkpt>
   <trkpt lat="4.8238780" lon="-75.6726540">
    <ele>1448.7</ele>
   </trkpt>
   <trkpt lat="4.8238570" lon="-75.6726420">
    <ele>1448.8</ele>
   </trkpt>
   <trkpt lat="4.8238360" lon="-75.6726290">
    <ele>1448.9</ele>
   </trkpt>
   <trkpt lat="4.8238150" lon="-75.6726180">
    <ele>1449.0</ele>
   </trkpt>
   <trkpt lat="4.8237940" lon="-75.6726060">
    <ele>1449.1</ele>
   </trkpt>
   <trkpt lat="4.8237740" lon="-75.6725940">
    <ele>1449.1</ele>
   </trkpt>
   <trkpt lat="4.8237550" lon="-75.6725820">
    <ele>1449.2</ele>
   </trkpt>
   <trkpt lat="4.8237360" lon="-75.6725690">
    <ele>1449.3</ele>
   </trkpt>
   <trkpt lat="4.8237180" lon="-75.6725560">
    <ele>1449.4</ele>
   </trkpt>
   <trkpt lat="4.8237000" lon="-75.6725440">
    <ele>1449.4</ele>
   </trkpt>
   <trkpt lat="4.8236820" lon="-75.6725310">
    <ele>1449.5</ele>
   </trkpt>
   <trkpt lat="4.8236650" lon="-75.6725200">
    <ele>1449.5</ele>
   </trkpt>
   <trkpt lat="4.8236480" lon="-75.6725080">
    <ele>1449.6</ele>
   </trkpt>
   <trkpt lat="4.8236310" lon="-75.6724970">
    <ele>1449.6</ele>
   </trkpt>
   <trkpt lat="4.8236130" lon="-75.6724860">
    <ele>1449.7</ele>
   </trkpt>
   <trkpt lat="4.8235950" lon="-75.6724740">
    <ele>1449.7</ele>
   </trkpt>
   <trkpt lat="4.8235750" lon="-75.6724630">
    <ele>1449.8</ele>
   </trkpt>
   <trkpt lat="4.8235560" lon="-75.6724530">
    <ele>1449.9</ele>
   </trkpt>
   <trkpt lat="4.8235370" lon="-75.6724430">
    <ele>1449.9</ele>
   </trkpt>
   <trkpt lat="4.8235170" lon="-75.6724330">
    <ele>1450.0</ele>
   </trkpt>
   <trkpt lat="4.8234980" lon="-75.6724240">
    <ele>1450.0</ele>
   </trkpt>
   <trkpt lat="4.8234780" lon="-75.6724160">
    <ele>1450.0</ele>
   </trkpt>
   <trkpt lat="4.8234580" lon="-75.6724080">
    <ele>1450.1</ele>
   </trkpt>
   <trkpt lat="4.8234380" lon="-75.6724010">
    <ele>1450.1</ele>
   </trkpt>
   <trkpt lat="4.8234180" lon="-75.6723940">
    <ele>1450.2</ele>
   </trkpt>
   <trkpt lat="4.8233980" lon="-75.6723890">
    <ele>1450.2</ele>
   </trkpt>
   <trkpt lat="4.8233780" lon="-75.6723860">
    <ele>1450.2</ele>
   </trkpt>
   <trkpt lat="4.8233600" lon="-75.6723820">
    <ele>1450.2</ele>
   </trkpt>
   <trkpt lat="4.8233420" lon="-75.6723770">
    <ele>1450.2</ele>
   </trkpt>
   <trkpt lat="4.8233250" lon="-75.6723690">
    <ele>1450.2</ele>
   </trkpt>
   <trkpt lat="4.8233110" lon="-75.6723580">
    <ele>1450.1</ele>
   </trkpt>
   <trkpt lat="4.8232990" lon="-75.6723440">
    <ele>1450.1</ele>
   </trkpt>
   <trkpt lat="4.8232890" lon="-75.6723270">
    <ele>1450.0</ele>
   </trkpt>
   <trkpt lat="4.8232820" lon="-75.6723090">
    <ele>1449.9</ele>
   </trkpt>
   <trkpt lat="4.8232770" lon="-75.6722900">
    <ele>1449.8</ele>
   </trkpt>
   <trkpt lat="4.8232740" lon="-75.6722710">
    <ele>1449.7</ele>
   </trkpt>
   <trkpt lat="4.8232750" lon="-75.6722500">
    <ele>1449.5</ele>
   </trkpt>
   <trkpt lat="4.8232790" lon="-75.6722300">
    <ele>1449.3</ele>
   </trkpt>
   <trkpt lat="4.8232870" lon="-75.6722080">
    <ele>1449.0</ele>
   </trkpt>
   <trkpt lat="4.8232970" lon="-75.6721860">
    <ele>1448.8</ele>
   </trkpt>
   <trkpt lat="4.8233100" lon="-75.6721640">
    <ele>1448.6</ele>
   </trkpt>
   <trkpt lat="4.8233250" lon="-75.6721420">
    <ele>1448.4</ele>
   </trkpt>
   <trkpt lat="4.8233420" lon="-75.6721210">
    <ele>1448.1</ele>
   </trkpt>
   <trkpt lat="4.8233630" lon="-75.6721010">
    <ele>1448.0</ele>
   </trkpt>
   <trkpt lat="4.8233860" lon="-75.6720810">
    <ele>1447.8</ele>
   </trkpt>
   <trkpt lat="4.8234100" lon="-75.6720620">
    <ele>1447.6</ele>
   </trkpt>
   <trkpt lat="4.8234360" lon="-75.6720450">
    <ele>1447.5</ele>
   </trkpt>
   <trkpt lat="4.8234610" lon="-75.6720270">
    <ele>1447.4</ele>
   </trkpt>
   <trkpt lat="4.8234870" lon="-75.6720110">
    <ele>1447.3</ele>
   </trkpt>
   <trkpt lat="4.8235130" lon="-75.6719960">
    <ele>1447.2</ele>
   </trkpt>
   <trkpt lat="4.8235380" lon="-75.6719820">
    <ele>1447.1</ele>
   </trkpt>
   <trkpt lat="4.8235640" lon="-75.6719690">
    <ele>1447.0</ele>
   </trkpt>
   <trkpt lat="4.8235880" lon="-75.6719590">
    <ele>1446.9</ele>
   </trkpt>
   <trkpt lat="4.8236120" lon="-75.6719490">
    <ele>1446.8</ele>
   </trkpt>
   <trkpt lat="4.8236350" lon="-75.6719420">
    <ele>1446.7</ele>
   </trkpt>
   <trkpt lat="4.8236570" lon="-75.6719360">
    <ele>1446.6</ele>
   </trkpt>
   <trkpt lat="4.8236790" lon="-75.6719300">
    <ele>1446.6</ele>
   </trkpt>
   <trkpt lat="4.8237010" lon="-75.6719260">
    <ele>1446.5</ele>
   </trkpt>
   <trkpt lat="4.8237240" lon="-75.6719220">
    <ele>1446.4</ele>
   </trkpt>
   <trkpt lat="4.8237460" lon="-75.6719180">
    <ele>1446.4</ele>
   </trkpt>
   <trkpt lat="4.8237690" lon="-75.6719150">
    <ele>1446.3</ele>
   </trkpt>
   <trkpt lat="4.8237920" lon="-75.6719110">
    <ele>1446.2</ele>
   </trkpt>
   <trkpt lat="4.8238160" lon="-75.6719070">
    <ele>1446.1</ele>
   </trkpt>
   <trkpt lat="4.8238390" lon="-75.6719040">
    <ele>1446.0</ele>
   </trkpt>
   <trkpt lat="4.8238630" lon="-75.6719010">
    <ele>1445.9</ele>
   </trkpt>
   <trkpt lat="4.8238870" lon="-75.6718980">
    <ele>1445.8</ele>
   </trkpt>
   <trkpt lat="4.8239120" lon="-75.6718940">
    <ele>1445.7</ele>
   </trkpt>
   <trkpt lat="4.8239370" lon="-75.6718900">
    <ele>1445.6</ele>
   </trkpt>
   <trkpt lat="4.8239630" lon="-75.6718850">
    <ele>1445.5</ele>
   </trkpt>
   <trkpt lat="4.8239870" lon="-75.6718790">
    <ele>1445.4</ele>
   </trkpt>
   <trkpt lat="4.8240110" lon="-75.6718730">
    <ele>1445.3</ele>
   </trkpt>
   <trkpt lat="4.8240350" lon="-75.6718660">
    <ele>1445.2</ele>
   </trkpt>
   <trkpt lat="4.8240590" lon="-75.6718590">
    <ele>1445.1</ele>
   </trkpt>
   <trkpt lat="4.8240820" lon="-75.6718520">
    <ele>1445.1</ele>
   </trkpt>
   <trkpt lat="4.8241060" lon="-75.6718450">
    <ele>1445.0</ele>
   </trkpt>
   <trkpt lat="4.8241300" lon="-75.6718380">
    <ele>1444.9</ele>
   </trkpt>
   <trkpt lat="4.8241540" lon="-75.6718300">
    <ele>1444.8</ele>
   </trkpt>
   <trkpt lat="4.8241790" lon="-75.6718220">
    <ele>1444.8</ele>
   </trkpt>
   <trkpt lat="4.8242030" lon="-75.6718140">
    <ele>1444.7</ele>
   </trkpt>
   <trkpt lat="4.8242270" lon="-75.6718070">
    <ele>1444.7</ele>
   </trkpt>
   <trkpt lat="4.8242510" lon="-75.6718000">
    <ele>1444.7</ele>
   </trkpt>
   <trkpt lat="4.8242750" lon="-75.6717940">
    <ele>1444.6</ele>
   </trkpt>
   <trkpt lat="4.8243000" lon="-75.6717880">
    <ele>1444.6</ele>
   </trkpt>
   <trkpt lat="4.8243240" lon="-75.6717830">
    <ele>1444.6</ele>
   </trkpt>
   <trkpt lat="4.8243470" lon="-75.6717790">
    <ele>1444.6</ele>
   </trkpt>
   <trkpt lat="4.8243700" lon="-75.6717760">
    <ele>1444.6</ele>
   </trkpt>
   <trkpt lat="4.8243920" lon="-75.6717740">
    <ele>1444.6</ele>
   </trkpt>
   <trkpt lat="4.8244140" lon="-75.6717720">
    <ele>1444.6</ele>
   </trkpt>
   <trkpt lat="4.8244360" lon="-75.6717700">
    <ele>1444.6</ele>
   </trkpt>
   <trkpt lat="4.8244570" lon="-75.6717670">
    <ele>1444.6</ele>
   </trkpt>
   <trkpt lat="4.8244790" lon="-75.6717640">
    <ele>1444.6</ele>
   </trkpt>
   <trkpt lat="4.8245000" lon="-75.6717590">
    <ele>1444.6</ele>
   </trkpt>
   <trkpt lat="4.8245220" lon="-75.6717550">
    <ele>1444.6</ele>
   </trkpt>
   <trkpt lat="4.8245430" lon="-75.6717500">
    <ele>1444.6</ele>
   </trkpt>
   <trkpt lat="4.8245640" lon="-75.6717460">
    <ele>1444.7</ele>
   </trkpt>
   <trkpt lat="4.8245850" lon="-75.6717420">
    <ele>1444.7</ele>
   </trkpt>
   <trkpt lat="4.8246040" lon="-75.6717390">
    <ele>1444.7</ele>
   </trkpt>
   <trkpt lat="4.8246240" lon="-75.6717350">
    <ele>1444.8</ele>
   </trkpt>
   <trkpt lat="4.8246430" lon="-75.6717310">
    <ele>1444.8</ele>
   </trkpt>
   <trkpt lat="4.8246630" lon="-75.6717270">
    <ele>1444.8</ele>
   </trkpt>
   <trkpt lat="4.8246840" lon="-75.6717210">
    <ele>1444.9</ele>
   </trkpt>
   <trkpt lat="4.8247060" lon="-75.6717140">
    <ele>1444.9</ele>
   </trkpt>
   <trkpt lat="4.8247280" lon="-75.6717080">
    <ele>1445.0</ele>
   </trkpt>
   <trkpt lat="4.8247510" lon="-75.6717010">
    <ele>1445.1</ele>
   </trkpt>
   <trkpt lat="4.8247740" lon="-75.6716940">
    <ele>1445.1</ele>
   </trkpt>
   <trkpt lat="4.8247960" lon="-75.6716860">
    <ele>1445.2</ele>
   </trkpt>
   <trkpt lat="4.8248190" lon="-75.6716790">
    <ele>1445.3</ele>
   </trkpt>
   <trkpt lat="4.8248410" lon="-75.6716720">
    <ele>1445.4</ele>
   </trkpt>
   <trkpt lat="4.8248640" lon="-75.6716650">
    <ele>1445.5</ele>
   </trkpt>
   <trkpt lat="4.8248860" lon="-75.6716580">
    <ele>1445.6</ele>
   </trkpt>
   <trkpt lat="4.8249080" lon="-75.6716510">
    <ele>1445.7</ele>
   </trkpt>
   <trkpt lat="4.8249300" lon="-75.6716440">
    <ele>1445.8</ele>
   </trkpt>
   <trkpt lat="4.8249530" lon="-75.6716370">
    <ele>1445.9</ele>
   </trkpt>
   <trkpt lat="4.8249740" lon="-75.6716300">
    <ele>1446.0</ele>
   </trkpt>
   <trkpt lat="4.8249960" lon="-75.6716230">
    <ele>1446.1</ele>
   </trkpt>
   <trkpt lat="4.8250180" lon="-75.6716160">
    <ele>1446.2</ele>
   </trkpt>
   <trkpt lat="4.8250390" lon="-75.6716090">
    <ele>1446.3</ele>
   </trkpt>
   <trkpt lat="4.8250600" lon="-75.6716020">
    <ele>1446.5</ele>
   </trkpt>
   <trkpt lat="4.8250820" lon="-75.6715950">
    <ele>1446.6</ele>
   </trkpt>
   <trkpt lat="4.8251020" lon="-75.6715890">
    <ele>1446.7</ele>
   </trkpt>
   <trkpt lat="4.8251230" lon="-75.6715830">
    <ele>1446.8</ele>
   </trkpt>
   <trkpt lat="4.8251440" lon="-75.6715760">
    <ele>1446.9</ele>
   </trkpt>
   <trkpt lat="4.8251640" lon="-75.6715700">
    <ele>1447.0</ele>
   </trkpt>
   <trkpt lat="4.8251850" lon="-75.6715630">
    <ele>1447.1</ele>
   </trkpt>
   <trkpt lat="4.8252060" lon="-75.6715570">
    <ele>1447.2</ele>
   </trkpt>
   <trkpt lat="4.8252270" lon="-75.6715500">
    <ele>1447.3</ele>
   </trkpt>
   <trkpt lat="4.8252480" lon="-75.6715440">
    <ele>1447.4</ele>
   </trkpt>
   <trkpt lat="4.8252700" lon="-75.6715370">
    <ele>1447.5</ele>
   </trkpt>
   <trkpt lat="4.8252920" lon="-75.6715310">
    <ele>1447.6</ele>
   </trkpt>
   <trkpt lat="4.8253140" lon="-75.6715240">
    <ele>1447.7</ele>
   </trkpt>
   <trkpt lat="4.8253370" lon="-75.6715170">
    <ele>1447.8</ele>
   </trkpt>
   <trkpt lat="4.8253580" lon="-75.6715110">
    <ele>1447.9</ele>
   </trkpt>
   <trkpt lat="4.8253790" lon="-75.6715050">
    <ele>1448.0</ele>
   </trkpt>
   <trkpt lat="4.8253980" lon="-75.6714990">
    <ele>1448.1</ele>
   </trkpt>
   <trkpt lat="4.8254160" lon="-75.6714930">
    <ele>1448.2</ele>
   </trkpt>
   <trkpt lat="4.8254340" lon="-75.6714870">
    <ele>1448.2</ele>
   </trkpt>
   <trkpt lat="4.8254530" lon="-75.6714820">
    <ele>1448.3</ele>
   </trkpt>
   <trkpt lat="4.8254720" lon="-75.6714770">
    <ele>1448.4</ele>
   </trkpt>
   <trkpt lat="4.8254910" lon="-75.6714720">
    <ele>1448.4</ele>
   </trkpt>
   <trkpt lat="4.8255110" lon="-75.6714670">
    <ele>1448.5</ele>
   </trkpt>
   <trkpt lat="4.8255290" lon="-75.6714620">
    <ele>1448.6</ele>
   </trkpt>
   <trkpt lat="4.8255480" lon="-75.6714570">
    <ele>1448.6</ele>
   </trkpt>
   <trkpt lat="4.8255680" lon="-75.6714510">
    <ele>1448.7</ele>
   </trkpt>
   <trkpt lat="4.8255880" lon="-75.6714460">
    <ele>1448.7</ele>
   </trkpt>
   <trkpt lat="4.8256090" lon="-75.6714400">
    <ele>1448.8</ele>
   </trkpt>
   <trkpt lat="4.8256310" lon="-75.6714350">
    <ele>1448.8</ele>
   </trkpt>
   <trkpt lat="4.8256530" lon="-75.6714310">
    <ele>1448.9</ele>
   </trkpt>
   <trkpt lat="4.8256750" lon="-75.6714260">
    <ele>1448.9</ele>
   </trkpt>
   <trkpt lat="4.8256980" lon="-75.6714210">
    <ele>1449.0</ele>
   </trkpt>
   <trkpt lat="4.8257210" lon="-75.6714150">
    <ele>1449.1</ele>
   </trkpt>
   <trkpt lat="4.8257440" lon="-75.6714100">
    <ele>1449.1</ele>
   </trkpt>
   <trkpt lat="4.8257680" lon="-75.6714050">
    <ele>1449.2</ele>
   </trkpt>
   <trkpt lat="4.8257920" lon="-75.6713990">
    <ele>1449.2</ele>
   </trkpt>
   <trkpt lat="4.8258160" lon="-75.6713940">
    <ele>1449.3</ele>
   </trkpt>
   <trkpt lat="4.8258390" lon="-75.6713880">
    <ele>1449.4</ele>
   </trkpt>
   <trkpt lat="4.8258630" lon="-75.6713820">
    <ele>1449.4</ele>
   </trkpt>
   <trkpt lat="4.8258870" lon="-75.6713760">
    <ele>1449.5</ele>
   </trkpt>
   <trkpt lat="4.8259100" lon="-75.6713710">
    <ele>1449.6</ele>
   </trkpt>
   <trkpt lat="4.8259340" lon="-75.6713650">
    <ele>1449.6</ele>
   </trkpt>
   <trkpt lat="4.8259570" lon="-75.6713600">
    <ele>1449.7</ele>
   </trkpt>
   <trkpt lat="4.8259800" lon="-75.6713540">
    <ele>1449.8</ele>
   </trkpt>
   <trkpt lat="4.8260020" lon="-75.6713480">
    <ele>1449.8</ele>
   </trkpt>
   <trkpt lat="4.8260240" lon="-75.6713420">
    <ele>1449.9</ele>
   </trkpt>
   <trkpt lat="4.8260450" lon="-75.6713370">
    <ele>1449.9</ele>
   </trkpt>
   <trkpt lat="4.8260660" lon="-75.6713310">
    <ele>1450.0</ele>
   </trkpt>
   <trkpt lat="4.8260870" lon="-75.6713260">
    <ele>1450.0</ele>
   </trkpt>
   <trkpt lat="4.8261060" lon="-75.6713220">
    <ele>1450.1</ele>
   </trkpt>
   <trkpt lat="4.8261260" lon="-75.6713180">
    <ele>1450.1</ele>
   </trkpt>
   <trkpt lat="4.8261450" lon="-75.6713140">
    <ele>1450.2</ele>
   </trkpt>
   <trkpt lat="4.8261640" lon="-75.6713110">
    <ele>1450.2</ele>
   </trkpt>
   <trkpt lat="4.8261830" lon="-75.6713070">
    <ele>1450.3</ele>
   </trkpt>
   <trkpt lat="4.8262030" lon="-75.6713050">
    <ele>1450.3</ele>
   </trkpt>
   <trkpt lat="4.8262230" lon="-75.6713020">
    <ele>1450.3</ele>
   </trkpt>
   <trkpt lat="4.8262450" lon="-75.6712990">
    <ele>1450.4</ele>
   </trkpt>
   <trkpt lat="4.8262670" lon="-75.6712970">
    <ele>1450.4</ele>
   </trkpt>
   <trkpt lat="4.8262910" lon="-75.6712960">
    <ele>1450.4</ele>
   </trkpt>
   <trkpt lat="4.8263150" lon="-75.6712970">
    <ele>1450.4</ele>
   </trkpt>
   <trkpt lat="4.8263390" lon="-75.6713000">
    <ele>1450.4</ele>
   </trkpt>
   <trkpt lat="4.8263610" lon="-75.6713070">
    <ele>1450.4</ele>
   </trkpt>
   <trkpt lat="4.8263820" lon="-75.6713170">
    <ele>1450.2</ele>
   </trkpt>
   <trkpt lat="4.8264030" lon="-75.6713300">
    <ele>1450.0</ele>
   </trkpt>
   <trkpt lat="4.8264220" lon="-75.6713450">
    <ele>1449.9</ele>
   </trkpt>
   <trkpt lat="4.8264400" lon="-75.6713610">
    <ele>1449.7</ele>
   </trkpt>
   <trkpt lat="4.8264570" lon="-75.6713790">
    <ele>1449.6</ele>
   </trkpt>
   <trkpt lat="4.8264720" lon="-75.6713970">
    <ele>1449.4</ele>
   </trkpt>
   <trkpt lat="4.8264870" lon="-75.6714160">
    <ele>1449.3</ele>
   </trkpt>
   <trkpt lat="4.8265010" lon="-75.6714360">
    <ele>1449.2</ele>
   </trkpt>
   <trkpt lat="4.8265150" lon="-75.6714560">
    <ele>1449.0</ele>
   </trkpt>
   <trkpt lat="4.8265290" lon="-75.6714760">
    <ele>1448.9</ele>
   </trkpt>
   <trkpt lat="4.8265430" lon="-75.6714970">
    <ele>1448.8</ele>
   </trkpt>
   <trkpt lat="4.8265570" lon="-75.6715190">
    <ele>1448.6</ele>
   </trkpt>
   <trkpt lat="4.8265700" lon="-75.6715410">
    <ele>1448.5</ele>
   </trkpt>
   <trkpt lat="4.8265830" lon="-75.6715620">
    <ele>1448.3</ele>
   </trkpt>
   <trkpt lat="4.8265960" lon="-75.6715830">
    <ele>1448.2</ele>
   </trkpt>
   <trkpt lat="4.8266080" lon="-75.6716040">
    <ele>1448.1</ele>
   </trkpt>
   <trkpt lat="4.8266200" lon="-75.6716230">
    <ele>1447.9</ele>
   </trkpt>
   <trkpt lat="4.8266320" lon="-75.6716420">
    <ele>1447.8</ele>
   </trkpt>
   <trkpt lat="4.8266440" lon="-75.6716610">
    <ele>1447.7</ele>
   </trkpt>
   <trkpt lat="4.8266560" lon="-75.6716790">
    <ele>1447.6</ele>
   </trkpt>
   <trkpt lat="4.8266670" lon="-75.6716960">
    <ele>1447.5</ele>
   </trkpt>
   <trkpt lat="4.8266760" lon="-75.6717110">
    <ele>1447.4</ele>
   </trkpt>
   <trkpt lat="4.8266830" lon="-75.6717250">
    <ele>1447.3</ele>
   </trkpt>
   <trkpt lat="4.8266880" lon="-75.6717360">
    <ele>1447.2</ele>
   </trkpt>
   <trkpt lat="4.8266910" lon="-75.6717470">
    <ele>1447.2</ele>
   </trkpt>
   <trkpt lat="4.8266920" lon="-75.6717550">
    <ele>1447.1</ele>
   </trkpt>
   <trkpt lat="4.8266930" lon="-75.6717620">
    <ele>1447.1</ele>
   </trkpt>
   <trkpt lat="4.8266940" lon="-75.6717690">
    <ele>1447.1</ele>
   </trkpt>
   <trkpt lat="4.8266960" lon="-75.6717750">
    <ele>1447.0</ele>
   </trkpt>
   <trkpt lat="4.8266990" lon="-75.6717810">
    <ele>1447.0</ele>
   </trkpt>
   <trkpt lat="4.8267030" lon="-75.6717870">
    <ele>1447.0</ele>
   </trkpt>
   <trkpt lat="4.8267080" lon="-75.6717930">
    <ele>1446.9</ele>
   </trkpt>
   <trkpt lat="4.8267130" lon="-75.6717990">
    <ele>1446.9</ele>
   </trkpt>
   <trkpt lat="4.8267170" lon="-75.6718050">
    <ele>1446.9</ele>
   </trkpt>
   <trkpt lat="4.8267030" lon="-75.6718180">
    <ele>1446.8</ele>
   </trkpt>
   <trkpt lat="4.8266890" lon="-75.6718310">
    <ele>1446.7</ele>
   </trkpt>
   <trkpt lat="4.8266750" lon="-75.6718440">
    <ele>1446.6</ele>
   </trkpt>
   <trkpt lat="4.8266610" lon="-75.6718570">
    <ele>1446.5</ele>
   </trkpt>
   <trkpt lat="4.8266470" lon="-75.6718700">
    <ele>1446.4</ele>
   </trkpt>
   <trkpt lat="4.8266330" lon="-75.6718830">
    <ele>1446.4</ele>
   </trkpt>
   <trkpt lat="4.8266190" lon="-75.6718960">
    <ele>1446.3</ele>
   </trkpt>
   <trkpt lat="4.8266050" lon="-75.6719090">
    <ele>1446.2</ele>
   </trkpt>
   <trkpt lat="4.8265910" lon="-75.6719220">
    <ele>1446.2</ele>
   </trkpt>
   <trkpt lat="4.8265910" lon="-75.6719220">
    <ele>1446.2</ele>
   </trkpt>
   <trkpt lat="4.8265910" lon="-75.6719220">
    <ele>1446.2</ele>
   </trkpt>
   <trkpt lat="4.8265910" lon="-75.6719220">
    <ele>1446.2</ele>
   </trkpt>
   <trkpt lat="4.8265910" lon="-75.6719220">
    <ele>1446.2</ele>
   </trkpt>
   <trkpt lat="4.8265910" lon="-75.6719220">
    <ele>1446.2</ele>
   </trkpt>
   <trkpt lat="4.8265910" lon="-75.6719220">
    <ele>1446.2</ele>
   </trkpt>
   <trkpt lat="4.8265910" lon="-75.6719220">
    <ele>1446.2</ele>
   </trkpt>
   <trkpt lat="4.8265910" lon="-75.6719220">
    <ele>1446.2</ele>
   </trkpt>
   <trkpt lat="4.8265910" lon="-75.6719220">
    <ele>1446.2</ele>
   </trkpt>
   <trkpt lat="4.8265910" lon="-75.6719220">
    <ele>1446.2</ele>
   </trkpt>
   <trkpt lat="4.8265910" lon="-75.6719220">
    <ele>1446.2</ele>
   </trkpt>
   <trkpt lat="4.8265910" lon="-75.6719220">
    <ele>1446.2</ele>
   </trkpt>
   <trkpt lat="4.8265910" lon="-75.6719220">
    <ele>1446.2</ele>
   </trkpt>
   <trkpt lat="4.8265910" lon="-75.6719220">
    <ele>1446.2</ele>
   </trkpt>
   <trkpt lat="4.8265910" lon="-75.6719220">
    <ele>1446.2</ele>
   </trkpt>
   <trkpt lat="4.8265910" lon="-75.6719220">
    <ele>1446.2</ele>
   </trkpt>
   <trkpt lat="4.8265910" lon="-75.6719220">
    <ele>1446.2</ele>
   </trkpt>
   <trkpt lat="4.8265910" lon="-75.6719220">
    <ele>1446.2</ele>
   </trkpt>
   <trkpt lat="4.8265910" lon="-75.6719220">
    <ele>1446.2</ele>
   </trkpt>
   <trkpt lat="4.8265910" lon="-75.6719220">
    <ele>1446.2</ele>
   </trkpt>
   <trkpt lat="4.8265910" lon="-75.6719220">
    <ele>1446.2</ele>
   </trkpt>
   <trkpt lat="4.8265910" lon="-75.6719220">
    <ele>1446.2</ele>
   </trkpt>
   <trkpt lat="4.8265910" lon="-75.6719220">
    <ele>1446.2</ele>
   </trkpt>
   <trkpt lat="4.8265910" lon="-75.6719220">
    <ele>1446.2</ele>
   </trkpt>
   <trkpt lat="4.8265910" lon="-75.6719220">
    <ele>1446.2</ele>
   </trkpt>
   <trkpt lat="4.8265910" lon="-75.6719220">
    <ele>1446.2</ele>
   </trkpt>
   <trkpt lat="4.8265910" lon="-75.6719220">
    <ele>1446.2</ele>
   </trkpt>
   <trkpt lat="4.8265910" lon="-75.6719220">
    <ele>1446.2</ele>
   </trkpt>
   <trkpt lat="4.8265910" lon="-75.6719220">
    <ele>1446.2</ele>
   </trkpt>
   <trkpt lat="4.8265910" lon="-75.6719220">
    <ele>1446.2</ele>
   </trkpt>
   <trkpt lat="4.8265910" lon="-75.6719220">
    <ele>1446.2</ele>
   </trkpt>
   <trkpt lat="4.8265910" lon="-75.6719220">
    <ele>1446.2</ele>
   </trkpt>
   <trkpt lat="4.8265910" lon="-75.6719220">
    <ele>1446.2</ele>
   </trkpt>
   <trkpt lat="4.8265910" lon="-75.6719220">
    <ele>1446.2</ele>
   </trkpt>
   <trkpt lat="4.8265910" lon="-75.6719220">
    <ele>1446.2</ele>
   </trkpt>
   <trkpt lat="4.8265910" lon="-75.6719220">
    <ele>1446.2</ele>
   </trkpt>
   <trkpt lat="4.8265910" lon="-75.6719220">
    <ele>1446.2</ele>
   </trkpt>
   <trkpt lat="4.8265910" lon="-75.6719220">
    <ele>1446.2</ele>
   </trkpt>
   <trkpt lat="4.8265910" lon="-75.6719220">
    <ele>1446.2</ele>
   </trkpt>
   <trkpt lat="4.8265910" lon="-75.6719220">
    <ele>1446.2</ele>
   </trkpt>
   <trkpt lat="4.8265910" lon="-75.6719220">
    <ele>1446.2</ele>
   </trkpt>
   <trkpt lat="4.8265910" lon="-75.6719220">
    <ele>1446.2</ele>
   </trkpt>
   <trkpt lat="4.8265910" lon="-75.6719220">
    <ele>1446.2</ele>
   </trkpt>
   <trkpt lat="4.8265910" lon="-75.6719220">
    <ele>1446.2</ele>
   </trkpt>
   <trkpt lat="4.8265910" lon="-75.6719220">
    <ele>1446.2</ele>
   </trkpt>
   <trkpt lat="4.8265910" lon="-75.6719220">
    <ele>1446.2</ele>
   </trkpt>
   <trkpt lat="4.8265910" lon="-75.6719220">
    <ele>1446.2</ele>
   </trkpt>
   <trkpt lat="4.8265910" lon="-75.6719220">
    <ele>1446.2</ele>
   </trkpt>
   <trkpt lat="4.8265910" lon="-75.6719220">
    <ele>1446.2</ele>
   </trkpt>
   <trkpt lat="4.8265910" lon="-75.6719220">
    <ele>1446.2</ele>
   </trkpt>
   <trkpt lat="4.8265910" lon="-75.6719220">
    <ele>1446.2</ele>
   </trkpt>
   <trkpt lat="4.8265910" lon="-75.6719220">
    <ele>1446.2</ele>
   </trkpt>
   <trkpt lat="4.8265910" lon="-75.6719220">
    <ele>1446.2</ele>
   </trkpt>
   <trkpt lat="4.8265910" lon="-75.6719220">
    <ele>1446.2</ele>
   </trkpt>
   <trkpt lat="4.8265910" lon="-75.6719220">
    <ele>1446.2</ele>
   </trkpt>
   <trkpt lat="4.8265910" lon="-75.6719220">
    <ele>1446.2</ele>
   </trkpt>
   <trkpt lat="4.8265910" lon="-75.6719220">
    <ele>1446.2</ele>
   </trkpt>
   <trkpt lat="4.8265910" lon="-75.6719220">
    <ele>1446.2</ele>
   </trkpt>
   <trkpt lat="4.8265910" lon="-75.6719220">
    <ele>1446.2</ele>
   </trkpt>
   <trkpt lat="4.8265910" lon="-75.6719220">
    <ele>1446.2</ele>
   </trkpt>
   <trkpt lat="4.8265910" lon="-75.6719220">
    <ele>1446.2</ele>
   </trkpt>
   <trkpt lat="4.8265910" lon="-75.6719220">
    <ele>1446.2</ele>
   </trkpt>
   <trkpt lat="4.8265910" lon="-75.6719220">
    <ele>1446.2</ele>
   </trkpt>
   <trkpt lat="4.8265910" lon="-75.6719220">
    <ele>1446.2</ele>
   </trkpt>
   <trkpt lat="4.8265910" lon="-75.6719220">
    <ele>1446.2</ele>
   </trkpt>
   <trkpt lat="4.8265910" lon="-75.6719220">
    <ele>1446.2</ele>
   </trkpt>
   <trkpt lat="4.8265910" lon="-75.6719220">
    <ele>1446.2</ele>
   </trkpt>
   <trkpt lat="4.8265910" lon="-75.6719220">
    <ele>1446.2</ele>
   </trkpt>
   <trkpt lat="4.8265910" lon="-75.6719220">
    <ele>1446.2</ele>
   </trkpt>
   <trkpt lat="4.8265910" lon="-75.6719220">
    <ele>1446.2</ele>
   </trkpt>
   <trkpt lat="4.8265910" lon="-75.6719220">
    <ele>1446.2</ele>
   </trkpt>
   <trkpt lat="4.8265910" lon="-75.6719220">
    <ele>1446.2</ele>
   </trkpt>
   <trkpt lat="4.8265910" lon="-75.6719220">
    <ele>1446.2</ele>
   </trkpt>
   <trkpt lat="4.8265910" lon="-75.6719220">
    <ele>1446.2</ele>
   </trkpt>
   <trkpt lat="4.8265910" lon="-75.6719220">
    <ele>1446.2</ele>
   </trkpt>
   <trkpt lat="4.8265910" lon="-75.6719220">
    <ele>1446.2</ele>
   </trkpt>
   <trkpt lat="4.8265910" lon="-75.6719220">
    <ele>1446.2</ele>
   </trkpt>
   <trkpt lat="4.8265910" lon="-75.6719220">
    <ele>1446.2</ele>
   </trkpt>
   <trkpt lat="4.8265910" lon="-75.6719220">
    <ele>1446.2</ele>
   </trkpt>
   <trkpt lat="4.8265910" lon="-75.6719220">
    <ele>1446.2</ele>
   </trkpt>
   <trkpt lat="4.8265910" lon="-75.6719220">
    <ele>1446.2</ele>
   </trkpt>
   <trkpt lat="4.8265910" lon="-75.6719220">
    <ele>1446.2</ele>
   </trkpt>
   <trkpt lat="4.8265910" lon="-75.6719220">
    <ele>1446.2</ele>
   </trkpt>
   <trkpt lat="4.8265910" lon="-75.6719220">
    <ele>1446.2</ele>
   </trkpt>
   <trkpt lat="4.8265910" lon="-75.6719220">
    <ele>1446.2</ele>
   </trkpt>
   <trkpt lat="4.8265910" lon="-75.6719220">
    <ele>1446.2</ele>
   </trkpt>
   <trkpt lat="4.8265910" lon="-75.6719220">
    <ele>1446.2</ele>
   </trkpt>
   <trkpt lat="4.8265910" lon="-75.6719220">
    <ele>1446.2</ele>
   </trkpt>
   <trkpt lat="4.8265910" lon="-75.6719220">
    <ele>1446.2</ele>
   </trkpt>
   <trkpt lat="4.8265910" lon="-75.6719220">
    <ele>1446.2</ele>
   </trkpt>
   <trkpt lat="4.8265910" lon="-75.6719220">
    <ele>1446.2</ele>
   </trkpt>
   <trkpt lat="4.8265910" lon="-75.6719220">
    <ele>1446.2</ele>
   </trkpt>
   <trkpt lat="4.8265910" lon="-75.6719220">
    <ele>1446.2</ele>
   </trkpt>
   <trkpt lat="4.8265910" lon="-75.6719220">
    <ele>1446.2</ele>
   </trkpt>
   <trkpt lat="4.8265910" lon="-75.6719220">
    <ele>1446.2</ele>
   </trkpt>
   <trkpt lat="4.8265910" lon="-75.6719220">
    <ele>1446.2</ele>
   </trkpt>
   <trkpt lat="4.8265910" lon="-75.6719220">
    <ele>1446.2</ele>
   </trkpt>
   <trkpt lat="4.8265910" lon="-75.6719220">
    <ele>1446.2</ele>
   </trkpt>
   <trkpt lat="4.8265910" lon="-75.6719220">
    <ele>1446.2</ele>
   </trkpt>
   <trkpt lat="4.8265910" lon="-75.6719220">
    <ele>1446.2</ele>
   </trkpt>
   <trkpt lat="4.8265910" lon="-75.6719220">
    <ele>1446.2</ele>
   </trkpt>
   <trkpt lat="4.8265910" lon="-75.6719220">
    <ele>1446.2</ele>
   </trkpt>
   <trkpt lat="4.8265910" lon="-75.6719220">
    <ele>1446.2</ele>
   </trkpt>
   <trkpt lat="4.8265910" lon="-75.6719220">
    <ele>1446.2</ele>
   </trkpt>
   <trkpt lat="4.8265910" lon="-75.6719220">
    <ele>1446.2</ele>
   </trkpt>
   <trkpt lat="4.8265910" lon="-75.6719220">
    <ele>1446.2</ele>
   </trkpt>
   <trkpt lat="4.8265910" lon="-75.6719220">
    <ele>1446.2</ele>
   </trkpt>
   <trkpt lat="4.8265910" lon="-75.6719220">
    <ele>1446.2</ele>
   </trkpt>
   <trkpt lat="4.8265910" lon="-75.6719220">
    <ele>1446.2</ele>
   </trkpt>
   <trkpt lat="4.8265910" lon="-75.6719220">
    <ele>1446.2</ele>
   </trkpt>
   <trkpt lat="4.8265910" lon="-75.6719220">
    <ele>1446.2</ele>
   </trkpt>
   <trkpt lat="4.8265910" lon="-75.6719220">
    <ele>1446.2</ele>
   </trkpt>
   <trkpt lat="4.8265910" lon="-75.6719220">
    <ele>1446.2</ele>
   </trkpt>
   <trkpt lat="4.8265910" lon="-75.6719220">
    <ele>1446.2</ele>
   </trkpt>
   <trkpt lat="4.8265910" lon="-75.6719220">
    <ele>1446.2</ele>
   </trkpt>
   <trkpt lat="4.8265910" lon="-75.6719220">
    <ele>1446.2</ele>
   </trkpt>
   <trkpt lat="4.8265910" lon="-75.6719220">
    <ele>1446.2</ele>
   </trkpt>
   <trkpt lat="4.8265910" lon="-75.6719220">
    <ele>1446.2</ele>
   </trkpt>
   <trkpt lat="4.8265910" lon="-75.6719220">
    <ele>1446.2</ele>
   </trkpt>
   <trkpt lat="4.8265910" lon="-75.6719220">
    <ele>1446.2</ele>
   </trkpt>
   <trkpt lat="4.8265910" lon="-75.6719220">
    <ele>1446.2</ele>
   </trkpt>
   <trkpt lat="4.8265910" lon="-75.6719220">
    <ele>1446.2</ele>
   </trkpt>
   <trkpt lat="4.8265910" lon="-75.6719220">
    <ele>1446.2</ele>
   </trkpt>
   <trkpt lat="4.8265910" lon="-75.6719220">
    <ele>1446.2</ele>
   </trkpt>
   <trkpt lat="4.8265910" lon="-75.6719220">
    <ele>1446.2</ele>
   </trkpt>
   <trkpt lat="4.8265910" lon="-75.6719220">
    <ele>1446.2</ele>
   </trkpt>
   <trkpt lat="4.8265910" lon="-75.6719220">
    <ele>1446.2</ele>
   </trkpt>
   <trkpt lat="4.8265910" lon="-75.6719220">
    <ele>1446.2</ele>
   </trkpt>
   <trkpt lat="4.8265910" lon="-75.6719220">
    <ele>1446.2</ele>
   </trkpt>
   <trkpt lat="4.8265910" lon="-75.6719220">
    <ele>1446.2</ele>
   </trkpt>
   <trkpt lat="4.8265910" lon="-75.6719220">
    <ele>1446.2</ele>
   </trkpt>
   <trkpt lat="4.8265910" lon="-75.6719220">
    <ele>1446.2</ele>
   </trkpt>
   <trkpt lat="4.8265910" lon="-75.6719220">
    <ele>1446.2</ele>
   </trkpt>
   <trkpt lat="4.8265910" lon="-75.6719220">
    <ele>1446.2</ele>
   </trkpt>
   <trkpt lat="4.8265910" lon="-75.6719220">
    <ele>1446.2</ele>
   </trkpt>
   <trkpt lat="4.8265910" lon="-75.6719220">
    <ele>1446.2</ele>
   </trkpt>
   <trkpt lat="4.8265910" lon="-75.6719220">
    <ele>1446.2</ele>
   </trkpt>
   <trkpt lat="4.8265910" lon="-75.6719220">
    <ele>1446.2</ele>
   </trkpt>
   <trkpt lat="4.8265910" lon="-75.6719220">
    <ele>1446.2</ele>
   </trkpt>
   <trkpt lat="4.8265910" lon="-75.6719220">
    <ele>1446.2</ele>
   </trkpt>
   <trkpt lat="4.8265910" lon="-75.6719220">
    <ele>1446.2</ele>
   </trkpt>
   <trkpt lat="4.8265910" lon="-75.6719220">
    <ele>1446.2</ele>
   </trkpt>
   <trkpt lat="4.8265910" lon="-75.6719220">
    <ele>1446.2</ele>
   </trkpt>
   <trkpt lat="4.8265910" lon="-75.6719220">
    <ele>1446.2</ele>
   </trkpt>
   <trkpt lat="4.8265910" lon="-75.6719220">
    <ele>1446.2</ele>
   </trkpt>
   <trkpt lat="4.8265910" lon="-75.6719220">
    <ele>1446.2</ele>
   </trkpt>
   <trkpt lat="4.8265910" lon="-75.6719220">
    <ele>1446.2</ele>
   </trkpt>
   <trkpt lat="4.8265910" lon="-75.6719220">
    <ele>1446.2</ele>
   </trkpt>
   <trkpt lat="4.8265910" lon="-75.6719220">
    <ele>1446.2</ele>
   </trkpt>
   <trkpt lat="4.8265910" lon="-75.6719220">
    <ele>1446.2</ele>
   </trkpt>
   <trkpt lat="4.8265910" lon="-75.6719220">
    <ele>1446.2</ele>
   </trkpt>
   <trkpt lat="4.8265910" lon="-75.6719220">
    <ele>1446.2</ele>
   </trkpt>
   <trkpt lat="4.8265910" lon="-75.6719220">
    <ele>1446.2</ele>
   </trkpt>
   <trkpt lat="4.8265910" lon="-75.6719220">
    <ele>1446.2</ele>
   </trkpt>
   <trkpt lat="4.8265910" lon="-75.6719220">
    <ele>1446.2</ele>
   </trkpt>
   <trkpt lat="4.8265910" lon="-75.6719220">
    <ele>1446.2</ele>
   </trkpt>
   <trkpt lat="4.8265910" lon="-75.6719220">
    <ele>1446.2</ele>
   </trkpt>
   <trkpt lat="4.8265910" lon="-75.6719220">
    <ele>1446.2</ele>
   </trkpt>
   <trkpt lat="4.8265910" lon="-75.6719220">
    <ele>1446.2</ele>
   </trkpt>
   <trkpt lat="4.8265910" lon="-75.6719220">
    <ele>1446.2</ele>
   </trkpt>
   <trkpt lat="4.8265910" lon="-75.6719220">
    <ele>1446.2</ele>
   </trkpt>
   <trkpt lat="4.8265910" lon="-75.6719220">
    <ele>1446.2</ele>
   </trkpt>
   <trkpt lat="4.8265910" lon="-75.6719220">
    <ele>1446.2</ele>
   </trkpt>
   <trkpt lat="4.8265910" lon="-75.6719220">
    <ele>1446.2</ele>
   </trkpt>
   <trkpt lat="4.8265910" lon="-75.6719220">
    <ele>1446.2</ele>
   </trkpt>
   <trkpt lat="4.8265910" lon="-75.6719220">
    <ele>1446.2</ele>
   </trkpt>
   <trkpt lat="4.8265910" lon="-75.6719220">
    <ele>1446.2</ele>
   </trkpt>
   <trkpt lat="4.8265910" lon="-75.6719220">
    <ele>1446.2</ele>
   </trkpt>
   <trkpt lat="4.8265910" lon="-75.6719220">
    <ele>1446.2</ele>
   </trkpt>
   <trkpt lat="4.8265910" lon="-75.6719220">
    <ele>1446.2</ele>
   </trkpt>
   <trkpt lat="4.8265910" lon="-75.6719220">
    <ele>1446.2</ele>
   </trkpt>
   <trkpt lat="4.8265910" lon="-75.6719220">
    <ele>1446.2</ele>
   </trkpt>
   <trkpt lat="4.8265910" lon="-75.6719220">
    <ele>1446.2</ele>
   </trkpt>
   <trkpt lat="4.8265910" lon="-75.6719220">
    <ele>1446.2</ele>
   </trkpt>
   <trkpt lat="4.8265910" lon="-75.6719220">
    <ele>1446.2</ele>
   </trkpt>
   <trkpt lat="4.8265910" lon="-75.6719220">
    <ele>1446.2</ele>
   </trkpt>
   <trkpt lat="4.8265910" lon="-75.6719220">
    <ele>1446.2</ele>
   </trkpt>
   <trkpt lat="4.8265910" lon="-75.6719220">
    <ele>1446.2</ele>
   </trkpt>
   <trkpt lat="4.8265910" lon="-75.6719220">
    <ele>1446.2</ele>
   </trkpt>
   <trkpt lat="4.8265910" lon="-75.6719220">
    <ele>1446.2</ele>
   </trkpt>
   <trkpt lat="4.8265910" lon="-75.6719220">
    <ele>1446.2</ele>
   </trkpt>
   <trkpt lat="4.8265910" lon="-75.6719220">
    <ele>1446.2</ele>
   </trkpt>
   <trkpt lat="4.8265910" lon="-75.6719220">
    <ele>1446.2</ele>
   </trkpt>
   <trkpt lat="4.8265910" lon="-75.6719220">
    <ele>1446.2</ele>
   </trkpt>
   <trkpt lat="4.8265910" lon="-75.6719220">
    <ele>1446.2</ele>
   </trkpt>
   <trkpt lat="4.8265910" lon="-75.6719220">
    <ele>1446.2</ele>
   </trkpt>
   <trkpt lat="4.8265910" lon="-75.6719220">
    <ele>1446.2</ele>
   </trkpt>
   <trkpt lat="4.8265910" lon="-75.6719220">
    <ele>1446.2</ele>
   </trkpt>
   <trkpt lat="4.8265910" lon="-75.6719220">
    <ele>1446.2</ele>
   </trkpt>
   <trkpt lat="4.8265910" lon="-75.6719220">
    <ele>1446.2</ele>
   </trkpt>
   <trkpt lat="4.8265910" lon="-75.6719220">
    <ele>1446.2</ele>
   </trkpt>
   <trkpt lat="4.8265910" lon="-75.6719220">
    <ele>1446.2</ele>
   </trkpt>
   <trkpt lat="4.8265910" lon="-75.6719220">
    <ele>1446.2</ele>
   </trkpt>
   <trkpt lat="4.8265910" lon="-75.6719220">
    <ele>1446.2</ele>
   </trkpt>
   <trkpt lat="4.8265910" lon="-75.6719220">
    <ele>1446.2</ele>
   </trkpt>
   <trkpt lat="4.8265910" lon="-75.6719220">
    <ele>1446.2</ele>
   </trkpt>
   <trkpt lat="4.8265910" lon="-75.6719220">
    <ele>1446.2</ele>
   </trkpt>
   <trkpt lat="4.8265910" lon="-75.6719220">
    <ele>1446.2</ele>
   </trkpt>
   <trkpt lat="4.8265910" lon="-75.6719220">
    <ele>1446.2</ele>
   </trkpt>
   <trkpt lat="4.8265910" lon="-75.6719220">
    <ele>1446.2</ele>
   </trkpt>
   <trkpt lat="4.8265910" lon="-75.6719220">
    <ele>1446.2</ele>
   </trkpt>
   <trkpt lat="4.8265910" lon="-75.6719220">
    <ele>1446.2</ele>
   </trkpt>
   <trkpt lat="4.8265910" lon="-75.6719220">
    <ele>1446.2</ele>
   </trkpt>
   <trkpt lat="4.8265910" lon="-75.6719220">
    <ele>1446.2</ele>
   </trkpt>
   <trkpt lat="4.8265910" lon="-75.6719220">
    <ele>1446.2</ele>
   </trkpt>
   <trkpt lat="4.8265910" lon="-75.6719220">
    <ele>1446.2</ele>
   </trkpt>
   <trkpt lat="4.8265910" lon="-75.6719220">
    <ele>1446.2</ele>
   </trkpt>
   <trkpt lat="4.8265910" lon="-75.6719220">
    <ele>1446.2</ele>
   </trkpt>
   <trkpt lat="4.8265910" lon="-75.6719220">
    <ele>1446.2</ele>
   </trkpt>
  </trkseg>
 </trk>
</gpx>
