<?xml version="1.0" encoding="UTF-8"?>
<gpx creator="StravaGPX" version="1.1" xmlns="http://www.topografix.com/GPX/1/1" xmlns:xsi="http://www.w3.org/2001/XMLSchema-instance" xsi:schemaLocation="http://www.topografix.com/GPX/1/1 http://www.topografix.com/GPX/1/1/gpx.xsd">
 <trk>
  <name>Correr al aire libre</name>
  <type>running</type>
  <trkseg>
   <trkpt lat="4.8065250" lon="-75.7523420">
    <ele>1288.4</ele>
   </trkpt>
   <trkpt lat="4.8065250" lon="-75.7523420">
    <ele>1288.4</ele>
   </trkpt>
   <trkpt lat="4.8065250" lon="-75.7523420">
    <ele>1288.4</ele>
   </trkpt>
   <trkpt lat="4.8065250" lon="-75.7523420">
    <ele>1288.4</ele>
   </trkpt>
   <trkpt lat="4.8065250" lon="-75.7523420">
    <ele>1288.4</ele>
   </trkpt>
   <trkpt lat="4.8065340" lon="-75.7523560">
    <ele>1288.3</ele>
   </trkpt>
   <trkpt lat="4.8065430" lon="-75.7523710">
    <ele>1288.3</ele>
   </trkpt>
   <trkpt lat="4.8065520" lon="-75.7523960">
    <ele>1288.3</ele>
   </trkpt>
   <trkpt lat="4.8065590" lon="-75.7524240">
    <ele>1288.2</ele>
   </trkpt>
   <trkpt lat="4.8065620" lon="-75.7524470">
    <ele>1288.2</ele>
   </trkpt>
   <trkpt lat="4.8065640" lon="-75.7524710">
    <ele>1288.1</ele>
   </trkpt>
   <trkpt lat="4.8065640" lon="-75.7524980">
    <ele>1288.1</ele>
   </trkpt>
   <trkpt lat="4.8065610" lon="-75.7525250">
    <ele>1287.9</ele>
   </trkpt>
   <trkpt lat="4.8065560" lon="-75.7525510">
    <ele>1287.7</ele>
   </trkpt>
   <trkpt lat="4.8065500" lon="-75.7525740">
    <ele>1287.5</ele>
   </trkpt>
   <trkpt lat="4.8065410" lon="-75.7526000">
    <ele>1287.3</ele>
   </trkpt>
   <trkpt lat="4.8065310" lon="-75.7526250">
    <ele>1287.1</ele>
   </trkpt>
   <trkpt lat="4.8065180" lon="-75.7526490">
    <ele>1287.0</ele>
   </trkpt>
   <trkpt lat="4.8065020" lon="-75.7526700">
    <ele>1286.8</ele>
   </trkpt>
   <trkpt lat="4.8064850" lon="-75.7526890">
    <ele>1286.6</ele>
   </trkpt>
   <trkpt lat="4.8064660" lon="-75.7527060">
    <ele>1286.5</ele>
   </trkpt>
   <trkpt lat="4.8064450" lon="-75.7527230">
    <ele>1286.3</ele>
   </trkpt>
   <trkpt lat="4.8064250" lon="-75.7527370">
    <ele>1286.2</ele>
   </trkpt>
   <trkpt lat="4.8064070" lon="-75.7527490">
    <ele>1286.2</ele>
   </trkpt>
   <trkpt lat="4.8063860" lon="-75.7527620">
    <ele>1286.2</ele>
   </trkpt>
   <trkpt lat="4.8063640" lon="-75.7527730">
    <ele>1286.2</ele>
   </trkpt>
   <trkpt lat="4.8063410" lon="-75.7527830">
    <ele>1286.1</ele>
   </trkpt>
   <trkpt lat="4.8063170" lon="-75.7527900">
    <ele>1286.1</ele>
   </trkpt>
   <trkpt lat="4.8062960" lon="-75.7527940">
    <ele>1286.1</ele>
   </trkpt>
   <trkpt lat="4.8062740" lon="-75.7527960">
    <ele>1286.1</ele>
   </trkpt>
   <trkpt lat="4.8062500" lon="-75.7527970">
    <ele>1286.1</ele>
   </trkpt>
   <trkpt lat="4.8062260" lon="-75.7527970">
    <ele>1286.1</ele>
   </trkpt>
   <trkpt lat="4.8062000" lon="-75.7527950">
    <ele>1286.1</ele>
   </trkpt>
   <trkpt lat="4.8061760" lon="-75.7527920">
    <ele>1286.1</ele>
   </trkpt>
   <trkpt lat="4.8061520" lon="-75.7527880">
    <ele>1286.1</ele>
   </trkpt>
   <trkpt lat="4.8061290" lon="-75.7527830">
    <ele>1286.0</ele>
   </trkpt>
   <trkpt lat="4.8061090" lon="-75.7527770">
    <ele>1286.0</ele>
   </trkpt>
   <trkpt lat="4.8060850" lon="-75.7527710">
    <ele>1286.0</ele>
   </trkpt>
   <trkpt lat="4.8060610" lon="-75.7527650">
    <ele>1286.0</ele>
   </trkpt>
   <trkpt lat="4.8060410" lon="-75.7527600">
    <ele>1286.0</ele>
   </trkpt>
   <trkpt lat="4.8060170" lon="-75.7527560">
    <ele>1286.0</ele>
   </trkpt>
   <trkpt lat="4.8059940" lon="-75.7527520">
    <ele>1286.0</ele>
   </trkpt>
   <trkpt lat="4.8059710" lon="-75.7527500">
    <ele>1285.9</ele>
   </trkpt>
   <trkpt lat="4.8059500" lon="-75.7527490">
    <ele>1285.9</ele>
   </trkpt>
   <trkpt lat="4.8059280" lon="-75.7527520">
    <ele>1285.9</ele>
   </trkpt>
   <trkpt lat="4.8059070" lon="-75.7527570">
    <ele>1285.9</ele>
   </trkpt>
   <trkpt lat="4.8058860" lon="-75.7527650">
    <ele>1285.9</ele>
   </trkpt>
   <trkpt lat="4.8058660" lon="-75.7527750">
    <ele>1285.8</ele>
   </trkpt>
   <trkpt lat="4.8058480" lon="-75.7527890">
    <ele>1285.8</ele>
   </trkpt>
   <trkpt lat="4.8058310" lon="-75.7528030">
    <ele>1285.7</ele>
   </trkpt>
   <trkpt lat="4.8058140" lon="-75.7528190">
    <ele>1285.6</ele>
   </trkpt>
   <trkpt lat="4.8057990" lon="-75.7528350">
    <ele>1285.5</ele>
   </trkpt>
   <trkpt lat="4.8057850" lon="-75.7528530">
    <ele>1285.4</ele>
   </trkpt>
   <trkpt lat="4.8057740" lon="-75.7528720">
    <ele>1285.3</ele>
   </trkpt>
   <trkpt lat="4.8057640" lon="-75.7528920">
    <ele>1285.1</ele>
   </trkpt>
   <trkpt lat="4.8057550" lon="-75.7529120">
    <ele>1285.0</ele>
   </trkpt>
   <trkpt lat="4.8057480" lon="-75.7529320">
    <ele>1284.8</ele>
   </trkpt>
   <trkpt lat="4.8057400" lon="-75.7529510">
    <ele>1284.7</ele>
   </trkpt>
   <trkpt lat="4.8057330" lon="-75.7529710">
    <ele>1284.5</ele>
   </trkpt>
   <trkpt lat="4.8057260" lon="-75.7529900">
    <ele>1284.4</ele>
   </trkpt>
   <trkpt lat="4.8057200" lon="-75.7530090">
    <ele>1284.2</ele>
   </trkpt>
   <trkpt lat="4.8057120" lon="-75.7530300">
    <ele>1284.0</ele>
   </trkpt>
   <trkpt lat="4.8057020" lon="-75.7530540">
    <ele>1283.8</ele>
   </trkpt>
   <trkpt lat="4.8056930" lon="-75.7530780">
    <ele>1283.6</ele>
   </trkpt>
   <trkpt lat="4.8056870" lon="-75.7530970">
    <ele>1283.4</ele>
   </trkpt>
   <trkpt lat="4.8056820" lon="-75.7531160">
    <ele>1283.2</ele>
   </trkpt>
   <trkpt lat="4.8056770" lon="-75.7531350">
    <ele>1283.1</ele>
   </trkpt>
   <trkpt lat="4.8056730" lon="-75.7531540">
    <ele>1282.9</ele>
   </trkpt>
   <trkpt lat="4.8056700" lon="-75.7531760">
    <ele>1282.7</ele>
   </trkpt>
   <trkpt lat="4.8056680" lon="-75.7531980">
    <ele>1282.5</ele>
   </trkpt>
   <trkpt lat="4.8056660" lon="-75.7532200">
    <ele>1282.3</ele>
   </trkpt>
   <trkpt lat="4.8056640" lon="-75.7532430">
    <ele>1282.1</ele>
   </trkpt>
   <trkpt lat="4.8056610" lon="-75.7532670">
    <ele>1281.8</ele>
   </trkpt>
   <trkpt lat="4.8056580" lon="-75.7532880">
    <ele>1281.6</ele>
   </trkpt>
   <trkpt lat="4.8056550" lon="-75.7533080">
    <ele>1281.5</ele>
   </trkpt>
   <trkpt lat="4.8056510" lon="-75.7533320">
    <ele>1281.2</ele>
   </trkpt>
   <trkpt lat="4.8056460" lon="-75.7533580">
    <ele>1281.0</ele>
   </trkpt>
   <trkpt lat="4.8056420" lon="-75.7533810">
    <ele>1280.7</ele>
   </trkpt>
   <trkpt lat="4.8056400" lon="-75.7534010">
    <ele>1280.5</ele>
   </trkpt>
   <trkpt lat="4.8056370" lon="-75.7534270">
    <ele>1280.2</ele>
   </trkpt>
   <trkpt lat="4.8056350" lon="-75.7534540">
    <ele>1280.0</ele>
   </trkpt>
   <trkpt lat="4.8056340" lon="-75.7534800">
    <ele>1279.7</ele>
   </trkpt>
   <trkpt lat="4.8056320" lon="-75.7535070">
    <ele>1279.4</ele>
   </trkpt>
   <trkpt lat="4.8056290" lon="-75.7535340">
    <ele>1279.1</ele>
   </trkpt>
   <trkpt lat="4.8056270" lon="-75.7535590">
    <ele>1278.9</ele>
   </trkpt>
   <trkpt lat="4.8056250" lon="-75.7535810">
    <ele>1278.6</ele>
   </trkpt>
   <trkpt lat="4.8056230" lon="-75.7536070">
    <ele>1278.3</ele>
   </trkpt>
   <trkpt lat="4.8056200" lon="-75.7536330">
    <ele>1278.1</ele>
   </trkpt>
   <trkpt lat="4.8056170" lon="-75.7536580">
    <ele>1277.8</ele>
   </trkpt>
   <trkpt lat="4.8056130" lon="-75.7536830">
    <ele>1277.5</ele>
   </trkpt>
   <trkpt lat="4.8056090" lon="-75.7537070">
    <ele>1277.3</ele>
   </trkpt>
   <trkpt lat="4.8056040" lon="-75.7537300">
    <ele>1277.0</ele>
   </trkpt>
   <trkpt lat="4.8056000" lon="-75.7537540">
    <ele>1276.8</ele>
   </trkpt>
   <trkpt lat="4.8055970" lon="-75.7537780">
    <ele>1276.5</ele>
   </trkpt>
   <trkpt lat="4.8055950" lon="-75.7538020">
    <ele>1276.3</ele>
   </trkpt>
   <trkpt lat="4.8055930" lon="-75.7538250">
    <ele>1276.1</ele>
   </trkpt>
   <trkpt lat="4.8055920" lon="-75.7538490">
    <ele>1275.8</ele>
   </trkpt>
   <trkpt lat="4.8055890" lon="-75.7538720">
    <ele>1275.6</ele>
   </trkpt>
   <trkpt lat="4.8055860" lon="-75.7538930">
    <ele>1275.4</ele>
   </trkpt>
   <trkpt lat="4.8055800" lon="-75.7539200">
    <ele>1275.1</ele>
   </trkpt>
   <trkpt lat="4.8055730" lon="-75.7539500">
    <ele>1274.8</ele>
   </trkpt>
   <trkpt lat="4.8055680" lon="-75.7539740">
    <ele>1274.6</ele>
   </trkpt>
   <trkpt lat="4.8055630" lon="-75.7539970">
    <ele>1274.3</ele>
   </trkpt>
   <trkpt lat="4.8055560" lon="-75.7540220">
    <ele>1274.1</ele>
   </trkpt>
   <trkpt lat="4.8055500" lon="-75.7540460">
    <ele>1273.8</ele>
   </trkpt>
   <trkpt lat="4.8055440" lon="-75.7540700">
    <ele>1273.6</ele>
   </trkpt>
   <trkpt lat="4.8055360" lon="-75.7540940">
    <ele>1273.4</ele>
   </trkpt>
   <trkpt lat="4.8055270" lon="-75.7541180">
    <ele>1273.1</ele>
   </trkpt>
   <trkpt lat="4.8055190" lon="-75.7541410">
    <ele>1272.9</ele>
   </trkpt>
   <trkpt lat="4.8055090" lon="-75.7541650">
    <ele>1272.7</ele>
   </trkpt>
   <trkpt lat="4.8054990" lon="-75.7541910">
    <ele>1272.4</ele>
   </trkpt>
   <trkpt lat="4.8054880" lon="-75.7542190">
    <ele>1272.2</ele>
   </trkpt>
   <trkpt lat="4.8054760" lon="-75.7542510">
    <ele>1271.9</ele>
   </trkpt>
   <trkpt lat="4.8054670" lon="-75.7542740">
    <ele>1271.7</ele>
   </trkpt>
   <trkpt lat="4.8054640" lon="-75.7542940">
    <ele>1271.5</ele>
   </trkpt>
   <trkpt lat="4.8054600" lon="-75.7543120">
    <ele>1271.4</ele>
   </trkpt>
   <trkpt lat="4.8054440" lon="-75.7543290">
    <ele>1271.2</ele>
   </trkpt>
   <trkpt lat="4.8054270" lon="-75.7543520">
    <ele>1271.0</ele>
   </trkpt>
   <trkpt lat="4.8054160" lon="-75.7543790">
    <ele>1270.8</ele>
   </trkpt>
   <trkpt lat="4.8054050" lon="-75.7544030">
    <ele>1270.6</ele>
   </trkpt>
   <trkpt lat="4.8053940" lon="-75.7544270">
    <ele>1270.4</ele>
   </trkpt>
   <trkpt lat="4.8053830" lon="-75.7544510">
    <ele>1270.2</ele>
   </trkpt>
   <trkpt lat="4.8053740" lon="-75.7544700">
    <ele>1270.1</ele>
   </trkpt>
   <trkpt lat="4.8053630" lon="-75.7544920">
    <ele>1270.0</ele>
   </trkpt>
   <trkpt lat="4.8053540" lon="-75.7545140">
    <ele>1269.9</ele>
   </trkpt>
   <trkpt lat="4.8053420" lon="-75.7545370">
    <ele>1269.7</ele>
   </trkpt>
   <trkpt lat="4.8053300" lon="-75.7545630">
    <ele>1269.6</ele>
   </trkpt>
   <trkpt lat="4.8053190" lon="-75.7545850">
    <ele>1269.4</ele>
   </trkpt>
   <trkpt lat="4.8053100" lon="-75.7546040">
    <ele>1269.4</ele>
   </trkpt>
   <trkpt lat="4.8053000" lon="-75.7546240">
    <ele>1269.3</ele>
   </trkpt>
   <trkpt lat="4.8052880" lon="-75.7546500">
    <ele>1269.1</ele>
   </trkpt>
   <trkpt lat="4.8052760" lon="-75.7546740">
    <ele>1269.0</ele>
   </trkpt>
   <trkpt lat="4.8052650" lon="-75.7546970">
    <ele>1268.9</ele>
   </trkpt>
   <trkpt lat="4.8052530" lon="-75.7547190">
    <ele>1268.8</ele>
   </trkpt>
   <trkpt lat="4.8052420" lon="-75.7547410">
    <ele>1268.8</ele>
   </trkpt>
   <trkpt lat="4.8052310" lon="-75.7547630">
    <ele>1268.7</ele>
   </trkpt>
   <trkpt lat="4.8052210" lon="-75.7547830">
    <ele>1268.6</ele>
   </trkpt>
   <trkpt lat="4.8052090" lon="-75.7548100">
    <ele>1268.5</ele>
   </trkpt>
   <trkpt lat="4.8051990" lon="-75.7548360">
    <ele>1268.5</ele>
   </trkpt>
   <trkpt lat="4.8051880" lon="-75.7548630">
    <ele>1268.4</ele>
   </trkpt>
   <trkpt lat="4.8051760" lon="-75.7548900">
    <ele>1268.3</ele>
   </trkpt>
   <trkpt lat="4.8051660" lon="-75.7549150">
    <ele>1268.3</ele>
   </trkpt>
   <trkpt lat="4.8051560" lon="-75.7549370">
    <ele>1268.2</ele>
   </trkpt>
   <trkpt lat="4.8051460" lon="-75.7549610">
    <ele>1268.2</ele>
   </trkpt>
   <trkpt lat="4.8051340" lon="-75.7549910">
    <ele>1268.1</ele>
   </trkpt>
   <trkpt lat="4.8051220" lon="-75.7550180">
    <ele>1268.1</ele>
   </trkpt>
   <trkpt lat="4.8051120" lon="-75.7550420">
    <ele>1268.0</ele>
   </trkpt>
   <trkpt lat="4.8051040" lon="-75.7550640">
    <ele>1268.0</ele>
   </trkpt>
   <trkpt lat="4.8050940" lon="-75.7550870">
    <ele>1268.0</ele>
   </trkpt>
   <trkpt lat="4.8050850" lon="-75.7551100">
    <ele>1267.9</ele>
   </trkpt>
   <trkpt lat="4.8050750" lon="-75.7551320">
    <ele>1267.9</ele>
   </trkpt>
   <trkpt lat="4.8050660" lon="-75.7551530">
    <ele>1267.8</ele>
   </trkpt>
   <trkpt lat="4.8050560" lon="-75.7551760">
    <ele>1267.8</ele>
   </trkpt>
   <trkpt lat="4.8050440" lon="-75.7551990">
    <ele>1267.8</ele>
   </trkpt>
   <trkpt lat="4.8050330" lon="-75.7552190">
    <ele>1267.7</ele>
   </trkpt>
   <trkpt lat="4.8050200" lon="-75.7552410">
    <ele>1267.7</ele>
   </trkpt>
   <trkpt lat="4.8050100" lon="-75.7552590">
    <ele>1267.6</ele>
   </trkpt>
   <trkpt lat="4.8050010" lon="-75.7552760">
    <ele>1267.6</ele>
   </trkpt>
   <trkpt lat="4.8049920" lon="-75.7552960">
    <ele>1267.6</ele>
   </trkpt>
   <trkpt lat="4.8049840" lon="-75.7553170">
    <ele>1267.5</ele>
   </trkpt>
   <trkpt lat="4.8049750" lon="-75.7553380">
    <ele>1267.5</ele>
   </trkpt>
   <trkpt lat="4.8049650" lon="-75.7553590">
    <ele>1267.4</ele>
   </trkpt>
   <trkpt lat="4.8049540" lon="-75.7553810">
    <ele>1267.4</ele>
   </trkpt>
   <trkpt lat="4.8049430" lon="-75.7554020">
    <ele>1267.3</ele>
   </trkpt>
   <trkpt lat="4.8049330" lon="-75.7554250">
    <ele>1267.2</ele>
   </trkpt>
   <trkpt lat="4.8049230" lon="-75.7554480">
    <ele>1267.0</ele>
   </trkpt>
   <trkpt lat="4.8049150" lon="-75.7554730">
    <ele>1266.9</ele>
   </trkpt>
   <trkpt lat="4.8049090" lon="-75.7554980">
    <ele>1266.8</ele>
   </trkpt>
   <trkpt lat="4.8049050" lon="-75.7555230">
    <ele>1266.6</ele>
   </trkpt>
   <trkpt lat="4.8049020" lon="-75.7555450">
    <ele>1266.5</ele>
   </trkpt>
   <trkpt lat="4.8048990" lon="-75.7555690">
    <ele>1266.3</ele>
   </trkpt>
   <trkpt lat="4.8048970" lon="-75.7555950">
    <ele>1266.2</ele>
   </trkpt>
   <trkpt lat="4.8048950" lon="-75.7556210">
    <ele>1266.0</ele>
   </trkpt>
   <trkpt lat="4.8048950" lon="-75.7556470">
    <ele>1265.8</ele>
   </trkpt>
   <trkpt lat="4.8048960" lon="-75.7556710">
    <ele>1265.7</ele>
   </trkpt>
   <trkpt lat="4.8048970" lon="-75.7556960">
    <ele>1265.5</ele>
   </trkpt>
   <trkpt lat="4.8048990" lon="-75.7557220">
    <ele>1265.3</ele>
   </trkpt>
   <trkpt lat="4.8049020" lon="-75.7557480">
    <ele>1265.2</ele>
   </trkpt>
   <trkpt lat="4.8049070" lon="-75.7557740">
    <ele>1265.0</ele>
   </trkpt>
   <trkpt lat="4.8049140" lon="-75.7558000">
    <ele>1264.8</ele>
   </trkpt>
   <trkpt lat="4.8049230" lon="-75.7558270">
    <ele>1264.6</ele>
   </trkpt>
   <trkpt lat="4.8049330" lon="-75.7558550">
    <ele>1264.5</ele>
   </trkpt>
   <trkpt lat="4.8049450" lon="-75.7558820">
    <ele>1264.3</ele>
   </trkpt>
   <trkpt lat="4.8049580" lon="-75.7559080">
    <ele>1264.1</ele>
   </trkpt>
   <trkpt lat="4.8049710" lon="-75.7559340">
    <ele>1263.9</ele>
   </trkpt>
   <trkpt lat="4.8049850" lon="-75.7559580">
    <ele>1263.8</ele>
   </trkpt>
   <trkpt lat="4.8049980" lon="-75.7559820">
    <ele>1263.6</ele>
   </trkpt>
   <trkpt lat="4.8050090" lon="-75.7560030">
    <ele>1263.5</ele>
   </trkpt>
   <trkpt lat="4.8050220" lon="-75.7560280">
    <ele>1263.4</ele>
   </trkpt>
   <trkpt lat="4.8050330" lon="-75.7560510">
    <ele>1263.2</ele>
   </trkpt>
   <trkpt lat="4.8050450" lon="-75.7560740">
    <ele>1263.1</ele>
   </trkpt>
   <trkpt lat="4.8050580" lon="-75.7560960">
    <ele>1263.0</ele>
   </trkpt>
   <trkpt lat="4.8050710" lon="-75.7561180">
    <ele>1262.9</ele>
   </trkpt>
   <trkpt lat="4.8050830" lon="-75.7561390">
    <ele>1262.8</ele>
   </trkpt>
   <trkpt lat="4.8050960" lon="-75.7561610">
    <ele>1262.6</ele>
   </trkpt>
   <trkpt lat="4.8051080" lon="-75.7561830">
    <ele>1262.5</ele>
   </trkpt>
   <trkpt lat="4.8051200" lon="-75.7562050">
    <ele>1262.4</ele>
   </trkpt>
   <trkpt lat="4.8051320" lon="-75.7562260">
    <ele>1262.3</ele>
   </trkpt>
   <trkpt lat="4.8051450" lon="-75.7562470">
    <ele>1262.2</ele>
   </trkpt>
   <trkpt lat="4.8051570" lon="-75.7562690">
    <ele>1262.1</ele>
   </trkpt>
   <trkpt lat="4.8051700" lon="-75.7562890">
    <ele>1262.0</ele>
   </trkpt>
   <trkpt lat="4.8051830" lon="-75.7563090">
    <ele>1261.9</ele>
   </trkpt>
   <trkpt lat="4.8051950" lon="-75.7563300">
    <ele>1261.8</ele>
   </trkpt>
   <trkpt lat="4.8052050" lon="-75.7563510">
    <ele>1261.7</ele>
   </trkpt>
   <trkpt lat="4.8052120" lon="-75.7563730">
    <ele>1261.6</ele>
   </trkpt>
   <trkpt lat="4.8052230" lon="-75.7563950">
    <ele>1261.5</ele>
   </trkpt>
   <trkpt lat="4.8052380" lon="-75.7564170">
    <ele>1261.4</ele>
   </trkpt>
   <trkpt lat="4.8052520" lon="-75.7564400">
    <ele>1261.4</ele>
   </trkpt>
   <trkpt lat="4.8052670" lon="-75.7564620">
    <ele>1261.4</ele>
   </trkpt>
   <trkpt lat="4.8052810" lon="-75.7564860">
    <ele>1261.3</ele>
   </trkpt>
   <trkpt lat="4.8052950" lon="-75.7565080">
    <ele>1261.3</ele>
   </trkpt>
   <trkpt lat="4.8053080" lon="-75.7565320">
    <ele>1261.3</ele>
   </trkpt>
   <trkpt lat="4.8053220" lon="-75.7565550">
    <ele>1261.3</ele>
   </trkpt>
   <trkpt lat="4.8053360" lon="-75.7565770">
    <ele>1261.2</ele>
   </trkpt>
   <trkpt lat="4.8053490" lon="-75.7565990">
    <ele>1261.2</ele>
   </trkpt>
   <trkpt lat="4.8053630" lon="-75.7566190">
    <ele>1261.2</ele>
   </trkpt>
   <trkpt lat="4.8053740" lon="-75.7566350">
    <ele>1261.1</ele>
   </trkpt>
   <trkpt lat="4.8053880" lon="-75.7566540">
    <ele>1261.1</ele>
   </trkpt>
   <trkpt lat="4.8054030" lon="-75.7566720">
    <ele>1261.1</ele>
   </trkpt>
   <trkpt lat="4.8054200" lon="-75.7566900">
    <ele>1261.1</ele>
   </trkpt>
   <trkpt lat="4.8054370" lon="-75.7567090">
    <ele>1261.1</ele>
   </trkpt>
   <trkpt lat="4.8054550" lon="-75.7567270">
    <ele>1261.0</ele>
   </trkpt>
   <trkpt lat="4.8054700" lon="-75.7567410">
    <ele>1261.0</ele>
   </trkpt>
   <trkpt lat="4.8054790" lon="-75.7567490">
    <ele>1261.0</ele>
   </trkpt>
   <trkpt lat="4.8054900" lon="-75.7567580">
    <ele>1261.0</ele>
   </trkpt>
   <trkpt lat="4.8055040" lon="-75.7567700">
    <ele>1261.0</ele>
   </trkpt>
   <trkpt lat="4.8055210" lon="-75.7567880">
    <ele>1261.0</ele>
   </trkpt>
   <trkpt lat="4.8055380" lon="-75.7568050">
    <ele>1261.0</ele>
   </trkpt>
   <trkpt lat="4.8055550" lon="-75.7568230">
    <ele>1261.1</ele>
   </trkpt>
   <trkpt lat="4.8055710" lon="-75.7568410">
    <ele>1261.1</ele>
   </trkpt>
   <trkpt lat="4.8055860" lon="-75.7568590">
    <ele>1261.1</ele>
   </trkpt>
   <trkpt lat="4.8056020" lon="-75.7568770">
    <ele>1261.1</ele>
   </trkpt>
   <trkpt lat="4.8056180" lon="-75.7568960">
    <ele>1261.1</ele>
   </trkpt>
   <trkpt lat="4.8056340" lon="-75.7569150">
    <ele>1261.2</ele>
   </trkpt>
   <trkpt lat="4.8056500" lon="-75.7569330">
    <ele>1261.2</ele>
   </trkpt>
   <trkpt lat="4.8056650" lon="-75.7569500">
    <ele>1261.2</ele>
   </trkpt>
   <trkpt lat="4.8056750" lon="-75.7569610">
    <ele>1261.2</ele>
   </trkpt>
   <trkpt lat="4.8056870" lon="-75.7569720">
    <ele>1261.3</ele>
   </trkpt>
   <trkpt lat="4.8057020" lon="-75.7569860">
    <ele>1261.3</ele>
   </trkpt>
   <trkpt lat="4.8057180" lon="-75.7570030">
    <ele>1261.3</ele>
   </trkpt>
   <trkpt lat="4.8057340" lon="-75.7570210">
    <ele>1261.4</ele>
   </trkpt>
   <trkpt lat="4.8057520" lon="-75.7570380">
    <ele>1261.4</ele>
   </trkpt>
   <trkpt lat="4.8057700" lon="-75.7570530">
    <ele>1261.4</ele>
   </trkpt>
   <trkpt lat="4.8057900" lon="-75.7570670">
    <ele>1261.5</ele>
   </trkpt>
   <trkpt lat="4.8058090" lon="-75.7570770">
    <ele>1261.5</ele>
   </trkpt>
   <trkpt lat="4.8058290" lon="-75.7570840">
    <ele>1261.5</ele>
   </trkpt>
   <trkpt lat="4.8058540" lon="-75.7570900">
    <ele>1261.6</ele>
   </trkpt>
   <trkpt lat="4.8058780" lon="-75.7570920">
    <ele>1261.6</ele>
   </trkpt>
   <trkpt lat="4.8059040" lon="-75.7570920">
    <ele>1261.7</ele>
   </trkpt>
   <trkpt lat="4.8059290" lon="-75.7570890">
    <ele>1261.8</ele>
   </trkpt>
   <trkpt lat="4.8059540" lon="-75.7570850">
    <ele>1261.8</ele>
   </trkpt>
   <trkpt lat="4.8059790" lon="-75.7570790">
    <ele>1261.8</ele>
   </trkpt>
   <trkpt lat="4.8060040" lon="-75.7570720">
    <ele>1261.9</ele>
   </trkpt>
   <trkpt lat="4.8060290" lon="-75.7570630">
    <ele>1261.9</ele>
   </trkpt>
   <trkpt lat="4.8060530" lon="-75.7570530">
    <ele>1261.9</ele>
   </trkpt>
   <trkpt lat="4.8060760" lon="-75.7570420">
    <ele>1261.9</ele>
   </trkpt>
   <trkpt lat="4.8060970" lon="-75.7570300">
    <ele>1262.0</ele>
   </trkpt>
   <trkpt lat="4.8061170" lon="-75.7570180">
    <ele>1262.0</ele>
   </trkpt>
   <trkpt lat="4.8061370" lon="-75.7570040">
    <ele>1262.0</ele>
   </trkpt>
   <trkpt lat="4.8061580" lon="-75.7569910">
    <ele>1262.0</ele>
   </trkpt>
   <trkpt lat="4.8061780" lon="-75.7569770">
    <ele>1262.0</ele>
   </trkpt>
   <trkpt lat="4.8061980" lon="-75.7569640">
    <ele>1262.0</ele>
   </trkpt>
   <trkpt lat="4.8062170" lon="-75.7569510">
    <ele>1262.0</ele>
   </trkpt>
   <trkpt lat="4.8062360" lon="-75.7569380">
    <ele>1262.0</ele>
   </trkpt>
   <trkpt lat="4.8062550" lon="-75.7569250">
    <ele>1262.0</ele>
   </trkpt>
   <trkpt lat="4.8062740" lon="-75.7569120">
    <ele>1262.0</ele>
   </trkpt>
   <trkpt lat="4.8062930" lon="-75.7568970">
    <ele>1262.0</ele>
   </trkpt>
   <trkpt lat="4.8063130" lon="-75.7568810">
    <ele>1262.0</ele>
   </trkpt>
   <trkpt lat="4.8063330" lon="-75.7568630">
    <ele>1262.0</ele>
   </trkpt>
   <trkpt lat="4.8063530" lon="-75.7568450">
    <ele>1262.0</ele>
   </trkpt>
   <trkpt lat="4.8063730" lon="-75.7568260">
    <ele>1262.0</ele>
   </trkpt>
   <trkpt lat="4.8063920" lon="-75.7568070">
    <ele>1262.0</ele>
   </trkpt>
   <trkpt lat="4.8064110" lon="-75.7567890">
    <ele>1262.0</ele>
   </trkpt>
   <trkpt lat="4.8064290" lon="-75.7567730">
    <ele>1262.0</ele>
   </trkpt>
   <trkpt lat="4.8064440" lon="-75.7567600">
    <ele>1262.0</ele>
   </trkpt>
   <trkpt lat="4.8064600" lon="-75.7567470">
    <ele>1262.1</ele>
   </trkpt>
   <trkpt lat="4.8064790" lon="-75.7567320">
    <ele>1262.2</ele>
   </trkpt>
   <trkpt lat="4.8064990" lon="-75.7567160">
    <ele>1262.2</ele>
   </trkpt>
   <trkpt lat="4.8065150" lon="-75.7567040">
    <ele>1262.3</ele>
   </trkpt>
   <trkpt lat="4.8065290" lon="-75.7566950">
    <ele>1262.3</ele>
   </trkpt>
   <trkpt lat="4.8065480" lon="-75.7566830">
    <ele>1262.4</ele>
   </trkpt>
   <trkpt lat="4.8065690" lon="-75.7566710">
    <ele>1262.4</ele>
   </trkpt>
   <trkpt lat="4.8065860" lon="-75.7566590">
    <ele>1262.5</ele>
   </trkpt>
   <trkpt lat="4.8066010" lon="-75.7566420">
    <ele>1262.6</ele>
   </trkpt>
   <trkpt lat="4.8066150" lon="-75.7566250">
    <ele>1262.6</ele>
   </trkpt>
   <trkpt lat="4.8066290" lon="-75.7566080">
    <ele>1262.7</ele>
   </trkpt>
   <trkpt lat="4.8066420" lon="-75.7565920">
    <ele>1262.7</ele>
   </trkpt>
   <trkpt lat="4.8066570" lon="-75.7565780">
    <ele>1262.8</ele>
   </trkpt>
   <trkpt lat="4.8066720" lon="-75.7565660">
    <ele>1262.8</ele>
   </trkpt>
   <trkpt lat="4.8066870" lon="-75.7565550">
    <ele>1262.9</ele>
   </trkpt>
   <trkpt lat="4.8067010" lon="-75.7565430">
    <ele>1263.0</ele>
   </trkpt>
   <trkpt lat="4.8067130" lon="-75.7565300">
    <ele>1263.0</ele>
   </trkpt>
   <trkpt lat="4.8067260" lon="-75.7565160">
    <ele>1263.1</ele>
   </trkpt>
   <trkpt lat="4.8067380" lon="-75.7565030">
    <ele>1263.1</ele>
   </trkpt>
   <trkpt lat="4.8067520" lon="-75.7564900">
    <ele>1263.2</ele>
   </trkpt>
   <trkpt lat="4.8067680" lon="-75.7564780">
    <ele>1263.3</ele>
   </trkpt>
   <trkpt lat="4.8067850" lon="-75.7564660">
    <ele>1263.3</ele>
   </trkpt>
   <trkpt lat="4.8068020" lon="-75.7564540">
    <ele>1263.4</ele>
   </trkpt>
   <trkpt lat="4.8068170" lon="-75.7564420">
    <ele>1263.5</ele>
   </trkpt>
   <trkpt lat="4.8068320" lon="-75.7564300">
    <ele>1263.6</ele>
   </trkpt>
   <trkpt lat="4.8068460" lon="-75.7564170">
    <ele>1263.7</ele>
   </trkpt>
   <trkpt lat="4.8068590" lon="-75.7564030">
    <ele>1263.7</ele>
   </trkpt>
   <trkpt lat="4.8068730" lon="-75.7563890">
    <ele>1263.8</ele>
   </trkpt>
   <trkpt lat="4.8068860" lon="-75.7563780">
    <ele>1263.9</ele>
   </trkpt>
   <trkpt lat="4.8069020" lon="-75.7563670">
    <ele>1264.0</ele>
   </trkpt>
   <trkpt lat="4.8069170" lon="-75.7563560">
    <ele>1264.1</ele>
   </trkpt>
   <trkpt lat="4.8069310" lon="-75.7563470">
    <ele>1264.2</ele>
   </trkpt>
   <trkpt lat="4.8069470" lon="-75.7563350">
    <ele>1264.3</ele>
   </trkpt>
   <trkpt lat="4.8069630" lon="-75.7563250">
    <ele>1264.4</ele>
   </trkpt>
   <trkpt lat="4.8069770" lon="-75.7563150">
    <ele>1264.4</ele>
   </trkpt>
   <trkpt lat="4.8069920" lon="-75.7563060">
    <ele>1264.5</ele>
   </trkpt>
   <trkpt lat="4.8070080" lon="-75.7562980">
    <ele>1264.6</ele>
   </trkpt>
   <trkpt lat="4.8070230" lon="-75.7562890">
    <ele>1264.7</ele>
   </trkpt>
   <trkpt lat="4.8070370" lon="-75.7562800">
    <ele>1264.8</ele>
   </trkpt>
   <trkpt lat="4.8070550" lon="-75.7562680">
    <ele>1264.9</ele>
   </trkpt>
   <trkpt lat="4.8070730" lon="-75.7562560">
    <ele>1265.0</ele>
   </trkpt>
   <trkpt lat="4.8070850" lon="-75.7562450">
    <ele>1265.1</ele>
   </trkpt>
   <trkpt lat="4.8070950" lon="-75.7562350">
    <ele>1265.2</ele>
   </trkpt>
   <trkpt lat="4.8071080" lon="-75.7562220">
    <ele>1265.3</ele>
   </trkpt>
   <trkpt lat="4.8071230" lon="-75.7562070">
    <ele>1265.4</ele>
   </trkpt>
   <trkpt lat="4.8071370" lon="-75.7561920">
    <ele>1265.5</ele>
   </trkpt>
   <trkpt lat="4.8071490" lon="-75.7561780">
    <ele>1265.6</ele>
   </trkpt>
   <trkpt lat="4.8071620" lon="-75.7561640">
    <ele>1265.7</ele>
   </trkpt>
   <trkpt lat="4.8071750" lon="-75.7561500">
    <ele>1265.8</ele>
   </trkpt>
   <trkpt lat="4.8071850" lon="-75.7561390">
    <ele>1265.9</ele>
   </trkpt>
   <trkpt lat="4.8071990" lon="-75.7561270">
    <ele>1266.0</ele>
   </trkpt>
   <trkpt lat="4.8072160" lon="-75.7561110">
    <ele>1266.1</ele>
   </trkpt>
   <trkpt lat="4.8072340" lon="-75.7560960">
    <ele>1266.3</ele>
   </trkpt>
   <trkpt lat="4.8072500" lon="-75.7560840">
    <ele>1266.3</ele>
   </trkpt>
   <trkpt lat="4.8072690" lon="-75.7560690">
    <ele>1266.3</ele>
   </trkpt>
   <trkpt lat="4.8072860" lon="-75.7560550">
    <ele>1266.3</ele>
   </trkpt>
   <trkpt lat="4.8073020" lon="-75.7560400">
    <ele>1266.3</ele>
   </trkpt>
   <trkpt lat="4.8073170" lon="-75.7560260">
    <ele>1266.3</ele>
   </trkpt>
   <trkpt lat="4.8073300" lon="-75.7560120">
    <ele>1266.3</ele>
   </trkpt>
   <trkpt lat="4.8073440" lon="-75.7559990">
    <ele>1266.2</ele>
   </trkpt>
   <trkpt lat="4.8073590" lon="-75.7559870">
    <ele>1266.2</ele>
   </trkpt>
   <trkpt lat="4.8073740" lon="-75.7559780">
    <ele>1266.2</ele>
   </trkpt>
   <trkpt lat="4.8073870" lon="-75.7559730">
    <ele>1266.2</ele>
   </trkpt>
   <trkpt lat="4.8074040" lon="-75.7559680">
    <ele>1266.1</ele>
   </trkpt>
   <trkpt lat="4.8074200" lon="-75.7559640">
    <ele>1266.1</ele>
   </trkpt>
   <trkpt lat="4.8074350" lon="-75.7559620">
    <ele>1266.0</ele>
   </trkpt>
   <trkpt lat="4.8074500" lon="-75.7559610">
    <ele>1266.0</ele>
   </trkpt>
   <trkpt lat="4.8074660" lon="-75.7559620">
    <ele>1265.9</ele>
   </trkpt>
   <trkpt lat="4.8074830" lon="-75.7559640">
    <ele>1265.8</ele>
   </trkpt>
   <trkpt lat="4.8074990" lon="-75.7559680">
    <ele>1265.8</ele>
   </trkpt>
   <trkpt lat="4.8075160" lon="-75.7559710">
    <ele>1265.7</ele>
   </trkpt>
   <trkpt lat="4.8075310" lon="-75.7559730">
    <ele>1265.6</ele>
   </trkpt>
   <trkpt lat="4.8075510" lon="-75.7559760">
    <ele>1265.5</ele>
   </trkpt>
   <trkpt lat="4.8075720" lon="-75.7559790">
    <ele>1265.4</ele>
   </trkpt>
   <trkpt lat="4.8075930" lon="-75.7559840">
    <ele>1265.3</ele>
   </trkpt>
   <trkpt lat="4.8076120" lon="-75.7559890">
    <ele>1265.2</ele>
   </trkpt>
   <trkpt lat="4.8076320" lon="-75.7559930">
    <ele>1265.1</ele>
   </trkpt>
   <trkpt lat="4.8076520" lon="-75.7559940">
    <ele>1264.9</ele>
   </trkpt>
   <trkpt lat="4.8076700" lon="-75.7559920">
    <ele>1264.9</ele>
   </trkpt>
   <trkpt lat="4.8076910" lon="-75.7559890">
    <ele>1264.8</ele>
   </trkpt>
   <trkpt lat="4.8077110" lon="-75.7559860">
    <ele>1264.8</ele>
   </trkpt>
   <trkpt lat="4.8077290" lon="-75.7559830">
    <ele>1264.7</ele>
   </trkpt>
   <trkpt lat="4.8077460" lon="-75.7559800">
    <ele>1264.6</ele>
   </trkpt>
   <trkpt lat="4.8077620" lon="-75.7559760">
    <ele>1264.6</ele>
   </trkpt>
   <trkpt lat="4.8077770" lon="-75.7559710">
    <ele>1264.6</ele>
   </trkpt>
   <trkpt lat="4.8077900" lon="-75.7559640">
    <ele>1264.6</ele>
   </trkpt>
   <trkpt lat="4.8078040" lon="-75.7559560">
    <ele>1264.6</ele>
   </trkpt>
   <trkpt lat="4.8078160" lon="-75.7559470">
    <ele>1264.6</ele>
   </trkpt>
   <trkpt lat="4.8078300" lon="-75.7559390">
    <ele>1264.6</ele>
   </trkpt>
   <trkpt lat="4.8078410" lon="-75.7559310">
    <ele>1264.5</ele>
   </trkpt>
   <trkpt lat="4.8078570" lon="-75.7559220">
    <ele>1264.5</ele>
   </trkpt>
   <trkpt lat="4.8078730" lon="-75.7559120">
    <ele>1264.5</ele>
   </trkpt>
   <trkpt lat="4.8078880" lon="-75.7559030">
    <ele>1264.6</ele>
   </trkpt>
   <trkpt lat="4.8079030" lon="-75.7558940">
    <ele>1264.8</ele>
   </trkpt>
   <trkpt lat="4.8079170" lon="-75.7558870">
    <ele>1265.1</ele>
   </trkpt>
   <trkpt lat="4.8079300" lon="-75.7558810">
    <ele>1265.3</ele>
   </trkpt>
   <trkpt lat="4.8079400" lon="-75.7558750">
    <ele>1265.5</ele>
   </trkpt>
   <trkpt lat="4.8079510" lon="-75.7558680">
    <ele>1265.7</ele>
   </trkpt>
   <trkpt lat="4.8079640" lon="-75.7558610">
    <ele>1265.9</ele>
   </trkpt>
   <trkpt lat="4.8079810" lon="-75.7558540">
    <ele>1266.2</ele>
   </trkpt>
   <trkpt lat="4.8079960" lon="-75.7558490">
    <ele>1266.5</ele>
   </trkpt>
   <trkpt lat="4.8080080" lon="-75.7558450">
    <ele>1266.7</ele>
   </trkpt>
   <trkpt lat="4.8080220" lon="-75.7558400">
    <ele>1266.9</ele>
   </trkpt>
   <trkpt lat="4.8080350" lon="-75.7558330">
    <ele>1267.2</ele>
   </trkpt>
   <trkpt lat="4.8080470" lon="-75.7558250">
    <ele>1267.4</ele>
   </trkpt>
   <trkpt lat="4.8080600" lon="-75.7558170">
    <ele>1267.7</ele>
   </trkpt>
   <trkpt lat="4.8080740" lon="-75.7558060">
    <ele>1268.0</ele>
   </trkpt>
   <trkpt lat="4.8080880" lon="-75.7557960">
    <ele>1268.3</ele>
   </trkpt>
   <trkpt lat="4.8080990" lon="-75.7557880">
    <ele>1268.5</ele>
   </trkpt>
   <trkpt lat="4.8081130" lon="-75.7557780">
    <ele>1268.8</ele>
   </trkpt>
   <trkpt lat="4.8081270" lon="-75.7557690">
    <ele>1269.1</ele>
   </trkpt>
   <trkpt lat="4.8081420" lon="-75.7557610">
    <ele>1269.4</ele>
   </trkpt>
   <trkpt lat="4.8081570" lon="-75.7557530">
    <ele>1269.7</ele>
   </trkpt>
   <trkpt lat="4.8081710" lon="-75.7557450">
    <ele>1270.0</ele>
   </trkpt>
   <trkpt lat="4.8081860" lon="-75.7557370">
    <ele>1270.3</ele>
   </trkpt>
   <trkpt lat="4.8082010" lon="-75.7557310">
    <ele>1270.6</ele>
   </trkpt>
   <trkpt lat="4.8082160" lon="-75.7557260">
    <ele>1270.8</ele>
   </trkpt>
   <trkpt lat="4.8082280" lon="-75.7557230">
    <ele>1271.1</ele>
   </trkpt>
   <trkpt lat="4.8082440" lon="-75.7557170">
    <ele>1271.3</ele>
   </trkpt>
   <trkpt lat="4.8082590" lon="-75.7557110">
    <ele>1271.6</ele>
   </trkpt>
   <trkpt lat="4.8082730" lon="-75.7557040">
    <ele>1271.9</ele>
   </trkpt>
   <trkpt lat="4.8082870" lon="-75.7556970">
    <ele>1272.2</ele>
   </trkpt>
   <trkpt lat="4.8083010" lon="-75.7556900">
    <ele>1272.4</ele>
   </trkpt>
   <trkpt lat="4.8083150" lon="-75.7556840">
    <ele>1272.7</ele>
   </trkpt>
   <trkpt lat="4.8083270" lon="-75.7556790">
    <ele>1272.9</ele>
   </trkpt>
   <trkpt lat="4.8083420" lon="-75.7556730">
    <ele>1273.2</ele>
   </trkpt>
   <trkpt lat="4.8083570" lon="-75.7556670">
    <ele>1273.4</ele>
   </trkpt>
   <trkpt lat="4.8083700" lon="-75.7556620">
    <ele>1273.7</ele>
   </trkpt>
   <trkpt lat="4.8083840" lon="-75.7556560">
    <ele>1273.9</ele>
   </trkpt>
   <trkpt lat="4.8084010" lon="-75.7556500">
    <ele>1274.2</ele>
   </trkpt>
   <trkpt lat="4.8084160" lon="-75.7556430">
    <ele>1274.4</ele>
   </trkpt>
   <trkpt lat="4.8084310" lon="-75.7556380">
    <ele>1274.7</ele>
   </trkpt>
   <trkpt lat="4.8084450" lon="-75.7556320">
    <ele>1274.9</ele>
   </trkpt>
   <trkpt lat="4.8084590" lon="-75.7556240">
    <ele>1275.2</ele>
   </trkpt>
   <trkpt lat="4.8084710" lon="-75.7556160">
    <ele>1275.4</ele>
   </trkpt>
   <trkpt lat="4.8084800" lon="-75.7556190">
    <ele>1275.6</ele>
   </trkpt>
   <trkpt lat="4.8084900" lon="-75.7556320">
    <ele>1275.6</ele>
   </trkpt>
   <trkpt lat="4.8085020" lon="-75.7556480">
    <ele>1275.8</ele>
   </trkpt>
   <trkpt lat="4.8085130" lon="-75.7556620">
    <ele>1275.9</ele>
   </trkpt>
   <trkpt lat="4.8085220" lon="-75.7556730">
    <ele>1275.9</ele>
   </trkpt>
   <trkpt lat="4.8085350" lon="-75.7556880">
    <ele>1276.0</ele>
   </trkpt>
   <trkpt lat="4.8085460" lon="-75.7557020">
    <ele>1276.1</ele>
   </trkpt>
   <trkpt lat="4.8085580" lon="-75.7557170">
    <ele>1276.2</ele>
   </trkpt>
   <trkpt lat="4.8085700" lon="-75.7557310">
    <ele>1276.3</ele>
   </trkpt>
   <trkpt lat="4.8085810" lon="-75.7557450">
    <ele>1276.3</ele>
   </trkpt>
   <trkpt lat="4.8085920" lon="-75.7557600">
    <ele>1276.4</ele>
   </trkpt>
   <trkpt lat="4.8086040" lon="-75.7557730">
    <ele>1276.5</ele>
   </trkpt>
   <trkpt lat="4.8086140" lon="-75.7557860">
    <ele>1276.5</ele>
   </trkpt>
   <trkpt lat="4.8086220" lon="-75.7557950">
    <ele>1276.5</ele>
   </trkpt>
   <trkpt lat="4.8086340" lon="-75.7558090">
    <ele>1276.6</ele>
   </trkpt>
   <trkpt lat="4.8086450" lon="-75.7558220">
    <ele>1276.6</ele>
   </trkpt>
   <trkpt lat="4.8086560" lon="-75.7558360">
    <ele>1276.7</ele>
   </trkpt>
   <trkpt lat="4.8086680" lon="-75.7558510">
    <ele>1276.7</ele>
   </trkpt>
   <trkpt lat="4.8086790" lon="-75.7558660">
    <ele>1276.7</ele>
   </trkpt>
   <trkpt lat="4.8086900" lon="-75.7558810">
    <ele>1276.8</ele>
   </trkpt>
   <trkpt lat="4.8087010" lon="-75.7558960">
    <ele>1276.8</ele>
   </trkpt>
   <trkpt lat="4.8087120" lon="-75.7559120">
    <ele>1276.9</ele>
   </trkpt>
   <trkpt lat="4.8087230" lon="-75.7559270">
    <ele>1276.9</ele>
   </trkpt>
   <trkpt lat="4.8087340" lon="-75.7559430">
    <ele>1276.9</ele>
   </trkpt>
   <trkpt lat="4.8087440" lon="-75.7559590">
    <ele>1277.0</ele>
   </trkpt>
   <trkpt lat="4.8087540" lon="-75.7559730">
    <ele>1277.0</ele>
   </trkpt>
   <trkpt lat="4.8087610" lon="-75.7559840">
    <ele>1277.0</ele>
   </trkpt>
   <trkpt lat="4.8087720" lon="-75.7560010">
    <ele>1277.1</ele>
   </trkpt>
   <trkpt lat="4.8087830" lon="-75.7560170">
    <ele>1277.1</ele>
   </trkpt>
   <trkpt lat="4.8087950" lon="-75.7560370">
    <ele>1277.2</ele>
   </trkpt>
   <trkpt lat="4.8088100" lon="-75.7560610">
    <ele>1277.2</ele>
   </trkpt>
   <trkpt lat="4.8088220" lon="-75.7560780">
    <ele>1277.2</ele>
   </trkpt>
   <trkpt lat="4.8088320" lon="-75.7560940">
    <ele>1277.3</ele>
   </trkpt>
   <trkpt lat="4.8088420" lon="-75.7561100">
    <ele>1277.3</ele>
   </trkpt>
   <trkpt lat="4.8088500" lon="-75.7561230">
    <ele>1277.4</ele>
   </trkpt>
   <trkpt lat="4.8088610" lon="-75.7561420">
    <ele>1277.4</ele>
   </trkpt>
   <trkpt lat="4.8088710" lon="-75.7561610">
    <ele>1277.5</ele>
   </trkpt>
   <trkpt lat="4.8088810" lon="-75.7561800">
    <ele>1277.5</ele>
   </trkpt>
   <trkpt lat="4.8088900" lon="-75.7561980">
    <ele>1277.6</ele>
   </trkpt>
   <trkpt lat="4.8088990" lon="-75.7562160">
    <ele>1277.6</ele>
   </trkpt>
   <trkpt lat="4.8089070" lon="-75.7562340">
    <ele>1277.6</ele>
   </trkpt>
   <trkpt lat="4.8089130" lon="-75.7562490">
    <ele>1277.7</ele>
   </trkpt>
   <trkpt lat="4.8089210" lon="-75.7562690">
    <ele>1277.7</ele>
   </trkpt>
   <trkpt lat="4.8089300" lon="-75.7562890">
    <ele>1277.8</ele>
   </trkpt>
   <trkpt lat="4.8089380" lon="-75.7563090">
    <ele>1277.8</ele>
   </trkpt>
   <trkpt lat="4.8089460" lon="-75.7563280">
    <ele>1277.8</ele>
   </trkpt>
   <trkpt lat="4.8089510" lon="-75.7563430">
    <ele>1277.9</ele>
   </trkpt>
   <trkpt lat="4.8089590" lon="-75.7563620">
    <ele>1277.9</ele>
   </trkpt>
   <trkpt lat="4.8089660" lon="-75.7563800">
    <ele>1277.9</ele>
   </trkpt>
   <trkpt lat="4.8089730" lon="-75.7563950">
    <ele>1277.9</ele>
   </trkpt>
   <trkpt lat="4.8089820" lon="-75.7564160">
    <ele>1278.0</ele>
   </trkpt>
   <trkpt lat="4.8089920" lon="-75.7564370">
    <ele>1278.0</ele>
   </trkpt>
   <trkpt lat="4.8090010" lon="-75.7564580">
    <ele>1278.0</ele>
   </trkpt>
   <trkpt lat="4.8090110" lon="-75.7564790">
    <ele>1278.0</ele>
   </trkpt>
   <trkpt lat="4.8090200" lon="-75.7564990">
    <ele>1278.1</ele>
   </trkpt>
   <trkpt lat="4.8090280" lon="-75.7565170">
    <ele>1278.1</ele>
   </trkpt>
   <trkpt lat="4.8090340" lon="-75.7565300">
    <ele>1278.1</ele>
   </trkpt>
   <trkpt lat="4.8090400" lon="-75.7565450">
    <ele>1278.1</ele>
   </trkpt>
   <trkpt lat="4.8090470" lon="-75.7565610">
    <ele>1278.1</ele>
   </trkpt>
   <trkpt lat="4.8090560" lon="-75.7565840">
    <ele>1278.2</ele>
   </trkpt>
   <trkpt lat="4.8090670" lon="-75.7566090">
    <ele>1278.2</ele>
   </trkpt>
   <trkpt lat="4.8090760" lon="-75.7566320">
    <ele>1278.2</ele>
   </trkpt>
   <trkpt lat="4.8090850" lon="-75.7566550">
    <ele>1278.2</ele>
   </trkpt>
   <trkpt lat="4.8090900" lon="-75.7566750">
    <ele>1278.2</ele>
   </trkpt>
   <trkpt lat="4.8090930" lon="-75.7567010">
    <ele>1278.3</ele>
   </trkpt>
   <trkpt lat="4.8090920" lon="-75.7567260">
    <ele>1278.3</ele>
   </trkpt>
   <trkpt lat="4.8090900" lon="-75.7567480">
    <ele>1278.2</ele>
   </trkpt>
   <trkpt lat="4.8090870" lon="-75.7567670">
    <ele>1278.2</ele>
   </trkpt>
   <trkpt lat="4.8090840" lon="-75.7567910">
    <ele>1278.2</ele>
   </trkpt>
   <trkpt lat="4.8090780" lon="-75.7568160">
    <ele>1278.2</ele>
   </trkpt>
   <trkpt lat="4.8090700" lon="-75.7568380">
    <ele>1278.2</ele>
   </trkpt>
   <trkpt lat="4.8090590" lon="-75.7568600">
    <ele>1278.1</ele>
   </trkpt>
   <trkpt lat="4.8090460" lon="-75.7568810">
    <ele>1278.0</ele>
   </trkpt>
   <trkpt lat="4.8090340" lon="-75.7568990">
    <ele>1277.9</ele>
   </trkpt>
   <trkpt lat="4.8090220" lon="-75.7569160">
    <ele>1277.8</ele>
   </trkpt>
   <trkpt lat="4.8090070" lon="-75.7569350">
    <ele>1277.7</ele>
   </trkpt>
   <trkpt lat="4.8089930" lon="-75.7569500">
    <ele>1277.6</ele>
   </trkpt>
   <trkpt lat="4.8089760" lon="-75.7569660">
    <ele>1277.5</ele>
   </trkpt>
   <trkpt lat="4.8089580" lon="-75.7569810">
    <ele>1277.4</ele>
   </trkpt>
   <trkpt lat="4.8089400" lon="-75.7569940">
    <ele>1277.3</ele>
   </trkpt>
   <trkpt lat="4.8089190" lon="-75.7570060">
    <ele>1277.2</ele>
   </trkpt>
   <trkpt lat="4.8088970" lon="-75.7570190">
    <ele>1277.1</ele>
   </trkpt>
   <trkpt lat="4.8088750" lon="-75.7570320">
    <ele>1276.9</ele>
   </trkpt>
   <trkpt lat="4.8088530" lon="-75.7570440">
    <ele>1276.8</ele>
   </trkpt>
   <trkpt lat="4.8088340" lon="-75.7570550">
    <ele>1276.6</ele>
   </trkpt>
   <trkpt lat="4.8088190" lon="-75.7570630">
    <ele>1276.5</ele>
   </trkpt>
   <trkpt lat="4.8087980" lon="-75.7570750">
    <ele>1276.3</ele>
   </trkpt>
   <trkpt lat="4.8087780" lon="-75.7570860">
    <ele>1276.1</ele>
   </trkpt>
   <trkpt lat="4.8087620" lon="-75.7570940">
    <ele>1275.9</ele>
   </trkpt>
   <trkpt lat="4.8087420" lon="-75.7571050">
    <ele>1275.7</ele>
   </trkpt>
   <trkpt lat="4.8087230" lon="-75.7571150">
    <ele>1275.4</ele>
   </trkpt>
   <trkpt lat="4.8087100" lon="-75.7571220">
    <ele>1275.3</ele>
   </trkpt>
   <trkpt lat="4.8086900" lon="-75.7571330">
    <ele>1275.0</ele>
   </trkpt>
   <trkpt lat="4.8086690" lon="-75.7571430">
    <ele>1274.7</ele>
   </trkpt>
   <trkpt lat="4.8086490" lon="-75.7571540">
    <ele>1274.4</ele>
   </trkpt>
   <trkpt lat="4.8086290" lon="-75.7571650">
    <ele>1274.1</ele>
   </trkpt>
   <trkpt lat="4.8086100" lon="-75.7571750">
    <ele>1273.8</ele>
   </trkpt>
   <trkpt lat="4.8085910" lon="-75.7571850">
    <ele>1273.5</ele>
   </trkpt>
   <trkpt lat="4.8085770" lon="-75.7571930">
    <ele>1273.3</ele>
   </trkpt>
   <trkpt lat="4.8085580" lon="-75.7572030">
    <ele>1273.0</ele>
   </trkpt>
   <trkpt lat="4.8085400" lon="-75.7572140">
    <ele>1272.7</ele>
   </trkpt>
   <trkpt lat="4.8085220" lon="-75.7572250">
    <ele>1272.4</ele>
   </trkpt>
   <trkpt lat="4.8085040" lon="-75.7572360">
    <ele>1272.1</ele>
   </trkpt>
   <trkpt lat="4.8084870" lon="-75.7572470">
    <ele>1272.0</ele>
   </trkpt>
   <trkpt lat="4.8084720" lon="-75.7572580">
    <ele>1271.9</ele>
   </trkpt>
   <trkpt lat="4.8084610" lon="-75.7572670">
    <ele>1271.9</ele>
   </trkpt>
   <trkpt lat="4.8084450" lon="-75.7572790">
    <ele>1271.8</ele>
   </trkpt>
   <trkpt lat="4.8084280" lon="-75.7572910">
    <ele>1271.6</ele>
   </trkpt>
   <trkpt lat="4.8084160" lon="-75.7573010">
    <ele>1271.4</ele>
   </trkpt>
   <trkpt lat="4.8083980" lon="-75.7573140">
    <ele>1271.1</ele>
   </trkpt>
   <trkpt lat="4.8083800" lon="-75.7573270">
    <ele>1270.8</ele>
   </trkpt>
   <trkpt lat="4.8083620" lon="-75.7573400">
    <ele>1270.5</ele>
   </trkpt>
   <trkpt lat="4.8083450" lon="-75.7573530">
    <ele>1270.2</ele>
   </trkpt>
   <trkpt lat="4.8083320" lon="-75.7573620">
    <ele>1270.0</ele>
   </trkpt>
   <trkpt lat="4.8083180" lon="-75.7573730">
    <ele>1269.8</ele>
   </trkpt>
   <trkpt lat="4.8083100" lon="-75.7573830">
    <ele>1269.7</ele>
   </trkpt>
   <trkpt lat="4.8083060" lon="-75.7573910">
    <ele>1269.6</ele>
   </trkpt>
   <trkpt lat="4.8082970" lon="-75.7574000">
    <ele>1269.4</ele>
   </trkpt>
   <trkpt lat="4.8082840" lon="-75.7574120">
    <ele>1269.2</ele>
   </trkpt>
   <trkpt lat="4.8082690" lon="-75.7574210">
    <ele>1269.0</ele>
   </trkpt>
   <trkpt lat="4.8082550" lon="-75.7574260">
    <ele>1268.8</ele>
   </trkpt>
   <trkpt lat="4.8082400" lon="-75.7574320">
    <ele>1268.7</ele>
   </trkpt>
   <trkpt lat="4.8082260" lon="-75.7574390">
    <ele>1268.5</ele>
   </trkpt>
   <trkpt lat="4.8082120" lon="-75.7574470">
    <ele>1268.3</ele>
   </trkpt>
   <trkpt lat="4.8081970" lon="-75.7574570">
    <ele>1268.1</ele>
   </trkpt>
   <trkpt lat="4.8081780" lon="-75.7574690">
    <ele>1267.9</ele>
   </trkpt>
   <trkpt lat="4.8081600" lon="-75.7574810">
    <ele>1267.7</ele>
   </trkpt>
   <trkpt lat="4.8081430" lon="-75.7574900">
    <ele>1267.5</ele>
   </trkpt>
   <trkpt lat="4.8081240" lon="-75.7574990">
    <ele>1267.3</ele>
   </trkpt>
   <trkpt lat="4.8081060" lon="-75.7575060">
    <ele>1267.1</ele>
   </trkpt>
   <trkpt lat="4.8080830" lon="-75.7575140">
    <ele>1266.8</ele>
   </trkpt>
   <trkpt lat="4.8080610" lon="-75.7575200">
    <ele>1266.6</ele>
   </trkpt>
   <trkpt lat="4.8080430" lon="-75.7575250">
    <ele>1266.5</ele>
   </trkpt>
   <trkpt lat="4.8080230" lon="-75.7575330">
    <ele>1266.3</ele>
   </trkpt>
   <trkpt lat="4.8080040" lon="-75.7575410">
    <ele>1266.1</ele>
   </trkpt>
   <trkpt lat="4.8079830" lon="-75.7575490">
    <ele>1265.9</ele>
   </trkpt>
   <trkpt lat="4.8079610" lon="-75.7575580">
    <ele>1265.7</ele>
   </trkpt>
   <trkpt lat="4.8079370" lon="-75.7575680">
    <ele>1265.5</ele>
   </trkpt>
   <trkpt lat="4.8079130" lon="-75.7575800">
    <ele>1265.3</ele>
   </trkpt>
   <trkpt lat="4.8078910" lon="-75.7575950">
    <ele>1265.1</ele>
   </trkpt>
   <trkpt lat="4.8078700" lon="-75.7576090">
    <ele>1264.9</ele>
   </trkpt>
   <trkpt lat="4.8078480" lon="-75.7576220">
    <ele>1264.7</ele>
   </trkpt>
   <trkpt lat="4.8078250" lon="-75.7576330">
    <ele>1264.6</ele>
   </trkpt>
   <trkpt lat="4.8078040" lon="-75.7576440">
    <ele>1264.4</ele>
   </trkpt>
   <trkpt lat="4.8077840" lon="-75.7576550">
    <ele>1264.3</ele>
   </trkpt>
   <trkpt lat="4.8077670" lon="-75.7576680">
    <ele>1264.2</ele>
   </trkpt>
   <trkpt lat="4.8077510" lon="-75.7576820">
    <ele>1264.0</ele>
   </trkpt>
   <trkpt lat="4.8077400" lon="-75.7576970">
    <ele>1263.9</ele>
   </trkpt>
   <trkpt lat="4.8077370" lon="-75.7577140">
    <ele>1263.8</ele>
   </trkpt>
   <trkpt lat="4.8077410" lon="-75.7577290">
    <ele>1263.8</ele>
   </trkpt>
   <trkpt lat="4.8077460" lon="-75.7577480">
    <ele>1263.6</ele>
   </trkpt>
   <trkpt lat="4.8077530" lon="-75.7577730">
    <ele>1263.5</ele>
   </trkpt>
   <trkpt lat="4.8077600" lon="-75.7577990">
    <ele>1263.4</ele>
   </trkpt>
   <trkpt lat="4.8077680" lon="-75.7578240">
    <ele>1263.2</ele>
   </trkpt>
   <trkpt lat="4.8077760" lon="-75.7578500">
    <ele>1263.1</ele>
   </trkpt>
   <trkpt lat="4.8077850" lon="-75.7578770">
    <ele>1262.9</ele>
   </trkpt>
   <trkpt lat="4.8077930" lon="-75.7579040">
    <ele>1262.8</ele>
   </trkpt>
   <trkpt lat="4.8078020" lon="-75.7579320">
    <ele>1262.6</ele>
   </trkpt>
   <trkpt lat="4.8078120" lon="-75.7579600">
    <ele>1262.4</ele>
   </trkpt>
   <trkpt lat="4.8078210" lon="-75.7579880">
    <ele>1262.3</ele>
   </trkpt>
   <trkpt lat="4.8078310" lon="-75.7580150">
    <ele>1262.1</ele>
   </trkpt>
   <trkpt lat="4.8078400" lon="-75.7580420">
    <ele>1262.0</ele>
   </trkpt>
   <trkpt lat="4.8078500" lon="-75.7580680">
    <ele>1261.8</ele>
   </trkpt>
   <trkpt lat="4.8078590" lon="-75.7580940">
    <ele>1261.7</ele>
   </trkpt>
   <trkpt lat="4.8078680" lon="-75.7581200">
    <ele>1261.5</ele>
   </trkpt>
   <trkpt lat="4.8078770" lon="-75.7581450">
    <ele>1261.4</ele>
   </trkpt>
   <trkpt lat="4.8078850" lon="-75.7581700">
    <ele>1261.2</ele>
   </trkpt>
   <trkpt lat="4.8078940" lon="-75.7581950">
    <ele>1261.1</ele>
   </trkpt>
   <trkpt lat="4.8079020" lon="-75.7582210">
    <ele>1261.0</ele>
   </trkpt>
   <trkpt lat="4.8079110" lon="-75.7582470">
    <ele>1260.9</ele>
   </trkpt>
   <trkpt lat="4.8079190" lon="-75.7582740">
    <ele>1260.8</ele>
   </trkpt>
   <trkpt lat="4.8079280" lon="-75.7583010">
    <ele>1260.6</ele>
   </trkpt>
   <trkpt lat="4.8079360" lon="-75.7583290">
    <ele>1260.5</ele>
   </trkpt>
   <trkpt lat="4.8079440" lon="-75.7583560">
    <ele>1260.4</ele>
   </trkpt>
   <trkpt lat="4.8079520" lon="-75.7583810">
    <ele>1260.2</ele>
   </trkpt>
   <trkpt lat="4.8079590" lon="-75.7584070">
    <ele>1259.9</ele>
   </trkpt>
   <trkpt lat="4.8079660" lon="-75.7584310">
    <ele>1259.7</ele>
   </trkpt>
   <trkpt lat="4.8079730" lon="-75.7584560">
    <ele>1259.4</ele>
   </trkpt>
   <trkpt lat="4.8079800" lon="-75.7584790">
    <ele>1259.2</ele>
   </trkpt>
   <trkpt lat="4.8079860" lon="-75.7585020">
    <ele>1259.0</ele>
   </trkpt>
   <trkpt lat="4.8079920" lon="-75.7585230">
    <ele>1258.8</ele>
   </trkpt>
   <trkpt lat="4.8079960" lon="-75.7585390">
    <ele>1258.6</ele>
   </trkpt>
   <trkpt lat="4.8080020" lon="-75.7585600">
    <ele>1258.4</ele>
   </trkpt>
   <trkpt lat="4.8080080" lon="-75.7585810">
    <ele>1258.2</ele>
   </trkpt>
   <trkpt lat="4.8080140" lon="-75.7586040">
    <ele>1258.0</ele>
   </trkpt>
   <trkpt lat="4.8080210" lon="-75.7586280">
    <ele>1257.8</ele>
   </trkpt>
   <trkpt lat="4.8080280" lon="-75.7586510">
    <ele>1257.5</ele>
   </trkpt>
   <trkpt lat="4.8080340" lon="-75.7586710">
    <ele>1257.4</ele>
   </trkpt>
   <trkpt lat="4.8080400" lon="-75.7586890">
    <ele>1257.2</ele>
   </trkpt>
   <trkpt lat="4.8080490" lon="-75.7587110">
    <ele>1256.9</ele>
   </trkpt>
   <trkpt lat="4.8080600" lon="-75.7587350">
    <ele>1256.7</ele>
   </trkpt>
   <trkpt lat="4.8080700" lon="-75.7587580">
    <ele>1256.4</ele>
   </trkpt>
   <trkpt lat="4.8080790" lon="-75.7587770">
    <ele>1256.2</ele>
   </trkpt>
   <trkpt lat="4.8080910" lon="-75.7588020">
    <ele>1256.0</ele>
   </trkpt>
   <trkpt lat="4.8081020" lon="-75.7588260">
    <ele>1255.7</ele>
   </trkpt>
   <trkpt lat="4.8081130" lon="-75.7588490">
    <ele>1255.5</ele>
   </trkpt>
   <trkpt lat="4.8081250" lon="-75.7588720">
    <ele>1255.2</ele>
   </trkpt>
   <trkpt lat="4.8081360" lon="-75.7588950">
    <ele>1255.0</ele>
   </trkpt>
   <trkpt lat="4.8081460" lon="-75.7589170">
    <ele>1254.8</ele>
   </trkpt>
   <trkpt lat="4.8081560" lon="-75.7589380">
    <ele>1254.7</ele>
   </trkpt>
   <trkpt lat="4.8081650" lon="-75.7589560">
    <ele>1254.6</ele>
   </trkpt>
   <trkpt lat="4.8081720" lon="-75.7589710">
    <ele>1254.5</ele>
   </trkpt>
   <trkpt lat="4.8081820" lon="-75.7589930">
    <ele>1254.4</ele>
   </trkpt>
   <trkpt lat="4.8081920" lon="-75.7590150">
    <ele>1254.3</ele>
   </trkpt>
   <trkpt lat="4.8082010" lon="-75.7590370">
    <ele>1254.2</ele>
   </trkpt>
   <trkpt lat="4.8082110" lon="-75.7590590">
    <ele>1254.1</ele>
   </trkpt>
   <trkpt lat="4.8082200" lon="-75.7590810">
    <ele>1253.9</ele>
   </trkpt>
   <trkpt lat="4.8082290" lon="-75.7591030">
    <ele>1253.7</ele>
   </trkpt>
   <trkpt lat="4.8082380" lon="-75.7591250">
    <ele>1253.4</ele>
   </trkpt>
   <trkpt lat="4.8082460" lon="-75.7591480">
    <ele>1253.2</ele>
   </trkpt>
   <trkpt lat="4.8082540" lon="-75.7591690">
    <ele>1253.0</ele>
   </trkpt>
   <trkpt lat="4.8082610" lon="-75.7591900">
    <ele>1252.8</ele>
   </trkpt>
   <trkpt lat="4.8082670" lon="-75.7592070">
    <ele>1252.6</ele>
   </trkpt>
   <trkpt lat="4.8082750" lon="-75.7592310">
    <ele>1252.3</ele>
   </trkpt>
   <trkpt lat="4.8082840" lon="-75.7592540">
    <ele>1252.1</ele>
   </trkpt>
   <trkpt lat="4.8082940" lon="-75.7592780">
    <ele>1251.8</ele>
   </trkpt>
   <trkpt lat="4.8083050" lon="-75.7593070">
    <ele>1251.5</ele>
   </trkpt>
   <trkpt lat="4.8083140" lon="-75.7593280">
    <ele>1251.3</ele>
   </trkpt>
   <trkpt lat="4.8083220" lon="-75.7593450">
    <ele>1251.1</ele>
   </trkpt>
   <trkpt lat="4.8083310" lon="-75.7593680">
    <ele>1250.9</ele>
   </trkpt>
   <trkpt lat="4.8083410" lon="-75.7593910">
    <ele>1250.7</ele>
   </trkpt>
   <trkpt lat="4.8083510" lon="-75.7594150">
    <ele>1250.5</ele>
   </trkpt>
   <trkpt lat="4.8083600" lon="-75.7594370">
    <ele>1250.3</ele>
   </trkpt>
   <trkpt lat="4.8083680" lon="-75.7594540">
    <ele>1250.1</ele>
   </trkpt>
   <trkpt lat="4.8083750" lon="-75.7594710">
    <ele>1250.0</ele>
   </trkpt>
   <trkpt lat="4.8083840" lon="-75.7594910">
    <ele>1249.8</ele>
   </trkpt>
   <trkpt lat="4.8083940" lon="-75.7595160">
    <ele>1249.6</ele>
   </trkpt>
   <trkpt lat="4.8084010" lon="-75.7595380">
    <ele>1249.5</ele>
   </trkpt>
   <trkpt lat="4.8084070" lon="-75.7595570">
    <ele>1249.3</ele>
   </trkpt>
   <trkpt lat="4.8084160" lon="-75.7595820">
    <ele>1249.2</ele>
   </trkpt>
   <trkpt lat="4.8084270" lon="-75.7596060">
    <ele>1249.1</ele>
   </trkpt>
   <trkpt lat="4.8084380" lon="-75.7596280">
    <ele>1249.0</ele>
   </trkpt>
   <trkpt lat="4.8084490" lon="-75.7596510">
    <ele>1249.0</ele>
   </trkpt>
   <trkpt lat="4.8084580" lon="-75.7596710">
    <ele>1248.9</ele>
   </trkpt>
   <trkpt lat="4.8084660" lon="-75.7596900">
    <ele>1248.9</ele>
   </trkpt>
   <trkpt lat="4.8084740" lon="-75.7597090">
    <ele>1248.8</ele>
   </trkpt>
   <trkpt lat="4.8084840" lon="-75.7597310">
    <ele>1248.8</ele>
   </trkpt>
   <trkpt lat="4.8084950" lon="-75.7597510">
    <ele>1248.8</ele>
   </trkpt>
   <trkpt lat="4.8085100" lon="-75.7597670">
    <ele>1248.7</ele>
   </trkpt>
   <trkpt lat="4.8085260" lon="-75.7597800">
    <ele>1248.7</ele>
   </trkpt>
   <trkpt lat="4.8085450" lon="-75.7597870">
    <ele>1248.6</ele>
   </trkpt>
   <trkpt lat="4.8085630" lon="-75.7597910">
    <ele>1248.8</ele>
   </trkpt>
   <trkpt lat="4.8085820" lon="-75.7597880">
    <ele>1248.8</ele>
   </trkpt>
   <trkpt lat="4.8086000" lon="-75.7597810">
    <ele>1248.9</ele>
   </trkpt>
   <trkpt lat="4.8086200" lon="-75.7597690">
    <ele>1249.0</ele>
   </trkpt>
   <trkpt lat="4.8086390" lon="-75.7597580">
    <ele>1249.1</ele>
   </trkpt>
   <trkpt lat="4.8086550" lon="-75.7597470">
    <ele>1249.1</ele>
   </trkpt>
   <trkpt lat="4.8086740" lon="-75.7597330">
    <ele>1249.2</ele>
   </trkpt>
   <trkpt lat="4.8086930" lon="-75.7597210">
    <ele>1249.3</ele>
   </trkpt>
   <trkpt lat="4.8087110" lon="-75.7597100">
    <ele>1249.4</ele>
   </trkpt>
   <trkpt lat="4.8087290" lon="-75.7597000">
    <ele>1249.6</ele>
   </trkpt>
   <trkpt lat="4.8087460" lon="-75.7596910">
    <ele>1249.7</ele>
   </trkpt>
   <trkpt lat="4.8087610" lon="-75.7596810">
    <ele>1249.9</ele>
   </trkpt>
   <trkpt lat="4.8087760" lon="-75.7596710">
    <ele>1250.1</ele>
   </trkpt>
   <trkpt lat="4.8087890" lon="-75.7596610">
    <ele>1250.2</ele>
   </trkpt>
   <trkpt lat="4.8088030" lon="-75.7596500">
    <ele>1250.4</ele>
   </trkpt>
   <trkpt lat="4.8088160" lon="-75.7596410">
    <ele>1250.5</ele>
   </trkpt>
   <trkpt lat="4.8088270" lon="-75.7596330">
    <ele>1250.7</ele>
   </trkpt>
   <trkpt lat="4.8088420" lon="-75.7596240">
    <ele>1250.8</ele>
   </trkpt>
   <trkpt lat="4.8088570" lon="-75.7596150">
    <ele>1251.0</ele>
   </trkpt>
   <trkpt lat="4.8088720" lon="-75.7596040">
    <ele>1251.1</ele>
   </trkpt>
   <trkpt lat="4.8088870" lon="-75.7595930">
    <ele>1251.3</ele>
   </trkpt>
   <trkpt lat="4.8089020" lon="-75.7595820">
    <ele>1251.5</ele>
   </trkpt>
   <trkpt lat="4.8089160" lon="-75.7595700">
    <ele>1251.6</ele>
   </trkpt>
   <trkpt lat="4.8089310" lon="-75.7595580">
    <ele>1251.8</ele>
   </trkpt>
   <trkpt lat="4.8089450" lon="-75.7595470">
    <ele>1251.9</ele>
   </trkpt>
   <trkpt lat="4.8089610" lon="-75.7595360">
    <ele>1252.1</ele>
   </trkpt>
   <trkpt lat="4.8089780" lon="-75.7595240">
    <ele>1252.3</ele>
   </trkpt>
   <trkpt lat="4.8089930" lon="-75.7595140">
    <ele>1252.5</ele>
   </trkpt>
   <trkpt lat="4.8090100" lon="-75.7594990">
    <ele>1252.8</ele>
   </trkpt>
   <trkpt lat="4.8090220" lon="-75.7594840">
    <ele>1253.0</ele>
   </trkpt>
   <trkpt lat="4.8090240" lon="-75.7594690">
    <ele>1253.2</ele>
   </trkpt>
   <trkpt lat="4.8090230" lon="-75.7594620">
    <ele>1253.3</ele>
   </trkpt>
   <trkpt lat="4.8090290" lon="-75.7594650">
    <ele>1253.3</ele>
   </trkpt>
   <trkpt lat="4.8090420" lon="-75.7594600">
    <ele>1253.5</ele>
   </trkpt>
   <trkpt lat="4.8090580" lon="-75.7594430">
    <ele>1253.8</ele>
   </trkpt>
   <trkpt lat="4.8090740" lon="-75.7594280">
    <ele>1254.0</ele>
   </trkpt>
   <trkpt lat="4.8090880" lon="-75.7594130">
    <ele>1254.2</ele>
   </trkpt>
   <trkpt lat="4.8091020" lon="-75.7594000">
    <ele>1254.4</ele>
   </trkpt>
   <trkpt lat="4.8091110" lon="-75.7593900">
    <ele>1254.6</ele>
   </trkpt>
   <trkpt lat="4.8091250" lon="-75.7593770">
    <ele>1254.8</ele>
   </trkpt>
   <trkpt lat="4.8091390" lon="-75.7593640">
    <ele>1255.0</ele>
   </trkpt>
   <trkpt lat="4.8091530" lon="-75.7593500">
    <ele>1255.2</ele>
   </trkpt>
   <trkpt lat="4.8091670" lon="-75.7593370">
    <ele>1255.4</ele>
   </trkpt>
   <trkpt lat="4.8091810" lon="-75.7593240">
    <ele>1255.6</ele>
   </trkpt>
   <trkpt lat="4.8091960" lon="-75.7593110">
    <ele>1255.7</ele>
   </trkpt>
   <trkpt lat="4.8092110" lon="-75.7592970">
    <ele>1255.9</ele>
   </trkpt>
   <trkpt lat="4.8092250" lon="-75.7592830">
    <ele>1256.1</ele>
   </trkpt>
   <trkpt lat="4.8092400" lon="-75.7592700">
    <ele>1256.3</ele>
   </trkpt>
   <trkpt lat="4.8092530" lon="-75.7592570">
    <ele>1256.5</ele>
   </trkpt>
   <trkpt lat="4.8092630" lon="-75.7592470">
    <ele>1256.6</ele>
   </trkpt>
   <trkpt lat="4.8092780" lon="-75.7592330">
    <ele>1256.8</ele>
   </trkpt>
   <trkpt lat="4.8092920" lon="-75.7592190">
    <ele>1257.0</ele>
   </trkpt>
   <trkpt lat="4.8093070" lon="-75.7592060">
    <ele>1257.1</ele>
   </trkpt>
   <trkpt lat="4.8093210" lon="-75.7591920">
    <ele>1257.3</ele>
   </trkpt>
   <trkpt lat="4.8093350" lon="-75.7591790">
    <ele>1257.5</ele>
   </trkpt>
   <trkpt lat="4.8093480" lon="-75.7591670">
    <ele>1257.6</ele>
   </trkpt>
   <trkpt lat="4.8093590" lon="-75.7591570">
    <ele>1257.7</ele>
   </trkpt>
   <trkpt lat="4.8093730" lon="-75.7591440">
    <ele>1257.9</ele>
   </trkpt>
   <trkpt lat="4.8093870" lon="-75.7591310">
    <ele>1258.0</ele>
   </trkpt>
   <trkpt lat="4.8094010" lon="-75.7591180">
    <ele>1258.2</ele>
   </trkpt>
   <trkpt lat="4.8094150" lon="-75.7591050">
    <ele>1258.4</ele>
   </trkpt>
   <trkpt lat="4.8094240" lon="-75.7590970">
    <ele>1258.5</ele>
   </trkpt>
   <trkpt lat="4.8094330" lon="-75.7590880">
    <ele>1258.5</ele>
   </trkpt>
   <trkpt lat="4.8094470" lon="-75.7590750">
    <ele>1258.7</ele>
   </trkpt>
   <trkpt lat="4.8094630" lon="-75.7590610">
    <ele>1258.9</ele>
   </trkpt>
   <trkpt lat="4.8094750" lon="-75.7590510">
    <ele>1259.0</ele>
   </trkpt>
   <trkpt lat="4.8094910" lon="-75.7590380">
    <ele>1259.1</ele>
   </trkpt>
   <trkpt lat="4.8095030" lon="-75.7590330">
    <ele>1259.2</ele>
   </trkpt>
   <trkpt lat="4.8095150" lon="-75.7590320">
    <ele>1259.3</ele>
   </trkpt>
   <trkpt lat="4.8095300" lon="-75.7590290">
    <ele>1259.4</ele>
   </trkpt>
   <trkpt lat="4.8095470" lon="-75.7590260">
    <ele>1259.6</ele>
   </trkpt>
   <trkpt lat="4.8095660" lon="-75.7590220">
    <ele>1259.7</ele>
   </trkpt>
   <trkpt lat="4.8095850" lon="-75.7590170">
    <ele>1259.8</ele>
   </trkpt>
   <trkpt lat="4.8096040" lon="-75.7590130">
    <ele>1259.9</ele>
   </trkpt>
   <trkpt lat="4.8096210" lon="-75.7590110">
    <ele>1260.0</ele>
   </trkpt>
   <trkpt lat="4.8096420" lon="-75.7590080">
    <ele>1260.1</ele>
   </trkpt>
   <trkpt lat="4.8096620" lon="-75.7590070">
    <ele>1260.2</ele>
   </trkpt>
   <trkpt lat="4.8096770" lon="-75.7590070">
    <ele>1260.2</ele>
   </trkpt>
   <trkpt lat="4.8096950" lon="-75.7590090">
    <ele>1260.3</ele>
   </trkpt>
   <trkpt lat="4.8097120" lon="-75.7590140">
    <ele>1260.0</ele>
   </trkpt>
   <trkpt lat="4.8097290" lon="-75.7590240">
    <ele>1259.7</ele>
   </trkpt>
   <trkpt lat="4.8097470" lon="-75.7590380">
    <ele>1259.3</ele>
   </trkpt>
   <trkpt lat="4.8097590" lon="-75.7590500">
    <ele>1259.0</ele>
   </trkpt>
   <trkpt lat="4.8097650" lon="-75.7590620">
    <ele>1258.8</ele>
   </trkpt>
   <trkpt lat="4.8097730" lon="-75.7590770">
    <ele>1258.5</ele>
   </trkpt>
   <trkpt lat="4.8097830" lon="-75.7590920">
    <ele>1258.2</ele>
   </trkpt>
   <trkpt lat="4.8097930" lon="-75.7591080">
    <ele>1258.1</ele>
   </trkpt>
   <trkpt lat="4.8098030" lon="-75.7591240">
    <ele>1258.0</ele>
   </trkpt>
   <trkpt lat="4.8098100" lon="-75.7591380">
    <ele>1258.0</ele>
   </trkpt>
   <trkpt lat="4.8098190" lon="-75.7591570">
    <ele>1258.0</ele>
   </trkpt>
   <trkpt lat="4.8098270" lon="-75.7591750">
    <ele>1257.9</ele>
   </trkpt>
   <trkpt lat="4.8098350" lon="-75.7591940">
    <ele>1257.9</ele>
   </trkpt>
   <trkpt lat="4.8098430" lon="-75.7592120">
    <ele>1257.8</ele>
   </trkpt>
   <trkpt lat="4.8098530" lon="-75.7592290">
    <ele>1257.8</ele>
   </trkpt>
   <trkpt lat="4.8098620" lon="-75.7592460">
    <ele>1257.7</ele>
   </trkpt>
   <trkpt lat="4.8098700" lon="-75.7592610">
    <ele>1257.7</ele>
   </trkpt>
   <trkpt lat="4.8098780" lon="-75.7592830">
    <ele>1257.7</ele>
   </trkpt>
   <trkpt lat="4.8098860" lon="-75.7593050">
    <ele>1257.6</ele>
   </trkpt>
   <trkpt lat="4.8098940" lon="-75.7593280">
    <ele>1257.5</ele>
   </trkpt>
   <trkpt lat="4.8099000" lon="-75.7593500">
    <ele>1257.4</ele>
   </trkpt>
   <trkpt lat="4.8099060" lon="-75.7593700">
    <ele>1257.3</ele>
   </trkpt>
   <trkpt lat="4.8099120" lon="-75.7593880">
    <ele>1257.2</ele>
   </trkpt>
   <trkpt lat="4.8099170" lon="-75.7593980">
    <ele>1257.0</ele>
   </trkpt>
   <trkpt lat="4.8099230" lon="-75.7594110">
    <ele>1256.9</ele>
   </trkpt>
   <trkpt lat="4.8099310" lon="-75.7594280">
    <ele>1256.7</ele>
   </trkpt>
   <trkpt lat="4.8099390" lon="-75.7594510">
    <ele>1256.4</ele>
   </trkpt>
   <trkpt lat="4.8099480" lon="-75.7594730">
    <ele>1256.2</ele>
   </trkpt>
   <trkpt lat="4.8099550" lon="-75.7594930">
    <ele>1255.9</ele>
   </trkpt>
   <trkpt lat="4.8099630" lon="-75.7595120">
    <ele>1255.7</ele>
   </trkpt>
   <trkpt lat="4.8099680" lon="-75.7595270">
    <ele>1255.6</ele>
   </trkpt>
   <trkpt lat="4.8099760" lon="-75.7595480">
    <ele>1255.4</ele>
   </trkpt>
   <trkpt lat="4.8099830" lon="-75.7595680">
    <ele>1255.2</ele>
   </trkpt>
   <trkpt lat="4.8099910" lon="-75.7595870">
    <ele>1255.0</ele>
   </trkpt>
   <trkpt lat="4.8099980" lon="-75.7596070">
    <ele>1254.8</ele>
   </trkpt>
   <trkpt lat="4.8100060" lon="-75.7596260">
    <ele>1254.6</ele>
   </trkpt>
   <trkpt lat="4.8100140" lon="-75.7596460">
    <ele>1254.4</ele>
   </trkpt>
   <trkpt lat="4.8100220" lon="-75.7596660">
    <ele>1254.2</ele>
   </trkpt>
   <trkpt lat="4.8100300" lon="-75.7596860">
    <ele>1254.1</ele>
   </trkpt>
   <trkpt lat="4.8100370" lon="-75.7597060">
    <ele>1254.0</ele>
   </trkpt>
   <trkpt lat="4.8100450" lon="-75.7597270">
    <ele>1254.0</ele>
   </trkpt>
   <trkpt lat="4.8100530" lon="-75.7597490">
    <ele>1254.0</ele>
   </trkpt>
   <trkpt lat="4.8100600" lon="-75.7597710">
    <ele>1254.0</ele>
   </trkpt>
   <trkpt lat="4.8100690" lon="-75.7597950">
    <ele>1254.0</ele>
   </trkpt>
   <trkpt lat="4.8100760" lon="-75.7598170">
    <ele>1254.0</ele>
   </trkpt>
   <trkpt lat="4.8100830" lon="-75.7598360">
    <ele>1254.0</ele>
   </trkpt>
   <trkpt lat="4.8100910" lon="-75.7598600">
    <ele>1254.0</ele>
   </trkpt>
   <trkpt lat="4.8100990" lon="-75.7598820">
    <ele>1253.9</ele>
   </trkpt>
   <trkpt lat="4.8101050" lon="-75.7598960">
    <ele>1253.9</ele>
   </trkpt>
   <trkpt lat="4.8101090" lon="-75.7599060">
    <ele>1253.9</ele>
   </trkpt>
   <trkpt lat="4.8101160" lon="-75.7599250">
    <ele>1253.9</ele>
   </trkpt>
   <trkpt lat="4.8101250" lon="-75.7599490">
    <ele>1253.9</ele>
   </trkpt>
   <trkpt lat="4.8101340" lon="-75.7599730">
    <ele>1253.9</ele>
   </trkpt>
   <trkpt lat="4.8101430" lon="-75.7599960">
    <ele>1253.8</ele>
   </trkpt>
   <trkpt lat="4.8101520" lon="-75.7600200">
    <ele>1253.8</ele>
   </trkpt>
   <trkpt lat="4.8101610" lon="-75.7600430">
    <ele>1253.7</ele>
   </trkpt>
   <trkpt lat="4.8101700" lon="-75.7600650">
    <ele>1253.7</ele>
   </trkpt>
   <trkpt lat="4.8101770" lon="-75.7600840">
    <ele>1253.6</ele>
   </trkpt>
   <trkpt lat="4.8101820" lon="-75.7600930">
    <ele>1253.6</ele>
   </trkpt>
   <trkpt lat="4.8101890" lon="-75.7601040">
    <ele>1253.6</ele>
   </trkpt>
   <trkpt lat="4.8101980" lon="-75.7601180">
    <ele>1253.6</ele>
   </trkpt>
   <trkpt lat="4.8102030" lon="-75.7601320">
    <ele>1253.5</ele>
   </trkpt>
   <trkpt lat="4.8102100" lon="-75.7601500">
    <ele>1253.5</ele>
   </trkpt>
   <trkpt lat="4.8102160" lon="-75.7601710">
    <ele>1253.4</ele>
   </trkpt>
   <trkpt lat="4.8102230" lon="-75.7601950">
    <ele>1253.4</ele>
   </trkpt>
   <trkpt lat="4.8102290" lon="-75.7602210">
    <ele>1253.3</ele>
   </trkpt>
   <trkpt lat="4.8102350" lon="-75.7602500">
    <ele>1253.3</ele>
   </trkpt>
   <trkpt lat="4.8102410" lon="-75.7602800">
    <ele>1253.2</ele>
   </trkpt>
   <trkpt lat="4.8102450" lon="-75.7603090">
    <ele>1253.2</ele>
   </trkpt>
   <trkpt lat="4.8102510" lon="-75.7603380">
    <ele>1253.2</ele>
   </trkpt>
   <trkpt lat="4.8102580" lon="-75.7603650">
    <ele>1253.3</ele>
   </trkpt>
   <trkpt lat="4.8102670" lon="-75.7603920">
    <ele>1253.3</ele>
   </trkpt>
   <trkpt lat="4.8102800" lon="-75.7604170">
    <ele>1253.3</ele>
   </trkpt>
   <trkpt lat="4.8102970" lon="-75.7604410">
    <ele>1253.4</ele>
   </trkpt>
   <trkpt lat="4.8103190" lon="-75.7604620">
    <ele>1253.5</ele>
   </trkpt>
   <trkpt lat="4.8103430" lon="-75.7604780">
    <ele>1253.6</ele>
   </trkpt>
   <trkpt lat="4.8103700" lon="-75.7604850">
    <ele>1253.6</ele>
   </trkpt>
   <trkpt lat="4.8103980" lon="-75.7604880">
    <ele>1253.7</ele>
   </trkpt>
   <trkpt lat="4.8104230" lon="-75.7604880">
    <ele>1253.8</ele>
   </trkpt>
   <trkpt lat="4.8104540" lon="-75.7604840">
    <ele>1253.8</ele>
   </trkpt>
   <trkpt lat="4.8104820" lon="-75.7604790">
    <ele>1253.9</ele>
   </trkpt>
   <trkpt lat="4.8105030" lon="-75.7604730">
    <ele>1254.0</ele>
   </trkpt>
   <trkpt lat="4.8105270" lon="-75.7604640">
    <ele>1254.0</ele>
   </trkpt>
   <trkpt lat="4.8105480" lon="-75.7604560">
    <ele>1254.1</ele>
   </trkpt>
   <trkpt lat="4.8105680" lon="-75.7604470">
    <ele>1254.2</ele>
   </trkpt>
   <trkpt lat="4.8105870" lon="-75.7604390">
    <ele>1254.2</ele>
   </trkpt>
   <trkpt lat="4.8106080" lon="-75.7604330">
    <ele>1254.4</ele>
   </trkpt>
   <trkpt lat="4.8106280" lon="-75.7604280">
    <ele>1254.7</ele>
   </trkpt>
   <trkpt lat="4.8106470" lon="-75.7604260">
    <ele>1254.9</ele>
   </trkpt>
   <trkpt lat="4.8106650" lon="-75.7604240">
    <ele>1255.1</ele>
   </trkpt>
   <trkpt lat="4.8106810" lon="-75.7604220">
    <ele>1255.2</ele>
   </trkpt>
   <trkpt lat="4.8107000" lon="-75.7604170">
    <ele>1255.5</ele>
   </trkpt>
   <trkpt lat="4.8107180" lon="-75.7604100">
    <ele>1255.7</ele>
   </trkpt>
   <trkpt lat="4.8107350" lon="-75.7604020">
    <ele>1255.9</ele>
   </trkpt>
   <trkpt lat="4.8107520" lon="-75.7603950">
    <ele>1256.2</ele>
   </trkpt>
   <trkpt lat="4.8107680" lon="-75.7603870">
    <ele>1256.4</ele>
   </trkpt>
   <trkpt lat="4.8107850" lon="-75.7603800">
    <ele>1256.6</ele>
   </trkpt>
   <trkpt lat="4.8108010" lon="-75.7603720">
    <ele>1256.9</ele>
   </trkpt>
   <trkpt lat="4.8108170" lon="-75.7603650">
    <ele>1257.1</ele>
   </trkpt>
   <trkpt lat="4.8108310" lon="-75.7603580">
    <ele>1257.3</ele>
   </trkpt>
   <trkpt lat="4.8108480" lon="-75.7603490">
    <ele>1257.6</ele>
   </trkpt>
   <trkpt lat="4.8108660" lon="-75.7603410">
    <ele>1257.9</ele>
   </trkpt>
   <trkpt lat="4.8108840" lon="-75.7603360">
    <ele>1258.2</ele>
   </trkpt>
   <trkpt lat="4.8109010" lon="-75.7603330">
    <ele>1258.5</ele>
   </trkpt>
   <trkpt lat="4.8109150" lon="-75.7603320">
    <ele>1258.7</ele>
   </trkpt>
   <trkpt lat="4.8109280" lon="-75.7603310">
    <ele>1258.9</ele>
   </trkpt>
   <trkpt lat="4.8109440" lon="-75.7603290">
    <ele>1259.2</ele>
   </trkpt>
   <trkpt lat="4.8109590" lon="-75.7603240">
    <ele>1259.5</ele>
   </trkpt>
   <trkpt lat="4.8109720" lon="-75.7603180">
    <ele>1259.7</ele>
   </trkpt>
   <trkpt lat="4.8109880" lon="-75.7603090">
    <ele>1260.0</ele>
   </trkpt>
   <trkpt lat="4.8110030" lon="-75.7603010">
    <ele>1260.3</ele>
   </trkpt>
   <trkpt lat="4.8110170" lon="-75.7602930">
    <ele>1260.6</ele>
   </trkpt>
   <trkpt lat="4.8110320" lon="-75.7602860">
    <ele>1260.8</ele>
   </trkpt>
   <trkpt lat="4.8110470" lon="-75.7602790">
    <ele>1261.1</ele>
   </trkpt>
   <trkpt lat="4.8110600" lon="-75.7602710">
    <ele>1261.4</ele>
   </trkpt>
   <trkpt lat="4.8110720" lon="-75.7602600">
    <ele>1261.6</ele>
   </trkpt>
   <trkpt lat="4.8110820" lon="-75.7602470">
    <ele>1261.9</ele>
   </trkpt>
   <trkpt lat="4.8110870" lon="-75.7602300">
    <ele>1262.2</ele>
   </trkpt>
   <trkpt lat="4.8110890" lon="-75.7602110">
    <ele>1262.4</ele>
   </trkpt>
   <trkpt lat="4.8110870" lon="-75.7601900">
    <ele>1262.8</ele>
   </trkpt>
   <trkpt lat="4.8110850" lon="-75.7601700">
    <ele>1263.1</ele>
   </trkpt>
   <trkpt lat="4.8110840" lon="-75.7601500">
    <ele>1263.3</ele>
   </trkpt>
   <trkpt lat="4.8110840" lon="-75.7601320">
    <ele>1263.4</ele>
   </trkpt>
   <trkpt lat="4.8110830" lon="-75.7601180">
    <ele>1263.4</ele>
   </trkpt>
   <trkpt lat="4.8110840" lon="-75.7601020">
    <ele>1263.5</ele>
   </trkpt>
   <trkpt lat="4.8110850" lon="-75.7600860">
    <ele>1263.5</ele>
   </trkpt>
   <trkpt lat="4.8110860" lon="-75.7600690">
    <ele>1263.6</ele>
   </trkpt>
   <trkpt lat="4.8110860" lon="-75.7600510">
    <ele>1263.7</ele>
   </trkpt>
   <trkpt lat="4.8110850" lon="-75.7600320">
    <ele>1263.7</ele>
   </trkpt>
   <trkpt lat="4.8110850" lon="-75.7600160">
    <ele>1263.8</ele>
   </trkpt>
   <trkpt lat="4.8110880" lon="-75.7600040">
    <ele>1263.8</ele>
   </trkpt>
   <trkpt lat="4.8110880" lon="-75.7599880">
    <ele>1263.9</ele>
   </trkpt>
   <trkpt lat="4.8110820" lon="-75.7599660">
    <ele>1264.0</ele>
   </trkpt>
   <trkpt lat="4.8110760" lon="-75.7599440">
    <ele>1264.0</ele>
   </trkpt>
   <trkpt lat="4.8110710" lon="-75.7599230">
    <ele>1264.3</ele>
   </trkpt>
   <trkpt lat="4.8110660" lon="-75.7599030">
    <ele>1264.6</ele>
   </trkpt>
   <trkpt lat="4.8110620" lon="-75.7598840">
    <ele>1264.9</ele>
   </trkpt>
   <trkpt lat="4.8110580" lon="-75.7598650">
    <ele>1265.2</ele>
   </trkpt>
   <trkpt lat="4.8110550" lon="-75.7598470">
    <ele>1265.5</ele>
   </trkpt>
   <trkpt lat="4.8110510" lon="-75.7598300">
    <ele>1265.7</ele>
   </trkpt>
   <trkpt lat="4.8110490" lon="-75.7598180">
    <ele>1265.9</ele>
   </trkpt>
   <trkpt lat="4.8110460" lon="-75.7598000">
    <ele>1266.1</ele>
   </trkpt>
   <trkpt lat="4.8110420" lon="-75.7597830">
    <ele>1266.4</ele>
   </trkpt>
   <trkpt lat="4.8110380" lon="-75.7597670">
    <ele>1266.6</ele>
   </trkpt>
   <trkpt lat="4.8110340" lon="-75.7597510">
    <ele>1266.9</ele>
   </trkpt>
   <trkpt lat="4.8110290" lon="-75.7597360">
    <ele>1267.1</ele>
   </trkpt>
   <trkpt lat="4.8110240" lon="-75.7597210">
    <ele>1267.3</ele>
   </trkpt>
   <trkpt lat="4.8110180" lon="-75.7597070">
    <ele>1267.6</ele>
   </trkpt>
   <trkpt lat="4.8110120" lon="-75.7596930">
    <ele>1267.8</ele>
   </trkpt>
   <trkpt lat="4.8110050" lon="-75.7596790">
    <ele>1268.0</ele>
   </trkpt>
   <trkpt lat="4.8109980" lon="-75.7596650">
    <ele>1268.3</ele>
   </trkpt>
   <trkpt lat="4.8109910" lon="-75.7596510">
    <ele>1268.5</ele>
   </trkpt>
   <trkpt lat="4.8109830" lon="-75.7596370">
    <ele>1268.7</ele>
   </trkpt>
   <trkpt lat="4.8109760" lon="-75.7596230">
    <ele>1269.0</ele>
   </trkpt>
   <trkpt lat="4.8109700" lon="-75.7596110">
    <ele>1269.2</ele>
   </trkpt>
   <trkpt lat="4.8109650" lon="-75.7596020">
    <ele>1269.3</ele>
   </trkpt>
   <trkpt lat="4.8109580" lon="-75.7595870">
    <ele>1269.6</ele>
   </trkpt>
   <trkpt lat="4.8109510" lon="-75.7595720">
    <ele>1269.8</ele>
   </trkpt>
   <trkpt lat="4.8109450" lon="-75.7595550">
    <ele>1270.0</ele>
   </trkpt>
   <trkpt lat="4.8109380" lon="-75.7595380">
    <ele>1270.3</ele>
   </trkpt>
   <trkpt lat="4.8109310" lon="-75.7595200">
    <ele>1270.5</ele>
   </trkpt>
   <trkpt lat="4.8109240" lon="-75.7595020">
    <ele>1270.8</ele>
   </trkpt>
   <trkpt lat="4.8109190" lon="-75.7594870">
    <ele>1271.0</ele>
   </trkpt>
   <trkpt lat="4.8109150" lon="-75.7594750">
    <ele>1271.1</ele>
   </trkpt>
   <trkpt lat="4.8109170" lon="-75.7594730">
    <ele>1271.2</ele>
   </trkpt>
   <trkpt lat="4.8109210" lon="-75.7594700">
    <ele>1271.2</ele>
   </trkpt>
   <trkpt lat="4.8109250" lon="-75.7594600">
    <ele>1271.4</ele>
   </trkpt>
   <trkpt lat="4.8109290" lon="-75.7594500">
    <ele>1271.5</ele>
   </trkpt>
   <trkpt lat="4.8109330" lon="-75.7594400">
    <ele>1271.6</ele>
   </trkpt>
   <trkpt lat="4.8109370" lon="-75.7594270">
    <ele>1271.8</ele>
   </trkpt>
   <trkpt lat="4.8109410" lon="-75.7594190">
    <ele>1271.9</ele>
   </trkpt>
   <trkpt lat="4.8109470" lon="-75.7594080">
    <ele>1272.1</ele>
   </trkpt>
   <trkpt lat="4.8109540" lon="-75.7593970">
    <ele>1272.3</ele>
   </trkpt>
   <trkpt lat="4.8109620" lon="-75.7593890">
    <ele>1272.4</ele>
   </trkpt>
   <trkpt lat="4.8109710" lon="-75.7593790">
    <ele>1272.6</ele>
   </trkpt>
   <trkpt lat="4.8109790" lon="-75.7593710">
    <ele>1272.7</ele>
   </trkpt>
   <trkpt lat="4.8109860" lon="-75.7593640">
    <ele>1272.8</ele>
   </trkpt>
   <trkpt lat="4.8109920" lon="-75.7593560">
    <ele>1273.0</ele>
   </trkpt>
   <trkpt lat="4.8109990" lon="-75.7593470">
    <ele>1273.1</ele>
   </trkpt>
   <trkpt lat="4.8110060" lon="-75.7593380">
    <ele>1273.3</ele>
   </trkpt>
   <trkpt lat="4.8110140" lon="-75.7593300">
    <ele>1273.4</ele>
   </trkpt>
   <trkpt lat="4.8110210" lon="-75.7593230">
    <ele>1273.5</ele>
   </trkpt>
   <trkpt lat="4.8110280" lon="-75.7593150">
    <ele>1273.7</ele>
   </trkpt>
   <trkpt lat="4.8110350" lon="-75.7593070">
    <ele>1273.8</ele>
   </trkpt>
   <trkpt lat="4.8110410" lon="-75.7592990">
    <ele>1273.9</ele>
   </trkpt>
   <trkpt lat="4.8110480" lon="-75.7592910">
    <ele>1274.1</ele>
   </trkpt>
   <trkpt lat="4.8110540" lon="-75.7592830">
    <ele>1274.2</ele>
   </trkpt>
   <trkpt lat="4.8110610" lon="-75.7592740">
    <ele>1274.3</ele>
   </trkpt>
   <trkpt lat="4.8110670" lon="-75.7592650">
    <ele>1274.5</ele>
   </trkpt>
   <trkpt lat="4.8110750" lon="-75.7592550">
    <ele>1274.6</ele>
   </trkpt>
   <trkpt lat="4.8110820" lon="-75.7592460">
    <ele>1274.8</ele>
   </trkpt>
   <trkpt lat="4.8110900" lon="-75.7592380">
    <ele>1274.9</ele>
   </trkpt>
   <trkpt lat="4.8110970" lon="-75.7592320">
    <ele>1275.0</ele>
   </trkpt>
   <trkpt lat="4.8111050" lon="-75.7592240">
    <ele>1275.2</ele>
   </trkpt>
   <trkpt lat="4.8111160" lon="-75.7592120">
    <ele>1275.4</ele>
   </trkpt>
   <trkpt lat="4.8111230" lon="-75.7592040">
    <ele>1275.5</ele>
   </trkpt>
   <trkpt lat="4.8111280" lon="-75.7591980">
    <ele>1275.6</ele>
   </trkpt>
   <trkpt lat="4.8111350" lon="-75.7591890">
    <ele>1275.7</ele>
   </trkpt>
   <trkpt lat="4.8111420" lon="-75.7591810">
    <ele>1275.9</ele>
   </trkpt>
   <trkpt lat="4.8111480" lon="-75.7591730">
    <ele>1276.0</ele>
   </trkpt>
   <trkpt lat="4.8111560" lon="-75.7591660">
    <ele>1276.1</ele>
   </trkpt>
   <trkpt lat="4.8111670" lon="-75.7591570">
    <ele>1276.3</ele>
   </trkpt>
   <trkpt lat="4.8111760" lon="-75.7591490">
    <ele>1276.5</ele>
   </trkpt>
   <trkpt lat="4.8111830" lon="-75.7591430">
    <ele>1276.6</ele>
   </trkpt>
   <trkpt lat="4.8111920" lon="-75.7591350">
    <ele>1276.7</ele>
   </trkpt>
   <trkpt lat="4.8112020" lon="-75.7591260">
    <ele>1276.9</ele>
   </trkpt>
   <trkpt lat="4.8112110" lon="-75.7591180">
    <ele>1277.0</ele>
   </trkpt>
   <trkpt lat="4.8112210" lon="-75.7591100">
    <ele>1277.2</ele>
   </trkpt>
   <trkpt lat="4.8112300" lon="-75.7591020">
    <ele>1277.4</ele>
   </trkpt>
   <trkpt lat="4.8112400" lon="-75.7590940">
    <ele>1277.5</ele>
   </trkpt>
   <trkpt lat="4.8112510" lon="-75.7590870">
    <ele>1277.7</ele>
   </trkpt>
   <trkpt lat="4.8112620" lon="-75.7590800">
    <ele>1277.8</ele>
   </trkpt>
   <trkpt lat="4.8112730" lon="-75.7590740">
    <ele>1278.0</ele>
   </trkpt>
   <trkpt lat="4.8112840" lon="-75.7590680">
    <ele>1278.1</ele>
   </trkpt>
   <trkpt lat="4.8112950" lon="-75.7590640">
    <ele>1278.2</ele>
   </trkpt>
   <trkpt lat="4.8113040" lon="-75.7590610">
    <ele>1278.3</ele>
   </trkpt>
   <trkpt lat="4.8113150" lon="-75.7590580">
    <ele>1278.5</ele>
   </trkpt>
   <trkpt lat="4.8113310" lon="-75.7590520">
    <ele>1278.6</ele>
   </trkpt>
   <trkpt lat="4.8113440" lon="-75.7590480">
    <ele>1278.8</ele>
   </trkpt>
   <trkpt lat="4.8113540" lon="-75.7590440">
    <ele>1278.9</ele>
   </trkpt>
   <trkpt lat="4.8113670" lon="-75.7590380">
    <ele>1279.0</ele>
   </trkpt>
   <trkpt lat="4.8113820" lon="-75.7590320">
    <ele>1279.2</ele>
   </trkpt>
   <trkpt lat="4.8113950" lon="-75.7590280">
    <ele>1279.3</ele>
   </trkpt>
   <trkpt lat="4.8114040" lon="-75.7590260">
    <ele>1279.4</ele>
   </trkpt>
   <trkpt lat="4.8114160" lon="-75.7590230">
    <ele>1279.5</ele>
   </trkpt>
   <trkpt lat="4.8114280" lon="-75.7590190">
    <ele>1279.6</ele>
   </trkpt>
   <trkpt lat="4.8114380" lon="-75.7590170">
    <ele>1279.7</ele>
   </trkpt>
   <trkpt lat="4.8114510" lon="-75.7590140">
    <ele>1279.8</ele>
   </trkpt>
   <trkpt lat="4.8114630" lon="-75.7590110">
    <ele>1280.0</ele>
   </trkpt>
   <trkpt lat="4.8114760" lon="-75.7590100">
    <ele>1280.1</ele>
   </trkpt>
   <trkpt lat="4.8114870" lon="-75.7590120">
    <ele>1280.2</ele>
   </trkpt>
   <trkpt lat="4.8114980" lon="-75.7590150">
    <ele>1280.2</ele>
   </trkpt>
   <trkpt lat="4.8115070" lon="-75.7590210">
    <ele>1280.3</ele>
   </trkpt>
   <trkpt lat="4.8115150" lon="-75.7590300">
    <ele>1280.4</ele>
   </trkpt>
   <trkpt lat="4.8115230" lon="-75.7590410">
    <ele>1280.5</ele>
   </trkpt>
   <trkpt lat="4.8115300" lon="-75.7590530">
    <ele>1280.6</ele>
   </trkpt>
   <trkpt lat="4.8115340" lon="-75.7590610">
    <ele>1280.7</ele>
   </trkpt>
   <trkpt lat="4.8115380" lon="-75.7590700">
    <ele>1280.8</ele>
   </trkpt>
   <trkpt lat="4.8115430" lon="-75.7590810">
    <ele>1280.9</ele>
   </trkpt>
   <trkpt lat="4.8115480" lon="-75.7590910">
    <ele>1281.0</ele>
   </trkpt>
   <trkpt lat="4.8115520" lon="-75.7591010">
    <ele>1281.1</ele>
   </trkpt>
   <trkpt lat="4.8115550" lon="-75.7591120">
    <ele>1281.1</ele>
   </trkpt>
   <trkpt lat="4.8115580" lon="-75.7591240">
    <ele>1281.2</ele>
   </trkpt>
   <trkpt lat="4.8115590" lon="-75.7591330">
    <ele>1281.3</ele>
   </trkpt>
   <trkpt lat="4.8115620" lon="-75.7591450">
    <ele>1281.4</ele>
   </trkpt>
   <trkpt lat="4.8115650" lon="-75.7591610">
    <ele>1281.6</ele>
   </trkpt>
   <trkpt lat="4.8115690" lon="-75.7591730">
    <ele>1281.7</ele>
   </trkpt>
   <trkpt lat="4.8115720" lon="-75.7591840">
    <ele>1281.8</ele>
   </trkpt>
   <trkpt lat="4.8115760" lon="-75.7591960">
    <ele>1281.9</ele>
   </trkpt>
   <trkpt lat="4.8115810" lon="-75.7592080">
    <ele>1282.0</ele>
   </trkpt>
   <trkpt lat="4.8115860" lon="-75.7592200">
    <ele>1282.1</ele>
   </trkpt>
   <trkpt lat="4.8115930" lon="-75.7592300">
    <ele>1282.2</ele>
   </trkpt>
   <trkpt lat="4.8116020" lon="-75.7592390">
    <ele>1282.3</ele>
   </trkpt>
   <trkpt lat="4.8116130" lon="-75.7592450">
    <ele>1282.4</ele>
   </trkpt>
   <trkpt lat="4.8116270" lon="-75.7592500">
    <ele>1282.5</ele>
   </trkpt>
   <trkpt lat="4.8116400" lon="-75.7592530">
    <ele>1282.7</ele>
   </trkpt>
   <trkpt lat="4.8116580" lon="-75.7592560">
    <ele>1282.8</ele>
   </trkpt>
   <trkpt lat="4.8116770" lon="-75.7592570">
    <ele>1283.0</ele>
   </trkpt>
   <trkpt lat="4.8116970" lon="-75.7592570">
    <ele>1283.2</ele>
   </trkpt>
   <trkpt lat="4.8117190" lon="-75.7592560">
    <ele>1283.4</ele>
   </trkpt>
   <trkpt lat="4.8117400" lon="-75.7592520">
    <ele>1283.5</ele>
   </trkpt>
   <trkpt lat="4.8117620" lon="-75.7592470">
    <ele>1283.7</ele>
   </trkpt>
   <trkpt lat="4.8117840" lon="-75.7592400">
    <ele>1283.9</ele>
   </trkpt>
   <trkpt lat="4.8118070" lon="-75.7592340">
    <ele>1284.0</ele>
   </trkpt>
   <trkpt lat="4.8118300" lon="-75.7592270">
    <ele>1284.2</ele>
   </trkpt>
   <trkpt lat="4.8118530" lon="-75.7592200">
    <ele>1284.4</ele>
   </trkpt>
   <trkpt lat="4.8118750" lon="-75.7592130">
    <ele>1284.5</ele>
   </trkpt>
   <trkpt lat="4.8118960" lon="-75.7592070">
    <ele>1284.7</ele>
   </trkpt>
   <trkpt lat="4.8119160" lon="-75.7592020">
    <ele>1284.8</ele>
   </trkpt>
   <trkpt lat="4.8119360" lon="-75.7591980">
    <ele>1284.9</ele>
   </trkpt>
   <trkpt lat="4.8119570" lon="-75.7591930">
    <ele>1285.0</ele>
   </trkpt>
   <trkpt lat="4.8119800" lon="-75.7591870">
    <ele>1285.2</ele>
   </trkpt>
   <trkpt lat="4.8120040" lon="-75.7591800">
    <ele>1285.3</ele>
   </trkpt>
   <trkpt lat="4.8120270" lon="-75.7591730">
    <ele>1285.4</ele>
   </trkpt>
   <trkpt lat="4.8120480" lon="-75.7591660">
    <ele>1285.6</ele>
   </trkpt>
   <trkpt lat="4.8120720" lon="-75.7591570">
    <ele>1285.7</ele>
   </trkpt>
   <trkpt lat="4.8120940" lon="-75.7591480">
    <ele>1285.8</ele>
   </trkpt>
   <trkpt lat="4.8121160" lon="-75.7591380">
    <ele>1286.0</ele>
   </trkpt>
   <trkpt lat="4.8121380" lon="-75.7591280">
    <ele>1286.2</ele>
   </trkpt>
   <trkpt lat="4.8121600" lon="-75.7591180">
    <ele>1286.3</ele>
   </trkpt>
   <trkpt lat="4.8121820" lon="-75.7591090">
    <ele>1286.5</ele>
   </trkpt>
   <trkpt lat="4.8122040" lon="-75.7591000">
    <ele>1286.7</ele>
   </trkpt>
   <trkpt lat="4.8122260" lon="-75.7590930">
    <ele>1286.9</ele>
   </trkpt>
   <trkpt lat="4.8122480" lon="-75.7590850">
    <ele>1287.1</ele>
   </trkpt>
   <trkpt lat="4.8122680" lon="-75.7590770">
    <ele>1287.3</ele>
   </trkpt>
   <trkpt lat="4.8122860" lon="-75.7590720">
    <ele>1287.4</ele>
   </trkpt>
   <trkpt lat="4.8123090" lon="-75.7590660">
    <ele>1287.7</ele>
   </trkpt>
   <trkpt lat="4.8123320" lon="-75.7590610">
    <ele>1287.9</ele>
   </trkpt>
   <trkpt lat="4.8123550" lon="-75.7590560">
    <ele>1288.2</ele>
   </trkpt>
   <trkpt lat="4.8123760" lon="-75.7590500">
    <ele>1288.4</ele>
   </trkpt>
   <trkpt lat="4.8123970" lon="-75.7590430">
    <ele>1288.7</ele>
   </trkpt>
   <trkpt lat="4.8124150" lon="-75.7590340">
    <ele>1288.9</ele>
   </trkpt>
   <trkpt lat="4.8124310" lon="-75.7590240">
    <ele>1289.1</ele>
   </trkpt>
   <trkpt lat="4.8124430" lon="-75.7590110">
    <ele>1289.3</ele>
   </trkpt>
   <trkpt lat="4.8124520" lon="-75.7589950">
    <ele>1289.7</ele>
   </trkpt>
   <trkpt lat="4.8124590" lon="-75.7589760">
    <ele>1289.7</ele>
   </trkpt>
   <trkpt lat="4.8124610" lon="-75.7589570">
    <ele>1289.7</ele>
   </trkpt>
   <trkpt lat="4.8124620" lon="-75.7589420">
    <ele>1289.8</ele>
   </trkpt>
   <trkpt lat="4.8124610" lon="-75.7589270">
    <ele>1289.8</ele>
   </trkpt>
   <trkpt lat="4.8124600" lon="-75.7589080">
    <ele>1289.8</ele>
   </trkpt>
   <trkpt lat="4.8124570" lon="-75.7588890">
    <ele>1289.9</ele>
   </trkpt>
   <trkpt lat="4.8124530" lon="-75.7588690">
    <ele>1289.9</ele>
   </trkpt>
   <trkpt lat="4.8124460" lon="-75.7588490">
    <ele>1290.0</ele>
   </trkpt>
   <trkpt lat="4.8124390" lon="-75.7588290">
    <ele>1290.1</ele>
   </trkpt>
   <trkpt lat="4.8124310" lon="-75.7588080">
    <ele>1290.1</ele>
   </trkpt>
   <trkpt lat="4.8124240" lon="-75.7587870">
    <ele>1290.2</ele>
   </trkpt>
   <trkpt lat="4.8124170" lon="-75.7587680">
    <ele>1290.2</ele>
   </trkpt>
   <trkpt lat="4.8124110" lon="-75.7587460">
    <ele>1290.3</ele>
   </trkpt>
   <trkpt lat="4.8124060" lon="-75.7587230">
    <ele>1290.4</ele>
   </trkpt>
   <trkpt lat="4.8124010" lon="-75.7587010">
    <ele>1290.4</ele>
   </trkpt>
   <trkpt lat="4.8123970" lon="-75.7586790">
    <ele>1290.5</ele>
   </trkpt>
   <trkpt lat="4.8123930" lon="-75.7586580">
    <ele>1290.6</ele>
   </trkpt>
   <trkpt lat="4.8123880" lon="-75.7586370">
    <ele>1290.6</ele>
   </trkpt>
   <trkpt lat="4.8123830" lon="-75.7586170">
    <ele>1290.7</ele>
   </trkpt>
   <trkpt lat="4.8123780" lon="-75.7585970">
    <ele>1290.8</ele>
   </trkpt>
   <trkpt lat="4.8123720" lon="-75.7585780">
    <ele>1290.8</ele>
   </trkpt>
   <trkpt lat="4.8123650" lon="-75.7585590">
    <ele>1290.9</ele>
   </trkpt>
   <trkpt lat="4.8123590" lon="-75.7585400">
    <ele>1291.0</ele>
   </trkpt>
   <trkpt lat="4.8123530" lon="-75.7585210">
    <ele>1291.1</ele>
   </trkpt>
   <trkpt lat="4.8123460" lon="-75.7585030">
    <ele>1291.1</ele>
   </trkpt>
   <trkpt lat="4.8123400" lon="-75.7584850">
    <ele>1291.2</ele>
   </trkpt>
   <trkpt lat="4.8123350" lon="-75.7584650">
    <ele>1291.3</ele>
   </trkpt>
   <trkpt lat="4.8123290" lon="-75.7584460">
    <ele>1291.4</ele>
   </trkpt>
   <trkpt lat="4.8123230" lon="-75.7584280">
    <ele>1291.4</ele>
   </trkpt>
   <trkpt lat="4.8123180" lon="-75.7584100">
    <ele>1291.5</ele>
   </trkpt>
   <trkpt lat="4.8123120" lon="-75.7583920">
    <ele>1291.6</ele>
   </trkpt>
   <trkpt lat="4.8123060" lon="-75.7583740">
    <ele>1291.7</ele>
   </trkpt>
   <trkpt lat="4.8122990" lon="-75.7583560">
    <ele>1291.8</ele>
   </trkpt>
   <trkpt lat="4.8122930" lon="-75.7583370">
    <ele>1291.9</ele>
   </trkpt>
   <trkpt lat="4.8122870" lon="-75.7583210">
    <ele>1292.0</ele>
   </trkpt>
   <trkpt lat="4.8122820" lon="-75.7583000">
    <ele>1292.1</ele>
   </trkpt>
   <trkpt lat="4.8122770" lon="-75.7582790">
    <ele>1292.2</ele>
   </trkpt>
   <trkpt lat="4.8122730" lon="-75.7582580">
    <ele>1292.3</ele>
   </trkpt>
   <trkpt lat="4.8122680" lon="-75.7582380">
    <ele>1292.4</ele>
   </trkpt>
   <trkpt lat="4.8122630" lon="-75.7582170">
    <ele>1292.5</ele>
   </trkpt>
   <trkpt lat="4.8122580" lon="-75.7581970">
    <ele>1292.6</ele>
   </trkpt>
   <trkpt lat="4.8122520" lon="-75.7581820">
    <ele>1292.7</ele>
   </trkpt>
   <trkpt lat="4.8122470" lon="-75.7581690">
    <ele>1292.7</ele>
   </trkpt>
   <trkpt lat="4.8122400" lon="-75.7581530">
    <ele>1292.8</ele>
   </trkpt>
   <trkpt lat="4.8122330" lon="-75.7581340">
    <ele>1292.9</ele>
   </trkpt>
   <trkpt lat="4.8122270" lon="-75.7581150">
    <ele>1293.1</ele>
   </trkpt>
   <trkpt lat="4.8122230" lon="-75.7580980">
    <ele>1293.2</ele>
   </trkpt>
   <trkpt lat="4.8122200" lon="-75.7580810">
    <ele>1293.3</ele>
   </trkpt>
   <trkpt lat="4.8122180" lon="-75.7580630">
    <ele>1293.4</ele>
   </trkpt>
   <trkpt lat="4.8122150" lon="-75.7580450">
    <ele>1293.5</ele>
   </trkpt>
   <trkpt lat="4.8122120" lon="-75.7580280">
    <ele>1293.6</ele>
   </trkpt>
   <trkpt lat="4.8122080" lon="-75.7580100">
    <ele>1293.7</ele>
   </trkpt>
   <trkpt lat="4.8122020" lon="-75.7579920">
    <ele>1293.8</ele>
   </trkpt>
   <trkpt lat="4.8121960" lon="-75.7579740">
    <ele>1293.9</ele>
   </trkpt>
   <trkpt lat="4.8121890" lon="-75.7579570">
    <ele>1294.0</ele>
   </trkpt>
   <trkpt lat="4.8121840" lon="-75.7579390">
    <ele>1294.2</ele>
   </trkpt>
   <trkpt lat="4.8121810" lon="-75.7579230">
    <ele>1294.3</ele>
   </trkpt>
   <trkpt lat="4.8121780" lon="-75.7579100">
    <ele>1294.3</ele>
   </trkpt>
   <trkpt lat="4.8121740" lon="-75.7578910">
    <ele>1294.5</ele>
   </trkpt>
   <trkpt lat="4.8121700" lon="-75.7578730">
    <ele>1294.6</ele>
   </trkpt>
   <trkpt lat="4.8121660" lon="-75.7578550">
    <ele>1294.7</ele>
   </trkpt>
   <trkpt lat="4.8121610" lon="-75.7578370">
    <ele>1294.8</ele>
   </trkpt>
   <trkpt lat="4.8121570" lon="-75.7578180">
    <ele>1295.0</ele>
   </trkpt>
   <trkpt lat="4.8121510" lon="-75.7578000">
    <ele>1295.1</ele>
   </trkpt>
   <trkpt lat="4.8121440" lon="-75.7577820">
    <ele>1295.2</ele>
   </trkpt>
   <trkpt lat="4.8121370" lon="-75.7577640">
    <ele>1295.4</ele>
   </trkpt>
   <trkpt lat="4.8121300" lon="-75.7577510">
    <ele>1295.5</ele>
   </trkpt>
   <trkpt lat="4.8121230" lon="-75.7577370">
    <ele>1295.6</ele>
   </trkpt>
   <trkpt lat="4.8121150" lon="-75.7577260">
    <ele>1295.7</ele>
   </trkpt>
   <trkpt lat="4.8121090" lon="-75.7577140">
    <ele>1295.8</ele>
   </trkpt>
   <trkpt lat="4.8121020" lon="-75.7577020">
    <ele>1295.9</ele>
   </trkpt>
   <trkpt lat="4.8120940" lon="-75.7576870">
    <ele>1296.0</ele>
   </trkpt>
   <trkpt lat="4.8120870" lon="-75.7576720">
    <ele>1296.1</ele>
   </trkpt>
   <trkpt lat="4.8120810" lon="-75.7576590">
    <ele>1296.2</ele>
   </trkpt>
   <trkpt lat="4.8120760" lon="-75.7576450">
    <ele>1296.3</ele>
   </trkpt>
   <trkpt lat="4.8120700" lon="-75.7576310">
    <ele>1296.4</ele>
   </trkpt>
   <trkpt lat="4.8120660" lon="-75.7576170">
    <ele>1296.5</ele>
   </trkpt>
   <trkpt lat="4.8120610" lon="-75.7576030">
    <ele>1296.6</ele>
   </trkpt>
   <trkpt lat="4.8120560" lon="-75.7575900">
    <ele>1296.7</ele>
   </trkpt>
   <trkpt lat="4.8120510" lon="-75.7575770">
    <ele>1296.8</ele>
   </trkpt>
   <trkpt lat="4.8120470" lon="-75.7575640">
    <ele>1296.9</ele>
   </trkpt>
   <trkpt lat="4.8120420" lon="-75.7575510">
    <ele>1297.0</ele>
   </trkpt>
   <trkpt lat="4.8120390" lon="-75.7575380">
    <ele>1297.1</ele>
   </trkpt>
   <trkpt lat="4.8120340" lon="-75.7575250">
    <ele>1297.2</ele>
   </trkpt>
   <trkpt lat="4.8120300" lon="-75.7575120">
    <ele>1297.3</ele>
   </trkpt>
   <trkpt lat="4.8120250" lon="-75.7575000">
    <ele>1297.4</ele>
   </trkpt>
   <trkpt lat="4.8120210" lon="-75.7574890">
    <ele>1297.5</ele>
   </trkpt>
   <trkpt lat="4.8120170" lon="-75.7574780">
    <ele>1297.6</ele>
   </trkpt>
   <trkpt lat="4.8120130" lon="-75.7574680">
    <ele>1297.7</ele>
   </trkpt>
   <trkpt lat="4.8120090" lon="-75.7574580">
    <ele>1297.7</ele>
   </trkpt>
   <trkpt lat="4.8120050" lon="-75.7574480">
    <ele>1297.8</ele>
   </trkpt>
   <trkpt lat="4.8120010" lon="-75.7574360">
    <ele>1297.9</ele>
   </trkpt>
   <trkpt lat="4.8119970" lon="-75.7574270">
    <ele>1298.0</ele>
   </trkpt>
   <trkpt lat="4.8119950" lon="-75.7574190">
    <ele>1298.0</ele>
   </trkpt>
   <trkpt lat="4.8119920" lon="-75.7574070">
    <ele>1298.1</ele>
   </trkpt>
   <trkpt lat="4.8119890" lon="-75.7573950">
    <ele>1298.2</ele>
   </trkpt>
   <trkpt lat="4.8119860" lon="-75.7573830">
    <ele>1298.3</ele>
   </trkpt>
   <trkpt lat="4.8119820" lon="-75.7573720">
    <ele>1298.4</ele>
   </trkpt>
   <trkpt lat="4.8119780" lon="-75.7573570">
    <ele>1298.5</ele>
   </trkpt>
   <trkpt lat="4.8119730" lon="-75.7573460">
    <ele>1298.6</ele>
   </trkpt>
   <trkpt lat="4.8119700" lon="-75.7573360">
    <ele>1298.7</ele>
   </trkpt>
   <trkpt lat="4.8119660" lon="-75.7573230">
    <ele>1298.8</ele>
   </trkpt>
   <trkpt lat="4.8119620" lon="-75.7573090">
    <ele>1298.9</ele>
   </trkpt>
   <trkpt lat="4.8119580" lon="-75.7572960">
    <ele>1299.0</ele>
   </trkpt>
   <trkpt lat="4.8119540" lon="-75.7572830">
    <ele>1299.1</ele>
   </trkpt>
   <trkpt lat="4.8119500" lon="-75.7572700">
    <ele>1299.2</ele>
   </trkpt>
   <trkpt lat="4.8119450" lon="-75.7572570">
    <ele>1299.3</ele>
   </trkpt>
   <trkpt lat="4.8119410" lon="-75.7572440">
    <ele>1299.4</ele>
   </trkpt>
   <trkpt lat="4.8119370" lon="-75.7572310">
    <ele>1299.5</ele>
   </trkpt>
   <trkpt lat="4.8119330" lon="-75.7572180">
    <ele>1299.6</ele>
   </trkpt>
   <trkpt lat="4.8119290" lon="-75.7572060">
    <ele>1299.7</ele>
   </trkpt>
   <trkpt lat="4.8119250" lon="-75.7571930">
    <ele>1299.8</ele>
   </trkpt>
   <trkpt lat="4.8119200" lon="-75.7571800">
    <ele>1299.9</ele>
   </trkpt>
   <trkpt lat="4.8119150" lon="-75.7571670">
    <ele>1300.0</ele>
   </trkpt>
   <trkpt lat="4.8119100" lon="-75.7571530">
    <ele>1300.1</ele>
   </trkpt>
   <trkpt lat="4.8119030" lon="-75.7571350">
    <ele>1300.3</ele>
   </trkpt>
   <trkpt lat="4.8118960" lon="-75.7571190">
    <ele>1300.4</ele>
   </trkpt>
   <trkpt lat="4.8118910" lon="-75.7571080">
    <ele>1300.5</ele>
   </trkpt>
   <trkpt lat="4.8118860" lon="-75.7570970">
    <ele>1300.6</ele>
   </trkpt>
   <trkpt lat="4.8118830" lon="-75.7570910">
    <ele>1300.6</ele>
   </trkpt>
   <trkpt lat="4.8118800" lon="-75.7570830">
    <ele>1300.7</ele>
   </trkpt>
   <trkpt lat="4.8118750" lon="-75.7570710">
    <ele>1300.8</ele>
   </trkpt>
   <trkpt lat="4.8118710" lon="-75.7570590">
    <ele>1300.9</ele>
   </trkpt>
   <trkpt lat="4.8118670" lon="-75.7570470">
    <ele>1301.0</ele>
   </trkpt>
   <trkpt lat="4.8118630" lon="-75.7570350">
    <ele>1301.1</ele>
   </trkpt>
   <trkpt lat="4.8118610" lon="-75.7570280">
    <ele>1301.1</ele>
   </trkpt>
   <trkpt lat="4.8118590" lon="-75.7570200">
    <ele>1301.2</ele>
   </trkpt>
   <trkpt lat="4.8118560" lon="-75.7570070">
    <ele>1301.3</ele>
   </trkpt>
   <trkpt lat="4.8118530" lon="-75.7569930">
    <ele>1301.4</ele>
   </trkpt>
   <trkpt lat="4.8118480" lon="-75.7569740">
    <ele>1301.5</ele>
   </trkpt>
   <trkpt lat="4.8118430" lon="-75.7569580">
    <ele>1301.7</ele>
   </trkpt>
   <trkpt lat="4.8118410" lon="-75.7569450">
    <ele>1301.8</ele>
   </trkpt>
   <trkpt lat="4.8118380" lon="-75.7569330">
    <ele>1301.9</ele>
   </trkpt>
   <trkpt lat="4.8118340" lon="-75.7569210">
    <ele>1302.0</ele>
   </trkpt>
   <trkpt lat="4.8118310" lon="-75.7569080">
    <ele>1302.1</ele>
   </trkpt>
   <trkpt lat="4.8118280" lon="-75.7568960">
    <ele>1302.2</ele>
   </trkpt>
   <trkpt lat="4.8118250" lon="-75.7568840">
    <ele>1302.2</ele>
   </trkpt>
   <trkpt lat="4.8118230" lon="-75.7568750">
    <ele>1302.3</ele>
   </trkpt>
   <trkpt lat="4.8118190" lon="-75.7568610">
    <ele>1302.4</ele>
   </trkpt>
   <trkpt lat="4.8118170" lon="-75.7568480">
    <ele>1302.5</ele>
   </trkpt>
   <trkpt lat="4.8118160" lon="-75.7568370">
    <ele>1302.6</ele>
   </trkpt>
   <trkpt lat="4.8118120" lon="-75.7568230">
    <ele>1302.7</ele>
   </trkpt>
   <trkpt lat="4.8118110" lon="-75.7568150">
    <ele>1302.8</ele>
   </trkpt>
   <trkpt lat="4.8118100" lon="-75.7568060">
    <ele>1302.9</ele>
   </trkpt>
   <trkpt lat="4.8118080" lon="-75.7567940">
    <ele>1302.9</ele>
   </trkpt>
   <trkpt lat="4.8118050" lon="-75.7567820">
    <ele>1303.0</ele>
   </trkpt>
   <trkpt lat="4.8118000" lon="-75.7567670">
    <ele>1303.2</ele>
   </trkpt>
   <trkpt lat="4.8117950" lon="-75.7567530">
    <ele>1303.3</ele>
   </trkpt>
   <trkpt lat="4.8117910" lon="-75.7567420">
    <ele>1303.4</ele>
   </trkpt>
   <trkpt lat="4.8117870" lon="-75.7567300">
    <ele>1303.5</ele>
   </trkpt>
   <trkpt lat="4.8117840" lon="-75.7567180">
    <ele>1303.6</ele>
   </trkpt>
   <trkpt lat="4.8117800" lon="-75.7567050">
    <ele>1303.7</ele>
   </trkpt>
   <trkpt lat="4.8117760" lon="-75.7566940">
    <ele>1303.7</ele>
   </trkpt>
   <trkpt lat="4.8117720" lon="-75.7566820">
    <ele>1303.8</ele>
   </trkpt>
   <trkpt lat="4.8117680" lon="-75.7566710">
    <ele>1303.9</ele>
   </trkpt>
   <trkpt lat="4.8117640" lon="-75.7566600">
    <ele>1304.0</ele>
   </trkpt>
   <trkpt lat="4.8117600" lon="-75.7566480">
    <ele>1304.1</ele>
   </trkpt>
   <trkpt lat="4.8117570" lon="-75.7566360">
    <ele>1304.2</ele>
   </trkpt>
   <trkpt lat="4.8117540" lon="-75.7566250">
    <ele>1304.3</ele>
   </trkpt>
   <trkpt lat="4.8117500" lon="-75.7566140">
    <ele>1304.4</ele>
   </trkpt>
   <trkpt lat="4.8117440" lon="-75.7565990">
    <ele>1304.5</ele>
   </trkpt>
   <trkpt lat="4.8117370" lon="-75.7565840">
    <ele>1304.6</ele>
   </trkpt>
   <trkpt lat="4.8117320" lon="-75.7565700">
    <ele>1304.7</ele>
   </trkpt>
   <trkpt lat="4.8117260" lon="-75.7565500">
    <ele>1304.9</ele>
   </trkpt>
   <trkpt lat="4.8117210" lon="-75.7565290">
    <ele>1305.1</ele>
   </trkpt>
   <trkpt lat="4.8117160" lon="-75.7565070">
    <ele>1305.3</ele>
   </trkpt>
   <trkpt lat="4.8117110" lon="-75.7564840">
    <ele>1305.5</ele>
   </trkpt>
   <trkpt lat="4.8117040" lon="-75.7564620">
    <ele>1305.7</ele>
   </trkpt>
   <trkpt lat="4.8116960" lon="-75.7564400">
    <ele>1305.8</ele>
   </trkpt>
   <trkpt lat="4.8116890" lon="-75.7564180">
    <ele>1306.0</ele>
   </trkpt>
   <trkpt lat="4.8116820" lon="-75.7563970">
    <ele>1306.2</ele>
   </trkpt>
   <trkpt lat="4.8116750" lon="-75.7563760">
    <ele>1306.4</ele>
   </trkpt>
   <trkpt lat="4.8116690" lon="-75.7563550">
    <ele>1306.6</ele>
   </trkpt>
   <trkpt lat="4.8116630" lon="-75.7563330">
    <ele>1306.7</ele>
   </trkpt>
   <trkpt lat="4.8116570" lon="-75.7563130">
    <ele>1306.9</ele>
   </trkpt>
   <trkpt lat="4.8116510" lon="-75.7562920">
    <ele>1307.1</ele>
   </trkpt>
   <trkpt lat="4.8116440" lon="-75.7562710">
    <ele>1307.2</ele>
   </trkpt>
   <trkpt lat="4.8116370" lon="-75.7562490">
    <ele>1307.4</ele>
   </trkpt>
   <trkpt lat="4.8116290" lon="-75.7562270">
    <ele>1307.6</ele>
   </trkpt>
   <trkpt lat="4.8116220" lon="-75.7562080">
    <ele>1307.7</ele>
   </trkpt>
   <trkpt lat="4.8116120" lon="-75.7561860">
    <ele>1307.9</ele>
   </trkpt>
   <trkpt lat="4.8116010" lon="-75.7561650">
    <ele>1308.1</ele>
   </trkpt>
   <trkpt lat="4.8115920" lon="-75.7561470">
    <ele>1308.2</ele>
   </trkpt>
   <trkpt lat="4.8115810" lon="-75.7561260">
    <ele>1308.4</ele>
   </trkpt>
   <trkpt lat="4.8115730" lon="-75.7561040">
    <ele>1308.5</ele>
   </trkpt>
   <trkpt lat="4.8115680" lon="-75.7560820">
    <ele>1308.7</ele>
   </trkpt>
   <trkpt lat="4.8115630" lon="-75.7560590">
    <ele>1308.8</ele>
   </trkpt>
   <trkpt lat="4.8115590" lon="-75.7560360">
    <ele>1309.0</ele>
   </trkpt>
   <trkpt lat="4.8115540" lon="-75.7560140">
    <ele>1309.1</ele>
   </trkpt>
   <trkpt lat="4.8115490" lon="-75.7559920">
    <ele>1309.3</ele>
   </trkpt>
   <trkpt lat="4.8115430" lon="-75.7559710">
    <ele>1309.4</ele>
   </trkpt>
   <trkpt lat="4.8115360" lon="-75.7559500">
    <ele>1309.6</ele>
   </trkpt>
   <trkpt lat="4.8115280" lon="-75.7559320">
    <ele>1309.7</ele>
   </trkpt>
   <trkpt lat="4.8115170" lon="-75.7559140">
    <ele>1309.8</ele>
   </trkpt>
   <trkpt lat="4.8115050" lon="-75.7558960">
    <ele>1309.9</ele>
   </trkpt>
   <trkpt lat="4.8114920" lon="-75.7558800">
    <ele>1310.0</ele>
   </trkpt>
   <trkpt lat="4.8114790" lon="-75.7558640">
    <ele>1310.2</ele>
   </trkpt>
   <trkpt lat="4.8114660" lon="-75.7558510">
    <ele>1310.2</ele>
   </trkpt>
   <trkpt lat="4.8114540" lon="-75.7558370">
    <ele>1310.3</ele>
   </trkpt>
   <trkpt lat="4.8114460" lon="-75.7558220">
    <ele>1310.4</ele>
   </trkpt>
   <trkpt lat="4.8114380" lon="-75.7558050">
    <ele>1310.5</ele>
   </trkpt>
   <trkpt lat="4.8114320" lon="-75.7557870">
    <ele>1310.5</ele>
   </trkpt>
   <trkpt lat="4.8114260" lon="-75.7557680">
    <ele>1310.6</ele>
   </trkpt>
   <trkpt lat="4.8114200" lon="-75.7557470">
    <ele>1310.7</ele>
   </trkpt>
   <trkpt lat="4.8114120" lon="-75.7557260">
    <ele>1310.8</ele>
   </trkpt>
   <trkpt lat="4.8114040" lon="-75.7557040">
    <ele>1310.9</ele>
   </trkpt>
   <trkpt lat="4.8113950" lon="-75.7556830">
    <ele>1310.9</ele>
   </trkpt>
   <trkpt lat="4.8113850" lon="-75.7556620">
    <ele>1311.0</ele>
   </trkpt>
   <trkpt lat="4.8113750" lon="-75.7556420">
    <ele>1311.1</ele>
   </trkpt>
   <trkpt lat="4.8113650" lon="-75.7556210">
    <ele>1311.2</ele>
   </trkpt>
   <trkpt lat="4.8113570" lon="-75.7556010">
    <ele>1311.2</ele>
   </trkpt>
   <trkpt lat="4.8113480" lon="-75.7555810">
    <ele>1311.3</ele>
   </trkpt>
   <trkpt lat="4.8113390" lon="-75.7555600">
    <ele>1311.4</ele>
   </trkpt>
   <trkpt lat="4.8113310" lon="-75.7555390">
    <ele>1311.4</ele>
   </trkpt>
   <trkpt lat="4.8113220" lon="-75.7555190">
    <ele>1311.5</ele>
   </trkpt>
   <trkpt lat="4.8113140" lon="-75.7555010">
    <ele>1311.6</ele>
   </trkpt>
   <trkpt lat="4.8113040" lon="-75.7554840">
    <ele>1311.6</ele>
   </trkpt>
   <trkpt lat="4.8112930" lon="-75.7554680">
    <ele>1311.7</ele>
   </trkpt>
   <trkpt lat="4.8112830" lon="-75.7554490">
    <ele>1311.7</ele>
   </trkpt>
   <trkpt lat="4.8112740" lon="-75.7554270">
    <ele>1311.8</ele>
   </trkpt>
   <trkpt lat="4.8112630" lon="-75.7554050">
    <ele>1311.9</ele>
   </trkpt>
   <trkpt lat="4.8112510" lon="-75.7553900">
    <ele>1311.9</ele>
   </trkpt>
   <trkpt lat="4.8112440" lon="-75.7553770">
    <ele>1311.9</ele>
   </trkpt>
   <trkpt lat="4.8112500" lon="-75.7553550">
    <ele>1312.0</ele>
   </trkpt>
   <trkpt lat="4.8112520" lon="-75.7553280">
    <ele>1312.0</ele>
   </trkpt>
   <trkpt lat="4.8112460" lon="-75.7553020">
    <ele>1312.1</ele>
   </trkpt>
   <trkpt lat="4.8112400" lon="-75.7552790">
    <ele>1312.1</ele>
   </trkpt>
   <trkpt lat="4.8112330" lon="-75.7552580">
    <ele>1312.2</ele>
   </trkpt>
   <trkpt lat="4.8112260" lon="-75.7552360">
    <ele>1312.2</ele>
   </trkpt>
   <trkpt lat="4.8112180" lon="-75.7552120">
    <ele>1312.3</ele>
   </trkpt>
   <trkpt lat="4.8112110" lon="-75.7551910">
    <ele>1312.3</ele>
   </trkpt>
   <trkpt lat="4.8112030" lon="-75.7551710">
    <ele>1312.3</ele>
   </trkpt>
   <trkpt lat="4.8111960" lon="-75.7551520">
    <ele>1312.3</ele>
   </trkpt>
   <trkpt lat="4.8111910" lon="-75.7551350">
    <ele>1312.4</ele>
   </trkpt>
   <trkpt lat="4.8111840" lon="-75.7551130">
    <ele>1312.4</ele>
   </trkpt>
   <trkpt lat="4.8111770" lon="-75.7550880">
    <ele>1312.4</ele>
   </trkpt>
   <trkpt lat="4.8111710" lon="-75.7550670">
    <ele>1312.4</ele>
   </trkpt>
   <trkpt lat="4.8111670" lon="-75.7550480">
    <ele>1312.5</ele>
   </trkpt>
   <trkpt lat="4.8111630" lon="-75.7550260">
    <ele>1312.5</ele>
   </trkpt>
   <trkpt lat="4.8111580" lon="-75.7550060">
    <ele>1312.5</ele>
   </trkpt>
   <trkpt lat="4.8111530" lon="-75.7549850">
    <ele>1312.5</ele>
   </trkpt>
   <trkpt lat="4.8111480" lon="-75.7549630">
    <ele>1312.5</ele>
   </trkpt>
   <trkpt lat="4.8111420" lon="-75.7549420">
    <ele>1312.5</ele>
   </trkpt>
   <trkpt lat="4.8111370" lon="-75.7549200">
    <ele>1312.5</ele>
   </trkpt>
   <trkpt lat="4.8111320" lon="-75.7548980">
    <ele>1312.5</ele>
   </trkpt>
   <trkpt lat="4.8111280" lon="-75.7548760">
    <ele>1312.5</ele>
   </trkpt>
   <trkpt lat="4.8111250" lon="-75.7548530">
    <ele>1312.5</ele>
   </trkpt>
   <trkpt lat="4.8111230" lon="-75.7548300">
    <ele>1312.5</ele>
   </trkpt>
   <trkpt lat="4.8111200" lon="-75.7548080">
    <ele>1312.5</ele>
   </trkpt>
   <trkpt lat="4.8111180" lon="-75.7547850">
    <ele>1312.5</ele>
   </trkpt>
   <trkpt lat="4.8111160" lon="-75.7547620">
    <ele>1312.5</ele>
   </trkpt>
   <trkpt lat="4.8111130" lon="-75.7547400">
    <ele>1312.4</ele>
   </trkpt>
   <trkpt lat="4.8111090" lon="-75.7547180">
    <ele>1312.4</ele>
   </trkpt>
   <trkpt lat="4.8111050" lon="-75.7546960">
    <ele>1312.4</ele>
   </trkpt>
   <trkpt lat="4.8111020" lon="-75.7546750">
    <ele>1312.4</ele>
   </trkpt>
   <trkpt lat="4.8110990" lon="-75.7546530">
    <ele>1312.4</ele>
   </trkpt>
   <trkpt lat="4.8110980" lon="-75.7546310">
    <ele>1312.4</ele>
   </trkpt>
   <trkpt lat="4.8110950" lon="-75.7546090">
    <ele>1312.3</ele>
   </trkpt>
   <trkpt lat="4.8110910" lon="-75.7545880">
    <ele>1312.3</ele>
   </trkpt>
   <trkpt lat="4.8110870" lon="-75.7545680">
    <ele>1312.3</ele>
   </trkpt>
   <trkpt lat="4.8110810" lon="-75.7545480">
    <ele>1312.3</ele>
   </trkpt>
   <trkpt lat="4.8110750" lon="-75.7545290">
    <ele>1312.3</ele>
   </trkpt>
   <trkpt lat="4.8110660" lon="-75.7545090">
    <ele>1312.3</ele>
   </trkpt>
   <trkpt lat="4.8110550" lon="-75.7544850">
    <ele>1312.3</ele>
   </trkpt>
   <trkpt lat="4.8110460" lon="-75.7544660">
    <ele>1312.2</ele>
   </trkpt>
   <trkpt lat="4.8110390" lon="-75.7544470">
    <ele>1312.2</ele>
   </trkpt>
   <trkpt lat="4.8110340" lon="-75.7544270">
    <ele>1312.2</ele>
   </trkpt>
   <trkpt lat="4.8110290" lon="-75.7544060">
    <ele>1312.2</ele>
   </trkpt>
   <trkpt lat="4.8110240" lon="-75.7543850">
    <ele>1312.2</ele>
   </trkpt>
   <trkpt lat="4.8110180" lon="-75.7543630">
    <ele>1312.1</ele>
   </trkpt>
   <trkpt lat="4.8110130" lon="-75.7543400">
    <ele>1312.1</ele>
   </trkpt>
   <trkpt lat="4.8110090" lon="-75.7543180">
    <ele>1312.1</ele>
   </trkpt>
   <trkpt lat="4.8110050" lon="-75.7542970">
    <ele>1312.1</ele>
   </trkpt>
   <trkpt lat="4.8110010" lon="-75.7542790">
    <ele>1312.0</ele>
   </trkpt>
   <trkpt lat="4.8109960" lon="-75.7542560">
    <ele>1312.0</ele>
   </trkpt>
   <trkpt lat="4.8109900" lon="-75.7542330">
    <ele>1312.0</ele>
   </trkpt>
   <trkpt lat="4.8109840" lon="-75.7542110">
    <ele>1312.0</ele>
   </trkpt>
   <trkpt lat="4.8109790" lon="-75.7541890">
    <ele>1311.9</ele>
   </trkpt>
   <trkpt lat="4.8109760" lon="-75.7541680">
    <ele>1311.9</ele>
   </trkpt>
   <trkpt lat="4.8109720" lon="-75.7541470">
    <ele>1311.9</ele>
   </trkpt>
   <trkpt lat="4.8109680" lon="-75.7541260">
    <ele>1311.9</ele>
   </trkpt>
   <trkpt lat="4.8109630" lon="-75.7541060">
    <ele>1311.9</ele>
   </trkpt>
   <trkpt lat="4.8109560" lon="-75.7540870">
    <ele>1311.9</ele>
   </trkpt>
   <trkpt lat="4.8109500" lon="-75.7540680">
    <ele>1311.9</ele>
   </trkpt>
   <trkpt lat="4.8109450" lon="-75.7540480">
    <ele>1311.8</ele>
   </trkpt>
   <trkpt lat="4.8109410" lon="-75.7540270">
    <ele>1311.8</ele>
   </trkpt>
   <trkpt lat="4.8109380" lon="-75.7540070">
    <ele>1311.7</ele>
   </trkpt>
   <trkpt lat="4.8109350" lon="-75.7539860">
    <ele>1311.7</ele>
   </trkpt>
   <trkpt lat="4.8109300" lon="-75.7539650">
    <ele>1311.7</ele>
   </trkpt>
   <trkpt lat="4.8109240" lon="-75.7539430">
    <ele>1311.6</ele>
   </trkpt>
   <trkpt lat="4.8109170" lon="-75.7539210">
    <ele>1311.6</ele>
   </trkpt>
   <trkpt lat="4.8109070" lon="-75.7538950">
    <ele>1311.5</ele>
   </trkpt>
   <trkpt lat="4.8108960" lon="-75.7538740">
    <ele>1311.5</ele>
   </trkpt>
   <trkpt lat="4.8108850" lon="-75.7538520">
    <ele>1311.5</ele>
   </trkpt>
   <trkpt lat="4.8108720" lon="-75.7538280">
    <ele>1311.4</ele>
   </trkpt>
   <trkpt lat="4.8108610" lon="-75.7538030">
    <ele>1311.4</ele>
   </trkpt>
   <trkpt lat="4.8108500" lon="-75.7537790">
    <ele>1311.4</ele>
   </trkpt>
   <trkpt lat="4.8108400" lon="-75.7537550">
    <ele>1311.3</ele>
   </trkpt>
   <trkpt lat="4.8108310" lon="-75.7537330">
    <ele>1311.3</ele>
   </trkpt>
   <trkpt lat="4.8108210" lon="-75.7537130">
    <ele>1311.3</ele>
   </trkpt>
   <trkpt lat="4.8108120" lon="-75.7536920">
    <ele>1311.3</ele>
   </trkpt>
   <trkpt lat="4.8108020" lon="-75.7536710">
    <ele>1311.2</ele>
   </trkpt>
   <trkpt lat="4.8107940" lon="-75.7536500">
    <ele>1311.2</ele>
   </trkpt>
   <trkpt lat="4.8107860" lon="-75.7536290">
    <ele>1311.2</ele>
   </trkpt>
   <trkpt lat="4.8107780" lon="-75.7536080">
    <ele>1311.2</ele>
   </trkpt>
   <trkpt lat="4.8107710" lon="-75.7535890">
    <ele>1311.2</ele>
   </trkpt>
   <trkpt lat="4.8107630" lon="-75.7535700">
    <ele>1311.2</ele>
   </trkpt>
   <trkpt lat="4.8107560" lon="-75.7535500">
    <ele>1311.2</ele>
   </trkpt>
   <trkpt lat="4.8107490" lon="-75.7535290">
    <ele>1311.2</ele>
   </trkpt>
   <trkpt lat="4.8107410" lon="-75.7535070">
    <ele>1311.2</ele>
   </trkpt>
   <trkpt lat="4.8107320" lon="-75.7534860">
    <ele>1311.2</ele>
   </trkpt>
   <trkpt lat="4.8107220" lon="-75.7534650">
    <ele>1311.2</ele>
   </trkpt>
   <trkpt lat="4.8107120" lon="-75.7534430">
    <ele>1311.2</ele>
   </trkpt>
   <trkpt lat="4.8107020" lon="-75.7534210">
    <ele>1311.2</ele>
   </trkpt>
   <trkpt lat="4.8106930" lon="-75.7533980">
    <ele>1311.2</ele>
   </trkpt>
   <trkpt lat="4.8106850" lon="-75.7533750">
    <ele>1311.2</ele>
   </trkpt>
   <trkpt lat="4.8106770" lon="-75.7533500">
    <ele>1311.2</ele>
   </trkpt>
   <trkpt lat="4.8106700" lon="-75.7533260">
    <ele>1311.2</ele>
   </trkpt>
   <trkpt lat="4.8106630" lon="-75.7533020">
    <ele>1311.2</ele>
   </trkpt>
   <trkpt lat="4.8106560" lon="-75.7532810">
    <ele>1311.3</ele>
   </trkpt>
   <trkpt lat="4.8106490" lon="-75.7532580">
    <ele>1311.3</ele>
   </trkpt>
   <trkpt lat="4.8106430" lon="-75.7532360">
    <ele>1311.3</ele>
   </trkpt>
   <trkpt lat="4.8106380" lon="-75.7532160">
    <ele>1311.3</ele>
   </trkpt>
   <trkpt lat="4.8106320" lon="-75.7531930">
    <ele>1311.3</ele>
   </trkpt>
   <trkpt lat="4.8106250" lon="-75.7531700">
    <ele>1311.3</ele>
   </trkpt>
   <trkpt lat="4.8106190" lon="-75.7531480">
    <ele>1311.3</ele>
   </trkpt>
   <trkpt lat="4.8106120" lon="-75.7531260">
    <ele>1311.3</ele>
   </trkpt>
   <trkpt lat="4.8106060" lon="-75.7531030">
    <ele>1311.3</ele>
   </trkpt>
   <trkpt lat="4.8105960" lon="-75.7530770">
    <ele>1311.3</ele>
   </trkpt>
   <trkpt lat="4.8105880" lon="-75.7530540">
    <ele>1311.3</ele>
   </trkpt>
   <trkpt lat="4.8105800" lon="-75.7530320">
    <ele>1311.3</ele>
   </trkpt>
   <trkpt lat="4.8105730" lon="-75.7530100">
    <ele>1311.3</ele>
   </trkpt>
   <trkpt lat="4.8105670" lon="-75.7529880">
    <ele>1311.3</ele>
   </trkpt>
   <trkpt lat="4.8105630" lon="-75.7529670">
    <ele>1311.3</ele>
   </trkpt>
   <trkpt lat="4.8105570" lon="-75.7529490">
    <ele>1311.3</ele>
   </trkpt>
   <trkpt lat="4.8105480" lon="-75.7529260">
    <ele>1311.3</ele>
   </trkpt>
   <trkpt lat="4.8105390" lon="-75.7529040">
    <ele>1311.2</ele>
   </trkpt>
   <trkpt lat="4.8105290" lon="-75.7528820">
    <ele>1311.2</ele>
   </trkpt>
   <trkpt lat="4.8105180" lon="-75.7528600">
    <ele>1311.2</ele>
   </trkpt>
   <trkpt lat="4.8105090" lon="-75.7528370">
    <ele>1311.2</ele>
   </trkpt>
   <trkpt lat="4.8105000" lon="-75.7528130">
    <ele>1311.2</ele>
   </trkpt>
   <trkpt lat="4.8104910" lon="-75.7527890">
    <ele>1311.2</ele>
   </trkpt>
   <trkpt lat="4.8104830" lon="-75.7527650">
    <ele>1311.2</ele>
   </trkpt>
   <trkpt lat="4.8104760" lon="-75.7527450">
    <ele>1311.2</ele>
   </trkpt>
   <trkpt lat="4.8104670" lon="-75.7527210">
    <ele>1311.2</ele>
   </trkpt>
   <trkpt lat="4.8104570" lon="-75.7526990">
    <ele>1311.2</ele>
   </trkpt>
   <trkpt lat="4.8104440" lon="-75.7526780">
    <ele>1311.2</ele>
   </trkpt>
   <trkpt lat="4.8104300" lon="-75.7526550">
    <ele>1311.2</ele>
   </trkpt>
   <trkpt lat="4.8104180" lon="-75.7526370">
    <ele>1311.2</ele>
   </trkpt>
   <trkpt lat="4.8104080" lon="-75.7526170">
    <ele>1311.2</ele>
   </trkpt>
   <trkpt lat="4.8103980" lon="-75.7525980">
    <ele>1311.2</ele>
   </trkpt>
   <trkpt lat="4.8103900" lon="-75.7525780">
    <ele>1311.2</ele>
   </trkpt>
   <trkpt lat="4.8103830" lon="-75.7525560">
    <ele>1311.3</ele>
   </trkpt>
   <trkpt lat="4.8103770" lon="-75.7525350">
    <ele>1311.3</ele>
   </trkpt>
   <trkpt lat="4.8103720" lon="-75.7525130">
    <ele>1311.3</ele>
   </trkpt>
   <trkpt lat="4.8103670" lon="-75.7524910">
    <ele>1311.3</ele>
   </trkpt>
   <trkpt lat="4.8103620" lon="-75.7524700">
    <ele>1311.3</ele>
   </trkpt>
   <trkpt lat="4.8103560" lon="-75.7524490">
    <ele>1311.3</ele>
   </trkpt>
   <trkpt lat="4.8103520" lon="-75.7524290">
    <ele>1311.3</ele>
   </trkpt>
   <trkpt lat="4.8103450" lon="-75.7524060">
    <ele>1311.3</ele>
   </trkpt>
   <trkpt lat="4.8103380" lon="-75.7523800">
    <ele>1311.3</ele>
   </trkpt>
   <trkpt lat="4.8103300" lon="-75.7523550">
    <ele>1311.3</ele>
   </trkpt>
   <trkpt lat="4.8103230" lon="-75.7523300">
    <ele>1311.3</ele>
   </trkpt>
   <trkpt lat="4.8103160" lon="-75.7523060">
    <ele>1311.4</ele>
   </trkpt>
   <trkpt lat="4.8103090" lon="-75.7522810">
    <ele>1311.4</ele>
   </trkpt>
   <trkpt lat="4.8103010" lon="-75.7522570">
    <ele>1311.4</ele>
   </trkpt>
   <trkpt lat="4.8102940" lon="-75.7522330">
    <ele>1311.4</ele>
   </trkpt>
   <trkpt lat="4.8102860" lon="-75.7522080">
    <ele>1311.4</ele>
   </trkpt>
   <trkpt lat="4.8102780" lon="-75.7521840">
    <ele>1311.4</ele>
   </trkpt>
   <trkpt lat="4.8102700" lon="-75.7521610">
    <ele>1311.4</ele>
   </trkpt>
   <trkpt lat="4.8102630" lon="-75.7521370">
    <ele>1311.4</ele>
   </trkpt>
   <trkpt lat="4.8102550" lon="-75.7521140">
    <ele>1311.4</ele>
   </trkpt>
   <trkpt lat="4.8102480" lon="-75.7520910">
    <ele>1311.4</ele>
   </trkpt>
   <trkpt lat="4.8102410" lon="-75.7520680">
    <ele>1311.4</ele>
   </trkpt>
   <trkpt lat="4.8102340" lon="-75.7520460">
    <ele>1311.5</ele>
   </trkpt>
   <trkpt lat="4.8102280" lon="-75.7520290">
    <ele>1311.5</ele>
   </trkpt>
   <trkpt lat="4.8102220" lon="-75.7520080">
    <ele>1311.5</ele>
   </trkpt>
   <trkpt lat="4.8102150" lon="-75.7519870">
    <ele>1311.5</ele>
   </trkpt>
   <trkpt lat="4.8102080" lon="-75.7519640">
    <ele>1311.5</ele>
   </trkpt>
   <trkpt lat="4.8102020" lon="-75.7519440">
    <ele>1311.5</ele>
   </trkpt>
   <trkpt lat="4.8101980" lon="-75.7519300">
    <ele>1311.5</ele>
   </trkpt>
   <trkpt lat="4.8101940" lon="-75.7519160">
    <ele>1311.5</ele>
   </trkpt>
   <trkpt lat="4.8101890" lon="-75.7518970">
    <ele>1311.5</ele>
   </trkpt>
   <trkpt lat="4.8101830" lon="-75.7518750">
    <ele>1311.5</ele>
   </trkpt>
   <trkpt lat="4.8101770" lon="-75.7518510">
    <ele>1311.5</ele>
   </trkpt>
   <trkpt lat="4.8101700" lon="-75.7518270">
    <ele>1311.5</ele>
   </trkpt>
   <trkpt lat="4.8101630" lon="-75.7518040">
    <ele>1311.5</ele>
   </trkpt>
   <trkpt lat="4.8101560" lon="-75.7517820">
    <ele>1311.5</ele>
   </trkpt>
   <trkpt lat="4.8101510" lon="-75.7517660">
    <ele>1311.5</ele>
   </trkpt>
   <trkpt lat="4.8101440" lon="-75.7517450">
    <ele>1311.5</ele>
   </trkpt>
   <trkpt lat="4.8101370" lon="-75.7517230">
    <ele>1311.5</ele>
   </trkpt>
   <trkpt lat="4.8101290" lon="-75.7517000">
    <ele>1311.5</ele>
   </trkpt>
   <trkpt lat="4.8101210" lon="-75.7516760">
    <ele>1311.5</ele>
   </trkpt>
   <trkpt lat="4.8101140" lon="-75.7516550">
    <ele>1311.5</ele>
   </trkpt>
   <trkpt lat="4.8101080" lon="-75.7516390">
    <ele>1311.5</ele>
   </trkpt>
   <trkpt lat="4.8101000" lon="-75.7516250">
    <ele>1311.5</ele>
   </trkpt>
   <trkpt lat="4.8100920" lon="-75.7516070">
    <ele>1311.5</ele>
   </trkpt>
   <trkpt lat="4.8100830" lon="-75.7515910">
    <ele>1311.5</ele>
   </trkpt>
   <trkpt lat="4.8100730" lon="-75.7515750">
    <ele>1311.4</ele>
   </trkpt>
   <trkpt lat="4.8100620" lon="-75.7515570">
    <ele>1311.4</ele>
   </trkpt>
   <trkpt lat="4.8100520" lon="-75.7515380">
    <ele>1311.4</ele>
   </trkpt>
   <trkpt lat="4.8100430" lon="-75.7515200">
    <ele>1311.4</ele>
   </trkpt>
   <trkpt lat="4.8100340" lon="-75.7515000">
    <ele>1311.4</ele>
   </trkpt>
   <trkpt lat="4.8100250" lon="-75.7514750">
    <ele>1311.4</ele>
   </trkpt>
   <trkpt lat="4.8100170" lon="-75.7514510">
    <ele>1311.4</ele>
   </trkpt>
   <trkpt lat="4.8100080" lon="-75.7514280">
    <ele>1311.4</ele>
   </trkpt>
   <trkpt lat="4.8099980" lon="-75.7514060">
    <ele>1311.3</ele>
   </trkpt>
   <trkpt lat="4.8099870" lon="-75.7513850">
    <ele>1311.3</ele>
   </trkpt>
   <trkpt lat="4.8099750" lon="-75.7513650">
    <ele>1311.3</ele>
   </trkpt>
   <trkpt lat="4.8099620" lon="-75.7513460">
    <ele>1311.3</ele>
   </trkpt>
   <trkpt lat="4.8099500" lon="-75.7513270">
    <ele>1311.3</ele>
   </trkpt>
   <trkpt lat="4.8099370" lon="-75.7513090">
    <ele>1311.2</ele>
   </trkpt>
   <trkpt lat="4.8099230" lon="-75.7512930">
    <ele>1311.2</ele>
   </trkpt>
   <trkpt lat="4.8099070" lon="-75.7512760">
    <ele>1311.2</ele>
   </trkpt>
   <trkpt lat="4.8098870" lon="-75.7512570">
    <ele>1311.2</ele>
   </trkpt>
   <trkpt lat="4.8098700" lon="-75.7512420">
    <ele>1311.1</ele>
   </trkpt>
   <trkpt lat="4.8098560" lon="-75.7512300">
    <ele>1311.1</ele>
   </trkpt>
   <trkpt lat="4.8098390" lon="-75.7512140">
    <ele>1311.1</ele>
   </trkpt>
   <trkpt lat="4.8098220" lon="-75.7511960">
    <ele>1311.1</ele>
   </trkpt>
   <trkpt lat="4.8098040" lon="-75.7511770">
    <ele>1311.0</ele>
   </trkpt>
   <trkpt lat="4.8097860" lon="-75.7511580">
    <ele>1311.0</ele>
   </trkpt>
   <trkpt lat="4.8097720" lon="-75.7511450">
    <ele>1310.9</ele>
   </trkpt>
   <trkpt lat="4.8097590" lon="-75.7511350">
    <ele>1310.9</ele>
   </trkpt>
   <trkpt lat="4.8097450" lon="-75.7511280">
    <ele>1310.9</ele>
   </trkpt>
   <trkpt lat="4.8097250" lon="-75.7511200">
    <ele>1310.8</ele>
   </trkpt>
   <trkpt lat="4.8097030" lon="-75.7511120">
    <ele>1310.7</ele>
   </trkpt>
   <trkpt lat="4.8096840" lon="-75.7511040">
    <ele>1310.7</ele>
   </trkpt>
   <trkpt lat="4.8096650" lon="-75.7510940">
    <ele>1310.6</ele>
   </trkpt>
   <trkpt lat="4.8096460" lon="-75.7510830">
    <ele>1310.5</ele>
   </trkpt>
   <trkpt lat="4.8096270" lon="-75.7510730">
    <ele>1310.5</ele>
   </trkpt>
   <trkpt lat="4.8096080" lon="-75.7510630">
    <ele>1310.4</ele>
   </trkpt>
   <trkpt lat="4.8095870" lon="-75.7510550">
    <ele>1310.3</ele>
   </trkpt>
   <trkpt lat="4.8095650" lon="-75.7510490">
    <ele>1310.2</ele>
   </trkpt>
   <trkpt lat="4.8095420" lon="-75.7510440">
    <ele>1310.1</ele>
   </trkpt>
   <trkpt lat="4.8095190" lon="-75.7510410">
    <ele>1310.0</ele>
   </trkpt>
   <trkpt lat="4.8095010" lon="-75.7510370">
    <ele>1309.9</ele>
   </trkpt>
   <trkpt lat="4.8094770" lon="-75.7510330">
    <ele>1309.7</ele>
   </trkpt>
   <trkpt lat="4.8094500" lon="-75.7510280">
    <ele>1309.6</ele>
   </trkpt>
   <trkpt lat="4.8094270" lon="-75.7510240">
    <ele>1309.5</ele>
   </trkpt>
   <trkpt lat="4.8094040" lon="-75.7510180">
    <ele>1309.3</ele>
   </trkpt>
   <trkpt lat="4.8093800" lon="-75.7510130">
    <ele>1309.2</ele>
   </trkpt>
   <trkpt lat="4.8093560" lon="-75.7510090">
    <ele>1309.0</ele>
   </trkpt>
   <trkpt lat="4.8093310" lon="-75.7510050">
    <ele>1308.8</ele>
   </trkpt>
   <trkpt lat="4.8093080" lon="-75.7510040">
    <ele>1308.7</ele>
   </trkpt>
   <trkpt lat="4.8092850" lon="-75.7510030">
    <ele>1308.5</ele>
   </trkpt>
   <trkpt lat="4.8092580" lon="-75.7510010">
    <ele>1308.3</ele>
   </trkpt>
   <trkpt lat="4.8092290" lon="-75.7510010">
    <ele>1308.1</ele>
   </trkpt>
   <trkpt lat="4.8091980" lon="-75.7510020">
    <ele>1307.9</ele>
   </trkpt>
   <trkpt lat="4.8091670" lon="-75.7510060">
    <ele>1307.7</ele>
   </trkpt>
   <trkpt lat="4.8091360" lon="-75.7510100">
    <ele>1307.5</ele>
   </trkpt>
   <trkpt lat="4.8091060" lon="-75.7510160">
    <ele>1307.3</ele>
   </trkpt>
   <trkpt lat="4.8090810" lon="-75.7510220">
    <ele>1307.2</ele>
   </trkpt>
   <trkpt lat="4.8090550" lon="-75.7510280">
    <ele>1307.1</ele>
   </trkpt>
   <trkpt lat="4.8090300" lon="-75.7510360">
    <ele>1307.0</ele>
   </trkpt>
   <trkpt lat="4.8090050" lon="-75.7510450">
    <ele>1307.0</ele>
   </trkpt>
   <trkpt lat="4.8089810" lon="-75.7510550">
    <ele>1306.8</ele>
   </trkpt>
   <trkpt lat="4.8089600" lon="-75.7510650">
    <ele>1306.6</ele>
   </trkpt>
   <trkpt lat="4.8089390" lon="-75.7510760">
    <ele>1306.4</ele>
   </trkpt>
   <trkpt lat="4.8089200" lon="-75.7510860">
    <ele>1306.3</ele>
   </trkpt>
   <trkpt lat="4.8088960" lon="-75.7510980">
    <ele>1306.1</ele>
   </trkpt>
   <trkpt lat="4.8088760" lon="-75.7511100">
    <ele>1305.9</ele>
   </trkpt>
   <trkpt lat="4.8088570" lon="-75.7511220">
    <ele>1305.7</ele>
   </trkpt>
   <trkpt lat="4.8088310" lon="-75.7511380">
    <ele>1305.5</ele>
   </trkpt>
   <trkpt lat="4.8088070" lon="-75.7511530">
    <ele>1305.3</ele>
   </trkpt>
   <trkpt lat="4.8087850" lon="-75.7511660">
    <ele>1305.1</ele>
   </trkpt>
   <trkpt lat="4.8087610" lon="-75.7511800">
    <ele>1304.8</ele>
   </trkpt>
   <trkpt lat="4.8087370" lon="-75.7511920">
    <ele>1304.6</ele>
   </trkpt>
   <trkpt lat="4.8087140" lon="-75.7512030">
    <ele>1304.4</ele>
   </trkpt>
   <trkpt lat="4.8086900" lon="-75.7512130">
    <ele>1304.2</ele>
   </trkpt>
   <trkpt lat="4.8086700" lon="-75.7512210">
    <ele>1304.0</ele>
   </trkpt>
   <trkpt lat="4.8086500" lon="-75.7512280">
    <ele>1303.9</ele>
   </trkpt>
   <trkpt lat="4.8086260" lon="-75.7512370">
    <ele>1303.6</ele>
   </trkpt>
   <trkpt lat="4.8086020" lon="-75.7512470">
    <ele>1303.4</ele>
   </trkpt>
   <trkpt lat="4.8085780" lon="-75.7512570">
    <ele>1303.2</ele>
   </trkpt>
   <trkpt lat="4.8085540" lon="-75.7512680">
    <ele>1303.0</ele>
   </trkpt>
   <trkpt lat="4.8085290" lon="-75.7512770">
    <ele>1302.7</ele>
   </trkpt>
   <trkpt lat="4.8085050" lon="-75.7512870">
    <ele>1302.5</ele>
   </trkpt>
   <trkpt lat="4.8084810" lon="-75.7512960">
    <ele>1302.3</ele>
   </trkpt>
   <trkpt lat="4.8084600" lon="-75.7513060">
    <ele>1302.1</ele>
   </trkpt>
   <trkpt lat="4.8084390" lon="-75.7513170">
    <ele>1301.9</ele>
   </trkpt>
   <trkpt lat="4.8084170" lon="-75.7513280">
    <ele>1301.7</ele>
   </trkpt>
   <trkpt lat="4.8083950" lon="-75.7513410">
    <ele>1301.5</ele>
   </trkpt>
   <trkpt lat="4.8083730" lon="-75.7513540">
    <ele>1301.3</ele>
   </trkpt>
   <trkpt lat="4.8083520" lon="-75.7513680">
    <ele>1301.1</ele>
   </trkpt>
   <trkpt lat="4.8083320" lon="-75.7513820">
    <ele>1300.9</ele>
   </trkpt>
   <trkpt lat="4.8083120" lon="-75.7513950">
    <ele>1300.8</ele>
   </trkpt>
   <trkpt lat="4.8082920" lon="-75.7514070">
    <ele>1300.7</ele>
   </trkpt>
   <trkpt lat="4.8082710" lon="-75.7514170">
    <ele>1300.6</ele>
   </trkpt>
   <trkpt lat="4.8082500" lon="-75.7514260">
    <ele>1300.4</ele>
   </trkpt>
   <trkpt lat="4.8082300" lon="-75.7514350">
    <ele>1300.2</ele>
   </trkpt>
   <trkpt lat="4.8082090" lon="-75.7514430">
    <ele>1300.1</ele>
   </trkpt>
   <trkpt lat="4.8081880" lon="-75.7514500">
    <ele>1299.9</ele>
   </trkpt>
   <trkpt lat="4.8081660" lon="-75.7514560">
    <ele>1299.7</ele>
   </trkpt>
   <trkpt lat="4.8081440" lon="-75.7514620">
    <ele>1299.6</ele>
   </trkpt>
   <trkpt lat="4.8081220" lon="-75.7514700">
    <ele>1299.4</ele>
   </trkpt>
   <trkpt lat="4.8081000" lon="-75.7514800">
    <ele>1299.3</ele>
   </trkpt>
   <trkpt lat="4.8080760" lon="-75.7514930">
    <ele>1299.1</ele>
   </trkpt>
   <trkpt lat="4.8080550" lon="-75.7515040">
    <ele>1298.9</ele>
   </trkpt>
   <trkpt lat="4.8080340" lon="-75.7515150">
    <ele>1298.7</ele>
   </trkpt>
   <trkpt lat="4.8080130" lon="-75.7515250">
    <ele>1298.6</ele>
   </trkpt>
   <trkpt lat="4.8079920" lon="-75.7515330">
    <ele>1298.4</ele>
   </trkpt>
   <trkpt lat="4.8079690" lon="-75.7515410">
    <ele>1298.2</ele>
   </trkpt>
   <trkpt lat="4.8079480" lon="-75.7515500">
    <ele>1298.1</ele>
   </trkpt>
   <trkpt lat="4.8079270" lon="-75.7515600">
    <ele>1297.9</ele>
   </trkpt>
   <trkpt lat="4.8079080" lon="-75.7515710">
    <ele>1297.8</ele>
   </trkpt>
   <trkpt lat="4.8078890" lon="-75.7515820">
    <ele>1297.6</ele>
   </trkpt>
   <trkpt lat="4.8078700" lon="-75.7515930">
    <ele>1297.4</ele>
   </trkpt>
   <trkpt lat="4.8078510" lon="-75.7516040">
    <ele>1297.3</ele>
   </trkpt>
   <trkpt lat="4.8078320" lon="-75.7516160">
    <ele>1297.1</ele>
   </trkpt>
   <trkpt lat="4.8078120" lon="-75.7516280">
    <ele>1297.0</ele>
   </trkpt>
   <trkpt lat="4.8077910" lon="-75.7516430">
    <ele>1296.8</ele>
   </trkpt>
   <trkpt lat="4.8077690" lon="-75.7516590">
    <ele>1296.6</ele>
   </trkpt>
   <trkpt lat="4.8077450" lon="-75.7516770">
    <ele>1296.4</ele>
   </trkpt>
   <trkpt lat="4.8077210" lon="-75.7516960">
    <ele>1296.2</ele>
   </trkpt>
   <trkpt lat="4.8077070" lon="-75.7517060">
    <ele>1296.1</ele>
   </trkpt>
   <trkpt lat="4.8076930" lon="-75.7517130">
    <ele>1296.0</ele>
   </trkpt>
   <trkpt lat="4.8076790" lon="-75.7517210">
    <ele>1295.9</ele>
   </trkpt>
   <trkpt lat="4.8076640" lon="-75.7517290">
    <ele>1295.8</ele>
   </trkpt>
   <trkpt lat="4.8076390" lon="-75.7517410">
    <ele>1295.6</ele>
   </trkpt>
   <trkpt lat="4.8076140" lon="-75.7517540">
    <ele>1295.4</ele>
   </trkpt>
   <trkpt lat="4.8075890" lon="-75.7517660">
    <ele>1295.2</ele>
   </trkpt>
   <trkpt lat="4.8075660" lon="-75.7517780">
    <ele>1295.0</ele>
   </trkpt>
   <trkpt lat="4.8075480" lon="-75.7517870">
    <ele>1294.9</ele>
   </trkpt>
   <trkpt lat="4.8075260" lon="-75.7517990">
    <ele>1294.7</ele>
   </trkpt>
   <trkpt lat="4.8075040" lon="-75.7518110">
    <ele>1294.5</ele>
   </trkpt>
   <trkpt lat="4.8074800" lon="-75.7518230">
    <ele>1294.4</ele>
   </trkpt>
   <trkpt lat="4.8074570" lon="-75.7518350">
    <ele>1294.2</ele>
   </trkpt>
   <trkpt lat="4.8074340" lon="-75.7518470">
    <ele>1294.0</ele>
   </trkpt>
   <trkpt lat="4.8074110" lon="-75.7518590">
    <ele>1293.8</ele>
   </trkpt>
   <trkpt lat="4.8073870" lon="-75.7518720">
    <ele>1293.6</ele>
   </trkpt>
   <trkpt lat="4.8073580" lon="-75.7518870">
    <ele>1293.4</ele>
   </trkpt>
   <trkpt lat="4.8073360" lon="-75.7518990">
    <ele>1293.2</ele>
   </trkpt>
   <trkpt lat="4.8073130" lon="-75.7519100">
    <ele>1293.0</ele>
   </trkpt>
   <trkpt lat="4.8072890" lon="-75.7519220">
    <ele>1292.8</ele>
   </trkpt>
   <trkpt lat="4.8072660" lon="-75.7519340">
    <ele>1292.6</ele>
   </trkpt>
   <trkpt lat="4.8072420" lon="-75.7519450">
    <ele>1292.4</ele>
   </trkpt>
   <trkpt lat="4.8072190" lon="-75.7519570">
    <ele>1292.2</ele>
   </trkpt>
   <trkpt lat="4.8072000" lon="-75.7519680">
    <ele>1292.1</ele>
   </trkpt>
   <trkpt lat="4.8071820" lon="-75.7519750">
    <ele>1291.9</ele>
   </trkpt>
   <trkpt lat="4.8071590" lon="-75.7519810">
    <ele>1291.8</ele>
   </trkpt>
   <trkpt lat="4.8071340" lon="-75.7519920">
    <ele>1291.5</ele>
   </trkpt>
   <trkpt lat="4.8071090" lon="-75.7520020">
    <ele>1291.3</ele>
   </trkpt>
   <trkpt lat="4.8070850" lon="-75.7520120">
    <ele>1291.1</ele>
   </trkpt>
   <trkpt lat="4.8070630" lon="-75.7520200">
    <ele>1290.9</ele>
   </trkpt>
   <trkpt lat="4.8070450" lon="-75.7520260">
    <ele>1290.8</ele>
   </trkpt>
   <trkpt lat="4.8070270" lon="-75.7520340">
    <ele>1290.7</ele>
   </trkpt>
   <trkpt lat="4.8070040" lon="-75.7520450">
    <ele>1290.5</ele>
   </trkpt>
   <trkpt lat="4.8069780" lon="-75.7520550">
    <ele>1290.3</ele>
   </trkpt>
   <trkpt lat="4.8069520" lon="-75.7520660">
    <ele>1290.1</ele>
   </trkpt>
   <trkpt lat="4.8069260" lon="-75.7520750">
    <ele>1290.0</ele>
   </trkpt>
   <trkpt lat="4.8069060" lon="-75.7520840">
    <ele>1289.9</ele>
   </trkpt>
   <trkpt lat="4.8068880" lon="-75.7520950">
    <ele>1289.7</ele>
   </trkpt>
   <trkpt lat="4.8068660" lon="-75.7521090">
    <ele>1289.6</ele>
   </trkpt>
   <trkpt lat="4.8068410" lon="-75.7521240">
    <ele>1289.4</ele>
   </trkpt>
   <trkpt lat="4.8068170" lon="-75.7521370">
    <ele>1289.3</ele>
   </trkpt>
   <trkpt lat="4.8067910" lon="-75.7521500">
    <ele>1289.1</ele>
   </trkpt>
   <trkpt lat="4.8067690" lon="-75.7521610">
    <ele>1289.0</ele>
   </trkpt>
   <trkpt lat="4.8067500" lon="-75.7521730">
    <ele>1288.9</ele>
   </trkpt>
   <trkpt lat="4.8067330" lon="-75.7521840">
    <ele>1288.8</ele>
   </trkpt>
   <trkpt lat="4.8067220" lon="-75.7521930">
    <ele>1288.7</ele>
   </trkpt>
   <trkpt lat="4.8067150" lon="-75.7522010">
    <ele>1288.7</ele>
   </trkpt>
   <trkpt lat="4.8067100" lon="-75.7522050">
    <ele>1288.7</ele>
   </trkpt>
   <trkpt lat="4.8067020" lon="-75.7521970">
    <ele>1288.7</ele>
   </trkpt>
   <trkpt lat="4.8066890" lon="-75.7521770">
    <ele>1288.7</ele>
   </trkpt>
   <trkpt lat="4.8066760" lon="-75.7521580">
    <ele>1288.7</ele>
   </trkpt>
   <trkpt lat="4.8066640" lon="-75.7521400">
    <ele>1288.7</ele>
   </trkpt>
   <trkpt lat="4.8066510" lon="-75.7521220">
    <ele>1288.7</ele>
   </trkpt>
   <trkpt lat="4.8066390" lon="-75.7521050">
    <ele>1288.7</ele>
   </trkpt>
   <trkpt lat="4.8066270" lon="-75.7520880">
    <ele>1288.7</ele>
   </trkpt>
   <trkpt lat="4.8066140" lon="-75.7520710">
    <ele>1288.8</ele>
   </trkpt>
   <trkpt lat="4.8066020" lon="-75.7520540">
    <ele>1288.8</ele>
   </trkpt>
   <trkpt lat="4.8065890" lon="-75.7520380">
    <ele>1288.9</ele>
   </trkpt>
   <trkpt lat="4.8065780" lon="-75.7520220">
    <ele>1288.9</ele>
   </trkpt>
   <trkpt lat="4.8065660" lon="-75.7520070">
    <ele>1289.0</ele>
   </trkpt>
   <trkpt lat="4.8065550" lon="-75.7519910">
    <ele>1289.0</ele>
   </trkpt>
   <trkpt lat="4.8065430" lon="-75.7519750">
    <ele>1289.1</ele>
   </trkpt>
   <trkpt lat="4.8065320" lon="-75.7519590">
    <ele>1289.1</ele>
   </trkpt>
   <trkpt lat="4.8065220" lon="-75.7519440">
    <ele>1289.2</ele>
   </trkpt>
   <trkpt lat="4.8065120" lon="-75.7519290">
    <ele>1289.2</ele>
   </trkpt>
   <trkpt lat="4.8065050" lon="-75.7519180">
    <ele>1289.3</ele>
   </trkpt>
   <trkpt lat="4.8064940" lon="-75.7519010">
    <ele>1289.3</ele>
   </trkpt>
   <trkpt lat="4.8064830" lon="-75.7518850">
    <ele>1289.4</ele>
   </trkpt>
   <trkpt lat="4.8064730" lon="-75.7518700">
    <ele>1289.4</ele>
   </trkpt>
   <trkpt lat="4.8064630" lon="-75.7518530">
    <ele>1289.5</ele>
   </trkpt>
   <trkpt lat="4.8064530" lon="-75.7518370">
    <ele>1289.5</ele>
   </trkpt>
   <trkpt lat="4.8064430" lon="-75.7518210">
    <ele>1289.5</ele>
   </trkpt>
   <trkpt lat="4.8064320" lon="-75.7518040">
    <ele>1289.6</ele>
   </trkpt>
   <trkpt lat="4.8064220" lon="-75.7517880">
    <ele>1289.6</ele>
   </trkpt>
   <trkpt lat="4.8064120" lon="-75.7517710">
    <ele>1289.6</ele>
   </trkpt>
   <trkpt lat="4.8064020" lon="-75.7517560">
    <ele>1289.6</ele>
   </trkpt>
   <trkpt lat="4.8063950" lon="-75.7517440">
    <ele>1289.6</ele>
   </trkpt>
   <trkpt lat="4.8063830" lon="-75.7517270">
    <ele>1289.7</ele>
   </trkpt>
   <trkpt lat="4.8063720" lon="-75.7517110">
    <ele>1289.7</ele>
   </trkpt>
   <trkpt lat="4.8063600" lon="-75.7516930">
    <ele>1289.7</ele>
   </trkpt>
   <trkpt lat="4.8063480" lon="-75.7516760">
    <ele>1289.7</ele>
   </trkpt>
   <trkpt lat="4.8063350" lon="-75.7516600">
    <ele>1289.7</ele>
   </trkpt>
   <trkpt lat="4.8063240" lon="-75.7516450">
    <ele>1289.7</ele>
   </trkpt>
   <trkpt lat="4.8063180" lon="-75.7516390">
    <ele>1289.7</ele>
   </trkpt>
   <trkpt lat="4.8063130" lon="-75.7516390">
    <ele>1289.7</ele>
   </trkpt>
   <trkpt lat="4.8063100" lon="-75.7516410">
    <ele>1289.7</ele>
   </trkpt>
   <trkpt lat="4.8063070" lon="-75.7516370">
    <ele>1289.7</ele>
   </trkpt>
   <trkpt lat="4.8063030" lon="-75.7516300">
    <ele>1289.7</ele>
   </trkpt>
   <trkpt lat="4.8063000" lon="-75.7516220">
    <ele>1289.7</ele>
   </trkpt>
   <trkpt lat="4.8062980" lon="-75.7516160">
    <ele>1289.7</ele>
   </trkpt>
   <trkpt lat="4.8062940" lon="-75.7516070">
    <ele>1289.7</ele>
   </trkpt>
   <trkpt lat="4.8062900" lon="-75.7515990">
    <ele>1289.7</ele>
   </trkpt>
   <trkpt lat="4.8062870" lon="-75.7515930">
    <ele>1289.7</ele>
   </trkpt>
   <trkpt lat="4.8062810" lon="-75.7515830">
    <ele>1289.7</ele>
   </trkpt>
   <trkpt lat="4.8062750" lon="-75.7515740">
    <ele>1289.7</ele>
   </trkpt>
   <trkpt lat="4.8062710" lon="-75.7515710">
    <ele>1289.7</ele>
   </trkpt>
   <trkpt lat="4.8062660" lon="-75.7515660">
    <ele>1289.7</ele>
   </trkpt>
   <trkpt lat="4.8062570" lon="-75.7515570">
    <ele>1289.7</ele>
   </trkpt>
   <trkpt lat="4.8062370" lon="-75.7515670">
    <ele>1289.7</ele>
   </trkpt>
   <trkpt lat="4.8062170" lon="-75.7515770">
    <ele>1289.7</ele>
   </trkpt>
   <trkpt lat="4.8061970" lon="-75.7515870">
    <ele>1289.7</ele>
   </trkpt>
   <trkpt lat="4.8061970" lon="-75.7515870">
    <ele>1289.7</ele>
   </trkpt>
   <trkpt lat="4.8061970" lon="-75.7515870">
    <ele>1289.7</ele>
   </trkpt>
   <trkpt lat="4.8061970" lon="-75.7515870">
    <ele>1289.7</ele>
   </trkpt>
   <trkpt lat="4.8061970" lon="-75.7515870">
    <ele>1289.7</ele>
   </trkpt>
   <trkpt lat="4.8061970" lon="-75.7515870">
    <ele>1289.7</ele>
   </trkpt>
   <trkpt lat="4.8061970" lon="-75.7515870">
    <ele>1289.7</ele>
   </trkpt>
   <trkpt lat="4.8061970" lon="-75.7515870">
    <ele>1289.7</ele>
   </trkpt>
   <trkpt lat="4.8061970" lon="-75.7515870">
    <ele>1289.7</ele>
   </trkpt>
   <trkpt lat="4.8061970" lon="-75.7515870">
    <ele>1289.7</ele>
   </trkpt>
   <trkpt lat="4.8061970" lon="-75.7515870">
    <ele>1289.7</ele>
   </trkpt>
   <trkpt lat="4.8061970" lon="-75.7515870">
    <ele>1289.7</ele>
   </trkpt>
   <trkpt lat="4.8061970" lon="-75.7515870">
    <ele>1289.7</ele>
   </trkpt>
   <trkpt lat="4.8061970" lon="-75.7515870">
    <ele>1289.7</ele>
   </trkpt>
   <trkpt lat="4.8061970" lon="-75.7515870">
    <ele>1289.7</ele>
   </trkpt>
   <trkpt lat="4.8061970" lon="-75.7515870">
    <ele>1289.7</ele>
   </trkpt>
   <trkpt lat="4.8061970" lon="-75.7515870">
    <ele>1289.7</ele>
   </trkpt>
   <trkpt lat="4.8061970" lon="-75.7515870">
    <ele>1289.7</ele>
   </trkpt>
   <trkpt lat="4.8061970" lon="-75.7515870">
    <ele>1289.7</ele>
   </trkpt>
   <trkpt lat="4.8061970" lon="-75.7515870">
    <ele>1289.7</ele>
   </trkpt>
   <trkpt lat="4.8061970" lon="-75.7515870">
    <ele>1289.7</ele>
   </trkpt>
   <trkpt lat="4.8061970" lon="-75.7515870">
    <ele>1289.7</ele>
   </trkpt>
   <trkpt lat="4.8061970" lon="-75.7515870">
    <ele>1289.7</ele>
   </trkpt>
   <trkpt lat="4.8061970" lon="-75.7515870">
    <ele>1289.7</ele>
   </trkpt>
   <trkpt lat="4.8061970" lon="-75.7515870">
    <ele>1289.7</ele>
   </trkpt>
   <trkpt lat="4.8061970" lon="-75.7515870">
    <ele>1289.7</ele>
   </trkpt>
   <trkpt lat="4.8061970" lon="-75.7515870">
    <ele>1289.7</ele>
   </trkpt>
   <trkpt lat="4.8061970" lon="-75.7515870">
    <ele>1289.7</ele>
   </trkpt>
   <trkpt lat="4.8061970" lon="-75.7515870">
    <ele>1289.7</ele>
   </trkpt>
   <trkpt lat="4.8061970" lon="-75.7515870">
    <ele>1289.7</ele>
   </trkpt>
   <trkpt lat="4.8061970" lon="-75.7515870">
    <ele>1289.7</ele>
   </trkpt>
   <trkpt lat="4.8061970" lon="-75.7515870">
    <ele>1289.7</ele>
   </trkpt>
   <trkpt lat="4.8061970" lon="-75.7515870">
    <ele>1289.7</ele>
   </trkpt>
   <trkpt lat="4.8061970" lon="-75.7515870">
    <ele>1289.7</ele>
   </trkpt>
   <trkpt lat="4.8061970" lon="-75.7515870">
    <ele>1289.7</ele>
   </trkpt>
   <trkpt lat="4.8061970" lon="-75.7515870">
    <ele>1289.7</ele>
   </trkpt>
   <trkpt lat="4.8061970" lon="-75.7515870">
    <ele>1289.7</ele>
   </trkpt>
   <trkpt lat="4.8061970" lon="-75.7515870">
    <ele>1289.7</ele>
   </trkpt>
   <trkpt lat="4.8061970" lon="-75.7515870">
    <ele>1289.7</ele>
   </trkpt>
   <trkpt lat="4.8061970" lon="-75.7515870">
    <ele>1289.7</ele>
   </trkpt>
   <trkpt lat="4.8061970" lon="-75.7515870">
    <ele>1289.7</ele>
   </trkpt>
   <trkpt lat="4.8061970" lon="-75.7515870">
    <ele>1289.7</ele>
   </trkpt>
   <trkpt lat="4.8061970" lon="-75.7515870">
    <ele>1289.7</ele>
   </trkpt>
   <trkpt lat="4.8061970" lon="-75.7515870">
    <ele>1289.7</ele>
   </trkpt>
   <trkpt lat="4.8061970" lon="-75.7515870">
    <ele>1289.7</ele>
   </trkpt>
   <trkpt lat="4.8061970" lon="-75.7515870">
    <ele>1289.7</ele>
   </trkpt>
   <trkpt lat="4.8061970" lon="-75.7515870">
    <ele>1289.7</ele>
   </trkpt>
   <trkpt lat="4.8061970" lon="-75.7515870">
    <ele>1289.7</ele>
   </trkpt>
   <trkpt lat="4.8061970" lon="-75.7515870">
    <ele>1289.7</ele>
   </trkpt>
   <trkpt lat="4.8061970" lon="-75.7515870">
    <ele>1289.7</ele>
   </trkpt>
   <trkpt lat="4.8061970" lon="-75.7515870">
    <ele>1289.7</ele>
   </trkpt>
   <trkpt lat="4.8061970" lon="-75.7515870">
    <ele>1289.7</ele>
   </trkpt>
   <trkpt lat="4.8061970" lon="-75.7515870">
    <ele>1289.7</ele>
   </trkpt>
   <trkpt lat="4.8061970" lon="-75.7515870">
    <ele>1289.7</ele>
   </trkpt>
   <trkpt lat="4.8061970" lon="-75.7515870">
    <ele>1289.7</ele>
   </trkpt>
   <trkpt lat="4.8061970" lon="-75.7515870">
    <ele>1289.7</ele>
   </trkpt>
   <trkpt lat="4.8061970" lon="-75.7515870">
    <ele>1289.7</ele>
   </trkpt>
   <trkpt lat="4.8061970" lon="-75.7515870">
    <ele>1289.7</ele>
   </trkpt>
   <trkpt lat="4.8061970" lon="-75.7515870">
    <ele>1289.7</ele>
   </trkpt>
   <trkpt lat="4.8061970" lon="-75.7515870">
    <ele>1289.7</ele>
   </trkpt>
   <trkpt lat="4.8061970" lon="-75.7515870">
    <ele>1289.7</ele>
   </trkpt>
   <trkpt lat="4.8061970" lon="-75.7515870">
    <ele>1289.7</ele>
   </trkpt>
   <trkpt lat="4.8061970" lon="-75.7515870">
    <ele>1289.7</ele>
   </trkpt>
   <trkpt lat="4.8061970" lon="-75.7515870">
    <ele>1289.7</ele>
   </trkpt>
   <trkpt lat="4.8061970" lon="-75.7515870">
    <ele>1289.7</ele>
   </trkpt>
   <trkpt lat="4.8061970" lon="-75.7515870">
    <ele>1289.7</ele>
   </trkpt>
   <trkpt lat="4.8061970" lon="-75.7515870">
    <ele>1289.7</ele>
   </trkpt>
   <trkpt lat="4.8061970" lon="-75.7515870">
    <ele>1289.7</ele>
   </trkpt>
   <trkpt lat="4.8061970" lon="-75.7515870">
    <ele>1289.7</ele>
   </trkpt>
   <trkpt lat="4.8061970" lon="-75.7515870">
    <ele>1289.7</ele>
   </trkpt>
   <trkpt lat="4.8061970" lon="-75.7515870">
    <ele>1289.7</ele>
   </trkpt>
   <trkpt lat="4.8061970" lon="-75.7515870">
    <ele>1289.7</ele>
   </trkpt>
   <trkpt lat="4.8061970" lon="-75.7515870">
    <ele>1289.7</ele>
   </trkpt>
   <trkpt lat="4.8061970" lon="-75.7515870">
    <ele>1289.7</ele>
   </trkpt>
   <trkpt lat="4.8061970" lon="-75.7515870">
    <ele>1289.7</ele>
   </trkpt>
   <trkpt lat="4.8061970" lon="-75.7515870">
    <ele>1289.7</ele>
   </trkpt>
   <trkpt lat="4.8061970" lon="-75.7515870">
    <ele>1289.7</ele>
   </trkpt>
   <trkpt lat="4.8061970" lon="-75.7515870">
    <ele>1289.7</ele>
   </trkpt>
   <trkpt lat="4.8061970" lon="-75.7515870">
    <ele>1289.7</ele>
   </trkpt>
   <trkpt lat="4.8061970" lon="-75.7515870">
    <ele>1289.7</ele>
   </trkpt>
   <trkpt lat="4.8061970" lon="-75.7515870">
    <ele>1289.7</ele>
   </trkpt>
   <trkpt lat="4.8061970" lon="-75.7515870">
    <ele>1289.7</ele>
   </trkpt>
   <trkpt lat="4.8061970" lon="-75.7515870">
    <ele>1289.7</ele>
   </trkpt>
   <trkpt lat="4.8061970" lon="-75.7515870">
    <ele>1289.7</ele>
   </trkpt>
   <trkpt lat="4.8061970" lon="-75.7515870">
    <ele>1289.7</ele>
   </trkpt>
   <trkpt lat="4.8061970" lon="-75.7515870">
    <ele>1289.7</ele>
   </trkpt>
   <trkpt lat="4.8061970" lon="-75.7515870">
    <ele>1289.7</ele>
   </trkpt>
   <trkpt lat="4.8061970" lon="-75.7515870">
    <ele>1289.7</ele>
   </trkpt>
   <trkpt lat="4.8061970" lon="-75.7515870">
    <ele>1289.7</ele>
   </trkpt>
   <trkpt lat="4.8061970" lon="-75.7515870">
    <ele>1289.7</ele>
   </trkpt>
   <trkpt lat="4.8061970" lon="-75.7515870">
    <ele>1289.7</ele>
   </trkpt>
   <trkpt lat="4.8061970" lon="-75.7515870">
    <ele>1289.7</ele>
   </trkpt>
   <trkpt lat="4.8061970" lon="-75.7515870">
    <ele>1289.7</ele>
   </trkpt>
   <trkpt lat="4.8061970" lon="-75.7515870">
    <ele>1289.7</ele>
   </trkpt>
   <trkpt lat="4.8061970" lon="-75.7515870">
    <ele>1289.7</ele>
   </trkpt>
   <trkpt lat="4.8061970" lon="-75.7515870">
    <ele>1289.7</ele>
   </trkpt>
   <trkpt lat="4.8061970" lon="-75.7515870">
    <ele>1289.7</ele>
   </trkpt>
   <trkpt lat="4.8061970" lon="-75.7515870">
    <ele>1289.7</ele>
   </trkpt>
   <trkpt lat="4.8061970" lon="-75.7515870">
    <ele>1289.7</ele>
   </trkpt>
   <trkpt lat="4.8061970" lon="-75.7515870">
    <ele>1289.7</ele>
   </trkpt>
   <trkpt lat="4.8061970" lon="-75.7515870">
    <ele>1289.7</ele>
   </trkpt>
   <trkpt lat="4.8061970" lon="-75.7515870">
    <ele>1289.7</ele>
   </trkpt>
   <trkpt lat="4.8061970" lon="-75.7515870">
    <ele>1289.7</ele>
   </trkpt>
   <trkpt lat="4.8061970" lon="-75.7515870">
    <ele>1289.7</ele>
   </trkpt>
   <trkpt lat="4.8061970" lon="-75.7515870">
    <ele>1289.7</ele>
   </trkpt>
   <trkpt lat="4.8061970" lon="-75.7515870">
    <ele>1289.7</ele>
   </trkpt>
   <trkpt lat="4.8061970" lon="-75.7515870">
    <ele>1289.7</ele>
   </trkpt>
   <trkpt lat="4.8061970" lon="-75.7515870">
    <ele>1289.7</ele>
   </trkpt>
   <trkpt lat="4.8061970" lon="-75.7515870">
    <ele>1289.7</ele>
   </trkpt>
   <trkpt lat="4.8061970" lon="-75.7515870">
    <ele>1289.7</ele>
   </trkpt>
   <trkpt lat="4.8061970" lon="-75.7515870">
    <ele>1289.7</ele>
   </trkpt>
   <trkpt lat="4.8061970" lon="-75.7515870">
    <ele>1289.7</ele>
   </trkpt>
   <trkpt lat="4.8061970" lon="-75.7515870">
    <ele>1289.7</ele>
   </trkpt>
   <trkpt lat="4.8061970" lon="-75.7515870">
    <ele>1289.7</ele>
   </trkpt>
   <trkpt lat="4.8061970" lon="-75.7515870">
    <ele>1289.7</ele>
   </trkpt>
   <trkpt lat="4.8061970" lon="-75.7515870">
    <ele>1289.7</ele>
   </trkpt>
   <trkpt lat="4.8061970" lon="-75.7515870">
    <ele>1289.7</ele>
   </trkpt>
   <trkpt lat="4.8061970" lon="-75.7515870">
    <ele>1289.7</ele>
   </trkpt>
   <trkpt lat="4.8061970" lon="-75.7515870">
    <ele>1289.7</ele>
   </trkpt>
   <trkpt lat="4.8061970" lon="-75.7515870">
    <ele>1289.7</ele>
   </trkpt>
   <trkpt lat="4.8061970" lon="-75.7515870">
    <ele>1289.7</ele>
   </trkpt>
   <trkpt lat="4.8061970" lon="-75.7515870">
    <ele>1289.7</ele>
   </trkpt>
   <trkpt lat="4.8061970" lon="-75.7515870">
    <ele>1289.7</ele>
   </trkpt>
   <trkpt lat="4.8061970" lon="-75.7515870">
    <ele>1289.7</ele>
   </trkpt>
   <trkpt lat="4.8061970" lon="-75.7515870">
    <ele>1289.7</ele>
   </trkpt>
   <trkpt lat="4.8061970" lon="-75.7515870">
    <ele>1289.7</ele>
   </trkpt>
   <trkpt lat="4.8061970" lon="-75.7515870">
    <ele>1289.7</ele>
   </trkpt>
   <trkpt lat="4.8061970" lon="-75.7515870">
    <ele>1289.7</ele>
   </trkpt>
   <trkpt lat="4.8061970" lon="-75.7515870">
    <ele>1289.7</ele>
   </trkpt>
   <trkpt lat="4.8061970" lon="-75.7515870">
    <ele>1289.7</ele>
   </trkpt>
   <trkpt lat="4.8061970" lon="-75.7515870">
    <ele>1289.7</ele>
   </trkpt>
   <trkpt lat="4.8061970" lon="-75.7515870">
    <ele>1289.7</ele>
   </trkpt>
   <trkpt lat="4.8061970" lon="-75.7515870">
    <ele>1289.7</ele>
   </trkpt>
   <trkpt lat="4.8061970" lon="-75.7515870">
    <ele>1289.7</ele>
   </trkpt>
   <trkpt lat="4.8061970" lon="-75.7515870">
    <ele>1289.7</ele>
   </trkpt>
   <trkpt lat="4.8061970" lon="-75.7515870">
    <ele>1289.7</ele>
   </trkpt>
   <trkpt lat="4.8061970" lon="-75.7515870">
    <ele>1289.7</ele>
   </trkpt>
   <trkpt lat="4.8061970" lon="-75.7515870">
    <ele>1289.7</ele>
   </trkpt>
   <trkpt lat="4.8061970" lon="-75.7515870">
    <ele>1289.7</ele>
   </trkpt>
   <trkpt lat="4.8061970" lon="-75.7515870">
    <ele>1289.7</ele>
   </trkpt>
   <trkpt lat="4.8061970" lon="-75.7515870">
    <ele>1289.7</ele>
   </trkpt>
   <trkpt lat="4.8061970" lon="-75.7515870">
    <ele>1289.7</ele>
   </trkpt>
   <trkpt lat="4.8061970" lon="-75.7515870">
    <ele>1289.7</ele>
   </trkpt>
   <trkpt lat="4.8061970" lon="-75.7515870">
    <ele>1289.7</ele>
   </trkpt>
   <trkpt lat="4.8061970" lon="-75.7515870">
    <ele>1289.7</ele>
   </trkpt>
   <trkpt lat="4.8061970" lon="-75.7515870">
    <ele>1289.7</ele>
   </trkpt>
   <trkpt lat="4.8061970" lon="-75.7515870">
    <ele>1289.7</ele>
   </trkpt>
   <trkpt lat="4.8061970" lon="-75.7515870">
    <ele>1289.7</ele>
   </trkpt>
   <trkpt lat="4.8061970" lon="-75.7515870">
    <ele>1289.7</ele>
   </trkpt>
   <trkpt lat="4.8061970" lon="-75.7515870">
    <ele>1289.7</ele>
   </trkpt>
   <trkpt lat="4.8061970" lon="-75.7515870">
    <ele>1289.7</ele>
   </trkpt>
   <trkpt lat="4.8061970" lon="-75.7515870">
    <ele>1289.7</ele>
   </trkpt>
   <trkpt lat="4.8061970" lon="-75.7515870">
    <ele>1289.7</ele>
   </trkpt>
   <trkpt lat="4.8061970" lon="-75.7515870">
    <ele>1289.7</ele>
   </trkpt>
   <trkpt lat="4.8061970" lon="-75.7515870">
    <ele>1289.7</ele>
   </trkpt>
   <trkpt lat="4.8061970" lon="-75.7515870">
    <ele>1289.7</ele>
   </trkpt>
   <trkpt lat="4.8061970" lon="-75.7515870">
    <ele>1289.7</ele>
   </trkpt>
   <trkpt lat="4.8061970" lon="-75.7515870">
    <ele>1289.7</ele>
   </trkpt>
   <trkpt lat="4.8061970" lon="-75.7515870">
    <ele>1289.7</ele>
   </trkpt>
   <trkpt lat="4.8061970" lon="-75.7515870">
    <ele>1289.7</ele>
   </trkpt>
   <trkpt lat="4.8061970" lon="-75.7515870">
    <ele>1289.7</ele>
   </trkpt>
   <trkpt lat="4.8061970" lon="-75.7515870">
    <ele>1289.7</ele>
   </trkpt>
   <trkpt lat="4.8061970" lon="-75.7515870">
    <ele>1289.7</ele>
   </trkpt>
   <trkpt lat="4.8061970" lon="-75.7515870">
    <ele>1289.7</ele>
   </trkpt>
   <trkpt lat="4.8061970" lon="-75.7515870">
    <ele>1289.7</ele>
   </trkpt>
   <trkpt lat="4.8061970" lon="-75.7515870">
    <ele>1289.7</ele>
   </trkpt>
   <trkpt lat="4.8061970" lon="-75.7515870">
    <ele>1289.7</ele>
   </trkpt>
   <trkpt lat="4.8061970" lon="-75.7515870">
    <ele>1289.7</ele>
   </trkpt>
   <trkpt lat="4.8061970" lon="-75.7515870">
    <ele>1289.7</ele>
   </trkpt>
   <trkpt lat="4.8061970" lon="-75.7515870">
    <ele>1289.7</ele>
   </trkpt>
   <trkpt lat="4.8061970" lon="-75.7515870">
    <ele>1289.7</ele>
   </trkpt>
   <trkpt lat="4.8061970" lon="-75.7515870">
    <ele>1289.7</ele>
   </trkpt>
   <trkpt lat="4.8061970" lon="-75.7515870">
    <ele>1289.7</ele>
   </trkpt>
   <trkpt lat="4.8061970" lon="-75.7515870">
    <ele>1289.7</ele>
   </trkpt>
   <trkpt lat="4.8061970" lon="-75.7515870">
    <ele>1289.7</ele>
   </trkpt>
   <trkpt lat="4.8061970" lon="-75.7515870">
    <ele>1289.7</ele>
   </trkpt>
   <trkpt lat="4.8061970" lon="-75.7515870">
    <ele>1289.7</ele>
   </trkpt>
   <trkpt lat="4.8061970" lon="-75.7515870">
    <ele>1289.7</ele>
   </trkpt>
   <trkpt lat="4.8061970" lon="-75.7515870">
    <ele>1289.7</ele>
   </trkpt>
   <trkpt lat="4.8061970" lon="-75.7515870">
    <ele>1289.7</ele>
   </trkpt>
   <trkpt lat="4.8061970" lon="-75.7515870">
    <ele>1289.7</ele>
   </trkpt>
   <trkpt lat="4.8061970" lon="-75.7515870">
    <ele>1289.7</ele>
   </trkpt>
   <trkpt lat="4.8061970" lon="-75.7515870">
    <ele>1289.7</ele>
   </trkpt>
   <trkpt lat="4.8061970" lon="-75.7515870">
    <ele>1289.7</ele>
   </trkpt>
   <trkpt lat="4.8061970" lon="-75.7515870">
    <ele>1289.7</ele>
   </trkpt>
   <trkpt lat="4.8061970" lon="-75.7515870">
    <ele>1289.7</ele>
   </trkpt>
   <trkpt lat="4.8061970" lon="-75.7515870">
    <ele>1289.7</ele>
   </trkpt>
   <trkpt lat="4.8061970" lon="-75.7515870">
    <ele>1289.7</ele>
   </trkpt>
   <trkpt lat="4.8061970" lon="-75.7515870">
    <ele>1289.7</ele>
   </trkpt>
   <trkpt lat="4.8061970" lon="-75.7515870">
    <ele>1289.7</ele>
   </trkpt>
   <trkpt lat="4.8061970" lon="-75.7515870">
    <ele>1289.7</ele>
   </trkpt>
   <trkpt lat="4.8061970" lon="-75.7515870">
    <ele>1289.7</ele>
   </trkpt>
   <trkpt lat="4.8061970" lon="-75.7515870">
    <ele>1289.7</ele>
   </trkpt>
   <trkpt lat="4.8061970" lon="-75.7515870">
    <ele>1289.7</ele>
   </trkpt>
   <trkpt lat="4.8061970" lon="-75.7515870">
    <ele>1289.7</ele>
   </trkpt>
   <trkpt lat="4.8061970" lon="-75.7515870">
    <ele>1289.7</ele>
   </trkpt>
   <trkpt lat="4.8061970" lon="-75.7515870">
    <ele>1289.7</ele>
   </trkpt>
   <trkpt lat="4.8061970" lon="-75.7515870">
    <ele>1289.7</ele>
   </trkpt>
   <trkpt lat="4.8061970" lon="-75.7515870">
    <ele>1289.7</ele>
   </trkpt>
   <trkpt lat="4.8061970" lon="-75.7515870">
    <ele>1289.7</ele>
   </trkpt>
   <trkpt lat="4.8061970" lon="-75.7515870">
    <ele>1289.7</ele>
   </trkpt>
   <trkpt lat="4.8061970" lon="-75.7515870">
    <ele>1289.7</ele>
   </trkpt>
   <trkpt lat="4.8061970" lon="-75.7515870">
    <ele>1289.7</ele>
   </trkpt>
   <trkpt lat="4.8061970" lon="-75.7515870">
    <ele>1289.7</ele>
   </trkpt>
   <trkpt lat="4.8061970" lon="-75.7515870">
    <ele>1289.7</ele>
   </trkpt>
   <trkpt lat="4.8061970" lon="-75.7515870">
    <ele>1289.7</ele>
   </trkpt>
   <trkpt lat="4.8061970" lon="-75.7515870">
    <ele>1289.7</ele>
   </trkpt>
   <trkpt lat="4.8061970" lon="-75.7515870">
    <ele>1289.7</ele>
   </trkpt>
   <trkpt lat="4.8061970" lon="-75.7515870">
    <ele>1289.7</ele>
   </trkpt>
   <trkpt lat="4.8061970" lon="-75.7515870">
    <ele>1289.7</ele>
   </trkpt>
   <trkpt lat="4.8061970" lon="-75.7515870">
    <ele>1289.7</ele>
   </trkpt>
   <trkpt lat="4.8061970" lon="-75.7515870">
    <ele>1289.7</ele>
   </trkpt>
   <trkpt lat="4.8061970" lon="-75.7515870">
    <ele>1289.7</ele>
   </trkpt>
   <trkpt lat="4.8061970" lon="-75.7515870">
    <ele>1289.7</ele>
   </trkpt>
   <trkpt lat="4.8061970" lon="-75.7515870">
    <ele>1289.7</ele>
   </trkpt>
   <trkpt lat="4.8061970" lon="-75.7515870">
    <ele>1289.7</ele>
   </trkpt>
   <trkpt lat="4.8061970" lon="-75.7515870">
    <ele>1289.7</ele>
   </trkpt>
   <trkpt lat="4.8061970" lon="-75.7515870">
    <ele>1289.7</ele>
   </trkpt>
   <trkpt lat="4.8061970" lon="-75.7515870">
    <ele>1289.7</ele>
   </trkpt>
   <trkpt lat="4.8061970" lon="-75.7515870">
    <ele>1289.7</ele>
   </trkpt>
   <trkpt lat="4.8061970" lon="-75.7515870">
    <ele>1289.7</ele>
   </trkpt>
   <trkpt lat="4.8061970" lon="-75.7515870">
    <ele>1289.7</ele>
   </trkpt>
   <trkpt lat="4.8061970" lon="-75.7515870">
    <ele>1289.7</ele>
   </trkpt>
   <trkpt lat="4.8061970" lon="-75.7515870">
    <ele>1289.7</ele>
   </trkpt>
   <trkpt lat="4.8061970" lon="-75.7515870">
    <ele>1289.7</ele>
   </trkpt>
   <trkpt lat="4.8061970" lon="-75.7515870">
    <ele>1289.7</ele>
   </trkpt>
   <trkpt lat="4.8061970" lon="-75.7515870">
    <ele>1289.7</ele>
   </trkpt>
   <trkpt lat="4.8061970" lon="-75.7515870">
    <ele>1289.7</ele>
   </trkpt>
   <trkpt lat="4.8061970" lon="-75.7515870">
    <ele>1289.7</ele>
   </trkpt>
   <trkpt lat="4.8061970" lon="-75.7515870">
    <ele>1289.7</ele>
   </trkpt>
   <trkpt lat="4.8061970" lon="-75.7515870">
    <ele>1289.7</ele>
   </trkpt>
   <trkpt lat="4.8061970" lon="-75.7515870">
    <ele>1289.7</ele>
   </trkpt>
   <trkpt lat="4.8061970" lon="-75.7515870">
    <ele>1289.7</ele>
   </trkpt>
   <trkpt lat="4.8061970" lon="-75.7515870">
    <ele>1289.7</ele>
   </trkpt>
   <trkpt lat="4.8061970" lon="-75.7515870">
    <ele>1289.7</ele>
   </trkpt>
   <trkpt lat="4.8061970" lon="-75.7515870">
    <ele>1289.7</ele>
   </trkpt>
   <trkpt lat="4.8061970" lon="-75.7515870">
    <ele>1289.7</ele>
   </trkpt>
   <trkpt lat="4.8061970" lon="-75.7515870">
    <ele>1289.7</ele>
   </trkpt>
   <trkpt lat="4.8061970" lon="-75.7515870">
    <ele>1289.7</ele>
   </trkpt>
   <trkpt lat="4.8061970" lon="-75.7515870">
    <ele>1289.7</ele>
   </trkpt>
   <trkpt lat="4.8061970" lon="-75.7515870">
    <ele>1289.7</ele>
   </trkpt>
   <trkpt lat="4.8061970" lon="-75.7515870">
    <ele>1289.7</ele>
   </trkpt>
   <trkpt lat="4.8061970" lon="-75.7515870">
    <ele>1289.7</ele>
   </trkpt>
   <trkpt lat="4.8061970" lon="-75.7515870">
    <ele>1289.7</ele>
   </trkpt>
   <trkpt lat="4.8061970" lon="-75.7515870">
    <ele>1289.7</ele>
   </trkpt>
   <trkpt lat="4.8061970" lon="-75.7515870">
    <ele>1289.7</ele>
   </trkpt>
   <trkpt lat="4.8061970" lon="-75.7515870">
    <ele>1289.7</ele>
   </trkpt>
   <trkpt lat="4.8061970" lon="-75.7515870">
    <ele>1289.7</ele>
   </trkpt>
   <trkpt lat="4.8061970" lon="-75.7515870">
    <ele>1289.7</ele>
   </trkpt>
   <trkpt lat="4.8061970" lon="-75.7515870">
    <ele>1289.7</ele>
   </trkpt>
   <trkpt lat="4.8061970" lon="-75.7515870">
    <ele>1289.7</ele>
   </trkpt>
   <trkpt lat="4.8061970" lon="-75.7515870">
    <ele>1289.7</ele>
   </trkpt>
   <trkpt lat="4.8061970" lon="-75.7515870">
    <ele>1289.7</ele>
   </trkpt>
   <trkpt lat="4.8061970" lon="-75.7515870">
    <ele>1289.7</ele>
   </trkpt>
   <trkpt lat="4.8061970" lon="-75.7515870">
    <ele>1289.7</ele>
   </trkpt>
   <trkpt lat="4.8061970" lon="-75.7515870">
    <ele>1289.7</ele>
   </trkpt>
   <trkpt lat="4.8061970" lon="-75.7515870">
    <ele>1289.7</ele>
   </trkpt>
   <trkpt lat="4.8061970" lon="-75.7515870">
    <ele>1289.7</ele>
   </trkpt>
   <trkpt lat="4.8061970" lon="-75.7515870">
    <ele>1289.7</ele>
   </trkpt>
   <trkpt lat="4.8061970" lon="-75.7515870">
    <ele>1289.7</ele>
   </trkpt>
   <trkpt lat="4.8061970" lon="-75.7515870">
    <ele>1289.7</ele>
   </trkpt>
   <trkpt lat="4.8061970" lon="-75.7515870">
    <ele>1289.7</ele>
   </trkpt>
   <trkpt lat="4.8061970" lon="-75.7515870">
    <ele>1289.7</ele>
   </trkpt>
   <trkpt lat="4.8061970" lon="-75.7515870">
    <ele>1289.7</ele>
   </trkpt>
   <trkpt lat="4.8061970" lon="-75.7515870">
    <ele>1289.7</ele>
   </trkpt>
   <trkpt lat="4.8061970" lon="-75.7515870">
    <ele>1289.7</ele>
   </trkpt>
   <trkpt lat="4.8061970" lon="-75.7515870">
    <ele>1289.7</ele>
   </trkpt>
   <trkpt lat="4.8061970" lon="-75.7515870">
    <ele>1289.7</ele>
   </trkpt>
   <trkpt lat="4.8061970" lon="-75.7515870">
    <ele>1289.7</ele>
   </trkpt>
   <trkpt lat="4.8061970" lon="-75.7515870">
    <ele>1289.7</ele>
   </trkpt>
   <trkpt lat="4.8061970" lon="-75.7515870">
    <ele>1289.7</ele>
   </trkpt>
   <trkpt lat="4.8061970" lon="-75.7515870">
    <ele>1289.7</ele>
   </trkpt>
   <trkpt lat="4.8061970" lon="-75.7515870">
    <ele>1289.7</ele>
   </trkpt>
   <trkpt lat="4.8061970" lon="-75.7515870">
    <ele>1289.7</ele>
   </trkpt>
   <trkpt lat="4.8061970" lon="-75.7515870">
    <ele>1289.7</ele>
   </trkpt>
   <trkpt lat="4.8061970" lon="-75.7515870">
    <ele>1289.7</ele>
   </trkpt>
   <trkpt lat="4.8061970" lon="-75.7515870">
    <ele>1289.7</ele>
   </trkpt>
   <trkpt lat="4.8061970" lon="-75.7515870">
    <ele>1289.7</ele>
   </trkpt>
   <trkpt lat="4.8061970" lon="-75.7515870">
    <ele>1289.7</ele>
   </trkpt>
   <trkpt lat="4.8061970" lon="-75.7515870">
    <ele>1289.7</ele>
   </trkpt>
   <trkpt lat="4.8061970" lon="-75.7515870">
    <ele>1289.7</ele>
   </trkpt>
   <trkpt lat="4.8061970" lon="-75.7515870">
    <ele>1289.7</ele>
   </trkpt>
   <trkpt lat="4.8061970" lon="-75.7515870">
    <ele>1289.7</ele>
   </trkpt>
   <trkpt lat="4.8061970" lon="-75.7515870">
    <ele>1289.7</ele>
   </trkpt>
   <trkpt lat="4.8061970" lon="-75.7515870">
    <ele>1289.7</ele>
   </trkpt>
   <trkpt lat="4.8061970" lon="-75.7515870">
    <ele>1289.7</ele>
   </trkpt>
   <trkpt lat="4.8061970" lon="-75.7515870">
    <ele>1289.7</ele>
   </trkpt>
   <trkpt lat="4.8061970" lon="-75.7515870">
    <ele>1289.7</ele>
   </trkpt>
   <trkpt lat="4.8061970" lon="-75.7515870">
    <ele>1289.7</ele>
   </trkpt>
   <trkpt lat="4.8061970" lon="-75.7515870">
    <ele>1289.7</ele>
   </trkpt>
   <trkpt lat="4.8061970" lon="-75.7515870">
    <ele>1289.7</ele>
   </trkpt>
   <trkpt lat="4.8061970" lon="-75.7515870">
    <ele>1289.7</ele>
   </trkpt>
   <trkpt lat="4.8061970" lon="-75.7515870">
    <ele>1289.7</ele>
   </trkpt>
   <trkpt lat="4.8061970" lon="-75.7515870">
    <ele>1289.7</ele>
   </trkpt>
   <trkpt lat="4.8061970" lon="-75.7515870">
    <ele>1289.7</ele>
   </trkpt>
   <trkpt lat="4.8061970" lon="-75.7515870">
    <ele>1289.7</ele>
   </trkpt>
   <trkpt lat="4.8061970" lon="-75.7515870">
    <ele>1289.7</ele>
   </trkpt>
   <trkpt lat="4.8061970" lon="-75.7515870">
    <ele>1289.7</ele>
   </trkpt>
   <trkpt lat="4.8061970" lon="-75.7515870">
    <ele>1289.7</ele>
   </trkpt>
   <trkpt lat="4.8061970" lon="-75.7515870">
    <ele>1289.7</ele>
   </trkpt>
   <trkpt lat="4.8061970" lon="-75.7515870">
    <ele>1289.7</ele>
   </trkpt>
   <trkpt lat="4.8061970" lon="-75.7515870">
    <ele>1289.7</ele>
   </trkpt>
   <trkpt lat="4.8061970" lon="-75.7515870">
    <ele>1289.7</ele>
   </trkpt>
   <trkpt lat="4.8061970" lon="-75.7515870">
    <ele>1289.7</ele>
   </trkpt>
   <trkpt lat="4.8061970" lon="-75.7515870">
    <ele>1289.7</ele>
   </trkpt>
   <trkpt lat="4.8061970" lon="-75.7515870">
    <ele>1289.7</ele>
   </trkpt>
   <trkpt lat="4.8061970" lon="-75.7515870">
    <ele>1289.7</ele>
   </trkpt>
   <trkpt lat="4.8061970" lon="-75.7515870">
    <ele>1289.7</ele>
   </trkpt>
   <trkpt lat="4.8061970" lon="-75.7515870">
    <ele>1289.7</ele>
   </trkpt>
   <trkpt lat="4.8061970" lon="-75.7515870">
    <ele>1289.7</ele>
   </trkpt>
   <trkpt lat="4.8061970" lon="-75.7515870">
    <ele>1289.7</ele>
   </trkpt>
   <trkpt lat="4.8061970" lon="-75.7515870">
    <ele>1289.7</ele>
   </trkpt>
   <trkpt lat="4.8061970" lon="-75.7515870">
    <ele>1289.7</ele>
   </trkpt>
   <trkpt lat="4.8061970" lon="-75.7515870">
    <ele>1289.7</ele>
   </trkpt>
   <trkpt lat="4.8061970" lon="-75.7515870">
    <ele>1289.7</ele>
   </trkpt>
   <trkpt lat="4.8061970" lon="-75.7515870">
    <ele>1289.7</ele>
   </trkpt>
   <trkpt lat="4.8061970" lon="-75.7515870">
    <ele>1289.7</ele>
   </trkpt>
   <trkpt lat="4.8061970" lon="-75.7515870">
    <ele>1289.7</ele>
   </trkpt>
   <trkpt lat="4.8061970" lon="-75.7515870">
    <ele>1289.7</ele>
   </trkpt>
   <trkpt lat="4.8061970" lon="-75.7515870">
    <ele>1289.7</ele>
   </trkpt>
   <trkpt lat="4.8061970" lon="-75.7515870">
    <ele>1289.7</ele>
   </trkpt>
   <trkpt lat="4.8061970" lon="-75.7515870">
    <ele>1289.7</ele>
   </trkpt>
   <trkpt lat="4.8061970" lon="-75.7515870">
    <ele>1289.7</ele>
   </trkpt>
   <trkpt lat="4.8061970" lon="-75.7515870">
    <ele>1289.7</ele>
   </trkpt>
   <trkpt lat="4.8061970" lon="-75.7515870">
    <ele>1289.7</ele>
   </trkpt>
   <trkpt lat="4.8061970" lon="-75.7515870">
    <ele>1289.7</ele>
   </trkpt>
   <trkpt lat="4.8061970" lon="-75.7515870">
    <ele>1289.7</ele>
   </trkpt>
   <trkpt lat="4.8061970" lon="-75.7515870">
    <ele>1289.7</ele>
   </trkpt>
   <trkpt lat="4.8061970" lon="-75.7515870">
    <ele>1289.7</ele>
   </trkpt>
   <trkpt lat="4.8061970" lon="-75.7515870">
    <ele>1289.7</ele>
   </trkpt>
   <trkpt lat="4.8061970" lon="-75.7515870">
    <ele>1289.7</ele>
   </trkpt>
   <trkpt lat="4.8061970" lon="-75.7515870">
    <ele>1289.7</ele>
   </trkpt>
   <trkpt lat="4.8061970" lon="-75.7515870">
    <ele>1289.7</ele>
   </trkpt>
   <trkpt lat="4.8061970" lon="-75.7515870">
    <ele>1289.7</ele>
   </trkpt>
   <trkpt lat="4.8061970" lon="-75.7515870">
    <ele>1289.7</ele>
   </trkpt>
   <trkpt lat="4.8061970" lon="-75.7515870">
    <ele>1289.7</ele>
   </trkpt>
   <trkpt lat="4.8061970" lon="-75.7515870">
    <ele>1289.7</ele>
   </trkpt>
   <trkpt lat="4.8061970" lon="-75.7515870">
    <ele>1289.7</ele>
   </trkpt>
   <trkpt lat="4.8061970" lon="-75.7515870">
    <ele>1289.7</ele>
   </trkpt>
   <trkpt lat="4.8061970" lon="-75.7515870">
    <ele>1289.7</ele>
   </trkpt>
   <trkpt lat="4.8061970" lon="-75.7515870">
    <ele>1289.7</ele>
   </trkpt>
   <trkpt lat="4.8061970" lon="-75.7515870">
    <ele>1289.7</ele>
   </trkpt>
   <trkpt lat="4.8061970" lon="-75.7515870">
    <ele>1289.7</ele>
   </trkpt>
   <trkpt lat="4.8061970" lon="-75.7515870">
    <ele>1289.7</ele>
   </trkpt>
   <trkpt lat="4.8061970" lon="-75.7515870">
    <ele>1289.7</ele>
   </trkpt>
   <trkpt lat="4.8061970" lon="-75.7515870">
    <ele>1289.7</ele>
   </trkpt>
   <trkpt lat="4.8061970" lon="-75.7515870">
    <ele>1289.7</ele>
   </trkpt>
   <trkpt lat="4.8061970" lon="-75.7515870">
    <ele>1289.7</ele>
   </trkpt>
   <trkpt lat="4.8061970" lon="-75.7515870">
    <ele>1289.7</ele>
   </trkpt>
   <trkpt lat="4.8061970" lon="-75.7515870">
    <ele>1289.7</ele>
   </trkpt>
   <trkpt lat="4.8061970" lon="-75.7515870">
    <ele>1289.7</ele>
   </trkpt>
   <trkpt lat="4.8061970" lon="-75.7515870">
    <ele>1289.7</ele>
   </trkpt>
   <trkpt lat="4.8061970" lon="-75.7515870">
    <ele>1289.7</ele>
   </trkpt>
   <trkpt lat="4.8061970" lon="-75.7515870">
    <ele>1289.7</ele>
   </trkpt>
   <trkpt lat="4.8061970" lon="-75.7515870">
    <ele>1289.7</ele>
   </trkpt>
   <trkpt lat="4.8061970" lon="-75.7515870">
    <ele>1289.7</ele>
   </trkpt>
   <trkpt lat="4.8061970" lon="-75.7515870">
    <ele>1289.7</ele>
   </trkpt>
   <trkpt lat="4.8061970" lon="-75.7515870">
    <ele>1289.7</ele>
   </trkpt>
   <trkpt lat="4.8061970" lon="-75.7515870">
    <ele>1289.7</ele>
   </trkpt>
   <trkpt lat="4.8061970" lon="-75.7515870">
    <ele>1289.7</ele>
   </trkpt>
   <trkpt lat="4.8061970" lon="-75.7515870">
    <ele>1289.7</ele>
   </trkpt>
   <trkpt lat="4.8061970" lon="-75.7515870">
    <ele>1289.7</ele>
   </trkpt>
   <trkpt lat="4.8061970" lon="-75.7515870">
    <ele>1289.7</ele>
   </trkpt>
   <trkpt lat="4.8061970" lon="-75.7515870">
    <ele>1289.7</ele>
   </trkpt>
   <trkpt lat="4.8061970" lon="-75.7515870">
    <ele>1289.7</ele>
   </trkpt>
   <trkpt lat="4.8061970" lon="-75.7515870">
    <ele>1289.7</ele>
   </trkpt>
   <trkpt lat="4.8061970" lon="-75.7515870">
    <ele>1289.7</ele>
   </trkpt>
   <trkpt lat="4.8061970" lon="-75.7515870">
    <ele>1289.7</ele>
   </trkpt>
   <trkpt lat="4.8061970" lon="-75.7515870">
    <ele>1289.7</ele>
   </trkpt>
   <trkpt lat="4.8061970" lon="-75.7515870">
    <ele>1289.7</ele>
   </trkpt>
   <trkpt lat="4.8061970" lon="-75.7515870">
    <ele>1289.7</ele>
   </trkpt>
   <trkpt lat="4.8061970" lon="-75.7515870">
    <ele>1289.7</ele>
   </trkpt>
   <trkpt lat="4.8061970" lon="-75.7515870">
    <ele>1289.7</ele>
   </trkpt>
   <trkpt lat="4.8061970" lon="-75.7515870">
    <ele>1289.7</ele>
   </trkpt>
   <trkpt lat="4.8061970" lon="-75.7515870">
    <ele>1289.7</ele>
   </trkpt>
   <trkpt lat="4.8061970" lon="-75.7515870">
    <ele>1289.7</ele>
   </trkpt>
   <trkpt lat="4.8061970" lon="-75.7515870">
    <ele>1289.7</ele>
   </trkpt>
   <trkpt lat="4.8061970" lon="-75.7515870">
    <ele>1289.7</ele>
   </trkpt>
   <trkpt lat="4.8061970" lon="-75.7515870">
    <ele>1289.7</ele>
   </trkpt>
   <trkpt lat="4.8061970" lon="-75.7515870">
    <ele>1289.7</ele>
   </trkpt>
   <trkpt lat="4.8061970" lon="-75.7515870">
    <ele>1289.7</ele>
   </trkpt>
   <trkpt lat="4.8061970" lon="-75.7515870">
    <ele>1289.7</ele>
   </trkpt>
   <trkpt lat="4.8061970" lon="-75.7515870">
    <ele>1289.7</ele>
   </trkpt>
   <trkpt lat="4.8061970" lon="-75.7515870">
    <ele>1289.7</ele>
   </trkpt>
   <trkpt lat="4.8061970" lon="-75.7515870">
    <ele>1289.7</ele>
   </trkpt>
   <trkpt lat="4.8061970" lon="-75.7515870">
    <ele>1289.7</ele>
   </trkpt>
   <trkpt lat="4.8061970" lon="-75.7515870">
    <ele>1289.7</ele>
   </trkpt>
   <trkpt lat="4.8061970" lon="-75.7515870">
    <ele>1289.7</ele>
   </trkpt>
   <trkpt lat="4.8061970" lon="-75.7515870">
    <ele>1289.7</ele>
   </trkpt>
   <trkpt lat="4.8061970" lon="-75.7515870">
    <ele>1289.7</ele>
   </trkpt>
   <trkpt lat="4.8061970" lon="-75.7515870">
    <ele>1289.7</ele>
   </trkpt>
   <trkpt lat="4.8061970" lon="-75.7515870">
    <ele>1289.7</ele>
   </trkpt>
   <trkpt lat="4.8061970" lon="-75.7515870">
    <ele>1289.7</ele>
   </trkpt>
   <trkpt lat="4.8061970" lon="-75.7515870">
    <ele>1289.7</ele>
   </trkpt>
   <trkpt lat="4.8061970" lon="-75.7515870">
    <ele>1289.7</ele>
   </trkpt>
   <trkpt lat="4.8061970" lon="-75.7515870">
    <ele>1289.7</ele>
   </trkpt>
   <trkpt lat="4.8061970" lon="-75.7515870">
    <ele>1289.7</ele>
   </trkpt>
   <trkpt lat="4.8061970" lon="-75.7515870">
    <ele>1289.7</ele>
   </trkpt>
   <trkpt lat="4.8061970" lon="-75.7515870">
    <ele>1289.7</ele>
   </trkpt>
   <trkpt lat="4.8061970" lon="-75.7515870">
    <ele>1289.7</ele>
   </trkpt>
   <trkpt lat="4.8061970" lon="-75.7515870">
    <ele>1289.7</ele>
   </trkpt>
   <trkpt lat="4.8061970" lon="-75.7515870">
    <ele>1289.7</ele>
   </trkpt>
   <trkpt lat="4.8061970" lon="-75.7515870">
    <ele>1289.7</ele>
   </trkpt>
   <trkpt lat="4.8061970" lon="-75.7515870">
    <ele>1289.7</ele>
   </trkpt>
   <trkpt lat="4.8061970" lon="-75.7515870">
    <ele>1289.7</ele>
   </trkpt>
   <trkpt lat="4.8061970" lon="-75.7515870">
    <ele>1289.7</ele>
   </trkpt>
   <trkpt lat="4.8061970" lon="-75.7515870">
    <ele>1289.7</ele>
   </trkpt>
   <trkpt lat="4.8061970" lon="-75.7515870">
    <ele>1289.7</ele>
   </trkpt>
   <trkpt lat="4.8061970" lon="-75.7515870">
    <ele>1289.7</ele>
   </trkpt>
   <trkpt lat="4.8061970" lon="-75.7515870">
    <ele>1289.7</ele>
   </trkpt>
   <trkpt lat="4.8061970" lon="-75.7515870">
    <ele>1289.7</ele>
   </trkpt>
   <trkpt lat="4.8061970" lon="-75.7515870">
    <ele>1289.7</ele>
   </trkpt>
   <trkpt lat="4.8061970" lon="-75.7515870">
    <ele>1289.7</ele>
   </trkpt>
   <trkpt lat="4.8061970" lon="-75.7515870">
    <ele>1289.7</ele>
   </trkpt>
   <trkpt lat="4.8061970" lon="-75.7515870">
    <ele>1289.7</ele>
   </trkpt>
   <trkpt lat="4.8061970" lon="-75.7515870">
    <ele>1289.7</ele>
   </trkpt>
   <trkpt lat="4.8061970" lon="-75.7515870">
    <ele>1289.7</ele>
   </trkpt>
   <trkpt lat="4.8061970" lon="-75.7515870">
    <ele>1289.7</ele>
   </trkpt>
   <trkpt lat="4.8061970" lon="-75.7515870">
    <ele>1289.7</ele>
   </trkpt>
   <trkpt lat="4.8061970" lon="-75.7515870">
    <ele>1289.7</ele>
   </trkpt>
   <trkpt lat="4.8061970" lon="-75.7515870">
    <ele>1289.7</ele>
   </trkpt>
   <trkpt lat="4.8061970" lon="-75.7515870">
    <ele>1289.7</ele>
   </trkpt>
   <trkpt lat="4.8061970" lon="-75.7515870">
    <ele>1289.7</ele>
   </trkpt>
   <trkpt lat="4.8061970" lon="-75.7515870">
    <ele>1289.7</ele>
   </trkpt>
   <trkpt lat="4.8061970" lon="-75.7515870">
    <ele>1289.7</ele>
   </trkpt>
   <trkpt lat="4.8061970" lon="-75.7515870">
    <ele>1289.7</ele>
   </trkpt>
   <trkpt lat="4.8061970" lon="-75.7515870">
    <ele>1289.7</ele>
   </trkpt>
   <trkpt lat="4.8061970" lon="-75.7515870">
    <ele>1289.7</ele>
   </trkpt>
   <trkpt lat="4.8061970" lon="-75.7515870">
    <ele>1289.7</ele>
   </trkpt>
   <trkpt lat="4.8061970" lon="-75.7515870">
    <ele>1289.7</ele>
   </trkpt>
   <trkpt lat="4.8061970" lon="-75.7515870">
    <ele>1289.7</ele>
   </trkpt>
   <trkpt lat="4.8061970" lon="-75.7515870">
    <ele>1289.7</ele>
   </trkpt>
   <trkpt lat="4.8061970" lon="-75.7515870">
    <ele>1289.7</ele>
   </trkpt>
   <trkpt lat="4.8061970" lon="-75.7515870">
    <ele>1289.7</ele>
   </trkpt>
   <trkpt lat="4.8061970" lon="-75.7515870">
    <ele>1289.7</ele>
   </trkpt>
   <trkpt lat="4.8061970" lon="-75.7515870">
    <ele>1289.7</ele>
   </trkpt>
   <trkpt lat="4.8061970" lon="-75.7515870">
    <ele>1289.7</ele>
   </trkpt>
   <trkpt lat="4.8061970" lon="-75.7515870">
    <ele>1289.7</ele>
   </trkpt>
   <trkpt lat="4.8061970" lon="-75.7515870">
    <ele>1289.7</ele>
   </trkpt>
   <trkpt lat="4.8061970" lon="-75.7515870">
    <ele>1289.7</ele>
   </trkpt>
   <trkpt lat="4.8061970" lon="-75.7515870">
    <ele>1289.7</ele>
   </trkpt>
   <trkpt lat="4.8061970" lon="-75.7515870">
    <ele>1289.7</ele>
   </trkpt>
   <trkpt lat="4.8061970" lon="-75.7515870">
    <ele>1289.7</ele>
   </trkpt>
   <trkpt lat="4.8061970" lon="-75.7515870">
    <ele>1289.7</ele>
   </trkpt>
   <trkpt lat="4.8061970" lon="-75.7515870">
    <ele>1289.7</ele>
   </trkpt>
   <trkpt lat="4.8061970" lon="-75.7515870">
    <ele>1289.7</ele>
   </trkpt>
   <trkpt lat="4.8061970" lon="-75.7515870">
    <ele>1289.7</ele>
   </trkpt>
   <trkpt lat="4.8061970" lon="-75.7515870">
    <ele>1289.7</ele>
   </trkpt>
   <trkpt lat="4.8061970" lon="-75.7515870">
    <ele>1289.7</ele>
   </trkpt>
   <trkpt lat="4.8061970" lon="-75.7515870">
    <ele>1289.7</ele>
   </trkpt>
   <trkpt lat="4.8061970" lon="-75.7515870">
    <ele>1289.7</ele>
   </trkpt>
   <trkpt lat="4.8061970" lon="-75.7515870">
    <ele>1289.7</ele>
   </trkpt>
   <trkpt lat="4.8061970" lon="-75.7515870">
    <ele>1289.7</ele>
   </trkpt>
   <trkpt lat="4.8061970" lon="-75.7515870">
    <ele>1289.7</ele>
   </trkpt>
   <trkpt lat="4.8061970" lon="-75.7515870">
    <ele>1289.7</ele>
   </trkpt>
   <trkpt lat="4.8061970" lon="-75.7515870">
    <ele>1289.7</ele>
   </trkpt>
   <trkpt lat="4.8061970" lon="-75.7515870">
    <ele>1289.7</ele>
   </trkpt>
   <trkpt lat="4.8061970" lon="-75.7515870">
    <ele>1289.7</ele>
   </trkpt>
   <trkpt lat="4.8061970" lon="-75.7515870">
    <ele>1289.7</ele>
   </trkpt>
   <trkpt lat="4.8061970" lon="-75.7515870">
    <ele>1289.7</ele>
   </trkpt>
   <trkpt lat="4.8061970" lon="-75.7515870">
    <ele>1289.7</ele>
   </trkpt>
   <trkpt lat="4.8061970" lon="-75.7515870">
    <ele>1289.7</ele>
   </trkpt>
   <trkpt lat="4.8061970" lon="-75.7515870">
    <ele>1289.7</ele>
   </trkpt>
   <trkpt lat="4.8061970" lon="-75.7515870">
    <ele>1289.7</ele>
   </trkpt>
   <trkpt lat="4.8061970" lon="-75.7515870">
    <ele>1289.7</ele>
   </trkpt>
   <trkpt lat="4.8061970" lon="-75.7515870">
    <ele>1289.7</ele>
   </trkpt>
   <trkpt lat="4.8061970" lon="-75.7515870">
    <ele>1289.7</ele>
   </trkpt>
   <trkpt lat="4.8061970" lon="-75.7515870">
    <ele>1289.7</ele>
   </trkpt>
   <trkpt lat="4.8061970" lon="-75.7515870">
    <ele>1289.7</ele>
   </trkpt>
   <trkpt lat="4.8061970" lon="-75.7515870">
    <ele>1289.7</ele>
   </trkpt>
   <trkpt lat="4.8061970" lon="-75.7515870">
    <ele>1289.7</ele>
   </trkpt>
   <trkpt lat="4.8061970" lon="-75.7515870">
    <ele>1289.7</ele>
   </trkpt>
   <trkpt lat="4.8061970" lon="-75.7515870">
    <ele>1289.7</ele>
   </trkpt>
   <trkpt lat="4.8061970" lon="-75.7515870">
    <ele>1289.7</ele>
   </trkpt>
   <trkpt lat="4.8061970" lon="-75.7515870">
    <ele>1289.7</ele>
   </trkpt>
   <trkpt lat="4.8061970" lon="-75.7515870">
    <ele>1289.7</ele>
   </trkpt>
   <trkpt lat="4.8061970" lon="-75.7515870">
    <ele>1289.7</ele>
   </trkpt>
   <trkpt lat="4.8061970" lon="-75.7515870">
    <ele>1289.7</ele>
   </trkpt>
   <trkpt lat="4.8061970" lon="-75.7515870">
    <ele>1289.7</ele>
   </trkpt>
   <trkpt lat="4.8061970" lon="-75.7515870">
    <ele>1289.7</ele>
   </trkpt>
   <trkpt lat="4.8061970" lon="-75.7515870">
    <ele>1289.7</ele>
   </trkpt>
   <trkpt lat="4.8061970" lon="-75.7515870">
    <ele>1289.7</ele>
   </trkpt>
   <trkpt lat="4.8061970" lon="-75.7515870">
    <ele>1289.7</ele>
   </trkpt>
   <trkpt lat="4.8061970" lon="-75.7515870">
    <ele>1289.7</ele>
   </trkpt>
   <trkpt lat="4.8061970" lon="-75.7515870">
    <ele>1289.7</ele>
   </trkpt>
   <trkpt lat="4.8061970" lon="-75.7515870">
    <ele>1289.7</ele>
   </trkpt>
   <trkpt lat="4.8061970" lon="-75.7515870">
    <ele>1289.7</ele>
   </trkpt>
   <trkpt lat="4.8061970" lon="-75.7515870">
    <ele>1289.7</ele>
   </trkpt>
   <trkpt lat="4.8061970" lon="-75.7515870">
    <ele>1289.7</ele>
   </trkpt>
   <trkpt lat="4.8061970" lon="-75.7515870">
    <ele>1289.7</ele>
   </trkpt>
   <trkpt lat="4.8061970" lon="-75.7515870">
    <ele>1289.7</ele>
   </trkpt>
   <trkpt lat="4.8061970" lon="-75.7515870">
    <ele>1289.7</ele>
   </trkpt>
   <trkpt lat="4.8061970" lon="-75.7515870">
    <ele>1289.7</ele>
   </trkpt>
   <trkpt lat="4.8061970" lon="-75.7515870">
    <ele>1289.7</ele>
   </trkpt>
   <trkpt lat="4.8061970" lon="-75.7515870">
    <ele>1289.7</ele>
   </trkpt>
   <trkpt lat="4.8061970" lon="-75.7515870">
    <ele>1289.7</ele>
   </trkpt>
   <trkpt lat="4.8061970" lon="-75.7515870">
    <ele>1289.7</ele>
   </trkpt>
   <trkpt lat="4.8061970" lon="-75.7515870">
    <ele>1289.7</ele>
   </trkpt>
   <trkpt lat="4.8061970" lon="-75.7515870">
    <ele>1289.7</ele>
   </trkpt>
   <trkpt lat="4.8061970" lon="-75.7515870">
    <ele>1289.7</ele>
   </trkpt>
   <trkpt lat="4.8061970" lon="-75.7515870">
    <ele>1289.7</ele>
   </trkpt>
   <trkpt lat="4.8061970" lon="-75.7515870">
    <ele>1289.7</ele>
   </trkpt>
   <trkpt lat="4.8061970" lon="-75.7515870">
    <ele>1289.7</ele>
   </trkpt>
   <trkpt lat="4.8061970" lon="-75.7515870">
    <ele>1289.7</ele>
   </trkpt>
   <trkpt lat="4.8061970" lon="-75.7515870">
    <ele>1289.7</ele>
   </trkpt>
   <trkpt lat="4.8061970" lon="-75.7515870">
    <ele>1289.7</ele>
   </trkpt>
   <trkpt lat="4.8061970" lon="-75.7515870">
    <ele>1289.7</ele>
   </trkpt>
   <trkpt lat="4.8061970" lon="-75.7515870">
    <ele>1289.7</ele>
   </trkpt>
   <trkpt lat="4.8061970" lon="-75.7515870">
    <ele>1289.7</ele>
   </trkpt>
   <trkpt lat="4.8061970" lon="-75.7515870">
    <ele>1289.7</ele>
   </trkpt>
   <trkpt lat="4.8061970" lon="-75.7515870">
    <ele>1289.7</ele>
   </trkpt>
   <trkpt lat="4.8061970" lon="-75.7515870">
    <ele>1289.7</ele>
   </trkpt>
   <trkpt lat="4.8061970" lon="-75.7515870">
    <ele>1289.7</ele>
   </trkpt>
   <trkpt lat="4.8061970" lon="-75.7515870">
    <ele>1289.7</ele>
   </trkpt>
   <trkpt lat="4.8061970" lon="-75.7515870">
    <ele>1289.7</ele>
   </trkpt>
   <trkpt lat="4.8061970" lon="-75.7515870">
    <ele>1289.7</ele>
   </trkpt>
   <trkpt lat="4.8061970" lon="-75.7515870">
    <ele>1289.7</ele>
   </trkpt>
   <trkpt lat="4.8061970" lon="-75.7515870">
    <ele>1289.7</ele>
   </trkpt>
   <trkpt lat="4.8061970" lon="-75.7515870">
    <ele>1289.7</ele>
   </trkpt>
   <trkpt lat="4.8061970" lon="-75.7515870">
    <ele>1289.7</ele>
   </trkpt>
   <trkpt lat="4.8061970" lon="-75.7515870">
    <ele>1289.7</ele>
   </trkpt>
   <trkpt lat="4.8061970" lon="-75.7515870">
    <ele>1289.7</ele>
   </trkpt>
   <trkpt lat="4.8061970" lon="-75.7515870">
    <ele>1289.7</ele>
   </trkpt>
   <trkpt lat="4.8061970" lon="-75.7515870">
    <ele>1289.7</ele>
   </trkpt>
   <trkpt lat="4.8061970" lon="-75.7515870">
    <ele>1289.7</ele>
   </trkpt>
   <trkpt lat="4.8061970" lon="-75.7515870">
    <ele>1289.7</ele>
   </trkpt>
   <trkpt lat="4.8061970" lon="-75.7515870">
    <ele>1289.7</ele>
   </trkpt>
   <trkpt lat="4.8061970" lon="-75.7515870">
    <ele>1289.7</ele>
   </trkpt>
   <trkpt lat="4.8061970" lon="-75.7515870">
    <ele>1289.7</ele>
   </trkpt>
   <trkpt lat="4.8061970" lon="-75.7515870">
    <ele>1289.7</ele>
   </trkpt>
   <trkpt lat="4.8061970" lon="-75.7515870">
    <ele>1289.7</ele>
   </trkpt>
   <trkpt lat="4.8061970" lon="-75.7515870">
    <ele>1289.7</ele>
   </trkpt>
   <trkpt lat="4.8061970" lon="-75.7515870">
    <ele>1289.7</ele>
   </trkpt>
   <trkpt lat="4.8061970" lon="-75.7515870">
    <ele>1289.7</ele>
   </trkpt>
   <trkpt lat="4.8061970" lon="-75.7515870">
    <ele>1289.7</ele>
   </trkpt>
   <trkpt lat="4.8061970" lon="-75.7515870">
    <ele>1289.7</ele>
   </trkpt>
   <trkpt lat="4.8061970" lon="-75.7515870">
    <ele>1289.7</ele>
   </trkpt>
   <trkpt lat="4.8061970" lon="-75.7515870">
    <ele>1289.7</ele>
   </trkpt>
   <trkpt lat="4.8061970" lon="-75.7515870">
    <ele>1289.7</ele>
   </trkpt>
   <trkpt lat="4.8061970" lon="-75.7515870">
    <ele>1289.7</ele>
   </trkpt>
   <trkpt lat="4.8061970" lon="-75.7515870">
    <ele>1289.7</ele>
   </trkpt>
   <trkpt lat="4.8061970" lon="-75.7515870">
    <ele>1289.7</ele>
   </trkpt>
   <trkpt lat="4.8061970" lon="-75.7515870">
    <ele>1289.7</ele>
   </trkpt>
   <trkpt lat="4.8061970" lon="-75.7515870">
    <ele>1289.7</ele>
   </trkpt>
   <trkpt lat="4.8061970" lon="-75.7515870">
    <ele>1289.7</ele>
   </trkpt>
   <trkpt lat="4.8061970" lon="-75.7515870">
    <ele>1289.7</ele>
   </trkpt>
   <trkpt lat="4.8061970" lon="-75.7515870">
    <ele>1289.7</ele>
   </trkpt>
   <trkpt lat="4.8061970" lon="-75.7515870">
    <ele>1289.7</ele>
   </trkpt>
   <trkpt lat="4.8061970" lon="-75.7515870">
    <ele>1289.7</ele>
   </trkpt>
   <trkpt lat="4.8061970" lon="-75.7515870">
    <ele>1289.7</ele>
   </trkpt>
   <trkpt lat="4.8061970" lon="-75.7515870">
    <ele>1289.7</ele>
   </trkpt>
   <trkpt lat="4.8061970" lon="-75.7515870">
    <ele>1289.7</ele>
   </trkpt>
   <trkpt lat="4.8061970" lon="-75.7515870">
    <ele>1289.7</ele>
   </trkpt>
   <trkpt lat="4.8061970" lon="-75.7515870">
    <ele>1289.7</ele>
   </trkpt>
   <trkpt lat="4.8061970" lon="-75.7515870">
    <ele>1289.7</ele>
   </trkpt>
   <trkpt lat="4.8061970" lon="-75.7515870">
    <ele>1289.7</ele>
   </trkpt>
   <trkpt lat="4.8061970" lon="-75.7515870">
    <ele>1289.7</ele>
   </trkpt>
   <trkpt lat="4.8061970" lon="-75.7515870">
    <ele>1289.7</ele>
   </trkpt>
   <trkpt lat="4.8061970" lon="-75.7515870">
    <ele>1289.7</ele>
   </trkpt>
   <trkpt lat="4.8061970" lon="-75.7515870">
    <ele>1289.7</ele>
   </trkpt>
   <trkpt lat="4.8061970" lon="-75.7515870">
    <ele>1289.7</ele>
   </trkpt>
   <trkpt lat="4.8061970" lon="-75.7515870">
    <ele>1289.7</ele>
   </trkpt>
   <trkpt lat="4.8061970" lon="-75.7515870">
    <ele>1289.7</ele>
   </trkpt>
   <trkpt lat="4.8061970" lon="-75.7515870">
    <ele>1289.7</ele>
   </trkpt>
   <trkpt lat="4.8061970" lon="-75.7515870">
    <ele>1289.7</ele>
   </trkpt>
   <trkpt lat="4.8061970" lon="-75.7515870">
    <ele>1289.7</ele>
   </trkpt>
   <trkpt lat="4.8061970" lon="-75.7515870">
    <ele>1289.7</ele>
   </trkpt>
   <trkpt lat="4.8061970" lon="-75.7515870">
    <ele>1289.7</ele>
   </trkpt>
   <trkpt lat="4.8061970" lon="-75.7515870">
    <ele>1289.7</ele>
   </trkpt>
   <trkpt lat="4.8061970" lon="-75.7515870">
    <ele>1289.7</ele>
   </trkpt>
   <trkpt lat="4.8061970" lon="-75.7515870">
    <ele>1289.7</ele>
   </trkpt>
   <trkpt lat="4.8061970" lon="-75.7515870">
    <ele>1289.7</ele>
   </trkpt>
   <trkpt lat="4.8061970" lon="-75.7515870">
    <ele>1289.7</ele>
   </trkpt>
   <trkpt lat="4.8061970" lon="-75.7515870">
    <ele>1289.7</ele>
   </trkpt>
   <trkpt lat="4.8061970" lon="-75.7515870">
    <ele>1289.7</ele>
   </trkpt>
   <trkpt lat="4.8061970" lon="-75.7515870">
    <ele>1289.7</ele>
   </trkpt>
   <trkpt lat="4.8061970" lon="-75.7515870">
    <ele>1289.7</ele>
   </trkpt>
   <trkpt lat="4.8061970" lon="-75.7515870">
    <ele>1289.7</ele>
   </trkpt>
   <trkpt lat="4.8061970" lon="-75.7515870">
    <ele>1289.7</ele>
   </trkpt>
   <trkpt lat="4.8061970" lon="-75.7515870">
    <ele>1289.7</ele>
   </trkpt>
   <trkpt lat="4.8061970" lon="-75.7515870">
    <ele>1289.7</ele>
   </trkpt>
   <trkpt lat="4.8061970" lon="-75.7515870">
    <ele>1289.7</ele>
   </trkpt>
   <trkpt lat="4.8061970" lon="-75.7515870">
    <ele>1289.7</ele>
   </trkpt>
   <trkpt lat="4.8061970" lon="-75.7515870">
    <ele>1289.7</ele>
   </trkpt>
   <trkpt lat="4.8061970" lon="-75.7515870">
    <ele>1289.7</ele>
   </trkpt>
   <trkpt lat="4.8061970" lon="-75.7515870">
    <ele>1289.7</ele>
   </trkpt>
   <trkpt lat="4.8061970" lon="-75.7515870">
    <ele>1289.7</ele>
   </trkpt>
   <trkpt lat="4.8061970" lon="-75.7515870">
    <ele>1289.7</ele>
   </trkpt>
   <trkpt lat="4.8061970" lon="-75.7515870">
    <ele>1289.7</ele>
   </trkpt>
   <trkpt lat="4.8061970" lon="-75.7515870">
    <ele>1289.7</ele>
   </trkpt>
   <trkpt lat="4.8061970" lon="-75.7515870">
    <ele>1289.7</ele>
   </trkpt>
   <trkpt lat="4.8061970" lon="-75.7515870">
    <ele>1289.7</ele>
   </trkpt>
   <trkpt lat="4.8061970" lon="-75.7515870">
    <ele>1289.7</ele>
   </trkpt>
   <trkpt lat="4.8061970" lon="-75.7515870">
    <ele>1289.7</ele>
   </trkpt>
   <trkpt lat="4.8061970" lon="-75.7515870">
    <ele>1289.7</ele>
   </trkpt>
   <trkpt lat="4.8061970" lon="-75.7515870">
    <ele>1289.7</ele>
   </trkpt>
   <trkpt lat="4.8061970" lon="-75.7515870">
    <ele>1289.7</ele>
   </trkpt>
   <trkpt lat="4.8061970" lon="-75.7515870">
    <ele>1289.7</ele>
   </trkpt>
   <trkpt lat="4.8061970" lon="-75.7515870">
    <ele>1289.7</ele>
   </trkpt>
   <trkpt lat="4.8061970" lon="-75.7515870">
    <ele>1289.7</ele>
   </trkpt>
   <trkpt lat="4.8061970" lon="-75.7515870">
    <ele>1289.7</ele>
   </trkpt>
   <trkpt lat="4.8061970" lon="-75.7515870">
    <ele>1289.7</ele>
   </trkpt>
   <trkpt lat="4.8061970" lon="-75.7515870">
    <ele>1289.7</ele>
   </trkpt>
   <trkpt lat="4.8061970" lon="-75.7515870">
    <ele>1289.7</ele>
   </trkpt>
   <trkpt lat="4.8061970" lon="-75.7515870">
    <ele>1289.7</ele>
   </trkpt>
   <trkpt lat="4.8061970" lon="-75.7515870">
    <ele>1289.7</ele>
   </trkpt>
   <trkpt lat="4.8061970" lon="-75.7515870">
    <ele>1289.7</ele>
   </trkpt>
   <trkpt lat="4.8061970" lon="-75.7515870">
    <ele>1289.7</ele>
   </trkpt>
   <trkpt lat="4.8061970" lon="-75.7515870">
    <ele>1289.7</ele>
   </trkpt>
   <trkpt lat="4.8061970" lon="-75.7515870">
    <ele>1289.7</ele>
   </trkpt>
   <trkpt lat="4.8061970" lon="-75.7515870">
    <ele>1289.7</ele>
   </trkpt>
   <trkpt lat="4.8061970" lon="-75.7515870">
    <ele>1289.7</ele>
   </trkpt>
   <trkpt lat="4.8061970" lon="-75.7515870">
    <ele>1289.7</ele>
   </trkpt>
   <trkpt lat="4.8061970" lon="-75.7515870">
    <ele>1289.7</ele>
   </trkpt>
   <trkpt lat="4.8061970" lon="-75.7515870">
    <ele>1289.7</ele>
   </trkpt>
   <trkpt lat="4.8061970" lon="-75.7515870">
    <ele>1289.7</ele>
   </trkpt>
   <trkpt lat="4.8061970" lon="-75.7515870">
    <ele>1289.7</ele>
   </trkpt>
   <trkpt lat="4.8061970" lon="-75.7515870">
    <ele>1289.7</ele>
   </trkpt>
   <trkpt lat="4.8061970" lon="-75.7515870">
    <ele>1289.7</ele>
   </trkpt>
   <trkpt lat="4.8061970" lon="-75.7515870">
    <ele>1289.7</ele>
   </trkpt>
   <trkpt lat="4.8061970" lon="-75.7515870">
    <ele>1289.7</ele>
   </trkpt>
   <trkpt lat="4.8061970" lon="-75.7515870">
    <ele>1289.7</ele>
   </trkpt>
   <trkpt lat="4.8061970" lon="-75.7515870">
    <ele>1289.7</ele>
   </trkpt>
   <trkpt lat="4.8061970" lon="-75.7515870">
    <ele>1289.7</ele>
   </trkpt>
   <trkpt lat="4.8061970" lon="-75.7515870">
    <ele>1289.7</ele>
   </trkpt>
   <trkpt lat="4.8061970" lon="-75.7515870">
    <ele>1289.7</ele>
   </trkpt>
   <trkpt lat="4.8061970" lon="-75.7515870">
    <ele>1289.7</ele>
   </trkpt>
   <trkpt lat="4.8061970" lon="-75.7515870">
    <ele>1289.7</ele>
   </trkpt>
   <trkpt lat="4.8061970" lon="-75.7515870">
    <ele>1289.7</ele>
   </trkpt>
   <trkpt lat="4.8061970" lon="-75.7515870">
    <ele>1289.7</ele>
   </trkpt>
   <trkpt lat="4.8061970" lon="-75.7515870">
    <ele>1289.7</ele>
   </trkpt>
   <trkpt lat="4.8061970" lon="-75.7515870">
    <ele>1289.7</ele>
   </trkpt>
   <trkpt lat="4.8061970" lon="-75.7515870">
    <ele>1289.7</ele>
   </trkpt>
   <trkpt lat="4.8061970" lon="-75.7515870">
    <ele>1289.7</ele>
   </trkpt>
   <trkpt lat="4.8061970" lon="-75.7515870">
    <ele>1289.7</ele>
   </trkpt>
   <trkpt lat="4.8061970" lon="-75.7515870">
    <ele>1289.7</ele>
   </trkpt>
   <trkpt lat="4.8061970" lon="-75.7515870">
    <ele>1289.7</ele>
   </trkpt>
   <trkpt lat="4.8061970" lon="-75.7515870">
    <ele>1289.7</ele>
   </trkpt>
   <trkpt lat="4.8061970" lon="-75.7515870">
    <ele>1289.7</ele>
   </trkpt>
   <trkpt lat="4.8061970" lon="-75.7515870">
    <ele>1289.7</ele>
   </trkpt>
   <trkpt lat="4.8061970" lon="-75.7515870">
    <ele>1289.7</ele>
   </trkpt>
   <trkpt lat="4.8061970" lon="-75.7515870">
    <ele>1289.7</ele>
   </trkpt>
   <trkpt lat="4.8061970" lon="-75.7515870">
    <ele>1289.7</ele>
   </trkpt>
   <trkpt lat="4.8061970" lon="-75.7515870">
    <ele>1289.7</ele>
   </trkpt>
   <trkpt lat="4.8061970" lon="-75.7515870">
    <ele>1289.7</ele>
   </trkpt>
   <trkpt lat="4.8061970" lon="-75.7515870">
    <ele>1289.7</ele>
   </trkpt>
   <trkpt lat="4.8061970" lon="-75.7515870">
    <ele>1289.7</ele>
   </trkpt>
   <trkpt lat="4.8061970" lon="-75.7515870">
    <ele>1289.7</ele>
   </trkpt>
   <trkpt lat="4.8061970" lon="-75.7515870">
    <ele>1289.7</ele>
   </trkpt>
   <trkpt lat="4.8061970" lon="-75.7515870">
    <ele>1289.7</ele>
   </trkpt>
   <trkpt lat="4.8061970" lon="-75.7515870">
    <ele>1289.7</ele>
   </trkpt>
   <trkpt lat="4.8061970" lon="-75.7515870">
    <ele>1289.7</ele>
   </trkpt>
   <trkpt lat="4.8061970" lon="-75.7515870">
    <ele>1289.7</ele>
   </trkpt>
   <trkpt lat="4.8061970" lon="-75.7515870">
    <ele>1289.7</ele>
   </trkpt>
   <trkpt lat="4.8061970" lon="-75.7515870">
    <ele>1289.7</ele>
   </trkpt>
   <trkpt lat="4.8061970" lon="-75.7515870">
    <ele>1289.7</ele>
   </trkpt>
   <trkpt lat="4.8061970" lon="-75.7515870">
    <ele>1289.7</ele>
   </trkpt>
   <trkpt lat="4.8061970" lon="-75.7515870">
    <ele>1289.7</ele>
   </trkpt>
   <trkpt lat="4.8061970" lon="-75.7515870">
    <ele>1289.7</ele>
   </trkpt>
   <trkpt lat="4.8061970" lon="-75.7515870">
    <ele>1289.7</ele>
   </trkpt>
   <trkpt lat="4.8061970" lon="-75.7515870">
    <ele>1289.7</ele>
   </trkpt>
   <trkpt lat="4.8061970" lon="-75.7515870">
    <ele>1289.7</ele>
   </trkpt>
   <trkpt lat="4.8061970" lon="-75.7515870">
    <ele>1289.7</ele>
   </trkpt>
   <trkpt lat="4.8061970" lon="-75.7515870">
    <ele>1289.7</ele>
   </trkpt>
   <trkpt lat="4.8061970" lon="-75.7515870">
    <ele>1289.7</ele>
   </trkpt>
   <trkpt lat="4.8061970" lon="-75.7515870">
    <ele>1289.7</ele>
   </trkpt>
   <trkpt lat="4.8061970" lon="-75.7515870">
    <ele>1289.7</ele>
   </trkpt>
   <trkpt lat="4.8061970" lon="-75.7515870">
    <ele>1289.7</ele>
   </trkpt>
   <trkpt lat="4.8061970" lon="-75.7515870">
    <ele>1289.7</ele>
   </trkpt>
   <trkpt lat="4.8061970" lon="-75.7515870">
    <ele>1289.7</ele>
   </trkpt>
   <trkpt lat="4.8061970" lon="-75.7515870">
    <ele>1289.7</ele>
   </trkpt>
   <trkpt lat="4.8061970" lon="-75.7515870">
    <ele>1289.7</ele>
   </trkpt>
   <trkpt lat="4.8061970" lon="-75.7515870">
    <ele>1289.7</ele>
   </trkpt>
   <trkpt lat="4.8061970" lon="-75.7515870">
    <ele>1289.7</ele>
   </trkpt>
   <trkpt lat="4.8061970" lon="-75.7515870">
    <ele>1289.7</ele>
   </trkpt>
   <trkpt lat="4.8061970" lon="-75.7515870">
    <ele>1289.7</ele>
   </trkpt>
   <trkpt lat="4.8061970" lon="-75.7515870">
    <ele>1289.7</ele>
   </trkpt>
   <trkpt lat="4.8061970" lon="-75.7515870">
    <ele>1289.7</ele>
   </trkpt>
   <trkpt lat="4.8061970" lon="-75.7515870">
    <ele>1289.7</ele>
   </trkpt>
   <trkpt lat="4.8061970" lon="-75.7515870">
    <ele>1289.7</ele>
   </trkpt>
   <trkpt lat="4.8061970" lon="-75.7515870">
    <ele>1289.7</ele>
   </trkpt>
   <trkpt lat="4.8061970" lon="-75.7515870">
    <ele>1289.7</ele>
   </trkpt>
   <trkpt lat="4.8061970" lon="-75.7515870">
    <ele>1289.7</ele>
   </trkpt>
   <trkpt lat="4.8061970" lon="-75.7515870">
    <ele>1289.7</ele>
   </trkpt>
   <trkpt lat="4.8061970" lon="-75.7515870">
    <ele>1289.7</ele>
   </trkpt>
   <trkpt lat="4.8061970" lon="-75.7515870">
    <ele>1289.7</ele>
   </trkpt>
   <trkpt lat="4.8061970" lon="-75.7515870">
    <ele>1289.7</ele>
   </trkpt>
   <trkpt lat="4.8061970" lon="-75.7515870">
    <ele>1289.7</ele>
   </trkpt>
   <trkpt lat="4.8061970" lon="-75.7515870">
    <ele>1289.7</ele>
   </trkpt>
   <trkpt lat="4.8061970" lon="-75.7515870">
    <ele>1289.7</ele>
   </trkpt>
   <trkpt lat="4.8061970" lon="-75.7515870">
    <ele>1289.7</ele>
   </trkpt>
   <trkpt lat="4.8061970" lon="-75.7515870">
    <ele>1289.7</ele>
   </trkpt>
   <trkpt lat="4.8061970" lon="-75.7515870">
    <ele>1289.7</ele>
   </trkpt>
   <trkpt lat="4.8061970" lon="-75.7515870">
    <ele>1289.7</ele>
   </trkpt>
   <trkpt lat="4.8061970" lon="-75.7515870">
    <ele>1289.7</ele>
   </trkpt>
   <trkpt lat="4.8061970" lon="-75.7515870">
    <ele>1289.7</ele>
   </trkpt>
   <trkpt lat="4.8061970" lon="-75.7515870">
    <ele>1289.7</ele>
   </trkpt>
   <trkpt lat="4.8061970" lon="-75.7515870">
    <ele>1289.7</ele>
   </trkpt>
   <trkpt lat="4.8061970" lon="-75.7515870">
    <ele>1289.7</ele>
   </trkpt>
   <trkpt lat="4.8061970" lon="-75.7515870">
    <ele>1289.7</ele>
   </trkpt>
   <trkpt lat="4.8061970" lon="-75.7515870">
    <ele>1289.7</ele>
   </trkpt>
   <trkpt lat="4.8061970" lon="-75.7515870">
    <ele>1289.7</ele>
   </trkpt>
   <trkpt lat="4.8061970" lon="-75.7515870">
    <ele>1289.7</ele>
   </trkpt>
   <trkpt lat="4.8061970" lon="-75.7515870">
    <ele>1289.7</ele>
   </trkpt>
   <trkpt lat="4.8061970" lon="-75.7515870">
    <ele>1289.7</ele>
   </trkpt>
   <trkpt lat="4.8061970" lon="-75.7515870">
    <ele>1289.7</ele>
   </trkpt>
   <trkpt lat="4.8061970" lon="-75.7515870">
    <ele>1289.7</ele>
   </trkpt>
   <trkpt lat="4.8061970" lon="-75.7515870">
    <ele>1289.7</ele>
   </trkpt>
   <trkpt lat="4.8061970" lon="-75.7515870">
    <ele>1289.7</ele>
   </trkpt>
   <trkpt lat="4.8061970" lon="-75.7515870">
    <ele>1289.7</ele>
   </trkpt>
   <trkpt lat="4.8061970" lon="-75.7515870">
    <ele>1289.7</ele>
   </trkpt>
   <trkpt lat="4.8061970" lon="-75.7515870">
    <ele>1289.7</ele>
   </trkpt>
   <trkpt lat="4.8061970" lon="-75.7515870">
    <ele>1289.7</ele>
   </trkpt>
   <trkpt lat="4.8061970" lon="-75.7515870">
    <ele>1289.7</ele>
   </trkpt>
   <trkpt lat="4.8061970" lon="-75.7515870">
    <ele>1289.7</ele>
   </trkpt>
   <trkpt lat="4.8061970" lon="-75.7515870">
    <ele>1289.7</ele>
   </trkpt>
   <trkpt lat="4.8061970" lon="-75.7515870">
    <ele>1289.7</ele>
   </trkpt>
   <trkpt lat="4.8061970" lon="-75.7515870">
    <ele>1289.7</ele>
   </trkpt>
   <trkpt lat="4.8061970" lon="-75.7515870">
    <ele>1289.7</ele>
   </trkpt>
   <trkpt lat="4.8061970" lon="-75.7515870">
    <ele>1289.7</ele>
   </trkpt>
   <trkpt lat="4.8061970" lon="-75.7515870">
    <ele>1289.7</ele>
   </trkpt>
   <trkpt lat="4.8061970" lon="-75.7515870">
    <ele>1289.7</ele>
   </trkpt>
   <trkpt lat="4.8061970" lon="-75.7515870">
    <ele>1289.7</ele>
   </trkpt>
   <trkpt lat="4.8061970" lon="-75.7515870">
    <ele>1289.7</ele>
   </trkpt>
   <trkpt lat="4.8061970" lon="-75.7515870">
    <ele>1289.7</ele>
   </trkpt>
   <trkpt lat="4.8061970" lon="-75.7515870">
    <ele>1289.7</ele>
   </trkpt>
   <trkpt lat="4.8061970" lon="-75.7515870">
    <ele>1289.7</ele>
   </trkpt>
   <trkpt lat="4.8061970" lon="-75.7515870">
    <ele>1289.7</ele>
   </trkpt>
   <trkpt lat="4.8061970" lon="-75.7515870">
    <ele>1289.7</ele>
   </trkpt>
   <trkpt lat="4.8061970" lon="-75.7515870">
    <ele>1289.7</ele>
   </trkpt>
   <trkpt lat="4.8061970" lon="-75.7515870">
    <ele>1289.7</ele>
   </trkpt>
   <trkpt lat="4.8061970" lon="-75.7515870">
    <ele>1289.7</ele>
   </trkpt>
   <trkpt lat="4.8061970" lon="-75.7515870">
    <ele>1289.7</ele>
   </trkpt>
   <trkpt lat="4.8061970" lon="-75.7515870">
    <ele>1289.7</ele>
   </trkpt>
   <trkpt lat="4.8061970" lon="-75.7515870">
    <ele>1289.7</ele>
   </trkpt>
   <trkpt lat="4.8061970" lon="-75.7515870">
    <ele>1289.7</ele>
   </trkpt>
   <trkpt lat="4.8061970" lon="-75.7515870">
    <ele>1289.7</ele>
   </trkpt>
   <trkpt lat="4.8061970" lon="-75.7515870">
    <ele>1289.7</ele>
   </trkpt>
   <trkpt lat="4.8061970" lon="-75.7515870">
    <ele>1289.7</ele>
   </trkpt>
   <trkpt lat="4.8061970" lon="-75.7515870">
    <ele>1289.7</ele>
   </trkpt>
   <trkpt lat="4.8061970" lon="-75.7515870">
    <ele>1289.7</ele>
   </trkpt>
   <trkpt lat="4.8061970" lon="-75.7515870">
    <ele>1289.7</ele>
   </trkpt>
   <trkpt lat="4.8061970" lon="-75.7515870">
    <ele>1289.7</ele>
   </trkpt>
   <trkpt lat="4.8061970" lon="-75.7515870">
    <ele>1289.7</ele>
   </trkpt>
   <trkpt lat="4.8061970" lon="-75.7515870">
    <ele>1289.7</ele>
   </trkpt>
   <trkpt lat="4.8061970" lon="-75.7515870">
    <ele>1289.7</ele>
   </trkpt>
   <trkpt lat="4.8061970" lon="-75.7515870">
    <ele>1289.7</ele>
   </trkpt>
   <trkpt lat="4.8061970" lon="-75.7515870">
    <ele>1289.7</ele>
   </trkpt>
   <trkpt lat="4.8061970" lon="-75.7515870">
    <ele>1289.7</ele>
   </trkpt>
   <trkpt lat="4.8061970" lon="-75.7515870">
    <ele>1289.7</ele>
   </trkpt>
   <trkpt lat="4.8061970" lon="-75.7515870">
    <ele>1289.7</ele>
   </trkpt>
   <trkpt lat="4.8061970" lon="-75.7515870">
    <ele>1289.7</ele>
   </trkpt>
   <trkpt lat="4.8061970" lon="-75.7515870">
    <ele>1289.7</ele>
   </trkpt>
   <trkpt lat="4.8061970" lon="-75.7515870">
    <ele>1289.7</ele>
   </trkpt>
   <trkpt lat="4.8061970" lon="-75.7515870">
    <ele>1289.7</ele>
   </trkpt>
   <trkpt lat="4.8061970" lon="-75.7515870">
    <ele>1289.7</ele>
   </trkpt>
   <trkpt lat="4.8061970" lon="-75.7515870">
    <ele>1289.7</ele>
   </trkpt>
   <trkpt lat="4.8061970" lon="-75.7515870">
    <ele>1289.7</ele>
   </trkpt>
   <trkpt lat="4.8061970" lon="-75.7515870">
    <ele>1289.7</ele>
   </trkpt>
   <trkpt lat="4.8061970" lon="-75.7515870">
    <ele>1289.7</ele>
   </trkpt>
   <trkpt lat="4.8061970" lon="-75.7515870">
    <ele>1289.7</ele>
   </trkpt>
   <trkpt lat="4.8061970" lon="-75.7515870">
    <ele>1289.7</ele>
   </trkpt>
   <trkpt lat="4.8061970" lon="-75.7515870">
    <ele>1289.7</ele>
   </trkpt>
   <trkpt lat="4.8061970" lon="-75.7515870">
    <ele>1289.7</ele>
   </trkpt>
   <trkpt lat="4.8061970" lon="-75.7515870">
    <ele>1289.7</ele>
   </trkpt>
   <trkpt lat="4.8061970" lon="-75.7515870">
    <ele>1289.7</ele>
   </trkpt>
   <trkpt lat="4.8061970" lon="-75.7515870">
    <ele>1289.7</ele>
   </trkpt>
   <trkpt lat="4.8061970" lon="-75.7515870">
    <ele>1289.7</ele>
   </trkpt>
   <trkpt lat="4.8061970" lon="-75.7515870">
    <ele>1289.7</ele>
   </trkpt>
   <trkpt lat="4.8061970" lon="-75.7515870">
    <ele>1289.7</ele>
   </trkpt>
   <trkpt lat="4.8061970" lon="-75.7515870">
    <ele>1289.7</ele>
   </trkpt>
   <trkpt lat="4.8061970" lon="-75.7515870">
    <ele>1289.7</ele>
   </trkpt>
   <trkpt lat="4.8061970" lon="-75.7515870">
    <ele>1289.7</ele>
   </trkpt>
   <trkpt lat="4.8061970" lon="-75.7515870">
    <ele>1289.7</ele>
   </trkpt>
   <trkpt lat="4.8061970" lon="-75.7515870">
    <ele>1289.7</ele>
   </trkpt>
   <trkpt lat="4.8061970" lon="-75.7515870">
    <ele>1289.7</ele>
   </trkpt>
   <trkpt lat="4.8061970" lon="-75.7515870">
    <ele>1289.7</ele>
   </trkpt>
   <trkpt lat="4.8061970" lon="-75.7515870">
    <ele>1289.7</ele>
   </trkpt>
   <trkpt lat="4.8061970" lon="-75.7515870">
    <ele>1289.7</ele>
   </trkpt>
   <trkpt lat="4.8061970" lon="-75.7515870">
    <ele>1289.7</ele>
   </trkpt>
   <trkpt lat="4.8061970" lon="-75.7515870">
    <ele>1289.7</ele>
   </trkpt>
   <trkpt lat="4.8061970" lon="-75.7515870">
    <ele>1289.7</ele>
   </trkpt>
   <trkpt lat="4.8061970" lon="-75.7515870">
    <ele>1289.7</ele>
   </trkpt>
   <trkpt lat="4.8061970" lon="-75.7515870">
    <ele>1289.7</ele>
   </trkpt>
   <trkpt lat="4.8061970" lon="-75.7515870">
    <ele>1289.7</ele>
   </trkpt>
   <trkpt lat="4.8061970" lon="-75.7515870">
    <ele>1289.7</ele>
   </trkpt>
   <trkpt lat="4.8061970" lon="-75.7515870">
    <ele>1289.7</ele>
   </trkpt>
   <trkpt lat="4.8061970" lon="-75.7515870">
    <ele>1289.7</ele>
   </trkpt>
   <trkpt lat="4.8061970" lon="-75.7515870">
    <ele>1289.7</ele>
   </trkpt>
   <trkpt lat="4.8061970" lon="-75.7515870">
    <ele>1289.7</ele>
   </trkpt>
   <trkpt lat="4.8061970" lon="-75.7515870">
    <ele>1289.7</ele>
   </trkpt>
   <trkpt lat="4.8061970" lon="-75.7515870">
    <ele>1289.7</ele>
   </trkpt>
   <trkpt lat="4.8061970" lon="-75.7515870">
    <ele>1289.7</ele>
   </trkpt>
   <trkpt lat="4.8061970" lon="-75.7515870">
    <ele>1289.7</ele>
   </trkpt>
   <trkpt lat="4.8061970" lon="-75.7515870">
    <ele>1289.7</ele>
   </trkpt>
   <trkpt lat="4.8061970" lon="-75.7515870">
    <ele>1289.7</ele>
   </trkpt>
   <trkpt lat="4.8061970" lon="-75.7515870">
    <ele>1289.7</ele>
   </trkpt>
   <trkpt lat="4.8061970" lon="-75.7515870">
    <ele>1289.7</ele>
   </trkpt>
   <trkpt lat="4.8061970" lon="-75.7515870">
    <ele>1289.7</ele>
   </trkpt>
   <trkpt lat="4.8061970" lon="-75.7515870">
    <ele>1289.7</ele>
   </trkpt>
   <trkpt lat="4.8061970" lon="-75.7515870">
    <ele>1289.7</ele>
   </trkpt>
   <trkpt lat="4.8061970" lon="-75.7515870">
    <ele>1289.7</ele>
   </trkpt>
   <trkpt lat="4.8061970" lon="-75.7515870">
    <ele>1289.7</ele>
   </trkpt>
   <trkpt lat="4.8061970" lon="-75.7515870">
    <ele>1289.7</ele>
   </trkpt>
   <trkpt lat="4.8061970" lon="-75.7515870">
    <ele>1289.7</ele>
   </trkpt>
   <trkpt lat="4.8061970" lon="-75.7515870">
    <ele>1289.7</ele>
   </trkpt>
   <trkpt lat="4.8061970" lon="-75.7515870">
    <ele>1289.7</ele>
   </trkpt>
   <trkpt lat="4.8061970" lon="-75.7515870">
    <ele>1289.7</ele>
   </trkpt>
   <trkpt lat="4.8061970" lon="-75.7515870">
    <ele>1289.7</ele>
   </trkpt>
   <trkpt lat="4.8061970" lon="-75.7515870">
    <ele>1289.7</ele>
   </trkpt>
   <trkpt lat="4.8061970" lon="-75.7515870">
    <ele>1289.7</ele>
   </trkpt>
   <trkpt lat="4.8061970" lon="-75.7515870">
    <ele>1289.7</ele>
   </trkpt>
   <trkpt lat="4.8061970" lon="-75.7515870">
    <ele>1289.7</ele>
   </trkpt>
   <trkpt lat="4.8061970" lon="-75.7515870">
    <ele>1289.7</ele>
   </trkpt>
   <trkpt lat="4.8061970" lon="-75.7515870">
    <ele>1289.7</ele>
   </trkpt>
   <trkpt lat="4.8061970" lon="-75.7515870">
    <ele>1289.7</ele>
   </trkpt>
   <trkpt lat="4.8061970" lon="-75.7515870">
    <ele>1289.7</ele>
   </trkpt>
   <trkpt lat="4.8061970" lon="-75.7515870">
    <ele>1289.7</ele>
   </trkpt>
   <trkpt lat="4.8061970" lon="-75.7515870">
    <ele>1289.7</ele>
   </trkpt>
   <trkpt lat="4.8061970" lon="-75.7515870">
    <ele>1289.7</ele>
   </trkpt>
   <trkpt lat="4.8061970" lon="-75.7515870">
    <ele>1289.7</ele>
   </trkpt>
   <trkpt lat="4.8061970" lon="-75.7515870">
    <ele>1289.7</ele>
   </trkpt>
   <trkpt lat="4.8061970" lon="-75.7515870">
    <ele>1289.7</ele>
   </trkpt>
   <trkpt lat="4.8061970" lon="-75.7515870">
    <ele>1289.7</ele>
   </trkpt>
   <trkpt lat="4.8061970" lon="-75.7515870">
    <ele>1289.7</ele>
   </trkpt>
   <trkpt lat="4.8061970" lon="-75.7515870">
    <ele>1289.7</ele>
   </trkpt>
   <trkpt lat="4.8061970" lon="-75.7515870">
    <ele>1289.7</ele>
   </trkpt>
   <trkpt lat="4.8061970" lon="-75.7515870">
    <ele>1289.7</ele>
   </trkpt>
   <trkpt lat="4.8061970" lon="-75.7515870">
    <ele>1289.7</ele>
   </trkpt>
   <trkpt lat="4.8061970" lon="-75.7515870">
    <ele>1289.7</ele>
   </trkpt>
   <trkpt lat="4.8061970" lon="-75.7515870">
    <ele>1289.7</ele>
   </trkpt>
   <trkpt lat="4.8061970" lon="-75.7515870">
    <ele>1289.7</ele>
   </trkpt>
   <trkpt lat="4.8061970" lon="-75.7515870">
    <ele>1289.7</ele>
   </trkpt>
   <trkpt lat="4.8061970" lon="-75.7515870">
    <ele>1289.7</ele>
   </trkpt>
   <trkpt lat="4.8061970" lon="-75.7515870">
    <ele>1289.7</ele>
   </trkpt>
   <trkpt lat="4.8061970" lon="-75.7515870">
    <ele>1289.7</ele>
   </trkpt>
   <trkpt lat="4.8061970" lon="-75.7515870">
    <ele>1289.7</ele>
   </trkpt>
   <trkpt lat="4.8061970" lon="-75.7515870">
    <ele>1289.7</ele>
   </trkpt>
   <trkpt lat="4.8061970" lon="-75.7515870">
    <ele>1289.7</ele>
   </trkpt>
   <trkpt lat="4.8061970" lon="-75.7515870">
    <ele>1289.7</ele>
   </trkpt>
   <trkpt lat="4.8061970" lon="-75.7515870">
    <ele>1289.7</ele>
   </trkpt>
   <trkpt lat="4.8061970" lon="-75.7515870">
    <ele>1289.7</ele>
   </trkpt>
   <trkpt lat="4.8061970" lon="-75.7515870">
    <ele>1289.7</ele>
   </trkpt>
   <trkpt lat="4.8061970" lon="-75.7515870">
    <ele>1289.7</ele>
   </trkpt>
   <trkpt lat="4.8061970" lon="-75.7515870">
    <ele>1289.7</ele>
   </trkpt>
   <trkpt lat="4.8061970" lon="-75.7515870">
    <ele>1289.7</ele>
   </trkpt>
   <trkpt lat="4.8061970" lon="-75.7515870">
    <ele>1289.7</ele>
   </trkpt>
   <trkpt lat="4.8061970" lon="-75.7515870">
    <ele>1289.7</ele>
   </trkpt>
   <trkpt lat="4.8061970" lon="-75.7515870">
    <ele>1289.7</ele>
   </trkpt>
   <trkpt lat="4.8061970" lon="-75.7515870">
    <ele>1289.7</ele>
   </trkpt>
   <trkpt lat="4.8061970" lon="-75.7515870">
    <ele>1289.7</ele>
   </trkpt>
   <trkpt lat="4.8061970" lon="-75.7515870">
    <ele>1289.7</ele>
   </trkpt>
   <trkpt lat="4.8061970" lon="-75.7515870">
    <ele>1289.7</ele>
   </trkpt>
   <trkpt lat="4.8061970" lon="-75.7515870">
    <ele>1289.7</ele>
   </trkpt>
   <trkpt lat="4.8061970" lon="-75.7515870">
    <ele>1289.7</ele>
   </trkpt>
   <trkpt lat="4.8061970" lon="-75.7515870">
    <ele>1289.7</ele>
   </trkpt>
   <trkpt lat="4.8061970" lon="-75.7515870">
    <ele>1289.7</ele>
   </trkpt>
   <trkpt lat="4.8061970" lon="-75.7515870">
    <ele>1289.7</ele>
   </trkpt>
   <trkpt lat="4.8061970" lon="-75.7515870">
    <ele>1289.7</ele>
   </trkpt>
   <trkpt lat="4.8061970" lon="-75.7515870">
    <ele>1289.7</ele>
   </trkpt>
   <trkpt lat="4.8061970" lon="-75.7515870">
    <ele>1289.7</ele>
   </trkpt>
   <trkpt lat="4.8061970" lon="-75.7515870">
    <ele>1289.7</ele>
   </trkpt>
   <trkpt lat="4.8061970" lon="-75.7515870">
    <ele>1289.7</ele>
   </trkpt>
   <trkpt lat="4.8061970" lon="-75.7515870">
    <ele>1289.7</ele>
   </trkpt>
   <trkpt lat="4.8061970" lon="-75.7515870">
    <ele>1289.7</ele>
   </trkpt>
   <trkpt lat="4.8061970" lon="-75.7515870">
    <ele>1289.7</ele>
   </trkpt>
   <trkpt lat="4.8061970" lon="-75.7515870">
    <ele>1289.7</ele>
   </trkpt>
   <trkpt lat="4.8061970" lon="-75.7515870">
    <ele>1289.7</ele>
   </trkpt>
   <trkpt lat="4.8061970" lon="-75.7515870">
    <ele>1289.7</ele>
   </trkpt>
   <trkpt lat="4.8061970" lon="-75.7515870">
    <ele>1289.7</ele>
   </trkpt>
   <trkpt lat="4.8061970" lon="-75.7515870">
    <ele>1289.7</ele>
   </trkpt>
   <trkpt lat="4.8061970" lon="-75.7515870">
    <ele>1289.7</ele>
   </trkpt>
   <trkpt lat="4.8061970" lon="-75.7515870">
    <ele>1289.7</ele>
   </trkpt>
   <trkpt lat="4.8061970" lon="-75.7515870">
    <ele>1289.7</ele>
   </trkpt>
   <trkpt lat="4.8061970" lon="-75.7515870">
    <ele>1289.7</ele>
   </trkpt>
   <trkpt lat="4.8061970" lon="-75.7515870">
    <ele>1289.7</ele>
   </trkpt>
   <trkpt lat="4.8061970" lon="-75.7515870">
    <ele>1289.7</ele>
   </trkpt>
   <trkpt lat="4.8061970" lon="-75.7515870">
    <ele>1289.7</ele>
   </trkpt>
   <trkpt lat="4.8061970" lon="-75.7515870">
    <ele>1289.7</ele>
   </trkpt>
   <trkpt lat="4.8061970" lon="-75.7515870">
    <ele>1289.7</ele>
   </trkpt>
   <trkpt lat="4.8061970" lon="-75.7515870">
    <ele>1289.7</ele>
   </trkpt>
   <trkpt lat="4.8061970" lon="-75.7515870">
    <ele>1289.7</ele>
   </trkpt>
   <trkpt lat="4.8061970" lon="-75.7515870">
    <ele>1289.7</ele>
   </trkpt>
   <trkpt lat="4.8061970" lon="-75.7515870">
    <ele>1289.7</ele>
   </trkpt>
   <trkpt lat="4.8061970" lon="-75.7515870">
    <ele>1289.7</ele>
   </trkpt>
   <trkpt lat="4.8061970" lon="-75.7515870">
    <ele>1289.7</ele>
   </trkpt>
   <trkpt lat="4.8061970" lon="-75.7515870">
    <ele>1289.7</ele>
   </trkpt>
   <trkpt lat="4.8061970" lon="-75.7515870">
    <ele>1289.7</ele>
   </trkpt>
   <trkpt lat="4.8061970" lon="-75.7515870">
    <ele>1289.7</ele>
   </trkpt>
   <trkpt lat="4.8061970" lon="-75.7515870">
    <ele>1289.7</ele>
   </trkpt>
   <trkpt lat="4.8061970" lon="-75.7515870">
    <ele>1289.7</ele>
   </trkpt>
   <trkpt lat="4.8061970" lon="-75.7515870">
    <ele>1289.7</ele>
   </trkpt>
   <trkpt lat="4.8061970" lon="-75.7515870">
    <ele>1289.7</ele>
   </trkpt>
   <trkpt lat="4.8061970" lon="-75.7515870">
    <ele>1289.7</ele>
   </trkpt>
   <trkpt lat="4.8061970" lon="-75.7515870">
    <ele>1289.7</ele>
   </trkpt>
   <trkpt lat="4.8061970" lon="-75.7515870">
    <ele>1289.7</ele>
   </trkpt>
   <trkpt lat="4.8061970" lon="-75.7515870">
    <ele>1289.7</ele>
   </trkpt>
   <trkpt lat="4.8061970" lon="-75.7515870">
    <ele>1289.7</ele>
   </trkpt>
   <trkpt lat="4.8061970" lon="-75.7515870">
    <ele>1289.7</ele>
   </trkpt>
   <trkpt lat="4.8061970" lon="-75.7515870">
    <ele>1289.7</ele>
   </trkpt>
   <trkpt lat="4.8061970" lon="-75.7515870">
    <ele>1289.7</ele>
   </trkpt>
   <trkpt lat="4.8061970" lon="-75.7515870">
    <ele>1289.7</ele>
   </trkpt>
   <trkpt lat="4.8061970" lon="-75.7515870">
    <ele>1289.7</ele>
   </trkpt>
   <trkpt lat="4.8061970" lon="-75.7515870">
    <ele>1289.7</ele>
   </trkpt>
   <trkpt lat="4.8061970" lon="-75.7515870">
    <ele>1289.7</ele>
   </trkpt>
   <trkpt lat="4.8061970" lon="-75.7515870">
    <ele>1289.7</ele>
   </trkpt>
   <trkpt lat="4.8061970" lon="-75.7515870">
    <ele>1289.7</ele>
   </trkpt>
   <trkpt lat="4.8061970" lon="-75.7515870">
    <ele>1289.7</ele>
   </trkpt>
   <trkpt lat="4.8061970" lon="-75.7515870">
    <ele>1289.7</ele>
   </trkpt>
   <trkpt lat="4.8061970" lon="-75.7515870">
    <ele>1289.7</ele>
   </trkpt>
   <trkpt lat="4.8061970" lon="-75.7515870">
    <ele>1289.7</ele>
   </trkpt>
   <trkpt lat="4.8061970" lon="-75.7515870">
    <ele>1289.7</ele>
   </trkpt>
   <trkpt lat="4.8061970" lon="-75.7515870">
    <ele>1289.7</ele>
   </trkpt>
   <trkpt lat="4.8061970" lon="-75.7515870">
    <ele>1289.7</ele>
   </trkpt>
   <trkpt lat="4.8061970" lon="-75.7515870">
    <ele>1289.7</ele>
   </trkpt>
   <trkpt lat="4.8061970" lon="-75.7515870">
    <ele>1289.7</ele>
   </trkpt>
   <trkpt lat="4.8061970" lon="-75.7515870">
    <ele>1289.7</ele>
   </trkpt>
   <trkpt lat="4.8061970" lon="-75.7515870">
    <ele>1289.7</ele>
   </trkpt>
   <trkpt lat="4.8061970" lon="-75.7515870">
    <ele>1289.7</ele>
   </trkpt>
   <trkpt lat="4.8061970" lon="-75.7515870">
    <ele>1289.7</ele>
   </trkpt>
   <trkpt lat="4.8061970" lon="-75.7515870">
    <ele>1289.7</ele>
   </trkpt>
   <trkpt lat="4.8061970" lon="-75.7515870">
    <ele>1289.7</ele>
   </trkpt>
   <trkpt lat="4.8061970" lon="-75.7515870">
    <ele>1289.7</ele>
   </trkpt>
   <trkpt lat="4.8061970" lon="-75.7515870">
    <ele>1289.7</ele>
   </trkpt>
   <trkpt lat="4.8061970" lon="-75.7515870">
    <ele>1289.7</ele>
   </trkpt>
   <trkpt lat="4.8061970" lon="-75.7515870">
    <ele>1289.7</ele>
   </trkpt>
   <trkpt lat="4.8061970" lon="-75.7515870">
    <ele>1289.7</ele>
   </trkpt>
   <trkpt lat="4.8061970" lon="-75.7515870">
    <ele>1289.7</ele>
   </trkpt>
   <trkpt lat="4.8061970" lon="-75.7515870">
    <ele>1289.7</ele>
   </trkpt>
   <trkpt lat="4.8061970" lon="-75.7515870">
    <ele>1289.7</ele>
   </trkpt>
   <trkpt lat="4.8061970" lon="-75.7515870">
    <ele>1289.7</ele>
   </trkpt>
   <trkpt lat="4.8061970" lon="-75.7515870">
    <ele>1289.7</ele>
   </trkpt>
   <trkpt lat="4.8061970" lon="-75.7515870">
    <ele>1289.7</ele>
   </trkpt>
   <trkpt lat="4.8061970" lon="-75.7515870">
    <ele>1289.7</ele>
   </trkpt>
   <trkpt lat="4.8061970" lon="-75.7515870">
    <ele>1289.7</ele>
   </trkpt>
   <trkpt lat="4.8061970" lon="-75.7515870">
    <ele>1289.7</ele>
   </trkpt>
   <trkpt lat="4.8061970" lon="-75.7515870">
    <ele>1289.7</ele>
   </trkpt>
   <trkpt lat="4.8061970" lon="-75.7515870">
    <ele>1289.7</ele>
   </trkpt>
   <trkpt lat="4.8061970" lon="-75.7515870">
    <ele>1289.7</ele>
   </trkpt>
   <trkpt lat="4.8061970" lon="-75.7515870">
    <ele>1289.7</ele>
   </trkpt>
   <trkpt lat="4.8061970" lon="-75.7515870">
    <ele>1289.7</ele>
   </trkpt>
   <trkpt lat="4.8061970" lon="-75.7515870">
    <ele>1289.7</ele>
   </trkpt>
   <trkpt lat="4.8061970" lon="-75.7515870">
    <ele>1289.7</ele>
   </trkpt>
   <trkpt lat="4.8061970" lon="-75.7515870">
    <ele>1289.7</ele>
   </trkpt>
   <trkpt lat="4.8061970" lon="-75.7515870">
    <ele>1289.7</ele>
   </trkpt>
   <trkpt lat="4.8061970" lon="-75.7515870">
    <ele>1289.7</ele>
   </trkpt>
   <trkpt lat="4.8061970" lon="-75.7515870">
    <ele>1289.7</ele>
   </trkpt>
   <trkpt lat="4.8061970" lon="-75.7515870">
    <ele>1289.7</ele>
   </trkpt>
   <trkpt lat="4.8061970" lon="-75.7515870">
    <ele>1289.7</ele>
   </trkpt>
   <trkpt lat="4.8061970" lon="-75.7515870">
    <ele>1289.7</ele>
   </trkpt>
   <trkpt lat="4.8061970" lon="-75.7515870">
    <ele>1289.7</ele>
   </trkpt>
   <trkpt lat="4.8061970" lon="-75.7515870">
    <ele>1289.7</ele>
   </trkpt>
   <trkpt lat="4.8061970" lon="-75.7515870">
    <ele>1289.7</ele>
   </trkpt>
   <trkpt lat="4.8061970" lon="-75.7515870">
    <ele>1289.7</ele>
   </trkpt>
   <trkpt lat="4.8061970" lon="-75.7515870">
    <ele>1289.7</ele>
   </trkpt>
   <trkpt lat="4.8061970" lon="-75.7515870">
    <ele>1289.7</ele>
   </trkpt>
   <trkpt lat="4.8061970" lon="-75.7515870">
    <ele>1289.7</ele>
   </trkpt>
   <trkpt lat="4.8061970" lon="-75.7515870">
    <ele>1289.7</ele>
   </trkpt>
   <trkpt lat="4.8061970" lon="-75.7515870">
    <ele>1289.7</ele>
   </trkpt>
   <trkpt lat="4.8061970" lon="-75.7515870">
    <ele>1289.7</ele>
   </trkpt>
   <trkpt lat="4.8061970" lon="-75.7515870">
    <ele>1289.7</ele>
   </trkpt>
   <trkpt lat="4.8061970" lon="-75.7515870">
    <ele>1289.7</ele>
   </trkpt>
   <trkpt lat="4.8061970" lon="-75.7515870">
    <ele>1289.7</ele>
   </trkpt>
   <trkpt lat="4.8061970" lon="-75.7515870">
    <ele>1289.7</ele>
   </trkpt>
   <trkpt lat="4.8061970" lon="-75.7515870">
    <ele>1289.7</ele>
   </trkpt>
   <trkpt lat="4.8061970" lon="-75.7515870">
    <ele>1289.7</ele>
   </trkpt>
   <trkpt lat="4.8061970" lon="-75.7515870">
    <ele>1289.7</ele>
   </trkpt>
   <trkpt lat="4.8061970" lon="-75.7515870">
    <ele>1289.7</ele>
   </trkpt>
   <trkpt lat="4.8061970" lon="-75.7515870">
    <ele>1289.7</ele>
   </trkpt>
   <trkpt lat="4.8061970" lon="-75.7515870">
    <ele>1289.7</ele>
   </trkpt>
   <trkpt lat="4.8061970" lon="-75.7515870">
    <ele>1289.7</ele>
   </trkpt>
   <trkpt lat="4.8061970" lon="-75.7515870">
    <ele>1289.7</ele>
   </trkpt>
   <trkpt lat="4.8061970" lon="-75.7515870">
    <ele>1289.7</ele>
   </trkpt>
   <trkpt lat="4.8061970" lon="-75.7515870">
    <ele>1289.7</ele>
   </trkpt>
   <trkpt lat="4.8061970" lon="-75.7515870">
    <ele>1289.7</ele>
   </trkpt>
   <trkpt lat="4.8061970" lon="-75.7515870">
    <ele>1289.7</ele>
   </trkpt>
   <trkpt lat="4.8061970" lon="-75.7515870">
    <ele>1289.7</ele>
   </trkpt>
   <trkpt lat="4.8061970" lon="-75.7515870">
    <ele>1289.7</ele>
   </trkpt>
   <trkpt lat="4.8061970" lon="-75.7515870">
    <ele>1289.7</ele>
   </trkpt>
   <trkpt lat="4.8061970" lon="-75.7515870">
    <ele>1289.7</ele>
   </trkpt>
   <trkpt lat="4.8061970" lon="-75.7515870">
    <ele>1289.7</ele>
   </trkpt>
   <trkpt lat="4.8061970" lon="-75.7515870">
    <ele>1289.7</ele>
   </trkpt>
   <trkpt lat="4.8061970" lon="-75.7515870">
    <ele>1289.7</ele>
   </trkpt>
   <trkpt lat="4.8061970" lon="-75.7515870">
    <ele>1289.7</ele>
   </trkpt>
   <trkpt lat="4.8061970" lon="-75.7515870">
    <ele>1289.7</ele>
   </trkpt>
   <trkpt lat="4.8061970" lon="-75.7515870">
    <ele>1289.7</ele>
   </trkpt>
   <trkpt lat="4.8061970" lon="-75.7515870">
    <ele>1289.7</ele>
   </trkpt>
   <trkpt lat="4.8061970" lon="-75.7515870">
    <ele>1289.7</ele>
   </trkpt>
   <trkpt lat="4.8061970" lon="-75.7515870">
    <ele>1289.7</ele>
   </trkpt>
   <trkpt lat="4.8061970" lon="-75.7515870">
    <ele>1289.7</ele>
   </trkpt>
   <trkpt lat="4.8061970" lon="-75.7515870">
    <ele>1289.7</ele>
   </trkpt>
   <trkpt lat="4.8061970" lon="-75.7515870">
    <ele>1289.7</ele>
   </trkpt>
   <trkpt lat="4.8061970" lon="-75.7515870">
    <ele>1289.7</ele>
   </trkpt>
   <trkpt lat="4.8061970" lon="-75.7515870">
    <ele>1289.7</ele>
   </trkpt>
   <trkpt lat="4.8061970" lon="-75.7515870">
    <ele>1289.7</ele>
   </trkpt>
   <trkpt lat="4.8061970" lon="-75.7515870">
    <ele>1289.7</ele>
   </trkpt>
   <trkpt lat="4.8061970" lon="-75.7515870">
    <ele>1289.7</ele>
   </trkpt>
   <trkpt lat="4.8061970" lon="-75.7515870">
    <ele>1289.7</ele>
   </trkpt>
   <trkpt lat="4.8061970" lon="-75.7515870">
    <ele>1289.7</ele>
   </trkpt>
   <trkpt lat="4.8061970" lon="-75.7515870">
    <ele>1289.7</ele>
   </trkpt>
   <trkpt lat="4.8061970" lon="-75.7515870">
    <ele>1289.7</ele>
   </trkpt>
   <trkpt lat="4.8061970" lon="-75.7515870">
    <ele>1289.7</ele>
   </trkpt>
   <trkpt lat="4.8061970" lon="-75.7515870">
    <ele>1289.7</ele>
   </trkpt>
   <trkpt lat="4.8061970" lon="-75.7515870">
    <ele>1289.7</ele>
   </trkpt>
   <trkpt lat="4.8061970" lon="-75.7515870">
    <ele>1289.7</ele>
   </trkpt>
   <trkpt lat="4.8061970" lon="-75.7515870">
    <ele>1289.7</ele>
   </trkpt>
   <trkpt lat="4.8061970" lon="-75.7515870">
    <ele>1289.7</ele>
   </trkpt>
   <trkpt lat="4.8061970" lon="-75.7515870">
    <ele>1289.7</ele>
   </trkpt>
   <trkpt lat="4.8061970" lon="-75.7515870">
    <ele>1289.7</ele>
   </trkpt>
   <trkpt lat="4.8061970" lon="-75.7515870">
    <ele>1289.7</ele>
   </trkpt>
   <trkpt lat="4.8061970" lon="-75.7515870">
    <ele>1289.7</ele>
   </trkpt>
   <trkpt lat="4.8061970" lon="-75.7515870">
    <ele>1289.7</ele>
   </trkpt>
   <trkpt lat="4.8061970" lon="-75.7515870">
    <ele>1289.7</ele>
   </trkpt>
   <trkpt lat="4.8061970" lon="-75.7515870">
    <ele>1289.7</ele>
   </trkpt>
   <trkpt lat="4.8061970" lon="-75.7515870">
    <ele>1289.7</ele>
   </trkpt>
   <trkpt lat="4.8061970" lon="-75.7515870">
    <ele>1289.7</ele>
   </trkpt>
   <trkpt lat="4.8061970" lon="-75.7515870">
    <ele>1289.7</ele>
   </trkpt>
   <trkpt lat="4.8061970" lon="-75.7515870">
    <ele>1289.7</ele>
   </trkpt>
   <trkpt lat="4.8061970" lon="-75.7515870">
    <ele>1289.7</ele>
   </trkpt>
   <trkpt lat="4.8061970" lon="-75.7515870">
    <ele>1289.7</ele>
   </trkpt>
   <trkpt lat="4.8061970" lon="-75.7515870">
    <ele>1289.7</ele>
   </trkpt>
   <trkpt lat="4.8061970" lon="-75.7515870">
    <ele>1289.7</ele>
   </trkpt>
   <trkpt lat="4.8061970" lon="-75.7515870">
    <ele>1289.7</ele>
   </trkpt>
   <trkpt lat="4.8061970" lon="-75.7515870">
    <ele>1289.7</ele>
   </trkpt>
   <trkpt lat="4.8061970" lon="-75.7515870">
    <ele>1289.7</ele>
   </trkpt>
   <trkpt lat="4.8061970" lon="-75.7515870">
    <ele>1289.7</ele>
   </trkpt>
   <trkpt lat="4.8061970" lon="-75.7515870">
    <ele>1289.7</ele>
   </trkpt>
   <trkpt lat="4.8061970" lon="-75.7515870">
    <ele>1289.7</ele>
   </trkpt>
   <trkpt lat="4.8061970" lon="-75.7515870">
    <ele>1289.7</ele>
   </trkpt>
   <trkpt lat="4.8061970" lon="-75.7515870">
    <ele>1289.7</ele>
   </trkpt>
   <trkpt lat="4.8061970" lon="-75.7515870">
    <ele>1289.7</ele>
   </trkpt>
   <trkpt lat="4.8061970" lon="-75.7515870">
    <ele>1289.7</ele>
   </trkpt>
   <trkpt lat="4.8061970" lon="-75.7515870">
    <ele>1289.7</ele>
   </trkpt>
   <trkpt lat="4.8061970" lon="-75.7515870">
    <ele>1289.7</ele>
   </trkpt>
   <trkpt lat="4.8061970" lon="-75.7515870">
    <ele>1289.7</ele>
   </trkpt>
   <trkpt lat="4.8061970" lon="-75.7515870">
    <ele>1289.7</ele>
   </trkpt>
   <trkpt lat="4.8061970" lon="-75.7515870">
    <ele>1289.7</ele>
   </trkpt>
   <trkpt lat="4.8061970" lon="-75.7515870">
    <ele>1289.7</ele>
   </trkpt>
   <trkpt lat="4.8061970" lon="-75.7515870">
    <ele>1289.7</ele>
   </trkpt>
   <trkpt lat="4.8061970" lon="-75.7515870">
    <ele>1289.7</ele>
   </trkpt>
   <trkpt lat="4.8061970" lon="-75.7515870">
    <ele>1289.7</ele>
   </trkpt>
   <trkpt lat="4.8061970" lon="-75.7515870">
    <ele>1289.7</ele>
   </trkpt>
   <trkpt lat="4.8061970" lon="-75.7515870">
    <ele>1289.7</ele>
   </trkpt>
   <trkpt lat="4.8061970" lon="-75.7515870">
    <ele>1289.7</ele>
   </trkpt>
   <trkpt lat="4.8061970" lon="-75.7515870">
    <ele>1289.7</ele>
   </trkpt>
   <trkpt lat="4.8061970" lon="-75.7515870">
    <ele>1289.7</ele>
   </trkpt>
   <trkpt lat="4.8061970" lon="-75.7515870">
    <ele>1289.7</ele>
   </trkpt>
   <trkpt lat="4.8061970" lon="-75.7515870">
    <ele>1289.7</ele>
   </trkpt>
   <trkpt lat="4.8061970" lon="-75.7515870">
    <ele>1289.7</ele>
   </trkpt>
   <trkpt lat="4.8061970" lon="-75.7515870">
    <ele>1289.7</ele>
   </trkpt>
   <trkpt lat="4.8061970" lon="-75.7515870">
    <ele>1289.7</ele>
   </trkpt>
   <trkpt lat="4.8061970" lon="-75.7515870">
    <ele>1289.7</ele>
   </trkpt>
   <trkpt lat="4.8061970" lon="-75.7515870">
    <ele>1289.7</ele>
   </trkpt>
   <trkpt lat="4.8061970" lon="-75.7515870">
    <ele>1289.7</ele>
   </trkpt>
   <trkpt lat="4.8061970" lon="-75.7515870">
    <ele>1289.7</ele>
   </trkpt>
   <trkpt lat="4.8061970" lon="-75.7515870">
    <ele>1289.7</ele>
   </trkpt>
   <trkpt lat="4.8061970" lon="-75.7515870">
    <ele>1289.7</ele>
   </trkpt>
   <trkpt lat="4.8061970" lon="-75.7515870">
    <ele>1289.7</ele>
   </trkpt>
   <trkpt lat="4.8061970" lon="-75.7515870">
    <ele>1289.7</ele>
   </trkpt>
   <trkpt lat="4.8061970" lon="-75.7515870">
    <ele>1289.7</ele>
   </trkpt>
   <trkpt lat="4.8061970" lon="-75.7515870">
    <ele>1289.7</ele>
   </trkpt>
   <trkpt lat="4.8061970" lon="-75.7515870">
    <ele>1289.7</ele>
   </trkpt>
   <trkpt lat="4.8061970" lon="-75.7515870">
    <ele>1289.7</ele>
   </trkpt>
   <trkpt lat="4.8061970" lon="-75.7515870">
    <ele>1289.7</ele>
   </trkpt>
   <trkpt lat="4.8061970" lon="-75.7515870">
    <ele>1289.7</ele>
   </trkpt>
   <trkpt lat="4.8061970" lon="-75.7515870">
    <ele>1289.7</ele>
   </trkpt>
   <trkpt lat="4.8061970" lon="-75.7515870">
    <ele>1289.7</ele>
   </trkpt>
   <trkpt lat="4.8061970" lon="-75.7515870">
    <ele>1289.7</ele>
   </trkpt>
   <trkpt lat="4.8061970" lon="-75.7515870">
    <ele>1289.7</ele>
   </trkpt>
   <trkpt lat="4.8061970" lon="-75.7515870">
    <ele>1289.7</ele>
   </trkpt>
   <trkpt lat="4.8061970" lon="-75.7515870">
    <ele>1289.7</ele>
   </trkpt>
   <trkpt lat="4.8061970" lon="-75.7515870">
    <ele>1289.7</ele>
   </trkpt>
   <trkpt lat="4.8061970" lon="-75.7515870">
    <ele>1289.7</ele>
   </trkpt>
   <trkpt lat="4.8061970" lon="-75.7515870">
    <ele>1289.7</ele>
   </trkpt>
   <trkpt lat="4.8061970" lon="-75.7515870">
    <ele>1289.7</ele>
   </trkpt>
   <trkpt lat="4.8061970" lon="-75.7515870">
    <ele>1289.7</ele>
   </trkpt>
   <trkpt lat="4.8061970" lon="-75.7515870">
    <ele>1289.7</ele>
   </trkpt>
   <trkpt lat="4.8061970" lon="-75.7515870">
    <ele>1289.7</ele>
   </trkpt>
   <trkpt lat="4.8061970" lon="-75.7515870">
    <ele>1289.7</ele>
   </trkpt>
   <trkpt lat="4.8061970" lon="-75.7515870">
    <ele>1289.7</ele>
   </trkpt>
   <trkpt lat="4.8061970" lon="-75.7515870">
    <ele>1289.7</ele>
   </trkpt>
   <trkpt lat="4.8061970" lon="-75.7515870">
    <ele>1289.7</ele>
   </trkpt>
   <trkpt lat="4.8061970" lon="-75.7515870">
    <ele>1289.7</ele>
   </trkpt>
   <trkpt lat="4.8061970" lon="-75.7515870">
    <ele>1289.7</ele>
   </trkpt>
   <trkpt lat="4.8061970" lon="-75.7515870">
    <ele>1289.7</ele>
   </trkpt>
   <trkpt lat="4.8061970" lon="-75.7515870">
    <ele>1289.7</ele>
   </trkpt>
   <trkpt lat="4.8061970" lon="-75.7515870">
    <ele>1289.7</ele>
   </trkpt>
   <trkpt lat="4.8061970" lon="-75.7515870">
    <ele>1289.7</ele>
   </trkpt>
   <trkpt lat="4.8061970" lon="-75.7515870">
    <ele>1289.7</ele>
   </trkpt>
   <trkpt lat="4.8061970" lon="-75.7515870">
    <ele>1289.7</ele>
   </trkpt>
   <trkpt lat="4.8061970" lon="-75.7515870">
    <ele>1289.7</ele>
   </trkpt>
   <trkpt lat="4.8061970" lon="-75.7515870">
    <ele>1289.7</ele>
   </trkpt>
   <trkpt lat="4.8061970" lon="-75.7515870">
    <ele>1289.7</ele>
   </trkpt>
   <trkpt lat="4.8061970" lon="-75.7515870">
    <ele>1289.7</ele>
   </trkpt>
   <trkpt lat="4.8061970" lon="-75.7515870">
    <ele>1289.7</ele>
   </trkpt>
   <trkpt lat="4.8061970" lon="-75.7515870">
    <ele>1289.7</ele>
   </trkpt>
   <trkpt lat="4.8061970" lon="-75.7515870">
    <ele>1289.7</ele>
   </trkpt>
   <trkpt lat="4.8061970" lon="-75.7515870">
    <ele>1289.7</ele>
   </trkpt>
   <trkpt lat="4.8061970" lon="-75.7515870">
    <ele>1289.7</ele>
   </trkpt>
   <trkpt lat="4.8061970" lon="-75.7515870">
    <ele>1289.7</ele>
   </trkpt>
   <trkpt lat="4.8061970" lon="-75.7515870">
    <ele>1289.7</ele>
   </trkpt>
   <trkpt lat="4.8061970" lon="-75.7515870">
    <ele>1289.7</ele>
   </trkpt>
   <trkpt lat="4.8061970" lon="-75.7515870">
    <ele>1289.7</ele>
   </trkpt>
   <trkpt lat="4.8061970" lon="-75.7515870">
    <ele>1289.7</ele>
   </trkpt>
   <trkpt lat="4.8061970" lon="-75.7515870">
    <ele>1289.7</ele>
   </trkpt>
   <trkpt lat="4.8061970" lon="-75.7515870">
    <ele>1289.7</ele>
   </trkpt>
   <trkpt lat="4.8061970" lon="-75.7515870">
    <ele>1289.7</ele>
   </trkpt>
   <trkpt lat="4.8061970" lon="-75.7515870">
    <ele>1289.7</ele>
   </trkpt>
   <trkpt lat="4.8061970" lon="-75.7515870">
    <ele>1289.7</ele>
   </trkpt>
   <trkpt lat="4.8061970" lon="-75.7515870">
    <ele>1289.7</ele>
   </trkpt>
   <trkpt lat="4.8061970" lon="-75.7515870">
    <ele>1289.7</ele>
   </trkpt>
   <trkpt lat="4.8061970" lon="-75.7515870">
    <ele>1289.7</ele>
   </trkpt>
   <trkpt lat="4.8061970" lon="-75.7515870">
    <ele>1289.7</ele>
   </trkpt>
   <trkpt lat="4.8061970" lon="-75.7515870">
    <ele>1289.7</ele>
   </trkpt>
   <trkpt lat="4.8061970" lon="-75.7515870">
    <ele>1289.7</ele>
   </trkpt>
   <trkpt lat="4.8061970" lon="-75.7515870">
    <ele>1289.7</ele>
   </trkpt>
   <trkpt lat="4.8061970" lon="-75.7515870">
    <ele>1289.7</ele>
   </trkpt>
   <trkpt lat="4.8061970" lon="-75.7515870">
    <ele>1289.7</ele>
   </trkpt>
   <trkpt lat="4.8061970" lon="-75.7515870">
    <ele>1289.7</ele>
   </trkpt>
   <trkpt lat="4.8061970" lon="-75.7515870">
    <ele>1289.7</ele>
   </trkpt>
   <trkpt lat="4.8061970" lon="-75.7515870">
    <ele>1289.7</ele>
   </trkpt>
   <trkpt lat="4.8061970" lon="-75.7515870">
    <ele>1289.7</ele>
   </trkpt>
   <trkpt lat="4.8061970" lon="-75.7515870">
    <ele>1289.7</ele>
   </trkpt>
   <trkpt lat="4.8061970" lon="-75.7515870">
    <ele>1289.7</ele>
   </trkpt>
   <trkpt lat="4.8061970" lon="-75.7515870">
    <ele>1289.7</ele>
   </trkpt>
   <trkpt lat="4.8061970" lon="-75.7515870">
    <ele>1289.7</ele>
   </trkpt>
   <trkpt lat="4.8061970" lon="-75.7515870">
    <ele>1289.7</ele>
   </trkpt>
   <trkpt lat="4.8061970" lon="-75.7515870">
    <ele>1289.7</ele>
   </trkpt>
   <trkpt lat="4.8061970" lon="-75.7515870">
    <ele>1289.7</ele>
   </trkpt>
   <trkpt lat="4.8061970" lon="-75.7515870">
    <ele>1289.7</ele>
   </trkpt>
   <trkpt lat="4.8061970" lon="-75.7515870">
    <ele>1289.7</ele>
   </trkpt>
   <trkpt lat="4.8061970" lon="-75.7515870">
    <ele>1289.7</ele>
   </trkpt>
   <trkpt lat="4.8061970" lon="-75.7515870">
    <ele>1289.7</ele>
   </trkpt>
   <trkpt lat="4.8061970" lon="-75.7515870">
    <ele>1289.7</ele>
   </trkpt>
   <trkpt lat="4.8061970" lon="-75.7515870">
    <ele>1289.7</ele>
   </trkpt>
   <trkpt lat="4.8061970" lon="-75.7515870">
    <ele>1289.7</ele>
   </trkpt>
   <trkpt lat="4.8061970" lon="-75.7515870">
    <ele>1289.7</ele>
   </trkpt>
   <trkpt lat="4.8061970" lon="-75.7515870">
    <ele>1289.7</ele>
   </trkpt>
   <trkpt lat="4.8061970" lon="-75.7515870">
    <ele>1289.7</ele>
   </trkpt>
   <trkpt lat="4.8061970" lon="-75.7515870">
    <ele>1289.7</ele>
   </trkpt>
   <trkpt lat="4.8061970" lon="-75.7515870">
    <ele>1289.7</ele>
   </trkpt>
   <trkpt lat="4.8061970" lon="-75.7515870">
    <ele>1289.7</ele>
   </trkpt>
   <trkpt lat="4.8061970" lon="-75.7515870">
    <ele>1289.7</ele>
   </trkpt>
   <trkpt lat="4.8061970" lon="-75.7515870">
    <ele>1289.7</ele>
   </trkpt>
   <trkpt lat="4.8061970" lon="-75.7515870">
    <ele>1289.7</ele>
   </trkpt>
   <trkpt lat="4.8061970" lon="-75.7515870">
    <ele>1289.7</ele>
   </trkpt>
   <trkpt lat="4.8061970" lon="-75.7515870">
    <ele>1289.7</ele>
   </trkpt>
   <trkpt lat="4.8061970" lon="-75.7515870">
    <ele>1289.7</ele>
   </trkpt>
   <trkpt lat="4.8061970" lon="-75.7515870">
    <ele>1289.7</ele>
   </trkpt>
   <trkpt lat="4.8061970" lon="-75.7515870">
    <ele>1289.7</ele>
   </trkpt>
   <trkpt lat="4.8061970" lon="-75.7515870">
    <ele>1289.7</ele>
   </trkpt>
   <trkpt lat="4.8061970" lon="-75.7515870">
    <ele>1289.7</ele>
   </trkpt>
   <trkpt lat="4.8061970" lon="-75.7515870">
    <ele>1289.7</ele>
   </trkpt>
   <trkpt lat="4.8061970" lon="-75.7515870">
    <ele>1289.7</ele>
   </trkpt>
   <trkpt lat="4.8061970" lon="-75.7515870">
    <ele>1289.7</ele>
   </trkpt>
   <trkpt lat="4.8061970" lon="-75.7515870">
    <ele>1289.7</ele>
   </trkpt>
   <trkpt lat="4.8061970" lon="-75.7515870">
    <ele>1289.7</ele>
   </trkpt>
   <trkpt lat="4.8061970" lon="-75.7515870">
    <ele>1289.7</ele>
   </trkpt>
   <trkpt lat="4.8061970" lon="-75.7515870">
    <ele>1289.7</ele>
   </trkpt>
   <trkpt lat="4.8061970" lon="-75.7515870">
    <ele>1289.7</ele>
   </trkpt>
   <trkpt lat="4.8061970" lon="-75.7515870">
    <ele>1289.7</ele>
   </trkpt>
   <trkpt lat="4.8061970" lon="-75.7515870">
    <ele>1289.7</ele>
   </trkpt>
   <trkpt lat="4.8061970" lon="-75.7515870">
    <ele>1289.7</ele>
   </trkpt>
   <trkpt lat="4.8061970" lon="-75.7515870">
    <ele>1289.7</ele>
   </trkpt>
   <trkpt lat="4.8061970" lon="-75.7515870">
    <ele>1289.7</ele>
   </trkpt>
   <trkpt lat="4.8061970" lon="-75.7515870">
    <ele>1289.7</ele>
   </trkpt>
   <trkpt lat="4.8061970" lon="-75.7515870">
    <ele>1289.7</ele>
   </trkpt>
   <trkpt lat="4.8061970" lon="-75.7515870">
    <ele>1289.7</ele>
   </trkpt>
   <trkpt lat="4.8061970" lon="-75.7515870">
    <ele>1289.7</ele>
   </trkpt>
   <trkpt lat="4.8061970" lon="-75.7515870">
    <ele>1289.7</ele>
   </trkpt>
   <trkpt lat="4.8061970" lon="-75.7515870">
    <ele>1289.7</ele>
   </trkpt>
   <trkpt lat="4.8061970" lon="-75.7515870">
    <ele>1289.7</ele>
   </trkpt>
   <trkpt lat="4.8061970" lon="-75.7515870">
    <ele>1289.7</ele>
   </trkpt>
   <trkpt lat="4.8061970" lon="-75.7515870">
    <ele>1289.7</ele>
   </trkpt>
   <trkpt lat="4.8061970" lon="-75.7515870">
    <ele>1289.7</ele>
   </trkpt>
   <trkpt lat="4.8061970" lon="-75.7515870">
    <ele>1289.7</ele>
   </trkpt>
   <trkpt lat="4.8061970" lon="-75.7515870">
    <ele>1289.7</ele>
   </trkpt>
   <trkpt lat="4.8061970" lon="-75.7515870">
    <ele>1289.7</ele>
   </trkpt>
   <trkpt lat="4.8061970" lon="-75.7515870">
    <ele>1289.7</ele>
   </trkpt>
   <trkpt lat="4.8061970" lon="-75.7515870">
    <ele>1289.7</ele>
   </trkpt>
   <trkpt lat="4.8061970" lon="-75.7515870">
    <ele>1289.7</ele>
   </trkpt>
   <trkpt lat="4.8061970" lon="-75.7515870">
    <ele>1289.7</ele>
   </trkpt>
   <trkpt lat="4.8061970" lon="-75.7515870">
    <ele>1289.7</ele>
   </trkpt>
   <trkpt lat="4.8061970" lon="-75.7515870">
    <ele>1289.7</ele>
   </trkpt>
   <trkpt lat="4.8061970" lon="-75.7515870">
    <ele>1289.7</ele>
   </trkpt>
   <trkpt lat="4.8061970" lon="-75.7515870">
    <ele>1289.7</ele>
   </trkpt>
   <trkpt lat="4.8061970" lon="-75.7515870">
    <ele>1289.7</ele>
   </trkpt>
   <trkpt lat="4.8061970" lon="-75.7515870">
    <ele>1289.7</ele>
   </trkpt>
   <trkpt lat="4.8061970" lon="-75.7515870">
    <ele>1289.7</ele>
   </trkpt>
   <trkpt lat="4.8061970" lon="-75.7515870">
    <ele>1289.7</ele>
   </trkpt>
   <trkpt lat="4.8061970" lon="-75.7515870">
    <ele>1289.7</ele>
   </trkpt>
   <trkpt lat="4.8061970" lon="-75.7515870">
    <ele>1289.7</ele>
   </trkpt>
   <trkpt lat="4.8061970" lon="-75.7515870">
    <ele>1289.7</ele>
   </trkpt>
   <trkpt lat="4.8061970" lon="-75.7515870">
    <ele>1289.7</ele>
   </trkpt>
   <trkpt lat="4.8061970" lon="-75.7515870">
    <ele>1289.7</ele>
   </trkpt>
   <trkpt lat="4.8061970" lon="-75.7515870">
    <ele>1289.7</ele>
   </trkpt>
   <trkpt lat="4.8061970" lon="-75.7515870">
    <ele>1289.7</ele>
   </trkpt>
   <trkpt lat="4.8061970" lon="-75.7515870">
    <ele>1289.7</ele>
   </trkpt>
   <trkpt lat="4.8061970" lon="-75.7515870">
    <ele>1289.7</ele>
   </trkpt>
   <trkpt lat="4.8061970" lon="-75.7515870">
    <ele>1289.7</ele>
   </trkpt>
   <trkpt lat="4.8061970" lon="-75.7515870">
    <ele>1289.7</ele>
   </trkpt>
   <trkpt lat="4.8061970" lon="-75.7515870">
    <ele>1289.7</ele>
   </trkpt>
   <trkpt lat="4.8061970" lon="-75.7515870">
    <ele>1289.7</ele>
   </trkpt>
   <trkpt lat="4.8061970" lon="-75.7515870">
    <ele>1289.7</ele>
   </trkpt>
   <trkpt lat="4.8061970" lon="-75.7515870">
    <ele>1289.7</ele>
   </trkpt>
   <trkpt lat="4.8061970" lon="-75.7515870">
    <ele>1289.7</ele>
   </trkpt>
   <trkpt lat="4.8061970" lon="-75.7515870">
    <ele>1289.7</ele>
   </trkpt>
   <trkpt lat="4.8061970" lon="-75.7515870">
    <ele>1289.7</ele>
   </trkpt>
   <trkpt lat="4.8061970" lon="-75.7515870">
    <ele>1289.7</ele>
   </trkpt>
   <trkpt lat="4.8061970" lon="-75.7515870">
    <ele>1289.7</ele>
   </trkpt>
   <trkpt lat="4.8061970" lon="-75.7515870">
    <ele>1289.7</ele>
   </trkpt>
   <trkpt lat="4.8061970" lon="-75.7515870">
    <ele>1289.7</ele>
   </trkpt>
   <trkpt lat="4.8061970" lon="-75.7515870">
    <ele>1289.7</ele>
   </trkpt>
   <trkpt lat="4.8061970" lon="-75.7515870">
    <ele>1289.7</ele>
   </trkpt>
   <trkpt lat="4.8061970" lon="-75.7515870">
    <ele>1289.7</ele>
   </trkpt>
   <trkpt lat="4.8061970" lon="-75.7515870">
    <ele>1289.7</ele>
   </trkpt>
   <trkpt lat="4.8061970" lon="-75.7515870">
    <ele>1289.7</ele>
   </trkpt>
   <trkpt lat="4.8061970" lon="-75.7515870">
    <ele>1289.7</ele>
   </trkpt>
   <trkpt lat="4.8061970" lon="-75.7515870">
    <ele>1289.7</ele>
   </trkpt>
   <trkpt lat="4.8061970" lon="-75.7515870">
    <ele>1289.7</ele>
   </trkpt>
   <trkpt lat="4.8061970" lon="-75.7515870">
    <ele>1289.7</ele>
   </trkpt>
   <trkpt lat="4.8061970" lon="-75.7515870">
    <ele>1289.7</ele>
   </trkpt>
   <trkpt lat="4.8061970" lon="-75.7515870">
    <ele>1289.7</ele>
   </trkpt>
   <trkpt lat="4.8061970" lon="-75.7515870">
    <ele>1289.7</ele>
   </trkpt>
   <trkpt lat="4.8061970" lon="-75.7515870">
    <ele>1289.7</ele>
   </trkpt>
   <trkpt lat="4.8061970" lon="-75.7515870">
    <ele>1289.7</ele>
   </trkpt>
   <trkpt lat="4.8061970" lon="-75.7515870">
    <ele>1289.7</ele>
   </trkpt>
   <trkpt lat="4.8061970" lon="-75.7515870">
    <ele>1289.7</ele>
   </trkpt>
   <trkpt lat="4.8061970" lon="-75.7515870">
    <ele>1289.7</ele>
   </trkpt>
   <trkpt lat="4.8061970" lon="-75.7515870">
    <ele>1289.7</ele>
   </trkpt>
   <trkpt lat="4.8061970" lon="-75.7515870">
    <ele>1289.7</ele>
   </trkpt>
   <trkpt lat="4.8061970" lon="-75.7515870">
    <ele>1289.7</ele>
   </trkpt>
   <trkpt lat="4.8061970" lon="-75.7515870">
    <ele>1289.7</ele>
   </trkpt>
   <trkpt lat="4.8061970" lon="-75.7515870">
    <ele>1289.7</ele>
   </trkpt>
   <trkpt lat="4.8061970" lon="-75.7515870">
    <ele>1289.7</ele>
   </trkpt>
   <trkpt lat="4.8061970" lon="-75.7515870">
    <ele>1289.7</ele>
   </trkpt>
   <trkpt lat="4.8061970" lon="-75.7515870">
    <ele>1289.7</ele>
   </trkpt>
   <trkpt lat="4.8061970" lon="-75.7515870">
    <ele>1289.7</ele>
   </trkpt>
   <trkpt lat="4.8061970" lon="-75.7515870">
    <ele>1289.7</ele>
   </trkpt>
   <trkpt lat="4.8061970" lon="-75.7515870">
    <ele>1289.7</ele>
   </trkpt>
   <trkpt lat="4.8061970" lon="-75.7515870">
    <ele>1289.7</ele>
   </trkpt>
   <trkpt lat="4.8061970" lon="-75.7515870">
    <ele>1289.7</ele>
   </trkpt>
   <trkpt lat="4.8061970" lon="-75.7515870">
    <ele>1289.7</ele>
   </trkpt>
   <trkpt lat="4.8061970" lon="-75.7515870">
    <ele>1289.7</ele>
   </trkpt>
   <trkpt lat="4.8061970" lon="-75.7515870">
    <ele>1289.7</ele>
   </trkpt>
   <trkpt lat="4.8061970" lon="-75.7515870">
    <ele>1289.7</ele>
   </trkpt>
   <trkpt lat="4.8061970" lon="-75.7515870">
    <ele>1289.7</ele>
   </trkpt>
   <trkpt lat="4.8061970" lon="-75.7515870">
    <ele>1289.7</ele>
   </trkpt>
   <trkpt lat="4.8061970" lon="-75.7515870">
    <ele>1289.7</ele>
   </trkpt>
   <trkpt lat="4.8061970" lon="-75.7515870">
    <ele>1289.7</ele>
   </trkpt>
   <trkpt lat="4.8061970" lon="-75.7515870">
    <ele>1289.7</ele>
   </trkpt>
   <trkpt lat="4.8061970" lon="-75.7515870">
    <ele>1289.7</ele>
   </trkpt>
   <trkpt lat="4.8061970" lon="-75.7515870">
    <ele>1289.7</ele>
   </trkpt>
   <trkpt lat="4.8061970" lon="-75.7515870">
    <ele>1289.7</ele>
   </trkpt>
   <trkpt lat="4.8061970" lon="-75.7515870">
    <ele>1289.7</ele>
   </trkpt>
   <trkpt lat="4.8061970" lon="-75.7515870">
    <ele>1289.7</ele>
   </trkpt>
   <trkpt lat="4.8061970" lon="-75.7515870">
    <ele>1289.7</ele>
   </trkpt>
   <trkpt lat="4.8061970" lon="-75.7515870">
    <ele>1289.7</ele>
   </trkpt>
   <trkpt lat="4.8061970" lon="-75.7515870">
    <ele>1289.7</ele>
   </trkpt>
   <trkpt lat="4.8061970" lon="-75.7515870">
    <ele>1289.7</ele>
   </trkpt>
   <trkpt lat="4.8061970" lon="-75.7515870">
    <ele>1289.7</ele>
   </trkpt>
   <trkpt lat="4.8061970" lon="-75.7515870">
    <ele>1289.7</ele>
   </trkpt>
   <trkpt lat="4.8061970" lon="-75.7515870">
    <ele>1289.7</ele>
   </trkpt>
   <trkpt lat="4.8061970" lon="-75.7515870">
    <ele>1289.7</ele>
   </trkpt>
   <trkpt lat="4.8061970" lon="-75.7515870">
    <ele>1289.7</ele>
   </trkpt>
   <trkpt lat="4.8061970" lon="-75.7515870">
    <ele>1289.7</ele>
   </trkpt>
   <trkpt lat="4.8061970" lon="-75.7515870">
    <ele>1289.7</ele>
   </trkpt>
   <trkpt lat="4.8061970" lon="-75.7515870">
    <ele>1289.7</ele>
   </trkpt>
   <trkpt lat="4.8061970" lon="-75.7515870">
    <ele>1289.7</ele>
   </trkpt>
   <trkpt lat="4.8061970" lon="-75.7515870">
    <ele>1289.7</ele>
   </trkpt>
   <trkpt lat="4.8061970" lon="-75.7515870">
    <ele>1289.7</ele>
   </trkpt>
   <trkpt lat="4.8061970" lon="-75.7515870">
    <ele>1289.7</ele>
   </trkpt>
   <trkpt lat="4.8061970" lon="-75.7515870">
    <ele>1289.7</ele>
   </trkpt>
   <trkpt lat="4.8061970" lon="-75.7515870">
    <ele>1289.7</ele>
   </trkpt>
   <trkpt lat="4.8061970" lon="-75.7515870">
    <ele>1289.7</ele>
   </trkpt>
   <trkpt lat="4.8061970" lon="-75.7515870">
    <ele>1289.7</ele>
   </trkpt>
   <trkpt lat="4.8061970" lon="-75.7515870">
    <ele>1289.7</ele>
   </trkpt>
   <trkpt lat="4.8061970" lon="-75.7515870">
    <ele>1289.7</ele>
   </trkpt>
   <trkpt lat="4.8061970" lon="-75.7515870">
    <ele>1289.7</ele>
   </trkpt>
   <trkpt lat="4.8061970" lon="-75.7515870">
    <ele>1289.7</ele>
   </trkpt>
   <trkpt lat="4.8061970" lon="-75.7515870">
    <ele>1289.7</ele>
   </trkpt>
   <trkpt lat="4.8061970" lon="-75.7515870">
    <ele>1289.7</ele>
   </trkpt>
   <trkpt lat="4.8061970" lon="-75.7515870">
    <ele>1289.7</ele>
   </trkpt>
   <trkpt lat="4.8061970" lon="-75.7515870">
    <ele>1289.7</ele>
   </trkpt>
   <trkpt lat="4.8061970" lon="-75.7515870">
    <ele>1289.7</ele>
   </trkpt>
   <trkpt lat="4.8061970" lon="-75.7515870">
    <ele>1289.7</ele>
   </trkpt>
   <trkpt lat="4.8061970" lon="-75.7515870">
    <ele>1289.7</ele>
   </trkpt>
   <trkpt lat="4.8061970" lon="-75.7515870">
    <ele>1289.7</ele>
   </trkpt>
   <trkpt lat="4.8061970" lon="-75.7515870">
    <ele>1289.7</ele>
   </trkpt>
   <trkpt lat="4.8061970" lon="-75.7515870">
    <ele>1289.7</ele>
   </trkpt>
   <trkpt lat="4.8061970" lon="-75.7515870">
    <ele>1289.7</ele>
   </trkpt>
   <trkpt lat="4.8061970" lon="-75.7515870">
    <ele>1289.7</ele>
   </trkpt>
   <trkpt lat="4.8061970" lon="-75.7515870">
    <ele>1289.7</ele>
   </trkpt>
   <trkpt lat="4.8061970" lon="-75.7515870">
    <ele>1289.7</ele>
   </trkpt>
   <trkpt lat="4.8061970" lon="-75.7515870">
    <ele>1289.7</ele>
   </trkpt>
   <trkpt lat="4.8061970" lon="-75.7515870">
    <ele>1289.7</ele>
   </trkpt>
   <trkpt lat="4.8061970" lon="-75.7515870">
    <ele>1289.7</ele>
   </trkpt>
   <trkpt lat="4.8061970" lon="-75.7515870">
    <ele>1289.7</ele>
   </trkpt>
   <trkpt lat="4.8061970" lon="-75.7515870">
    <ele>1289.7</ele>
   </trkpt>
   <trkpt lat="4.8061970" lon="-75.7515870">
    <ele>1289.7</ele>
   </trkpt>
   <trkpt lat="4.8061970" lon="-75.7515870">
    <ele>1289.7</ele>
   </trkpt>
   <trkpt lat="4.8061970" lon="-75.7515870">
    <ele>1289.7</ele>
   </trkpt>
   <trkpt lat="4.8061970" lon="-75.7515870">
    <ele>1289.7</ele>
   </trkpt>
   <trkpt lat="4.8061970" lon="-75.7515870">
    <ele>1289.7</ele>
   </trkpt>
   <trkpt lat="4.8061970" lon="-75.7515870">
    <ele>1289.7</ele>
   </trkpt>
   <trkpt lat="4.8061970" lon="-75.7515870">
    <ele>1289.7</ele>
   </trkpt>
   <trkpt lat="4.8061970" lon="-75.7515870">
    <ele>1289.7</ele>
   </trkpt>
   <trkpt lat="4.8061970" lon="-75.7515870">
    <ele>1289.7</ele>
   </trkpt>
   <trkpt lat="4.8061970" lon="-75.7515870">
    <ele>1289.7</ele>
   </trkpt>
   <trkpt lat="4.8061970" lon="-75.7515870">
    <ele>1289.7</ele>
   </trkpt>
   <trkpt lat="4.8061970" lon="-75.7515870">
    <ele>1289.7</ele>
   </trkpt>
   <trkpt lat="4.8061970" lon="-75.7515870">
    <ele>1289.7</ele>
   </trkpt>
   <trkpt lat="4.8061970" lon="-75.7515870">
    <ele>1289.7</ele>
   </trkpt>
   <trkpt lat="4.8061970" lon="-75.7515870">
    <ele>1289.7</ele>
   </trkpt>
   <trkpt lat="4.8061970" lon="-75.7515870">
    <ele>1289.7</ele>
   </trkpt>
   <trkpt lat="4.8061970" lon="-75.7515870">
    <ele>1289.7</ele>
   </trkpt>
   <trkpt lat="4.8061970" lon="-75.7515870">
    <ele>1289.7</ele>
   </trkpt>
   <trkpt lat="4.8061970" lon="-75.7515870">
    <ele>1289.7</ele>
   </trkpt>
   <trkpt lat="4.8061970" lon="-75.7515870">
    <ele>1289.7</ele>
   </trkpt>
   <trkpt lat="4.8061970" lon="-75.7515870">
    <ele>1289.7</ele>
   </trkpt>
   <trkpt lat="4.8061970" lon="-75.7515870">
    <ele>1289.7</ele>
   </trkpt>
   <trkpt lat="4.8061970" lon="-75.7515870">
    <ele>1289.7</ele>
   </trkpt>
   <trkpt lat="4.8061970" lon="-75.7515870">
    <ele>1289.7</ele>
   </trkpt>
   <trkpt lat="4.8061970" lon="-75.7515870">
    <ele>1289.7</ele>
   </trkpt>
   <trkpt lat="4.8061970" lon="-75.7515870">
    <ele>1289.7</ele>
   </trkpt>
   <trkpt lat="4.8061970" lon="-75.7515870">
    <ele>1289.7</ele>
   </trkpt>
   <trkpt lat="4.8061970" lon="-75.7515870">
    <ele>1289.7</ele>
   </trkpt>
   <trkpt lat="4.8061970" lon="-75.7515870">
    <ele>1289.7</ele>
   </trkpt>
   <trkpt lat="4.8061970" lon="-75.7515870">
    <ele>1289.7</ele>
   </trkpt>
   <trkpt lat="4.8061970" lon="-75.7515870">
    <ele>1289.7</ele>
   </trkpt>
   <trkpt lat="4.8061970" lon="-75.7515870">
    <ele>1289.7</ele>
   </trkpt>
   <trkpt lat="4.8061970" lon="-75.7515870">
    <ele>1289.7</ele>
   </trkpt>
   <trkpt lat="4.8061970" lon="-75.7515870">
    <ele>1289.7</ele>
   </trkpt>
   <trkpt lat="4.8061970" lon="-75.7515870">
    <ele>1289.7</ele>
   </trkpt>
   <trkpt lat="4.8061970" lon="-75.7515870">
    <ele>1289.7</ele>
   </trkpt>
   <trkpt lat="4.8061970" lon="-75.7515870">
    <ele>1289.7</ele>
   </trkpt>
   <trkpt lat="4.8061970" lon="-75.7515870">
    <ele>1289.7</ele>
   </trkpt>
   <trkpt lat="4.8061970" lon="-75.7515870">
    <ele>1289.7</ele>
   </trkpt>
   <trkpt lat="4.8061970" lon="-75.7515870">
    <ele>1289.7</ele>
   </trkpt>
   <trkpt lat="4.8061970" lon="-75.7515870">
    <ele>1289.7</ele>
   </trkpt>
   <trkpt lat="4.8061970" lon="-75.7515870">
    <ele>1289.7</ele>
   </trkpt>
   <trkpt lat="4.8061970" lon="-75.7515870">
    <ele>1289.7</ele>
   </trkpt>
   <trkpt lat="4.8061970" lon="-75.7515870">
    <ele>1289.7</ele>
   </trkpt>
   <trkpt lat="4.8061970" lon="-75.7515870">
    <ele>1289.7</ele>
   </trkpt>
   <trkpt lat="4.8061970" lon="-75.7515870">
    <ele>1289.7</ele>
   </trkpt>
   <trkpt lat="4.8061970" lon="-75.7515870">
    <ele>1289.7</ele>
   </trkpt>
   <trkpt lat="4.8061970" lon="-75.7515870">
    <ele>1289.7</ele>
   </trkpt>
   <trkpt lat="4.8061970" lon="-75.7515870">
    <ele>1289.7</ele>
   </trkpt>
   <trkpt lat="4.8061970" lon="-75.7515870">
    <ele>1289.7</ele>
   </trkpt>
   <trkpt lat="4.8061970" lon="-75.7515870">
    <ele>1289.7</ele>
   </trkpt>
   <trkpt lat="4.8061970" lon="-75.7515870">
    <ele>1289.7</ele>
   </trkpt>
   <trkpt lat="4.8061970" lon="-75.7515870">
    <ele>1289.7</ele>
   </trkpt>
   <trkpt lat="4.8061970" lon="-75.7515870">
    <ele>1289.7</ele>
   </trkpt>
   <trkpt lat="4.8061970" lon="-75.7515870">
    <ele>1289.7</ele>
   </trkpt>
   <trkpt lat="4.8061970" lon="-75.7515870">
    <ele>1289.7</ele>
   </trkpt>
   <trkpt lat="4.8061970" lon="-75.7515870">
    <ele>1289.7</ele>
   </trkpt>
   <trkpt lat="4.8061970" lon="-75.7515870">
    <ele>1289.7</ele>
   </trkpt>
   <trkpt lat="4.8061970" lon="-75.7515870">
    <ele>1289.7</ele>
   </trkpt>
   <trkpt lat="4.8061970" lon="-75.7515870">
    <ele>1289.7</ele>
   </trkpt>
   <trkpt lat="4.8061970" lon="-75.7515870">
    <ele>1289.7</ele>
   </trkpt>
   <trkpt lat="4.8061970" lon="-75.7515870">
    <ele>1289.7</ele>
   </trkpt>
   <trkpt lat="4.8061970" lon="-75.7515870">
    <ele>1289.7</ele>
   </trkpt>
   <trkpt lat="4.8061970" lon="-75.7515870">
    <ele>1289.7</ele>
   </trkpt>
   <trkpt lat="4.8061970" lon="-75.7515870">
    <ele>1289.7</ele>
   </trkpt>
   <trkpt lat="4.8061970" lon="-75.7515870">
    <ele>1289.7</ele>
   </trkpt>
   <trkpt lat="4.8061970" lon="-75.7515870">
    <ele>1289.7</ele>
   </trkpt>
   <trkpt lat="4.8061970" lon="-75.7515870">
    <ele>1289.7</ele>
   </trkpt>
   <trkpt lat="4.8061970" lon="-75.7515870">
    <ele>1289.7</ele>
   </trkpt>
   <trkpt lat="4.8061970" lon="-75.7515870">
    <ele>1289.7</ele>
   </trkpt>
   <trkpt lat="4.8061970" lon="-75.7515870">
    <ele>1289.7</ele>
   </trkpt>
   <trkpt lat="4.8061970" lon="-75.7515870">
    <ele>1289.7</ele>
   </trkpt>
   <trkpt lat="4.8061970" lon="-75.7515870">
    <ele>1289.7</ele>
   </trkpt>
   <trkpt lat="4.8061970" lon="-75.7515870">
    <ele>1289.7</ele>
   </trkpt>
   <trkpt lat="4.8061970" lon="-75.7515870">
    <ele>1289.7</ele>
   </trkpt>
   <trkpt lat="4.8061970" lon="-75.7515870">
    <ele>1289.7</ele>
   </trkpt>
   <trkpt lat="4.8061970" lon="-75.7515870">
    <ele>1289.7</ele>
   </trkpt>
   <trkpt lat="4.8061970" lon="-75.7515870">
    <ele>1289.7</ele>
   </trkpt>
   <trkpt lat="4.8061970" lon="-75.7515870">
    <ele>1289.7</ele>
   </trkpt>
   <trkpt lat="4.8061970" lon="-75.7515870">
    <ele>1289.7</ele>
   </trkpt>
   <trkpt lat="4.8061970" lon="-75.7515870">
    <ele>1289.7</ele>
   </trkpt>
   <trkpt lat="4.8061970" lon="-75.7515870">
    <ele>1289.7</ele>
   </trkpt>
   <trkpt lat="4.8061970" lon="-75.7515870">
    <ele>1289.7</ele>
   </trkpt>
   <trkpt lat="4.8061970" lon="-75.7515870">
    <ele>1289.7</ele>
   </trkpt>
   <trkpt lat="4.8061970" lon="-75.7515870">
    <ele>1289.7</ele>
   </trkpt>
   <trkpt lat="4.8061970" lon="-75.7515870">
    <ele>1289.7</ele>
   </trkpt>
   <trkpt lat="4.8061970" lon="-75.7515870">
    <ele>1289.7</ele>
   </trkpt>
   <trkpt lat="4.8061970" lon="-75.7515870">
    <ele>1289.7</ele>
   </trkpt>
   <trkpt lat="4.8061970" lon="-75.7515870">
    <ele>1289.7</ele>
   </trkpt>
   <trkpt lat="4.8061970" lon="-75.7515870">
    <ele>1289.7</ele>
   </trkpt>
   <trkpt lat="4.8061970" lon="-75.7515870">
    <ele>1289.7</ele>
   </trkpt>
   <trkpt lat="4.8061970" lon="-75.7515870">
    <ele>1289.7</ele>
   </trkpt>
   <trkpt lat="4.8061970" lon="-75.7515870">
    <ele>1289.7</ele>
   </trkpt>
   <trkpt lat="4.8061970" lon="-75.7515870">
    <ele>1289.7</ele>
   </trkpt>
   <trkpt lat="4.8061970" lon="-75.7515870">
    <ele>1289.7</ele>
   </trkpt>
   <trkpt lat="4.8061970" lon="-75.7515870">
    <ele>1289.7</ele>
   </trkpt>
   <trkpt lat="4.8061970" lon="-75.7515870">
    <ele>1289.7</ele>
   </trkpt>
   <trkpt lat="4.8061970" lon="-75.7515870">
    <ele>1289.7</ele>
   </trkpt>
   <trkpt lat="4.8061970" lon="-75.7515870">
    <ele>1289.7</ele>
   </trkpt>
   <trkpt lat="4.8062050" lon="-75.7516040">
    <ele>1289.7</ele>
   </trkpt>
   <trkpt lat="4.8062140" lon="-75.7516200">
    <ele>1289.7</ele>
   </trkpt>
   <trkpt lat="4.8062230" lon="-75.7516370">
    <ele>1289.7</ele>
   </trkpt>
   <trkpt lat="4.8062310" lon="-75.7516540">
    <ele>1289.7</ele>
   </trkpt>
   <trkpt lat="4.8062400" lon="-75.7516710">
    <ele>1289.7</ele>
   </trkpt>
   <trkpt lat="4.8062490" lon="-75.7516880">
    <ele>1289.7</ele>
   </trkpt>
   <trkpt lat="4.8062570" lon="-75.7517050">
    <ele>1289.7</ele>
   </trkpt>
   <trkpt lat="4.8062660" lon="-75.7517210">
    <ele>1289.7</ele>
   </trkpt>
   <trkpt lat="4.8062750" lon="-75.7517380">
    <ele>1289.7</ele>
   </trkpt>
   <trkpt lat="4.8062830" lon="-75.7517550">
    <ele>1289.7</ele>
   </trkpt>
   <trkpt lat="4.8062920" lon="-75.7517720">
    <ele>1289.7</ele>
   </trkpt>
   <trkpt lat="4.8063010" lon="-75.7517890">
    <ele>1289.6</ele>
   </trkpt>
   <trkpt lat="4.8063040" lon="-75.7517930">
    <ele>1289.6</ele>
   </trkpt>
   <trkpt lat="4.8063090" lon="-75.7517990">
    <ele>1289.6</ele>
   </trkpt>
   <trkpt lat="4.8063120" lon="-75.7518030">
    <ele>1289.6</ele>
   </trkpt>
   <trkpt lat="4.8063170" lon="-75.7518050">
    <ele>1289.6</ele>
   </trkpt>
   <trkpt lat="4.8063250" lon="-75.7518070">
    <ele>1289.6</ele>
   </trkpt>
   <trkpt lat="4.8063340" lon="-75.7518050">
    <ele>1289.6</ele>
   </trkpt>
   <trkpt lat="4.8063410" lon="-75.7518040">
    <ele>1289.6</ele>
   </trkpt>
   <trkpt lat="4.8063460" lon="-75.7518040">
    <ele>1289.6</ele>
   </trkpt>
   <trkpt lat="4.8063530" lon="-75.7518060">
    <ele>1289.6</ele>
   </trkpt>
   <trkpt lat="4.8063570" lon="-75.7518090">
    <ele>1289.6</ele>
   </trkpt>
   <trkpt lat="4.8063600" lon="-75.7518120">
    <ele>1289.6</ele>
   </trkpt>
   <trkpt lat="4.8063630" lon="-75.7518150">
    <ele>1289.6</ele>
   </trkpt>
   <trkpt lat="4.8063670" lon="-75.7518200">
    <ele>1289.6</ele>
   </trkpt>
   <trkpt lat="4.8063700" lon="-75.7518240">
    <ele>1289.6</ele>
   </trkpt>
   <trkpt lat="4.8063720" lon="-75.7518270">
    <ele>1289.6</ele>
   </trkpt>
   <trkpt lat="4.8063750" lon="-75.7518310">
    <ele>1289.6</ele>
   </trkpt>
   <trkpt lat="4.8063780" lon="-75.7518340">
    <ele>1289.6</ele>
   </trkpt>
   <trkpt lat="4.8063810" lon="-75.7518380">
    <ele>1289.6</ele>
   </trkpt>
   <trkpt lat="4.8063850" lon="-75.7518420">
    <ele>1289.5</ele>
   </trkpt>
   <trkpt lat="4.8063860" lon="-75.7518450">
    <ele>1289.5</ele>
   </trkpt>
   <trkpt lat="4.8063870" lon="-75.7518480">
    <ele>1289.5</ele>
   </trkpt>
   <trkpt lat="4.8063880" lon="-75.7518510">
    <ele>1289.5</ele>
   </trkpt>
   <trkpt lat="4.8063900" lon="-75.7518550">
    <ele>1289.5</ele>
   </trkpt>
   <trkpt lat="4.8063930" lon="-75.7518590">
    <ele>1289.5</ele>
   </trkpt>
   <trkpt lat="4.8063950" lon="-75.7518620">
    <ele>1289.5</ele>
   </trkpt>
   <trkpt lat="4.8063990" lon="-75.7518660">
    <ele>1289.5</ele>
   </trkpt>
   <trkpt lat="4.8064040" lon="-75.7518710">
    <ele>1289.5</ele>
   </trkpt>
   <trkpt lat="4.8064110" lon="-75.7518750">
    <ele>1289.5</ele>
   </trkpt>
   <trkpt lat="4.8064170" lon="-75.7518800">
    <ele>1289.5</ele>
   </trkpt>
   <trkpt lat="4.8064230" lon="-75.7518840">
    <ele>1289.4</ele>
   </trkpt>
   <trkpt lat="4.8064290" lon="-75.7518870">
    <ele>1289.4</ele>
   </trkpt>
   <trkpt lat="4.8064370" lon="-75.7518900">
    <ele>1289.4</ele>
   </trkpt>
   <trkpt lat="4.8064470" lon="-75.7518940">
    <ele>1289.4</ele>
   </trkpt>
   <trkpt lat="4.8064570" lon="-75.7518960">
    <ele>1289.4</ele>
   </trkpt>
   <trkpt lat="4.8064640" lon="-75.7518980">
    <ele>1289.3</ele>
   </trkpt>
   <trkpt lat="4.8064730" lon="-75.7519010">
    <ele>1289.3</ele>
   </trkpt>
   <trkpt lat="4.8064830" lon="-75.7519060">
    <ele>1289.3</ele>
   </trkpt>
   <trkpt lat="4.8064890" lon="-75.7519090">
    <ele>1289.3</ele>
   </trkpt>
   <trkpt lat="4.8064950" lon="-75.7519140">
    <ele>1289.2</ele>
   </trkpt>
   <trkpt lat="4.8065020" lon="-75.7519200">
    <ele>1289.2</ele>
   </trkpt>
   <trkpt lat="4.8065080" lon="-75.7519270">
    <ele>1289.2</ele>
   </trkpt>
   <trkpt lat="4.8065120" lon="-75.7519340">
    <ele>1289.2</ele>
   </trkpt>
   <trkpt lat="4.8065150" lon="-75.7519400">
    <ele>1289.2</ele>
   </trkpt>
   <trkpt lat="4.8065190" lon="-75.7519480">
    <ele>1289.1</ele>
   </trkpt>
   <trkpt lat="4.8065240" lon="-75.7519580">
    <ele>1289.1</ele>
   </trkpt>
   <trkpt lat="4.8065300" lon="-75.7519690">
    <ele>1289.1</ele>
   </trkpt>
   <trkpt lat="4.8065350" lon="-75.7519790">
    <ele>1289.0</ele>
   </trkpt>
   <trkpt lat="4.8065410" lon="-75.7519880">
    <ele>1289.0</ele>
   </trkpt>
   <trkpt lat="4.8065470" lon="-75.7519950">
    <ele>1289.0</ele>
   </trkpt>
   <trkpt lat="4.8065550" lon="-75.7520040">
    <ele>1289.0</ele>
   </trkpt>
   <trkpt lat="4.8065650" lon="-75.7520110">
    <ele>1288.9</ele>
   </trkpt>
   <trkpt lat="4.8065730" lon="-75.7520270">
    <ele>1288.9</ele>
   </trkpt>
   <trkpt lat="4.8065820" lon="-75.7520420">
    <ele>1288.8</ele>
   </trkpt>
   <trkpt lat="4.8065910" lon="-75.7520580">
    <ele>1288.8</ele>
   </trkpt>
   <trkpt lat="4.8066000" lon="-75.7520740">
    <ele>1288.8</ele>
   </trkpt>
   <trkpt lat="4.8066090" lon="-75.7520900">
    <ele>1288.7</ele>
   </trkpt>
   <trkpt lat="4.8066170" lon="-75.7521050">
    <ele>1288.7</ele>
   </trkpt>
   <trkpt lat="4.8066260" lon="-75.7521210">
    <ele>1288.7</ele>
   </trkpt>
   <trkpt lat="4.8066260" lon="-75.7521210">
    <ele>1288.7</ele>
   </trkpt>
   <trkpt lat="4.8066260" lon="-75.7521210">
    <ele>1288.7</ele>
   </trkpt>
   <trkpt lat="4.8066260" lon="-75.7521210">
    <ele>1288.7</ele>
   </trkpt>
   <trkpt lat="4.8066260" lon="-75.7521210">
    <ele>1288.7</ele>
   </trkpt>
   <trkpt lat="4.8066260" lon="-75.7521210">
    <ele>1288.7</ele>
   </trkpt>
   <trkpt lat="4.8066260" lon="-75.7521210">
    <ele>1288.7</ele>
   </trkpt>
   <trkpt lat="4.8066260" lon="-75.7521210">
    <ele>1288.7</ele>
   </trkpt>
   <trkpt lat="4.8066260" lon="-75.7521210">
    <ele>1288.7</ele>
   </trkpt>
   <trkpt lat="4.8066260" lon="-75.7521210">
    <ele>1288.7</ele>
   </trkpt>
   <trkpt lat="4.8066260" lon="-75.7521210">
    <ele>1288.7</ele>
   </trkpt>
   <trkpt lat="4.8066260" lon="-75.7521210">
    <ele>1288.7</ele>
   </trkpt>
   <trkpt lat="4.8066260" lon="-75.7521210">
    <ele>1288.7</ele>
   </trkpt>
   <trkpt lat="4.8066260" lon="-75.7521210">
    <ele>1288.7</ele>
   </trkpt>
   <trkpt lat="4.8066260" lon="-75.7521210">
    <ele>1288.7</ele>
   </trkpt>
   <trkpt lat="4.8066260" lon="-75.7521210">
    <ele>1288.7</ele>
   </trkpt>
   <trkpt lat="4.8066260" lon="-75.7521210">
    <ele>1288.7</ele>
   </trkpt>
   <trkpt lat="4.8066260" lon="-75.7521210">
    <ele>1288.7</ele>
   </trkpt>
   <trkpt lat="4.8066260" lon="-75.7521210">
    <ele>1288.7</ele>
   </trkpt>
   <trkpt lat="4.8066260" lon="-75.7521210">
    <ele>1288.7</ele>
   </trkpt>
   <trkpt lat="4.8066260" lon="-75.7521210">
    <ele>1288.7</ele>
   </trkpt>
   <trkpt lat="4.8066260" lon="-75.7521210">
    <ele>1288.7</ele>
   </trkpt>
   <trkpt lat="4.8066260" lon="-75.7521210">
    <ele>1288.7</ele>
   </trkpt>
   <trkpt lat="4.8066260" lon="-75.7521210">
    <ele>1288.7</ele>
   </trkpt>
   <trkpt lat="4.8066260" lon="-75.7521210">
    <ele>1288.7</ele>
   </trkpt>
   <trkpt lat="4.8066260" lon="-75.7521210">
    <ele>1288.7</ele>
   </trkpt>
   <trkpt lat="4.8066260" lon="-75.7521210">
    <ele>1288.7</ele>
   </trkpt>
   <trkpt lat="4.8066260" lon="-75.7521210">
    <ele>1288.7</ele>
   </trkpt>
   <trkpt lat="4.8066260" lon="-75.7521210">
    <ele>1288.7</ele>
   </trkpt>
   <trkpt lat="4.8066260" lon="-75.7521210">
    <ele>1288.7</ele>
   </trkpt>
   <trkpt lat="4.8066260" lon="-75.7521210">
    <ele>1288.7</ele>
   </trkpt>
   <trkpt lat="4.8066260" lon="-75.7521210">
    <ele>1288.7</ele>
   </trkpt>
   <trkpt lat="4.8066260" lon="-75.7521210">
    <ele>1288.7</ele>
   </trkpt>
   <trkpt lat="4.8066260" lon="-75.7521210">
    <ele>1288.7</ele>
   </trkpt>
   <trkpt lat="4.8066260" lon="-75.7521210">
    <ele>1288.7</ele>
   </trkpt>
   <trkpt lat="4.8066260" lon="-75.7521210">
    <ele>1288.7</ele>
   </trkpt>
   <trkpt lat="4.8066260" lon="-75.7521210">
    <ele>1288.7</ele>
   </trkpt>
   <trkpt lat="4.8066260" lon="-75.7521210">
    <ele>1288.7</ele>
   </trkpt>
   <trkpt lat="4.8066260" lon="-75.7521210">
    <ele>1288.7</ele>
   </trkpt>
   <trkpt lat="4.8066260" lon="-75.7521210">
    <ele>1288.7</ele>
   </trkpt>
   <trkpt lat="4.8066260" lon="-75.7521210">
    <ele>1288.7</ele>
   </trkpt>
   <trkpt lat="4.8066260" lon="-75.7521210">
    <ele>1288.7</ele>
   </trkpt>
   <trkpt lat="4.8066260" lon="-75.7521210">
    <ele>1288.7</ele>
   </trkpt>
   <trkpt lat="4.8066260" lon="-75.7521210">
    <ele>1288.7</ele>
   </trkpt>
   <trkpt lat="4.8066260" lon="-75.7521210">
    <ele>1288.7</ele>
   </trkpt>
   <trkpt lat="4.8066260" lon="-75.7521210">
    <ele>1288.7</ele>
   </trkpt>
   <trkpt lat="4.8066260" lon="-75.7521210">
    <ele>1288.7</ele>
   </trkpt>
   <trkpt lat="4.8066260" lon="-75.7521210">
    <ele>1288.7</ele>
   </trkpt>
   <trkpt lat="4.8066260" lon="-75.7521210">
    <ele>1288.7</ele>
   </trkpt>
   <trkpt lat="4.8066260" lon="-75.7521210">
    <ele>1288.7</ele>
   </trkpt>
   <trkpt lat="4.8066260" lon="-75.7521210">
    <ele>1288.7</ele>
   </trkpt>
   <trkpt lat="4.8066260" lon="-75.7521210">
    <ele>1288.7</ele>
   </trkpt>
   <trkpt lat="4.8066260" lon="-75.7521210">
    <ele>1288.7</ele>
   </trkpt>
   <trkpt lat="4.8066260" lon="-75.7521210">
    <ele>1288.7</ele>
   </trkpt>
   <trkpt lat="4.8066260" lon="-75.7521210">
    <ele>1288.7</ele>
   </trkpt>
   <trkpt lat="4.8066260" lon="-75.7521210">
    <ele>1288.7</ele>
   </trkpt>
   <trkpt lat="4.8066260" lon="-75.7521210">
    <ele>1288.7</ele>
   </trkpt>
   <trkpt lat="4.8066260" lon="-75.7521210">
    <ele>1288.7</ele>
   </trkpt>
   <trkpt lat="4.8066260" lon="-75.7521210">
    <ele>1288.7</ele>
   </trkpt>
   <trkpt lat="4.8066260" lon="-75.7521210">
    <ele>1288.7</ele>
   </trkpt>
   <trkpt lat="4.8066260" lon="-75.7521210">
    <ele>1288.7</ele>
   </trkpt>
   <trkpt lat="4.8066260" lon="-75.7521210">
    <ele>1288.7</ele>
   </trkpt>
   <trkpt lat="4.8066260" lon="-75.7521210">
    <ele>1288.7</ele>
   </trkpt>
   <trkpt lat="4.8066380" lon="-75.7521360">
    <ele>1288.7</ele>
   </trkpt>
   <trkpt lat="4.8066490" lon="-75.7521500">
    <ele>1288.7</ele>
   </trkpt>
   <trkpt lat="4.8066600" lon="-75.7521650">
    <ele>1288.7</ele>
   </trkpt>
   <trkpt lat="4.8066720" lon="-75.7521800">
    <ele>1288.7</ele>
   </trkpt>
   <trkpt lat="4.8066830" lon="-75.7521940">
    <ele>1288.7</ele>
   </trkpt>
   <trkpt lat="4.8066950" lon="-75.7522090">
    <ele>1288.7</ele>
   </trkpt>
   <trkpt lat="4.8067060" lon="-75.7522240">
    <ele>1288.7</ele>
   </trkpt>
   <trkpt lat="4.8067130" lon="-75.7522310">
    <ele>1288.7</ele>
   </trkpt>
   <trkpt lat="4.8067200" lon="-75.7522370">
    <ele>1288.7</ele>
   </trkpt>
   <trkpt lat="4.8067270" lon="-75.7522430">
    <ele>1288.7</ele>
   </trkpt>
   <trkpt lat="4.8067350" lon="-75.7522490">
    <ele>1288.7</ele>
   </trkpt>
   <trkpt lat="4.8067480" lon="-75.7522570">
    <ele>1288.8</ele>
   </trkpt>
   <trkpt lat="4.8067600" lon="-75.7522660">
    <ele>1288.5</ele>
   </trkpt>
   <trkpt lat="4.8067690" lon="-75.7522730">
    <ele>1288.4</ele>
   </trkpt>
   <trkpt lat="4.8067790" lon="-75.7522800">
    <ele>1288.2</ele>
   </trkpt>
   <trkpt lat="4.8067870" lon="-75.7522870">
    <ele>1288.0</ele>
   </trkpt>
   <trkpt lat="4.8067940" lon="-75.7522940">
    <ele>1287.9</ele>
   </trkpt>
   <trkpt lat="4.8068010" lon="-75.7523010">
    <ele>1287.8</ele>
   </trkpt>
   <trkpt lat="4.8068100" lon="-75.7523050">
    <ele>1287.8</ele>
   </trkpt>
   <trkpt lat="4.8068180" lon="-75.7523080">
    <ele>1287.9</ele>
   </trkpt>
   <trkpt lat="4.8068270" lon="-75.7523090">
    <ele>1287.9</ele>
   </trkpt>
   <trkpt lat="4.8068380" lon="-75.7523100">
    <ele>1287.9</ele>
   </trkpt>
   <trkpt lat="4.8068480" lon="-75.7523100">
    <ele>1287.9</ele>
   </trkpt>
   <trkpt lat="4.8068570" lon="-75.7523120">
    <ele>1287.9</ele>
   </trkpt>
   <trkpt lat="4.8068630" lon="-75.7523130">
    <ele>1287.9</ele>
   </trkpt>
   <trkpt lat="4.8068680" lon="-75.7523120">
    <ele>1287.9</ele>
   </trkpt>
   <trkpt lat="4.8068720" lon="-75.7523100">
    <ele>1287.9</ele>
   </trkpt>
   <trkpt lat="4.8068770" lon="-75.7523070">
    <ele>1287.9</ele>
   </trkpt>
   <trkpt lat="4.8068820" lon="-75.7523040">
    <ele>1287.9</ele>
   </trkpt>
   <trkpt lat="4.8068880" lon="-75.7523020">
    <ele>1287.9</ele>
   </trkpt>
   <trkpt lat="4.8068950" lon="-75.7523000">
    <ele>1287.9</ele>
   </trkpt>
   <trkpt lat="4.8068990" lon="-75.7522990">
    <ele>1287.9</ele>
   </trkpt>
   <trkpt lat="4.8069050" lon="-75.7522970">
    <ele>1287.9</ele>
   </trkpt>
   <trkpt lat="4.8069120" lon="-75.7522960">
    <ele>1287.9</ele>
   </trkpt>
   <trkpt lat="4.8069160" lon="-75.7522960">
    <ele>1288.0</ele>
   </trkpt>
   <trkpt lat="4.8069210" lon="-75.7522950">
    <ele>1288.0</ele>
   </trkpt>
   <trkpt lat="4.8069280" lon="-75.7522920">
    <ele>1288.0</ele>
   </trkpt>
   <trkpt lat="4.8069340" lon="-75.7522900">
    <ele>1288.0</ele>
   </trkpt>
   <trkpt lat="4.8069400" lon="-75.7522870">
    <ele>1288.0</ele>
   </trkpt>
   <trkpt lat="4.8069440" lon="-75.7522860">
    <ele>1288.0</ele>
   </trkpt>
   <trkpt lat="4.8069500" lon="-75.7522830">
    <ele>1288.0</ele>
   </trkpt>
   <trkpt lat="4.8069590" lon="-75.7522780">
    <ele>1288.0</ele>
   </trkpt>
   <trkpt lat="4.8069680" lon="-75.7522690">
    <ele>1288.1</ele>
   </trkpt>
   <trkpt lat="4.8069730" lon="-75.7522640">
    <ele>1288.1</ele>
   </trkpt>
   <trkpt lat="4.8069780" lon="-75.7522620">
    <ele>1288.1</ele>
   </trkpt>
   <trkpt lat="4.8069860" lon="-75.7522590">
    <ele>1288.1</ele>
   </trkpt>
   <trkpt lat="4.8069900" lon="-75.7522580">
    <ele>1288.1</ele>
   </trkpt>
   <trkpt lat="4.8069920" lon="-75.7522570">
    <ele>1288.1</ele>
   </trkpt>
   <trkpt lat="4.8069930" lon="-75.7522560">
    <ele>1288.1</ele>
   </trkpt>
   <trkpt lat="4.8069930" lon="-75.7522580">
    <ele>1288.1</ele>
   </trkpt>
   <trkpt lat="4.8069930" lon="-75.7522590">
    <ele>1288.1</ele>
   </trkpt>
   <trkpt lat="4.8069930" lon="-75.7522600">
    <ele>1288.1</ele>
   </trkpt>
   <trkpt lat="4.8069940" lon="-75.7522610">
    <ele>1288.2</ele>
   </trkpt>
   <trkpt lat="4.8069940" lon="-75.7522610">
    <ele>1288.2</ele>
   </trkpt>
   <trkpt lat="4.8069940" lon="-75.7522600">
    <ele>1288.2</ele>
   </trkpt>
   <trkpt lat="4.8069940" lon="-75.7522600">
    <ele>1288.2</ele>
   </trkpt>
   <trkpt lat="4.8069960" lon="-75.7522590">
    <ele>1288.2</ele>
   </trkpt>
   <trkpt lat="4.8070000" lon="-75.7522580">
    <ele>1288.2</ele>
   </trkpt>
   <trkpt lat="4.8070060" lon="-75.7522550">
    <ele>1288.2</ele>
   </trkpt>
   <trkpt lat="4.8070110" lon="-75.7522540">
    <ele>1288.2</ele>
   </trkpt>
   <trkpt lat="4.8070170" lon="-75.7522540">
    <ele>1288.2</ele>
   </trkpt>
   <trkpt lat="4.8070260" lon="-75.7522530">
    <ele>1288.2</ele>
   </trkpt>
   <trkpt lat="4.8070350" lon="-75.7522510">
    <ele>1288.3</ele>
   </trkpt>
   <trkpt lat="4.8070440" lon="-75.7522470">
    <ele>1288.3</ele>
   </trkpt>
   <trkpt lat="4.8070530" lon="-75.7522400">
    <ele>1288.3</ele>
   </trkpt>
   <trkpt lat="4.8070590" lon="-75.7522350">
    <ele>1288.3</ele>
   </trkpt>
   <trkpt lat="4.8070650" lon="-75.7522280">
    <ele>1288.3</ele>
   </trkpt>
   <trkpt lat="4.8070720" lon="-75.7522200">
    <ele>1288.3</ele>
   </trkpt>
   <trkpt lat="4.8070780" lon="-75.7522140">
    <ele>1288.3</ele>
   </trkpt>
   <trkpt lat="4.8070820" lon="-75.7522100">
    <ele>1288.4</ele>
   </trkpt>
   <trkpt lat="4.8070870" lon="-75.7522060">
    <ele>1288.4</ele>
   </trkpt>
   <trkpt lat="4.8070940" lon="-75.7522010">
    <ele>1288.5</ele>
   </trkpt>
   <trkpt lat="4.8071000" lon="-75.7521960">
    <ele>1288.5</ele>
   </trkpt>
   <trkpt lat="4.8071060" lon="-75.7521910">
    <ele>1288.5</ele>
   </trkpt>
   <trkpt lat="4.8071110" lon="-75.7521870">
    <ele>1288.6</ele>
   </trkpt>
   <trkpt lat="4.8071170" lon="-75.7521840">
    <ele>1288.6</ele>
   </trkpt>
   <trkpt lat="4.8071210" lon="-75.7521820">
    <ele>1288.6</ele>
   </trkpt>
   <trkpt lat="4.8071260" lon="-75.7521810">
    <ele>1288.7</ele>
   </trkpt>
   <trkpt lat="4.8071320" lon="-75.7521800">
    <ele>1288.7</ele>
   </trkpt>
   <trkpt lat="4.8071380" lon="-75.7521790">
    <ele>1288.7</ele>
   </trkpt>
   <trkpt lat="4.8071440" lon="-75.7521770">
    <ele>1288.8</ele>
   </trkpt>
   <trkpt lat="4.8071500" lon="-75.7521740">
    <ele>1288.8</ele>
   </trkpt>
   <trkpt lat="4.8071570" lon="-75.7521690">
    <ele>1288.9</ele>
   </trkpt>
   <trkpt lat="4.8071650" lon="-75.7521640">
    <ele>1288.9</ele>
   </trkpt>
   <trkpt lat="4.8071730" lon="-75.7521590">
    <ele>1289.0</ele>
   </trkpt>
   <trkpt lat="4.8071820" lon="-75.7521550">
    <ele>1289.0</ele>
   </trkpt>
   <trkpt lat="4.8071880" lon="-75.7521510">
    <ele>1289.1</ele>
   </trkpt>
   <trkpt lat="4.8071950" lon="-75.7521470">
    <ele>1289.1</ele>
   </trkpt>
   <trkpt lat="4.8072050" lon="-75.7521420">
    <ele>1289.2</ele>
   </trkpt>
   <trkpt lat="4.8072140" lon="-75.7521370">
    <ele>1289.2</ele>
   </trkpt>
   <trkpt lat="4.8072240" lon="-75.7521320">
    <ele>1289.3</ele>
   </trkpt>
   <trkpt lat="4.8072340" lon="-75.7521270">
    <ele>1289.4</ele>
   </trkpt>
   <trkpt lat="4.8072440" lon="-75.7521230">
    <ele>1289.4</ele>
   </trkpt>
   <trkpt lat="4.8072540" lon="-75.7521180">
    <ele>1289.5</ele>
   </trkpt>
   <trkpt lat="4.8072630" lon="-75.7521130">
    <ele>1289.5</ele>
   </trkpt>
   <trkpt lat="4.8072730" lon="-75.7521080">
    <ele>1289.6</ele>
   </trkpt>
   <trkpt lat="4.8072830" lon="-75.7521020">
    <ele>1289.7</ele>
   </trkpt>
   <trkpt lat="4.8072930" lon="-75.7520970">
    <ele>1289.7</ele>
   </trkpt>
   <trkpt lat="4.8073020" lon="-75.7520930">
    <ele>1289.8</ele>
   </trkpt>
   <trkpt lat="4.8073110" lon="-75.7520890">
    <ele>1289.8</ele>
   </trkpt>
   <trkpt lat="4.8073200" lon="-75.7520870">
    <ele>1289.9</ele>
   </trkpt>
   <trkpt lat="4.8073280" lon="-75.7520850">
    <ele>1289.9</ele>
   </trkpt>
   <trkpt lat="4.8073360" lon="-75.7520850">
    <ele>1289.9</ele>
   </trkpt>
   <trkpt lat="4.8073440" lon="-75.7520850">
    <ele>1290.0</ele>
   </trkpt>
   <trkpt lat="4.8073540" lon="-75.7520810">
    <ele>1290.0</ele>
   </trkpt>
   <trkpt lat="4.8073630" lon="-75.7520780">
    <ele>1290.1</ele>
   </trkpt>
   <trkpt lat="4.8073720" lon="-75.7520740">
    <ele>1290.1</ele>
   </trkpt>
   <trkpt lat="4.8073810" lon="-75.7520700">
    <ele>1290.2</ele>
   </trkpt>
   <trkpt lat="4.8073890" lon="-75.7520660">
    <ele>1290.2</ele>
   </trkpt>
   <trkpt lat="4.8073980" lon="-75.7520640">
    <ele>1290.2</ele>
   </trkpt>
   <trkpt lat="4.8074060" lon="-75.7520610">
    <ele>1290.3</ele>
   </trkpt>
   <trkpt lat="4.8074120" lon="-75.7520570">
    <ele>1290.3</ele>
   </trkpt>
   <trkpt lat="4.8074200" lon="-75.7520530">
    <ele>1290.4</ele>
   </trkpt>
   <trkpt lat="4.8074290" lon="-75.7520480">
    <ele>1290.4</ele>
   </trkpt>
   <trkpt lat="4.8074370" lon="-75.7520420">
    <ele>1290.4</ele>
   </trkpt>
   <trkpt lat="4.8074450" lon="-75.7520360">
    <ele>1290.5</ele>
   </trkpt>
   <trkpt lat="4.8074520" lon="-75.7520310">
    <ele>1290.5</ele>
   </trkpt>
   <trkpt lat="4.8074600" lon="-75.7520260">
    <ele>1290.6</ele>
   </trkpt>
   <trkpt lat="4.8074690" lon="-75.7520200">
    <ele>1290.6</ele>
   </trkpt>
   <trkpt lat="4.8074770" lon="-75.7520140">
    <ele>1290.7</ele>
   </trkpt>
   <trkpt lat="4.8074850" lon="-75.7520100">
    <ele>1290.7</ele>
   </trkpt>
   <trkpt lat="4.8074910" lon="-75.7520070">
    <ele>1290.7</ele>
   </trkpt>
   <trkpt lat="4.8074970" lon="-75.7520040">
    <ele>1290.7</ele>
   </trkpt>
   <trkpt lat="4.8075050" lon="-75.7520010">
    <ele>1290.8</ele>
   </trkpt>
   <trkpt lat="4.8075120" lon="-75.7519980">
    <ele>1290.8</ele>
   </trkpt>
   <trkpt lat="4.8075200" lon="-75.7519950">
    <ele>1290.8</ele>
   </trkpt>
   <trkpt lat="4.8075270" lon="-75.7519920">
    <ele>1290.9</ele>
   </trkpt>
   <trkpt lat="4.8075330" lon="-75.7519900">
    <ele>1290.9</ele>
   </trkpt>
   <trkpt lat="4.8075390" lon="-75.7519880">
    <ele>1290.9</ele>
   </trkpt>
   <trkpt lat="4.8075480" lon="-75.7519850">
    <ele>1291.0</ele>
   </trkpt>
   <trkpt lat="4.8075560" lon="-75.7519830">
    <ele>1291.0</ele>
   </trkpt>
   <trkpt lat="4.8075630" lon="-75.7519800">
    <ele>1291.0</ele>
   </trkpt>
   <trkpt lat="4.8075690" lon="-75.7519750">
    <ele>1291.0</ele>
   </trkpt>
   <trkpt lat="4.8075750" lon="-75.7519690">
    <ele>1291.1</ele>
   </trkpt>
   <trkpt lat="4.8075810" lon="-75.7519630">
    <ele>1291.1</ele>
   </trkpt>
   <trkpt lat="4.8075860" lon="-75.7519570">
    <ele>1291.1</ele>
   </trkpt>
   <trkpt lat="4.8075930" lon="-75.7519510">
    <ele>1291.2</ele>
   </trkpt>
   <trkpt lat="4.8076030" lon="-75.7519430">
    <ele>1291.2</ele>
   </trkpt>
   <trkpt lat="4.8076140" lon="-75.7519360">
    <ele>1291.2</ele>
   </trkpt>
   <trkpt lat="4.8076260" lon="-75.7519300">
    <ele>1291.3</ele>
   </trkpt>
   <trkpt lat="4.8076360" lon="-75.7519250">
    <ele>1291.4</ele>
   </trkpt>
   <trkpt lat="4.8076430" lon="-75.7519210">
    <ele>1291.4</ele>
   </trkpt>
   <trkpt lat="4.8076490" lon="-75.7519170">
    <ele>1291.4</ele>
   </trkpt>
   <trkpt lat="4.8076570" lon="-75.7519120">
    <ele>1291.5</ele>
   </trkpt>
   <trkpt lat="4.8076660" lon="-75.7519060">
    <ele>1291.6</ele>
   </trkpt>
   <trkpt lat="4.8076750" lon="-75.7519000">
    <ele>1291.6</ele>
   </trkpt>
   <trkpt lat="4.8076820" lon="-75.7518940">
    <ele>1291.7</ele>
   </trkpt>
   <trkpt lat="4.8076890" lon="-75.7518880">
    <ele>1291.7</ele>
   </trkpt>
   <trkpt lat="4.8076990" lon="-75.7518810">
    <ele>1291.8</ele>
   </trkpt>
   <trkpt lat="4.8077090" lon="-75.7518760">
    <ele>1291.9</ele>
   </trkpt>
   <trkpt lat="4.8077160" lon="-75.7518730">
    <ele>1291.9</ele>
   </trkpt>
   <trkpt lat="4.8077250" lon="-75.7518690">
    <ele>1292.0</ele>
   </trkpt>
   <trkpt lat="4.8077360" lon="-75.7518650">
    <ele>1292.0</ele>
   </trkpt>
   <trkpt lat="4.8077450" lon="-75.7518600">
    <ele>1292.1</ele>
   </trkpt>
   <trkpt lat="4.8077530" lon="-75.7518570">
    <ele>1292.1</ele>
   </trkpt>
   <trkpt lat="4.8077610" lon="-75.7518540">
    <ele>1292.2</ele>
   </trkpt>
   <trkpt lat="4.8077710" lon="-75.7518510">
    <ele>1292.3</ele>
   </trkpt>
   <trkpt lat="4.8077810" lon="-75.7518480">
    <ele>1292.3</ele>
   </trkpt>
   <trkpt lat="4.8077900" lon="-75.7518450">
    <ele>1292.4</ele>
   </trkpt>
   <trkpt lat="4.8077980" lon="-75.7518410">
    <ele>1292.4</ele>
   </trkpt>
   <trkpt lat="4.8078030" lon="-75.7518380">
    <ele>1292.4</ele>
   </trkpt>
   <trkpt lat="4.8078080" lon="-75.7518350">
    <ele>1292.5</ele>
   </trkpt>
   <trkpt lat="4.8078150" lon="-75.7518310">
    <ele>1292.5</ele>
   </trkpt>
   <trkpt lat="4.8078220" lon="-75.7518260">
    <ele>1292.6</ele>
   </trkpt>
   <trkpt lat="4.8078270" lon="-75.7518220">
    <ele>1292.6</ele>
   </trkpt>
   <trkpt lat="4.8078330" lon="-75.7518170">
    <ele>1292.7</ele>
   </trkpt>
   <trkpt lat="4.8078390" lon="-75.7518120">
    <ele>1292.7</ele>
   </trkpt>
   <trkpt lat="4.8078440" lon="-75.7518070">
    <ele>1292.7</ele>
   </trkpt>
   <trkpt lat="4.8078520" lon="-75.7518010">
    <ele>1292.8</ele>
   </trkpt>
   <trkpt lat="4.8078600" lon="-75.7517940">
    <ele>1292.9</ele>
   </trkpt>
   <trkpt lat="4.8078670" lon="-75.7517860">
    <ele>1292.9</ele>
   </trkpt>
   <trkpt lat="4.8078730" lon="-75.7517790">
    <ele>1293.0</ele>
   </trkpt>
   <trkpt lat="4.8078790" lon="-75.7517710">
    <ele>1293.0</ele>
   </trkpt>
   <trkpt lat="4.8078850" lon="-75.7517650">
    <ele>1293.1</ele>
   </trkpt>
   <trkpt lat="4.8078900" lon="-75.7517620">
    <ele>1293.1</ele>
   </trkpt>
   <trkpt lat="4.8078970" lon="-75.7517590">
    <ele>1293.2</ele>
   </trkpt>
   <trkpt lat="4.8079050" lon="-75.7517540">
    <ele>1293.2</ele>
   </trkpt>
   <trkpt lat="4.8079110" lon="-75.7517490">
    <ele>1293.3</ele>
   </trkpt>
   <trkpt lat="4.8079170" lon="-75.7517450">
    <ele>1293.3</ele>
   </trkpt>
   <trkpt lat="4.8079240" lon="-75.7517380">
    <ele>1293.4</ele>
   </trkpt>
   <trkpt lat="4.8079310" lon="-75.7517330">
    <ele>1293.4</ele>
   </trkpt>
   <trkpt lat="4.8079360" lon="-75.7517300">
    <ele>1293.4</ele>
   </trkpt>
   <trkpt lat="4.8079430" lon="-75.7517260">
    <ele>1293.5</ele>
   </trkpt>
   <trkpt lat="4.8079510" lon="-75.7517220">
    <ele>1293.5</ele>
   </trkpt>
   <trkpt lat="4.8079580" lon="-75.7517170">
    <ele>1293.6</ele>
   </trkpt>
   <trkpt lat="4.8079630" lon="-75.7517140">
    <ele>1293.6</ele>
   </trkpt>
   <trkpt lat="4.8079710" lon="-75.7517090">
    <ele>1293.7</ele>
   </trkpt>
   <trkpt lat="4.8079810" lon="-75.7517030">
    <ele>1293.7</ele>
   </trkpt>
   <trkpt lat="4.8079890" lon="-75.7516980">
    <ele>1293.8</ele>
   </trkpt>
   <trkpt lat="4.8079960" lon="-75.7516940">
    <ele>1293.8</ele>
   </trkpt>
   <trkpt lat="4.8080040" lon="-75.7516890">
    <ele>1293.9</ele>
   </trkpt>
   <trkpt lat="4.8080120" lon="-75.7516850">
    <ele>1293.9</ele>
   </trkpt>
   <trkpt lat="4.8080190" lon="-75.7516810">
    <ele>1294.0</ele>
   </trkpt>
   <trkpt lat="4.8080270" lon="-75.7516770">
    <ele>1294.0</ele>
   </trkpt>
   <trkpt lat="4.8080360" lon="-75.7516730">
    <ele>1294.1</ele>
   </trkpt>
   <trkpt lat="4.8080440" lon="-75.7516710">
    <ele>1294.1</ele>
   </trkpt>
   <trkpt lat="4.8080530" lon="-75.7516690">
    <ele>1294.2</ele>
   </trkpt>
   <trkpt lat="4.8080640" lon="-75.7516680">
    <ele>1294.3</ele>
   </trkpt>
   <trkpt lat="4.8080740" lon="-75.7516650">
    <ele>1294.3</ele>
   </trkpt>
   <trkpt lat="4.8080800" lon="-75.7516640">
    <ele>1294.3</ele>
   </trkpt>
   <trkpt lat="4.8080870" lon="-75.7516610">
    <ele>1294.4</ele>
   </trkpt>
   <trkpt lat="4.8080960" lon="-75.7516570">
    <ele>1294.4</ele>
   </trkpt>
   <trkpt lat="4.8081040" lon="-75.7516540">
    <ele>1294.5</ele>
   </trkpt>
   <trkpt lat="4.8081120" lon="-75.7516490">
    <ele>1294.5</ele>
   </trkpt>
   <trkpt lat="4.8081190" lon="-75.7516440">
    <ele>1294.6</ele>
   </trkpt>
   <trkpt lat="4.8081260" lon="-75.7516390">
    <ele>1294.6</ele>
   </trkpt>
   <trkpt lat="4.8081310" lon="-75.7516350">
    <ele>1294.7</ele>
   </trkpt>
   <trkpt lat="4.8081370" lon="-75.7516300">
    <ele>1294.7</ele>
   </trkpt>
   <trkpt lat="4.8081450" lon="-75.7516240">
    <ele>1294.8</ele>
   </trkpt>
   <trkpt lat="4.8081520" lon="-75.7516190">
    <ele>1294.8</ele>
   </trkpt>
   <trkpt lat="4.8081580" lon="-75.7516140">
    <ele>1294.9</ele>
   </trkpt>
   <trkpt lat="4.8081650" lon="-75.7516100">
    <ele>1294.9</ele>
   </trkpt>
   <trkpt lat="4.8081730" lon="-75.7516060">
    <ele>1295.0</ele>
   </trkpt>
   <trkpt lat="4.8081790" lon="-75.7516030">
    <ele>1295.0</ele>
   </trkpt>
   <trkpt lat="4.8081860" lon="-75.7516010">
    <ele>1295.0</ele>
   </trkpt>
   <trkpt lat="4.8081950" lon="-75.7515970">
    <ele>1295.1</ele>
   </trkpt>
   <trkpt lat="4.8082040" lon="-75.7515930">
    <ele>1295.1</ele>
   </trkpt>
   <trkpt lat="4.8082120" lon="-75.7515900">
    <ele>1295.2</ele>
   </trkpt>
   <trkpt lat="4.8082180" lon="-75.7515870">
    <ele>1295.2</ele>
   </trkpt>
   <trkpt lat="4.8082250" lon="-75.7515820">
    <ele>1295.3</ele>
   </trkpt>
   <trkpt lat="4.8082290" lon="-75.7515780">
    <ele>1295.3</ele>
   </trkpt>
   <trkpt lat="4.8082320" lon="-75.7515750">
    <ele>1295.3</ele>
   </trkpt>
   <trkpt lat="4.8082370" lon="-75.7515720">
    <ele>1295.4</ele>
   </trkpt>
   <trkpt lat="4.8082440" lon="-75.7515670">
    <ele>1295.4</ele>
   </trkpt>
   <trkpt lat="4.8082500" lon="-75.7515620">
    <ele>1295.4</ele>
   </trkpt>
   <trkpt lat="4.8082560" lon="-75.7515580">
    <ele>1295.5</ele>
   </trkpt>
   <trkpt lat="4.8082620" lon="-75.7515540">
    <ele>1295.5</ele>
   </trkpt>
   <trkpt lat="4.8082690" lon="-75.7515500">
    <ele>1295.6</ele>
   </trkpt>
   <trkpt lat="4.8082740" lon="-75.7515490">
    <ele>1295.6</ele>
   </trkpt>
   <trkpt lat="4.8082810" lon="-75.7515480">
    <ele>1295.6</ele>
   </trkpt>
   <trkpt lat="4.8082870" lon="-75.7515480">
    <ele>1295.7</ele>
   </trkpt>
   <trkpt lat="4.8082910" lon="-75.7515490">
    <ele>1295.7</ele>
   </trkpt>
   <trkpt lat="4.8082950" lon="-75.7515500">
    <ele>1295.7</ele>
   </trkpt>
   <trkpt lat="4.8082970" lon="-75.7515520">
    <ele>1295.7</ele>
   </trkpt>
   <trkpt lat="4.8082990" lon="-75.7515520">
    <ele>1295.7</ele>
   </trkpt>
   <trkpt lat="4.8083000" lon="-75.7515530">
    <ele>1295.7</ele>
   </trkpt>
   <trkpt lat="4.8083010" lon="-75.7515530">
    <ele>1295.7</ele>
   </trkpt>
   <trkpt lat="4.8083010" lon="-75.7515530">
    <ele>1295.7</ele>
   </trkpt>
   <trkpt lat="4.8083020" lon="-75.7515540">
    <ele>1295.8</ele>
   </trkpt>
   <trkpt lat="4.8083020" lon="-75.7515540">
    <ele>1295.8</ele>
   </trkpt>
   <trkpt lat="4.8083010" lon="-75.7515540">
    <ele>1295.8</ele>
   </trkpt>
   <trkpt lat="4.8083010" lon="-75.7515550">
    <ele>1295.8</ele>
   </trkpt>
   <trkpt lat="4.8083010" lon="-75.7515550">
    <ele>1295.8</ele>
   </trkpt>
   <trkpt lat="4.8083010" lon="-75.7515560">
    <ele>1295.8</ele>
   </trkpt>
   <trkpt lat="4.8083010" lon="-75.7515560">
    <ele>1295.8</ele>
   </trkpt>
   <trkpt lat="4.8083010" lon="-75.7515540">
    <ele>1295.8</ele>
   </trkpt>
   <trkpt lat="4.8083010" lon="-75.7515510">
    <ele>1295.8</ele>
   </trkpt>
   <trkpt lat="4.8083020" lon="-75.7515490">
    <ele>1295.8</ele>
   </trkpt>
   <trkpt lat="4.8083040" lon="-75.7515480">
    <ele>1295.8</ele>
   </trkpt>
   <trkpt lat="4.8083120" lon="-75.7515430">
    <ele>1295.9</ele>
   </trkpt>
   <trkpt lat="4.8083170" lon="-75.7515410">
    <ele>1295.9</ele>
   </trkpt>
   <trkpt lat="4.8083220" lon="-75.7515430">
    <ele>1295.9</ele>
   </trkpt>
   <trkpt lat="4.8083300" lon="-75.7515450">
    <ele>1296.0</ele>
   </trkpt>
   <trkpt lat="4.8083370" lon="-75.7515470">
    <ele>1296.0</ele>
   </trkpt>
   <trkpt lat="4.8083480" lon="-75.7515610">
    <ele>1296.1</ele>
   </trkpt>
   <trkpt lat="4.8083600" lon="-75.7515750">
    <ele>1296.2</ele>
   </trkpt>
   <trkpt lat="4.8083710" lon="-75.7515890">
    <ele>1296.3</ele>
   </trkpt>
   <trkpt lat="4.8083830" lon="-75.7516030">
    <ele>1296.4</ele>
   </trkpt>
   <trkpt lat="4.8083940" lon="-75.7516180">
    <ele>1296.5</ele>
   </trkpt>
   <trkpt lat="4.8084060" lon="-75.7516320">
    <ele>1296.6</ele>
   </trkpt>
   <trkpt lat="4.8084170" lon="-75.7516460">
    <ele>1296.7</ele>
   </trkpt>
   <trkpt lat="4.8084290" lon="-75.7516600">
    <ele>1296.8</ele>
   </trkpt>
   <trkpt lat="4.8084290" lon="-75.7516600">
    <ele>1296.8</ele>
   </trkpt>
   <trkpt lat="4.8084290" lon="-75.7516600">
    <ele>1296.8</ele>
   </trkpt>
   <trkpt lat="4.8084290" lon="-75.7516600">
    <ele>1296.8</ele>
   </trkpt>
   <trkpt lat="4.8084290" lon="-75.7516600">
    <ele>1296.8</ele>
   </trkpt>
   <trkpt lat="4.8084290" lon="-75.7516600">
    <ele>1296.8</ele>
   </trkpt>
   <trkpt lat="4.8084290" lon="-75.7516600">
    <ele>1296.8</ele>
   </trkpt>
   <trkpt lat="4.8084290" lon="-75.7516600">
    <ele>1296.8</ele>
   </trkpt>
   <trkpt lat="4.8084290" lon="-75.7516600">
    <ele>1296.8</ele>
   </trkpt>
   <trkpt lat="4.8084290" lon="-75.7516600">
    <ele>1296.8</ele>
   </trkpt>
   <trkpt lat="4.8084290" lon="-75.7516600">
    <ele>1296.8</ele>
   </trkpt>
   <trkpt lat="4.8084290" lon="-75.7516600">
    <ele>1296.8</ele>
   </trkpt>
   <trkpt lat="4.8084290" lon="-75.7516600">
    <ele>1296.8</ele>
   </trkpt>
   <trkpt lat="4.8084290" lon="-75.7516600">
    <ele>1296.8</ele>
   </trkpt>
   <trkpt lat="4.8084290" lon="-75.7516600">
    <ele>1296.8</ele>
   </trkpt>
   <trkpt lat="4.8084290" lon="-75.7516600">
    <ele>1296.8</ele>
   </trkpt>
   <trkpt lat="4.8084290" lon="-75.7516600">
    <ele>1296.8</ele>
   </trkpt>
   <trkpt lat="4.8084290" lon="-75.7516600">
    <ele>1296.8</ele>
   </trkpt>
   <trkpt lat="4.8084290" lon="-75.7516600">
    <ele>1296.8</ele>
   </trkpt>
   <trkpt lat="4.8084290" lon="-75.7516600">
    <ele>1296.8</ele>
   </trkpt>
   <trkpt lat="4.8084290" lon="-75.7516600">
    <ele>1296.8</ele>
   </trkpt>
   <trkpt lat="4.8084290" lon="-75.7516600">
    <ele>1296.8</ele>
   </trkpt>
   <trkpt lat="4.8084290" lon="-75.7516600">
    <ele>1296.8</ele>
   </trkpt>
   <trkpt lat="4.8084290" lon="-75.7516600">
    <ele>1296.8</ele>
   </trkpt>
   <trkpt lat="4.8084290" lon="-75.7516600">
    <ele>1296.8</ele>
   </trkpt>
   <trkpt lat="4.8084290" lon="-75.7516600">
    <ele>1296.8</ele>
   </trkpt>
   <trkpt lat="4.8084290" lon="-75.7516600">
    <ele>1296.8</ele>
   </trkpt>
   <trkpt lat="4.8084290" lon="-75.7516600">
    <ele>1296.8</ele>
   </trkpt>
   <trkpt lat="4.8084290" lon="-75.7516600">
    <ele>1296.8</ele>
   </trkpt>
   <trkpt lat="4.8084290" lon="-75.7516600">
    <ele>1296.8</ele>
   </trkpt>
   <trkpt lat="4.8084290" lon="-75.7516600">
    <ele>1296.8</ele>
   </trkpt>
   <trkpt lat="4.8084290" lon="-75.7516600">
    <ele>1296.8</ele>
   </trkpt>
   <trkpt lat="4.8084290" lon="-75.7516600">
    <ele>1296.8</ele>
   </trkpt>
   <trkpt lat="4.8084290" lon="-75.7516600">
    <ele>1296.8</ele>
   </trkpt>
   <trkpt lat="4.8084290" lon="-75.7516600">
    <ele>1296.8</ele>
   </trkpt>
   <trkpt lat="4.8084290" lon="-75.7516600">
    <ele>1296.8</ele>
   </trkpt>
   <trkpt lat="4.8084290" lon="-75.7516600">
    <ele>1296.8</ele>
   </trkpt>
   <trkpt lat="4.8084290" lon="-75.7516600">
    <ele>1296.8</ele>
   </trkpt>
   <trkpt lat="4.8084290" lon="-75.7516600">
    <ele>1296.8</ele>
   </trkpt>
   <trkpt lat="4.8084290" lon="-75.7516600">
    <ele>1296.8</ele>
   </trkpt>
   <trkpt lat="4.8084290" lon="-75.7516600">
    <ele>1296.8</ele>
   </trkpt>
   <trkpt lat="4.8084290" lon="-75.7516600">
    <ele>1296.8</ele>
   </trkpt>
   <trkpt lat="4.8084290" lon="-75.7516600">
    <ele>1296.8</ele>
   </trkpt>
   <trkpt lat="4.8084290" lon="-75.7516600">
    <ele>1296.8</ele>
   </trkpt>
   <trkpt lat="4.8084290" lon="-75.7516600">
    <ele>1296.8</ele>
   </trkpt>
   <trkpt lat="4.8084290" lon="-75.7516600">
    <ele>1296.8</ele>
   </trkpt>
   <trkpt lat="4.8084290" lon="-75.7516600">
    <ele>1296.8</ele>
   </trkpt>
   <trkpt lat="4.8084290" lon="-75.7516600">
    <ele>1296.8</ele>
   </trkpt>
   <trkpt lat="4.8084290" lon="-75.7516600">
    <ele>1296.8</ele>
   </trkpt>
   <trkpt lat="4.8084290" lon="-75.7516600">
    <ele>1296.8</ele>
   </trkpt>
   <trkpt lat="4.8084290" lon="-75.7516600">
    <ele>1296.8</ele>
   </trkpt>
   <trkpt lat="4.8084290" lon="-75.7516600">
    <ele>1296.8</ele>
   </trkpt>
   <trkpt lat="4.8084290" lon="-75.7516600">
    <ele>1296.8</ele>
   </trkpt>
   <trkpt lat="4.8084290" lon="-75.7516600">
    <ele>1296.8</ele>
   </trkpt>
   <trkpt lat="4.8084290" lon="-75.7516600">
    <ele>1296.8</ele>
   </trkpt>
   <trkpt lat="4.8084290" lon="-75.7516600">
    <ele>1296.8</ele>
   </trkpt>
   <trkpt lat="4.8084290" lon="-75.7516600">
    <ele>1296.8</ele>
   </trkpt>
   <trkpt lat="4.8084290" lon="-75.7516600">
    <ele>1296.8</ele>
   </trkpt>
   <trkpt lat="4.8084290" lon="-75.7516600">
    <ele>1296.8</ele>
   </trkpt>
   <trkpt lat="4.8084290" lon="-75.7516600">
    <ele>1296.8</ele>
   </trkpt>
   <trkpt lat="4.8084290" lon="-75.7516600">
    <ele>1296.8</ele>
   </trkpt>
   <trkpt lat="4.8084290" lon="-75.7516600">
    <ele>1296.8</ele>
   </trkpt>
   <trkpt lat="4.8084290" lon="-75.7516600">
    <ele>1296.8</ele>
   </trkpt>
   <trkpt lat="4.8084290" lon="-75.7516600">
    <ele>1296.8</ele>
   </trkpt>
   <trkpt lat="4.8084290" lon="-75.7516600">
    <ele>1296.8</ele>
   </trkpt>
   <trkpt lat="4.8084290" lon="-75.7516600">
    <ele>1296.8</ele>
   </trkpt>
   <trkpt lat="4.8084290" lon="-75.7516600">
    <ele>1296.8</ele>
   </trkpt>
   <trkpt lat="4.8084290" lon="-75.7516600">
    <ele>1296.8</ele>
   </trkpt>
   <trkpt lat="4.8084290" lon="-75.7516600">
    <ele>1296.8</ele>
   </trkpt>
   <trkpt lat="4.8084290" lon="-75.7516600">
    <ele>1296.8</ele>
   </trkpt>
   <trkpt lat="4.8084290" lon="-75.7516600">
    <ele>1296.8</ele>
   </trkpt>
   <trkpt lat="4.8084290" lon="-75.7516600">
    <ele>1296.8</ele>
   </trkpt>
   <trkpt lat="4.8084290" lon="-75.7516600">
    <ele>1296.8</ele>
   </trkpt>
   <trkpt lat="4.8084290" lon="-75.7516600">
    <ele>1296.8</ele>
   </trkpt>
   <trkpt lat="4.8084290" lon="-75.7516600">
    <ele>1296.8</ele>
   </trkpt>
   <trkpt lat="4.8084290" lon="-75.7516600">
    <ele>1296.8</ele>
   </trkpt>
   <trkpt lat="4.8084290" lon="-75.7516600">
    <ele>1296.8</ele>
   </trkpt>
   <trkpt lat="4.8084290" lon="-75.7516600">
    <ele>1296.8</ele>
   </trkpt>
   <trkpt lat="4.8084290" lon="-75.7516600">
    <ele>1296.8</ele>
   </trkpt>
   <trkpt lat="4.8084290" lon="-75.7516600">
    <ele>1296.8</ele>
   </trkpt>
   <trkpt lat="4.8084290" lon="-75.7516600">
    <ele>1296.8</ele>
   </trkpt>
   <trkpt lat="4.8084290" lon="-75.7516600">
    <ele>1296.8</ele>
   </trkpt>
   <trkpt lat="4.8084290" lon="-75.7516600">
    <ele>1296.8</ele>
   </trkpt>
   <trkpt lat="4.8084290" lon="-75.7516600">
    <ele>1296.8</ele>
   </trkpt>
   <trkpt lat="4.8084290" lon="-75.7516600">
    <ele>1296.8</ele>
   </trkpt>
   <trkpt lat="4.8084290" lon="-75.7516600">
    <ele>1296.8</ele>
   </trkpt>
   <trkpt lat="4.8084290" lon="-75.7516600">
    <ele>1296.8</ele>
   </trkpt>
   <trkpt lat="4.8084290" lon="-75.7516600">
    <ele>1296.8</ele>
   </trkpt>
   <trkpt lat="4.8084290" lon="-75.7516600">
    <ele>1296.8</ele>
   </trkpt>
   <trkpt lat="4.8084290" lon="-75.7516600">
    <ele>1296.8</ele>
   </trkpt>
   <trkpt lat="4.8084290" lon="-75.7516600">
    <ele>1296.8</ele>
   </trkpt>
   <trkpt lat="4.8084290" lon="-75.7516600">
    <ele>1296.8</ele>
   </trkpt>
   <trkpt lat="4.8084290" lon="-75.7516600">
    <ele>1296.8</ele>
   </trkpt>
   <trkpt lat="4.8084290" lon="-75.7516600">
    <ele>1296.8</ele>
   </trkpt>
   <trkpt lat="4.8084290" lon="-75.7516600">
    <ele>1296.8</ele>
   </trkpt>
   <trkpt lat="4.8084290" lon="-75.7516600">
    <ele>1296.8</ele>
   </trkpt>
   <trkpt lat="4.8084290" lon="-75.7516600">
    <ele>1296.8</ele>
   </trkpt>
   <trkpt lat="4.8084290" lon="-75.7516600">
    <ele>1296.8</ele>
   </trkpt>
   <trkpt lat="4.8084290" lon="-75.7516600">
    <ele>1296.8</ele>
   </trkpt>
   <trkpt lat="4.8084290" lon="-75.7516600">
    <ele>1296.8</ele>
   </trkpt>
   <trkpt lat="4.8084290" lon="-75.7516600">
    <ele>1296.8</ele>
   </trkpt>
   <trkpt lat="4.8084290" lon="-75.7516600">
    <ele>1296.8</ele>
   </trkpt>
   <trkpt lat="4.8084290" lon="-75.7516600">
    <ele>1296.8</ele>
   </trkpt>
   <trkpt lat="4.8084290" lon="-75.7516600">
    <ele>1296.8</ele>
   </trkpt>
   <trkpt lat="4.8084290" lon="-75.7516600">
    <ele>1296.8</ele>
   </trkpt>
   <trkpt lat="4.8084290" lon="-75.7516600">
    <ele>1296.8</ele>
   </trkpt>
   <trkpt lat="4.8084290" lon="-75.7516600">
    <ele>1296.8</ele>
   </trkpt>
   <trkpt lat="4.8084290" lon="-75.7516600">
    <ele>1296.8</ele>
   </trkpt>
   <trkpt lat="4.8084290" lon="-75.7516600">
    <ele>1296.8</ele>
   </trkpt>
   <trkpt lat="4.8084290" lon="-75.7516600">
    <ele>1296.8</ele>
   </trkpt>
   <trkpt lat="4.8084290" lon="-75.7516600">
    <ele>1296.8</ele>
   </trkpt>
   <trkpt lat="4.8084290" lon="-75.7516600">
    <ele>1296.8</ele>
   </trkpt>
   <trkpt lat="4.8084290" lon="-75.7516600">
    <ele>1296.8</ele>
   </trkpt>
   <trkpt lat="4.8084290" lon="-75.7516600">
    <ele>1296.8</ele>
   </trkpt>
   <trkpt lat="4.8084290" lon="-75.7516600">
    <ele>1296.8</ele>
   </trkpt>
   <trkpt lat="4.8084290" lon="-75.7516600">
    <ele>1296.8</ele>
   </trkpt>
   <trkpt lat="4.8084290" lon="-75.7516600">
    <ele>1296.8</ele>
   </trkpt>
   <trkpt lat="4.8084290" lon="-75.7516600">
    <ele>1296.8</ele>
   </trkpt>
   <trkpt lat="4.8084290" lon="-75.7516600">
    <ele>1296.8</ele>
   </trkpt>
   <trkpt lat="4.8084290" lon="-75.7516600">
    <ele>1296.8</ele>
   </trkpt>
   <trkpt lat="4.8084290" lon="-75.7516600">
    <ele>1296.8</ele>
   </trkpt>
   <trkpt lat="4.8084290" lon="-75.7516600">
    <ele>1296.8</ele>
   </trkpt>
   <trkpt lat="4.8084290" lon="-75.7516600">
    <ele>1296.8</ele>
   </trkpt>
   <trkpt lat="4.8084290" lon="-75.7516600">
    <ele>1296.8</ele>
   </trkpt>
   <trkpt lat="4.8084290" lon="-75.7516600">
    <ele>1296.8</ele>
   </trkpt>
   <trkpt lat="4.8084290" lon="-75.7516600">
    <ele>1296.8</ele>
   </trkpt>
   <trkpt lat="4.8084290" lon="-75.7516600">
    <ele>1296.8</ele>
   </trkpt>
   <trkpt lat="4.8084290" lon="-75.7516600">
    <ele>1296.8</ele>
   </trkpt>
   <trkpt lat="4.8084290" lon="-75.7516600">
    <ele>1296.8</ele>
   </trkpt>
   <trkpt lat="4.8084290" lon="-75.7516600">
    <ele>1296.8</ele>
   </trkpt>
   <trkpt lat="4.8084290" lon="-75.7516600">
    <ele>1296.8</ele>
   </trkpt>
   <trkpt lat="4.8084290" lon="-75.7516600">
    <ele>1296.8</ele>
   </trkpt>
   <trkpt lat="4.8084290" lon="-75.7516600">
    <ele>1296.8</ele>
   </trkpt>
   <trkpt lat="4.8084290" lon="-75.7516600">
    <ele>1296.8</ele>
   </trkpt>
   <trkpt lat="4.8084290" lon="-75.7516600">
    <ele>1296.8</ele>
   </trkpt>
   <trkpt lat="4.8084290" lon="-75.7516600">
    <ele>1296.8</ele>
   </trkpt>
   <trkpt lat="4.8084290" lon="-75.7516600">
    <ele>1296.8</ele>
   </trkpt>
   <trkpt lat="4.8084290" lon="-75.7516600">
    <ele>1296.8</ele>
   </trkpt>
   <trkpt lat="4.8084290" lon="-75.7516600">
    <ele>1296.8</ele>
   </trkpt>
   <trkpt lat="4.8084290" lon="-75.7516600">
    <ele>1296.8</ele>
   </trkpt>
   <trkpt lat="4.8084290" lon="-75.7516600">
    <ele>1296.8</ele>
   </trkpt>
   <trkpt lat="4.8084290" lon="-75.7516600">
    <ele>1296.8</ele>
   </trkpt>
   <trkpt lat="4.8084290" lon="-75.7516600">
    <ele>1296.8</ele>
   </trkpt>
   <trkpt lat="4.8084290" lon="-75.7516600">
    <ele>1296.8</ele>
   </trkpt>
   <trkpt lat="4.8084290" lon="-75.7516600">
    <ele>1296.8</ele>
   </trkpt>
   <trkpt lat="4.8084290" lon="-75.7516600">
    <ele>1296.8</ele>
   </trkpt>
   <trkpt lat="4.8084290" lon="-75.7516600">
    <ele>1296.8</ele>
   </trkpt>
   <trkpt lat="4.8084290" lon="-75.7516600">
    <ele>1296.8</ele>
   </trkpt>
   <trkpt lat="4.8084290" lon="-75.7516600">
    <ele>1296.8</ele>
   </trkpt>
   <trkpt lat="4.8084290" lon="-75.7516600">
    <ele>1296.8</ele>
   </trkpt>
   <trkpt lat="4.8084290" lon="-75.7516600">
    <ele>1296.8</ele>
   </trkpt>
   <trkpt lat="4.8084290" lon="-75.7516600">
    <ele>1296.8</ele>
   </trkpt>
   <trkpt lat="4.8084290" lon="-75.7516600">
    <ele>1296.8</ele>
   </trkpt>
   <trkpt lat="4.8084290" lon="-75.7516600">
    <ele>1296.8</ele>
   </trkpt>
   <trkpt lat="4.8084290" lon="-75.7516600">
    <ele>1296.8</ele>
   </trkpt>
   <trkpt lat="4.8084290" lon="-75.7516600">
    <ele>1296.8</ele>
   </trkpt>
   <trkpt lat="4.8084290" lon="-75.7516600">
    <ele>1296.8</ele>
   </trkpt>
   <trkpt lat="4.8084290" lon="-75.7516600">
    <ele>1296.8</ele>
   </trkpt>
   <trkpt lat="4.8084290" lon="-75.7516600">
    <ele>1296.8</ele>
   </trkpt>
   <trkpt lat="4.8084290" lon="-75.7516600">
    <ele>1296.8</ele>
   </trkpt>
   <trkpt lat="4.8084290" lon="-75.7516600">
    <ele>1296.8</ele>
   </trkpt>
   <trkpt lat="4.8084290" lon="-75.7516600">
    <ele>1296.8</ele>
   </trkpt>
   <trkpt lat="4.8084290" lon="-75.7516600">
    <ele>1296.8</ele>
   </trkpt>
   <trkpt lat="4.8084290" lon="-75.7516600">
    <ele>1296.8</ele>
   </trkpt>
   <trkpt lat="4.8084290" lon="-75.7516600">
    <ele>1296.8</ele>
   </trkpt>
   <trkpt lat="4.8084290" lon="-75.7516600">
    <ele>1296.8</ele>
   </trkpt>
   <trkpt lat="4.8084290" lon="-75.7516600">
    <ele>1296.8</ele>
   </trkpt>
   <trkpt lat="4.8084290" lon="-75.7516600">
    <ele>1296.8</ele>
   </trkpt>
   <trkpt lat="4.8084290" lon="-75.7516600">
    <ele>1296.8</ele>
   </trkpt>
   <trkpt lat="4.8084290" lon="-75.7516600">
    <ele>1296.8</ele>
   </trkpt>
   <trkpt lat="4.8084290" lon="-75.7516600">
    <ele>1296.8</ele>
   </trkpt>
   <trkpt lat="4.8084290" lon="-75.7516600">
    <ele>1296.8</ele>
   </trkpt>
   <trkpt lat="4.8084290" lon="-75.7516600">
    <ele>1296.8</ele>
   </trkpt>
   <trkpt lat="4.8084290" lon="-75.7516600">
    <ele>1296.8</ele>
   </trkpt>
   <trkpt lat="4.8084290" lon="-75.7516600">
    <ele>1296.8</ele>
   </trkpt>
   <trkpt lat="4.8084290" lon="-75.7516600">
    <ele>1296.8</ele>
   </trkpt>
   <trkpt lat="4.8084290" lon="-75.7516600">
    <ele>1296.8</ele>
   </trkpt>
   <trkpt lat="4.8084290" lon="-75.7516600">
    <ele>1296.8</ele>
   </trkpt>
   <trkpt lat="4.8084290" lon="-75.7516600">
    <ele>1296.8</ele>
   </trkpt>
   <trkpt lat="4.8084290" lon="-75.7516600">
    <ele>1296.8</ele>
   </trkpt>
   <trkpt lat="4.8084290" lon="-75.7516600">
    <ele>1296.8</ele>
   </trkpt>
   <trkpt lat="4.8084290" lon="-75.7516600">
    <ele>1296.8</ele>
   </trkpt>
   <trkpt lat="4.8084290" lon="-75.7516600">
    <ele>1296.8</ele>
   </trkpt>
   <trkpt lat="4.8084290" lon="-75.7516600">
    <ele>1296.8</ele>
   </trkpt>
   <trkpt lat="4.8084290" lon="-75.7516600">
    <ele>1296.8</ele>
   </trkpt>
   <trkpt lat="4.8084290" lon="-75.7516600">
    <ele>1296.8</ele>
   </trkpt>
   <trkpt lat="4.8084290" lon="-75.7516600">
    <ele>1296.8</ele>
   </trkpt>
   <trkpt lat="4.8084290" lon="-75.7516600">
    <ele>1296.8</ele>
   </trkpt>
   <trkpt lat="4.8084290" lon="-75.7516600">
    <ele>1296.8</ele>
   </trkpt>
   <trkpt lat="4.8084290" lon="-75.7516600">
    <ele>1296.8</ele>
   </trkpt>
   <trkpt lat="4.8084290" lon="-75.7516600">
    <ele>1296.8</ele>
   </trkpt>
   <trkpt lat="4.8084290" lon="-75.7516600">
    <ele>1296.8</ele>
   </trkpt>
   <trkpt lat="4.8084290" lon="-75.7516600">
    <ele>1296.8</ele>
   </trkpt>
   <trkpt lat="4.8084290" lon="-75.7516600">
    <ele>1296.8</ele>
   </trkpt>
   <trkpt lat="4.8084290" lon="-75.7516600">
    <ele>1296.8</ele>
   </trkpt>
   <trkpt lat="4.8084290" lon="-75.7516600">
    <ele>1296.8</ele>
   </trkpt>
   <trkpt lat="4.8084290" lon="-75.7516600">
    <ele>1296.8</ele>
   </trkpt>
   <trkpt lat="4.8084290" lon="-75.7516600">
    <ele>1296.8</ele>
   </trkpt>
   <trkpt lat="4.8084290" lon="-75.7516600">
    <ele>1296.8</ele>
   </trkpt>
   <trkpt lat="4.8084290" lon="-75.7516600">
    <ele>1296.8</ele>
   </trkpt>
   <trkpt lat="4.8084290" lon="-75.7516600">
    <ele>1296.8</ele>
   </trkpt>
   <trkpt lat="4.8084290" lon="-75.7516600">
    <ele>1296.8</ele>
   </trkpt>
   <trkpt lat="4.8084290" lon="-75.7516600">
    <ele>1296.8</ele>
   </trkpt>
   <trkpt lat="4.8084290" lon="-75.7516600">
    <ele>1296.8</ele>
   </trkpt>
   <trkpt lat="4.8084290" lon="-75.7516600">
    <ele>1296.8</ele>
   </trkpt>
   <trkpt lat="4.8084290" lon="-75.7516600">
    <ele>1296.8</ele>
   </trkpt>
   <trkpt lat="4.8084290" lon="-75.7516600">
    <ele>1296.8</ele>
   </trkpt>
   <trkpt lat="4.8084290" lon="-75.7516600">
    <ele>1296.8</ele>
   </trkpt>
   <trkpt lat="4.8084290" lon="-75.7516600">
    <ele>1296.8</ele>
   </trkpt>
   <trkpt lat="4.8084290" lon="-75.7516600">
    <ele>1296.8</ele>
   </trkpt>
   <trkpt lat="4.8084290" lon="-75.7516600">
    <ele>1296.8</ele>
   </trkpt>
   <trkpt lat="4.8084290" lon="-75.7516600">
    <ele>1296.8</ele>
   </trkpt>
   <trkpt lat="4.8084290" lon="-75.7516600">
    <ele>1296.8</ele>
   </trkpt>
   <trkpt lat="4.8084290" lon="-75.7516600">
    <ele>1296.8</ele>
   </trkpt>
   <trkpt lat="4.8084290" lon="-75.7516600">
    <ele>1296.8</ele>
   </trkpt>
   <trkpt lat="4.8084290" lon="-75.7516600">
    <ele>1296.8</ele>
   </trkpt>
   <trkpt lat="4.8084290" lon="-75.7516600">
    <ele>1296.8</ele>
   </trkpt>
   <trkpt lat="4.8084290" lon="-75.7516600">
    <ele>1296.8</ele>
   </trkpt>
   <trkpt lat="4.8084290" lon="-75.7516600">
    <ele>1296.8</ele>
   </trkpt>
   <trkpt lat="4.8084290" lon="-75.7516600">
    <ele>1296.8</ele>
   </trkpt>
   <trkpt lat="4.8084290" lon="-75.7516600">
    <ele>1296.8</ele>
   </trkpt>
   <trkpt lat="4.8084290" lon="-75.7516600">
    <ele>1296.8</ele>
   </trkpt>
   <trkpt lat="4.8084290" lon="-75.7516600">
    <ele>1296.8</ele>
   </trkpt>
   <trkpt lat="4.8084290" lon="-75.7516600">
    <ele>1296.8</ele>
   </trkpt>
   <trkpt lat="4.8084290" lon="-75.7516600">
    <ele>1296.8</ele>
   </trkpt>
   <trkpt lat="4.8084290" lon="-75.7516600">
    <ele>1296.8</ele>
   </trkpt>
   <trkpt lat="4.8084290" lon="-75.7516600">
    <ele>1296.8</ele>
   </trkpt>
   <trkpt lat="4.8084290" lon="-75.7516600">
    <ele>1296.8</ele>
   </trkpt>
   <trkpt lat="4.8084290" lon="-75.7516600">
    <ele>1296.8</ele>
   </trkpt>
   <trkpt lat="4.8084290" lon="-75.7516600">
    <ele>1296.8</ele>
   </trkpt>
   <trkpt lat="4.8084290" lon="-75.7516600">
    <ele>1296.8</ele>
   </trkpt>
   <trkpt lat="4.8084290" lon="-75.7516600">
    <ele>1296.8</ele>
   </trkpt>
   <trkpt lat="4.8084290" lon="-75.7516600">
    <ele>1296.8</ele>
   </trkpt>
   <trkpt lat="4.8084290" lon="-75.7516600">
    <ele>1296.8</ele>
   </trkpt>
   <trkpt lat="4.8084290" lon="-75.7516600">
    <ele>1296.8</ele>
   </trkpt>
   <trkpt lat="4.8084290" lon="-75.7516600">
    <ele>1296.8</ele>
   </trkpt>
   <trkpt lat="4.8084290" lon="-75.7516600">
    <ele>1296.8</ele>
   </trkpt>
   <trkpt lat="4.8084290" lon="-75.7516600">
    <ele>1296.8</ele>
   </trkpt>
   <trkpt lat="4.8084290" lon="-75.7516600">
    <ele>1296.8</ele>
   </trkpt>
   <trkpt lat="4.8084290" lon="-75.7516600">
    <ele>1296.8</ele>
   </trkpt>
   <trkpt lat="4.8084290" lon="-75.7516600">
    <ele>1296.8</ele>
   </trkpt>
   <trkpt lat="4.8084290" lon="-75.7516600">
    <ele>1296.8</ele>
   </trkpt>
   <trkpt lat="4.8084290" lon="-75.7516600">
    <ele>1296.8</ele>
   </trkpt>
   <trkpt lat="4.8084290" lon="-75.7516600">
    <ele>1296.8</ele>
   </trkpt>
   <trkpt lat="4.8084290" lon="-75.7516600">
    <ele>1296.8</ele>
   </trkpt>
   <trkpt lat="4.8084290" lon="-75.7516600">
    <ele>1296.8</ele>
   </trkpt>
   <trkpt lat="4.8084290" lon="-75.7516600">
    <ele>1296.8</ele>
   </trkpt>
   <trkpt lat="4.8084290" lon="-75.7516600">
    <ele>1296.8</ele>
   </trkpt>
   <trkpt lat="4.8084290" lon="-75.7516600">
    <ele>1296.8</ele>
   </trkpt>
   <trkpt lat="4.8084290" lon="-75.7516600">
    <ele>1296.8</ele>
   </trkpt>
   <trkpt lat="4.8084290" lon="-75.7516600">
    <ele>1296.8</ele>
   </trkpt>
   <trkpt lat="4.8084290" lon="-75.7516600">
    <ele>1296.8</ele>
   </trkpt>
   <trkpt lat="4.8084290" lon="-75.7516600">
    <ele>1296.8</ele>
   </trkpt>
   <trkpt lat="4.8084290" lon="-75.7516600">
    <ele>1296.8</ele>
   </trkpt>
   <trkpt lat="4.8084290" lon="-75.7516600">
    <ele>1296.8</ele>
   </trkpt>
   <trkpt lat="4.8084290" lon="-75.7516600">
    <ele>1296.8</ele>
   </trkpt>
   <trkpt lat="4.8084290" lon="-75.7516600">
    <ele>1296.8</ele>
   </trkpt>
   <trkpt lat="4.8084290" lon="-75.7516600">
    <ele>1296.8</ele>
   </trkpt>
   <trkpt lat="4.8084290" lon="-75.7516600">
    <ele>1296.8</ele>
   </trkpt>
   <trkpt lat="4.8084290" lon="-75.7516600">
    <ele>1296.8</ele>
   </trkpt>
   <trkpt lat="4.8084290" lon="-75.7516600">
    <ele>1296.8</ele>
   </trkpt>
   <trkpt lat="4.8084290" lon="-75.7516600">
    <ele>1296.8</ele>
   </trkpt>
   <trkpt lat="4.8084290" lon="-75.7516600">
    <ele>1296.8</ele>
   </trkpt>
   <trkpt lat="4.8084290" lon="-75.7516600">
    <ele>1296.8</ele>
   </trkpt>
   <trkpt lat="4.8084290" lon="-75.7516600">
    <ele>1296.8</ele>
   </trkpt>
   <trkpt lat="4.8084290" lon="-75.7516600">
    <ele>1296.8</ele>
   </trkpt>
   <trkpt lat="4.8084290" lon="-75.7516600">
    <ele>1296.8</ele>
   </trkpt>
   <trkpt lat="4.8084290" lon="-75.7516600">
    <ele>1296.8</ele>
   </trkpt>
   <trkpt lat="4.8084290" lon="-75.7516600">
    <ele>1296.8</ele>
   </trkpt>
   <trkpt lat="4.8084290" lon="-75.7516600">
    <ele>1296.8</ele>
   </trkpt>
   <trkpt lat="4.8084290" lon="-75.7516600">
    <ele>1296.8</ele>
   </trkpt>
   <trkpt lat="4.8084290" lon="-75.7516600">
    <ele>1296.8</ele>
   </trkpt>
   <trkpt lat="4.8084290" lon="-75.7516600">
    <ele>1296.8</ele>
   </trkpt>
   <trkpt lat="4.8084290" lon="-75.7516600">
    <ele>1296.8</ele>
   </trkpt>
   <trkpt lat="4.8084290" lon="-75.7516600">
    <ele>1296.8</ele>
   </trkpt>
   <trkpt lat="4.8084290" lon="-75.7516600">
    <ele>1296.8</ele>
   </trkpt>
   <trkpt lat="4.8084290" lon="-75.7516600">
    <ele>1296.8</ele>
   </trkpt>
   <trkpt lat="4.8084290" lon="-75.7516600">
    <ele>1296.8</ele>
   </trkpt>
   <trkpt lat="4.8084290" lon="-75.7516600">
    <ele>1296.8</ele>
   </trkpt>
   <trkpt lat="4.8084290" lon="-75.7516600">
    <ele>1296.8</ele>
   </trkpt>
   <trkpt lat="4.8084290" lon="-75.7516600">
    <ele>1296.8</ele>
   </trkpt>
   <trkpt lat="4.8084290" lon="-75.7516600">
    <ele>1296.8</ele>
   </trkpt>
   <trkpt lat="4.8084290" lon="-75.7516600">
    <ele>1296.8</ele>
   </trkpt>
   <trkpt lat="4.8084290" lon="-75.7516600">
    <ele>1296.8</ele>
   </trkpt>
   <trkpt lat="4.8084290" lon="-75.7516600">
    <ele>1296.8</ele>
   </trkpt>
   <trkpt lat="4.8084290" lon="-75.7516600">
    <ele>1296.8</ele>
   </trkpt>
   <trkpt lat="4.8084290" lon="-75.7516600">
    <ele>1296.8</ele>
   </trkpt>
   <trkpt lat="4.8084290" lon="-75.7516600">
    <ele>1296.8</ele>
   </trkpt>
   <trkpt lat="4.8084290" lon="-75.7516600">
    <ele>1296.8</ele>
   </trkpt>
   <trkpt lat="4.8084290" lon="-75.7516600">
    <ele>1296.8</ele>
   </trkpt>
   <trkpt lat="4.8084290" lon="-75.7516600">
    <ele>1296.8</ele>
   </trkpt>
   <trkpt lat="4.8084290" lon="-75.7516600">
    <ele>1296.8</ele>
   </trkpt>
   <trkpt lat="4.8084290" lon="-75.7516600">
    <ele>1296.8</ele>
   </trkpt>
   <trkpt lat="4.8084290" lon="-75.7516600">
    <ele>1296.8</ele>
   </trkpt>
   <trkpt lat="4.8084290" lon="-75.7516600">
    <ele>1296.8</ele>
   </trkpt>
   <trkpt lat="4.8084290" lon="-75.7516600">
    <ele>1296.8</ele>
   </trkpt>
   <trkpt lat="4.8084290" lon="-75.7516600">
    <ele>1296.8</ele>
   </trkpt>
   <trkpt lat="4.8084290" lon="-75.7516600">
    <ele>1296.8</ele>
   </trkpt>
   <trkpt lat="4.8084290" lon="-75.7516600">
    <ele>1296.8</ele>
   </trkpt>
   <trkpt lat="4.8084290" lon="-75.7516600">
    <ele>1296.8</ele>
   </trkpt>
   <trkpt lat="4.8084290" lon="-75.7516600">
    <ele>1296.8</ele>
   </trkpt>
   <trkpt lat="4.8084290" lon="-75.7516600">
    <ele>1296.8</ele>
   </trkpt>
   <trkpt lat="4.8084290" lon="-75.7516600">
    <ele>1296.8</ele>
   </trkpt>
   <trkpt lat="4.8084290" lon="-75.7516600">
    <ele>1296.8</ele>
   </trkpt>
   <trkpt lat="4.8084290" lon="-75.7516600">
    <ele>1296.8</ele>
   </trkpt>
   <trkpt lat="4.8084290" lon="-75.7516600">
    <ele>1296.8</ele>
   </trkpt>
   <trkpt lat="4.8084290" lon="-75.7516600">
    <ele>1296.8</ele>
   </trkpt>
   <trkpt lat="4.8084290" lon="-75.7516600">
    <ele>1296.8</ele>
   </trkpt>
   <trkpt lat="4.8084290" lon="-75.7516600">
    <ele>1296.8</ele>
   </trkpt>
   <trkpt lat="4.8084290" lon="-75.7516600">
    <ele>1296.8</ele>
   </trkpt>
   <trkpt lat="4.8084290" lon="-75.7516600">
    <ele>1296.8</ele>
   </trkpt>
   <trkpt lat="4.8084290" lon="-75.7516600">
    <ele>1296.8</ele>
   </trkpt>
   <trkpt lat="4.8084290" lon="-75.7516600">
    <ele>1296.8</ele>
   </trkpt>
   <trkpt lat="4.8084290" lon="-75.7516600">
    <ele>1296.8</ele>
   </trkpt>
   <trkpt lat="4.8084290" lon="-75.7516600">
    <ele>1296.8</ele>
   </trkpt>
   <trkpt lat="4.8084290" lon="-75.7516600">
    <ele>1296.8</ele>
   </trkpt>
   <trkpt lat="4.8084290" lon="-75.7516600">
    <ele>1296.8</ele>
   </trkpt>
   <trkpt lat="4.8084290" lon="-75.7516600">
    <ele>1296.8</ele>
   </trkpt>
   <trkpt lat="4.8084290" lon="-75.7516600">
    <ele>1296.8</ele>
   </trkpt>
   <trkpt lat="4.8084290" lon="-75.7516600">
    <ele>1296.8</ele>
   </trkpt>
   <trkpt lat="4.8084290" lon="-75.7516600">
    <ele>1296.8</ele>
   </trkpt>
   <trkpt lat="4.8084290" lon="-75.7516600">
    <ele>1296.8</ele>
   </trkpt>
   <trkpt lat="4.8084290" lon="-75.7516600">
    <ele>1296.8</ele>
   </trkpt>
   <trkpt lat="4.8084290" lon="-75.7516600">
    <ele>1296.8</ele>
   </trkpt>
   <trkpt lat="4.8084290" lon="-75.7516600">
    <ele>1296.8</ele>
   </trkpt>
   <trkpt lat="4.8084290" lon="-75.7516600">
    <ele>1296.8</ele>
   </trkpt>
   <trkpt lat="4.8084290" lon="-75.7516600">
    <ele>1296.8</ele>
   </trkpt>
   <trkpt lat="4.8084290" lon="-75.7516600">
    <ele>1296.8</ele>
   </trkpt>
   <trkpt lat="4.8084290" lon="-75.7516600">
    <ele>1296.8</ele>
   </trkpt>
   <trkpt lat="4.8084290" lon="-75.7516600">
    <ele>1296.8</ele>
   </trkpt>
   <trkpt lat="4.8084290" lon="-75.7516600">
    <ele>1296.8</ele>
   </trkpt>
   <trkpt lat="4.8084290" lon="-75.7516600">
    <ele>1296.8</ele>
   </trkpt>
   <trkpt lat="4.8084290" lon="-75.7516600">
    <ele>1296.8</ele>
   </trkpt>
   <trkpt lat="4.8084290" lon="-75.7516600">
    <ele>1296.8</ele>
   </trkpt>
   <trkpt lat="4.8084290" lon="-75.7516600">
    <ele>1296.8</ele>
   </trkpt>
   <trkpt lat="4.8084290" lon="-75.7516600">
    <ele>1296.8</ele>
   </trkpt>
   <trkpt lat="4.8084290" lon="-75.7516600">
    <ele>1296.8</ele>
   </trkpt>
   <trkpt lat="4.8084290" lon="-75.7516600">
    <ele>1296.8</ele>
   </trkpt>
   <trkpt lat="4.8084290" lon="-75.7516600">
    <ele>1296.8</ele>
   </trkpt>
   <trkpt lat="4.8084290" lon="-75.7516600">
    <ele>1296.8</ele>
   </trkpt>
   <trkpt lat="4.8084290" lon="-75.7516600">
    <ele>1296.8</ele>
   </trkpt>
   <trkpt lat="4.8084290" lon="-75.7516600">
    <ele>1296.8</ele>
   </trkpt>
   <trkpt lat="4.8084290" lon="-75.7516600">
    <ele>1296.8</ele>
   </trkpt>
   <trkpt lat="4.8084290" lon="-75.7516600">
    <ele>1296.8</ele>
   </trkpt>
   <trkpt lat="4.8084290" lon="-75.7516600">
    <ele>1296.8</ele>
   </trkpt>
   <trkpt lat="4.8084290" lon="-75.7516600">
    <ele>1296.8</ele>
   </trkpt>
   <trkpt lat="4.8084290" lon="-75.7516600">
    <ele>1296.8</ele>
   </trkpt>
   <trkpt lat="4.8084290" lon="-75.7516600">
    <ele>1296.8</ele>
   </trkpt>
   <trkpt lat="4.8084290" lon="-75.7516600">
    <ele>1296.8</ele>
   </trkpt>
   <trkpt lat="4.8084290" lon="-75.7516600">
    <ele>1296.8</ele>
   </trkpt>
   <trkpt lat="4.8084290" lon="-75.7516600">
    <ele>1296.8</ele>
   </trkpt>
   <trkpt lat="4.8084290" lon="-75.7516600">
    <ele>1296.8</ele>
   </trkpt>
   <trkpt lat="4.8084290" lon="-75.7516600">
    <ele>1296.8</ele>
   </trkpt>
   <trkpt lat="4.8084290" lon="-75.7516600">
    <ele>1296.8</ele>
   </trkpt>
   <trkpt lat="4.8084290" lon="-75.7516600">
    <ele>1296.8</ele>
   </trkpt>
   <trkpt lat="4.8084290" lon="-75.7516600">
    <ele>1296.8</ele>
   </trkpt>
   <trkpt lat="4.8084290" lon="-75.7516600">
    <ele>1296.8</ele>
   </trkpt>
   <trkpt lat="4.8084290" lon="-75.7516600">
    <ele>1296.8</ele>
   </trkpt>
   <trkpt lat="4.8084290" lon="-75.7516600">
    <ele>1296.8</ele>
   </trkpt>
   <trkpt lat="4.8084290" lon="-75.7516600">
    <ele>1296.8</ele>
   </trkpt>
   <trkpt lat="4.8084290" lon="-75.7516600">
    <ele>1296.8</ele>
   </trkpt>
   <trkpt lat="4.8084290" lon="-75.7516600">
    <ele>1296.8</ele>
   </trkpt>
   <trkpt lat="4.8084290" lon="-75.7516600">
    <ele>1296.8</ele>
   </trkpt>
   <trkpt lat="4.8084290" lon="-75.7516600">
    <ele>1296.8</ele>
   </trkpt>
   <trkpt lat="4.8084290" lon="-75.7516600">
    <ele>1296.8</ele>
   </trkpt>
   <trkpt lat="4.8084290" lon="-75.7516600">
    <ele>1296.8</ele>
   </trkpt>
   <trkpt lat="4.8084290" lon="-75.7516600">
    <ele>1296.8</ele>
   </trkpt>
   <trkpt lat="4.8084290" lon="-75.7516600">
    <ele>1296.8</ele>
   </trkpt>
   <trkpt lat="4.8084290" lon="-75.7516600">
    <ele>1296.8</ele>
   </trkpt>
   <trkpt lat="4.8084290" lon="-75.7516600">
    <ele>1296.8</ele>
   </trkpt>
   <trkpt lat="4.8084290" lon="-75.7516600">
    <ele>1296.8</ele>
   </trkpt>
   <trkpt lat="4.8084290" lon="-75.7516600">
    <ele>1296.8</ele>
   </trkpt>
   <trkpt lat="4.8084290" lon="-75.7516600">
    <ele>1296.8</ele>
   </trkpt>
   <trkpt lat="4.8084290" lon="-75.7516600">
    <ele>1296.8</ele>
   </trkpt>
   <trkpt lat="4.8084290" lon="-75.7516600">
    <ele>1296.8</ele>
   </trkpt>
   <trkpt lat="4.8084290" lon="-75.7516600">
    <ele>1296.8</ele>
   </trkpt>
   <trkpt lat="4.8084290" lon="-75.7516600">
    <ele>1296.8</ele>
   </trkpt>
   <trkpt lat="4.8084290" lon="-75.7516600">
    <ele>1296.8</ele>
   </trkpt>
   <trkpt lat="4.8084290" lon="-75.7516600">
    <ele>1296.8</ele>
   </trkpt>
   <trkpt lat="4.8084290" lon="-75.7516600">
    <ele>1296.8</ele>
   </trkpt>
   <trkpt lat="4.8084290" lon="-75.7516600">
    <ele>1296.8</ele>
   </trkpt>
   <trkpt lat="4.8084290" lon="-75.7516600">
    <ele>1296.8</ele>
   </trkpt>
   <trkpt lat="4.8084290" lon="-75.7516600">
    <ele>1296.8</ele>
   </trkpt>
   <trkpt lat="4.8084290" lon="-75.7516600">
    <ele>1296.8</ele>
   </trkpt>
   <trkpt lat="4.8084290" lon="-75.7516600">
    <ele>1296.8</ele>
   </trkpt>
   <trkpt lat="4.8084290" lon="-75.7516600">
    <ele>1296.8</ele>
   </trkpt>
   <trkpt lat="4.8084290" lon="-75.7516600">
    <ele>1296.8</ele>
   </trkpt>
   <trkpt lat="4.8084290" lon="-75.7516600">
    <ele>1296.8</ele>
   </trkpt>
   <trkpt lat="4.8084290" lon="-75.7516600">
    <ele>1296.8</ele>
   </trkpt>
   <trkpt lat="4.8084290" lon="-75.7516600">
    <ele>1296.8</ele>
   </trkpt>
   <trkpt lat="4.8084290" lon="-75.7516600">
    <ele>1296.8</ele>
   </trkpt>
   <trkpt lat="4.8084290" lon="-75.7516600">
    <ele>1296.8</ele>
   </trkpt>
   <trkpt lat="4.8084290" lon="-75.7516600">
    <ele>1296.8</ele>
   </trkpt>
   <trkpt lat="4.8084290" lon="-75.7516600">
    <ele>1296.8</ele>
   </trkpt>
   <trkpt lat="4.8084290" lon="-75.7516600">
    <ele>1296.8</ele>
   </trkpt>
   <trkpt lat="4.8084290" lon="-75.7516600">
    <ele>1296.8</ele>
   </trkpt>
   <trkpt lat="4.8084290" lon="-75.7516600">
    <ele>1296.8</ele>
   </trkpt>
   <trkpt lat="4.8084290" lon="-75.7516600">
    <ele>1296.8</ele>
   </trkpt>
   <trkpt lat="4.8084290" lon="-75.7516600">
    <ele>1296.8</ele>
   </trkpt>
   <trkpt lat="4.8084290" lon="-75.7516600">
    <ele>1296.8</ele>
   </trkpt>
   <trkpt lat="4.8084290" lon="-75.7516600">
    <ele>1296.8</ele>
   </trkpt>
   <trkpt lat="4.8084290" lon="-75.7516600">
    <ele>1296.8</ele>
   </trkpt>
   <trkpt lat="4.8084290" lon="-75.7516600">
    <ele>1296.8</ele>
   </trkpt>
   <trkpt lat="4.8084290" lon="-75.7516600">
    <ele>1296.8</ele>
   </trkpt>
   <trkpt lat="4.8084290" lon="-75.7516600">
    <ele>1296.8</ele>
   </trkpt>
   <trkpt lat="4.8084290" lon="-75.7516600">
    <ele>1296.8</ele>
   </trkpt>
   <trkpt lat="4.8084290" lon="-75.7516600">
    <ele>1296.8</ele>
   </trkpt>
   <trkpt lat="4.8084290" lon="-75.7516600">
    <ele>1296.8</ele>
   </trkpt>
   <trkpt lat="4.8084290" lon="-75.7516600">
    <ele>1296.8</ele>
   </trkpt>
   <trkpt lat="4.8084290" lon="-75.7516600">
    <ele>1296.8</ele>
   </trkpt>
   <trkpt lat="4.8084290" lon="-75.7516600">
    <ele>1296.8</ele>
   </trkpt>
   <trkpt lat="4.8084290" lon="-75.7516600">
    <ele>1296.8</ele>
   </trkpt>
   <trkpt lat="4.8084290" lon="-75.7516600">
    <ele>1296.8</ele>
   </trkpt>
   <trkpt lat="4.8084290" lon="-75.7516600">
    <ele>1296.8</ele>
   </trkpt>
   <trkpt lat="4.8084290" lon="-75.7516600">
    <ele>1296.8</ele>
   </trkpt>
   <trkpt lat="4.8084290" lon="-75.7516600">
    <ele>1296.8</ele>
   </trkpt>
   <trkpt lat="4.8084290" lon="-75.7516600">
    <ele>1296.8</ele>
   </trkpt>
   <trkpt lat="4.8084290" lon="-75.7516600">
    <ele>1296.8</ele>
   </trkpt>
   <trkpt lat="4.8084290" lon="-75.7516600">
    <ele>1296.8</ele>
   </trkpt>
   <trkpt lat="4.8084290" lon="-75.7516600">
    <ele>1296.8</ele>
   </trkpt>
   <trkpt lat="4.8084290" lon="-75.7516600">
    <ele>1296.8</ele>
   </trkpt>
   <trkpt lat="4.8084290" lon="-75.7516600">
    <ele>1296.8</ele>
   </trkpt>
   <trkpt lat="4.8084290" lon="-75.7516600">
    <ele>1296.8</ele>
   </trkpt>
   <trkpt lat="4.8084290" lon="-75.7516600">
    <ele>1296.8</ele>
   </trkpt>
   <trkpt lat="4.8084290" lon="-75.7516600">
    <ele>1296.8</ele>
   </trkpt>
   <trkpt lat="4.8084290" lon="-75.7516600">
    <ele>1296.8</ele>
   </trkpt>
   <trkpt lat="4.8084290" lon="-75.7516600">
    <ele>1296.8</ele>
   </trkpt>
   <trkpt lat="4.8084290" lon="-75.7516600">
    <ele>1296.8</ele>
   </trkpt>
   <trkpt lat="4.8084290" lon="-75.7516600">
    <ele>1296.8</ele>
   </trkpt>
   <trkpt lat="4.8084290" lon="-75.7516600">
    <ele>1296.8</ele>
   </trkpt>
   <trkpt lat="4.8084290" lon="-75.7516600">
    <ele>1296.8</ele>
   </trkpt>
   <trkpt lat="4.8084290" lon="-75.7516600">
    <ele>1296.8</ele>
   </trkpt>
   <trkpt lat="4.8084290" lon="-75.7516600">
    <ele>1296.8</ele>
   </trkpt>
   <trkpt lat="4.8084290" lon="-75.7516600">
    <ele>1296.8</ele>
   </trkpt>
   <trkpt lat="4.8084290" lon="-75.7516600">
    <ele>1296.8</ele>
   </trkpt>
   <trkpt lat="4.8084290" lon="-75.7516600">
    <ele>1296.8</ele>
   </trkpt>
   <trkpt lat="4.8084290" lon="-75.7516600">
    <ele>1296.8</ele>
   </trkpt>
   <trkpt lat="4.8084290" lon="-75.7516600">
    <ele>1296.8</ele>
   </trkpt>
   <trkpt lat="4.8084290" lon="-75.7516600">
    <ele>1296.8</ele>
   </trkpt>
   <trkpt lat="4.8084290" lon="-75.7516600">
    <ele>1296.8</ele>
   </trkpt>
   <trkpt lat="4.8084290" lon="-75.7516600">
    <ele>1296.8</ele>
   </trkpt>
   <trkpt lat="4.8084290" lon="-75.7516600">
    <ele>1296.8</ele>
   </trkpt>
   <trkpt lat="4.8084290" lon="-75.7516600">
    <ele>1296.8</ele>
   </trkpt>
   <trkpt lat="4.8084290" lon="-75.7516600">
    <ele>1296.8</ele>
   </trkpt>
   <trkpt lat="4.8084290" lon="-75.7516600">
    <ele>1296.8</ele>
   </trkpt>
   <trkpt lat="4.8084290" lon="-75.7516600">
    <ele>1296.8</ele>
   </trkpt>
   <trkpt lat="4.8084290" lon="-75.7516600">
    <ele>1296.8</ele>
   </trkpt>
   <trkpt lat="4.8084290" lon="-75.7516600">
    <ele>1296.8</ele>
   </trkpt>
   <trkpt lat="4.8084290" lon="-75.7516600">
    <ele>1296.8</ele>
   </trkpt>
   <trkpt lat="4.8084290" lon="-75.7516600">
    <ele>1296.8</ele>
   </trkpt>
   <trkpt lat="4.8084290" lon="-75.7516600">
    <ele>1296.8</ele>
   </trkpt>
   <trkpt lat="4.8084290" lon="-75.7516600">
    <ele>1296.8</ele>
   </trkpt>
   <trkpt lat="4.8084290" lon="-75.7516600">
    <ele>1296.8</ele>
   </trkpt>
   <trkpt lat="4.8084290" lon="-75.7516600">
    <ele>1296.8</ele>
   </trkpt>
   <trkpt lat="4.8084290" lon="-75.7516600">
    <ele>1296.8</ele>
   </trkpt>
   <trkpt lat="4.8084290" lon="-75.7516600">
    <ele>1296.8</ele>
   </trkpt>
   <trkpt lat="4.8084290" lon="-75.7516600">
    <ele>1296.8</ele>
   </trkpt>
   <trkpt lat="4.8084290" lon="-75.7516600">
    <ele>1296.8</ele>
   </trkpt>
   <trkpt lat="4.8084290" lon="-75.7516600">
    <ele>1296.8</ele>
   </trkpt>
   <trkpt lat="4.8084290" lon="-75.7516600">
    <ele>1296.8</ele>
   </trkpt>
   <trkpt lat="4.8084290" lon="-75.7516600">
    <ele>1296.8</ele>
   </trkpt>
   <trkpt lat="4.8084290" lon="-75.7516600">
    <ele>1296.8</ele>
   </trkpt>
   <trkpt lat="4.8084290" lon="-75.7516600">
    <ele>1296.8</ele>
   </trkpt>
   <trkpt lat="4.8084290" lon="-75.7516600">
    <ele>1296.8</ele>
   </trkpt>
   <trkpt lat="4.8084290" lon="-75.7516600">
    <ele>1296.8</ele>
   </trkpt>
   <trkpt lat="4.8084290" lon="-75.7516600">
    <ele>1296.8</ele>
   </trkpt>
   <trkpt lat="4.8084290" lon="-75.7516600">
    <ele>1296.8</ele>
   </trkpt>
   <trkpt lat="4.8084290" lon="-75.7516600">
    <ele>1296.8</ele>
   </trkpt>
   <trkpt lat="4.8084290" lon="-75.7516600">
    <ele>1296.8</ele>
   </trkpt>
   <trkpt lat="4.8084290" lon="-75.7516600">
    <ele>1296.8</ele>
   </trkpt>
   <trkpt lat="4.8084290" lon="-75.7516600">
    <ele>1296.8</ele>
   </trkpt>
   <trkpt lat="4.8084290" lon="-75.7516600">
    <ele>1296.8</ele>
   </trkpt>
   <trkpt lat="4.8084290" lon="-75.7516600">
    <ele>1296.8</ele>
   </trkpt>
   <trkpt lat="4.8084290" lon="-75.7516600">
    <ele>1296.8</ele>
   </trkpt>
   <trkpt lat="4.8084290" lon="-75.7516600">
    <ele>1296.8</ele>
   </trkpt>
   <trkpt lat="4.8084290" lon="-75.7516600">
    <ele>1296.8</ele>
   </trkpt>
   <trkpt lat="4.8084290" lon="-75.7516600">
    <ele>1296.8</ele>
   </trkpt>
   <trkpt lat="4.8084290" lon="-75.7516600">
    <ele>1296.8</ele>
   </trkpt>
   <trkpt lat="4.8084290" lon="-75.7516600">
    <ele>1296.8</ele>
   </trkpt>
   <trkpt lat="4.8084290" lon="-75.7516600">
    <ele>1296.8</ele>
   </trkpt>
   <trkpt lat="4.8084290" lon="-75.7516600">
    <ele>1296.8</ele>
   </trkpt>
   <trkpt lat="4.8084290" lon="-75.7516600">
    <ele>1296.8</ele>
   </trkpt>
   <trkpt lat="4.8084290" lon="-75.7516600">
    <ele>1296.8</ele>
   </trkpt>
   <trkpt lat="4.8084290" lon="-75.7516600">
    <ele>1296.8</ele>
   </trkpt>
   <trkpt lat="4.8084290" lon="-75.7516600">
    <ele>1296.8</ele>
   </trkpt>
   <trkpt lat="4.8084290" lon="-75.7516600">
    <ele>1296.8</ele>
   </trkpt>
   <trkpt lat="4.8084290" lon="-75.7516600">
    <ele>1296.8</ele>
   </trkpt>
   <trkpt lat="4.8084290" lon="-75.7516600">
    <ele>1296.8</ele>
   </trkpt>
   <trkpt lat="4.8084290" lon="-75.7516600">
    <ele>1296.8</ele>
   </trkpt>
   <trkpt lat="4.8084290" lon="-75.7516600">
    <ele>1296.8</ele>
   </trkpt>
   <trkpt lat="4.8084290" lon="-75.7516600">
    <ele>1296.8</ele>
   </trkpt>
   <trkpt lat="4.8084290" lon="-75.7516600">
    <ele>1296.8</ele>
   </trkpt>
   <trkpt lat="4.8084290" lon="-75.7516600">
    <ele>1296.8</ele>
   </trkpt>
   <trkpt lat="4.8084290" lon="-75.7516600">
    <ele>1296.8</ele>
   </trkpt>
   <trkpt lat="4.8084290" lon="-75.7516600">
    <ele>1296.8</ele>
   </trkpt>
   <trkpt lat="4.8084290" lon="-75.7516600">
    <ele>1296.8</ele>
   </trkpt>
   <trkpt lat="4.8084290" lon="-75.7516600">
    <ele>1296.8</ele>
   </trkpt>
   <trkpt lat="4.8084290" lon="-75.7516600">
    <ele>1296.8</ele>
   </trkpt>
   <trkpt lat="4.8084290" lon="-75.7516600">
    <ele>1296.8</ele>
   </trkpt>
   <trkpt lat="4.8084290" lon="-75.7516600">
    <ele>1296.8</ele>
   </trkpt>
   <trkpt lat="4.8084290" lon="-75.7516600">
    <ele>1296.8</ele>
   </trkpt>
   <trkpt lat="4.8084290" lon="-75.7516600">
    <ele>1296.8</ele>
   </trkpt>
   <trkpt lat="4.8084290" lon="-75.7516600">
    <ele>1296.8</ele>
   </trkpt>
   <trkpt lat="4.8084290" lon="-75.7516600">
    <ele>1296.8</ele>
   </trkpt>
   <trkpt lat="4.8084290" lon="-75.7516600">
    <ele>1296.8</ele>
   </trkpt>
   <trkpt lat="4.8084290" lon="-75.7516600">
    <ele>1296.8</ele>
   </trkpt>
   <trkpt lat="4.8084290" lon="-75.7516600">
    <ele>1296.8</ele>
   </trkpt>
   <trkpt lat="4.8084290" lon="-75.7516600">
    <ele>1296.8</ele>
   </trkpt>
   <trkpt lat="4.8084290" lon="-75.7516600">
    <ele>1296.8</ele>
   </trkpt>
   <trkpt lat="4.8084290" lon="-75.7516600">
    <ele>1296.8</ele>
   </trkpt>
   <trkpt lat="4.8084290" lon="-75.7516600">
    <ele>1296.8</ele>
   </trkpt>
   <trkpt lat="4.8084290" lon="-75.7516600">
    <ele>1296.8</ele>
   </trkpt>
   <trkpt lat="4.8084290" lon="-75.7516600">
    <ele>1296.8</ele>
   </trkpt>
   <trkpt lat="4.8084290" lon="-75.7516600">
    <ele>1296.8</ele>
   </trkpt>
   <trkpt lat="4.8084290" lon="-75.7516600">
    <ele>1296.8</ele>
   </trkpt>
   <trkpt lat="4.8084290" lon="-75.7516600">
    <ele>1296.8</ele>
   </trkpt>
   <trkpt lat="4.8084290" lon="-75.7516600">
    <ele>1296.8</ele>
   </trkpt>
   <trkpt lat="4.8084290" lon="-75.7516600">
    <ele>1296.8</ele>
   </trkpt>
   <trkpt lat="4.8084290" lon="-75.7516600">
    <ele>1296.8</ele>
   </trkpt>
   <trkpt lat="4.8084290" lon="-75.7516600">
    <ele>1296.8</ele>
   </trkpt>
   <trkpt lat="4.8084290" lon="-75.7516600">
    <ele>1296.8</ele>
   </trkpt>
   <trkpt lat="4.8084290" lon="-75.7516600">
    <ele>1296.8</ele>
   </trkpt>
   <trkpt lat="4.8084290" lon="-75.7516600">
    <ele>1296.8</ele>
   </trkpt>
   <trkpt lat="4.8084290" lon="-75.7516600">
    <ele>1296.8</ele>
   </trkpt>
   <trkpt lat="4.8084290" lon="-75.7516600">
    <ele>1296.8</ele>
   </trkpt>
   <trkpt lat="4.8084290" lon="-75.7516600">
    <ele>1296.8</ele>
   </trkpt>
   <trkpt lat="4.8084290" lon="-75.7516600">
    <ele>1296.8</ele>
   </trkpt>
   <trkpt lat="4.8084290" lon="-75.7516600">
    <ele>1296.8</ele>
   </trkpt>
   <trkpt lat="4.8084290" lon="-75.7516600">
    <ele>1296.8</ele>
   </trkpt>
   <trkpt lat="4.8084290" lon="-75.7516600">
    <ele>1296.8</ele>
   </trkpt>
   <trkpt lat="4.8084290" lon="-75.7516600">
    <ele>1296.8</ele>
   </trkpt>
   <trkpt lat="4.8084290" lon="-75.7516600">
    <ele>1296.8</ele>
   </trkpt>
   <trkpt lat="4.8084290" lon="-75.7516600">
    <ele>1296.8</ele>
   </trkpt>
   <trkpt lat="4.8084290" lon="-75.7516600">
    <ele>1296.8</ele>
   </trkpt>
   <trkpt lat="4.8084290" lon="-75.7516600">
    <ele>1296.8</ele>
   </trkpt>
   <trkpt lat="4.8084290" lon="-75.7516600">
    <ele>1296.8</ele>
   </trkpt>
   <trkpt lat="4.8084290" lon="-75.7516600">
    <ele>1296.8</ele>
   </trkpt>
   <trkpt lat="4.8084290" lon="-75.7516600">
    <ele>1296.8</ele>
   </trkpt>
   <trkpt lat="4.8084290" lon="-75.7516600">
    <ele>1296.8</ele>
   </trkpt>
   <trkpt lat="4.8084290" lon="-75.7516600">
    <ele>1296.8</ele>
   </trkpt>
   <trkpt lat="4.8084290" lon="-75.7516600">
    <ele>1296.8</ele>
   </trkpt>
   <trkpt lat="4.8084290" lon="-75.7516600">
    <ele>1296.8</ele>
   </trkpt>
   <trkpt lat="4.8084290" lon="-75.7516600">
    <ele>1296.8</ele>
   </trkpt>
   <trkpt lat="4.8084290" lon="-75.7516600">
    <ele>1296.8</ele>
   </trkpt>
   <trkpt lat="4.8084290" lon="-75.7516600">
    <ele>1296.8</ele>
   </trkpt>
   <trkpt lat="4.8084290" lon="-75.7516600">
    <ele>1296.8</ele>
   </trkpt>
   <trkpt lat="4.8084290" lon="-75.7516600">
    <ele>1296.8</ele>
   </trkpt>
   <trkpt lat="4.8084290" lon="-75.7516600">
    <ele>1296.8</ele>
   </trkpt>
   <trkpt lat="4.8084290" lon="-75.7516600">
    <ele>1296.8</ele>
   </trkpt>
   <trkpt lat="4.8084290" lon="-75.7516600">
    <ele>1296.8</ele>
   </trkpt>
   <trkpt lat="4.8084290" lon="-75.7516600">
    <ele>1296.8</ele>
   </trkpt>
   <trkpt lat="4.8084290" lon="-75.7516600">
    <ele>1296.8</ele>
   </trkpt>
   <trkpt lat="4.8084290" lon="-75.7516600">
    <ele>1296.8</ele>
   </trkpt>
   <trkpt lat="4.8084290" lon="-75.7516600">
    <ele>1296.8</ele>
   </trkpt>
   <trkpt lat="4.8084290" lon="-75.7516600">
    <ele>1296.8</ele>
   </trkpt>
   <trkpt lat="4.8084290" lon="-75.7516600">
    <ele>1296.8</ele>
   </trkpt>
   <trkpt lat="4.8084290" lon="-75.7516600">
    <ele>1296.8</ele>
   </trkpt>
   <trkpt lat="4.8084290" lon="-75.7516600">
    <ele>1296.8</ele>
   </trkpt>
   <trkpt lat="4.8084290" lon="-75.7516600">
    <ele>1296.8</ele>
   </trkpt>
   <trkpt lat="4.8084290" lon="-75.7516600">
    <ele>1296.8</ele>
   </trkpt>
   <trkpt lat="4.8084290" lon="-75.7516600">
    <ele>1296.8</ele>
   </trkpt>
   <trkpt lat="4.8084290" lon="-75.7516600">
    <ele>1296.8</ele>
   </trkpt>
   <trkpt lat="4.8084290" lon="-75.7516600">
    <ele>1296.8</ele>
   </trkpt>
   <trkpt lat="4.8084290" lon="-75.7516600">
    <ele>1296.8</ele>
   </trkpt>
   <trkpt lat="4.8084290" lon="-75.7516600">
    <ele>1296.8</ele>
   </trkpt>
   <trkpt lat="4.8084290" lon="-75.7516600">
    <ele>1296.8</ele>
   </trkpt>
   <trkpt lat="4.8084290" lon="-75.7516600">
    <ele>1296.8</ele>
   </trkpt>
   <trkpt lat="4.8084290" lon="-75.7516600">
    <ele>1296.8</ele>
   </trkpt>
   <trkpt lat="4.8084290" lon="-75.7516600">
    <ele>1296.8</ele>
   </trkpt>
   <trkpt lat="4.8084290" lon="-75.7516600">
    <ele>1296.8</ele>
   </trkpt>
   <trkpt lat="4.8084290" lon="-75.7516600">
    <ele>1296.8</ele>
   </trkpt>
   <trkpt lat="4.8084290" lon="-75.7516600">
    <ele>1296.8</ele>
   </trkpt>
   <trkpt lat="4.8084290" lon="-75.7516600">
    <ele>1296.8</ele>
   </trkpt>
   <trkpt lat="4.8084290" lon="-75.7516600">
    <ele>1296.8</ele>
   </trkpt>
   <trkpt lat="4.8084290" lon="-75.7516600">
    <ele>1296.8</ele>
   </trkpt>
   <trkpt lat="4.8084290" lon="-75.7516600">
    <ele>1296.8</ele>
   </trkpt>
   <trkpt lat="4.8084290" lon="-75.7516600">
    <ele>1296.8</ele>
   </trkpt>
   <trkpt lat="4.8084290" lon="-75.7516600">
    <ele>1296.8</ele>
   </trkpt>
   <trkpt lat="4.8084290" lon="-75.7516600">
    <ele>1296.8</ele>
   </trkpt>
   <trkpt lat="4.8084290" lon="-75.7516600">
    <ele>1296.8</ele>
   </trkpt>
   <trkpt lat="4.8084290" lon="-75.7516600">
    <ele>1296.8</ele>
   </trkpt>
   <trkpt lat="4.8084290" lon="-75.7516600">
    <ele>1296.8</ele>
   </trkpt>
   <trkpt lat="4.8084290" lon="-75.7516600">
    <ele>1296.8</ele>
   </trkpt>
   <trkpt lat="4.8084290" lon="-75.7516600">
    <ele>1296.8</ele>
   </trkpt>
   <trkpt lat="4.8084290" lon="-75.7516600">
    <ele>1296.8</ele>
   </trkpt>
   <trkpt lat="4.8084290" lon="-75.7516600">
    <ele>1296.8</ele>
   </trkpt>
   <trkpt lat="4.8084290" lon="-75.7516600">
    <ele>1296.8</ele>
   </trkpt>
   <trkpt lat="4.8084290" lon="-75.7516600">
    <ele>1296.8</ele>
   </trkpt>
   <trkpt lat="4.8084290" lon="-75.7516600">
    <ele>1296.8</ele>
   </trkpt>
   <trkpt lat="4.8084290" lon="-75.7516600">
    <ele>1296.8</ele>
   </trkpt>
   <trkpt lat="4.8084290" lon="-75.7516600">
    <ele>1296.8</ele>
   </trkpt>
   <trkpt lat="4.8084290" lon="-75.7516600">
    <ele>1296.8</ele>
   </trkpt>
   <trkpt lat="4.8084290" lon="-75.7516600">
    <ele>1296.8</ele>
   </trkpt>
   <trkpt lat="4.8084290" lon="-75.7516600">
    <ele>1296.8</ele>
   </trkpt>
   <trkpt lat="4.8084290" lon="-75.7516600">
    <ele>1296.8</ele>
   </trkpt>
   <trkpt lat="4.8084290" lon="-75.7516600">
    <ele>1296.8</ele>
   </trkpt>
   <trkpt lat="4.8084290" lon="-75.7516600">
    <ele>1296.8</ele>
   </trkpt>
   <trkpt lat="4.8084290" lon="-75.7516600">
    <ele>1296.8</ele>
   </trkpt>
   <trkpt lat="4.8084290" lon="-75.7516600">
    <ele>1296.8</ele>
   </trkpt>
   <trkpt lat="4.8084290" lon="-75.7516600">
    <ele>1296.8</ele>
   </trkpt>
   <trkpt lat="4.8084290" lon="-75.7516600">
    <ele>1296.8</ele>
   </trkpt>
   <trkpt lat="4.8084290" lon="-75.7516600">
    <ele>1296.8</ele>
   </trkpt>
   <trkpt lat="4.8084290" lon="-75.7516600">
    <ele>1296.8</ele>
   </trkpt>
   <trkpt lat="4.8084290" lon="-75.7516600">
    <ele>1296.8</ele>
   </trkpt>
   <trkpt lat="4.8084290" lon="-75.7516600">
    <ele>1296.8</ele>
   </trkpt>
   <trkpt lat="4.8084290" lon="-75.7516600">
    <ele>1296.8</ele>
   </trkpt>
   <trkpt lat="4.8084290" lon="-75.7516600">
    <ele>1296.8</ele>
   </trkpt>
   <trkpt lat="4.8084290" lon="-75.7516600">
    <ele>1296.8</ele>
   </trkpt>
   <trkpt lat="4.8084290" lon="-75.7516600">
    <ele>1296.8</ele>
   </trkpt>
   <trkpt lat="4.8084290" lon="-75.7516600">
    <ele>1296.8</ele>
   </trkpt>
   <trkpt lat="4.8084290" lon="-75.7516600">
    <ele>1296.8</ele>
   </trkpt>
   <trkpt lat="4.8084290" lon="-75.7516600">
    <ele>1296.8</ele>
   </trkpt>
   <trkpt lat="4.8084290" lon="-75.7516600">
    <ele>1296.8</ele>
   </trkpt>
   <trkpt lat="4.8084290" lon="-75.7516600">
    <ele>1296.8</ele>
   </trkpt>
   <trkpt lat="4.8084290" lon="-75.7516600">
    <ele>1296.8</ele>
   </trkpt>
   <trkpt lat="4.8084290" lon="-75.7516600">
    <ele>1296.8</ele>
   </trkpt>
   <trkpt lat="4.8084290" lon="-75.7516600">
    <ele>1296.8</ele>
   </trkpt>
   <trkpt lat="4.8084290" lon="-75.7516600">
    <ele>1296.8</ele>
   </trkpt>
   <trkpt lat="4.8084290" lon="-75.7516600">
    <ele>1296.8</ele>
   </trkpt>
   <trkpt lat="4.8084290" lon="-75.7516600">
    <ele>1296.8</ele>
   </trkpt>
   <trkpt lat="4.8084290" lon="-75.7516600">
    <ele>1296.8</ele>
   </trkpt>
   <trkpt lat="4.8084290" lon="-75.7516600">
    <ele>1296.8</ele>
   </trkpt>
   <trkpt lat="4.8084290" lon="-75.7516600">
    <ele>1296.8</ele>
   </trkpt>
   <trkpt lat="4.8084290" lon="-75.7516600">
    <ele>1296.8</ele>
   </trkpt>
   <trkpt lat="4.8084290" lon="-75.7516600">
    <ele>1296.8</ele>
   </trkpt>
   <trkpt lat="4.8084290" lon="-75.7516600">
    <ele>1296.8</ele>
   </trkpt>
   <trkpt lat="4.8084290" lon="-75.7516600">
    <ele>1296.8</ele>
   </trkpt>
   <trkpt lat="4.8084290" lon="-75.7516600">
    <ele>1296.8</ele>
   </trkpt>
   <trkpt lat="4.8084290" lon="-75.7516600">
    <ele>1296.8</ele>
   </trkpt>
   <trkpt lat="4.8084290" lon="-75.7516600">
    <ele>1296.8</ele>
   </trkpt>
   <trkpt lat="4.8084290" lon="-75.7516600">
    <ele>1296.8</ele>
   </trkpt>
   <trkpt lat="4.8084290" lon="-75.7516600">
    <ele>1296.8</ele>
   </trkpt>
   <trkpt lat="4.8084290" lon="-75.7516600">
    <ele>1296.8</ele>
   </trkpt>
   <trkpt lat="4.8084290" lon="-75.7516600">
    <ele>1296.8</ele>
   </trkpt>
   <trkpt lat="4.8084290" lon="-75.7516600">
    <ele>1296.8</ele>
   </trkpt>
   <trkpt lat="4.8084290" lon="-75.7516600">
    <ele>1296.8</ele>
   </trkpt>
   <trkpt lat="4.8084290" lon="-75.7516600">
    <ele>1296.8</ele>
   </trkpt>
   <trkpt lat="4.8084290" lon="-75.7516600">
    <ele>1296.8</ele>
   </trkpt>
   <trkpt lat="4.8084290" lon="-75.7516600">
    <ele>1296.8</ele>
   </trkpt>
   <trkpt lat="4.8084290" lon="-75.7516600">
    <ele>1296.8</ele>
   </trkpt>
   <trkpt lat="4.8084290" lon="-75.7516600">
    <ele>1296.8</ele>
   </trkpt>
   <trkpt lat="4.8084290" lon="-75.7516600">
    <ele>1296.8</ele>
   </trkpt>
   <trkpt lat="4.8084290" lon="-75.7516600">
    <ele>1296.8</ele>
   </trkpt>
   <trkpt lat="4.8084290" lon="-75.7516600">
    <ele>1296.8</ele>
   </trkpt>
   <trkpt lat="4.8084290" lon="-75.7516600">
    <ele>1296.8</ele>
   </trkpt>
   <trkpt lat="4.8084290" lon="-75.7516600">
    <ele>1296.8</ele>
   </trkpt>
   <trkpt lat="4.8084290" lon="-75.7516600">
    <ele>1296.8</ele>
   </trkpt>
   <trkpt lat="4.8084290" lon="-75.7516600">
    <ele>1296.8</ele>
   </trkpt>
   <trkpt lat="4.8084290" lon="-75.7516600">
    <ele>1296.8</ele>
   </trkpt>
   <trkpt lat="4.8084290" lon="-75.7516600">
    <ele>1296.8</ele>
   </trkpt>
   <trkpt lat="4.8084290" lon="-75.7516600">
    <ele>1296.8</ele>
   </trkpt>
   <trkpt lat="4.8084290" lon="-75.7516600">
    <ele>1296.8</ele>
   </trkpt>
   <trkpt lat="4.8084290" lon="-75.7516600">
    <ele>1296.8</ele>
   </trkpt>
   <trkpt lat="4.8084290" lon="-75.7516600">
    <ele>1296.8</ele>
   </trkpt>
   <trkpt lat="4.8084290" lon="-75.7516600">
    <ele>1296.8</ele>
   </trkpt>
   <trkpt lat="4.8084290" lon="-75.7516600">
    <ele>1296.8</ele>
   </trkpt>
   <trkpt lat="4.8084290" lon="-75.7516600">
    <ele>1296.8</ele>
   </trkpt>
   <trkpt lat="4.8084290" lon="-75.7516600">
    <ele>1296.8</ele>
   </trkpt>
   <trkpt lat="4.8084290" lon="-75.7516600">
    <ele>1296.8</ele>
   </trkpt>
   <trkpt lat="4.8084290" lon="-75.7516600">
    <ele>1296.8</ele>
   </trkpt>
   <trkpt lat="4.8084290" lon="-75.7516600">
    <ele>1296.8</ele>
   </trkpt>
   <trkpt lat="4.8084290" lon="-75.7516600">
    <ele>1296.8</ele>
   </trkpt>
   <trkpt lat="4.8084290" lon="-75.7516600">
    <ele>1296.8</ele>
   </trkpt>
   <trkpt lat="4.8084290" lon="-75.7516600">
    <ele>1296.8</ele>
   </trkpt>
   <trkpt lat="4.8084290" lon="-75.7516600">
    <ele>1296.8</ele>
   </trkpt>
   <trkpt lat="4.8084290" lon="-75.7516600">
    <ele>1296.8</ele>
   </trkpt>
   <trkpt lat="4.8084290" lon="-75.7516600">
    <ele>1296.8</ele>
   </trkpt>
   <trkpt lat="4.8084290" lon="-75.7516600">
    <ele>1296.8</ele>
   </trkpt>
   <trkpt lat="4.8084290" lon="-75.7516600">
    <ele>1296.8</ele>
   </trkpt>
   <trkpt lat="4.8084290" lon="-75.7516600">
    <ele>1296.8</ele>
   </trkpt>
   <trkpt lat="4.8084290" lon="-75.7516600">
    <ele>1296.8</ele>
   </trkpt>
   <trkpt lat="4.8084290" lon="-75.7516600">
    <ele>1296.8</ele>
   </trkpt>
   <trkpt lat="4.8084290" lon="-75.7516600">
    <ele>1296.8</ele>
   </trkpt>
   <trkpt lat="4.8084290" lon="-75.7516600">
    <ele>1296.8</ele>
   </trkpt>
   <trkpt lat="4.8084290" lon="-75.7516600">
    <ele>1296.8</ele>
   </trkpt>
   <trkpt lat="4.8084290" lon="-75.7516600">
    <ele>1296.8</ele>
   </trkpt>
   <trkpt lat="4.8084290" lon="-75.7516600">
    <ele>1296.8</ele>
   </trkpt>
   <trkpt lat="4.8084290" lon="-75.7516600">
    <ele>1296.8</ele>
   </trkpt>
   <trkpt lat="4.8084290" lon="-75.7516600">
    <ele>1296.8</ele>
   </trkpt>
   <trkpt lat="4.8084290" lon="-75.7516600">
    <ele>1296.8</ele>
   </trkpt>
   <trkpt lat="4.8084290" lon="-75.7516600">
    <ele>1296.8</ele>
   </trkpt>
   <trkpt lat="4.8084290" lon="-75.7516600">
    <ele>1296.8</ele>
   </trkpt>
   <trkpt lat="4.8084290" lon="-75.7516600">
    <ele>1296.8</ele>
   </trkpt>
   <trkpt lat="4.8084290" lon="-75.7516600">
    <ele>1296.8</ele>
   </trkpt>
   <trkpt lat="4.8084290" lon="-75.7516600">
    <ele>1296.8</ele>
   </trkpt>
   <trkpt lat="4.8084290" lon="-75.7516600">
    <ele>1296.8</ele>
   </trkpt>
   <trkpt lat="4.8084290" lon="-75.7516600">
    <ele>1296.8</ele>
   </trkpt>
   <trkpt lat="4.8084290" lon="-75.7516600">
    <ele>1296.8</ele>
   </trkpt>
   <trkpt lat="4.8084290" lon="-75.7516600">
    <ele>1296.8</ele>
   </trkpt>
   <trkpt lat="4.8084290" lon="-75.7516600">
    <ele>1296.8</ele>
   </trkpt>
   <trkpt lat="4.8084290" lon="-75.7516600">
    <ele>1296.8</ele>
   </trkpt>
   <trkpt lat="4.8084290" lon="-75.7516600">
    <ele>1296.8</ele>
   </trkpt>
   <trkpt lat="4.8084290" lon="-75.7516600">
    <ele>1296.8</ele>
   </trkpt>
   <trkpt lat="4.8084290" lon="-75.7516600">
    <ele>1296.8</ele>
   </trkpt>
   <trkpt lat="4.8084290" lon="-75.7516600">
    <ele>1296.8</ele>
   </trkpt>
   <trkpt lat="4.8084290" lon="-75.7516600">
    <ele>1296.8</ele>
   </trkpt>
   <trkpt lat="4.8084290" lon="-75.7516600">
    <ele>1296.8</ele>
   </trkpt>
   <trkpt lat="4.8084290" lon="-75.7516600">
    <ele>1296.8</ele>
   </trkpt>
   <trkpt lat="4.8084290" lon="-75.7516600">
    <ele>1296.8</ele>
   </trkpt>
   <trkpt lat="4.8084290" lon="-75.7516600">
    <ele>1296.8</ele>
   </trkpt>
   <trkpt lat="4.8084290" lon="-75.7516600">
    <ele>1296.8</ele>
   </trkpt>
   <trkpt lat="4.8084290" lon="-75.7516600">
    <ele>1296.8</ele>
   </trkpt>
   <trkpt lat="4.8084290" lon="-75.7516600">
    <ele>1296.8</ele>
   </trkpt>
   <trkpt lat="4.8084290" lon="-75.7516600">
    <ele>1296.8</ele>
   </trkpt>
   <trkpt lat="4.8084290" lon="-75.7516600">
    <ele>1296.8</ele>
   </trkpt>
   <trkpt lat="4.8084290" lon="-75.7516600">
    <ele>1296.8</ele>
   </trkpt>
   <trkpt lat="4.8084290" lon="-75.7516600">
    <ele>1296.8</ele>
   </trkpt>
   <trkpt lat="4.8084290" lon="-75.7516600">
    <ele>1296.8</ele>
   </trkpt>
   <trkpt lat="4.8084290" lon="-75.7516600">
    <ele>1296.8</ele>
   </trkpt>
   <trkpt lat="4.8084290" lon="-75.7516600">
    <ele>1296.8</ele>
   </trkpt>
   <trkpt lat="4.8084290" lon="-75.7516600">
    <ele>1296.8</ele>
   </trkpt>
   <trkpt lat="4.8084290" lon="-75.7516600">
    <ele>1296.8</ele>
   </trkpt>
   <trkpt lat="4.8084290" lon="-75.7516600">
    <ele>1296.8</ele>
   </trkpt>
   <trkpt lat="4.8084290" lon="-75.7516600">
    <ele>1296.8</ele>
   </trkpt>
   <trkpt lat="4.8084290" lon="-75.7516600">
    <ele>1296.8</ele>
   </trkpt>
   <trkpt lat="4.8084290" lon="-75.7516600">
    <ele>1296.8</ele>
   </trkpt>
   <trkpt lat="4.8084290" lon="-75.7516600">
    <ele>1296.8</ele>
   </trkpt>
   <trkpt lat="4.8084290" lon="-75.7516600">
    <ele>1296.8</ele>
   </trkpt>
   <trkpt lat="4.8084290" lon="-75.7516600">
    <ele>1296.8</ele>
   </trkpt>
   <trkpt lat="4.8084290" lon="-75.7516600">
    <ele>1296.8</ele>
   </trkpt>
   <trkpt lat="4.8084290" lon="-75.7516600">
    <ele>1296.8</ele>
   </trkpt>
   <trkpt lat="4.8084290" lon="-75.7516600">
    <ele>1296.8</ele>
   </trkpt>
   <trkpt lat="4.8084290" lon="-75.7516600">
    <ele>1296.8</ele>
   </trkpt>
   <trkpt lat="4.8084290" lon="-75.7516600">
    <ele>1296.8</ele>
   </trkpt>
   <trkpt lat="4.8084290" lon="-75.7516600">
    <ele>1296.8</ele>
   </trkpt>
   <trkpt lat="4.8084290" lon="-75.7516600">
    <ele>1296.8</ele>
   </trkpt>
   <trkpt lat="4.8084290" lon="-75.7516600">
    <ele>1296.8</ele>
   </trkpt>
   <trkpt lat="4.8084290" lon="-75.7516600">
    <ele>1296.8</ele>
   </trkpt>
   <trkpt lat="4.8084290" lon="-75.7516600">
    <ele>1296.8</ele>
   </trkpt>
   <trkpt lat="4.8084290" lon="-75.7516600">
    <ele>1296.8</ele>
   </trkpt>
   <trkpt lat="4.8084290" lon="-75.7516600">
    <ele>1296.8</ele>
   </trkpt>
   <trkpt lat="4.8084290" lon="-75.7516600">
    <ele>1296.8</ele>
   </trkpt>
   <trkpt lat="4.8084290" lon="-75.7516600">
    <ele>1296.8</ele>
   </trkpt>
   <trkpt lat="4.8084290" lon="-75.7516600">
    <ele>1296.8</ele>
   </trkpt>
   <trkpt lat="4.8084290" lon="-75.7516600">
    <ele>1296.8</ele>
   </trkpt>
   <trkpt lat="4.8084290" lon="-75.7516600">
    <ele>1296.8</ele>
   </trkpt>
   <trkpt lat="4.8084290" lon="-75.7516600">
    <ele>1296.8</ele>
   </trkpt>
   <trkpt lat="4.8084290" lon="-75.7516600">
    <ele>1296.8</ele>
   </trkpt>
   <trkpt lat="4.8084290" lon="-75.7516600">
    <ele>1296.8</ele>
   </trkpt>
   <trkpt lat="4.8084290" lon="-75.7516600">
    <ele>1296.8</ele>
   </trkpt>
   <trkpt lat="4.8084290" lon="-75.7516600">
    <ele>1296.8</ele>
   </trkpt>
   <trkpt lat="4.8084290" lon="-75.7516600">
    <ele>1296.8</ele>
   </trkpt>
   <trkpt lat="4.8084290" lon="-75.7516600">
    <ele>1296.8</ele>
   </trkpt>
   <trkpt lat="4.8084290" lon="-75.7516600">
    <ele>1296.8</ele>
   </trkpt>
   <trkpt lat="4.8084290" lon="-75.7516600">
    <ele>1296.8</ele>
   </trkpt>
   <trkpt lat="4.8084290" lon="-75.7516600">
    <ele>1296.8</ele>
   </trkpt>
   <trkpt lat="4.8084290" lon="-75.7516600">
    <ele>1296.8</ele>
   </trkpt>
   <trkpt lat="4.8084290" lon="-75.7516600">
    <ele>1296.8</ele>
   </trkpt>
   <trkpt lat="4.8084290" lon="-75.7516600">
    <ele>1296.8</ele>
   </trkpt>
   <trkpt lat="4.8084290" lon="-75.7516600">
    <ele>1296.8</ele>
   </trkpt>
   <trkpt lat="4.8084290" lon="-75.7516600">
    <ele>1296.8</ele>
   </trkpt>
   <trkpt lat="4.8084290" lon="-75.7516600">
    <ele>1296.8</ele>
   </trkpt>
   <trkpt lat="4.8084290" lon="-75.7516600">
    <ele>1296.8</ele>
   </trkpt>
   <trkpt lat="4.8084290" lon="-75.7516600">
    <ele>1296.8</ele>
   </trkpt>
   <trkpt lat="4.8084290" lon="-75.7516600">
    <ele>1296.8</ele>
   </trkpt>
   <trkpt lat="4.8084290" lon="-75.7516600">
    <ele>1296.8</ele>
   </trkpt>
   <trkpt lat="4.8084290" lon="-75.7516600">
    <ele>1296.8</ele>
   </trkpt>
   <trkpt lat="4.8084290" lon="-75.7516600">
    <ele>1296.8</ele>
   </trkpt>
   <trkpt lat="4.8084290" lon="-75.7516600">
    <ele>1296.8</ele>
   </trkpt>
   <trkpt lat="4.8084290" lon="-75.7516600">
    <ele>1296.8</ele>
   </trkpt>
   <trkpt lat="4.8084290" lon="-75.7516600">
    <ele>1296.8</ele>
   </trkpt>
   <trkpt lat="4.8084290" lon="-75.7516600">
    <ele>1296.8</ele>
   </trkpt>
   <trkpt lat="4.8084290" lon="-75.7516600">
    <ele>1296.8</ele>
   </trkpt>
   <trkpt lat="4.8084290" lon="-75.7516600">
    <ele>1296.8</ele>
   </trkpt>
   <trkpt lat="4.8084290" lon="-75.7516600">
    <ele>1296.8</ele>
   </trkpt>
   <trkpt lat="4.8084290" lon="-75.7516600">
    <ele>1296.8</ele>
   </trkpt>
   <trkpt lat="4.8084290" lon="-75.7516600">
    <ele>1296.8</ele>
   </trkpt>
   <trkpt lat="4.8084290" lon="-75.7516600">
    <ele>1296.8</ele>
   </trkpt>
   <trkpt lat="4.8084290" lon="-75.7516600">
    <ele>1296.8</ele>
   </trkpt>
   <trkpt lat="4.8084290" lon="-75.7516600">
    <ele>1296.8</ele>
   </trkpt>
   <trkpt lat="4.8084290" lon="-75.7516600">
    <ele>1296.8</ele>
   </trkpt>
   <trkpt lat="4.8084290" lon="-75.7516600">
    <ele>1296.8</ele>
   </trkpt>
   <trkpt lat="4.8084290" lon="-75.7516600">
    <ele>1296.8</ele>
   </trkpt>
   <trkpt lat="4.8084290" lon="-75.7516600">
    <ele>1296.8</ele>
   </trkpt>
   <trkpt lat="4.8084290" lon="-75.7516600">
    <ele>1296.8</ele>
   </trkpt>
   <trkpt lat="4.8084290" lon="-75.7516600">
    <ele>1296.8</ele>
   </trkpt>
   <trkpt lat="4.8084290" lon="-75.7516600">
    <ele>1296.8</ele>
   </trkpt>
   <trkpt lat="4.8084290" lon="-75.7516600">
    <ele>1296.8</ele>
   </trkpt>
   <trkpt lat="4.8084290" lon="-75.7516600">
    <ele>1296.8</ele>
   </trkpt>
   <trkpt lat="4.8084290" lon="-75.7516600">
    <ele>1296.8</ele>
   </trkpt>
   <trkpt lat="4.8084290" lon="-75.7516600">
    <ele>1296.8</ele>
   </trkpt>
   <trkpt lat="4.8084290" lon="-75.7516600">
    <ele>1296.8</ele>
   </trkpt>
   <trkpt lat="4.8084290" lon="-75.7516600">
    <ele>1296.8</ele>
   </trkpt>
   <trkpt lat="4.8084290" lon="-75.7516600">
    <ele>1296.8</ele>
   </trkpt>
   <trkpt lat="4.8084290" lon="-75.7516600">
    <ele>1296.8</ele>
   </trkpt>
   <trkpt lat="4.8084290" lon="-75.7516600">
    <ele>1296.8</ele>
   </trkpt>
   <trkpt lat="4.8084290" lon="-75.7516600">
    <ele>1296.8</ele>
   </trkpt>
   <trkpt lat="4.8084290" lon="-75.7516600">
    <ele>1296.8</ele>
   </trkpt>
   <trkpt lat="4.8084290" lon="-75.7516600">
    <ele>1296.8</ele>
   </trkpt>
   <trkpt lat="4.8084290" lon="-75.7516600">
    <ele>1296.8</ele>
   </trkpt>
   <trkpt lat="4.8084290" lon="-75.7516600">
    <ele>1296.8</ele>
   </trkpt>
   <trkpt lat="4.8084290" lon="-75.7516600">
    <ele>1296.8</ele>
   </trkpt>
   <trkpt lat="4.8084290" lon="-75.7516600">
    <ele>1296.8</ele>
   </trkpt>
   <trkpt lat="4.8084290" lon="-75.7516600">
    <ele>1296.8</ele>
   </trkpt>
   <trkpt lat="4.8084290" lon="-75.7516600">
    <ele>1296.8</ele>
   </trkpt>
   <trkpt lat="4.8084290" lon="-75.7516600">
    <ele>1296.8</ele>
   </trkpt>
   <trkpt lat="4.8084290" lon="-75.7516600">
    <ele>1296.8</ele>
   </trkpt>
   <trkpt lat="4.8084290" lon="-75.7516600">
    <ele>1296.8</ele>
   </trkpt>
   <trkpt lat="4.8084290" lon="-75.7516600">
    <ele>1296.8</ele>
   </trkpt>
   <trkpt lat="4.8084290" lon="-75.7516600">
    <ele>1296.8</ele>
   </trkpt>
   <trkpt lat="4.8084290" lon="-75.7516600">
    <ele>1296.8</ele>
   </trkpt>
   <trkpt lat="4.8084290" lon="-75.7516600">
    <ele>1296.8</ele>
   </trkpt>
   <trkpt lat="4.8084290" lon="-75.7516600">
    <ele>1296.8</ele>
   </trkpt>
   <trkpt lat="4.8084290" lon="-75.7516600">
    <ele>1296.8</ele>
   </trkpt>
   <trkpt lat="4.8084290" lon="-75.7516600">
    <ele>1296.8</ele>
   </trkpt>
   <trkpt lat="4.8084290" lon="-75.7516600">
    <ele>1296.8</ele>
   </trkpt>
   <trkpt lat="4.8084290" lon="-75.7516600">
    <ele>1296.8</ele>
   </trkpt>
   <trkpt lat="4.8084290" lon="-75.7516600">
    <ele>1296.8</ele>
   </trkpt>
   <trkpt lat="4.8084290" lon="-75.7516600">
    <ele>1296.8</ele>
   </trkpt>
   <trkpt lat="4.8084290" lon="-75.7516600">
    <ele>1296.8</ele>
   </trkpt>
   <trkpt lat="4.8084290" lon="-75.7516600">
    <ele>1296.8</ele>
   </trkpt>
   <trkpt lat="4.8084290" lon="-75.7516600">
    <ele>1296.8</ele>
   </trkpt>
   <trkpt lat="4.8084290" lon="-75.7516600">
    <ele>1296.8</ele>
   </trkpt>
   <trkpt lat="4.8084290" lon="-75.7516600">
    <ele>1296.8</ele>
   </trkpt>
   <trkpt lat="4.8084290" lon="-75.7516600">
    <ele>1296.8</ele>
   </trkpt>
   <trkpt lat="4.8084290" lon="-75.7516600">
    <ele>1296.8</ele>
   </trkpt>
   <trkpt lat="4.8084290" lon="-75.7516600">
    <ele>1296.8</ele>
   </trkpt>
   <trkpt lat="4.8084290" lon="-75.7516600">
    <ele>1296.8</ele>
   </trkpt>
   <trkpt lat="4.8084290" lon="-75.7516600">
    <ele>1296.8</ele>
   </trkpt>
   <trkpt lat="4.8084290" lon="-75.7516600">
    <ele>1296.8</ele>
   </trkpt>
   <trkpt lat="4.8084290" lon="-75.7516600">
    <ele>1296.8</ele>
   </trkpt>
   <trkpt lat="4.8084290" lon="-75.7516600">
    <ele>1296.8</ele>
   </trkpt>
   <trkpt lat="4.8084290" lon="-75.7516600">
    <ele>1296.8</ele>
   </trkpt>
   <trkpt lat="4.8084290" lon="-75.7516600">
    <ele>1296.8</ele>
   </trkpt>
   <trkpt lat="4.8084290" lon="-75.7516600">
    <ele>1296.8</ele>
   </trkpt>
   <trkpt lat="4.8084290" lon="-75.7516600">
    <ele>1296.8</ele>
   </trkpt>
   <trkpt lat="4.8084290" lon="-75.7516600">
    <ele>1296.8</ele>
   </trkpt>
   <trkpt lat="4.8084290" lon="-75.7516600">
    <ele>1296.8</ele>
   </trkpt>
   <trkpt lat="4.8084290" lon="-75.7516600">
    <ele>1296.8</ele>
   </trkpt>
   <trkpt lat="4.8084290" lon="-75.7516600">
    <ele>1296.8</ele>
   </trkpt>
   <trkpt lat="4.8084290" lon="-75.7516600">
    <ele>1296.8</ele>
   </trkpt>
   <trkpt lat="4.8084290" lon="-75.7516600">
    <ele>1296.8</ele>
   </trkpt>
   <trkpt lat="4.8084290" lon="-75.7516600">
    <ele>1296.8</ele>
   </trkpt>
   <trkpt lat="4.8084290" lon="-75.7516600">
    <ele>1296.8</ele>
   </trkpt>
   <trkpt lat="4.8084290" lon="-75.7516600">
    <ele>1296.8</ele>
   </trkpt>
   <trkpt lat="4.8084290" lon="-75.7516600">
    <ele>1296.8</ele>
   </trkpt>
   <trkpt lat="4.8084290" lon="-75.7516600">
    <ele>1296.8</ele>
   </trkpt>
   <trkpt lat="4.8084290" lon="-75.7516600">
    <ele>1296.8</ele>
   </trkpt>
   <trkpt lat="4.8084290" lon="-75.7516600">
    <ele>1296.8</ele>
   </trkpt>
   <trkpt lat="4.8084290" lon="-75.7516600">
    <ele>1296.8</ele>
   </trkpt>
   <trkpt lat="4.8084290" lon="-75.7516600">
    <ele>1296.8</ele>
   </trkpt>
   <trkpt lat="4.8084290" lon="-75.7516600">
    <ele>1296.8</ele>
   </trkpt>
   <trkpt lat="4.8084290" lon="-75.7516600">
    <ele>1296.8</ele>
   </trkpt>
   <trkpt lat="4.8084290" lon="-75.7516600">
    <ele>1296.8</ele>
   </trkpt>
   <trkpt lat="4.8084290" lon="-75.7516600">
    <ele>1296.8</ele>
   </trkpt>
   <trkpt lat="4.8084290" lon="-75.7516600">
    <ele>1296.8</ele>
   </trkpt>
   <trkpt lat="4.8084290" lon="-75.7516600">
    <ele>1296.8</ele>
   </trkpt>
   <trkpt lat="4.8084290" lon="-75.7516600">
    <ele>1296.8</ele>
   </trkpt>
   <trkpt lat="4.8084290" lon="-75.7516600">
    <ele>1296.8</ele>
   </trkpt>
   <trkpt lat="4.8084290" lon="-75.7516600">
    <ele>1296.8</ele>
   </trkpt>
   <trkpt lat="4.8084290" lon="-75.7516600">
    <ele>1296.8</ele>
   </trkpt>
   <trkpt lat="4.8084290" lon="-75.7516600">
    <ele>1296.8</ele>
   </trkpt>
   <trkpt lat="4.8084290" lon="-75.7516600">
    <ele>1296.8</ele>
   </trkpt>
   <trkpt lat="4.8084290" lon="-75.7516600">
    <ele>1296.8</ele>
   </trkpt>
   <trkpt lat="4.8084290" lon="-75.7516600">
    <ele>1296.8</ele>
   </trkpt>
   <trkpt lat="4.8084290" lon="-75.7516600">
    <ele>1296.8</ele>
   </trkpt>
   <trkpt lat="4.8084290" lon="-75.7516600">
    <ele>1296.8</ele>
   </trkpt>
   <trkpt lat="4.8084290" lon="-75.7516600">
    <ele>1296.8</ele>
   </trkpt>
   <trkpt lat="4.8084290" lon="-75.7516600">
    <ele>1296.8</ele>
   </trkpt>
   <trkpt lat="4.8084290" lon="-75.7516600">
    <ele>1296.8</ele>
   </trkpt>
   <trkpt lat="4.8084290" lon="-75.7516600">
    <ele>1296.8</ele>
   </trkpt>
   <trkpt lat="4.8084290" lon="-75.7516600">
    <ele>1296.8</ele>
   </trkpt>
   <trkpt lat="4.8084290" lon="-75.7516600">
    <ele>1296.8</ele>
   </trkpt>
   <trkpt lat="4.8084290" lon="-75.7516600">
    <ele>1296.8</ele>
   </trkpt>
   <trkpt lat="4.8084290" lon="-75.7516600">
    <ele>1296.8</ele>
   </trkpt>
   <trkpt lat="4.8084290" lon="-75.7516600">
    <ele>1296.8</ele>
   </trkpt>
   <trkpt lat="4.8084290" lon="-75.7516600">
    <ele>1296.8</ele>
   </trkpt>
   <trkpt lat="4.8084290" lon="-75.7516600">
    <ele>1296.8</ele>
   </trkpt>
   <trkpt lat="4.8084290" lon="-75.7516600">
    <ele>1296.8</ele>
   </trkpt>
   <trkpt lat="4.8084290" lon="-75.7516600">
    <ele>1296.8</ele>
   </trkpt>
   <trkpt lat="4.8084290" lon="-75.7516600">
    <ele>1296.8</ele>
   </trkpt>
   <trkpt lat="4.8084290" lon="-75.7516600">
    <ele>1296.8</ele>
   </trkpt>
   <trkpt lat="4.8084290" lon="-75.7516600">
    <ele>1296.8</ele>
   </trkpt>
   <trkpt lat="4.8084290" lon="-75.7516600">
    <ele>1296.8</ele>
   </trkpt>
   <trkpt lat="4.8084290" lon="-75.7516600">
    <ele>1296.8</ele>
   </trkpt>
   <trkpt lat="4.8084290" lon="-75.7516600">
    <ele>1296.8</ele>
   </trkpt>
   <trkpt lat="4.8084290" lon="-75.7516600">
    <ele>1296.8</ele>
   </trkpt>
   <trkpt lat="4.8084290" lon="-75.7516600">
    <ele>1296.8</ele>
   </trkpt>
   <trkpt lat="4.8084290" lon="-75.7516600">
    <ele>1296.8</ele>
   </trkpt>
   <trkpt lat="4.8084290" lon="-75.7516600">
    <ele>1296.8</ele>
   </trkpt>
   <trkpt lat="4.8084290" lon="-75.7516600">
    <ele>1296.8</ele>
   </trkpt>
   <trkpt lat="4.8084290" lon="-75.7516600">
    <ele>1296.8</ele>
   </trkpt>
   <trkpt lat="4.8084290" lon="-75.7516600">
    <ele>1296.8</ele>
   </trkpt>
   <trkpt lat="4.8084290" lon="-75.7516600">
    <ele>1296.8</ele>
   </trkpt>
   <trkpt lat="4.8084290" lon="-75.7516600">
    <ele>1296.8</ele>
   </trkpt>
   <trkpt lat="4.8084290" lon="-75.7516600">
    <ele>1296.8</ele>
   </trkpt>
   <trkpt lat="4.8084290" lon="-75.7516600">
    <ele>1296.8</ele>
   </trkpt>
   <trkpt lat="4.8084290" lon="-75.7516600">
    <ele>1296.8</ele>
   </trkpt>
   <trkpt lat="4.8084290" lon="-75.7516600">
    <ele>1296.8</ele>
   </trkpt>
   <trkpt lat="4.8084290" lon="-75.7516600">
    <ele>1296.8</ele>
   </trkpt>
   <trkpt lat="4.8084290" lon="-75.7516600">
    <ele>1296.8</ele>
   </trkpt>
   <trkpt lat="4.8084290" lon="-75.7516600">
    <ele>1296.8</ele>
   </trkpt>
   <trkpt lat="4.8084290" lon="-75.7516600">
    <ele>1296.8</ele>
   </trkpt>
   <trkpt lat="4.8084290" lon="-75.7516600">
    <ele>1296.8</ele>
   </trkpt>
   <trkpt lat="4.8084290" lon="-75.7516600">
    <ele>1296.8</ele>
   </trkpt>
   <trkpt lat="4.8084290" lon="-75.7516600">
    <ele>1296.8</ele>
   </trkpt>
   <trkpt lat="4.8084290" lon="-75.7516600">
    <ele>1296.8</ele>
   </trkpt>
   <trkpt lat="4.8084290" lon="-75.7516600">
    <ele>1296.8</ele>
   </trkpt>
   <trkpt lat="4.8084290" lon="-75.7516600">
    <ele>1296.8</ele>
   </trkpt>
   <trkpt lat="4.8084290" lon="-75.7516600">
    <ele>1296.8</ele>
   </trkpt>
   <trkpt lat="4.8084290" lon="-75.7516600">
    <ele>1296.8</ele>
   </trkpt>
   <trkpt lat="4.8084290" lon="-75.7516600">
    <ele>1296.8</ele>
   </trkpt>
   <trkpt lat="4.8084290" lon="-75.7516600">
    <ele>1296.8</ele>
   </trkpt>
   <trkpt lat="4.8084290" lon="-75.7516600">
    <ele>1296.8</ele>
   </trkpt>
   <trkpt lat="4.8084290" lon="-75.7516600">
    <ele>1296.8</ele>
   </trkpt>
   <trkpt lat="4.8084290" lon="-75.7516600">
    <ele>1296.8</ele>
   </trkpt>
   <trkpt lat="4.8084290" lon="-75.7516600">
    <ele>1296.8</ele>
   </trkpt>
   <trkpt lat="4.8084290" lon="-75.7516600">
    <ele>1296.8</ele>
   </trkpt>
   <trkpt lat="4.8084290" lon="-75.7516600">
    <ele>1296.8</ele>
   </trkpt>
   <trkpt lat="4.8084290" lon="-75.7516600">
    <ele>1296.8</ele>
   </trkpt>
   <trkpt lat="4.8084290" lon="-75.7516600">
    <ele>1296.8</ele>
   </trkpt>
   <trkpt lat="4.8084290" lon="-75.7516600">
    <ele>1296.8</ele>
   </trkpt>
   <trkpt lat="4.8084290" lon="-75.7516600">
    <ele>1296.8</ele>
   </trkpt>
   <trkpt lat="4.8084290" lon="-75.7516600">
    <ele>1296.8</ele>
   </trkpt>
   <trkpt lat="4.8084290" lon="-75.7516600">
    <ele>1296.8</ele>
   </trkpt>
   <trkpt lat="4.8084290" lon="-75.7516600">
    <ele>1296.8</ele>
   </trkpt>
   <trkpt lat="4.8084290" lon="-75.7516600">
    <ele>1296.8</ele>
   </trkpt>
   <trkpt lat="4.8084290" lon="-75.7516600">
    <ele>1296.8</ele>
   </trkpt>
   <trkpt lat="4.8084290" lon="-75.7516600">
    <ele>1296.8</ele>
   </trkpt>
   <trkpt lat="4.8084290" lon="-75.7516600">
    <ele>1296.8</ele>
   </trkpt>
   <trkpt lat="4.8084290" lon="-75.7516600">
    <ele>1296.8</ele>
   </trkpt>
   <trkpt lat="4.8084290" lon="-75.7516600">
    <ele>1296.8</ele>
   </trkpt>
   <trkpt lat="4.8084290" lon="-75.7516600">
    <ele>1296.8</ele>
   </trkpt>
   <trkpt lat="4.8084290" lon="-75.7516600">
    <ele>1296.8</ele>
   </trkpt>
   <trkpt lat="4.8084290" lon="-75.7516600">
    <ele>1296.8</ele>
   </trkpt>
   <trkpt lat="4.8084290" lon="-75.7516600">
    <ele>1296.8</ele>
   </trkpt>
   <trkpt lat="4.8084290" lon="-75.7516600">
    <ele>1296.8</ele>
   </trkpt>
   <trkpt lat="4.8084290" lon="-75.7516600">
    <ele>1296.8</ele>
   </trkpt>
   <trkpt lat="4.8084290" lon="-75.7516600">
    <ele>1296.8</ele>
   </trkpt>
   <trkpt lat="4.8084290" lon="-75.7516600">
    <ele>1296.8</ele>
   </trkpt>
   <trkpt lat="4.8084290" lon="-75.7516600">
    <ele>1296.8</ele>
   </trkpt>
   <trkpt lat="4.8084290" lon="-75.7516600">
    <ele>1296.8</ele>
   </trkpt>
   <trkpt lat="4.8084290" lon="-75.7516600">
    <ele>1296.8</ele>
   </trkpt>
   <trkpt lat="4.8084290" lon="-75.7516600">
    <ele>1296.8</ele>
   </trkpt>
   <trkpt lat="4.8084290" lon="-75.7516600">
    <ele>1296.8</ele>
   </trkpt>
   <trkpt lat="4.8084290" lon="-75.7516600">
    <ele>1296.8</ele>
   </trkpt>
   <trkpt lat="4.8084290" lon="-75.7516600">
    <ele>1296.8</ele>
   </trkpt>
   <trkpt lat="4.8084290" lon="-75.7516600">
    <ele>1296.8</ele>
   </trkpt>
   <trkpt lat="4.8084290" lon="-75.7516600">
    <ele>1296.8</ele>
   </trkpt>
   <trkpt lat="4.8084290" lon="-75.7516600">
    <ele>1296.8</ele>
   </trkpt>
   <trkpt lat="4.8084290" lon="-75.7516600">
    <ele>1296.8</ele>
   </trkpt>
   <trkpt lat="4.8084290" lon="-75.7516600">
    <ele>1296.8</ele>
   </trkpt>
   <trkpt lat="4.8084290" lon="-75.7516600">
    <ele>1296.8</ele>
   </trkpt>
   <trkpt lat="4.8084290" lon="-75.7516600">
    <ele>1296.8</ele>
   </trkpt>
   <trkpt lat="4.8084290" lon="-75.7516600">
    <ele>1296.8</ele>
   </trkpt>
   <trkpt lat="4.8084290" lon="-75.7516600">
    <ele>1296.8</ele>
   </trkpt>
   <trkpt lat="4.8084290" lon="-75.7516600">
    <ele>1296.8</ele>
   </trkpt>
   <trkpt lat="4.8084290" lon="-75.7516600">
    <ele>1296.8</ele>
   </trkpt>
   <trkpt lat="4.8084290" lon="-75.7516600">
    <ele>1296.8</ele>
   </trkpt>
   <trkpt lat="4.8084290" lon="-75.7516600">
    <ele>1296.8</ele>
   </trkpt>
   <trkpt lat="4.8084290" lon="-75.7516600">
    <ele>1296.8</ele>
   </trkpt>
   <trkpt lat="4.8084290" lon="-75.7516600">
    <ele>1296.8</ele>
   </trkpt>
   <trkpt lat="4.8084290" lon="-75.7516600">
    <ele>1296.8</ele>
   </trkpt>
   <trkpt lat="4.8084290" lon="-75.7516600">
    <ele>1296.8</ele>
   </trkpt>
   <trkpt lat="4.8084290" lon="-75.7516600">
    <ele>1296.8</ele>
   </trkpt>
   <trkpt lat="4.8084290" lon="-75.7516600">
    <ele>1296.8</ele>
   </trkpt>
   <trkpt lat="4.8084290" lon="-75.7516600">
    <ele>1296.8</ele>
   </trkpt>
   <trkpt lat="4.8084290" lon="-75.7516600">
    <ele>1296.8</ele>
   </trkpt>
   <trkpt lat="4.8084290" lon="-75.7516600">
    <ele>1296.8</ele>
   </trkpt>
   <trkpt lat="4.8084290" lon="-75.7516600">
    <ele>1296.8</ele>
   </trkpt>
   <trkpt lat="4.8084290" lon="-75.7516600">
    <ele>1296.8</ele>
   </trkpt>
   <trkpt lat="4.8084290" lon="-75.7516600">
    <ele>1296.8</ele>
   </trkpt>
   <trkpt lat="4.8084290" lon="-75.7516600">
    <ele>1296.8</ele>
   </trkpt>
   <trkpt lat="4.8084290" lon="-75.7516600">
    <ele>1296.8</ele>
   </trkpt>
   <trkpt lat="4.8084290" lon="-75.7516600">
    <ele>1296.8</ele>
   </trkpt>
   <trkpt lat="4.8084290" lon="-75.7516600">
    <ele>1296.8</ele>
   </trkpt>
   <trkpt lat="4.8084290" lon="-75.7516600">
    <ele>1296.8</ele>
   </trkpt>
   <trkpt lat="4.8084290" lon="-75.7516600">
    <ele>1296.8</ele>
   </trkpt>
   <trkpt lat="4.8084290" lon="-75.7516600">
    <ele>1296.8</ele>
   </trkpt>
   <trkpt lat="4.8084290" lon="-75.7516600">
    <ele>1296.8</ele>
   </trkpt>
   <trkpt lat="4.8084290" lon="-75.7516600">
    <ele>1296.8</ele>
   </trkpt>
   <trkpt lat="4.8084290" lon="-75.7516600">
    <ele>1296.8</ele>
   </trkpt>
   <trkpt lat="4.8084290" lon="-75.7516600">
    <ele>1296.8</ele>
   </trkpt>
   <trkpt lat="4.8084290" lon="-75.7516600">
    <ele>1296.8</ele>
   </trkpt>
   <trkpt lat="4.8084290" lon="-75.7516600">
    <ele>1296.8</ele>
   </trkpt>
   <trkpt lat="4.8084290" lon="-75.7516600">
    <ele>1296.8</ele>
   </trkpt>
   <trkpt lat="4.8084290" lon="-75.7516600">
    <ele>1296.8</ele>
   </trkpt>
   <trkpt lat="4.8084290" lon="-75.7516600">
    <ele>1296.8</ele>
   </trkpt>
   <trkpt lat="4.8084290" lon="-75.7516600">
    <ele>1296.8</ele>
   </trkpt>
   <trkpt lat="4.8084290" lon="-75.7516600">
    <ele>1296.8</ele>
   </trkpt>
   <trkpt lat="4.8084290" lon="-75.7516600">
    <ele>1296.8</ele>
   </trkpt>
   <trkpt lat="4.8084290" lon="-75.7516600">
    <ele>1296.8</ele>
   </trkpt>
   <trkpt lat="4.8084290" lon="-75.7516600">
    <ele>1296.8</ele>
   </trkpt>
   <trkpt lat="4.8084290" lon="-75.7516600">
    <ele>1296.8</ele>
   </trkpt>
   <trkpt lat="4.8084290" lon="-75.7516600">
    <ele>1296.8</ele>
   </trkpt>
   <trkpt lat="4.8084290" lon="-75.7516600">
    <ele>1296.8</ele>
   </trkpt>
   <trkpt lat="4.8084290" lon="-75.7516600">
    <ele>1296.8</ele>
   </trkpt>
   <trkpt lat="4.8084290" lon="-75.7516600">
    <ele>1296.8</ele>
   </trkpt>
   <trkpt lat="4.8084290" lon="-75.7516600">
    <ele>1296.8</ele>
   </trkpt>
   <trkpt lat="4.8084290" lon="-75.7516600">
    <ele>1296.8</ele>
   </trkpt>
   <trkpt lat="4.8084290" lon="-75.7516600">
    <ele>1296.8</ele>
   </trkpt>
   <trkpt lat="4.8084290" lon="-75.7516600">
    <ele>1296.8</ele>
   </trkpt>
   <trkpt lat="4.8084290" lon="-75.7516600">
    <ele>1296.8</ele>
   </trkpt>
   <trkpt lat="4.8084290" lon="-75.7516600">
    <ele>1296.8</ele>
   </trkpt>
   <trkpt lat="4.8084290" lon="-75.7516600">
    <ele>1296.8</ele>
   </trkpt>
   <trkpt lat="4.8084290" lon="-75.7516600">
    <ele>1296.8</ele>
   </trkpt>
   <trkpt lat="4.8084290" lon="-75.7516600">
    <ele>1296.8</ele>
   </trkpt>
   <trkpt lat="4.8084290" lon="-75.7516600">
    <ele>1296.8</ele>
   </trkpt>
   <trkpt lat="4.8084290" lon="-75.7516600">
    <ele>1296.8</ele>
   </trkpt>
   <trkpt lat="4.8084290" lon="-75.7516600">
    <ele>1296.8</ele>
   </trkpt>
   <trkpt lat="4.8084290" lon="-75.7516600">
    <ele>1296.8</ele>
   </trkpt>
   <trkpt lat="4.8084290" lon="-75.7516600">
    <ele>1296.8</ele>
   </trkpt>
   <trkpt lat="4.8084290" lon="-75.7516600">
    <ele>1296.8</ele>
   </trkpt>
   <trkpt lat="4.8084290" lon="-75.7516600">
    <ele>1296.8</ele>
   </trkpt>
   <trkpt lat="4.8084290" lon="-75.7516600">
    <ele>1296.8</ele>
   </trkpt>
   <trkpt lat="4.8084290" lon="-75.7516600">
    <ele>1296.8</ele>
   </trkpt>
   <trkpt lat="4.8084290" lon="-75.7516600">
    <ele>1296.8</ele>
   </trkpt>
   <trkpt lat="4.8084290" lon="-75.7516600">
    <ele>1296.8</ele>
   </trkpt>
   <trkpt lat="4.8084290" lon="-75.7516600">
    <ele>1296.8</ele>
   </trkpt>
   <trkpt lat="4.8084290" lon="-75.7516600">
    <ele>1296.8</ele>
   </trkpt>
   <trkpt lat="4.8084290" lon="-75.7516600">
    <ele>1296.8</ele>
   </trkpt>
   <trkpt lat="4.8084290" lon="-75.7516600">
    <ele>1296.8</ele>
   </trkpt>
   <trkpt lat="4.8084290" lon="-75.7516600">
    <ele>1296.8</ele>
   </trkpt>
   <trkpt lat="4.8084290" lon="-75.7516600">
    <ele>1296.8</ele>
   </trkpt>
   <trkpt lat="4.8084290" lon="-75.7516600">
    <ele>1296.8</ele>
   </trkpt>
   <trkpt lat="4.8084290" lon="-75.7516600">
    <ele>1296.8</ele>
   </trkpt>
   <trkpt lat="4.8084290" lon="-75.7516600">
    <ele>1296.8</ele>
   </trkpt>
   <trkpt lat="4.8084290" lon="-75.7516600">
    <ele>1296.8</ele>
   </trkpt>
   <trkpt lat="4.8084290" lon="-75.7516600">
    <ele>1296.8</ele>
   </trkpt>
   <trkpt lat="4.8084290" lon="-75.7516600">
    <ele>1296.8</ele>
   </trkpt>
   <trkpt lat="4.8084290" lon="-75.7516600">
    <ele>1296.8</ele>
   </trkpt>
   <trkpt lat="4.8084290" lon="-75.7516600">
    <ele>1296.8</ele>
   </trkpt>
   <trkpt lat="4.8084290" lon="-75.7516600">
    <ele>1296.8</ele>
   </trkpt>
   <trkpt lat="4.8084290" lon="-75.7516600">
    <ele>1296.8</ele>
   </trkpt>
   <trkpt lat="4.8084290" lon="-75.7516600">
    <ele>1296.8</ele>
   </trkpt>
   <trkpt lat="4.8084290" lon="-75.7516600">
    <ele>1296.8</ele>
   </trkpt>
   <trkpt lat="4.8084290" lon="-75.7516600">
    <ele>1296.8</ele>
   </trkpt>
   <trkpt lat="4.8084290" lon="-75.7516600">
    <ele>1296.8</ele>
   </trkpt>
   <trkpt lat="4.8084290" lon="-75.7516600">
    <ele>1296.8</ele>
   </trkpt>
   <trkpt lat="4.8084290" lon="-75.7516600">
    <ele>1296.8</ele>
   </trkpt>
   <trkpt lat="4.8084290" lon="-75.7516600">
    <ele>1296.8</ele>
   </trkpt>
   <trkpt lat="4.8084290" lon="-75.7516600">
    <ele>1296.8</ele>
   </trkpt>
   <trkpt lat="4.8084290" lon="-75.7516600">
    <ele>1296.8</ele>
   </trkpt>
   <trkpt lat="4.8084290" lon="-75.7516600">
    <ele>1296.8</ele>
   </trkpt>
   <trkpt lat="4.8084290" lon="-75.7516600">
    <ele>1296.8</ele>
   </trkpt>
   <trkpt lat="4.8084290" lon="-75.7516600">
    <ele>1296.8</ele>
   </trkpt>
   <trkpt lat="4.8084290" lon="-75.7516600">
    <ele>1296.8</ele>
   </trkpt>
   <trkpt lat="4.8084290" lon="-75.7516600">
    <ele>1296.8</ele>
   </trkpt>
   <trkpt lat="4.8084290" lon="-75.7516600">
    <ele>1296.8</ele>
   </trkpt>
   <trkpt lat="4.8084290" lon="-75.7516600">
    <ele>1296.8</ele>
   </trkpt>
   <trkpt lat="4.8084290" lon="-75.7516600">
    <ele>1296.8</ele>
   </trkpt>
   <trkpt lat="4.8084290" lon="-75.7516600">
    <ele>1296.8</ele>
   </trkpt>
   <trkpt lat="4.8084290" lon="-75.7516600">
    <ele>1296.8</ele>
   </trkpt>
   <trkpt lat="4.8084290" lon="-75.7516600">
    <ele>1296.8</ele>
   </trkpt>
   <trkpt lat="4.8084290" lon="-75.7516600">
    <ele>1296.8</ele>
   </trkpt>
   <trkpt lat="4.8084290" lon="-75.7516600">
    <ele>1296.8</ele>
   </trkpt>
   <trkpt lat="4.8084290" lon="-75.7516600">
    <ele>1296.8</ele>
   </trkpt>
   <trkpt lat="4.8084290" lon="-75.7516600">
    <ele>1296.8</ele>
   </trkpt>
   <trkpt lat="4.8084290" lon="-75.7516600">
    <ele>1296.8</ele>
   </trkpt>
   <trkpt lat="4.8084290" lon="-75.7516600">
    <ele>1296.8</ele>
   </trkpt>
   <trkpt lat="4.8084290" lon="-75.7516600">
    <ele>1296.8</ele>
   </trkpt>
   <trkpt lat="4.8084290" lon="-75.7516600">
    <ele>1296.8</ele>
   </trkpt>
   <trkpt lat="4.8084290" lon="-75.7516600">
    <ele>1296.8</ele>
   </trkpt>
   <trkpt lat="4.8084290" lon="-75.7516600">
    <ele>1296.8</ele>
   </trkpt>
   <trkpt lat="4.8084290" lon="-75.7516600">
    <ele>1296.8</ele>
   </trkpt>
   <trkpt lat="4.8084290" lon="-75.7516600">
    <ele>1296.8</ele>
   </trkpt>
   <trkpt lat="4.8084290" lon="-75.7516600">
    <ele>1296.8</ele>
   </trkpt>
   <trkpt lat="4.8084290" lon="-75.7516600">
    <ele>1296.8</ele>
   </trkpt>
   <trkpt lat="4.8084290" lon="-75.7516600">
    <ele>1296.8</ele>
   </trkpt>
   <trkpt lat="4.8084290" lon="-75.7516600">
    <ele>1296.8</ele>
   </trkpt>
   <trkpt lat="4.8084290" lon="-75.7516600">
    <ele>1296.8</ele>
   </trkpt>
   <trkpt lat="4.8084290" lon="-75.7516600">
    <ele>1296.8</ele>
   </trkpt>
   <trkpt lat="4.8084290" lon="-75.7516600">
    <ele>1296.8</ele>
   </trkpt>
   <trkpt lat="4.8084290" lon="-75.7516600">
    <ele>1296.8</ele>
   </trkpt>
   <trkpt lat="4.8084290" lon="-75.7516600">
    <ele>1296.8</ele>
   </trkpt>
   <trkpt lat="4.8084290" lon="-75.7516600">
    <ele>1296.8</ele>
   </trkpt>
   <trkpt lat="4.8084290" lon="-75.7516600">
    <ele>1296.8</ele>
   </trkpt>
   <trkpt lat="4.8084290" lon="-75.7516600">
    <ele>1296.8</ele>
   </trkpt>
   <trkpt lat="4.8084290" lon="-75.7516600">
    <ele>1296.8</ele>
   </trkpt>
   <trkpt lat="4.8084290" lon="-75.7516600">
    <ele>1296.8</ele>
   </trkpt>
   <trkpt lat="4.8084290" lon="-75.7516600">
    <ele>1296.8</ele>
   </trkpt>
   <trkpt lat="4.8084290" lon="-75.7516600">
    <ele>1296.8</ele>
   </trkpt>
   <trkpt lat="4.8084290" lon="-75.7516600">
    <ele>1296.8</ele>
   </trkpt>
   <trkpt lat="4.8084290" lon="-75.7516600">
    <ele>1296.8</ele>
   </trkpt>
   <trkpt lat="4.8084290" lon="-75.7516600">
    <ele>1296.8</ele>
   </trkpt>
   <trkpt lat="4.8084290" lon="-75.7516600">
    <ele>1296.8</ele>
   </trkpt>
   <trkpt lat="4.8084290" lon="-75.7516600">
    <ele>1296.8</ele>
   </trkpt>
   <trkpt lat="4.8084290" lon="-75.7516600">
    <ele>1296.8</ele>
   </trkpt>
   <trkpt lat="4.8084290" lon="-75.7516600">
    <ele>1296.8</ele>
   </trkpt>
   <trkpt lat="4.8084290" lon="-75.7516600">
    <ele>1296.8</ele>
   </trkpt>
   <trkpt lat="4.8084290" lon="-75.7516600">
    <ele>1296.8</ele>
   </trkpt>
   <trkpt lat="4.8084290" lon="-75.7516600">
    <ele>1296.8</ele>
   </trkpt>
   <trkpt lat="4.8084290" lon="-75.7516600">
    <ele>1296.8</ele>
   </trkpt>
   <trkpt lat="4.8084290" lon="-75.7516600">
    <ele>1296.8</ele>
   </trkpt>
   <trkpt lat="4.8084290" lon="-75.7516600">
    <ele>1296.8</ele>
   </trkpt>
   <trkpt lat="4.8084290" lon="-75.7516600">
    <ele>1296.8</ele>
   </trkpt>
   <trkpt lat="4.8084290" lon="-75.7516600">
    <ele>1296.8</ele>
   </trkpt>
   <trkpt lat="4.8084290" lon="-75.7516600">
    <ele>1296.8</ele>
   </trkpt>
   <trkpt lat="4.8084290" lon="-75.7516600">
    <ele>1296.8</ele>
   </trkpt>
   <trkpt lat="4.8084290" lon="-75.7516600">
    <ele>1296.8</ele>
   </trkpt>
   <trkpt lat="4.8084290" lon="-75.7516600">
    <ele>1296.8</ele>
   </trkpt>
   <trkpt lat="4.8084290" lon="-75.7516600">
    <ele>1296.8</ele>
   </trkpt>
   <trkpt lat="4.8084290" lon="-75.7516600">
    <ele>1296.8</ele>
   </trkpt>
   <trkpt lat="4.8084290" lon="-75.7516600">
    <ele>1296.8</ele>
   </trkpt>
   <trkpt lat="4.8084290" lon="-75.7516600">
    <ele>1296.8</ele>
   </trkpt>
   <trkpt lat="4.8084290" lon="-75.7516600">
    <ele>1296.8</ele>
   </trkpt>
   <trkpt lat="4.8084290" lon="-75.7516600">
    <ele>1296.8</ele>
   </trkpt>
   <trkpt lat="4.8084290" lon="-75.7516600">
    <ele>1296.8</ele>
   </trkpt>
   <trkpt lat="4.8084290" lon="-75.7516600">
    <ele>1296.8</ele>
   </trkpt>
   <trkpt lat="4.8084290" lon="-75.7516600">
    <ele>1296.8</ele>
   </trkpt>
   <trkpt lat="4.8084290" lon="-75.7516600">
    <ele>1296.8</ele>
   </trkpt>
   <trkpt lat="4.8084290" lon="-75.7516600">
    <ele>1296.8</ele>
   </trkpt>
   <trkpt lat="4.8084290" lon="-75.7516600">
    <ele>1296.8</ele>
   </trkpt>
   <trkpt lat="4.8084290" lon="-75.7516600">
    <ele>1296.8</ele>
   </trkpt>
   <trkpt lat="4.8084290" lon="-75.7516600">
    <ele>1296.8</ele>
   </trkpt>
   <trkpt lat="4.8084290" lon="-75.7516600">
    <ele>1296.8</ele>
   </trkpt>
   <trkpt lat="4.8084290" lon="-75.7516600">
    <ele>1296.8</ele>
   </trkpt>
   <trkpt lat="4.8084290" lon="-75.7516600">
    <ele>1296.8</ele>
   </trkpt>
   <trkpt lat="4.8084290" lon="-75.7516600">
    <ele>1296.8</ele>
   </trkpt>
   <trkpt lat="4.8084290" lon="-75.7516600">
    <ele>1296.8</ele>
   </trkpt>
   <trkpt lat="4.8084290" lon="-75.7516600">
    <ele>1296.8</ele>
   </trkpt>
   <trkpt lat="4.8084290" lon="-75.7516600">
    <ele>1296.8</ele>
   </trkpt>
   <trkpt lat="4.8084290" lon="-75.7516600">
    <ele>1296.8</ele>
   </trkpt>
   <trkpt lat="4.8084290" lon="-75.7516600">
    <ele>1296.8</ele>
   </trkpt>
   <trkpt lat="4.8084290" lon="-75.7516600">
    <ele>1296.8</ele>
   </trkpt>
   <trkpt lat="4.8084290" lon="-75.7516600">
    <ele>1296.8</ele>
   </trkpt>
   <trkpt lat="4.8084290" lon="-75.7516600">
    <ele>1296.8</ele>
   </trkpt>
   <trkpt lat="4.8084290" lon="-75.7516600">
    <ele>1296.8</ele>
   </trkpt>
   <trkpt lat="4.8084290" lon="-75.7516600">
    <ele>1296.8</ele>
   </trkpt>
   <trkpt lat="4.8084290" lon="-75.7516600">
    <ele>1296.8</ele>
   </trkpt>
   <trkpt lat="4.8084290" lon="-75.7516600">
    <ele>1296.8</ele>
   </trkpt>
   <trkpt lat="4.8084290" lon="-75.7516600">
    <ele>1296.8</ele>
   </trkpt>
   <trkpt lat="4.8084290" lon="-75.7516600">
    <ele>1296.8</ele>
   </trkpt>
   <trkpt lat="4.8084290" lon="-75.7516600">
    <ele>1296.8</ele>
   </trkpt>
   <trkpt lat="4.8084290" lon="-75.7516600">
    <ele>1296.8</ele>
   </trkpt>
   <trkpt lat="4.8084290" lon="-75.7516600">
    <ele>1296.8</ele>
   </trkpt>
   <trkpt lat="4.8084290" lon="-75.7516600">
    <ele>1296.8</ele>
   </trkpt>
   <trkpt lat="4.8084290" lon="-75.7516600">
    <ele>1296.8</ele>
   </trkpt>
   <trkpt lat="4.8084290" lon="-75.7516600">
    <ele>1296.8</ele>
   </trkpt>
   <trkpt lat="4.8084290" lon="-75.7516600">
    <ele>1296.8</ele>
   </trkpt>
   <trkpt lat="4.8084290" lon="-75.7516600">
    <ele>1296.8</ele>
   </trkpt>
   <trkpt lat="4.8084290" lon="-75.7516600">
    <ele>1296.8</ele>
   </trkpt>
   <trkpt lat="4.8084290" lon="-75.7516600">
    <ele>1296.8</ele>
   </trkpt>
   <trkpt lat="4.8084290" lon="-75.7516600">
    <ele>1296.8</ele>
   </trkpt>
   <trkpt lat="4.8084290" lon="-75.7516600">
    <ele>1296.8</ele>
   </trkpt>
   <trkpt lat="4.8084290" lon="-75.7516600">
    <ele>1296.8</ele>
   </trkpt>
   <trkpt lat="4.8084290" lon="-75.7516600">
    <ele>1296.8</ele>
   </trkpt>
   <trkpt lat="4.8084290" lon="-75.7516600">
    <ele>1296.8</ele>
   </trkpt>
   <trkpt lat="4.8084290" lon="-75.7516600">
    <ele>1296.8</ele>
   </trkpt>
   <trkpt lat="4.8084290" lon="-75.7516600">
    <ele>1296.8</ele>
   </trkpt>
   <trkpt lat="4.8084290" lon="-75.7516600">
    <ele>1296.8</ele>
   </trkpt>
   <trkpt lat="4.8084290" lon="-75.7516600">
    <ele>1296.8</ele>
   </trkpt>
   <trkpt lat="4.8084290" lon="-75.7516600">
    <ele>1296.8</ele>
   </trkpt>
   <trkpt lat="4.8084290" lon="-75.7516600">
    <ele>1296.8</ele>
   </trkpt>
   <trkpt lat="4.8084290" lon="-75.7516600">
    <ele>1296.8</ele>
   </trkpt>
   <trkpt lat="4.8084290" lon="-75.7516600">
    <ele>1296.8</ele>
   </trkpt>
   <trkpt lat="4.8084290" lon="-75.7516600">
    <ele>1296.8</ele>
   </trkpt>
   <trkpt lat="4.8084290" lon="-75.7516600">
    <ele>1296.8</ele>
   </trkpt>
   <trkpt lat="4.8084290" lon="-75.7516600">
    <ele>1296.8</ele>
   </trkpt>
   <trkpt lat="4.8084290" lon="-75.7516600">
    <ele>1296.8</ele>
   </trkpt>
   <trkpt lat="4.8084290" lon="-75.7516600">
    <ele>1296.8</ele>
   </trkpt>
   <trkpt lat="4.8084290" lon="-75.7516600">
    <ele>1296.8</ele>
   </trkpt>
   <trkpt lat="4.8084290" lon="-75.7516600">
    <ele>1296.8</ele>
   </trkpt>
   <trkpt lat="4.8084290" lon="-75.7516600">
    <ele>1296.8</ele>
   </trkpt>
   <trkpt lat="4.8084290" lon="-75.7516600">
    <ele>1296.8</ele>
   </trkpt>
   <trkpt lat="4.8084290" lon="-75.7516600">
    <ele>1296.8</ele>
   </trkpt>
   <trkpt lat="4.8084290" lon="-75.7516600">
    <ele>1296.8</ele>
   </trkpt>
   <trkpt lat="4.8084290" lon="-75.7516600">
    <ele>1296.8</ele>
   </trkpt>
   <trkpt lat="4.8084290" lon="-75.7516600">
    <ele>1296.8</ele>
   </trkpt>
   <trkpt lat="4.8084290" lon="-75.7516600">
    <ele>1296.8</ele>
   </trkpt>
   <trkpt lat="4.8084290" lon="-75.7516600">
    <ele>1296.8</ele>
   </trkpt>
   <trkpt lat="4.8084290" lon="-75.7516600">
    <ele>1296.8</ele>
   </trkpt>
   <trkpt lat="4.8084290" lon="-75.7516600">
    <ele>1296.8</ele>
   </trkpt>
   <trkpt lat="4.8084290" lon="-75.7516600">
    <ele>1296.8</ele>
   </trkpt>
   <trkpt lat="4.8084290" lon="-75.7516600">
    <ele>1296.8</ele>
   </trkpt>
   <trkpt lat="4.8084290" lon="-75.7516600">
    <ele>1296.8</ele>
   </trkpt>
   <trkpt lat="4.8084290" lon="-75.7516600">
    <ele>1296.8</ele>
   </trkpt>
   <trkpt lat="4.8084290" lon="-75.7516600">
    <ele>1296.8</ele>
   </trkpt>
   <trkpt lat="4.8084290" lon="-75.7516600">
    <ele>1296.8</ele>
   </trkpt>
   <trkpt lat="4.8084290" lon="-75.7516600">
    <ele>1296.8</ele>
   </trkpt>
   <trkpt lat="4.8084290" lon="-75.7516600">
    <ele>1296.8</ele>
   </trkpt>
   <trkpt lat="4.8084290" lon="-75.7516600">
    <ele>1296.8</ele>
   </trkpt>
   <trkpt lat="4.8084290" lon="-75.7516600">
    <ele>1296.8</ele>
   </trkpt>
   <trkpt lat="4.8084290" lon="-75.7516600">
    <ele>1296.8</ele>
   </trkpt>
   <trkpt lat="4.8084290" lon="-75.7516600">
    <ele>1296.8</ele>
   </trkpt>
   <trkpt lat="4.8084290" lon="-75.7516600">
    <ele>1296.8</ele>
   </trkpt>
   <trkpt lat="4.8084290" lon="-75.7516600">
    <ele>1296.8</ele>
   </trkpt>
   <trkpt lat="4.8084290" lon="-75.7516600">
    <ele>1296.8</ele>
   </trkpt>
   <trkpt lat="4.8084290" lon="-75.7516600">
    <ele>1296.8</ele>
   </trkpt>
   <trkpt lat="4.8084290" lon="-75.7516600">
    <ele>1296.8</ele>
   </trkpt>
   <trkpt lat="4.8084290" lon="-75.7516600">
    <ele>1296.8</ele>
   </trkpt>
   <trkpt lat="4.8084290" lon="-75.7516600">
    <ele>1296.8</ele>
   </trkpt>
   <trkpt lat="4.8084290" lon="-75.7516600">
    <ele>1296.8</ele>
   </trkpt>
   <trkpt lat="4.8084290" lon="-75.7516600">
    <ele>1296.8</ele>
   </trkpt>
   <trkpt lat="4.8084290" lon="-75.7516600">
    <ele>1296.8</ele>
   </trkpt>
   <trkpt lat="4.8084290" lon="-75.7516600">
    <ele>1296.8</ele>
   </trkpt>
   <trkpt lat="4.8084290" lon="-75.7516600">
    <ele>1296.8</ele>
   </trkpt>
   <trkpt lat="4.8084290" lon="-75.7516600">
    <ele>1296.8</ele>
   </trkpt>
   <trkpt lat="4.8084290" lon="-75.7516600">
    <ele>1296.8</ele>
   </trkpt>
   <trkpt lat="4.8084290" lon="-75.7516600">
    <ele>1296.8</ele>
   </trkpt>
   <trkpt lat="4.8084290" lon="-75.7516600">
    <ele>1296.8</ele>
   </trkpt>
   <trkpt lat="4.8084290" lon="-75.7516600">
    <ele>1296.8</ele>
   </trkpt>
   <trkpt lat="4.8084290" lon="-75.7516600">
    <ele>1296.8</ele>
   </trkpt>
   <trkpt lat="4.8084290" lon="-75.7516600">
    <ele>1296.8</ele>
   </trkpt>
   <trkpt lat="4.8084290" lon="-75.7516600">
    <ele>1296.8</ele>
   </trkpt>
   <trkpt lat="4.8084290" lon="-75.7516600">
    <ele>1296.8</ele>
   </trkpt>
   <trkpt lat="4.8084290" lon="-75.7516600">
    <ele>1296.8</ele>
   </trkpt>
   <trkpt lat="4.8084290" lon="-75.7516600">
    <ele>1296.8</ele>
   </trkpt>
   <trkpt lat="4.8084290" lon="-75.7516600">
    <ele>1296.8</ele>
   </trkpt>
   <trkpt lat="4.8084290" lon="-75.7516600">
    <ele>1296.8</ele>
   </trkpt>
   <trkpt lat="4.8084290" lon="-75.7516600">
    <ele>1296.8</ele>
   </trkpt>
   <trkpt lat="4.8084290" lon="-75.7516600">
    <ele>1296.8</ele>
   </trkpt>
   <trkpt lat="4.8084290" lon="-75.7516600">
    <ele>1296.8</ele>
   </trkpt>
   <trkpt lat="4.8084290" lon="-75.7516600">
    <ele>1296.8</ele>
   </trkpt>
   <trkpt lat="4.8084290" lon="-75.7516600">
    <ele>1296.8</ele>
   </trkpt>
   <trkpt lat="4.8084290" lon="-75.7516600">
    <ele>1296.8</ele>
   </trkpt>
   <trkpt lat="4.8084290" lon="-75.7516600">
    <ele>1296.8</ele>
   </trkpt>
   <trkpt lat="4.8084290" lon="-75.7516600">
    <ele>1296.8</ele>
   </trkpt>
   <trkpt lat="4.8084290" lon="-75.7516600">
    <ele>1296.8</ele>
   </trkpt>
   <trkpt lat="4.8084290" lon="-75.7516600">
    <ele>1296.8</ele>
   </trkpt>
   <trkpt lat="4.8084290" lon="-75.7516600">
    <ele>1296.8</ele>
   </trkpt>
   <trkpt lat="4.8084290" lon="-75.7516600">
    <ele>1296.8</ele>
   </trkpt>
   <trkpt lat="4.8084290" lon="-75.7516600">
    <ele>1296.8</ele>
   </trkpt>
   <trkpt lat="4.8084290" lon="-75.7516600">
    <ele>1296.8</ele>
   </trkpt>
   <trkpt lat="4.8084290" lon="-75.7516600">
    <ele>1296.8</ele>
   </trkpt>
   <trkpt lat="4.8084290" lon="-75.7516600">
    <ele>1296.8</ele>
   </trkpt>
   <trkpt lat="4.8084290" lon="-75.7516600">
    <ele>1296.8</ele>
   </trkpt>
   <trkpt lat="4.8084290" lon="-75.7516600">
    <ele>1296.8</ele>
   </trkpt>
   <trkpt lat="4.8084290" lon="-75.7516600">
    <ele>1296.8</ele>
   </trkpt>
   <trkpt lat="4.8084290" lon="-75.7516600">
    <ele>1296.8</ele>
   </trkpt>
   <trkpt lat="4.8084290" lon="-75.7516600">
    <ele>1296.8</ele>
   </trkpt>
   <trkpt lat="4.8084290" lon="-75.7516600">
    <ele>1296.8</ele>
   </trkpt>
   <trkpt lat="4.8084290" lon="-75.7516600">
    <ele>1296.8</ele>
   </trkpt>
   <trkpt lat="4.8084290" lon="-75.7516600">
    <ele>1296.8</ele>
   </trkpt>
   <trkpt lat="4.8084290" lon="-75.7516600">
    <ele>1296.8</ele>
   </trkpt>
   <trkpt lat="4.8084290" lon="-75.7516600">
    <ele>1296.8</ele>
   </trkpt>
   <trkpt lat="4.8084290" lon="-75.7516600">
    <ele>1296.8</ele>
   </trkpt>
   <trkpt lat="4.8084290" lon="-75.7516600">
    <ele>1296.8</ele>
   </trkpt>
   <trkpt lat="4.8084290" lon="-75.7516600">
    <ele>1296.8</ele>
   </trkpt>
   <trkpt lat="4.8084290" lon="-75.7516600">
    <ele>1296.8</ele>
   </trkpt>
   <trkpt lat="4.8084290" lon="-75.7516600">
    <ele>1296.8</ele>
   </trkpt>
   <trkpt lat="4.8084290" lon="-75.7516600">
    <ele>1296.8</ele>
   </trkpt>
   <trkpt lat="4.8084290" lon="-75.7516600">
    <ele>1296.8</ele>
   </trkpt>
   <trkpt lat="4.8084290" lon="-75.7516600">
    <ele>1296.8</ele>
   </trkpt>
   <trkpt lat="4.8084290" lon="-75.7516600">
    <ele>1296.8</ele>
   </trkpt>
   <trkpt lat="4.8084290" lon="-75.7516600">
    <ele>1296.8</ele>
   </trkpt>
   <trkpt lat="4.8084290" lon="-75.7516600">
    <ele>1296.8</ele>
   </trkpt>
   <trkpt lat="4.8084290" lon="-75.7516600">
    <ele>1296.8</ele>
   </trkpt>
   <trkpt lat="4.8084290" lon="-75.7516600">
    <ele>1296.8</ele>
   </trkpt>
   <trkpt lat="4.8084290" lon="-75.7516600">
    <ele>1296.8</ele>
   </trkpt>
   <trkpt lat="4.8084290" lon="-75.7516600">
    <ele>1296.8</ele>
   </trkpt>
   <trkpt lat="4.8084290" lon="-75.7516600">
    <ele>1296.8</ele>
   </trkpt>
   <trkpt lat="4.8084290" lon="-75.7516600">
    <ele>1296.8</ele>
   </trkpt>
   <trkpt lat="4.8084290" lon="-75.7516600">
    <ele>1296.8</ele>
   </trkpt>
   <trkpt lat="4.8084290" lon="-75.7516600">
    <ele>1296.8</ele>
   </trkpt>
   <trkpt lat="4.8084290" lon="-75.7516600">
    <ele>1296.8</ele>
   </trkpt>
   <trkpt lat="4.8084290" lon="-75.7516600">
    <ele>1296.8</ele>
   </trkpt>
   <trkpt lat="4.8084290" lon="-75.7516600">
    <ele>1296.8</ele>
   </trkpt>
   <trkpt lat="4.8084290" lon="-75.7516600">
    <ele>1296.8</ele>
   </trkpt>
   <trkpt lat="4.8084290" lon="-75.7516600">
    <ele>1296.8</ele>
   </trkpt>
   <trkpt lat="4.8084290" lon="-75.7516600">
    <ele>1296.8</ele>
   </trkpt>
   <trkpt lat="4.8084290" lon="-75.7516600">
    <ele>1296.8</ele>
   </trkpt>
   <trkpt lat="4.8084290" lon="-75.7516600">
    <ele>1296.8</ele>
   </trkpt>
   <trkpt lat="4.8084290" lon="-75.7516600">
    <ele>1296.8</ele>
   </trkpt>
   <trkpt lat="4.8084290" lon="-75.7516600">
    <ele>1296.8</ele>
   </trkpt>
   <trkpt lat="4.8084290" lon="-75.7516600">
    <ele>1296.8</ele>
   </trkpt>
   <trkpt lat="4.8084290" lon="-75.7516600">
    <ele>1296.8</ele>
   </trkpt>
   <trkpt lat="4.8084290" lon="-75.7516600">
    <ele>1296.8</ele>
   </trkpt>
   <trkpt lat="4.8084290" lon="-75.7516600">
    <ele>1296.8</ele>
   </trkpt>
   <trkpt lat="4.8084290" lon="-75.7516600">
    <ele>1296.8</ele>
   </trkpt>
   <trkpt lat="4.8084290" lon="-75.7516600">
    <ele>1296.8</ele>
   </trkpt>
   <trkpt lat="4.8084290" lon="-75.7516600">
    <ele>1296.8</ele>
   </trkpt>
   <trkpt lat="4.8084290" lon="-75.7516600">
    <ele>1296.8</ele>
   </trkpt>
   <trkpt lat="4.8084290" lon="-75.7516600">
    <ele>1296.8</ele>
   </trkpt>
   <trkpt lat="4.8084290" lon="-75.7516600">
    <ele>1296.8</ele>
   </trkpt>
   <trkpt lat="4.8084290" lon="-75.7516600">
    <ele>1296.8</ele>
   </trkpt>
   <trkpt lat="4.8084290" lon="-75.7516600">
    <ele>1296.8</ele>
   </trkpt>
   <trkpt lat="4.8084290" lon="-75.7516600">
    <ele>1296.8</ele>
   </trkpt>
   <trkpt lat="4.8084290" lon="-75.7516600">
    <ele>1296.8</ele>
   </trkpt>
   <trkpt lat="4.8084290" lon="-75.7516600">
    <ele>1296.8</ele>
   </trkpt>
   <trkpt lat="4.8084290" lon="-75.7516600">
    <ele>1296.8</ele>
   </trkpt>
   <trkpt lat="4.8084290" lon="-75.7516600">
    <ele>1296.8</ele>
   </trkpt>
   <trkpt lat="4.8084290" lon="-75.7516600">
    <ele>1296.8</ele>
   </trkpt>
   <trkpt lat="4.8084290" lon="-75.7516600">
    <ele>1296.8</ele>
   </trkpt>
   <trkpt lat="4.8084290" lon="-75.7516600">
    <ele>1296.8</ele>
   </trkpt>
   <trkpt lat="4.8084290" lon="-75.7516600">
    <ele>1296.8</ele>
   </trkpt>
   <trkpt lat="4.8084290" lon="-75.7516600">
    <ele>1296.8</ele>
   </trkpt>
   <trkpt lat="4.8084290" lon="-75.7516600">
    <ele>1296.8</ele>
   </trkpt>
   <trkpt lat="4.8084290" lon="-75.7516600">
    <ele>1296.8</ele>
   </trkpt>
   <trkpt lat="4.8084290" lon="-75.7516600">
    <ele>1296.8</ele>
   </trkpt>
   <trkpt lat="4.8084290" lon="-75.7516600">
    <ele>1296.8</ele>
   </trkpt>
   <trkpt lat="4.8084290" lon="-75.7516600">
    <ele>1296.8</ele>
   </trkpt>
   <trkpt lat="4.8084290" lon="-75.7516600">
    <ele>1296.8</ele>
   </trkpt>
   <trkpt lat="4.8084290" lon="-75.7516600">
    <ele>1296.8</ele>
   </trkpt>
   <trkpt lat="4.8084290" lon="-75.7516600">
    <ele>1296.8</ele>
   </trkpt>
   <trkpt lat="4.8084290" lon="-75.7516600">
    <ele>1296.8</ele>
   </trkpt>
   <trkpt lat="4.8084290" lon="-75.7516600">
    <ele>1296.8</ele>
   </trkpt>
   <trkpt lat="4.8084290" lon="-75.7516600">
    <ele>1296.8</ele>
   </trkpt>
   <trkpt lat="4.8084290" lon="-75.7516600">
    <ele>1296.8</ele>
   </trkpt>
   <trkpt lat="4.8084290" lon="-75.7516600">
    <ele>1296.8</ele>
   </trkpt>
   <trkpt lat="4.8084290" lon="-75.7516600">
    <ele>1296.8</ele>
   </trkpt>
   <trkpt lat="4.8084290" lon="-75.7516600">
    <ele>1296.8</ele>
   </trkpt>
   <trkpt lat="4.8084290" lon="-75.7516600">
    <ele>1296.8</ele>
   </trkpt>
   <trkpt lat="4.8084290" lon="-75.7516600">
    <ele>1296.8</ele>
   </trkpt>
   <trkpt lat="4.8084290" lon="-75.7516600">
    <ele>1296.8</ele>
   </trkpt>
   <trkpt lat="4.8084290" lon="-75.7516600">
    <ele>1296.8</ele>
   </trkpt>
   <trkpt lat="4.8084290" lon="-75.7516600">
    <ele>1296.8</ele>
   </trkpt>
   <trkpt lat="4.8084290" lon="-75.7516600">
    <ele>1296.8</ele>
   </trkpt>
   <trkpt lat="4.8084290" lon="-75.7516600">
    <ele>1296.8</ele>
   </trkpt>
   <trkpt lat="4.8084290" lon="-75.7516600">
    <ele>1296.8</ele>
   </trkpt>
   <trkpt lat="4.8084290" lon="-75.7516600">
    <ele>1296.8</ele>
   </trkpt>
   <trkpt lat="4.8084290" lon="-75.7516600">
    <ele>1296.8</ele>
   </trkpt>
   <trkpt lat="4.8084290" lon="-75.7516600">
    <ele>1296.8</ele>
   </trkpt>
   <trkpt lat="4.8084290" lon="-75.7516600">
    <ele>1296.8</ele>
   </trkpt>
   <trkpt lat="4.8084290" lon="-75.7516600">
    <ele>1296.8</ele>
   </trkpt>
   <trkpt lat="4.8084290" lon="-75.7516600">
    <ele>1296.8</ele>
   </trkpt>
   <trkpt lat="4.8084290" lon="-75.7516600">
    <ele>1296.8</ele>
   </trkpt>
   <trkpt lat="4.8084290" lon="-75.7516600">
    <ele>1296.8</ele>
   </trkpt>
   <trkpt lat="4.8084290" lon="-75.7516600">
    <ele>1296.8</ele>
   </trkpt>
   <trkpt lat="4.8084290" lon="-75.7516600">
    <ele>1296.8</ele>
   </trkpt>
   <trkpt lat="4.8084290" lon="-75.7516600">
    <ele>1296.8</ele>
   </trkpt>
   <trkpt lat="4.8084290" lon="-75.7516600">
    <ele>1296.8</ele>
   </trkpt>
   <trkpt lat="4.8084290" lon="-75.7516600">
    <ele>1296.8</ele>
   </trkpt>
   <trkpt lat="4.8084290" lon="-75.7516600">
    <ele>1296.8</ele>
   </trkpt>
   <trkpt lat="4.8084290" lon="-75.7516600">
    <ele>1296.8</ele>
   </trkpt>
   <trkpt lat="4.8084290" lon="-75.7516600">
    <ele>1296.8</ele>
   </trkpt>
   <trkpt lat="4.8084290" lon="-75.7516600">
    <ele>1296.8</ele>
   </trkpt>
   <trkpt lat="4.8084290" lon="-75.7516600">
    <ele>1296.8</ele>
   </trkpt>
   <trkpt lat="4.8084290" lon="-75.7516600">
    <ele>1296.8</ele>
   </trkpt>
   <trkpt lat="4.8084290" lon="-75.7516600">
    <ele>1296.8</ele>
   </trkpt>
   <trkpt lat="4.8084290" lon="-75.7516600">
    <ele>1296.8</ele>
   </trkpt>
   <trkpt lat="4.8084290" lon="-75.7516600">
    <ele>1296.8</ele>
   </trkpt>
   <trkpt lat="4.8084290" lon="-75.7516600">
    <ele>1296.8</ele>
   </trkpt>
   <trkpt lat="4.8084290" lon="-75.7516600">
    <ele>1296.8</ele>
   </trkpt>
   <trkpt lat="4.8084290" lon="-75.7516600">
    <ele>1296.8</ele>
   </trkpt>
   <trkpt lat="4.8084290" lon="-75.7516600">
    <ele>1296.8</ele>
   </trkpt>
   <trkpt lat="4.8084290" lon="-75.7516600">
    <ele>1296.8</ele>
   </trkpt>
   <trkpt lat="4.8084290" lon="-75.7516600">
    <ele>1296.8</ele>
   </trkpt>
   <trkpt lat="4.8084290" lon="-75.7516600">
    <ele>1296.8</ele>
   </trkpt>
   <trkpt lat="4.8084290" lon="-75.7516600">
    <ele>1296.8</ele>
   </trkpt>
   <trkpt lat="4.8084290" lon="-75.7516600">
    <ele>1296.8</ele>
   </trkpt>
   <trkpt lat="4.8084290" lon="-75.7516600">
    <ele>1296.8</ele>
   </trkpt>
   <trkpt lat="4.8084290" lon="-75.7516600">
    <ele>1296.8</ele>
   </trkpt>
   <trkpt lat="4.8084290" lon="-75.7516600">
    <ele>1296.8</ele>
   </trkpt>
   <trkpt lat="4.8084290" lon="-75.7516600">
    <ele>1296.8</ele>
   </trkpt>
   <trkpt lat="4.8084290" lon="-75.7516600">
    <ele>1296.8</ele>
   </trkpt>
   <trkpt lat="4.8084290" lon="-75.7516600">
    <ele>1296.8</ele>
   </trkpt>
   <trkpt lat="4.8084290" lon="-75.7516600">
    <ele>1296.8</ele>
   </trkpt>
   <trkpt lat="4.8084290" lon="-75.7516600">
    <ele>1296.8</ele>
   </trkpt>
   <trkpt lat="4.8084290" lon="-75.7516600">
    <ele>1296.8</ele>
   </trkpt>
   <trkpt lat="4.8084290" lon="-75.7516600">
    <ele>1296.8</ele>
   </trkpt>
   <trkpt lat="4.8084290" lon="-75.7516600">
    <ele>1296.8</ele>
   </trkpt>
   <trkpt lat="4.8084290" lon="-75.7516600">
    <ele>1296.8</ele>
   </trkpt>
   <trkpt lat="4.8084290" lon="-75.7516600">
    <ele>1296.8</ele>
   </trkpt>
   <trkpt lat="4.8084290" lon="-75.7516600">
    <ele>1296.8</ele>
   </trkpt>
   <trkpt lat="4.8084290" lon="-75.7516600">
    <ele>1296.8</ele>
   </trkpt>
   <trkpt lat="4.8084290" lon="-75.7516600">
    <ele>1296.8</ele>
   </trkpt>
   <trkpt lat="4.8084290" lon="-75.7516600">
    <ele>1296.8</ele>
   </trkpt>
   <trkpt lat="4.8084290" lon="-75.7516600">
    <ele>1296.8</ele>
   </trkpt>
   <trkpt lat="4.8084290" lon="-75.7516600">
    <ele>1296.8</ele>
   </trkpt>
   <trkpt lat="4.8084290" lon="-75.7516600">
    <ele>1296.8</ele>
   </trkpt>
   <trkpt lat="4.8084290" lon="-75.7516600">
    <ele>1296.8</ele>
   </trkpt>
   <trkpt lat="4.8084290" lon="-75.7516600">
    <ele>1296.8</ele>
   </trkpt>
   <trkpt lat="4.8084290" lon="-75.7516600">
    <ele>1296.8</ele>
   </trkpt>
   <trkpt lat="4.8084290" lon="-75.7516600">
    <ele>1296.8</ele>
   </trkpt>
   <trkpt lat="4.8084290" lon="-75.7516600">
    <ele>1296.8</ele>
   </trkpt>
   <trkpt lat="4.8084290" lon="-75.7516600">
    <ele>1296.8</ele>
   </trkpt>
   <trkpt lat="4.8084290" lon="-75.7516600">
    <ele>1296.8</ele>
   </trkpt>
   <trkpt lat="4.8084290" lon="-75.7516600">
    <ele>1296.8</ele>
   </trkpt>
   <trkpt lat="4.8084290" lon="-75.7516600">
    <ele>1296.8</ele>
   </trkpt>
   <trkpt lat="4.8084290" lon="-75.7516600">
    <ele>1296.8</ele>
   </trkpt>
   <trkpt lat="4.8084290" lon="-75.7516600">
    <ele>1296.8</ele>
   </trkpt>
   <trkpt lat="4.8084290" lon="-75.7516600">
    <ele>1296.8</ele>
   </trkpt>
   <trkpt lat="4.8084290" lon="-75.7516600">
    <ele>1296.8</ele>
   </trkpt>
   <trkpt lat="4.8084290" lon="-75.7516600">
    <ele>1296.8</ele>
   </trkpt>
   <trkpt lat="4.8084290" lon="-75.7516600">
    <ele>1296.8</ele>
   </trkpt>
   <trkpt lat="4.8084290" lon="-75.7516600">
    <ele>1296.8</ele>
   </trkpt>
   <trkpt lat="4.8084290" lon="-75.7516600">
    <ele>1296.8</ele>
   </trkpt>
   <trkpt lat="4.8084290" lon="-75.7516600">
    <ele>1296.8</ele>
   </trkpt>
   <trkpt lat="4.8084290" lon="-75.7516600">
    <ele>1296.8</ele>
   </trkpt>
   <trkpt lat="4.8084290" lon="-75.7516600">
    <ele>1296.8</ele>
   </trkpt>
   <trkpt lat="4.8084290" lon="-75.7516600">
    <ele>1296.8</ele>
   </trkpt>
   <trkpt lat="4.8084290" lon="-75.7516600">
    <ele>1296.8</ele>
   </trkpt>
   <trkpt lat="4.8084290" lon="-75.7516600">
    <ele>1296.8</ele>
   </trkpt>
   <trkpt lat="4.8084290" lon="-75.7516600">
    <ele>1296.8</ele>
   </trkpt>
   <trkpt lat="4.8084290" lon="-75.7516600">
    <ele>1296.8</ele>
   </trkpt>
   <trkpt lat="4.8084290" lon="-75.7516600">
    <ele>1296.8</ele>
   </trkpt>
   <trkpt lat="4.8084290" lon="-75.7516600">
    <ele>1296.8</ele>
   </trkpt>
   <trkpt lat="4.8084290" lon="-75.7516600">
    <ele>1296.8</ele>
   </trkpt>
   <trkpt lat="4.8084290" lon="-75.7516600">
    <ele>1296.8</ele>
   </trkpt>
   <trkpt lat="4.8084290" lon="-75.7516600">
    <ele>1296.8</ele>
   </trkpt>
   <trkpt lat="4.8084290" lon="-75.7516600">
    <ele>1296.8</ele>
   </trkpt>
   <trkpt lat="4.8084290" lon="-75.7516600">
    <ele>1296.8</ele>
   </trkpt>
   <trkpt lat="4.8084290" lon="-75.7516600">
    <ele>1296.8</ele>
   </trkpt>
   <trkpt lat="4.8084290" lon="-75.7516600">
    <ele>1296.8</ele>
   </trkpt>
   <trkpt lat="4.8084290" lon="-75.7516600">
    <ele>1296.8</ele>
   </trkpt>
   <trkpt lat="4.8084290" lon="-75.7516600">
    <ele>1296.8</ele>
   </trkpt>
   <trkpt lat="4.8084290" lon="-75.7516600">
    <ele>1296.8</ele>
   </trkpt>
   <trkpt lat="4.8084290" lon="-75.7516600">
    <ele>1296.8</ele>
   </trkpt>
   <trkpt lat="4.8084290" lon="-75.7516600">
    <ele>1296.8</ele>
   </trkpt>
   <trkpt lat="4.8084290" lon="-75.7516600">
    <ele>1296.8</ele>
   </trkpt>
   <trkpt lat="4.8084290" lon="-75.7516600">
    <ele>1296.8</ele>
   </trkpt>
   <trkpt lat="4.8084290" lon="-75.7516600">
    <ele>1296.8</ele>
   </trkpt>
   <trkpt lat="4.8084290" lon="-75.7516600">
    <ele>1296.8</ele>
   </trkpt>
   <trkpt lat="4.8084290" lon="-75.7516600">
    <ele>1296.8</ele>
   </trkpt>
   <trkpt lat="4.8084290" lon="-75.7516600">
    <ele>1296.8</ele>
   </trkpt>
   <trkpt lat="4.8084290" lon="-75.7516600">
    <ele>1296.8</ele>
   </trkpt>
   <trkpt lat="4.8084290" lon="-75.7516600">
    <ele>1296.8</ele>
   </trkpt>
   <trkpt lat="4.8084290" lon="-75.7516600">
    <ele>1296.8</ele>
   </trkpt>
   <trkpt lat="4.8084290" lon="-75.7516600">
    <ele>1296.8</ele>
   </trkpt>
   <trkpt lat="4.8084290" lon="-75.7516600">
    <ele>1296.8</ele>
   </trkpt>
   <trkpt lat="4.8084290" lon="-75.7516600">
    <ele>1296.8</ele>
   </trkpt>
   <trkpt lat="4.8084290" lon="-75.7516600">
    <ele>1296.8</ele>
   </trkpt>
   <trkpt lat="4.8084290" lon="-75.7516600">
    <ele>1296.8</ele>
   </trkpt>
   <trkpt lat="4.8084290" lon="-75.7516600">
    <ele>1296.8</ele>
   </trkpt>
   <trkpt lat="4.8084290" lon="-75.7516600">
    <ele>1296.8</ele>
   </trkpt>
   <trkpt lat="4.8084290" lon="-75.7516600">
    <ele>1296.8</ele>
   </trkpt>
   <trkpt lat="4.8084290" lon="-75.7516600">
    <ele>1296.8</ele>
   </trkpt>
   <trkpt lat="4.8084290" lon="-75.7516600">
    <ele>1296.8</ele>
   </trkpt>
   <trkpt lat="4.8084290" lon="-75.7516600">
    <ele>1296.8</ele>
   </trkpt>
   <trkpt lat="4.8084290" lon="-75.7516600">
    <ele>1296.8</ele>
   </trkpt>
   <trkpt lat="4.8084290" lon="-75.7516600">
    <ele>1296.8</ele>
   </trkpt>
   <trkpt lat="4.8084290" lon="-75.7516600">
    <ele>1296.8</ele>
   </trkpt>
   <trkpt lat="4.8084290" lon="-75.7516600">
    <ele>1296.8</ele>
   </trkpt>
   <trkpt lat="4.8084290" lon="-75.7516600">
    <ele>1296.8</ele>
   </trkpt>
   <trkpt lat="4.8084290" lon="-75.7516600">
    <ele>1296.8</ele>
   </trkpt>
   <trkpt lat="4.8084290" lon="-75.7516600">
    <ele>1296.8</ele>
   </trkpt>
   <trkpt lat="4.8084290" lon="-75.7516600">
    <ele>1296.8</ele>
   </trkpt>
   <trkpt lat="4.8084290" lon="-75.7516600">
    <ele>1296.8</ele>
   </trkpt>
   <trkpt lat="4.8084290" lon="-75.7516600">
    <ele>1296.8</ele>
   </trkpt>
   <trkpt lat="4.8084290" lon="-75.7516600">
    <ele>1296.8</ele>
   </trkpt>
   <trkpt lat="4.8084290" lon="-75.7516600">
    <ele>1296.8</ele>
   </trkpt>
   <trkpt lat="4.8084290" lon="-75.7516600">
    <ele>1296.8</ele>
   </trkpt>
   <trkpt lat="4.8084290" lon="-75.7516600">
    <ele>1296.8</ele>
   </trkpt>
   <trkpt lat="4.8084290" lon="-75.7516600">
    <ele>1296.8</ele>
   </trkpt>
   <trkpt lat="4.8084290" lon="-75.7516600">
    <ele>1296.8</ele>
   </trkpt>
   <trkpt lat="4.8084290" lon="-75.7516600">
    <ele>1296.8</ele>
   </trkpt>
   <trkpt lat="4.8084290" lon="-75.7516600">
    <ele>1296.8</ele>
   </trkpt>
   <trkpt lat="4.8084290" lon="-75.7516600">
    <ele>1296.8</ele>
   </trkpt>
   <trkpt lat="4.8084290" lon="-75.7516600">
    <ele>1296.8</ele>
   </trkpt>
   <trkpt lat="4.8084290" lon="-75.7516600">
    <ele>1296.8</ele>
   </trkpt>
   <trkpt lat="4.8084290" lon="-75.7516600">
    <ele>1296.8</ele>
   </trkpt>
   <trkpt lat="4.8084290" lon="-75.7516600">
    <ele>1296.8</ele>
   </trkpt>
   <trkpt lat="4.8084290" lon="-75.7516600">
    <ele>1296.8</ele>
   </trkpt>
   <trkpt lat="4.8084290" lon="-75.7516600">
    <ele>1296.8</ele>
   </trkpt>
   <trkpt lat="4.8084290" lon="-75.7516600">
    <ele>1296.8</ele>
   </trkpt>
   <trkpt lat="4.8084290" lon="-75.7516600">
    <ele>1296.8</ele>
   </trkpt>
   <trkpt lat="4.8084290" lon="-75.7516600">
    <ele>1296.8</ele>
   </trkpt>
   <trkpt lat="4.8084290" lon="-75.7516600">
    <ele>1296.8</ele>
   </trkpt>
   <trkpt lat="4.8084290" lon="-75.7516600">
    <ele>1296.8</ele>
   </trkpt>
   <trkpt lat="4.8084290" lon="-75.7516600">
    <ele>1296.8</ele>
   </trkpt>
   <trkpt lat="4.8084290" lon="-75.7516600">
    <ele>1296.8</ele>
   </trkpt>
   <trkpt lat="4.8084290" lon="-75.7516600">
    <ele>1296.8</ele>
   </trkpt>
   <trkpt lat="4.8084290" lon="-75.7516600">
    <ele>1296.8</ele>
   </trkpt>
   <trkpt lat="4.8084290" lon="-75.7516600">
    <ele>1296.8</ele>
   </trkpt>
   <trkpt lat="4.8084290" lon="-75.7516600">
    <ele>1296.8</ele>
   </trkpt>
   <trkpt lat="4.8084290" lon="-75.7516600">
    <ele>1296.8</ele>
   </trkpt>
   <trkpt lat="4.8084290" lon="-75.7516600">
    <ele>1296.8</ele>
   </trkpt>
   <trkpt lat="4.8084290" lon="-75.7516600">
    <ele>1296.8</ele>
   </trkpt>
   <trkpt lat="4.8084290" lon="-75.7516600">
    <ele>1296.8</ele>
   </trkpt>
   <trkpt lat="4.8084290" lon="-75.7516600">
    <ele>1296.8</ele>
   </trkpt>
   <trkpt lat="4.8084290" lon="-75.7516600">
    <ele>1296.8</ele>
   </trkpt>
   <trkpt lat="4.8084290" lon="-75.7516600">
    <ele>1296.8</ele>
   </trkpt>
   <trkpt lat="4.8084290" lon="-75.7516600">
    <ele>1296.8</ele>
   </trkpt>
   <trkpt lat="4.8084290" lon="-75.7516600">
    <ele>1296.8</ele>
   </trkpt>
   <trkpt lat="4.8084290" lon="-75.7516600">
    <ele>1296.8</ele>
   </trkpt>
   <trkpt lat="4.8084290" lon="-75.7516600">
    <ele>1296.8</ele>
   </trkpt>
   <trkpt lat="4.8084290" lon="-75.7516600">
    <ele>1296.8</ele>
   </trkpt>
   <trkpt lat="4.8084290" lon="-75.7516600">
    <ele>1296.8</ele>
   </trkpt>
   <trkpt lat="4.8084290" lon="-75.7516600">
    <ele>1296.8</ele>
   </trkpt>
   <trkpt lat="4.8084290" lon="-75.7516600">
    <ele>1296.8</ele>
   </trkpt>
   <trkpt lat="4.8084290" lon="-75.7516600">
    <ele>1296.8</ele>
   </trkpt>
   <trkpt lat="4.8084290" lon="-75.7516600">
    <ele>1296.8</ele>
   </trkpt>
   <trkpt lat="4.8084290" lon="-75.7516600">
    <ele>1296.8</ele>
   </trkpt>
   <trkpt lat="4.8084290" lon="-75.7516600">
    <ele>1296.8</ele>
   </trkpt>
   <trkpt lat="4.8084290" lon="-75.7516600">
    <ele>1296.8</ele>
   </trkpt>
   <trkpt lat="4.8084290" lon="-75.7516600">
    <ele>1296.8</ele>
   </trkpt>
   <trkpt lat="4.8084290" lon="-75.7516600">
    <ele>1296.8</ele>
   </trkpt>
   <trkpt lat="4.8084290" lon="-75.7516600">
    <ele>1296.8</ele>
   </trkpt>
   <trkpt lat="4.8084290" lon="-75.7516600">
    <ele>1296.8</ele>
   </trkpt>
   <trkpt lat="4.8084290" lon="-75.7516600">
    <ele>1296.8</ele>
   </trkpt>
   <trkpt lat="4.8084290" lon="-75.7516600">
    <ele>1296.8</ele>
   </trkpt>
   <trkpt lat="4.8084290" lon="-75.7516600">
    <ele>1296.8</ele>
   </trkpt>
   <trkpt lat="4.8084290" lon="-75.7516600">
    <ele>1296.8</ele>
   </trkpt>
   <trkpt lat="4.8084290" lon="-75.7516600">
    <ele>1296.8</ele>
   </trkpt>
   <trkpt lat="4.8084290" lon="-75.7516600">
    <ele>1296.8</ele>
   </trkpt>
   <trkpt lat="4.8084290" lon="-75.7516600">
    <ele>1296.8</ele>
   </trkpt>
   <trkpt lat="4.8084290" lon="-75.7516600">
    <ele>1296.8</ele>
   </trkpt>
   <trkpt lat="4.8084290" lon="-75.7516600">
    <ele>1296.8</ele>
   </trkpt>
   <trkpt lat="4.8084290" lon="-75.7516600">
    <ele>1296.8</ele>
   </trkpt>
   <trkpt lat="4.8084290" lon="-75.7516600">
    <ele>1296.8</ele>
   </trkpt>
   <trkpt lat="4.8084290" lon="-75.7516600">
    <ele>1296.8</ele>
   </trkpt>
   <trkpt lat="4.8084290" lon="-75.7516600">
    <ele>1296.8</ele>
   </trkpt>
   <trkpt lat="4.8084290" lon="-75.7516600">
    <ele>1296.8</ele>
   </trkpt>
   <trkpt lat="4.8084290" lon="-75.7516600">
    <ele>1296.8</ele>
   </trkpt>
   <trkpt lat="4.8084290" lon="-75.7516600">
    <ele>1296.8</ele>
   </trkpt>
   <trkpt lat="4.8084290" lon="-75.7516600">
    <ele>1296.8</ele>
   </trkpt>
   <trkpt lat="4.8084290" lon="-75.7516600">
    <ele>1296.8</ele>
   </trkpt>
   <trkpt lat="4.8084290" lon="-75.7516600">
    <ele>1296.8</ele>
   </trkpt>
   <trkpt lat="4.8084290" lon="-75.7516600">
    <ele>1296.8</ele>
   </trkpt>
   <trkpt lat="4.8084290" lon="-75.7516600">
    <ele>1296.8</ele>
   </trkpt>
   <trkpt lat="4.8084290" lon="-75.7516600">
    <ele>1296.8</ele>
   </trkpt>
   <trkpt lat="4.8084290" lon="-75.7516600">
    <ele>1296.8</ele>
   </trkpt>
   <trkpt lat="4.8084290" lon="-75.7516600">
    <ele>1296.8</ele>
   </trkpt>
   <trkpt lat="4.8084290" lon="-75.7516600">
    <ele>1296.8</ele>
   </trkpt>
   <trkpt lat="4.8084290" lon="-75.7516600">
    <ele>1296.8</ele>
   </trkpt>
   <trkpt lat="4.8084290" lon="-75.7516600">
    <ele>1296.8</ele>
   </trkpt>
   <trkpt lat="4.8084290" lon="-75.7516600">
    <ele>1296.8</ele>
   </trkpt>
   <trkpt lat="4.8084290" lon="-75.7516600">
    <ele>1296.8</ele>
   </trkpt>
   <trkpt lat="4.8084290" lon="-75.7516600">
    <ele>1296.8</ele>
   </trkpt>
   <trkpt lat="4.8084290" lon="-75.7516600">
    <ele>1296.8</ele>
   </trkpt>
   <trkpt lat="4.8084290" lon="-75.7516600">
    <ele>1296.8</ele>
   </trkpt>
   <trkpt lat="4.8084290" lon="-75.7516600">
    <ele>1296.8</ele>
   </trkpt>
   <trkpt lat="4.8084290" lon="-75.7516600">
    <ele>1296.8</ele>
   </trkpt>
   <trkpt lat="4.8084290" lon="-75.7516600">
    <ele>1296.8</ele>
   </trkpt>
   <trkpt lat="4.8084290" lon="-75.7516600">
    <ele>1296.8</ele>
   </trkpt>
   <trkpt lat="4.8084290" lon="-75.7516600">
    <ele>1296.8</ele>
   </trkpt>
   <trkpt lat="4.8084290" lon="-75.7516600">
    <ele>1296.8</ele>
   </trkpt>
   <trkpt lat="4.8084290" lon="-75.7516600">
    <ele>1296.8</ele>
   </trkpt>
   <trkpt lat="4.8084290" lon="-75.7516600">
    <ele>1296.8</ele>
   </trkpt>
   <trkpt lat="4.8084290" lon="-75.7516600">
    <ele>1296.8</ele>
   </trkpt>
   <trkpt lat="4.8084290" lon="-75.7516600">
    <ele>1296.8</ele>
   </trkpt>
   <trkpt lat="4.8084290" lon="-75.7516600">
    <ele>1296.8</ele>
   </trkpt>
   <trkpt lat="4.8084290" lon="-75.7516600">
    <ele>1296.8</ele>
   </trkpt>
   <trkpt lat="4.8084290" lon="-75.7516600">
    <ele>1296.8</ele>
   </trkpt>
   <trkpt lat="4.8084290" lon="-75.7516600">
    <ele>1296.8</ele>
   </trkpt>
   <trkpt lat="4.8084290" lon="-75.7516600">
    <ele>1296.8</ele>
   </trkpt>
   <trkpt lat="4.8084290" lon="-75.7516600">
    <ele>1296.8</ele>
   </trkpt>
   <trkpt lat="4.8084290" lon="-75.7516600">
    <ele>1296.8</ele>
   </trkpt>
   <trkpt lat="4.8084290" lon="-75.7516600">
    <ele>1296.8</ele>
   </trkpt>
   <trkpt lat="4.8084290" lon="-75.7516600">
    <ele>1296.8</ele>
   </trkpt>
   <trkpt lat="4.8084290" lon="-75.7516600">
    <ele>1296.8</ele>
   </trkpt>
   <trkpt lat="4.8084290" lon="-75.7516600">
    <ele>1296.8</ele>
   </trkpt>
   <trkpt lat="4.8084290" lon="-75.7516600">
    <ele>1296.8</ele>
   </trkpt>
   <trkpt lat="4.8084290" lon="-75.7516600">
    <ele>1296.8</ele>
   </trkpt>
   <trkpt lat="4.8084290" lon="-75.7516600">
    <ele>1296.8</ele>
   </trkpt>
   <trkpt lat="4.8084290" lon="-75.7516600">
    <ele>1296.8</ele>
   </trkpt>
   <trkpt lat="4.8084290" lon="-75.7516600">
    <ele>1296.8</ele>
   </trkpt>
   <trkpt lat="4.8084290" lon="-75.7516600">
    <ele>1296.8</ele>
   </trkpt>
   <trkpt lat="4.8084290" lon="-75.7516600">
    <ele>1296.8</ele>
   </trkpt>
   <trkpt lat="4.8084290" lon="-75.7516600">
    <ele>1296.8</ele>
   </trkpt>
   <trkpt lat="4.8084290" lon="-75.7516600">
    <ele>1296.8</ele>
   </trkpt>
   <trkpt lat="4.8084290" lon="-75.7516600">
    <ele>1296.8</ele>
   </trkpt>
   <trkpt lat="4.8084290" lon="-75.7516600">
    <ele>1296.8</ele>
   </trkpt>
   <trkpt lat="4.8084290" lon="-75.7516600">
    <ele>1296.8</ele>
   </trkpt>
   <trkpt lat="4.8084290" lon="-75.7516600">
    <ele>1296.8</ele>
   </trkpt>
   <trkpt lat="4.8084290" lon="-75.7516600">
    <ele>1296.8</ele>
   </trkpt>
   <trkpt lat="4.8084290" lon="-75.7516600">
    <ele>1296.8</ele>
   </trkpt>
   <trkpt lat="4.8084290" lon="-75.7516600">
    <ele>1296.8</ele>
   </trkpt>
   <trkpt lat="4.8084290" lon="-75.7516600">
    <ele>1296.8</ele>
   </trkpt>
   <trkpt lat="4.8084290" lon="-75.7516600">
    <ele>1296.8</ele>
   </trkpt>
   <trkpt lat="4.8084290" lon="-75.7516600">
    <ele>1296.8</ele>
   </trkpt>
   <trkpt lat="4.8084290" lon="-75.7516600">
    <ele>1296.8</ele>
   </trkpt>
   <trkpt lat="4.8084290" lon="-75.7516600">
    <ele>1296.8</ele>
   </trkpt>
   <trkpt lat="4.8084290" lon="-75.7516600">
    <ele>1296.8</ele>
   </trkpt>
   <trkpt lat="4.8084290" lon="-75.7516600">
    <ele>1296.8</ele>
   </trkpt>
   <trkpt lat="4.8084290" lon="-75.7516600">
    <ele>1296.8</ele>
   </trkpt>
   <trkpt lat="4.8084290" lon="-75.7516600">
    <ele>1296.8</ele>
   </trkpt>
   <trkpt lat="4.8084290" lon="-75.7516600">
    <ele>1296.8</ele>
   </trkpt>
   <trkpt lat="4.8084290" lon="-75.7516600">
    <ele>1296.8</ele>
   </trkpt>
   <trkpt lat="4.8084290" lon="-75.7516600">
    <ele>1296.8</ele>
   </trkpt>
   <trkpt lat="4.8084290" lon="-75.7516600">
    <ele>1296.8</ele>
   </trkpt>
   <trkpt lat="4.8084290" lon="-75.7516600">
    <ele>1296.8</ele>
   </trkpt>
   <trkpt lat="4.8084290" lon="-75.7516600">
    <ele>1296.8</ele>
   </trkpt>
   <trkpt lat="4.8084290" lon="-75.7516600">
    <ele>1296.8</ele>
   </trkpt>
   <trkpt lat="4.8084290" lon="-75.7516600">
    <ele>1296.8</ele>
   </trkpt>
   <trkpt lat="4.8084290" lon="-75.7516600">
    <ele>1296.8</ele>
   </trkpt>
   <trkpt lat="4.8084290" lon="-75.7516600">
    <ele>1296.8</ele>
   </trkpt>
   <trkpt lat="4.8084290" lon="-75.7516600">
    <ele>1296.8</ele>
   </trkpt>
   <trkpt lat="4.8084290" lon="-75.7516600">
    <ele>1296.8</ele>
   </trkpt>
   <trkpt lat="4.8084290" lon="-75.7516600">
    <ele>1296.8</ele>
   </trkpt>
   <trkpt lat="4.8084290" lon="-75.7516600">
    <ele>1296.8</ele>
   </trkpt>
   <trkpt lat="4.8084290" lon="-75.7516600">
    <ele>1296.8</ele>
   </trkpt>
   <trkpt lat="4.8084290" lon="-75.7516600">
    <ele>1296.8</ele>
   </trkpt>
   <trkpt lat="4.8084290" lon="-75.7516600">
    <ele>1296.8</ele>
   </trkpt>
   <trkpt lat="4.8084290" lon="-75.7516600">
    <ele>1296.8</ele>
   </trkpt>
   <trkpt lat="4.8084290" lon="-75.7516600">
    <ele>1296.8</ele>
   </trkpt>
   <trkpt lat="4.8084290" lon="-75.7516600">
    <ele>1296.8</ele>
   </trkpt>
   <trkpt lat="4.8084290" lon="-75.7516600">
    <ele>1296.8</ele>
   </trkpt>
   <trkpt lat="4.8084290" lon="-75.7516600">
    <ele>1296.8</ele>
   </trkpt>
   <trkpt lat="4.8084290" lon="-75.7516600">
    <ele>1296.8</ele>
   </trkpt>
   <trkpt lat="4.8084290" lon="-75.7516600">
    <ele>1296.8</ele>
   </trkpt>
   <trkpt lat="4.8084290" lon="-75.7516600">
    <ele>1296.8</ele>
   </trkpt>
   <trkpt lat="4.8084290" lon="-75.7516600">
    <ele>1296.8</ele>
   </trkpt>
   <trkpt lat="4.8084290" lon="-75.7516600">
    <ele>1296.8</ele>
   </trkpt>
   <trkpt lat="4.8084290" lon="-75.7516600">
    <ele>1296.8</ele>
   </trkpt>
   <trkpt lat="4.8084290" lon="-75.7516600">
    <ele>1296.8</ele>
   </trkpt>
   <trkpt lat="4.8084290" lon="-75.7516600">
    <ele>1296.8</ele>
   </trkpt>
   <trkpt lat="4.8084290" lon="-75.7516600">
    <ele>1296.8</ele>
   </trkpt>
   <trkpt lat="4.8084290" lon="-75.7516600">
    <ele>1296.8</ele>
   </trkpt>
   <trkpt lat="4.8084290" lon="-75.7516600">
    <ele>1296.8</ele>
   </trkpt>
   <trkpt lat="4.8084290" lon="-75.7516600">
    <ele>1296.8</ele>
   </trkpt>
   <trkpt lat="4.8084290" lon="-75.7516600">
    <ele>1296.8</ele>
   </trkpt>
   <trkpt lat="4.8084290" lon="-75.7516600">
    <ele>1296.8</ele>
   </trkpt>
   <trkpt lat="4.8084290" lon="-75.7516600">
    <ele>1296.8</ele>
   </trkpt>
   <trkpt lat="4.8084290" lon="-75.7516600">
    <ele>1296.8</ele>
   </trkpt>
   <trkpt lat="4.8084290" lon="-75.7516600">
    <ele>1296.8</ele>
   </trkpt>
   <trkpt lat="4.8084290" lon="-75.7516600">
    <ele>1296.8</ele>
   </trkpt>
   <trkpt lat="4.8084290" lon="-75.7516600">
    <ele>1296.8</ele>
   </trkpt>
   <trkpt lat="4.8084290" lon="-75.7516600">
    <ele>1296.8</ele>
   </trkpt>
   <trkpt lat="4.8084290" lon="-75.7516600">
    <ele>1296.8</ele>
   </trkpt>
   <trkpt lat="4.8084290" lon="-75.7516600">
    <ele>1296.8</ele>
   </trkpt>
   <trkpt lat="4.8084290" lon="-75.7516600">
    <ele>1296.8</ele>
   </trkpt>
   <trkpt lat="4.8084290" lon="-75.7516600">
    <ele>1296.8</ele>
   </trkpt>
   <trkpt lat="4.8084290" lon="-75.7516600">
    <ele>1296.8</ele>
   </trkpt>
   <trkpt lat="4.8084290" lon="-75.7516600">
    <ele>1296.8</ele>
   </trkpt>
   <trkpt lat="4.8084290" lon="-75.7516600">
    <ele>1296.8</ele>
   </trkpt>
   <trkpt lat="4.8084290" lon="-75.7516600">
    <ele>1296.8</ele>
   </trkpt>
   <trkpt lat="4.8084290" lon="-75.7516600">
    <ele>1296.8</ele>
   </trkpt>
   <trkpt lat="4.8084290" lon="-75.7516600">
    <ele>1296.8</ele>
   </trkpt>
   <trkpt lat="4.8084290" lon="-75.7516600">
    <ele>1296.8</ele>
   </trkpt>
   <trkpt lat="4.8084290" lon="-75.7516600">
    <ele>1296.8</ele>
   </trkpt>
   <trkpt lat="4.8084290" lon="-75.7516600">
    <ele>1296.8</ele>
   </trkpt>
   <trkpt lat="4.8084290" lon="-75.7516600">
    <ele>1296.8</ele>
   </trkpt>
   <trkpt lat="4.8084290" lon="-75.7516600">
    <ele>1296.8</ele>
   </trkpt>
   <trkpt lat="4.8084290" lon="-75.7516600">
    <ele>1296.8</ele>
   </trkpt>
   <trkpt lat="4.8084290" lon="-75.7516600">
    <ele>1296.8</ele>
   </trkpt>
   <trkpt lat="4.8084290" lon="-75.7516600">
    <ele>1296.8</ele>
   </trkpt>
   <trkpt lat="4.8084290" lon="-75.7516600">
    <ele>1296.8</ele>
   </trkpt>
   <trkpt lat="4.8084290" lon="-75.7516600">
    <ele>1296.8</ele>
   </trkpt>
   <trkpt lat="4.8084290" lon="-75.7516600">
    <ele>1296.8</ele>
   </trkpt>
   <trkpt lat="4.8084290" lon="-75.7516600">
    <ele>1296.8</ele>
   </trkpt>
   <trkpt lat="4.8084290" lon="-75.7516600">
    <ele>1296.8</ele>
   </trkpt>
   <trkpt lat="4.8084290" lon="-75.7516600">
    <ele>1296.8</ele>
   </trkpt>
   <trkpt lat="4.8084290" lon="-75.7516600">
    <ele>1296.8</ele>
   </trkpt>
   <trkpt lat="4.8084290" lon="-75.7516600">
    <ele>1296.8</ele>
   </trkpt>
   <trkpt lat="4.8084290" lon="-75.7516600">
    <ele>1296.8</ele>
   </trkpt>
   <trkpt lat="4.8084290" lon="-75.7516600">
    <ele>1296.8</ele>
   </trkpt>
   <trkpt lat="4.8084290" lon="-75.7516600">
    <ele>1296.8</ele>
   </trkpt>
   <trkpt lat="4.8084290" lon="-75.7516600">
    <ele>1296.8</ele>
   </trkpt>
   <trkpt lat="4.8084290" lon="-75.7516600">
    <ele>1296.8</ele>
   </trkpt>
   <trkpt lat="4.8084290" lon="-75.7516600">
    <ele>1296.8</ele>
   </trkpt>
   <trkpt lat="4.8084290" lon="-75.7516600">
    <ele>1296.8</ele>
   </trkpt>
   <trkpt lat="4.8084290" lon="-75.7516600">
    <ele>1296.8</ele>
   </trkpt>
   <trkpt lat="4.8084290" lon="-75.7516600">
    <ele>1296.8</ele>
   </trkpt>
   <trkpt lat="4.8084290" lon="-75.7516600">
    <ele>1296.8</ele>
   </trkpt>
   <trkpt lat="4.8084140" lon="-75.7516480">
    <ele>1296.9</ele>
   </trkpt>
   <trkpt lat="4.8083990" lon="-75.7516350">
    <ele>1297.0</ele>
   </trkpt>
   <trkpt lat="4.8083840" lon="-75.7516230">
    <ele>1297.1</ele>
   </trkpt>
   <trkpt lat="4.8083690" lon="-75.7516100">
    <ele>1297.2</ele>
   </trkpt>
   <trkpt lat="4.8083540" lon="-75.7515980">
    <ele>1297.3</ele>
   </trkpt>
   <trkpt lat="4.8083390" lon="-75.7515860">
    <ele>1297.3</ele>
   </trkpt>
   <trkpt lat="4.8083240" lon="-75.7515730">
    <ele>1297.4</ele>
   </trkpt>
   <trkpt lat="4.8083090" lon="-75.7515610">
    <ele>1297.5</ele>
   </trkpt>
   <trkpt lat="4.8082940" lon="-75.7515480">
    <ele>1297.5</ele>
   </trkpt>
   <trkpt lat="4.8082810" lon="-75.7515510">
    <ele>1297.4</ele>
   </trkpt>
   <trkpt lat="4.8082710" lon="-75.7515540">
    <ele>1297.3</ele>
   </trkpt>
   <trkpt lat="4.8082620" lon="-75.7515560">
    <ele>1297.3</ele>
   </trkpt>
   <trkpt lat="4.8082530" lon="-75.7515580">
    <ele>1297.2</ele>
   </trkpt>
   <trkpt lat="4.8082440" lon="-75.7515620">
    <ele>1297.1</ele>
   </trkpt>
   <trkpt lat="4.8082360" lon="-75.7515670">
    <ele>1297.1</ele>
   </trkpt>
   <trkpt lat="4.8082290" lon="-75.7515720">
    <ele>1297.0</ele>
   </trkpt>
   <trkpt lat="4.8082220" lon="-75.7515780">
    <ele>1296.9</ele>
   </trkpt>
   <trkpt lat="4.8082160" lon="-75.7515840">
    <ele>1296.9</ele>
   </trkpt>
   <trkpt lat="4.8082100" lon="-75.7515900">
    <ele>1296.8</ele>
   </trkpt>
   <trkpt lat="4.8082050" lon="-75.7515970">
    <ele>1296.7</ele>
   </trkpt>
   <trkpt lat="4.8081980" lon="-75.7516020">
    <ele>1296.7</ele>
   </trkpt>
   <trkpt lat="4.8081910" lon="-75.7516070">
    <ele>1296.6</ele>
   </trkpt>
   <trkpt lat="4.8081840" lon="-75.7516120">
    <ele>1296.5</ele>
   </trkpt>
   <trkpt lat="4.8081760" lon="-75.7516160">
    <ele>1296.5</ele>
   </trkpt>
   <trkpt lat="4.8081660" lon="-75.7516200">
    <ele>1296.4</ele>
   </trkpt>
   <trkpt lat="4.8081570" lon="-75.7516230">
    <ele>1296.3</ele>
   </trkpt>
   <trkpt lat="4.8081490" lon="-75.7516260">
    <ele>1296.2</ele>
   </trkpt>
   <trkpt lat="4.8081390" lon="-75.7516310">
    <ele>1296.2</ele>
   </trkpt>
   <trkpt lat="4.8081300" lon="-75.7516360">
    <ele>1296.1</ele>
   </trkpt>
   <trkpt lat="4.8081210" lon="-75.7516410">
    <ele>1296.0</ele>
   </trkpt>
   <trkpt lat="4.8081130" lon="-75.7516450">
    <ele>1295.9</ele>
   </trkpt>
   <trkpt lat="4.8081050" lon="-75.7516500">
    <ele>1295.9</ele>
   </trkpt>
   <trkpt lat="4.8080960" lon="-75.7516530">
    <ele>1295.8</ele>
   </trkpt>
   <trkpt lat="4.8080870" lon="-75.7516570">
    <ele>1295.7</ele>
   </trkpt>
   <trkpt lat="4.8080770" lon="-75.7516610">
    <ele>1295.6</ele>
   </trkpt>
   <trkpt lat="4.8080700" lon="-75.7516630">
    <ele>1295.6</ele>
   </trkpt>
   <trkpt lat="4.8080640" lon="-75.7516660">
    <ele>1295.5</ele>
   </trkpt>
   <trkpt lat="4.8080570" lon="-75.7516700">
    <ele>1295.4</ele>
   </trkpt>
   <trkpt lat="4.8080500" lon="-75.7516740">
    <ele>1295.4</ele>
   </trkpt>
   <trkpt lat="4.8080410" lon="-75.7516780">
    <ele>1295.3</ele>
   </trkpt>
   <trkpt lat="4.8080300" lon="-75.7516830">
    <ele>1295.2</ele>
   </trkpt>
   <trkpt lat="4.8080190" lon="-75.7516890">
    <ele>1295.1</ele>
   </trkpt>
   <trkpt lat="4.8080100" lon="-75.7516940">
    <ele>1295.0</ele>
   </trkpt>
   <trkpt lat="4.8080020" lon="-75.7516980">
    <ele>1295.0</ele>
   </trkpt>
   <trkpt lat="4.8079920" lon="-75.7517030">
    <ele>1294.9</ele>
   </trkpt>
   <trkpt lat="4.8079830" lon="-75.7517080">
    <ele>1294.8</ele>
   </trkpt>
   <trkpt lat="4.8079740" lon="-75.7517140">
    <ele>1294.7</ele>
   </trkpt>
   <trkpt lat="4.8079660" lon="-75.7517190">
    <ele>1294.6</ele>
   </trkpt>
   <trkpt lat="4.8079580" lon="-75.7517240">
    <ele>1294.5</ele>
   </trkpt>
   <trkpt lat="4.8079510" lon="-75.7517300">
    <ele>1294.5</ele>
   </trkpt>
   <trkpt lat="4.8079440" lon="-75.7517350">
    <ele>1294.4</ele>
   </trkpt>
   <trkpt lat="4.8079380" lon="-75.7517400">
    <ele>1294.3</ele>
   </trkpt>
   <trkpt lat="4.8079300" lon="-75.7517450">
    <ele>1294.3</ele>
   </trkpt>
   <trkpt lat="4.8079250" lon="-75.7517470">
    <ele>1294.2</ele>
   </trkpt>
   <trkpt lat="4.8079210" lon="-75.7517500">
    <ele>1294.2</ele>
   </trkpt>
   <trkpt lat="4.8079160" lon="-75.7517540">
    <ele>1294.1</ele>
   </trkpt>
   <trkpt lat="4.8079060" lon="-75.7517590">
    <ele>1294.0</ele>
   </trkpt>
   <trkpt lat="4.8078950" lon="-75.7517650">
    <ele>1293.9</ele>
   </trkpt>
   <trkpt lat="4.8078880" lon="-75.7517690">
    <ele>1293.9</ele>
   </trkpt>
   <trkpt lat="4.8078810" lon="-75.7517740">
    <ele>1293.8</ele>
   </trkpt>
   <trkpt lat="4.8078740" lon="-75.7517790">
    <ele>1293.7</ele>
   </trkpt>
   <trkpt lat="4.8078680" lon="-75.7517830">
    <ele>1293.7</ele>
   </trkpt>
   <trkpt lat="4.8078630" lon="-75.7517880">
    <ele>1293.6</ele>
   </trkpt>
   <trkpt lat="4.8078560" lon="-75.7517940">
    <ele>1293.5</ele>
   </trkpt>
   <trkpt lat="4.8078480" lon="-75.7517990">
    <ele>1293.4</ele>
   </trkpt>
   <trkpt lat="4.8078400" lon="-75.7518020">
    <ele>1293.4</ele>
   </trkpt>
   <trkpt lat="4.8078320" lon="-75.7518040">
    <ele>1293.3</ele>
   </trkpt>
   <trkpt lat="4.8078240" lon="-75.7518070">
    <ele>1293.2</ele>
   </trkpt>
   <trkpt lat="4.8078160" lon="-75.7518110">
    <ele>1293.2</ele>
   </trkpt>
   <trkpt lat="4.8078080" lon="-75.7518150">
    <ele>1293.1</ele>
   </trkpt>
   <trkpt lat="4.8078000" lon="-75.7518180">
    <ele>1293.0</ele>
   </trkpt>
   <trkpt lat="4.8077920" lon="-75.7518210">
    <ele>1292.9</ele>
   </trkpt>
   <trkpt lat="4.8077850" lon="-75.7518240">
    <ele>1292.9</ele>
   </trkpt>
   <trkpt lat="4.8077790" lon="-75.7518270">
    <ele>1292.8</ele>
   </trkpt>
   <trkpt lat="4.8077720" lon="-75.7518310">
    <ele>1292.7</ele>
   </trkpt>
   <trkpt lat="4.8077650" lon="-75.7518350">
    <ele>1292.7</ele>
   </trkpt>
   <trkpt lat="4.8077600" lon="-75.7518370">
    <ele>1292.6</ele>
   </trkpt>
   <trkpt lat="4.8077550" lon="-75.7518390">
    <ele>1292.6</ele>
   </trkpt>
   <trkpt lat="4.8077490" lon="-75.7518420">
    <ele>1292.5</ele>
   </trkpt>
   <trkpt lat="4.8077430" lon="-75.7518450">
    <ele>1292.5</ele>
   </trkpt>
   <trkpt lat="4.8077370" lon="-75.7518480">
    <ele>1292.4</ele>
   </trkpt>
   <trkpt lat="4.8077330" lon="-75.7518530">
    <ele>1292.4</ele>
   </trkpt>
   <trkpt lat="4.8077290" lon="-75.7518590">
    <ele>1292.3</ele>
   </trkpt>
   <trkpt lat="4.8077260" lon="-75.7518620">
    <ele>1292.3</ele>
   </trkpt>
   <trkpt lat="4.8077220" lon="-75.7518640">
    <ele>1292.2</ele>
   </trkpt>
   <trkpt lat="4.8077150" lon="-75.7518670">
    <ele>1292.2</ele>
   </trkpt>
   <trkpt lat="4.8077050" lon="-75.7518680">
    <ele>1292.1</ele>
   </trkpt>
   <trkpt lat="4.8076880" lon="-75.7518760">
    <ele>1291.9</ele>
   </trkpt>
   <trkpt lat="4.8076720" lon="-75.7518850">
    <ele>1291.8</ele>
   </trkpt>
   <trkpt lat="4.8076550" lon="-75.7518930">
    <ele>1291.6</ele>
   </trkpt>
   <trkpt lat="4.8076390" lon="-75.7519010">
    <ele>1291.5</ele>
   </trkpt>
   <trkpt lat="4.8076220" lon="-75.7519090">
    <ele>1291.3</ele>
   </trkpt>
   <trkpt lat="4.8076050" lon="-75.7519170">
    <ele>1291.2</ele>
   </trkpt>
   <trkpt lat="4.8075890" lon="-75.7519250">
    <ele>1291.2</ele>
   </trkpt>
   <trkpt lat="4.8075720" lon="-75.7519330">
    <ele>1291.1</ele>
   </trkpt>
   <trkpt lat="4.8075720" lon="-75.7519330">
    <ele>1291.1</ele>
   </trkpt>
   <trkpt lat="4.8075720" lon="-75.7519330">
    <ele>1291.1</ele>
   </trkpt>
   <trkpt lat="4.8075720" lon="-75.7519330">
    <ele>1291.1</ele>
   </trkpt>
   <trkpt lat="4.8075720" lon="-75.7519330">
    <ele>1291.1</ele>
   </trkpt>
   <trkpt lat="4.8075720" lon="-75.7519330">
    <ele>1291.1</ele>
   </trkpt>
   <trkpt lat="4.8075720" lon="-75.7519330">
    <ele>1291.1</ele>
   </trkpt>
   <trkpt lat="4.8075720" lon="-75.7519330">
    <ele>1291.1</ele>
   </trkpt>
   <trkpt lat="4.8075720" lon="-75.7519330">
    <ele>1291.1</ele>
   </trkpt>
   <trkpt lat="4.8075720" lon="-75.7519330">
    <ele>1291.1</ele>
   </trkpt>
   <trkpt lat="4.8075720" lon="-75.7519330">
    <ele>1291.1</ele>
   </trkpt>
   <trkpt lat="4.8075720" lon="-75.7519330">
    <ele>1291.1</ele>
   </trkpt>
   <trkpt lat="4.8075720" lon="-75.7519330">
    <ele>1291.1</ele>
   </trkpt>
   <trkpt lat="4.8075720" lon="-75.7519330">
    <ele>1291.1</ele>
   </trkpt>
   <trkpt lat="4.8075720" lon="-75.7519330">
    <ele>1291.1</ele>
   </trkpt>
   <trkpt lat="4.8075720" lon="-75.7519330">
    <ele>1291.1</ele>
   </trkpt>
   <trkpt lat="4.8075720" lon="-75.7519330">
    <ele>1291.1</ele>
   </trkpt>
   <trkpt lat="4.8075720" lon="-75.7519330">
    <ele>1291.1</ele>
   </trkpt>
   <trkpt lat="4.8075720" lon="-75.7519330">
    <ele>1291.1</ele>
   </trkpt>
   <trkpt lat="4.8075720" lon="-75.7519330">
    <ele>1291.1</ele>
   </trkpt>
   <trkpt lat="4.8075720" lon="-75.7519330">
    <ele>1291.1</ele>
   </trkpt>
   <trkpt lat="4.8075720" lon="-75.7519330">
    <ele>1291.1</ele>
   </trkpt>
   <trkpt lat="4.8075720" lon="-75.7519330">
    <ele>1291.1</ele>
   </trkpt>
   <trkpt lat="4.8075720" lon="-75.7519330">
    <ele>1291.1</ele>
   </trkpt>
   <trkpt lat="4.8075720" lon="-75.7519330">
    <ele>1291.1</ele>
   </trkpt>
   <trkpt lat="4.8075720" lon="-75.7519330">
    <ele>1291.1</ele>
   </trkpt>
   <trkpt lat="4.8075720" lon="-75.7519330">
    <ele>1291.1</ele>
   </trkpt>
   <trkpt lat="4.8075720" lon="-75.7519330">
    <ele>1291.1</ele>
   </trkpt>
   <trkpt lat="4.8075720" lon="-75.7519330">
    <ele>1291.1</ele>
   </trkpt>
   <trkpt lat="4.8075720" lon="-75.7519330">
    <ele>1291.1</ele>
   </trkpt>
   <trkpt lat="4.8075720" lon="-75.7519330">
    <ele>1291.1</ele>
   </trkpt>
   <trkpt lat="4.8075720" lon="-75.7519330">
    <ele>1291.1</ele>
   </trkpt>
   <trkpt lat="4.8075720" lon="-75.7519330">
    <ele>1291.1</ele>
   </trkpt>
   <trkpt lat="4.8075720" lon="-75.7519330">
    <ele>1291.1</ele>
   </trkpt>
   <trkpt lat="4.8075720" lon="-75.7519330">
    <ele>1291.1</ele>
   </trkpt>
   <trkpt lat="4.8075720" lon="-75.7519330">
    <ele>1291.1</ele>
   </trkpt>
   <trkpt lat="4.8075720" lon="-75.7519330">
    <ele>1291.1</ele>
   </trkpt>
   <trkpt lat="4.8075720" lon="-75.7519330">
    <ele>1291.1</ele>
   </trkpt>
   <trkpt lat="4.8075720" lon="-75.7519330">
    <ele>1291.1</ele>
   </trkpt>
   <trkpt lat="4.8075720" lon="-75.7519330">
    <ele>1291.1</ele>
   </trkpt>
   <trkpt lat="4.8075720" lon="-75.7519330">
    <ele>1291.1</ele>
   </trkpt>
   <trkpt lat="4.8075720" lon="-75.7519330">
    <ele>1291.1</ele>
   </trkpt>
   <trkpt lat="4.8075720" lon="-75.7519330">
    <ele>1291.1</ele>
   </trkpt>
   <trkpt lat="4.8075720" lon="-75.7519330">
    <ele>1291.1</ele>
   </trkpt>
   <trkpt lat="4.8075720" lon="-75.7519330">
    <ele>1291.1</ele>
   </trkpt>
   <trkpt lat="4.8075720" lon="-75.7519330">
    <ele>1291.1</ele>
   </trkpt>
   <trkpt lat="4.8075720" lon="-75.7519330">
    <ele>1291.1</ele>
   </trkpt>
   <trkpt lat="4.8075720" lon="-75.7519330">
    <ele>1291.1</ele>
   </trkpt>
   <trkpt lat="4.8075720" lon="-75.7519330">
    <ele>1291.1</ele>
   </trkpt>
   <trkpt lat="4.8075720" lon="-75.7519330">
    <ele>1291.1</ele>
   </trkpt>
   <trkpt lat="4.8075720" lon="-75.7519330">
    <ele>1291.1</ele>
   </trkpt>
   <trkpt lat="4.8075720" lon="-75.7519330">
    <ele>1291.1</ele>
   </trkpt>
   <trkpt lat="4.8075720" lon="-75.7519330">
    <ele>1291.1</ele>
   </trkpt>
   <trkpt lat="4.8075720" lon="-75.7519330">
    <ele>1291.1</ele>
   </trkpt>
   <trkpt lat="4.8075720" lon="-75.7519330">
    <ele>1291.1</ele>
   </trkpt>
   <trkpt lat="4.8075720" lon="-75.7519330">
    <ele>1291.1</ele>
   </trkpt>
   <trkpt lat="4.8075720" lon="-75.7519330">
    <ele>1291.1</ele>
   </trkpt>
   <trkpt lat="4.8075720" lon="-75.7519330">
    <ele>1291.1</ele>
   </trkpt>
   <trkpt lat="4.8075720" lon="-75.7519330">
    <ele>1291.1</ele>
   </trkpt>
   <trkpt lat="4.8075720" lon="-75.7519330">
    <ele>1291.1</ele>
   </trkpt>
   <trkpt lat="4.8075720" lon="-75.7519330">
    <ele>1291.1</ele>
   </trkpt>
   <trkpt lat="4.8075720" lon="-75.7519330">
    <ele>1291.1</ele>
   </trkpt>
   <trkpt lat="4.8075720" lon="-75.7519330">
    <ele>1291.1</ele>
   </trkpt>
   <trkpt lat="4.8075720" lon="-75.7519330">
    <ele>1291.1</ele>
   </trkpt>
   <trkpt lat="4.8075720" lon="-75.7519330">
    <ele>1291.1</ele>
   </trkpt>
   <trkpt lat="4.8075720" lon="-75.7519330">
    <ele>1291.1</ele>
   </trkpt>
   <trkpt lat="4.8075720" lon="-75.7519330">
    <ele>1291.1</ele>
   </trkpt>
   <trkpt lat="4.8075720" lon="-75.7519330">
    <ele>1291.1</ele>
   </trkpt>
   <trkpt lat="4.8075720" lon="-75.7519330">
    <ele>1291.1</ele>
   </trkpt>
   <trkpt lat="4.8075720" lon="-75.7519330">
    <ele>1291.1</ele>
   </trkpt>
   <trkpt lat="4.8075720" lon="-75.7519330">
    <ele>1291.1</ele>
   </trkpt>
   <trkpt lat="4.8075720" lon="-75.7519330">
    <ele>1291.1</ele>
   </trkpt>
   <trkpt lat="4.8075720" lon="-75.7519330">
    <ele>1291.1</ele>
   </trkpt>
   <trkpt lat="4.8075720" lon="-75.7519330">
    <ele>1291.1</ele>
   </trkpt>
   <trkpt lat="4.8075720" lon="-75.7519330">
    <ele>1291.1</ele>
   </trkpt>
   <trkpt lat="4.8075720" lon="-75.7519330">
    <ele>1291.1</ele>
   </trkpt>
   <trkpt lat="4.8075720" lon="-75.7519330">
    <ele>1291.1</ele>
   </trkpt>
   <trkpt lat="4.8075720" lon="-75.7519330">
    <ele>1291.1</ele>
   </trkpt>
   <trkpt lat="4.8075720" lon="-75.7519330">
    <ele>1291.1</ele>
   </trkpt>
   <trkpt lat="4.8075720" lon="-75.7519330">
    <ele>1291.1</ele>
   </trkpt>
   <trkpt lat="4.8075720" lon="-75.7519330">
    <ele>1291.1</ele>
   </trkpt>
   <trkpt lat="4.8075720" lon="-75.7519330">
    <ele>1291.1</ele>
   </trkpt>
   <trkpt lat="4.8075720" lon="-75.7519330">
    <ele>1291.1</ele>
   </trkpt>
   <trkpt lat="4.8075720" lon="-75.7519330">
    <ele>1291.1</ele>
   </trkpt>
   <trkpt lat="4.8075720" lon="-75.7519330">
    <ele>1291.1</ele>
   </trkpt>
   <trkpt lat="4.8075720" lon="-75.7519330">
    <ele>1291.1</ele>
   </trkpt>
   <trkpt lat="4.8075720" lon="-75.7519330">
    <ele>1291.1</ele>
   </trkpt>
   <trkpt lat="4.8075720" lon="-75.7519330">
    <ele>1291.1</ele>
   </trkpt>
   <trkpt lat="4.8075720" lon="-75.7519330">
    <ele>1291.1</ele>
   </trkpt>
   <trkpt lat="4.8075720" lon="-75.7519330">
    <ele>1291.1</ele>
   </trkpt>
   <trkpt lat="4.8075720" lon="-75.7519330">
    <ele>1291.1</ele>
   </trkpt>
   <trkpt lat="4.8075720" lon="-75.7519330">
    <ele>1291.1</ele>
   </trkpt>
   <trkpt lat="4.8075720" lon="-75.7519330">
    <ele>1291.1</ele>
   </trkpt>
   <trkpt lat="4.8075720" lon="-75.7519330">
    <ele>1291.1</ele>
   </trkpt>
   <trkpt lat="4.8075720" lon="-75.7519330">
    <ele>1291.1</ele>
   </trkpt>
   <trkpt lat="4.8075720" lon="-75.7519330">
    <ele>1291.1</ele>
   </trkpt>
   <trkpt lat="4.8075720" lon="-75.7519330">
    <ele>1291.1</ele>
   </trkpt>
   <trkpt lat="4.8075720" lon="-75.7519330">
    <ele>1291.1</ele>
   </trkpt>
   <trkpt lat="4.8075720" lon="-75.7519330">
    <ele>1291.1</ele>
   </trkpt>
   <trkpt lat="4.8075720" lon="-75.7519330">
    <ele>1291.1</ele>
   </trkpt>
   <trkpt lat="4.8075720" lon="-75.7519330">
    <ele>1291.1</ele>
   </trkpt>
   <trkpt lat="4.8075720" lon="-75.7519330">
    <ele>1291.1</ele>
   </trkpt>
   <trkpt lat="4.8075720" lon="-75.7519330">
    <ele>1291.1</ele>
   </trkpt>
   <trkpt lat="4.8075720" lon="-75.7519330">
    <ele>1291.1</ele>
   </trkpt>
   <trkpt lat="4.8075720" lon="-75.7519330">
    <ele>1291.1</ele>
   </trkpt>
   <trkpt lat="4.8075720" lon="-75.7519330">
    <ele>1291.1</ele>
   </trkpt>
   <trkpt lat="4.8075720" lon="-75.7519330">
    <ele>1291.1</ele>
   </trkpt>
   <trkpt lat="4.8075720" lon="-75.7519330">
    <ele>1291.1</ele>
   </trkpt>
   <trkpt lat="4.8075720" lon="-75.7519330">
    <ele>1291.1</ele>
   </trkpt>
   <trkpt lat="4.8075720" lon="-75.7519330">
    <ele>1291.1</ele>
   </trkpt>
   <trkpt lat="4.8075720" lon="-75.7519330">
    <ele>1291.1</ele>
   </trkpt>
   <trkpt lat="4.8075720" lon="-75.7519330">
    <ele>1291.1</ele>
   </trkpt>
   <trkpt lat="4.8075720" lon="-75.7519330">
    <ele>1291.1</ele>
   </trkpt>
   <trkpt lat="4.8075720" lon="-75.7519330">
    <ele>1291.1</ele>
   </trkpt>
   <trkpt lat="4.8075720" lon="-75.7519330">
    <ele>1291.1</ele>
   </trkpt>
   <trkpt lat="4.8075720" lon="-75.7519330">
    <ele>1291.1</ele>
   </trkpt>
   <trkpt lat="4.8075720" lon="-75.7519330">
    <ele>1291.1</ele>
   </trkpt>
   <trkpt lat="4.8075720" lon="-75.7519330">
    <ele>1291.1</ele>
   </trkpt>
   <trkpt lat="4.8075720" lon="-75.7519330">
    <ele>1291.1</ele>
   </trkpt>
   <trkpt lat="4.8075720" lon="-75.7519330">
    <ele>1291.1</ele>
   </trkpt>
   <trkpt lat="4.8075720" lon="-75.7519330">
    <ele>1291.1</ele>
   </trkpt>
   <trkpt lat="4.8075720" lon="-75.7519330">
    <ele>1291.1</ele>
   </trkpt>
   <trkpt lat="4.8075720" lon="-75.7519330">
    <ele>1291.1</ele>
   </trkpt>
   <trkpt lat="4.8075720" lon="-75.7519330">
    <ele>1291.1</ele>
   </trkpt>
   <trkpt lat="4.8075720" lon="-75.7519330">
    <ele>1291.1</ele>
   </trkpt>
   <trkpt lat="4.8075720" lon="-75.7519330">
    <ele>1291.1</ele>
   </trkpt>
   <trkpt lat="4.8075720" lon="-75.7519330">
    <ele>1291.1</ele>
   </trkpt>
   <trkpt lat="4.8075720" lon="-75.7519330">
    <ele>1291.1</ele>
   </trkpt>
   <trkpt lat="4.8075720" lon="-75.7519330">
    <ele>1291.1</ele>
   </trkpt>
   <trkpt lat="4.8075720" lon="-75.7519330">
    <ele>1291.1</ele>
   </trkpt>
   <trkpt lat="4.8075720" lon="-75.7519330">
    <ele>1291.1</ele>
   </trkpt>
   <trkpt lat="4.8075720" lon="-75.7519330">
    <ele>1291.1</ele>
   </trkpt>
   <trkpt lat="4.8075720" lon="-75.7519330">
    <ele>1291.1</ele>
   </trkpt>
   <trkpt lat="4.8075720" lon="-75.7519330">
    <ele>1291.1</ele>
   </trkpt>
   <trkpt lat="4.8075720" lon="-75.7519330">
    <ele>1291.1</ele>
   </trkpt>
   <trkpt lat="4.8075720" lon="-75.7519330">
    <ele>1291.1</ele>
   </trkpt>
   <trkpt lat="4.8075720" lon="-75.7519330">
    <ele>1291.1</ele>
   </trkpt>
   <trkpt lat="4.8075720" lon="-75.7519330">
    <ele>1291.1</ele>
   </trkpt>
   <trkpt lat="4.8075720" lon="-75.7519330">
    <ele>1291.1</ele>
   </trkpt>
   <trkpt lat="4.8075720" lon="-75.7519330">
    <ele>1291.1</ele>
   </trkpt>
   <trkpt lat="4.8075720" lon="-75.7519330">
    <ele>1291.1</ele>
   </trkpt>
   <trkpt lat="4.8075720" lon="-75.7519330">
    <ele>1291.1</ele>
   </trkpt>
   <trkpt lat="4.8075720" lon="-75.7519330">
    <ele>1291.1</ele>
   </trkpt>
   <trkpt lat="4.8075720" lon="-75.7519330">
    <ele>1291.1</ele>
   </trkpt>
   <trkpt lat="4.8075720" lon="-75.7519330">
    <ele>1291.1</ele>
   </trkpt>
   <trkpt lat="4.8075720" lon="-75.7519330">
    <ele>1291.1</ele>
   </trkpt>
   <trkpt lat="4.8075720" lon="-75.7519330">
    <ele>1291.1</ele>
   </trkpt>
   <trkpt lat="4.8075720" lon="-75.7519330">
    <ele>1291.1</ele>
   </trkpt>
   <trkpt lat="4.8075720" lon="-75.7519330">
    <ele>1291.1</ele>
   </trkpt>
   <trkpt lat="4.8075720" lon="-75.7519330">
    <ele>1291.1</ele>
   </trkpt>
   <trkpt lat="4.8075720" lon="-75.7519330">
    <ele>1291.1</ele>
   </trkpt>
   <trkpt lat="4.8075720" lon="-75.7519330">
    <ele>1291.1</ele>
   </trkpt>
   <trkpt lat="4.8075720" lon="-75.7519330">
    <ele>1291.1</ele>
   </trkpt>
   <trkpt lat="4.8075720" lon="-75.7519330">
    <ele>1291.1</ele>
   </trkpt>
   <trkpt lat="4.8075720" lon="-75.7519330">
    <ele>1291.1</ele>
   </trkpt>
   <trkpt lat="4.8075720" lon="-75.7519330">
    <ele>1291.1</ele>
   </trkpt>
   <trkpt lat="4.8075720" lon="-75.7519330">
    <ele>1291.1</ele>
   </trkpt>
   <trkpt lat="4.8075720" lon="-75.7519330">
    <ele>1291.1</ele>
   </trkpt>
   <trkpt lat="4.8075720" lon="-75.7519330">
    <ele>1291.1</ele>
   </trkpt>
   <trkpt lat="4.8075720" lon="-75.7519330">
    <ele>1291.1</ele>
   </trkpt>
   <trkpt lat="4.8075720" lon="-75.7519330">
    <ele>1291.1</ele>
   </trkpt>
   <trkpt lat="4.8075720" lon="-75.7519330">
    <ele>1291.1</ele>
   </trkpt>
   <trkpt lat="4.8075720" lon="-75.7519330">
    <ele>1291.1</ele>
   </trkpt>
   <trkpt lat="4.8075720" lon="-75.7519330">
    <ele>1291.1</ele>
   </trkpt>
   <trkpt lat="4.8075720" lon="-75.7519330">
    <ele>1291.1</ele>
   </trkpt>
   <trkpt lat="4.8075720" lon="-75.7519330">
    <ele>1291.1</ele>
   </trkpt>
   <trkpt lat="4.8075720" lon="-75.7519330">
    <ele>1291.1</ele>
   </trkpt>
   <trkpt lat="4.8075720" lon="-75.7519330">
    <ele>1291.1</ele>
   </trkpt>
   <trkpt lat="4.8075720" lon="-75.7519330">
    <ele>1291.1</ele>
   </trkpt>
   <trkpt lat="4.8075720" lon="-75.7519330">
    <ele>1291.1</ele>
   </trkpt>
   <trkpt lat="4.8075720" lon="-75.7519330">
    <ele>1291.1</ele>
   </trkpt>
   <trkpt lat="4.8075720" lon="-75.7519330">
    <ele>1291.1</ele>
   </trkpt>
   <trkpt lat="4.8075720" lon="-75.7519330">
    <ele>1291.1</ele>
   </trkpt>
   <trkpt lat="4.8075720" lon="-75.7519330">
    <ele>1291.1</ele>
   </trkpt>
   <trkpt lat="4.8075720" lon="-75.7519330">
    <ele>1291.1</ele>
   </trkpt>
   <trkpt lat="4.8075720" lon="-75.7519330">
    <ele>1291.1</ele>
   </trkpt>
   <trkpt lat="4.8075720" lon="-75.7519330">
    <ele>1291.1</ele>
   </trkpt>
   <trkpt lat="4.8075720" lon="-75.7519330">
    <ele>1291.1</ele>
   </trkpt>
   <trkpt lat="4.8075720" lon="-75.7519330">
    <ele>1291.1</ele>
   </trkpt>
   <trkpt lat="4.8075720" lon="-75.7519330">
    <ele>1291.1</ele>
   </trkpt>
   <trkpt lat="4.8075720" lon="-75.7519330">
    <ele>1291.1</ele>
   </trkpt>
   <trkpt lat="4.8075720" lon="-75.7519330">
    <ele>1291.1</ele>
   </trkpt>
   <trkpt lat="4.8075720" lon="-75.7519330">
    <ele>1291.1</ele>
   </trkpt>
   <trkpt lat="4.8075720" lon="-75.7519330">
    <ele>1291.1</ele>
   </trkpt>
   <trkpt lat="4.8075720" lon="-75.7519330">
    <ele>1291.1</ele>
   </trkpt>
   <trkpt lat="4.8075720" lon="-75.7519330">
    <ele>1291.1</ele>
   </trkpt>
   <trkpt lat="4.8075720" lon="-75.7519330">
    <ele>1291.1</ele>
   </trkpt>
   <trkpt lat="4.8075720" lon="-75.7519330">
    <ele>1291.1</ele>
   </trkpt>
   <trkpt lat="4.8075720" lon="-75.7519330">
    <ele>1291.1</ele>
   </trkpt>
   <trkpt lat="4.8075720" lon="-75.7519330">
    <ele>1291.1</ele>
   </trkpt>
   <trkpt lat="4.8075720" lon="-75.7519330">
    <ele>1291.1</ele>
   </trkpt>
   <trkpt lat="4.8075720" lon="-75.7519330">
    <ele>1291.1</ele>
   </trkpt>
   <trkpt lat="4.8075720" lon="-75.7519330">
    <ele>1291.1</ele>
   </trkpt>
   <trkpt lat="4.8075720" lon="-75.7519330">
    <ele>1291.1</ele>
   </trkpt>
   <trkpt lat="4.8075720" lon="-75.7519330">
    <ele>1291.1</ele>
   </trkpt>
   <trkpt lat="4.8075720" lon="-75.7519330">
    <ele>1291.1</ele>
   </trkpt>
   <trkpt lat="4.8075720" lon="-75.7519330">
    <ele>1291.1</ele>
   </trkpt>
   <trkpt lat="4.8075720" lon="-75.7519330">
    <ele>1291.1</ele>
   </trkpt>
   <trkpt lat="4.8075720" lon="-75.7519330">
    <ele>1291.1</ele>
   </trkpt>
   <trkpt lat="4.8075720" lon="-75.7519330">
    <ele>1291.1</ele>
   </trkpt>
   <trkpt lat="4.8075720" lon="-75.7519330">
    <ele>1291.1</ele>
   </trkpt>
   <trkpt lat="4.8075720" lon="-75.7519330">
    <ele>1291.1</ele>
   </trkpt>
   <trkpt lat="4.8075720" lon="-75.7519330">
    <ele>1291.1</ele>
   </trkpt>
   <trkpt lat="4.8075720" lon="-75.7519330">
    <ele>1291.1</ele>
   </trkpt>
   <trkpt lat="4.8075720" lon="-75.7519330">
    <ele>1291.1</ele>
   </trkpt>
   <trkpt lat="4.8075720" lon="-75.7519330">
    <ele>1291.1</ele>
   </trkpt>
   <trkpt lat="4.8075720" lon="-75.7519330">
    <ele>1291.1</ele>
   </trkpt>
   <trkpt lat="4.8075720" lon="-75.7519330">
    <ele>1291.1</ele>
   </trkpt>
   <trkpt lat="4.8075720" lon="-75.7519330">
    <ele>1291.1</ele>
   </trkpt>
   <trkpt lat="4.8075720" lon="-75.7519330">
    <ele>1291.1</ele>
   </trkpt>
   <trkpt lat="4.8075720" lon="-75.7519330">
    <ele>1291.1</ele>
   </trkpt>
   <trkpt lat="4.8075720" lon="-75.7519330">
    <ele>1291.1</ele>
   </trkpt>
   <trkpt lat="4.8075720" lon="-75.7519330">
    <ele>1291.1</ele>
   </trkpt>
   <trkpt lat="4.8075720" lon="-75.7519330">
    <ele>1291.1</ele>
   </trkpt>
   <trkpt lat="4.8075720" lon="-75.7519330">
    <ele>1291.1</ele>
   </trkpt>
   <trkpt lat="4.8075720" lon="-75.7519330">
    <ele>1291.1</ele>
   </trkpt>
   <trkpt lat="4.8075720" lon="-75.7519330">
    <ele>1291.1</ele>
   </trkpt>
   <trkpt lat="4.8075720" lon="-75.7519330">
    <ele>1291.1</ele>
   </trkpt>
   <trkpt lat="4.8075720" lon="-75.7519330">
    <ele>1291.1</ele>
   </trkpt>
   <trkpt lat="4.8075720" lon="-75.7519330">
    <ele>1291.1</ele>
   </trkpt>
   <trkpt lat="4.8075720" lon="-75.7519330">
    <ele>1291.1</ele>
   </trkpt>
   <trkpt lat="4.8075720" lon="-75.7519330">
    <ele>1291.1</ele>
   </trkpt>
   <trkpt lat="4.8075720" lon="-75.7519330">
    <ele>1291.1</ele>
   </trkpt>
   <trkpt lat="4.8075550" lon="-75.7519410">
    <ele>1291.1</ele>
   </trkpt>
   <trkpt lat="4.8075380" lon="-75.7519480">
    <ele>1291.0</ele>
   </trkpt>
   <trkpt lat="4.8075210" lon="-75.7519560">
    <ele>1290.9</ele>
   </trkpt>
   <trkpt lat="4.8075050" lon="-75.7519640">
    <ele>1290.9</ele>
   </trkpt>
   <trkpt lat="4.8074880" lon="-75.7519710">
    <ele>1290.8</ele>
   </trkpt>
   <trkpt lat="4.8074710" lon="-75.7519790">
    <ele>1290.7</ele>
   </trkpt>
   <trkpt lat="4.8074540" lon="-75.7519860">
    <ele>1290.7</ele>
   </trkpt>
   <trkpt lat="4.8074370" lon="-75.7519940">
    <ele>1290.6</ele>
   </trkpt>
   <trkpt lat="4.8074200" lon="-75.7520020">
    <ele>1290.5</ele>
   </trkpt>
   <trkpt lat="4.8074130" lon="-75.7520070">
    <ele>1290.5</ele>
   </trkpt>
   <trkpt lat="4.8074050" lon="-75.7520120">
    <ele>1290.4</ele>
   </trkpt>
   <trkpt lat="4.8073990" lon="-75.7520170">
    <ele>1290.4</ele>
   </trkpt>
   <trkpt lat="4.8073910" lon="-75.7520240">
    <ele>1290.3</ele>
   </trkpt>
   <trkpt lat="4.8073830" lon="-75.7520330">
    <ele>1290.3</ele>
   </trkpt>
   <trkpt lat="4.8073770" lon="-75.7520410">
    <ele>1290.3</ele>
   </trkpt>
   <trkpt lat="4.8073720" lon="-75.7520490">
    <ele>1290.2</ele>
   </trkpt>
   <trkpt lat="4.8073690" lon="-75.7520540">
    <ele>1290.2</ele>
   </trkpt>
   <trkpt lat="4.8073640" lon="-75.7520560">
    <ele>1290.2</ele>
   </trkpt>
   <trkpt lat="4.8073570" lon="-75.7520560">
    <ele>1290.1</ele>
   </trkpt>
   <trkpt lat="4.8073470" lon="-75.7520570">
    <ele>1290.1</ele>
   </trkpt>
   <trkpt lat="4.8073350" lon="-75.7520600">
    <ele>1290.0</ele>
   </trkpt>
   <trkpt lat="4.8073240" lon="-75.7520630">
    <ele>1290.0</ele>
   </trkpt>
   <trkpt lat="4.8073150" lon="-75.7520670">
    <ele>1289.9</ele>
   </trkpt>
   <trkpt lat="4.8073070" lon="-75.7520720">
    <ele>1289.9</ele>
   </trkpt>
   <trkpt lat="4.8072980" lon="-75.7520770">
    <ele>1289.8</ele>
   </trkpt>
   <trkpt lat="4.8072880" lon="-75.7520830">
    <ele>1289.8</ele>
   </trkpt>
   <trkpt lat="4.8072790" lon="-75.7520890">
    <ele>1289.7</ele>
   </trkpt>
   <trkpt lat="4.8072700" lon="-75.7520950">
    <ele>1289.7</ele>
   </trkpt>
   <trkpt lat="4.8072610" lon="-75.7521000">
    <ele>1289.6</ele>
   </trkpt>
   <trkpt lat="4.8072520" lon="-75.7521040">
    <ele>1289.6</ele>
   </trkpt>
   <trkpt lat="4.8072420" lon="-75.7521070">
    <ele>1289.5</ele>
   </trkpt>
   <trkpt lat="4.8072330" lon="-75.7521110">
    <ele>1289.5</ele>
   </trkpt>
   <trkpt lat="4.8072240" lon="-75.7521160">
    <ele>1289.4</ele>
   </trkpt>
   <trkpt lat="4.8072150" lon="-75.7521220">
    <ele>1289.4</ele>
   </trkpt>
   <trkpt lat="4.8072090" lon="-75.7521260">
    <ele>1289.3</ele>
   </trkpt>
   <trkpt lat="4.8072020" lon="-75.7521300">
    <ele>1289.3</ele>
   </trkpt>
   <trkpt lat="4.8071940" lon="-75.7521350">
    <ele>1289.2</ele>
   </trkpt>
   <trkpt lat="4.8071860" lon="-75.7521400">
    <ele>1289.2</ele>
   </trkpt>
   <trkpt lat="4.8071790" lon="-75.7521460">
    <ele>1289.1</ele>
   </trkpt>
   <trkpt lat="4.8071730" lon="-75.7521520">
    <ele>1289.1</ele>
   </trkpt>
   <trkpt lat="4.8071670" lon="-75.7521580">
    <ele>1289.1</ele>
   </trkpt>
   <trkpt lat="4.8071610" lon="-75.7521630">
    <ele>1289.0</ele>
   </trkpt>
   <trkpt lat="4.8071530" lon="-75.7521680">
    <ele>1289.0</ele>
   </trkpt>
   <trkpt lat="4.8071460" lon="-75.7521730">
    <ele>1288.9</ele>
   </trkpt>
   <trkpt lat="4.8071380" lon="-75.7521790">
    <ele>1288.9</ele>
   </trkpt>
   <trkpt lat="4.8071310" lon="-75.7521850">
    <ele>1288.8</ele>
   </trkpt>
   <trkpt lat="4.8071240" lon="-75.7521910">
    <ele>1288.7</ele>
   </trkpt>
   <trkpt lat="4.8071170" lon="-75.7521970">
    <ele>1288.7</ele>
   </trkpt>
   <trkpt lat="4.8071090" lon="-75.7522020">
    <ele>1288.6</ele>
   </trkpt>
   <trkpt lat="4.8071010" lon="-75.7522060">
    <ele>1288.6</ele>
   </trkpt>
   <trkpt lat="4.8070920" lon="-75.7522100">
    <ele>1288.5</ele>
   </trkpt>
   <trkpt lat="4.8070830" lon="-75.7522150">
    <ele>1288.5</ele>
   </trkpt>
   <trkpt lat="4.8070740" lon="-75.7522190">
    <ele>1288.4</ele>
   </trkpt>
   <trkpt lat="4.8070650" lon="-75.7522240">
    <ele>1288.4</ele>
   </trkpt>
   <trkpt lat="4.8070570" lon="-75.7522290">
    <ele>1288.3</ele>
   </trkpt>
   <trkpt lat="4.8070440" lon="-75.7522430">
    <ele>1288.3</ele>
   </trkpt>
   <trkpt lat="4.8070310" lon="-75.7522570">
    <ele>1288.3</ele>
   </trkpt>
   <trkpt lat="4.8070190" lon="-75.7522710">
    <ele>1288.3</ele>
   </trkpt>
   <trkpt lat="4.8070060" lon="-75.7522850">
    <ele>1288.3</ele>
   </trkpt>
   <trkpt lat="4.8069930" lon="-75.7523000">
    <ele>1288.3</ele>
   </trkpt>
   <trkpt lat="4.8069930" lon="-75.7523000">
    <ele>1288.3</ele>
   </trkpt>
   <trkpt lat="4.8069930" lon="-75.7523000">
    <ele>1288.3</ele>
   </trkpt>
   <trkpt lat="4.8069930" lon="-75.7523000">
    <ele>1288.3</ele>
   </trkpt>
   <trkpt lat="4.8069930" lon="-75.7523000">
    <ele>1288.3</ele>
   </trkpt>
   <trkpt lat="4.8069930" lon="-75.7523000">
    <ele>1288.3</ele>
   </trkpt>
   <trkpt lat="4.8069930" lon="-75.7523000">
    <ele>1288.3</ele>
   </trkpt>
   <trkpt lat="4.8069930" lon="-75.7523000">
    <ele>1288.3</ele>
   </trkpt>
   <trkpt lat="4.8069930" lon="-75.7523000">
    <ele>1288.3</ele>
   </trkpt>
   <trkpt lat="4.8069930" lon="-75.7523000">
    <ele>1288.3</ele>
   </trkpt>
   <trkpt lat="4.8069930" lon="-75.7523000">
    <ele>1288.3</ele>
   </trkpt>
   <trkpt lat="4.8069930" lon="-75.7523000">
    <ele>1288.3</ele>
   </trkpt>
   <trkpt lat="4.8069930" lon="-75.7523000">
    <ele>1288.3</ele>
   </trkpt>
   <trkpt lat="4.8069930" lon="-75.7523000">
    <ele>1288.3</ele>
   </trkpt>
   <trkpt lat="4.8069930" lon="-75.7523000">
    <ele>1288.3</ele>
   </trkpt>
   <trkpt lat="4.8069930" lon="-75.7523000">
    <ele>1288.3</ele>
   </trkpt>
   <trkpt lat="4.8069930" lon="-75.7523000">
    <ele>1288.3</ele>
   </trkpt>
   <trkpt lat="4.8069930" lon="-75.7523000">
    <ele>1288.3</ele>
   </trkpt>
   <trkpt lat="4.8069930" lon="-75.7523000">
    <ele>1288.3</ele>
   </trkpt>
   <trkpt lat="4.8069930" lon="-75.7523000">
    <ele>1288.3</ele>
   </trkpt>
   <trkpt lat="4.8069930" lon="-75.7523000">
    <ele>1288.3</ele>
   </trkpt>
   <trkpt lat="4.8069930" lon="-75.7523000">
    <ele>1288.3</ele>
   </trkpt>
   <trkpt lat="4.8069930" lon="-75.7523000">
    <ele>1288.3</ele>
   </trkpt>
   <trkpt lat="4.8069930" lon="-75.7523000">
    <ele>1288.3</ele>
   </trkpt>
   <trkpt lat="4.8069930" lon="-75.7523000">
    <ele>1288.3</ele>
   </trkpt>
   <trkpt lat="4.8069930" lon="-75.7523000">
    <ele>1288.3</ele>
   </trkpt>
   <trkpt lat="4.8069930" lon="-75.7523000">
    <ele>1288.3</ele>
   </trkpt>
   <trkpt lat="4.8069930" lon="-75.7523000">
    <ele>1288.3</ele>
   </trkpt>
   <trkpt lat="4.8069930" lon="-75.7523000">
    <ele>1288.3</ele>
   </trkpt>
   <trkpt lat="4.8069930" lon="-75.7523000">
    <ele>1288.3</ele>
   </trkpt>
   <trkpt lat="4.8069930" lon="-75.7523000">
    <ele>1288.3</ele>
   </trkpt>
   <trkpt lat="4.8069930" lon="-75.7523000">
    <ele>1288.3</ele>
   </trkpt>
   <trkpt lat="4.8069930" lon="-75.7523000">
    <ele>1288.3</ele>
   </trkpt>
   <trkpt lat="4.8069930" lon="-75.7523000">
    <ele>1288.3</ele>
   </trkpt>
   <trkpt lat="4.8069930" lon="-75.7523000">
    <ele>1288.3</ele>
   </trkpt>
   <trkpt lat="4.8069930" lon="-75.7523000">
    <ele>1288.3</ele>
   </trkpt>
   <trkpt lat="4.8069930" lon="-75.7523000">
    <ele>1288.3</ele>
   </trkpt>
   <trkpt lat="4.8069930" lon="-75.7523000">
    <ele>1288.3</ele>
   </trkpt>
   <trkpt lat="4.8069930" lon="-75.7523000">
    <ele>1288.3</ele>
   </trkpt>
   <trkpt lat="4.8069930" lon="-75.7523000">
    <ele>1288.3</ele>
   </trkpt>
   <trkpt lat="4.8069930" lon="-75.7523000">
    <ele>1288.3</ele>
   </trkpt>
   <trkpt lat="4.8069930" lon="-75.7523000">
    <ele>1288.3</ele>
   </trkpt>
   <trkpt lat="4.8069930" lon="-75.7523000">
    <ele>1288.3</ele>
   </trkpt>
   <trkpt lat="4.8069930" lon="-75.7523000">
    <ele>1288.3</ele>
   </trkpt>
   <trkpt lat="4.8069930" lon="-75.7523000">
    <ele>1288.3</ele>
   </trkpt>
   <trkpt lat="4.8069930" lon="-75.7523000">
    <ele>1288.3</ele>
   </trkpt>
   <trkpt lat="4.8069930" lon="-75.7523000">
    <ele>1288.3</ele>
   </trkpt>
   <trkpt lat="4.8069930" lon="-75.7523000">
    <ele>1288.3</ele>
   </trkpt>
   <trkpt lat="4.8069930" lon="-75.7523000">
    <ele>1288.3</ele>
   </trkpt>
   <trkpt lat="4.8069930" lon="-75.7523000">
    <ele>1288.3</ele>
   </trkpt>
   <trkpt lat="4.8069930" lon="-75.7523000">
    <ele>1288.3</ele>
   </trkpt>
   <trkpt lat="4.8069930" lon="-75.7523000">
    <ele>1288.3</ele>
   </trkpt>
   <trkpt lat="4.8069930" lon="-75.7523000">
    <ele>1288.3</ele>
   </trkpt>
   <trkpt lat="4.8069930" lon="-75.7523000">
    <ele>1288.3</ele>
   </trkpt>
   <trkpt lat="4.8069930" lon="-75.7523000">
    <ele>1288.3</ele>
   </trkpt>
   <trkpt lat="4.8069930" lon="-75.7523000">
    <ele>1288.3</ele>
   </trkpt>
   <trkpt lat="4.8069930" lon="-75.7523000">
    <ele>1288.3</ele>
   </trkpt>
   <trkpt lat="4.8069930" lon="-75.7523000">
    <ele>1288.3</ele>
   </trkpt>
   <trkpt lat="4.8069930" lon="-75.7523000">
    <ele>1288.3</ele>
   </trkpt>
   <trkpt lat="4.8069930" lon="-75.7523000">
    <ele>1288.3</ele>
   </trkpt>
   <trkpt lat="4.8069930" lon="-75.7523000">
    <ele>1288.3</ele>
   </trkpt>
   <trkpt lat="4.8069930" lon="-75.7523000">
    <ele>1288.3</ele>
   </trkpt>
   <trkpt lat="4.8069930" lon="-75.7523000">
    <ele>1288.3</ele>
   </trkpt>
   <trkpt lat="4.8069930" lon="-75.7523000">
    <ele>1288.3</ele>
   </trkpt>
   <trkpt lat="4.8069930" lon="-75.7523000">
    <ele>1288.3</ele>
   </trkpt>
   <trkpt lat="4.8069930" lon="-75.7523000">
    <ele>1288.3</ele>
   </trkpt>
   <trkpt lat="4.8069930" lon="-75.7523000">
    <ele>1288.3</ele>
   </trkpt>
   <trkpt lat="4.8069930" lon="-75.7523000">
    <ele>1288.3</ele>
   </trkpt>
   <trkpt lat="4.8069930" lon="-75.7523000">
    <ele>1288.3</ele>
   </trkpt>
   <trkpt lat="4.8069930" lon="-75.7523000">
    <ele>1288.3</ele>
   </trkpt>
   <trkpt lat="4.8069930" lon="-75.7523000">
    <ele>1288.3</ele>
   </trkpt>
   <trkpt lat="4.8069930" lon="-75.7523000">
    <ele>1288.3</ele>
   </trkpt>
   <trkpt lat="4.8069930" lon="-75.7523000">
    <ele>1288.3</ele>
   </trkpt>
   <trkpt lat="4.8069930" lon="-75.7523000">
    <ele>1288.3</ele>
   </trkpt>
   <trkpt lat="4.8069930" lon="-75.7523000">
    <ele>1288.3</ele>
   </trkpt>
   <trkpt lat="4.8069930" lon="-75.7523000">
    <ele>1288.3</ele>
   </trkpt>
   <trkpt lat="4.8069930" lon="-75.7523000">
    <ele>1288.3</ele>
   </trkpt>
   <trkpt lat="4.8069930" lon="-75.7523000">
    <ele>1288.3</ele>
   </trkpt>
   <trkpt lat="4.8069930" lon="-75.7523000">
    <ele>1288.3</ele>
   </trkpt>
   <trkpt lat="4.8069930" lon="-75.7523000">
    <ele>1288.3</ele>
   </trkpt>
   <trkpt lat="4.8069930" lon="-75.7523000">
    <ele>1288.3</ele>
   </trkpt>
   <trkpt lat="4.8069930" lon="-75.7523000">
    <ele>1288.3</ele>
   </trkpt>
   <trkpt lat="4.8069930" lon="-75.7523000">
    <ele>1288.3</ele>
   </trkpt>
   <trkpt lat="4.8069930" lon="-75.7523000">
    <ele>1288.3</ele>
   </trkpt>
   <trkpt lat="4.8069930" lon="-75.7523000">
    <ele>1288.3</ele>
   </trkpt>
   <trkpt lat="4.8069930" lon="-75.7523000">
    <ele>1288.3</ele>
   </trkpt>
   <trkpt lat="4.8069930" lon="-75.7523000">
    <ele>1288.3</ele>
   </trkpt>
   <trkpt lat="4.8069930" lon="-75.7523000">
    <ele>1288.3</ele>
   </trkpt>
   <trkpt lat="4.8069930" lon="-75.7523000">
    <ele>1288.3</ele>
   </trkpt>
   <trkpt lat="4.8069930" lon="-75.7523000">
    <ele>1288.3</ele>
   </trkpt>
   <trkpt lat="4.8069930" lon="-75.7523000">
    <ele>1288.3</ele>
   </trkpt>
   <trkpt lat="4.8069930" lon="-75.7523000">
    <ele>1288.3</ele>
   </trkpt>
   <trkpt lat="4.8069930" lon="-75.7523000">
    <ele>1288.3</ele>
   </trkpt>
   <trkpt lat="4.8069930" lon="-75.7523000">
    <ele>1288.3</ele>
   </trkpt>
   <trkpt lat="4.8069930" lon="-75.7523000">
    <ele>1288.3</ele>
   </trkpt>
   <trkpt lat="4.8069930" lon="-75.7523000">
    <ele>1288.3</ele>
   </trkpt>
   <trkpt lat="4.8069930" lon="-75.7523000">
    <ele>1288.3</ele>
   </trkpt>
   <trkpt lat="4.8069930" lon="-75.7523000">
    <ele>1288.3</ele>
   </trkpt>
   <trkpt lat="4.8069930" lon="-75.7523000">
    <ele>1288.3</ele>
   </trkpt>
   <trkpt lat="4.8069930" lon="-75.7523000">
    <ele>1288.3</ele>
   </trkpt>
   <trkpt lat="4.8069930" lon="-75.7523000">
    <ele>1288.3</ele>
   </trkpt>
   <trkpt lat="4.8069930" lon="-75.7523000">
    <ele>1288.3</ele>
   </trkpt>
   <trkpt lat="4.8069930" lon="-75.7523000">
    <ele>1288.3</ele>
   </trkpt>
   <trkpt lat="4.8069930" lon="-75.7523000">
    <ele>1288.3</ele>
   </trkpt>
   <trkpt lat="4.8069930" lon="-75.7523000">
    <ele>1288.3</ele>
   </trkpt>
   <trkpt lat="4.8069930" lon="-75.7523000">
    <ele>1288.3</ele>
   </trkpt>
   <trkpt lat="4.8069930" lon="-75.7523000">
    <ele>1288.3</ele>
   </trkpt>
   <trkpt lat="4.8069930" lon="-75.7523000">
    <ele>1288.3</ele>
   </trkpt>
   <trkpt lat="4.8069930" lon="-75.7523000">
    <ele>1288.3</ele>
   </trkpt>
   <trkpt lat="4.8069930" lon="-75.7523000">
    <ele>1288.3</ele>
   </trkpt>
   <trkpt lat="4.8069930" lon="-75.7523000">
    <ele>1288.3</ele>
   </trkpt>
   <trkpt lat="4.8069930" lon="-75.7523000">
    <ele>1288.3</ele>
   </trkpt>
   <trkpt lat="4.8069930" lon="-75.7523000">
    <ele>1288.3</ele>
   </trkpt>
   <trkpt lat="4.8069930" lon="-75.7523000">
    <ele>1288.3</ele>
   </trkpt>
   <trkpt lat="4.8069930" lon="-75.7523000">
    <ele>1288.3</ele>
   </trkpt>
   <trkpt lat="4.8069930" lon="-75.7523000">
    <ele>1288.3</ele>
   </trkpt>
   <trkpt lat="4.8069930" lon="-75.7523000">
    <ele>1288.3</ele>
   </trkpt>
   <trkpt lat="4.8069930" lon="-75.7523000">
    <ele>1288.3</ele>
   </trkpt>
   <trkpt lat="4.8069930" lon="-75.7523000">
    <ele>1288.3</ele>
   </trkpt>
   <trkpt lat="4.8069930" lon="-75.7523000">
    <ele>1288.3</ele>
   </trkpt>
   <trkpt lat="4.8069930" lon="-75.7523000">
    <ele>1288.3</ele>
   </trkpt>
   <trkpt lat="4.8069930" lon="-75.7523000">
    <ele>1288.3</ele>
   </trkpt>
   <trkpt lat="4.8069930" lon="-75.7523000">
    <ele>1288.3</ele>
   </trkpt>
   <trkpt lat="4.8069930" lon="-75.7523000">
    <ele>1288.3</ele>
   </trkpt>
   <trkpt lat="4.8069930" lon="-75.7523000">
    <ele>1288.3</ele>
   </trkpt>
   <trkpt lat="4.8069930" lon="-75.7523000">
    <ele>1288.3</ele>
   </trkpt>
   <trkpt lat="4.8069930" lon="-75.7523000">
    <ele>1288.3</ele>
   </trkpt>
   <trkpt lat="4.8069930" lon="-75.7523000">
    <ele>1288.3</ele>
   </trkpt>
   <trkpt lat="4.8069930" lon="-75.7523000">
    <ele>1288.3</ele>
   </trkpt>
   <trkpt lat="4.8069930" lon="-75.7523000">
    <ele>1288.3</ele>
   </trkpt>
   <trkpt lat="4.8069930" lon="-75.7523000">
    <ele>1288.3</ele>
   </trkpt>
   <trkpt lat="4.8069930" lon="-75.7523000">
    <ele>1288.3</ele>
   </trkpt>
   <trkpt lat="4.8069930" lon="-75.7523000">
    <ele>1288.3</ele>
   </trkpt>
   <trkpt lat="4.8069930" lon="-75.7523000">
    <ele>1288.3</ele>
   </trkpt>
   <trkpt lat="4.8069930" lon="-75.7523000">
    <ele>1288.3</ele>
   </trkpt>
   <trkpt lat="4.8069930" lon="-75.7523000">
    <ele>1288.3</ele>
   </trkpt>
   <trkpt lat="4.8069930" lon="-75.7523000">
    <ele>1288.3</ele>
   </trkpt>
   <trkpt lat="4.8069930" lon="-75.7523000">
    <ele>1288.3</ele>
   </trkpt>
   <trkpt lat="4.8069930" lon="-75.7523000">
    <ele>1288.3</ele>
   </trkpt>
   <trkpt lat="4.8069930" lon="-75.7523000">
    <ele>1288.3</ele>
   </trkpt>
   <trkpt lat="4.8069930" lon="-75.7523000">
    <ele>1288.3</ele>
   </trkpt>
   <trkpt lat="4.8069930" lon="-75.7523000">
    <ele>1288.3</ele>
   </trkpt>
   <trkpt lat="4.8069930" lon="-75.7523000">
    <ele>1288.3</ele>
   </trkpt>
   <trkpt lat="4.8069930" lon="-75.7523000">
    <ele>1288.3</ele>
   </trkpt>
   <trkpt lat="4.8069930" lon="-75.7523000">
    <ele>1288.3</ele>
   </trkpt>
   <trkpt lat="4.8069930" lon="-75.7523000">
    <ele>1288.3</ele>
   </trkpt>
   <trkpt lat="4.8069930" lon="-75.7523000">
    <ele>1288.3</ele>
   </trkpt>
   <trkpt lat="4.8069930" lon="-75.7523000">
    <ele>1288.3</ele>
   </trkpt>
   <trkpt lat="4.8069930" lon="-75.7523000">
    <ele>1288.3</ele>
   </trkpt>
   <trkpt lat="4.8069930" lon="-75.7523000">
    <ele>1288.3</ele>
   </trkpt>
   <trkpt lat="4.8069930" lon="-75.7523000">
    <ele>1288.3</ele>
   </trkpt>
   <trkpt lat="4.8069930" lon="-75.7523000">
    <ele>1288.3</ele>
   </trkpt>
   <trkpt lat="4.8069930" lon="-75.7523000">
    <ele>1288.3</ele>
   </trkpt>
   <trkpt lat="4.8069930" lon="-75.7523000">
    <ele>1288.3</ele>
   </trkpt>
   <trkpt lat="4.8069930" lon="-75.7523000">
    <ele>1288.3</ele>
   </trkpt>
   <trkpt lat="4.8069930" lon="-75.7523000">
    <ele>1288.3</ele>
   </trkpt>
   <trkpt lat="4.8069930" lon="-75.7523000">
    <ele>1288.3</ele>
   </trkpt>
   <trkpt lat="4.8069930" lon="-75.7523000">
    <ele>1288.3</ele>
   </trkpt>
   <trkpt lat="4.8069930" lon="-75.7523000">
    <ele>1288.3</ele>
   </trkpt>
   <trkpt lat="4.8069930" lon="-75.7523000">
    <ele>1288.3</ele>
   </trkpt>
   <trkpt lat="4.8069930" lon="-75.7523000">
    <ele>1288.3</ele>
   </trkpt>
   <trkpt lat="4.8069930" lon="-75.7523000">
    <ele>1288.3</ele>
   </trkpt>
   <trkpt lat="4.8069930" lon="-75.7523000">
    <ele>1288.3</ele>
   </trkpt>
   <trkpt lat="4.8069930" lon="-75.7523000">
    <ele>1288.3</ele>
   </trkpt>
   <trkpt lat="4.8069930" lon="-75.7523000">
    <ele>1288.3</ele>
   </trkpt>
   <trkpt lat="4.8069930" lon="-75.7523000">
    <ele>1288.3</ele>
   </trkpt>
   <trkpt lat="4.8069930" lon="-75.7523000">
    <ele>1288.3</ele>
   </trkpt>
   <trkpt lat="4.8069930" lon="-75.7523000">
    <ele>1288.3</ele>
   </trkpt>
   <trkpt lat="4.8069930" lon="-75.7523000">
    <ele>1288.3</ele>
   </trkpt>
   <trkpt lat="4.8069930" lon="-75.7523000">
    <ele>1288.3</ele>
   </trkpt>
   <trkpt lat="4.8069930" lon="-75.7523000">
    <ele>1288.3</ele>
   </trkpt>
   <trkpt lat="4.8069930" lon="-75.7523000">
    <ele>1288.3</ele>
   </trkpt>
   <trkpt lat="4.8069930" lon="-75.7523000">
    <ele>1288.3</ele>
   </trkpt>
   <trkpt lat="4.8069930" lon="-75.7523000">
    <ele>1288.3</ele>
   </trkpt>
   <trkpt lat="4.8069930" lon="-75.7523000">
    <ele>1288.3</ele>
   </trkpt>
   <trkpt lat="4.8069930" lon="-75.7523000">
    <ele>1288.3</ele>
   </trkpt>
   <trkpt lat="4.8069930" lon="-75.7523000">
    <ele>1288.3</ele>
   </trkpt>
   <trkpt lat="4.8069930" lon="-75.7523000">
    <ele>1288.3</ele>
   </trkpt>
   <trkpt lat="4.8069930" lon="-75.7523000">
    <ele>1288.3</ele>
   </trkpt>
   <trkpt lat="4.8069930" lon="-75.7523000">
    <ele>1288.3</ele>
   </trkpt>
   <trkpt lat="4.8069930" lon="-75.7523000">
    <ele>1288.3</ele>
   </trkpt>
   <trkpt lat="4.8069930" lon="-75.7523000">
    <ele>1288.3</ele>
   </trkpt>
   <trkpt lat="4.8069930" lon="-75.7523000">
    <ele>1288.3</ele>
   </trkpt>
   <trkpt lat="4.8069930" lon="-75.7523000">
    <ele>1288.3</ele>
   </trkpt>
   <trkpt lat="4.8069930" lon="-75.7523000">
    <ele>1288.3</ele>
   </trkpt>
   <trkpt lat="4.8069930" lon="-75.7523000">
    <ele>1288.3</ele>
   </trkpt>
   <trkpt lat="4.8069930" lon="-75.7523000">
    <ele>1288.3</ele>
   </trkpt>
   <trkpt lat="4.8069930" lon="-75.7523000">
    <ele>1288.3</ele>
   </trkpt>
   <trkpt lat="4.8069930" lon="-75.7523000">
    <ele>1288.3</ele>
   </trkpt>
   <trkpt lat="4.8069930" lon="-75.7523000">
    <ele>1288.3</ele>
   </trkpt>
   <trkpt lat="4.8069930" lon="-75.7523000">
    <ele>1288.3</ele>
   </trkpt>
   <trkpt lat="4.8069930" lon="-75.7523000">
    <ele>1288.3</ele>
   </trkpt>
   <trkpt lat="4.8069930" lon="-75.7523000">
    <ele>1288.3</ele>
   </trkpt>
   <trkpt lat="4.8069930" lon="-75.7523000">
    <ele>1288.3</ele>
   </trkpt>
   <trkpt lat="4.8069930" lon="-75.7523000">
    <ele>1288.3</ele>
   </trkpt>
   <trkpt lat="4.8069930" lon="-75.7523000">
    <ele>1288.3</ele>
   </trkpt>
   <trkpt lat="4.8069930" lon="-75.7523000">
    <ele>1288.3</ele>
   </trkpt>
   <trkpt lat="4.8069930" lon="-75.7523000">
    <ele>1288.3</ele>
   </trkpt>
   <trkpt lat="4.8069930" lon="-75.7523000">
    <ele>1288.3</ele>
   </trkpt>
   <trkpt lat="4.8069930" lon="-75.7523000">
    <ele>1288.3</ele>
   </trkpt>
   <trkpt lat="4.8069930" lon="-75.7523000">
    <ele>1288.3</ele>
   </trkpt>
   <trkpt lat="4.8069930" lon="-75.7523000">
    <ele>1288.3</ele>
   </trkpt>
   <trkpt lat="4.8069930" lon="-75.7523000">
    <ele>1288.3</ele>
   </trkpt>
   <trkpt lat="4.8069930" lon="-75.7523000">
    <ele>1288.3</ele>
   </trkpt>
   <trkpt lat="4.8069930" lon="-75.7523000">
    <ele>1288.3</ele>
   </trkpt>
   <trkpt lat="4.8069930" lon="-75.7523000">
    <ele>1288.3</ele>
   </trkpt>
   <trkpt lat="4.8069930" lon="-75.7523000">
    <ele>1288.3</ele>
   </trkpt>
   <trkpt lat="4.8069930" lon="-75.7523000">
    <ele>1288.3</ele>
   </trkpt>
   <trkpt lat="4.8069930" lon="-75.7523000">
    <ele>1288.3</ele>
   </trkpt>
   <trkpt lat="4.8069930" lon="-75.7523000">
    <ele>1288.3</ele>
   </trkpt>
   <trkpt lat="4.8069930" lon="-75.7523000">
    <ele>1288.3</ele>
   </trkpt>
   <trkpt lat="4.8069930" lon="-75.7523000">
    <ele>1288.3</ele>
   </trkpt>
   <trkpt lat="4.8069930" lon="-75.7523000">
    <ele>1288.3</ele>
   </trkpt>
   <trkpt lat="4.8069930" lon="-75.7523000">
    <ele>1288.3</ele>
   </trkpt>
   <trkpt lat="4.8069930" lon="-75.7523000">
    <ele>1288.3</ele>
   </trkpt>
   <trkpt lat="4.8069930" lon="-75.7523000">
    <ele>1288.3</ele>
   </trkpt>
   <trkpt lat="4.8069930" lon="-75.7523000">
    <ele>1288.3</ele>
   </trkpt>
   <trkpt lat="4.8069930" lon="-75.7523000">
    <ele>1288.3</ele>
   </trkpt>
   <trkpt lat="4.8069930" lon="-75.7523000">
    <ele>1288.3</ele>
   </trkpt>
   <trkpt lat="4.8069930" lon="-75.7523000">
    <ele>1288.3</ele>
   </trkpt>
   <trkpt lat="4.8069930" lon="-75.7523000">
    <ele>1288.3</ele>
   </trkpt>
   <trkpt lat="4.8069930" lon="-75.7523000">
    <ele>1288.3</ele>
   </trkpt>
   <trkpt lat="4.8069930" lon="-75.7523000">
    <ele>1288.3</ele>
   </trkpt>
   <trkpt lat="4.8069930" lon="-75.7523000">
    <ele>1288.3</ele>
   </trkpt>
   <trkpt lat="4.8069930" lon="-75.7523000">
    <ele>1288.3</ele>
   </trkpt>
   <trkpt lat="4.8069930" lon="-75.7523000">
    <ele>1288.3</ele>
   </trkpt>
   <trkpt lat="4.8069930" lon="-75.7523000">
    <ele>1288.3</ele>
   </trkpt>
   <trkpt lat="4.8069930" lon="-75.7523000">
    <ele>1288.3</ele>
   </trkpt>
   <trkpt lat="4.8069930" lon="-75.7523000">
    <ele>1288.3</ele>
   </trkpt>
   <trkpt lat="4.8069930" lon="-75.7523000">
    <ele>1288.3</ele>
   </trkpt>
   <trkpt lat="4.8069930" lon="-75.7523000">
    <ele>1288.3</ele>
   </trkpt>
   <trkpt lat="4.8069930" lon="-75.7523000">
    <ele>1288.3</ele>
   </trkpt>
   <trkpt lat="4.8069930" lon="-75.7523000">
    <ele>1288.3</ele>
   </trkpt>
   <trkpt lat="4.8069930" lon="-75.7523000">
    <ele>1288.3</ele>
   </trkpt>
   <trkpt lat="4.8069930" lon="-75.7523000">
    <ele>1288.3</ele>
   </trkpt>
   <trkpt lat="4.8069930" lon="-75.7523000">
    <ele>1288.3</ele>
   </trkpt>
   <trkpt lat="4.8069930" lon="-75.7523000">
    <ele>1288.3</ele>
   </trkpt>
   <trkpt lat="4.8069930" lon="-75.7523000">
    <ele>1288.3</ele>
   </trkpt>
   <trkpt lat="4.8069930" lon="-75.7523000">
    <ele>1288.3</ele>
   </trkpt>
   <trkpt lat="4.8069930" lon="-75.7523000">
    <ele>1288.3</ele>
   </trkpt>
   <trkpt lat="4.8069930" lon="-75.7523000">
    <ele>1288.3</ele>
   </trkpt>
   <trkpt lat="4.8069930" lon="-75.7523000">
    <ele>1288.3</ele>
   </trkpt>
   <trkpt lat="4.8069930" lon="-75.7523000">
    <ele>1288.3</ele>
   </trkpt>
   <trkpt lat="4.8069930" lon="-75.7523000">
    <ele>1288.3</ele>
   </trkpt>
   <trkpt lat="4.8069930" lon="-75.7523000">
    <ele>1288.3</ele>
   </trkpt>
   <trkpt lat="4.8069930" lon="-75.7523000">
    <ele>1288.3</ele>
   </trkpt>
   <trkpt lat="4.8069930" lon="-75.7523000">
    <ele>1288.3</ele>
   </trkpt>
   <trkpt lat="4.8069930" lon="-75.7523000">
    <ele>1288.3</ele>
   </trkpt>
   <trkpt lat="4.8069930" lon="-75.7523000">
    <ele>1288.3</ele>
   </trkpt>
   <trkpt lat="4.8069930" lon="-75.7523000">
    <ele>1288.3</ele>
   </trkpt>
   <trkpt lat="4.8069930" lon="-75.7523000">
    <ele>1288.3</ele>
   </trkpt>
   <trkpt lat="4.8069930" lon="-75.7523000">
    <ele>1288.3</ele>
   </trkpt>
   <trkpt lat="4.8069930" lon="-75.7523000">
    <ele>1288.3</ele>
   </trkpt>
   <trkpt lat="4.8069930" lon="-75.7523000">
    <ele>1288.3</ele>
   </trkpt>
   <trkpt lat="4.8069930" lon="-75.7523000">
    <ele>1288.3</ele>
   </trkpt>
   <trkpt lat="4.8069930" lon="-75.7523000">
    <ele>1288.3</ele>
   </trkpt>
   <trkpt lat="4.8069930" lon="-75.7523000">
    <ele>1288.3</ele>
   </trkpt>
   <trkpt lat="4.8069930" lon="-75.7523000">
    <ele>1288.3</ele>
   </trkpt>
   <trkpt lat="4.8069930" lon="-75.7523000">
    <ele>1288.3</ele>
   </trkpt>
   <trkpt lat="4.8069930" lon="-75.7523000">
    <ele>1288.3</ele>
   </trkpt>
   <trkpt lat="4.8069930" lon="-75.7523000">
    <ele>1288.3</ele>
   </trkpt>
   <trkpt lat="4.8069930" lon="-75.7523000">
    <ele>1288.3</ele>
   </trkpt>
   <trkpt lat="4.8069930" lon="-75.7523000">
    <ele>1288.3</ele>
   </trkpt>
   <trkpt lat="4.8069750" lon="-75.7523030">
    <ele>1288.9</ele>
   </trkpt>
   <trkpt lat="4.8069560" lon="-75.7523060">
    <ele>1289.6</ele>
   </trkpt>
   <trkpt lat="4.8069380" lon="-75.7523100">
    <ele>1290.3</ele>
   </trkpt>
   <trkpt lat="4.8069200" lon="-75.7523130">
    <ele>1290.5</ele>
   </trkpt>
   <trkpt lat="4.8069020" lon="-75.7523170">
    <ele>1290.3</ele>
   </trkpt>
   <trkpt lat="4.8068830" lon="-75.7523200">
    <ele>1290.1</ele>
   </trkpt>
   <trkpt lat="4.8068650" lon="-75.7523240">
    <ele>1289.9</ele>
   </trkpt>
   <trkpt lat="4.8068580" lon="-75.7523290">
    <ele>1289.8</ele>
   </trkpt>
   <trkpt lat="4.8068500" lon="-75.7523330">
    <ele>1289.7</ele>
   </trkpt>
   <trkpt lat="4.8068420" lon="-75.7523360">
    <ele>1289.6</ele>
   </trkpt>
   <trkpt lat="4.8068330" lon="-75.7523400">
    <ele>1289.5</ele>
   </trkpt>
   <trkpt lat="4.8068240" lon="-75.7523430">
    <ele>1289.4</ele>
   </trkpt>
   <trkpt lat="4.8068160" lon="-75.7523450">
    <ele>1289.3</ele>
   </trkpt>
   <trkpt lat="4.8068100" lon="-75.7523470">
    <ele>1289.3</ele>
   </trkpt>
   <trkpt lat="4.8068020" lon="-75.7523510">
    <ele>1289.2</ele>
   </trkpt>
   <trkpt lat="4.8067950" lon="-75.7523550">
    <ele>1289.1</ele>
   </trkpt>
   <trkpt lat="4.8067890" lon="-75.7523600">
    <ele>1289.0</ele>
   </trkpt>
   <trkpt lat="4.8067850" lon="-75.7523650">
    <ele>1289.0</ele>
   </trkpt>
   <trkpt lat="4.8067810" lon="-75.7523700">
    <ele>1288.9</ele>
   </trkpt>
   <trkpt lat="4.8067790" lon="-75.7523720">
    <ele>1288.9</ele>
   </trkpt>
   <trkpt lat="4.8067760" lon="-75.7523710">
    <ele>1288.9</ele>
   </trkpt>
   <trkpt lat="4.8067730" lon="-75.7523700">
    <ele>1288.8</ele>
   </trkpt>
   <trkpt lat="4.8067710" lon="-75.7523700">
    <ele>1288.8</ele>
   </trkpt>
   <trkpt lat="4.8067690" lon="-75.7523700">
    <ele>1288.8</ele>
   </trkpt>
   <trkpt lat="4.8067670" lon="-75.7523690">
    <ele>1288.8</ele>
   </trkpt>
   <trkpt lat="4.8067660" lon="-75.7523700">
    <ele>1288.8</ele>
   </trkpt>
   <trkpt lat="4.8067630" lon="-75.7523740">
    <ele>1288.7</ele>
   </trkpt>
   <trkpt lat="4.8067600" lon="-75.7523790">
    <ele>1288.7</ele>
   </trkpt>
   <trkpt lat="4.8067560" lon="-75.7523840">
    <ele>1288.7</ele>
   </trkpt>
   <trkpt lat="4.8067510" lon="-75.7523890">
    <ele>1288.7</ele>
   </trkpt>
   <trkpt lat="4.8067450" lon="-75.7523930">
    <ele>1288.6</ele>
   </trkpt>
   <trkpt lat="4.8067390" lon="-75.7523970">
    <ele>1288.6</ele>
   </trkpt>
   <trkpt lat="4.8067340" lon="-75.7524030">
    <ele>1288.6</ele>
   </trkpt>
   <trkpt lat="4.8067280" lon="-75.7524090">
    <ele>1288.6</ele>
   </trkpt>
   <trkpt lat="4.8067220" lon="-75.7524160">
    <ele>1288.5</ele>
   </trkpt>
   <trkpt lat="4.8067170" lon="-75.7524240">
    <ele>1288.5</ele>
   </trkpt>
   <trkpt lat="4.8067120" lon="-75.7524330">
    <ele>1288.4</ele>
   </trkpt>
   <trkpt lat="4.8067080" lon="-75.7524410">
    <ele>1288.4</ele>
   </trkpt>
   <trkpt lat="4.8067040" lon="-75.7524500">
    <ele>1288.4</ele>
   </trkpt>
   <trkpt lat="4.8067000" lon="-75.7524580">
    <ele>1288.3</ele>
   </trkpt>
   <trkpt lat="4.8066960" lon="-75.7524670">
    <ele>1288.3</ele>
   </trkpt>
   <trkpt lat="4.8066920" lon="-75.7524760">
    <ele>1288.3</ele>
   </trkpt>
   <trkpt lat="4.8066890" lon="-75.7524850">
    <ele>1288.3</ele>
   </trkpt>
   <trkpt lat="4.8066860" lon="-75.7524950">
    <ele>1288.2</ele>
   </trkpt>
   <trkpt lat="4.8066830" lon="-75.7525050">
    <ele>1288.2</ele>
   </trkpt>
   <trkpt lat="4.8066800" lon="-75.7525140">
    <ele>1288.1</ele>
   </trkpt>
   <trkpt lat="4.8066790" lon="-75.7525230">
    <ele>1288.1</ele>
   </trkpt>
   <trkpt lat="4.8066770" lon="-75.7525350">
    <ele>1288.1</ele>
   </trkpt>
   <trkpt lat="4.8066750" lon="-75.7525470">
    <ele>1288.0</ele>
   </trkpt>
   <trkpt lat="4.8066730" lon="-75.7525560">
    <ele>1287.9</ele>
   </trkpt>
   <trkpt lat="4.8066710" lon="-75.7525660">
    <ele>1287.9</ele>
   </trkpt>
   <trkpt lat="4.8066690" lon="-75.7525750">
    <ele>1287.8</ele>
   </trkpt>
   <trkpt lat="4.8066670" lon="-75.7525850">
    <ele>1287.8</ele>
   </trkpt>
   <trkpt lat="4.8066660" lon="-75.7525940">
    <ele>1287.7</ele>
   </trkpt>
   <trkpt lat="4.8066640" lon="-75.7526030">
    <ele>1287.7</ele>
   </trkpt>
   <trkpt lat="4.8066620" lon="-75.7526130">
    <ele>1287.6</ele>
   </trkpt>
   <trkpt lat="4.8066610" lon="-75.7526210">
    <ele>1287.6</ele>
   </trkpt>
   <trkpt lat="4.8066600" lon="-75.7526300">
    <ele>1287.6</ele>
   </trkpt>
   <trkpt lat="4.8066590" lon="-75.7526390">
    <ele>1287.5</ele>
   </trkpt>
   <trkpt lat="4.8066560" lon="-75.7526490">
    <ele>1287.5</ele>
   </trkpt>
   <trkpt lat="4.8066530" lon="-75.7526580">
    <ele>1287.4</ele>
   </trkpt>
   <trkpt lat="4.8066470" lon="-75.7526670">
    <ele>1287.4</ele>
   </trkpt>
   <trkpt lat="4.8066420" lon="-75.7526770">
    <ele>1287.3</ele>
   </trkpt>
   <trkpt lat="4.8066350" lon="-75.7526870">
    <ele>1287.2</ele>
   </trkpt>
   <trkpt lat="4.8066280" lon="-75.7526960">
    <ele>1287.2</ele>
   </trkpt>
   <trkpt lat="4.8066200" lon="-75.7527050">
    <ele>1287.1</ele>
   </trkpt>
   <trkpt lat="4.8066130" lon="-75.7527130">
    <ele>1287.1</ele>
   </trkpt>
   <trkpt lat="4.8066070" lon="-75.7527200">
    <ele>1287.0</ele>
   </trkpt>
   <trkpt lat="4.8065970" lon="-75.7527290">
    <ele>1286.9</ele>
   </trkpt>
   <trkpt lat="4.8065840" lon="-75.7527420">
    <ele>1286.8</ele>
   </trkpt>
   <trkpt lat="4.8065720" lon="-75.7527550">
    <ele>1286.8</ele>
   </trkpt>
   <trkpt lat="4.8065620" lon="-75.7527650">
    <ele>1286.7</ele>
   </trkpt>
   <trkpt lat="4.8065530" lon="-75.7527750">
    <ele>1286.6</ele>
   </trkpt>
   <trkpt lat="4.8065440" lon="-75.7527840">
    <ele>1286.6</ele>
   </trkpt>
   <trkpt lat="4.8065350" lon="-75.7527930">
    <ele>1286.5</ele>
   </trkpt>
   <trkpt lat="4.8065250" lon="-75.7528000">
    <ele>1286.4</ele>
   </trkpt>
   <trkpt lat="4.8065160" lon="-75.7528070">
    <ele>1286.4</ele>
   </trkpt>
   <trkpt lat="4.8065070" lon="-75.7528140">
    <ele>1286.3</ele>
   </trkpt>
   <trkpt lat="4.8064970" lon="-75.7528220">
    <ele>1286.3</ele>
   </trkpt>
   <trkpt lat="4.8064880" lon="-75.7528290">
    <ele>1286.2</ele>
   </trkpt>
   <trkpt lat="4.8064800" lon="-75.7528370">
    <ele>1286.2</ele>
   </trkpt>
   <trkpt lat="4.8064730" lon="-75.7528450">
    <ele>1286.2</ele>
   </trkpt>
   <trkpt lat="4.8064650" lon="-75.7528530">
    <ele>1286.2</ele>
   </trkpt>
   <trkpt lat="4.8064560" lon="-75.7528590">
    <ele>1286.2</ele>
   </trkpt>
   <trkpt lat="4.8064470" lon="-75.7528650">
    <ele>1286.2</ele>
   </trkpt>
   <trkpt lat="4.8064380" lon="-75.7528720">
    <ele>1286.2</ele>
   </trkpt>
   <trkpt lat="4.8064290" lon="-75.7528780">
    <ele>1286.2</ele>
   </trkpt>
   <trkpt lat="4.8064200" lon="-75.7528830">
    <ele>1286.2</ele>
   </trkpt>
   <trkpt lat="4.8064120" lon="-75.7528880">
    <ele>1286.2</ele>
   </trkpt>
   <trkpt lat="4.8064040" lon="-75.7528930">
    <ele>1286.2</ele>
   </trkpt>
   <trkpt lat="4.8063980" lon="-75.7528980">
    <ele>1286.1</ele>
   </trkpt>
   <trkpt lat="4.8063910" lon="-75.7529030">
    <ele>1286.1</ele>
   </trkpt>
   <trkpt lat="4.8063850" lon="-75.7529080">
    <ele>1286.1</ele>
   </trkpt>
   <trkpt lat="4.8063770" lon="-75.7529130">
    <ele>1286.1</ele>
   </trkpt>
   <trkpt lat="4.8063700" lon="-75.7529190">
    <ele>1286.1</ele>
   </trkpt>
   <trkpt lat="4.8063620" lon="-75.7529230">
    <ele>1286.1</ele>
   </trkpt>
   <trkpt lat="4.8063530" lon="-75.7529260">
    <ele>1286.1</ele>
   </trkpt>
   <trkpt lat="4.8063450" lon="-75.7529290">
    <ele>1286.1</ele>
   </trkpt>
   <trkpt lat="4.8063360" lon="-75.7529300">
    <ele>1286.1</ele>
   </trkpt>
   <trkpt lat="4.8063270" lon="-75.7529300">
    <ele>1286.1</ele>
   </trkpt>
   <trkpt lat="4.8063200" lon="-75.7529300">
    <ele>1286.1</ele>
   </trkpt>
   <trkpt lat="4.8063140" lon="-75.7529290">
    <ele>1286.1</ele>
   </trkpt>
   <trkpt lat="4.8063070" lon="-75.7529270">
    <ele>1286.1</ele>
   </trkpt>
   <trkpt lat="4.8062990" lon="-75.7529250">
    <ele>1286.1</ele>
   </trkpt>
   <trkpt lat="4.8062900" lon="-75.7529220">
    <ele>1286.1</ele>
   </trkpt>
   <trkpt lat="4.8062810" lon="-75.7529190">
    <ele>1286.1</ele>
   </trkpt>
   <trkpt lat="4.8062720" lon="-75.7529170">
    <ele>1286.1</ele>
   </trkpt>
   <trkpt lat="4.8062640" lon="-75.7529140">
    <ele>1286.1</ele>
   </trkpt>
   <trkpt lat="4.8062560" lon="-75.7529120">
    <ele>1286.1</ele>
   </trkpt>
   <trkpt lat="4.8062480" lon="-75.7529100">
    <ele>1286.1</ele>
   </trkpt>
   <trkpt lat="4.8062400" lon="-75.7529080">
    <ele>1286.1</ele>
   </trkpt>
   <trkpt lat="4.8062330" lon="-75.7529050">
    <ele>1286.1</ele>
   </trkpt>
   <trkpt lat="4.8062260" lon="-75.7529020">
    <ele>1286.1</ele>
   </trkpt>
   <trkpt lat="4.8062190" lon="-75.7528990">
    <ele>1286.1</ele>
   </trkpt>
   <trkpt lat="4.8062110" lon="-75.7528940">
    <ele>1286.1</ele>
   </trkpt>
   <trkpt lat="4.8062020" lon="-75.7528900">
    <ele>1286.1</ele>
   </trkpt>
   <trkpt lat="4.8061930" lon="-75.7528850">
    <ele>1286.1</ele>
   </trkpt>
   <trkpt lat="4.8061840" lon="-75.7528810">
    <ele>1286.1</ele>
   </trkpt>
   <trkpt lat="4.8061760" lon="-75.7528770">
    <ele>1286.1</ele>
   </trkpt>
   <trkpt lat="4.8061670" lon="-75.7528720">
    <ele>1286.1</ele>
   </trkpt>
   <trkpt lat="4.8061590" lon="-75.7528670">
    <ele>1286.1</ele>
   </trkpt>
   <trkpt lat="4.8061530" lon="-75.7528630">
    <ele>1286.0</ele>
   </trkpt>
   <trkpt lat="4.8061470" lon="-75.7528600">
    <ele>1286.0</ele>
   </trkpt>
   <trkpt lat="4.8061390" lon="-75.7528560">
    <ele>1286.0</ele>
   </trkpt>
   <trkpt lat="4.8061310" lon="-75.7528520">
    <ele>1286.0</ele>
   </trkpt>
   <trkpt lat="4.8061220" lon="-75.7528470">
    <ele>1286.0</ele>
   </trkpt>
   <trkpt lat="4.8061120" lon="-75.7528420">
    <ele>1286.0</ele>
   </trkpt>
   <trkpt lat="4.8061020" lon="-75.7528370">
    <ele>1286.0</ele>
   </trkpt>
   <trkpt lat="4.8060920" lon="-75.7528330">
    <ele>1286.0</ele>
   </trkpt>
   <trkpt lat="4.8060820" lon="-75.7528290">
    <ele>1286.0</ele>
   </trkpt>
   <trkpt lat="4.8060710" lon="-75.7528250">
    <ele>1286.0</ele>
   </trkpt>
   <trkpt lat="4.8060600" lon="-75.7528220">
    <ele>1286.0</ele>
   </trkpt>
   <trkpt lat="4.8060500" lon="-75.7528200">
    <ele>1286.0</ele>
   </trkpt>
   <trkpt lat="4.8060390" lon="-75.7528170">
    <ele>1286.0</ele>
   </trkpt>
   <trkpt lat="4.8060280" lon="-75.7528150">
    <ele>1286.0</ele>
   </trkpt>
   <trkpt lat="4.8060180" lon="-75.7528140">
    <ele>1286.0</ele>
   </trkpt>
   <trkpt lat="4.8060070" lon="-75.7528130">
    <ele>1285.9</ele>
   </trkpt>
   <trkpt lat="4.8059950" lon="-75.7528130">
    <ele>1285.9</ele>
   </trkpt>
   <trkpt lat="4.8059840" lon="-75.7528140">
    <ele>1285.9</ele>
   </trkpt>
   <trkpt lat="4.8059740" lon="-75.7528150">
    <ele>1285.9</ele>
   </trkpt>
   <trkpt lat="4.8059640" lon="-75.7528160">
    <ele>1285.9</ele>
   </trkpt>
   <trkpt lat="4.8059530" lon="-75.7528170">
    <ele>1285.9</ele>
   </trkpt>
   <trkpt lat="4.8059430" lon="-75.7528190">
    <ele>1285.9</ele>
   </trkpt>
   <trkpt lat="4.8059320" lon="-75.7528220">
    <ele>1285.9</ele>
   </trkpt>
   <trkpt lat="4.8059200" lon="-75.7528250">
    <ele>1285.8</ele>
   </trkpt>
   <trkpt lat="4.8059100" lon="-75.7528300">
    <ele>1285.8</ele>
   </trkpt>
   <trkpt lat="4.8059010" lon="-75.7528360">
    <ele>1285.8</ele>
   </trkpt>
   <trkpt lat="4.8058920" lon="-75.7528420">
    <ele>1285.8</ele>
   </trkpt>
   <trkpt lat="4.8058840" lon="-75.7528490">
    <ele>1285.8</ele>
   </trkpt>
   <trkpt lat="4.8058760" lon="-75.7528560">
    <ele>1285.7</ele>
   </trkpt>
   <trkpt lat="4.8058680" lon="-75.7528610">
    <ele>1285.7</ele>
   </trkpt>
   <trkpt lat="4.8058610" lon="-75.7528660">
    <ele>1285.6</ele>
   </trkpt>
   <trkpt lat="4.8058550" lon="-75.7528700">
    <ele>1285.6</ele>
   </trkpt>
   <trkpt lat="4.8058490" lon="-75.7528730">
    <ele>1285.5</ele>
   </trkpt>
   <trkpt lat="4.8058440" lon="-75.7528790">
    <ele>1285.5</ele>
   </trkpt>
   <trkpt lat="4.8058390" lon="-75.7528860">
    <ele>1285.5</ele>
   </trkpt>
   <trkpt lat="4.8058350" lon="-75.7528930">
    <ele>1285.4</ele>
   </trkpt>
   <trkpt lat="4.8058300" lon="-75.7529000">
    <ele>1285.4</ele>
   </trkpt>
   <trkpt lat="4.8058260" lon="-75.7529070">
    <ele>1285.3</ele>
   </trkpt>
   <trkpt lat="4.8058220" lon="-75.7529140">
    <ele>1285.3</ele>
   </trkpt>
   <trkpt lat="4.8058180" lon="-75.7529210">
    <ele>1285.2</ele>
   </trkpt>
   <trkpt lat="4.8058150" lon="-75.7529290">
    <ele>1285.2</ele>
   </trkpt>
   <trkpt lat="4.8058120" lon="-75.7529380">
    <ele>1285.1</ele>
   </trkpt>
   <trkpt lat="4.8058080" lon="-75.7529480">
    <ele>1285.1</ele>
   </trkpt>
   <trkpt lat="4.8058030" lon="-75.7529570">
    <ele>1285.0</ele>
   </trkpt>
   <trkpt lat="4.8057970" lon="-75.7529680">
    <ele>1284.9</ele>
   </trkpt>
   <trkpt lat="4.8057900" lon="-75.7529780">
    <ele>1284.8</ele>
   </trkpt>
   <trkpt lat="4.8057850" lon="-75.7529870">
    <ele>1284.8</ele>
   </trkpt>
   <trkpt lat="4.8057790" lon="-75.7529950">
    <ele>1284.7</ele>
   </trkpt>
   <trkpt lat="4.8057730" lon="-75.7530050">
    <ele>1284.6</ele>
   </trkpt>
   <trkpt lat="4.8057670" lon="-75.7530140">
    <ele>1284.5</ele>
   </trkpt>
   <trkpt lat="4.8057620" lon="-75.7530230">
    <ele>1284.4</ele>
   </trkpt>
   <trkpt lat="4.8057600" lon="-75.7530310">
    <ele>1284.4</ele>
   </trkpt>
   <trkpt lat="4.8057580" lon="-75.7530390">
    <ele>1284.3</ele>
   </trkpt>
   <trkpt lat="4.8057580" lon="-75.7530460">
    <ele>1284.2</ele>
   </trkpt>
   <trkpt lat="4.8057580" lon="-75.7530540">
    <ele>1284.2</ele>
   </trkpt>
   <trkpt lat="4.8057590" lon="-75.7530620">
    <ele>1284.1</ele>
   </trkpt>
   <trkpt lat="4.8057580" lon="-75.7530710">
    <ele>1284.0</ele>
   </trkpt>
   <trkpt lat="4.8057570" lon="-75.7530800">
    <ele>1284.0</ele>
   </trkpt>
   <trkpt lat="4.8057550" lon="-75.7530890">
    <ele>1283.9</ele>
   </trkpt>
   <trkpt lat="4.8057540" lon="-75.7530980">
    <ele>1283.8</ele>
   </trkpt>
   <trkpt lat="4.8057520" lon="-75.7531070">
    <ele>1283.7</ele>
   </trkpt>
   <trkpt lat="4.8057500" lon="-75.7531150">
    <ele>1283.7</ele>
   </trkpt>
   <trkpt lat="4.8057480" lon="-75.7531230">
    <ele>1283.6</ele>
   </trkpt>
   <trkpt lat="4.8057450" lon="-75.7531310">
    <ele>1283.5</ele>
   </trkpt>
   <trkpt lat="4.8057430" lon="-75.7531390">
    <ele>1283.4</ele>
   </trkpt>
   <trkpt lat="4.8057400" lon="-75.7531480">
    <ele>1283.4</ele>
   </trkpt>
   <trkpt lat="4.8057380" lon="-75.7531560">
    <ele>1283.3</ele>
   </trkpt>
   <trkpt lat="4.8057360" lon="-75.7531650">
    <ele>1283.2</ele>
   </trkpt>
   <trkpt lat="4.8057330" lon="-75.7531750">
    <ele>1283.1</ele>
   </trkpt>
   <trkpt lat="4.8057290" lon="-75.7531870">
    <ele>1283.0</ele>
   </trkpt>
   <trkpt lat="4.8057260" lon="-75.7531960">
    <ele>1282.9</ele>
   </trkpt>
   <trkpt lat="4.8057230" lon="-75.7532040">
    <ele>1282.9</ele>
   </trkpt>
   <trkpt lat="4.8057210" lon="-75.7532140">
    <ele>1282.8</ele>
   </trkpt>
   <trkpt lat="4.8057190" lon="-75.7532230">
    <ele>1282.7</ele>
   </trkpt>
   <trkpt lat="4.8057160" lon="-75.7532310">
    <ele>1282.6</ele>
   </trkpt>
   <trkpt lat="4.8057140" lon="-75.7532400">
    <ele>1282.5</ele>
   </trkpt>
   <trkpt lat="4.8057110" lon="-75.7532480">
    <ele>1282.4</ele>
   </trkpt>
   <trkpt lat="4.8057090" lon="-75.7532560">
    <ele>1282.4</ele>
   </trkpt>
   <trkpt lat="4.8057060" lon="-75.7532640">
    <ele>1282.3</ele>
   </trkpt>
   <trkpt lat="4.8057040" lon="-75.7532720">
    <ele>1282.2</ele>
   </trkpt>
   <trkpt lat="4.8057020" lon="-75.7532810">
    <ele>1282.1</ele>
   </trkpt>
   <trkpt lat="4.8056990" lon="-75.7532900">
    <ele>1282.0</ele>
   </trkpt>
   <trkpt lat="4.8056960" lon="-75.7532990">
    <ele>1281.9</ele>
   </trkpt>
   <trkpt lat="4.8056930" lon="-75.7533080">
    <ele>1281.8</ele>
   </trkpt>
   <trkpt lat="4.8056910" lon="-75.7533170">
    <ele>1281.8</ele>
   </trkpt>
   <trkpt lat="4.8056890" lon="-75.7533260">
    <ele>1281.7</ele>
   </trkpt>
   <trkpt lat="4.8056870" lon="-75.7533350">
    <ele>1281.6</ele>
   </trkpt>
   <trkpt lat="4.8056860" lon="-75.7533440">
    <ele>1281.5</ele>
   </trkpt>
   <trkpt lat="4.8056870" lon="-75.7533540">
    <ele>1281.4</ele>
   </trkpt>
   <trkpt lat="4.8056870" lon="-75.7533640">
    <ele>1281.3</ele>
   </trkpt>
   <trkpt lat="4.8056870" lon="-75.7533720">
    <ele>1281.2</ele>
   </trkpt>
   <trkpt lat="4.8056880" lon="-75.7533780">
    <ele>1281.2</ele>
   </trkpt>
   <trkpt lat="4.8056880" lon="-75.7533890">
    <ele>1281.1</ele>
   </trkpt>
   <trkpt lat="4.8056880" lon="-75.7534010">
    <ele>1280.9</ele>
   </trkpt>
   <trkpt lat="4.8056890" lon="-75.7534110">
    <ele>1280.8</ele>
   </trkpt>
   <trkpt lat="4.8056900" lon="-75.7534180">
    <ele>1280.8</ele>
   </trkpt>
   <trkpt lat="4.8056910" lon="-75.7534240">
    <ele>1280.7</ele>
   </trkpt>
   <trkpt lat="4.8056910" lon="-75.7534320">
    <ele>1280.6</ele>
   </trkpt>
   <trkpt lat="4.8056910" lon="-75.7534410">
    <ele>1280.5</ele>
   </trkpt>
   <trkpt lat="4.8056900" lon="-75.7534490">
    <ele>1280.4</ele>
   </trkpt>
   <trkpt lat="4.8056880" lon="-75.7534570">
    <ele>1280.4</ele>
   </trkpt>
   <trkpt lat="4.8056870" lon="-75.7534650">
    <ele>1280.3</ele>
   </trkpt>
   <trkpt lat="4.8056860" lon="-75.7534730">
    <ele>1280.2</ele>
   </trkpt>
   <trkpt lat="4.8056860" lon="-75.7534810">
    <ele>1280.1</ele>
   </trkpt>
   <trkpt lat="4.8056850" lon="-75.7534890">
    <ele>1280.0</ele>
   </trkpt>
   <trkpt lat="4.8056850" lon="-75.7534980">
    <ele>1279.9</ele>
   </trkpt>
   <trkpt lat="4.8056830" lon="-75.7535080">
    <ele>1279.8</ele>
   </trkpt>
   <trkpt lat="4.8056820" lon="-75.7535170">
    <ele>1279.7</ele>
   </trkpt>
   <trkpt lat="4.8056810" lon="-75.7535270">
    <ele>1279.6</ele>
   </trkpt>
   <trkpt lat="4.8056810" lon="-75.7535360">
    <ele>1279.5</ele>
   </trkpt>
   <trkpt lat="4.8056800" lon="-75.7535450">
    <ele>1279.4</ele>
   </trkpt>
   <trkpt lat="4.8056790" lon="-75.7535550">
    <ele>1279.3</ele>
   </trkpt>
   <trkpt lat="4.8056780" lon="-75.7535630">
    <ele>1279.2</ele>
   </trkpt>
   <trkpt lat="4.8056760" lon="-75.7535700">
    <ele>1279.2</ele>
   </trkpt>
   <trkpt lat="4.8056750" lon="-75.7535790">
    <ele>1279.1</ele>
   </trkpt>
   <trkpt lat="4.8056730" lon="-75.7535890">
    <ele>1279.0</ele>
   </trkpt>
   <trkpt lat="4.8056710" lon="-75.7535980">
    <ele>1278.9</ele>
   </trkpt>
   <trkpt lat="4.8056690" lon="-75.7536080">
    <ele>1278.8</ele>
   </trkpt>
   <trkpt lat="4.8056670" lon="-75.7536160">
    <ele>1278.7</ele>
   </trkpt>
   <trkpt lat="4.8056650" lon="-75.7536260">
    <ele>1278.6</ele>
   </trkpt>
   <trkpt lat="4.8056620" lon="-75.7536350">
    <ele>1278.5</ele>
   </trkpt>
   <trkpt lat="4.8056590" lon="-75.7536440">
    <ele>1278.4</ele>
   </trkpt>
   <trkpt lat="4.8056570" lon="-75.7536520">
    <ele>1278.3</ele>
   </trkpt>
   <trkpt lat="4.8056550" lon="-75.7536610">
    <ele>1278.2</ele>
   </trkpt>
   <trkpt lat="4.8056540" lon="-75.7536700">
    <ele>1278.1</ele>
   </trkpt>
   <trkpt lat="4.8056530" lon="-75.7536790">
    <ele>1278.0</ele>
   </trkpt>
   <trkpt lat="4.8056510" lon="-75.7536890">
    <ele>1277.9</ele>
   </trkpt>
   <trkpt lat="4.8056480" lon="-75.7536980">
    <ele>1277.8</ele>
   </trkpt>
   <trkpt lat="4.8056460" lon="-75.7537060">
    <ele>1277.7</ele>
   </trkpt>
   <trkpt lat="4.8056450" lon="-75.7537150">
    <ele>1277.6</ele>
   </trkpt>
   <trkpt lat="4.8056430" lon="-75.7537240">
    <ele>1277.5</ele>
   </trkpt>
   <trkpt lat="4.8056420" lon="-75.7537330">
    <ele>1277.4</ele>
   </trkpt>
   <trkpt lat="4.8056410" lon="-75.7537410">
    <ele>1277.3</ele>
   </trkpt>
   <trkpt lat="4.8056400" lon="-75.7537480">
    <ele>1277.3</ele>
   </trkpt>
   <trkpt lat="4.8056400" lon="-75.7537570">
    <ele>1277.2</ele>
   </trkpt>
   <trkpt lat="4.8056390" lon="-75.7537670">
    <ele>1277.1</ele>
   </trkpt>
   <trkpt lat="4.8056370" lon="-75.7537770">
    <ele>1276.9</ele>
   </trkpt>
   <trkpt lat="4.8056360" lon="-75.7537870">
    <ele>1276.8</ele>
   </trkpt>
   <trkpt lat="4.8056340" lon="-75.7537960">
    <ele>1276.7</ele>
   </trkpt>
   <trkpt lat="4.8056320" lon="-75.7538060">
    <ele>1276.6</ele>
   </trkpt>
   <trkpt lat="4.8056310" lon="-75.7538150">
    <ele>1276.5</ele>
   </trkpt>
   <trkpt lat="4.8056290" lon="-75.7538250">
    <ele>1276.4</ele>
   </trkpt>
   <trkpt lat="4.8056270" lon="-75.7538340">
    <ele>1276.3</ele>
   </trkpt>
   <trkpt lat="4.8056260" lon="-75.7538440">
    <ele>1276.2</ele>
   </trkpt>
   <trkpt lat="4.8056240" lon="-75.7538540">
    <ele>1276.1</ele>
   </trkpt>
   <trkpt lat="4.8056230" lon="-75.7538630">
    <ele>1276.1</ele>
   </trkpt>
   <trkpt lat="4.8056210" lon="-75.7538730">
    <ele>1276.0</ele>
   </trkpt>
   <trkpt lat="4.8056190" lon="-75.7538810">
    <ele>1275.9</ele>
   </trkpt>
   <trkpt lat="4.8056170" lon="-75.7538900">
    <ele>1275.8</ele>
   </trkpt>
   <trkpt lat="4.8056160" lon="-75.7538980">
    <ele>1275.7</ele>
   </trkpt>
   <trkpt lat="4.8056140" lon="-75.7539070">
    <ele>1275.6</ele>
   </trkpt>
   <trkpt lat="4.8056120" lon="-75.7539160">
    <ele>1275.5</ele>
   </trkpt>
   <trkpt lat="4.8056090" lon="-75.7539250">
    <ele>1275.4</ele>
   </trkpt>
   <trkpt lat="4.8056080" lon="-75.7539330">
    <ele>1275.3</ele>
   </trkpt>
   <trkpt lat="4.8056070" lon="-75.7539400">
    <ele>1275.3</ele>
   </trkpt>
   <trkpt lat="4.8056050" lon="-75.7539490">
    <ele>1275.2</ele>
   </trkpt>
   <trkpt lat="4.8056030" lon="-75.7539590">
    <ele>1275.1</ele>
   </trkpt>
   <trkpt lat="4.8056000" lon="-75.7539680">
    <ele>1275.0</ele>
   </trkpt>
   <trkpt lat="4.8055960" lon="-75.7539780">
    <ele>1274.9</ele>
   </trkpt>
   <trkpt lat="4.8055930" lon="-75.7539890">
    <ele>1274.8</ele>
   </trkpt>
   <trkpt lat="4.8055900" lon="-75.7539990">
    <ele>1274.7</ele>
   </trkpt>
   <trkpt lat="4.8055870" lon="-75.7540080">
    <ele>1274.6</ele>
   </trkpt>
   <trkpt lat="4.8055850" lon="-75.7540180">
    <ele>1274.5</ele>
   </trkpt>
   <trkpt lat="4.8055840" lon="-75.7540270">
    <ele>1274.4</ele>
   </trkpt>
   <trkpt lat="4.8055820" lon="-75.7540370">
    <ele>1274.3</ele>
   </trkpt>
   <trkpt lat="4.8055810" lon="-75.7540460">
    <ele>1274.2</ele>
   </trkpt>
   <trkpt lat="4.8055800" lon="-75.7540560">
    <ele>1274.1</ele>
   </trkpt>
   <trkpt lat="4.8055800" lon="-75.7540660">
    <ele>1274.0</ele>
   </trkpt>
   <trkpt lat="4.8055790" lon="-75.7540750">
    <ele>1273.9</ele>
   </trkpt>
   <trkpt lat="4.8055790" lon="-75.7540820">
    <ele>1273.8</ele>
   </trkpt>
   <trkpt lat="4.8055790" lon="-75.7540890">
    <ele>1273.8</ele>
   </trkpt>
   <trkpt lat="4.8055780" lon="-75.7540960">
    <ele>1273.7</ele>
   </trkpt>
   <trkpt lat="4.8055780" lon="-75.7541030">
    <ele>1273.6</ele>
   </trkpt>
   <trkpt lat="4.8055770" lon="-75.7541110">
    <ele>1273.6</ele>
   </trkpt>
   <trkpt lat="4.8055760" lon="-75.7541170">
    <ele>1273.5</ele>
   </trkpt>
   <trkpt lat="4.8055730" lon="-75.7541260">
    <ele>1273.4</ele>
   </trkpt>
   <trkpt lat="4.8055690" lon="-75.7541350">
    <ele>1273.3</ele>
   </trkpt>
   <trkpt lat="4.8055650" lon="-75.7541440">
    <ele>1273.2</ele>
   </trkpt>
   <trkpt lat="4.8055610" lon="-75.7541540">
    <ele>1273.1</ele>
   </trkpt>
   <trkpt lat="4.8055570" lon="-75.7541610">
    <ele>1273.1</ele>
   </trkpt>
   <trkpt lat="4.8055530" lon="-75.7541690">
    <ele>1273.0</ele>
   </trkpt>
   <trkpt lat="4.8055480" lon="-75.7541780">
    <ele>1272.9</ele>
   </trkpt>
   <trkpt lat="4.8055440" lon="-75.7541870">
    <ele>1272.8</ele>
   </trkpt>
   <trkpt lat="4.8055400" lon="-75.7541960">
    <ele>1272.7</ele>
   </trkpt>
   <trkpt lat="4.8055360" lon="-75.7542040">
    <ele>1272.6</ele>
   </trkpt>
   <trkpt lat="4.8055340" lon="-75.7542130">
    <ele>1272.5</ele>
   </trkpt>
   <trkpt lat="4.8055320" lon="-75.7542210">
    <ele>1272.5</ele>
   </trkpt>
   <trkpt lat="4.8055300" lon="-75.7542290">
    <ele>1272.4</ele>
   </trkpt>
   <trkpt lat="4.8055280" lon="-75.7542370">
    <ele>1272.3</ele>
   </trkpt>
   <trkpt lat="4.8055260" lon="-75.7542420">
    <ele>1272.3</ele>
   </trkpt>
   <trkpt lat="4.8055260" lon="-75.7542450">
    <ele>1272.3</ele>
   </trkpt>
   <trkpt lat="4.8055260" lon="-75.7542500">
    <ele>1272.2</ele>
   </trkpt>
   <trkpt lat="4.8055230" lon="-75.7542580">
    <ele>1272.1</ele>
   </trkpt>
   <trkpt lat="4.8055200" lon="-75.7542670">
    <ele>1272.1</ele>
   </trkpt>
   <trkpt lat="4.8055170" lon="-75.7542770">
    <ele>1272.0</ele>
   </trkpt>
   <trkpt lat="4.8055140" lon="-75.7542870">
    <ele>1271.9</ele>
   </trkpt>
   <trkpt lat="4.8055110" lon="-75.7542960">
    <ele>1271.8</ele>
   </trkpt>
   <trkpt lat="4.8055100" lon="-75.7543020">
    <ele>1271.8</ele>
   </trkpt>
   <trkpt lat="4.8055090" lon="-75.7543060">
    <ele>1271.7</ele>
   </trkpt>
   <trkpt lat="4.8055060" lon="-75.7543140">
    <ele>1271.7</ele>
   </trkpt>
   <trkpt lat="4.8055030" lon="-75.7543220">
    <ele>1271.6</ele>
   </trkpt>
   <trkpt lat="4.8055000" lon="-75.7543310">
    <ele>1271.5</ele>
   </trkpt>
   <trkpt lat="4.8054970" lon="-75.7543410">
    <ele>1271.4</ele>
   </trkpt>
   <trkpt lat="4.8054950" lon="-75.7543500">
    <ele>1271.4</ele>
   </trkpt>
   <trkpt lat="4.8054920" lon="-75.7543590">
    <ele>1271.3</ele>
   </trkpt>
   <trkpt lat="4.8054890" lon="-75.7543680">
    <ele>1271.2</ele>
   </trkpt>
   <trkpt lat="4.8054860" lon="-75.7543770">
    <ele>1271.1</ele>
   </trkpt>
   <trkpt lat="4.8054840" lon="-75.7543870">
    <ele>1271.1</ele>
   </trkpt>
   <trkpt lat="4.8054810" lon="-75.7543970">
    <ele>1271.0</ele>
   </trkpt>
   <trkpt lat="4.8054780" lon="-75.7544060">
    <ele>1270.9</ele>
   </trkpt>
   <trkpt lat="4.8054750" lon="-75.7544160">
    <ele>1270.8</ele>
   </trkpt>
   <trkpt lat="4.8054720" lon="-75.7544260">
    <ele>1270.8</ele>
   </trkpt>
   <trkpt lat="4.8054680" lon="-75.7544360">
    <ele>1270.7</ele>
   </trkpt>
   <trkpt lat="4.8054650" lon="-75.7544460">
    <ele>1270.6</ele>
   </trkpt>
   <trkpt lat="4.8054610" lon="-75.7544560">
    <ele>1270.5</ele>
   </trkpt>
   <trkpt lat="4.8054570" lon="-75.7544650">
    <ele>1270.5</ele>
   </trkpt>
   <trkpt lat="4.8054530" lon="-75.7544750">
    <ele>1270.4</ele>
   </trkpt>
   <trkpt lat="4.8054490" lon="-75.7544840">
    <ele>1270.4</ele>
   </trkpt>
   <trkpt lat="4.8054450" lon="-75.7544940">
    <ele>1270.3</ele>
   </trkpt>
   <trkpt lat="4.8054420" lon="-75.7545040">
    <ele>1270.2</ele>
   </trkpt>
   <trkpt lat="4.8054380" lon="-75.7545140">
    <ele>1270.2</ele>
   </trkpt>
   <trkpt lat="4.8054320" lon="-75.7545240">
    <ele>1270.1</ele>
   </trkpt>
   <trkpt lat="4.8054290" lon="-75.7545300">
    <ele>1270.1</ele>
   </trkpt>
   <trkpt lat="4.8054260" lon="-75.7545340">
    <ele>1270.0</ele>
   </trkpt>
   <trkpt lat="4.8054220" lon="-75.7545410">
    <ele>1270.0</ele>
   </trkpt>
   <trkpt lat="4.8054180" lon="-75.7545500">
    <ele>1269.9</ele>
   </trkpt>
   <trkpt lat="4.8054140" lon="-75.7545590">
    <ele>1269.9</ele>
   </trkpt>
   <trkpt lat="4.8054100" lon="-75.7545680">
    <ele>1269.8</ele>
   </trkpt>
   <trkpt lat="4.8054060" lon="-75.7545780">
    <ele>1269.8</ele>
   </trkpt>
   <trkpt lat="4.8054030" lon="-75.7545880">
    <ele>1269.7</ele>
   </trkpt>
   <trkpt lat="4.8053990" lon="-75.7545960">
    <ele>1269.7</ele>
   </trkpt>
   <trkpt lat="4.8053950" lon="-75.7546070">
    <ele>1269.6</ele>
   </trkpt>
   <trkpt lat="4.8053910" lon="-75.7546200">
    <ele>1269.5</ele>
   </trkpt>
   <trkpt lat="4.8053880" lon="-75.7546330">
    <ele>1269.5</ele>
   </trkpt>
   <trkpt lat="4.8053860" lon="-75.7546420">
    <ele>1269.4</ele>
   </trkpt>
   <trkpt lat="4.8053870" lon="-75.7546470">
    <ele>1269.4</ele>
   </trkpt>
   <trkpt lat="4.8053900" lon="-75.7546510">
    <ele>1269.4</ele>
   </trkpt>
   <trkpt lat="4.8053910" lon="-75.7546570">
    <ele>1269.4</ele>
   </trkpt>
   <trkpt lat="4.8053880" lon="-75.7546660">
    <ele>1269.3</ele>
   </trkpt>
   <trkpt lat="4.8053840" lon="-75.7546760">
    <ele>1269.3</ele>
   </trkpt>
   <trkpt lat="4.8053790" lon="-75.7546860">
    <ele>1269.2</ele>
   </trkpt>
   <trkpt lat="4.8053750" lon="-75.7546950">
    <ele>1269.2</ele>
   </trkpt>
   <trkpt lat="4.8053700" lon="-75.7547050">
    <ele>1269.1</ele>
   </trkpt>
   <trkpt lat="4.8053660" lon="-75.7547140">
    <ele>1269.1</ele>
   </trkpt>
   <trkpt lat="4.8053610" lon="-75.7547230">
    <ele>1269.0</ele>
   </trkpt>
   <trkpt lat="4.8053560" lon="-75.7547330">
    <ele>1269.0</ele>
   </trkpt>
   <trkpt lat="4.8053520" lon="-75.7547420">
    <ele>1269.0</ele>
   </trkpt>
   <trkpt lat="4.8053470" lon="-75.7547520">
    <ele>1268.9</ele>
   </trkpt>
   <trkpt lat="4.8053410" lon="-75.7547630">
    <ele>1268.9</ele>
   </trkpt>
   <trkpt lat="4.8053360" lon="-75.7547730">
    <ele>1268.8</ele>
   </trkpt>
   <trkpt lat="4.8053310" lon="-75.7547840">
    <ele>1268.8</ele>
   </trkpt>
   <trkpt lat="4.8053280" lon="-75.7547910">
    <ele>1268.8</ele>
   </trkpt>
   <trkpt lat="4.8053250" lon="-75.7547960">
    <ele>1268.8</ele>
   </trkpt>
   <trkpt lat="4.8053210" lon="-75.7548050">
    <ele>1268.7</ele>
   </trkpt>
   <trkpt lat="4.8053160" lon="-75.7548140">
    <ele>1268.7</ele>
   </trkpt>
   <trkpt lat="4.8053110" lon="-75.7548240">
    <ele>1268.7</ele>
   </trkpt>
   <trkpt lat="4.8053050" lon="-75.7548330">
    <ele>1268.6</ele>
   </trkpt>
   <trkpt lat="4.8053000" lon="-75.7548430">
    <ele>1268.6</ele>
   </trkpt>
   <trkpt lat="4.8052940" lon="-75.7548520">
    <ele>1268.6</ele>
   </trkpt>
   <trkpt lat="4.8052890" lon="-75.7548620">
    <ele>1268.5</ele>
   </trkpt>
   <trkpt lat="4.8052830" lon="-75.7548710">
    <ele>1268.5</ele>
   </trkpt>
   <trkpt lat="4.8052780" lon="-75.7548810">
    <ele>1268.5</ele>
   </trkpt>
   <trkpt lat="4.8052720" lon="-75.7548900">
    <ele>1268.5</ele>
   </trkpt>
   <trkpt lat="4.8052670" lon="-75.7549000">
    <ele>1268.4</ele>
   </trkpt>
   <trkpt lat="4.8052620" lon="-75.7549100">
    <ele>1268.4</ele>
   </trkpt>
   <trkpt lat="4.8052560" lon="-75.7549190">
    <ele>1268.4</ele>
   </trkpt>
   <trkpt lat="4.8052510" lon="-75.7549290">
    <ele>1268.4</ele>
   </trkpt>
   <trkpt lat="4.8052470" lon="-75.7549350">
    <ele>1268.3</ele>
   </trkpt>
   <trkpt lat="4.8052440" lon="-75.7549390">
    <ele>1268.3</ele>
   </trkpt>
   <trkpt lat="4.8052390" lon="-75.7549470">
    <ele>1268.3</ele>
   </trkpt>
   <trkpt lat="4.8052330" lon="-75.7549550">
    <ele>1268.3</ele>
   </trkpt>
   <trkpt lat="4.8052270" lon="-75.7549640">
    <ele>1268.3</ele>
   </trkpt>
   <trkpt lat="4.8052210" lon="-75.7549730">
    <ele>1268.2</ele>
   </trkpt>
   <trkpt lat="4.8052150" lon="-75.7549830">
    <ele>1268.2</ele>
   </trkpt>
   <trkpt lat="4.8052090" lon="-75.7549890">
    <ele>1268.2</ele>
   </trkpt>
   <trkpt lat="4.8052060" lon="-75.7549870">
    <ele>1268.2</ele>
   </trkpt>
   <trkpt lat="4.8052050" lon="-75.7549830">
    <ele>1268.2</ele>
   </trkpt>
   <trkpt lat="4.8052020" lon="-75.7549830">
    <ele>1268.2</ele>
   </trkpt>
   <trkpt lat="4.8051980" lon="-75.7549890">
    <ele>1268.2</ele>
   </trkpt>
   <trkpt lat="4.8051930" lon="-75.7549970">
    <ele>1268.2</ele>
   </trkpt>
   <trkpt lat="4.8051880" lon="-75.7550060">
    <ele>1268.1</ele>
   </trkpt>
   <trkpt lat="4.8051830" lon="-75.7550150">
    <ele>1268.1</ele>
   </trkpt>
   <trkpt lat="4.8051780" lon="-75.7550250">
    <ele>1268.1</ele>
   </trkpt>
   <trkpt lat="4.8051740" lon="-75.7550340">
    <ele>1268.1</ele>
   </trkpt>
   <trkpt lat="4.8051690" lon="-75.7550440">
    <ele>1268.1</ele>
   </trkpt>
   <trkpt lat="4.8051640" lon="-75.7550530">
    <ele>1268.1</ele>
   </trkpt>
   <trkpt lat="4.8051600" lon="-75.7550630">
    <ele>1268.0</ele>
   </trkpt>
   <trkpt lat="4.8051540" lon="-75.7550730">
    <ele>1268.0</ele>
   </trkpt>
   <trkpt lat="4.8051510" lon="-75.7550790">
    <ele>1268.0</ele>
   </trkpt>
   <trkpt lat="4.8051490" lon="-75.7550840">
    <ele>1268.0</ele>
   </trkpt>
   <trkpt lat="4.8051450" lon="-75.7550920">
    <ele>1268.0</ele>
   </trkpt>
   <trkpt lat="4.8051400" lon="-75.7551020">
    <ele>1268.0</ele>
   </trkpt>
   <trkpt lat="4.8051360" lon="-75.7551110">
    <ele>1268.0</ele>
   </trkpt>
   <trkpt lat="4.8051310" lon="-75.7551210">
    <ele>1267.9</ele>
   </trkpt>
   <trkpt lat="4.8051260" lon="-75.7551300">
    <ele>1267.9</ele>
   </trkpt>
   <trkpt lat="4.8051210" lon="-75.7551400">
    <ele>1267.9</ele>
   </trkpt>
   <trkpt lat="4.8051160" lon="-75.7551500">
    <ele>1267.9</ele>
   </trkpt>
   <trkpt lat="4.8051110" lon="-75.7551590">
    <ele>1267.9</ele>
   </trkpt>
   <trkpt lat="4.8051060" lon="-75.7551680">
    <ele>1267.8</ele>
   </trkpt>
   <trkpt lat="4.8051020" lon="-75.7551780">
    <ele>1267.8</ele>
   </trkpt>
   <trkpt lat="4.8050990" lon="-75.7551850">
    <ele>1267.8</ele>
   </trkpt>
   <trkpt lat="4.8050960" lon="-75.7551900">
    <ele>1267.8</ele>
   </trkpt>
   <trkpt lat="4.8050930" lon="-75.7551980">
    <ele>1267.8</ele>
   </trkpt>
   <trkpt lat="4.8050880" lon="-75.7552070">
    <ele>1267.8</ele>
   </trkpt>
   <trkpt lat="4.8050840" lon="-75.7552160">
    <ele>1267.8</ele>
   </trkpt>
   <trkpt lat="4.8050790" lon="-75.7552240">
    <ele>1267.7</ele>
   </trkpt>
   <trkpt lat="4.8050750" lon="-75.7552330">
    <ele>1267.7</ele>
   </trkpt>
   <trkpt lat="4.8050700" lon="-75.7552410">
    <ele>1267.7</ele>
   </trkpt>
   <trkpt lat="4.8050650" lon="-75.7552500">
    <ele>1267.7</ele>
   </trkpt>
   <trkpt lat="4.8050610" lon="-75.7552580">
    <ele>1267.7</ele>
   </trkpt>
   <trkpt lat="4.8050560" lon="-75.7552670">
    <ele>1267.7</ele>
   </trkpt>
   <trkpt lat="4.8050500" lon="-75.7552760">
    <ele>1267.6</ele>
   </trkpt>
   <trkpt lat="4.8050450" lon="-75.7552850">
    <ele>1267.6</ele>
   </trkpt>
   <trkpt lat="4.8050400" lon="-75.7552940">
    <ele>1267.6</ele>
   </trkpt>
   <trkpt lat="4.8050350" lon="-75.7553030">
    <ele>1267.6</ele>
   </trkpt>
   <trkpt lat="4.8050290" lon="-75.7553130">
    <ele>1267.6</ele>
   </trkpt>
   <trkpt lat="4.8050240" lon="-75.7553230">
    <ele>1267.5</ele>
   </trkpt>
   <trkpt lat="4.8050200" lon="-75.7553300">
    <ele>1267.5</ele>
   </trkpt>
   <trkpt lat="4.8050160" lon="-75.7553360">
    <ele>1267.5</ele>
   </trkpt>
   <trkpt lat="4.8050120" lon="-75.7553440">
    <ele>1267.5</ele>
   </trkpt>
   <trkpt lat="4.8050070" lon="-75.7553530">
    <ele>1267.5</ele>
   </trkpt>
   <trkpt lat="4.8050020" lon="-75.7553620">
    <ele>1267.5</ele>
   </trkpt>
   <trkpt lat="4.8049960" lon="-75.7553710">
    <ele>1267.4</ele>
   </trkpt>
   <trkpt lat="4.8049910" lon="-75.7553810">
    <ele>1267.4</ele>
   </trkpt>
   <trkpt lat="4.8049850" lon="-75.7553920">
    <ele>1267.4</ele>
   </trkpt>
   <trkpt lat="4.8049800" lon="-75.7554040">
    <ele>1267.4</ele>
   </trkpt>
   <trkpt lat="4.8049740" lon="-75.7554150">
    <ele>1267.3</ele>
   </trkpt>
   <trkpt lat="4.8049690" lon="-75.7554260">
    <ele>1267.2</ele>
   </trkpt>
   <trkpt lat="4.8049650" lon="-75.7554360">
    <ele>1267.2</ele>
   </trkpt>
   <trkpt lat="4.8049620" lon="-75.7554450">
    <ele>1267.1</ele>
   </trkpt>
   <trkpt lat="4.8049610" lon="-75.7554550">
    <ele>1267.1</ele>
   </trkpt>
   <trkpt lat="4.8049620" lon="-75.7554640">
    <ele>1267.0</ele>
   </trkpt>
   <trkpt lat="4.8049660" lon="-75.7554740">
    <ele>1267.0</ele>
   </trkpt>
   <trkpt lat="4.8049720" lon="-75.7554830">
    <ele>1266.9</ele>
   </trkpt>
   <trkpt lat="4.8049790" lon="-75.7554920">
    <ele>1266.8</ele>
   </trkpt>
   <trkpt lat="4.8049870" lon="-75.7555020">
    <ele>1266.7</ele>
   </trkpt>
   <trkpt lat="4.8049950" lon="-75.7555110">
    <ele>1266.6</ele>
   </trkpt>
   <trkpt lat="4.8050050" lon="-75.7555190">
    <ele>1266.4</ele>
   </trkpt>
   <trkpt lat="4.8050140" lon="-75.7555260">
    <ele>1266.3</ele>
   </trkpt>
   <trkpt lat="4.8050240" lon="-75.7555310">
    <ele>1266.2</ele>
   </trkpt>
   <trkpt lat="4.8050320" lon="-75.7555370">
    <ele>1266.1</ele>
   </trkpt>
   <trkpt lat="4.8050380" lon="-75.7555440">
    <ele>1266.0</ele>
   </trkpt>
   <trkpt lat="4.8050430" lon="-75.7555520">
    <ele>1265.9</ele>
   </trkpt>
   <trkpt lat="4.8050470" lon="-75.7555600">
    <ele>1265.8</ele>
   </trkpt>
   <trkpt lat="4.8050510" lon="-75.7555680">
    <ele>1265.7</ele>
   </trkpt>
   <trkpt lat="4.8050570" lon="-75.7555770">
    <ele>1265.6</ele>
   </trkpt>
   <trkpt lat="4.8050630" lon="-75.7555840">
    <ele>1265.5</ele>
   </trkpt>
   <trkpt lat="4.8050710" lon="-75.7555920">
    <ele>1265.4</ele>
   </trkpt>
   <trkpt lat="4.8050790" lon="-75.7555990">
    <ele>1265.3</ele>
   </trkpt>
   <trkpt lat="4.8050880" lon="-75.7556060">
    <ele>1265.2</ele>
   </trkpt>
   <trkpt lat="4.8050970" lon="-75.7556140">
    <ele>1265.0</ele>
   </trkpt>
   <trkpt lat="4.8051060" lon="-75.7556210">
    <ele>1264.9</ele>
   </trkpt>
   <trkpt lat="4.8051140" lon="-75.7556280">
    <ele>1264.8</ele>
   </trkpt>
   <trkpt lat="4.8051220" lon="-75.7556350">
    <ele>1264.7</ele>
   </trkpt>
   <trkpt lat="4.8051300" lon="-75.7556410">
    <ele>1264.6</ele>
   </trkpt>
   <trkpt lat="4.8051400" lon="-75.7556460">
    <ele>1264.5</ele>
   </trkpt>
   <trkpt lat="4.8051470" lon="-75.7556510">
    <ele>1264.4</ele>
   </trkpt>
   <trkpt lat="4.8051540" lon="-75.7556560">
    <ele>1264.3</ele>
   </trkpt>
   <trkpt lat="4.8051650" lon="-75.7556580">
    <ele>1264.2</ele>
   </trkpt>
   <trkpt lat="4.8051750" lon="-75.7556580">
    <ele>1264.1</ele>
   </trkpt>
   <trkpt lat="4.8051820" lon="-75.7556600">
    <ele>1264.0</ele>
   </trkpt>
   <trkpt lat="4.8051860" lon="-75.7556640">
    <ele>1264.0</ele>
   </trkpt>
   <trkpt lat="4.8051860" lon="-75.7556670">
    <ele>1263.9</ele>
   </trkpt>
   <trkpt lat="4.8051850" lon="-75.7556710">
    <ele>1263.9</ele>
   </trkpt>
   <trkpt lat="4.8051880" lon="-75.7556700">
    <ele>1263.9</ele>
   </trkpt>
   <trkpt lat="4.8051910" lon="-75.7556700">
    <ele>1263.8</ele>
   </trkpt>
   <trkpt lat="4.8051930" lon="-75.7556760">
    <ele>1263.8</ele>
   </trkpt>
   <trkpt lat="4.8051950" lon="-75.7556840">
    <ele>1263.7</ele>
   </trkpt>
   <trkpt lat="4.8051960" lon="-75.7556940">
    <ele>1263.6</ele>
   </trkpt>
   <trkpt lat="4.8051980" lon="-75.7557030">
    <ele>1263.6</ele>
   </trkpt>
   <trkpt lat="4.8051990" lon="-75.7557130">
    <ele>1263.5</ele>
   </trkpt>
   <trkpt lat="4.8052010" lon="-75.7557230">
    <ele>1263.4</ele>
   </trkpt>
   <trkpt lat="4.8052020" lon="-75.7557320">
    <ele>1263.3</ele>
   </trkpt>
   <trkpt lat="4.8052030" lon="-75.7557380">
    <ele>1263.3</ele>
   </trkpt>
   <trkpt lat="4.8052050" lon="-75.7557430">
    <ele>1263.3</ele>
   </trkpt>
   <trkpt lat="4.8052060" lon="-75.7557510">
    <ele>1263.2</ele>
   </trkpt>
   <trkpt lat="4.8052070" lon="-75.7557600">
    <ele>1263.2</ele>
   </trkpt>
   <trkpt lat="4.8052080" lon="-75.7557690">
    <ele>1263.1</ele>
   </trkpt>
   <trkpt lat="4.8052090" lon="-75.7557790">
    <ele>1263.0</ele>
   </trkpt>
   <trkpt lat="4.8052090" lon="-75.7557880">
    <ele>1263.0</ele>
   </trkpt>
   <trkpt lat="4.8052090" lon="-75.7557980">
    <ele>1263.0</ele>
   </trkpt>
   <trkpt lat="4.8052100" lon="-75.7558070">
    <ele>1262.9</ele>
   </trkpt>
   <trkpt lat="4.8052100" lon="-75.7558170">
    <ele>1262.9</ele>
   </trkpt>
   <trkpt lat="4.8052100" lon="-75.7558270">
    <ele>1262.8</ele>
   </trkpt>
   <trkpt lat="4.8052100" lon="-75.7558370">
    <ele>1262.8</ele>
   </trkpt>
   <trkpt lat="4.8052100" lon="-75.7558470">
    <ele>1262.8</ele>
   </trkpt>
   <trkpt lat="4.8052100" lon="-75.7558570">
    <ele>1262.7</ele>
   </trkpt>
   <trkpt lat="4.8052100" lon="-75.7558670">
    <ele>1262.7</ele>
   </trkpt>
   <trkpt lat="4.8052110" lon="-75.7558770">
    <ele>1262.7</ele>
   </trkpt>
   <trkpt lat="4.8052110" lon="-75.7558880">
    <ele>1262.7</ele>
   </trkpt>
   <trkpt lat="4.8052110" lon="-75.7558980">
    <ele>1262.7</ele>
   </trkpt>
   <trkpt lat="4.8052120" lon="-75.7559090">
    <ele>1262.6</ele>
   </trkpt>
   <trkpt lat="4.8052120" lon="-75.7559190">
    <ele>1262.6</ele>
   </trkpt>
   <trkpt lat="4.8052120" lon="-75.7559260">
    <ele>1262.6</ele>
   </trkpt>
   <trkpt lat="4.8052120" lon="-75.7559320">
    <ele>1262.6</ele>
   </trkpt>
   <trkpt lat="4.8052120" lon="-75.7559410">
    <ele>1262.6</ele>
   </trkpt>
   <trkpt lat="4.8052120" lon="-75.7559510">
    <ele>1262.6</ele>
   </trkpt>
   <trkpt lat="4.8052110" lon="-75.7559620">
    <ele>1262.6</ele>
   </trkpt>
   <trkpt lat="4.8052110" lon="-75.7559730">
    <ele>1262.6</ele>
   </trkpt>
   <trkpt lat="4.8052100" lon="-75.7559840">
    <ele>1262.6</ele>
   </trkpt>
   <trkpt lat="4.8052090" lon="-75.7559950">
    <ele>1262.5</ele>
   </trkpt>
   <trkpt lat="4.8052090" lon="-75.7560060">
    <ele>1262.5</ele>
   </trkpt>
   <trkpt lat="4.8052080" lon="-75.7560170">
    <ele>1262.5</ele>
   </trkpt>
   <trkpt lat="4.8052080" lon="-75.7560290">
    <ele>1262.5</ele>
   </trkpt>
   <trkpt lat="4.8052070" lon="-75.7560400">
    <ele>1262.5</ele>
   </trkpt>
   <trkpt lat="4.8052060" lon="-75.7560500">
    <ele>1262.5</ele>
   </trkpt>
   <trkpt lat="4.8052030" lon="-75.7560580">
    <ele>1262.5</ele>
   </trkpt>
   <trkpt lat="4.8052020" lon="-75.7560660">
    <ele>1262.5</ele>
   </trkpt>
   <trkpt lat="4.8052030" lon="-75.7560750">
    <ele>1262.5</ele>
   </trkpt>
   <trkpt lat="4.8052030" lon="-75.7560840">
    <ele>1262.5</ele>
   </trkpt>
   <trkpt lat="4.8052040" lon="-75.7560940">
    <ele>1262.5</ele>
   </trkpt>
   <trkpt lat="4.8052060" lon="-75.7561020">
    <ele>1262.5</ele>
   </trkpt>
   <trkpt lat="4.8052070" lon="-75.7561080">
    <ele>1262.4</ele>
   </trkpt>
   <trkpt lat="4.8052070" lon="-75.7561170">
    <ele>1262.4</ele>
   </trkpt>
   <trkpt lat="4.8052060" lon="-75.7561250">
    <ele>1262.4</ele>
   </trkpt>
   <trkpt lat="4.8052040" lon="-75.7561330">
    <ele>1262.4</ele>
   </trkpt>
   <trkpt lat="4.8052020" lon="-75.7561420">
    <ele>1262.4</ele>
   </trkpt>
   <trkpt lat="4.8052020" lon="-75.7561500">
    <ele>1262.4</ele>
   </trkpt>
   <trkpt lat="4.8052030" lon="-75.7561590">
    <ele>1262.4</ele>
   </trkpt>
   <trkpt lat="4.8052050" lon="-75.7561680">
    <ele>1262.4</ele>
   </trkpt>
   <trkpt lat="4.8052070" lon="-75.7561770">
    <ele>1262.4</ele>
   </trkpt>
   <trkpt lat="4.8052090" lon="-75.7561860">
    <ele>1262.4</ele>
   </trkpt>
   <trkpt lat="4.8052110" lon="-75.7561950">
    <ele>1262.4</ele>
   </trkpt>
   <trkpt lat="4.8052130" lon="-75.7562040">
    <ele>1262.4</ele>
   </trkpt>
   <trkpt lat="4.8052150" lon="-75.7562140">
    <ele>1262.4</ele>
   </trkpt>
   <trkpt lat="4.8052170" lon="-75.7562230">
    <ele>1262.4</ele>
   </trkpt>
   <trkpt lat="4.8052190" lon="-75.7562310">
    <ele>1262.3</ele>
   </trkpt>
   <trkpt lat="4.8052210" lon="-75.7562370">
    <ele>1262.3</ele>
   </trkpt>
   <trkpt lat="4.8052230" lon="-75.7562450">
    <ele>1262.2</ele>
   </trkpt>
   <trkpt lat="4.8052250" lon="-75.7562540">
    <ele>1262.2</ele>
   </trkpt>
   <trkpt lat="4.8052260" lon="-75.7562620">
    <ele>1262.1</ele>
   </trkpt>
   <trkpt lat="4.8052280" lon="-75.7562670">
    <ele>1262.1</ele>
   </trkpt>
   <trkpt lat="4.8052290" lon="-75.7562700">
    <ele>1262.1</ele>
   </trkpt>
   <trkpt lat="4.8052320" lon="-75.7562780">
    <ele>1262.0</ele>
   </trkpt>
   <trkpt lat="4.8052350" lon="-75.7562880">
    <ele>1262.0</ele>
   </trkpt>
   <trkpt lat="4.8052390" lon="-75.7562990">
    <ele>1261.9</ele>
   </trkpt>
   <trkpt lat="4.8052430" lon="-75.7563100">
    <ele>1261.9</ele>
   </trkpt>
   <trkpt lat="4.8052460" lon="-75.7563200">
    <ele>1261.8</ele>
   </trkpt>
   <trkpt lat="4.8052490" lon="-75.7563310">
    <ele>1261.7</ele>
   </trkpt>
   <trkpt lat="4.8052520" lon="-75.7563430">
    <ele>1261.7</ele>
   </trkpt>
   <trkpt lat="4.8052550" lon="-75.7563550">
    <ele>1261.6</ele>
   </trkpt>
   <trkpt lat="4.8052590" lon="-75.7563660">
    <ele>1261.5</ele>
   </trkpt>
   <trkpt lat="4.8052630" lon="-75.7563770">
    <ele>1261.5</ele>
   </trkpt>
   <trkpt lat="4.8052680" lon="-75.7563880">
    <ele>1261.5</ele>
   </trkpt>
   <trkpt lat="4.8052750" lon="-75.7563990">
    <ele>1261.4</ele>
   </trkpt>
   <trkpt lat="4.8052820" lon="-75.7564100">
    <ele>1261.4</ele>
   </trkpt>
   <trkpt lat="4.8052900" lon="-75.7564220">
    <ele>1261.4</ele>
   </trkpt>
   <trkpt lat="4.8052970" lon="-75.7564310">
    <ele>1261.4</ele>
   </trkpt>
   <trkpt lat="4.8053040" lon="-75.7564390">
    <ele>1261.4</ele>
   </trkpt>
   <trkpt lat="4.8053130" lon="-75.7564480">
    <ele>1261.4</ele>
   </trkpt>
   <trkpt lat="4.8053230" lon="-75.7564560">
    <ele>1261.4</ele>
   </trkpt>
   <trkpt lat="4.8053330" lon="-75.7564640">
    <ele>1261.3</ele>
   </trkpt>
   <trkpt lat="4.8053440" lon="-75.7564700">
    <ele>1261.3</ele>
   </trkpt>
   <trkpt lat="4.8053550" lon="-75.7564770">
    <ele>1261.3</ele>
   </trkpt>
   <trkpt lat="4.8053660" lon="-75.7564840">
    <ele>1261.3</ele>
   </trkpt>
   <trkpt lat="4.8053760" lon="-75.7564910">
    <ele>1261.3</ele>
   </trkpt>
   <trkpt lat="4.8053850" lon="-75.7564980">
    <ele>1261.3</ele>
   </trkpt>
   <trkpt lat="4.8053930" lon="-75.7565060">
    <ele>1261.3</ele>
   </trkpt>
   <trkpt lat="4.8054010" lon="-75.7565130">
    <ele>1261.2</ele>
   </trkpt>
   <trkpt lat="4.8054100" lon="-75.7565200">
    <ele>1261.2</ele>
   </trkpt>
   <trkpt lat="4.8054170" lon="-75.7565260">
    <ele>1261.2</ele>
   </trkpt>
   <trkpt lat="4.8054240" lon="-75.7565330">
    <ele>1261.2</ele>
   </trkpt>
   <trkpt lat="4.8054300" lon="-75.7565410">
    <ele>1261.2</ele>
   </trkpt>
   <trkpt lat="4.8054350" lon="-75.7565500">
    <ele>1261.2</ele>
   </trkpt>
   <trkpt lat="4.8054380" lon="-75.7565610">
    <ele>1261.2</ele>
   </trkpt>
   <trkpt lat="4.8054390" lon="-75.7565710">
    <ele>1261.2</ele>
   </trkpt>
   <trkpt lat="4.8054380" lon="-75.7565790">
    <ele>1261.1</ele>
   </trkpt>
   <trkpt lat="4.8054390" lon="-75.7565870">
    <ele>1261.1</ele>
   </trkpt>
   <trkpt lat="4.8054450" lon="-75.7565980">
    <ele>1261.1</ele>
   </trkpt>
   <trkpt lat="4.8054520" lon="-75.7566100">
    <ele>1261.1</ele>
   </trkpt>
   <trkpt lat="4.8054590" lon="-75.7566210">
    <ele>1261.1</ele>
   </trkpt>
   <trkpt lat="4.8054650" lon="-75.7566310">
    <ele>1261.1</ele>
   </trkpt>
   <trkpt lat="4.8054700" lon="-75.7566400">
    <ele>1261.1</ele>
   </trkpt>
   <trkpt lat="4.8054750" lon="-75.7566490">
    <ele>1261.1</ele>
   </trkpt>
   <trkpt lat="4.8054790" lon="-75.7566580">
    <ele>1261.1</ele>
   </trkpt>
   <trkpt lat="4.8054850" lon="-75.7566660">
    <ele>1261.1</ele>
   </trkpt>
   <trkpt lat="4.8054910" lon="-75.7566730">
    <ele>1261.1</ele>
   </trkpt>
   <trkpt lat="4.8054970" lon="-75.7566810">
    <ele>1261.0</ele>
   </trkpt>
   <trkpt lat="4.8055050" lon="-75.7566880">
    <ele>1261.0</ele>
   </trkpt>
   <trkpt lat="4.8055130" lon="-75.7566940">
    <ele>1261.0</ele>
   </trkpt>
   <trkpt lat="4.8055190" lon="-75.7566980">
    <ele>1261.0</ele>
   </trkpt>
   <trkpt lat="4.8055230" lon="-75.7567020">
    <ele>1261.0</ele>
   </trkpt>
   <trkpt lat="4.8055280" lon="-75.7567100">
    <ele>1261.0</ele>
   </trkpt>
   <trkpt lat="4.8055340" lon="-75.7567190">
    <ele>1261.0</ele>
   </trkpt>
   <trkpt lat="4.8055400" lon="-75.7567280">
    <ele>1261.0</ele>
   </trkpt>
   <trkpt lat="4.8055450" lon="-75.7567370">
    <ele>1261.0</ele>
   </trkpt>
   <trkpt lat="4.8055500" lon="-75.7567470">
    <ele>1261.0</ele>
   </trkpt>
   <trkpt lat="4.8055550" lon="-75.7567560">
    <ele>1261.0</ele>
   </trkpt>
   <trkpt lat="4.8055580" lon="-75.7567650">
    <ele>1261.0</ele>
   </trkpt>
   <trkpt lat="4.8055620" lon="-75.7567740">
    <ele>1261.0</ele>
   </trkpt>
   <trkpt lat="4.8055660" lon="-75.7567830">
    <ele>1261.0</ele>
   </trkpt>
   <trkpt lat="4.8055690" lon="-75.7567920">
    <ele>1261.0</ele>
   </trkpt>
   <trkpt lat="4.8055730" lon="-75.7568010">
    <ele>1261.1</ele>
   </trkpt>
   <trkpt lat="4.8055770" lon="-75.7568100">
    <ele>1261.1</ele>
   </trkpt>
   <trkpt lat="4.8055820" lon="-75.7568190">
    <ele>1261.1</ele>
   </trkpt>
   <trkpt lat="4.8055860" lon="-75.7568280">
    <ele>1261.1</ele>
   </trkpt>
   <trkpt lat="4.8055910" lon="-75.7568370">
    <ele>1261.1</ele>
   </trkpt>
   <trkpt lat="4.8055960" lon="-75.7568450">
    <ele>1261.1</ele>
   </trkpt>
   <trkpt lat="4.8056020" lon="-75.7568540">
    <ele>1261.1</ele>
   </trkpt>
   <trkpt lat="4.8056080" lon="-75.7568620">
    <ele>1261.1</ele>
   </trkpt>
   <trkpt lat="4.8056140" lon="-75.7568710">
    <ele>1261.1</ele>
   </trkpt>
   <trkpt lat="4.8056180" lon="-75.7568770">
    <ele>1261.1</ele>
   </trkpt>
   <trkpt lat="4.8056220" lon="-75.7568810">
    <ele>1261.1</ele>
   </trkpt>
   <trkpt lat="4.8056280" lon="-75.7568890">
    <ele>1261.1</ele>
   </trkpt>
   <trkpt lat="4.8056350" lon="-75.7568970">
    <ele>1261.2</ele>
   </trkpt>
   <trkpt lat="4.8056410" lon="-75.7569070">
    <ele>1261.2</ele>
   </trkpt>
   <trkpt lat="4.8056480" lon="-75.7569160">
    <ele>1261.2</ele>
   </trkpt>
   <trkpt lat="4.8056550" lon="-75.7569260">
    <ele>1261.2</ele>
   </trkpt>
   <trkpt lat="4.8056620" lon="-75.7569360">
    <ele>1261.2</ele>
   </trkpt>
   <trkpt lat="4.8056690" lon="-75.7569460">
    <ele>1261.2</ele>
   </trkpt>
   <trkpt lat="4.8056770" lon="-75.7569550">
    <ele>1261.3</ele>
   </trkpt>
   <trkpt lat="4.8056860" lon="-75.7569620">
    <ele>1261.3</ele>
   </trkpt>
   <trkpt lat="4.8056950" lon="-75.7569710">
    <ele>1261.3</ele>
   </trkpt>
   <trkpt lat="4.8057060" lon="-75.7569800">
    <ele>1261.3</ele>
   </trkpt>
   <trkpt lat="4.8057180" lon="-75.7569870">
    <ele>1261.3</ele>
   </trkpt>
   <trkpt lat="4.8057300" lon="-75.7569940">
    <ele>1261.4</ele>
   </trkpt>
   <trkpt lat="4.8057450" lon="-75.7570030">
    <ele>1261.4</ele>
   </trkpt>
   <trkpt lat="4.8057600" lon="-75.7570110">
    <ele>1261.4</ele>
   </trkpt>
   <trkpt lat="4.8057730" lon="-75.7570180">
    <ele>1261.4</ele>
   </trkpt>
   <trkpt lat="4.8057840" lon="-75.7570240">
    <ele>1261.5</ele>
   </trkpt>
   <trkpt lat="4.8057950" lon="-75.7570310">
    <ele>1261.5</ele>
   </trkpt>
   <trkpt lat="4.8058060" lon="-75.7570370">
    <ele>1261.5</ele>
   </trkpt>
   <trkpt lat="4.8058170" lon="-75.7570430">
    <ele>1261.5</ele>
   </trkpt>
   <trkpt lat="4.8058290" lon="-75.7570480">
    <ele>1261.5</ele>
   </trkpt>
   <trkpt lat="4.8058410" lon="-75.7570530">
    <ele>1261.6</ele>
   </trkpt>
   <trkpt lat="4.8058540" lon="-75.7570560">
    <ele>1261.6</ele>
   </trkpt>
   <trkpt lat="4.8058670" lon="-75.7570580">
    <ele>1261.6</ele>
   </trkpt>
   <trkpt lat="4.8058790" lon="-75.7570600">
    <ele>1261.6</ele>
   </trkpt>
   <trkpt lat="4.8058910" lon="-75.7570630">
    <ele>1261.7</ele>
   </trkpt>
   <trkpt lat="4.8059030" lon="-75.7570650">
    <ele>1261.7</ele>
   </trkpt>
   <trkpt lat="4.8059140" lon="-75.7570670">
    <ele>1261.7</ele>
   </trkpt>
   <trkpt lat="4.8059260" lon="-75.7570680">
    <ele>1261.8</ele>
   </trkpt>
   <trkpt lat="4.8059380" lon="-75.7570660">
    <ele>1261.8</ele>
   </trkpt>
   <trkpt lat="4.8059510" lon="-75.7570630">
    <ele>1261.8</ele>
   </trkpt>
   <trkpt lat="4.8059620" lon="-75.7570600">
    <ele>1261.8</ele>
   </trkpt>
   <trkpt lat="4.8059710" lon="-75.7570560">
    <ele>1261.8</ele>
   </trkpt>
   <trkpt lat="4.8059830" lon="-75.7570520">
    <ele>1261.8</ele>
   </trkpt>
   <trkpt lat="4.8059950" lon="-75.7570470">
    <ele>1261.9</ele>
   </trkpt>
   <trkpt lat="4.8060070" lon="-75.7570420">
    <ele>1261.9</ele>
   </trkpt>
   <trkpt lat="4.8060180" lon="-75.7570380">
    <ele>1261.9</ele>
   </trkpt>
   <trkpt lat="4.8060300" lon="-75.7570320">
    <ele>1261.9</ele>
   </trkpt>
   <trkpt lat="4.8060410" lon="-75.7570260">
    <ele>1261.9</ele>
   </trkpt>
   <trkpt lat="4.8060520" lon="-75.7570190">
    <ele>1261.9</ele>
   </trkpt>
   <trkpt lat="4.8060630" lon="-75.7570130">
    <ele>1261.9</ele>
   </trkpt>
   <trkpt lat="4.8060730" lon="-75.7570070">
    <ele>1262.0</ele>
   </trkpt>
   <trkpt lat="4.8060830" lon="-75.7570010">
    <ele>1262.0</ele>
   </trkpt>
   <trkpt lat="4.8060920" lon="-75.7569940">
    <ele>1262.0</ele>
   </trkpt>
   <trkpt lat="4.8061010" lon="-75.7569870">
    <ele>1262.0</ele>
   </trkpt>
   <trkpt lat="4.8061100" lon="-75.7569810">
    <ele>1262.0</ele>
   </trkpt>
   <trkpt lat="4.8061180" lon="-75.7569750">
    <ele>1262.0</ele>
   </trkpt>
   <trkpt lat="4.8061260" lon="-75.7569690">
    <ele>1262.0</ele>
   </trkpt>
   <trkpt lat="4.8061330" lon="-75.7569630">
    <ele>1262.0</ele>
   </trkpt>
   <trkpt lat="4.8061410" lon="-75.7569560">
    <ele>1262.0</ele>
   </trkpt>
   <trkpt lat="4.8061480" lon="-75.7569490">
    <ele>1262.0</ele>
   </trkpt>
   <trkpt lat="4.8061560" lon="-75.7569420">
    <ele>1262.0</ele>
   </trkpt>
   <trkpt lat="4.8061630" lon="-75.7569340">
    <ele>1262.0</ele>
   </trkpt>
   <trkpt lat="4.8061690" lon="-75.7569260">
    <ele>1262.0</ele>
   </trkpt>
   <trkpt lat="4.8061760" lon="-75.7569180">
    <ele>1262.0</ele>
   </trkpt>
   <trkpt lat="4.8061820" lon="-75.7569100">
    <ele>1262.0</ele>
   </trkpt>
   <trkpt lat="4.8061870" lon="-75.7569010">
    <ele>1262.0</ele>
   </trkpt>
   <trkpt lat="4.8061930" lon="-75.7568920">
    <ele>1262.0</ele>
   </trkpt>
   <trkpt lat="4.8062010" lon="-75.7568840">
    <ele>1262.0</ele>
   </trkpt>
   <trkpt lat="4.8062080" lon="-75.7568780">
    <ele>1262.0</ele>
   </trkpt>
   <trkpt lat="4.8062160" lon="-75.7568740">
    <ele>1262.0</ele>
   </trkpt>
   <trkpt lat="4.8062250" lon="-75.7568680">
    <ele>1262.0</ele>
   </trkpt>
   <trkpt lat="4.8062350" lon="-75.7568630">
    <ele>1262.0</ele>
   </trkpt>
   <trkpt lat="4.8062440" lon="-75.7568590">
    <ele>1262.0</ele>
   </trkpt>
   <trkpt lat="4.8062540" lon="-75.7568540">
    <ele>1262.0</ele>
   </trkpt>
   <trkpt lat="4.8062640" lon="-75.7568490">
    <ele>1262.0</ele>
   </trkpt>
   <trkpt lat="4.8062740" lon="-75.7568450">
    <ele>1262.0</ele>
   </trkpt>
   <trkpt lat="4.8062840" lon="-75.7568410">
    <ele>1262.0</ele>
   </trkpt>
   <trkpt lat="4.8062930" lon="-75.7568360">
    <ele>1262.0</ele>
   </trkpt>
   <trkpt lat="4.8063020" lon="-75.7568310">
    <ele>1262.0</ele>
   </trkpt>
   <trkpt lat="4.8063100" lon="-75.7568250">
    <ele>1262.0</ele>
   </trkpt>
   <trkpt lat="4.8063180" lon="-75.7568200">
    <ele>1262.0</ele>
   </trkpt>
   <trkpt lat="4.8063250" lon="-75.7568140">
    <ele>1262.0</ele>
   </trkpt>
   <trkpt lat="4.8063330" lon="-75.7568090">
    <ele>1262.0</ele>
   </trkpt>
   <trkpt lat="4.8063410" lon="-75.7568040">
    <ele>1262.0</ele>
   </trkpt>
   <trkpt lat="4.8063490" lon="-75.7567990">
    <ele>1262.0</ele>
   </trkpt>
   <trkpt lat="4.8063580" lon="-75.7567940">
    <ele>1262.0</ele>
   </trkpt>
   <trkpt lat="4.8063650" lon="-75.7567910">
    <ele>1262.0</ele>
   </trkpt>
   <trkpt lat="4.8063710" lon="-75.7567880">
    <ele>1262.0</ele>
   </trkpt>
   <trkpt lat="4.8063800" lon="-75.7567830">
    <ele>1262.0</ele>
   </trkpt>
   <trkpt lat="4.8063900" lon="-75.7567790">
    <ele>1262.0</ele>
   </trkpt>
   <trkpt lat="4.8064010" lon="-75.7567730">
    <ele>1262.0</ele>
   </trkpt>
   <trkpt lat="4.8064120" lon="-75.7567680">
    <ele>1262.0</ele>
   </trkpt>
   <trkpt lat="4.8064230" lon="-75.7567620">
    <ele>1262.0</ele>
   </trkpt>
   <trkpt lat="4.8064320" lon="-75.7567560">
    <ele>1262.0</ele>
   </trkpt>
   <trkpt lat="4.8064400" lon="-75.7567480">
    <ele>1262.0</ele>
   </trkpt>
   <trkpt lat="4.8064470" lon="-75.7567400">
    <ele>1262.1</ele>
   </trkpt>
   <trkpt lat="4.8064540" lon="-75.7567320">
    <ele>1262.1</ele>
   </trkpt>
   <trkpt lat="4.8064620" lon="-75.7567250">
    <ele>1262.1</ele>
   </trkpt>
   <trkpt lat="4.8064700" lon="-75.7567180">
    <ele>1262.1</ele>
   </trkpt>
   <trkpt lat="4.8064790" lon="-75.7567120">
    <ele>1262.2</ele>
   </trkpt>
   <trkpt lat="4.8064880" lon="-75.7567080">
    <ele>1262.2</ele>
   </trkpt>
   <trkpt lat="4.8064980" lon="-75.7567050">
    <ele>1262.2</ele>
   </trkpt>
   <trkpt lat="4.8065050" lon="-75.7567030">
    <ele>1262.3</ele>
   </trkpt>
   <trkpt lat="4.8065120" lon="-75.7567010">
    <ele>1262.3</ele>
   </trkpt>
   <trkpt lat="4.8065170" lon="-75.7566970">
    <ele>1262.3</ele>
   </trkpt>
   <trkpt lat="4.8065200" lon="-75.7566940">
    <ele>1262.3</ele>
   </trkpt>
   <trkpt lat="4.8065230" lon="-75.7566890">
    <ele>1262.3</ele>
   </trkpt>
   <trkpt lat="4.8065280" lon="-75.7566840">
    <ele>1262.3</ele>
   </trkpt>
   <trkpt lat="4.8065350" lon="-75.7566770">
    <ele>1262.4</ele>
   </trkpt>
   <trkpt lat="4.8065420" lon="-75.7566700">
    <ele>1262.4</ele>
   </trkpt>
   <trkpt lat="4.8065500" lon="-75.7566630">
    <ele>1262.4</ele>
   </trkpt>
   <trkpt lat="4.8065590" lon="-75.7566550">
    <ele>1262.4</ele>
   </trkpt>
   <trkpt lat="4.8065680" lon="-75.7566480">
    <ele>1262.5</ele>
   </trkpt>
   <trkpt lat="4.8065770" lon="-75.7566420">
    <ele>1262.5</ele>
   </trkpt>
   <trkpt lat="4.8065860" lon="-75.7566360">
    <ele>1262.5</ele>
   </trkpt>
   <trkpt lat="4.8065930" lon="-75.7566310">
    <ele>1262.6</ele>
   </trkpt>
   <trkpt lat="4.8066020" lon="-75.7566250">
    <ele>1262.6</ele>
   </trkpt>
   <trkpt lat="4.8066100" lon="-75.7566190">
    <ele>1262.6</ele>
   </trkpt>
   <trkpt lat="4.8066180" lon="-75.7566130">
    <ele>1262.6</ele>
   </trkpt>
   <trkpt lat="4.8066270" lon="-75.7566070">
    <ele>1262.7</ele>
   </trkpt>
   <trkpt lat="4.8066360" lon="-75.7566000">
    <ele>1262.7</ele>
   </trkpt>
   <trkpt lat="4.8066450" lon="-75.7565930">
    <ele>1262.7</ele>
   </trkpt>
   <trkpt lat="4.8066540" lon="-75.7565850">
    <ele>1262.8</ele>
   </trkpt>
   <trkpt lat="4.8066620" lon="-75.7565760">
    <ele>1262.8</ele>
   </trkpt>
   <trkpt lat="4.8066690" lon="-75.7565670">
    <ele>1262.8</ele>
   </trkpt>
   <trkpt lat="4.8066730" lon="-75.7565590">
    <ele>1262.9</ele>
   </trkpt>
   <trkpt lat="4.8066780" lon="-75.7565510">
    <ele>1262.9</ele>
   </trkpt>
   <trkpt lat="4.8066850" lon="-75.7565440">
    <ele>1262.9</ele>
   </trkpt>
   <trkpt lat="4.8066920" lon="-75.7565400">
    <ele>1262.9</ele>
   </trkpt>
   <trkpt lat="4.8067000" lon="-75.7565340">
    <ele>1263.0</ele>
   </trkpt>
   <trkpt lat="4.8067090" lon="-75.7565260">
    <ele>1263.0</ele>
   </trkpt>
   <trkpt lat="4.8067170" lon="-75.7565140">
    <ele>1263.0</ele>
   </trkpt>
   <trkpt lat="4.8067260" lon="-75.7565020">
    <ele>1263.1</ele>
   </trkpt>
   <trkpt lat="4.8067320" lon="-75.7564940">
    <ele>1263.1</ele>
   </trkpt>
   <trkpt lat="4.8067370" lon="-75.7564890">
    <ele>1263.1</ele>
   </trkpt>
   <trkpt lat="4.8067410" lon="-75.7564840">
    <ele>1263.2</ele>
   </trkpt>
   <trkpt lat="4.8067460" lon="-75.7564790">
    <ele>1263.2</ele>
   </trkpt>
   <trkpt lat="4.8067520" lon="-75.7564730">
    <ele>1263.2</ele>
   </trkpt>
   <trkpt lat="4.8067600" lon="-75.7564660">
    <ele>1263.3</ele>
   </trkpt>
   <trkpt lat="4.8067690" lon="-75.7564580">
    <ele>1263.3</ele>
   </trkpt>
   <trkpt lat="4.8067780" lon="-75.7564500">
    <ele>1263.4</ele>
   </trkpt>
   <trkpt lat="4.8067870" lon="-75.7564420">
    <ele>1263.4</ele>
   </trkpt>
   <trkpt lat="4.8067950" lon="-75.7564340">
    <ele>1263.4</ele>
   </trkpt>
   <trkpt lat="4.8068040" lon="-75.7564270">
    <ele>1263.5</ele>
   </trkpt>
   <trkpt lat="4.8068090" lon="-75.7564210">
    <ele>1263.5</ele>
   </trkpt>
   <trkpt lat="4.8068140" lon="-75.7564170">
    <ele>1263.5</ele>
   </trkpt>
   <trkpt lat="4.8068210" lon="-75.7564110">
    <ele>1263.6</ele>
   </trkpt>
   <trkpt lat="4.8068290" lon="-75.7564040">
    <ele>1263.6</ele>
   </trkpt>
   <trkpt lat="4.8068380" lon="-75.7563970">
    <ele>1263.7</ele>
   </trkpt>
   <trkpt lat="4.8068470" lon="-75.7563910">
    <ele>1263.7</ele>
   </trkpt>
   <trkpt lat="4.8068560" lon="-75.7563850">
    <ele>1263.8</ele>
   </trkpt>
   <trkpt lat="4.8068650" lon="-75.7563780">
    <ele>1263.8</ele>
   </trkpt>
   <trkpt lat="4.8068740" lon="-75.7563730">
    <ele>1263.9</ele>
   </trkpt>
   <trkpt lat="4.8068830" lon="-75.7563670">
    <ele>1263.9</ele>
   </trkpt>
   <trkpt lat="4.8068890" lon="-75.7563630">
    <ele>1263.9</ele>
   </trkpt>
   <trkpt lat="4.8068930" lon="-75.7563610">
    <ele>1264.0</ele>
   </trkpt>
   <trkpt lat="4.8069010" lon="-75.7563560">
    <ele>1264.0</ele>
   </trkpt>
   <trkpt lat="4.8069100" lon="-75.7563510">
    <ele>1264.1</ele>
   </trkpt>
   <trkpt lat="4.8069190" lon="-75.7563460">
    <ele>1264.1</ele>
   </trkpt>
   <trkpt lat="4.8069270" lon="-75.7563410">
    <ele>1264.2</ele>
   </trkpt>
   <trkpt lat="4.8069360" lon="-75.7563360">
    <ele>1264.2</ele>
   </trkpt>
   <trkpt lat="4.8069450" lon="-75.7563320">
    <ele>1264.2</ele>
   </trkpt>
   <trkpt lat="4.8069510" lon="-75.7563290">
    <ele>1264.3</ele>
   </trkpt>
   <trkpt lat="4.8069560" lon="-75.7563280">
    <ele>1264.3</ele>
   </trkpt>
   <trkpt lat="4.8069640" lon="-75.7563240">
    <ele>1264.3</ele>
   </trkpt>
   <trkpt lat="4.8069730" lon="-75.7563210">
    <ele>1264.4</ele>
   </trkpt>
   <trkpt lat="4.8069820" lon="-75.7563170">
    <ele>1264.4</ele>
   </trkpt>
   <trkpt lat="4.8069920" lon="-75.7563130">
    <ele>1264.5</ele>
   </trkpt>
   <trkpt lat="4.8069990" lon="-75.7563100">
    <ele>1264.5</ele>
   </trkpt>
   <trkpt lat="4.8070040" lon="-75.7563090">
    <ele>1264.6</ele>
   </trkpt>
   <trkpt lat="4.8070120" lon="-75.7563050">
    <ele>1264.6</ele>
   </trkpt>
   <trkpt lat="4.8070220" lon="-75.7563010">
    <ele>1264.7</ele>
   </trkpt>
   <trkpt lat="4.8070310" lon="-75.7562960">
    <ele>1264.7</ele>
   </trkpt>
   <trkpt lat="4.8070400" lon="-75.7562930">
    <ele>1264.8</ele>
   </trkpt>
   <trkpt lat="4.8070470" lon="-75.7562920">
    <ele>1264.8</ele>
   </trkpt>
   <trkpt lat="4.8070530" lon="-75.7562900">
    <ele>1264.8</ele>
   </trkpt>
   <trkpt lat="4.8070580" lon="-75.7562880">
    <ele>1264.9</ele>
   </trkpt>
   <trkpt lat="4.8070650" lon="-75.7562830">
    <ele>1264.9</ele>
   </trkpt>
   <trkpt lat="4.8070710" lon="-75.7562770">
    <ele>1264.9</ele>
   </trkpt>
   <trkpt lat="4.8070780" lon="-75.7562720">
    <ele>1265.0</ele>
   </trkpt>
   <trkpt lat="4.8070860" lon="-75.7562660">
    <ele>1265.0</ele>
   </trkpt>
   <trkpt lat="4.8070940" lon="-75.7562610">
    <ele>1265.1</ele>
   </trkpt>
   <trkpt lat="4.8071020" lon="-75.7562560">
    <ele>1265.1</ele>
   </trkpt>
   <trkpt lat="4.8071080" lon="-75.7562520">
    <ele>1265.2</ele>
   </trkpt>
   <trkpt lat="4.8071140" lon="-75.7562490">
    <ele>1265.2</ele>
   </trkpt>
   <trkpt lat="4.8071210" lon="-75.7562440">
    <ele>1265.3</ele>
   </trkpt>
   <trkpt lat="4.8071270" lon="-75.7562390">
    <ele>1265.3</ele>
   </trkpt>
   <trkpt lat="4.8071340" lon="-75.7562340">
    <ele>1265.4</ele>
   </trkpt>
   <trkpt lat="4.8071400" lon="-75.7562280">
    <ele>1265.4</ele>
   </trkpt>
   <trkpt lat="4.8071470" lon="-75.7562220">
    <ele>1265.5</ele>
   </trkpt>
   <trkpt lat="4.8071530" lon="-75.7562150">
    <ele>1265.5</ele>
   </trkpt>
   <trkpt lat="4.8071580" lon="-75.7562100">
    <ele>1265.5</ele>
   </trkpt>
   <trkpt lat="4.8071630" lon="-75.7562050">
    <ele>1265.6</ele>
   </trkpt>
   <trkpt lat="4.8071690" lon="-75.7561990">
    <ele>1265.6</ele>
   </trkpt>
   <trkpt lat="4.8071760" lon="-75.7561930">
    <ele>1265.7</ele>
   </trkpt>
   <trkpt lat="4.8071840" lon="-75.7561860">
    <ele>1265.7</ele>
   </trkpt>
   <trkpt lat="4.8071910" lon="-75.7561790">
    <ele>1265.8</ele>
   </trkpt>
   <trkpt lat="4.8071970" lon="-75.7561740">
    <ele>1265.8</ele>
   </trkpt>
   <trkpt lat="4.8072020" lon="-75.7561690">
    <ele>1265.9</ele>
   </trkpt>
   <trkpt lat="4.8072090" lon="-75.7561620">
    <ele>1265.9</ele>
   </trkpt>
   <trkpt lat="4.8072150" lon="-75.7561560">
    <ele>1266.0</ele>
   </trkpt>
   <trkpt lat="4.8072230" lon="-75.7561500">
    <ele>1266.0</ele>
   </trkpt>
   <trkpt lat="4.8072300" lon="-75.7561440">
    <ele>1266.1</ele>
   </trkpt>
   <trkpt lat="4.8072370" lon="-75.7561380">
    <ele>1266.1</ele>
   </trkpt>
   <trkpt lat="4.8072430" lon="-75.7561310">
    <ele>1266.2</ele>
   </trkpt>
   <trkpt lat="4.8072490" lon="-75.7561230">
    <ele>1266.2</ele>
   </trkpt>
   <trkpt lat="4.8072560" lon="-75.7561150">
    <ele>1266.3</ele>
   </trkpt>
   <trkpt lat="4.8072610" lon="-75.7561070">
    <ele>1266.3</ele>
   </trkpt>
   <trkpt lat="4.8072670" lon="-75.7561010">
    <ele>1266.3</ele>
   </trkpt>
   <trkpt lat="4.8072740" lon="-75.7560920">
    <ele>1266.3</ele>
   </trkpt>
   <trkpt lat="4.8072810" lon="-75.7560840">
    <ele>1266.3</ele>
   </trkpt>
   <trkpt lat="4.8072880" lon="-75.7560750">
    <ele>1266.3</ele>
   </trkpt>
   <trkpt lat="4.8072950" lon="-75.7560670">
    <ele>1266.3</ele>
   </trkpt>
   <trkpt lat="4.8073010" lon="-75.7560580">
    <ele>1266.3</ele>
   </trkpt>
   <trkpt lat="4.8073080" lon="-75.7560500">
    <ele>1266.3</ele>
   </trkpt>
   <trkpt lat="4.8073140" lon="-75.7560420">
    <ele>1266.3</ele>
   </trkpt>
   <trkpt lat="4.8073200" lon="-75.7560360">
    <ele>1266.3</ele>
   </trkpt>
   <trkpt lat="4.8073260" lon="-75.7560300">
    <ele>1266.3</ele>
   </trkpt>
   <trkpt lat="4.8073340" lon="-75.7560250">
    <ele>1266.3</ele>
   </trkpt>
   <trkpt lat="4.8073430" lon="-75.7560180">
    <ele>1266.3</ele>
   </trkpt>
   <trkpt lat="4.8073520" lon="-75.7560120">
    <ele>1266.2</ele>
   </trkpt>
   <trkpt lat="4.8073620" lon="-75.7560050">
    <ele>1266.2</ele>
   </trkpt>
   <trkpt lat="4.8073710" lon="-75.7559980">
    <ele>1266.2</ele>
   </trkpt>
   <trkpt lat="4.8073790" lon="-75.7559930">
    <ele>1266.2</ele>
   </trkpt>
   <trkpt lat="4.8073860" lon="-75.7559900">
    <ele>1266.2</ele>
   </trkpt>
   <trkpt lat="4.8073940" lon="-75.7559860">
    <ele>1266.2</ele>
   </trkpt>
   <trkpt lat="4.8074030" lon="-75.7559840">
    <ele>1266.2</ele>
   </trkpt>
   <trkpt lat="4.8074120" lon="-75.7559820">
    <ele>1266.1</ele>
   </trkpt>
   <trkpt lat="4.8074210" lon="-75.7559800">
    <ele>1266.1</ele>
   </trkpt>
   <trkpt lat="4.8074300" lon="-75.7559790">
    <ele>1266.1</ele>
   </trkpt>
   <trkpt lat="4.8074390" lon="-75.7559770">
    <ele>1266.0</ele>
   </trkpt>
   <trkpt lat="4.8074470" lon="-75.7559750">
    <ele>1266.0</ele>
   </trkpt>
   <trkpt lat="4.8074550" lon="-75.7559740">
    <ele>1266.0</ele>
   </trkpt>
   <trkpt lat="4.8074630" lon="-75.7559720">
    <ele>1266.0</ele>
   </trkpt>
   <trkpt lat="4.8074710" lon="-75.7559690">
    <ele>1265.9</ele>
   </trkpt>
   <trkpt lat="4.8074780" lon="-75.7559670">
    <ele>1265.9</ele>
   </trkpt>
   <trkpt lat="4.8074850" lon="-75.7559640">
    <ele>1265.9</ele>
   </trkpt>
   <trkpt lat="4.8074920" lon="-75.7559620">
    <ele>1265.8</ele>
   </trkpt>
   <trkpt lat="4.8075000" lon="-75.7559610">
    <ele>1265.8</ele>
   </trkpt>
   <trkpt lat="4.8075080" lon="-75.7559600">
    <ele>1265.8</ele>
   </trkpt>
   <trkpt lat="4.8075130" lon="-75.7559600">
    <ele>1265.8</ele>
   </trkpt>
   <trkpt lat="4.8075160" lon="-75.7559590">
    <ele>1265.7</ele>
   </trkpt>
   <trkpt lat="4.8075220" lon="-75.7559580">
    <ele>1265.7</ele>
   </trkpt>
   <trkpt lat="4.8075270" lon="-75.7559570">
    <ele>1265.7</ele>
   </trkpt>
   <trkpt lat="4.8075320" lon="-75.7559560">
    <ele>1265.7</ele>
   </trkpt>
   <trkpt lat="4.8075350" lon="-75.7559560">
    <ele>1265.6</ele>
   </trkpt>
   <trkpt lat="4.8075390" lon="-75.7559560">
    <ele>1265.6</ele>
   </trkpt>
   <trkpt lat="4.8075420" lon="-75.7559580">
    <ele>1265.6</ele>
   </trkpt>
   <trkpt lat="4.8075460" lon="-75.7559610">
    <ele>1265.6</ele>
   </trkpt>
   <trkpt lat="4.8075500" lon="-75.7559640">
    <ele>1265.6</ele>
   </trkpt>
   <trkpt lat="4.8075540" lon="-75.7559670">
    <ele>1265.5</ele>
   </trkpt>
   <trkpt lat="4.8075590" lon="-75.7559710">
    <ele>1265.5</ele>
   </trkpt>
   <trkpt lat="4.8075640" lon="-75.7559760">
    <ele>1265.5</ele>
   </trkpt>
   <trkpt lat="4.8075690" lon="-75.7559810">
    <ele>1265.4</ele>
   </trkpt>
   <trkpt lat="4.8075740" lon="-75.7559860">
    <ele>1265.4</ele>
   </trkpt>
   <trkpt lat="4.8075800" lon="-75.7559900">
    <ele>1265.4</ele>
   </trkpt>
   <trkpt lat="4.8075860" lon="-75.7559940">
    <ele>1265.3</ele>
   </trkpt>
   <trkpt lat="4.8075920" lon="-75.7559970">
    <ele>1265.3</ele>
   </trkpt>
   <trkpt lat="4.8075980" lon="-75.7559980">
    <ele>1265.3</ele>
   </trkpt>
   <trkpt lat="4.8076090" lon="-75.7559990">
    <ele>1265.2</ele>
   </trkpt>
   <trkpt lat="4.8076220" lon="-75.7559970">
    <ele>1265.1</ele>
   </trkpt>
   <trkpt lat="4.8076320" lon="-75.7559950">
    <ele>1265.1</ele>
   </trkpt>
   <trkpt lat="4.8076420" lon="-75.7559930">
    <ele>1265.0</ele>
   </trkpt>
   <trkpt lat="4.8076530" lon="-75.7559920">
    <ele>1264.9</ele>
   </trkpt>
   <trkpt lat="4.8076640" lon="-75.7559910">
    <ele>1264.9</ele>
   </trkpt>
   <trkpt lat="4.8076730" lon="-75.7559910">
    <ele>1264.9</ele>
   </trkpt>
   <trkpt lat="4.8076810" lon="-75.7559920">
    <ele>1264.9</ele>
   </trkpt>
   <trkpt lat="4.8076880" lon="-75.7559930">
    <ele>1264.8</ele>
   </trkpt>
   <trkpt lat="4.8076930" lon="-75.7559940">
    <ele>1264.8</ele>
   </trkpt>
   <trkpt lat="4.8076960" lon="-75.7559950">
    <ele>1264.8</ele>
   </trkpt>
   <trkpt lat="4.8076980" lon="-75.7559950">
    <ele>1264.8</ele>
   </trkpt>
   <trkpt lat="4.8077010" lon="-75.7559950">
    <ele>1264.8</ele>
   </trkpt>
   <trkpt lat="4.8077050" lon="-75.7559970">
    <ele>1264.8</ele>
   </trkpt>
   <trkpt lat="4.8077100" lon="-75.7559990">
    <ele>1264.8</ele>
   </trkpt>
   <trkpt lat="4.8077160" lon="-75.7560030">
    <ele>1264.8</ele>
   </trkpt>
   <trkpt lat="4.8077230" lon="-75.7560070">
    <ele>1264.7</ele>
   </trkpt>
   <trkpt lat="4.8077290" lon="-75.7560120">
    <ele>1264.7</ele>
   </trkpt>
   <trkpt lat="4.8077360" lon="-75.7560170">
    <ele>1264.7</ele>
   </trkpt>
   <trkpt lat="4.8077440" lon="-75.7560210">
    <ele>1264.7</ele>
   </trkpt>
   <trkpt lat="4.8077530" lon="-75.7560250">
    <ele>1264.6</ele>
   </trkpt>
   <trkpt lat="4.8077620" lon="-75.7560280">
    <ele>1264.6</ele>
   </trkpt>
   <trkpt lat="4.8077710" lon="-75.7560300">
    <ele>1264.6</ele>
   </trkpt>
   <trkpt lat="4.8077800" lon="-75.7560320">
    <ele>1264.6</ele>
   </trkpt>
   <trkpt lat="4.8077880" lon="-75.7560340">
    <ele>1264.6</ele>
   </trkpt>
   <trkpt lat="4.8077970" lon="-75.7560370">
    <ele>1264.5</ele>
   </trkpt>
   <trkpt lat="4.8078050" lon="-75.7560420">
    <ele>1264.5</ele>
   </trkpt>
   <trkpt lat="4.8078140" lon="-75.7560480">
    <ele>1264.5</ele>
   </trkpt>
   <trkpt lat="4.8078200" lon="-75.7560520">
    <ele>1264.5</ele>
   </trkpt>
   <trkpt lat="4.8078260" lon="-75.7560570">
    <ele>1264.5</ele>
   </trkpt>
   <trkpt lat="4.8078330" lon="-75.7560620">
    <ele>1264.5</ele>
   </trkpt>
   <trkpt lat="4.8078380" lon="-75.7560670">
    <ele>1264.4</ele>
   </trkpt>
   <trkpt lat="4.8078410" lon="-75.7560710">
    <ele>1264.4</ele>
   </trkpt>
   <trkpt lat="4.8078430" lon="-75.7560750">
    <ele>1264.4</ele>
   </trkpt>
   <trkpt lat="4.8078480" lon="-75.7560800">
    <ele>1264.4</ele>
   </trkpt>
   <trkpt lat="4.8078530" lon="-75.7560840">
    <ele>1264.4</ele>
   </trkpt>
   <trkpt lat="4.8078580" lon="-75.7560860">
    <ele>1264.4</ele>
   </trkpt>
   <trkpt lat="4.8078640" lon="-75.7560870">
    <ele>1264.4</ele>
   </trkpt>
   <trkpt lat="4.8078680" lon="-75.7560870">
    <ele>1264.4</ele>
   </trkpt>
   <trkpt lat="4.8078680" lon="-75.7560860">
    <ele>1264.4</ele>
   </trkpt>
   <trkpt lat="4.8078700" lon="-75.7560840">
    <ele>1264.4</ele>
   </trkpt>
   <trkpt lat="4.8078740" lon="-75.7560800">
    <ele>1264.4</ele>
   </trkpt>
   <trkpt lat="4.8078770" lon="-75.7560760">
    <ele>1264.4</ele>
   </trkpt>
   <trkpt lat="4.8078790" lon="-75.7560750">
    <ele>1264.4</ele>
   </trkpt>
   <trkpt lat="4.8078820" lon="-75.7560720">
    <ele>1264.4</ele>
   </trkpt>
   <trkpt lat="4.8078880" lon="-75.7560660">
    <ele>1264.4</ele>
   </trkpt>
   <trkpt lat="4.8078930" lon="-75.7560630">
    <ele>1264.4</ele>
   </trkpt>
   <trkpt lat="4.8078960" lon="-75.7560610">
    <ele>1264.4</ele>
   </trkpt>
   <trkpt lat="4.8079010" lon="-75.7560560">
    <ele>1264.4</ele>
   </trkpt>
   <trkpt lat="4.8079060" lon="-75.7560520">
    <ele>1264.4</ele>
   </trkpt>
   <trkpt lat="4.8079130" lon="-75.7560480">
    <ele>1264.4</ele>
   </trkpt>
   <trkpt lat="4.8079190" lon="-75.7560430">
    <ele>1264.4</ele>
   </trkpt>
   <trkpt lat="4.8079210" lon="-75.7560390">
    <ele>1264.4</ele>
   </trkpt>
   <trkpt lat="4.8079220" lon="-75.7560370">
    <ele>1264.4</ele>
   </trkpt>
   <trkpt lat="4.8079240" lon="-75.7560360">
    <ele>1264.4</ele>
   </trkpt>
   <trkpt lat="4.8079250" lon="-75.7560370">
    <ele>1264.4</ele>
   </trkpt>
   <trkpt lat="4.8079250" lon="-75.7560380">
    <ele>1264.4</ele>
   </trkpt>
   <trkpt lat="4.8079250" lon="-75.7560380">
    <ele>1264.4</ele>
   </trkpt>
   <trkpt lat="4.8079250" lon="-75.7560390">
    <ele>1264.4</ele>
   </trkpt>
   <trkpt lat="4.8079250" lon="-75.7560410">
    <ele>1264.4</ele>
   </trkpt>
   <trkpt lat="4.8079250" lon="-75.7560430">
    <ele>1264.4</ele>
   </trkpt>
   <trkpt lat="4.8079250" lon="-75.7560450">
    <ele>1264.4</ele>
   </trkpt>
   <trkpt lat="4.8079250" lon="-75.7560470">
    <ele>1264.4</ele>
   </trkpt>
   <trkpt lat="4.8079270" lon="-75.7560510">
    <ele>1264.4</ele>
   </trkpt>
   <trkpt lat="4.8079290" lon="-75.7560560">
    <ele>1264.4</ele>
   </trkpt>
   <trkpt lat="4.8079320" lon="-75.7560610">
    <ele>1264.4</ele>
   </trkpt>
   <trkpt lat="4.8079370" lon="-75.7560660">
    <ele>1264.3</ele>
   </trkpt>
   <trkpt lat="4.8079400" lon="-75.7560690">
    <ele>1264.3</ele>
   </trkpt>
   <trkpt lat="4.8079420" lon="-75.7560680">
    <ele>1264.3</ele>
   </trkpt>
   <trkpt lat="4.8079440" lon="-75.7560700">
    <ele>1264.3</ele>
   </trkpt>
   <trkpt lat="4.8079490" lon="-75.7560760">
    <ele>1264.3</ele>
   </trkpt>
   <trkpt lat="4.8079530" lon="-75.7560840">
    <ele>1264.3</ele>
   </trkpt>
   <trkpt lat="4.8079560" lon="-75.7560880">
    <ele>1264.3</ele>
   </trkpt>
   <trkpt lat="4.8079580" lon="-75.7560920">
    <ele>1264.3</ele>
   </trkpt>
   <trkpt lat="4.8079620" lon="-75.7560970">
    <ele>1264.3</ele>
   </trkpt>
   <trkpt lat="4.8079660" lon="-75.7561040">
    <ele>1264.3</ele>
   </trkpt>
   <trkpt lat="4.8079710" lon="-75.7561120">
    <ele>1264.3</ele>
   </trkpt>
   <trkpt lat="4.8079750" lon="-75.7561200">
    <ele>1264.3</ele>
   </trkpt>
   <trkpt lat="4.8079800" lon="-75.7561270">
    <ele>1264.3</ele>
   </trkpt>
   <trkpt lat="4.8079850" lon="-75.7561350">
    <ele>1264.3</ele>
   </trkpt>
   <trkpt lat="4.8079900" lon="-75.7561430">
    <ele>1264.3</ele>
   </trkpt>
   <trkpt lat="4.8079950" lon="-75.7561510">
    <ele>1264.3</ele>
   </trkpt>
   <trkpt lat="4.8080000" lon="-75.7561600">
    <ele>1264.3</ele>
   </trkpt>
   <trkpt lat="4.8080050" lon="-75.7561680">
    <ele>1264.3</ele>
   </trkpt>
   <trkpt lat="4.8080110" lon="-75.7561770">
    <ele>1264.3</ele>
   </trkpt>
   <trkpt lat="4.8080140" lon="-75.7561820">
    <ele>1264.3</ele>
   </trkpt>
   <trkpt lat="4.8080160" lon="-75.7561860">
    <ele>1264.3</ele>
   </trkpt>
   <trkpt lat="4.8080210" lon="-75.7561930">
    <ele>1264.3</ele>
   </trkpt>
   <trkpt lat="4.8080260" lon="-75.7562020">
    <ele>1264.3</ele>
   </trkpt>
   <trkpt lat="4.8080310" lon="-75.7562100">
    <ele>1264.2</ele>
   </trkpt>
   <trkpt lat="4.8080360" lon="-75.7562190">
    <ele>1264.2</ele>
   </trkpt>
   <trkpt lat="4.8080420" lon="-75.7562280">
    <ele>1264.2</ele>
   </trkpt>
   <trkpt lat="4.8080470" lon="-75.7562370">
    <ele>1264.2</ele>
   </trkpt>
   <trkpt lat="4.8080500" lon="-75.7562420">
    <ele>1264.2</ele>
   </trkpt>
   <trkpt lat="4.8080520" lon="-75.7562460">
    <ele>1264.2</ele>
   </trkpt>
   <trkpt lat="4.8080560" lon="-75.7562540">
    <ele>1264.2</ele>
   </trkpt>
   <trkpt lat="4.8080610" lon="-75.7562620">
    <ele>1264.2</ele>
   </trkpt>
   <trkpt lat="4.8080650" lon="-75.7562700">
    <ele>1264.2</ele>
   </trkpt>
   <trkpt lat="4.8080690" lon="-75.7562780">
    <ele>1264.2</ele>
   </trkpt>
   <trkpt lat="4.8080720" lon="-75.7562840">
    <ele>1264.2</ele>
   </trkpt>
   <trkpt lat="4.8080740" lon="-75.7562880">
    <ele>1264.2</ele>
   </trkpt>
   <trkpt lat="4.8080780" lon="-75.7562950">
    <ele>1264.2</ele>
   </trkpt>
   <trkpt lat="4.8080820" lon="-75.7563030">
    <ele>1264.2</ele>
   </trkpt>
   <trkpt lat="4.8080870" lon="-75.7563120">
    <ele>1264.2</ele>
   </trkpt>
   <trkpt lat="4.8080920" lon="-75.7563210">
    <ele>1264.2</ele>
   </trkpt>
   <trkpt lat="4.8080960" lon="-75.7563290">
    <ele>1264.1</ele>
   </trkpt>
   <trkpt lat="4.8081010" lon="-75.7563380">
    <ele>1264.1</ele>
   </trkpt>
   <trkpt lat="4.8081060" lon="-75.7563460">
    <ele>1264.1</ele>
   </trkpt>
   <trkpt lat="4.8081110" lon="-75.7563550">
    <ele>1264.1</ele>
   </trkpt>
   <trkpt lat="4.8081160" lon="-75.7563650">
    <ele>1264.1</ele>
   </trkpt>
   <trkpt lat="4.8081210" lon="-75.7563740">
    <ele>1264.1</ele>
   </trkpt>
   <trkpt lat="4.8081240" lon="-75.7563780">
    <ele>1264.1</ele>
   </trkpt>
   <trkpt lat="4.8081250" lon="-75.7563790">
    <ele>1264.1</ele>
   </trkpt>
   <trkpt lat="4.8081290" lon="-75.7563790">
    <ele>1264.1</ele>
   </trkpt>
   <trkpt lat="4.8081330" lon="-75.7563820">
    <ele>1264.1</ele>
   </trkpt>
   <trkpt lat="4.8081390" lon="-75.7563890">
    <ele>1264.1</ele>
   </trkpt>
   <trkpt lat="4.8081450" lon="-75.7563970">
    <ele>1264.1</ele>
   </trkpt>
   <trkpt lat="4.8081510" lon="-75.7564070">
    <ele>1264.1</ele>
   </trkpt>
   <trkpt lat="4.8081570" lon="-75.7564160">
    <ele>1264.1</ele>
   </trkpt>
   <trkpt lat="4.8081620" lon="-75.7564250">
    <ele>1264.1</ele>
   </trkpt>
   <trkpt lat="4.8081680" lon="-75.7564330">
    <ele>1264.1</ele>
   </trkpt>
   <trkpt lat="4.8081730" lon="-75.7564420">
    <ele>1264.0</ele>
   </trkpt>
   <trkpt lat="4.8081780" lon="-75.7564500">
    <ele>1264.0</ele>
   </trkpt>
   <trkpt lat="4.8081840" lon="-75.7564590">
    <ele>1264.0</ele>
   </trkpt>
   <trkpt lat="4.8081890" lon="-75.7564670">
    <ele>1264.0</ele>
   </trkpt>
   <trkpt lat="4.8081920" lon="-75.7564730">
    <ele>1264.0</ele>
   </trkpt>
   <trkpt lat="4.8081950" lon="-75.7564770">
    <ele>1264.0</ele>
   </trkpt>
   <trkpt lat="4.8081990" lon="-75.7564850">
    <ele>1264.0</ele>
   </trkpt>
   <trkpt lat="4.8082040" lon="-75.7564930">
    <ele>1264.0</ele>
   </trkpt>
   <trkpt lat="4.8082090" lon="-75.7565020">
    <ele>1264.0</ele>
   </trkpt>
   <trkpt lat="4.8082130" lon="-75.7565110">
    <ele>1264.0</ele>
   </trkpt>
   <trkpt lat="4.8082180" lon="-75.7565200">
    <ele>1264.0</ele>
   </trkpt>
   <trkpt lat="4.8082220" lon="-75.7565290">
    <ele>1264.0</ele>
   </trkpt>
   <trkpt lat="4.8082260" lon="-75.7565380">
    <ele>1264.0</ele>
   </trkpt>
   <trkpt lat="4.8082300" lon="-75.7565470">
    <ele>1264.0</ele>
   </trkpt>
   <trkpt lat="4.8082340" lon="-75.7565560">
    <ele>1264.0</ele>
   </trkpt>
   <trkpt lat="4.8082380" lon="-75.7565650">
    <ele>1264.0</ele>
   </trkpt>
   <trkpt lat="4.8082420" lon="-75.7565740">
    <ele>1264.0</ele>
   </trkpt>
   <trkpt lat="4.8082450" lon="-75.7565830">
    <ele>1264.0</ele>
   </trkpt>
   <trkpt lat="4.8082490" lon="-75.7565920">
    <ele>1264.0</ele>
   </trkpt>
   <trkpt lat="4.8082530" lon="-75.7566010">
    <ele>1264.0</ele>
   </trkpt>
   <trkpt lat="4.8082580" lon="-75.7566100">
    <ele>1264.0</ele>
   </trkpt>
   <trkpt lat="4.8082610" lon="-75.7566160">
    <ele>1264.0</ele>
   </trkpt>
   <trkpt lat="4.8082630" lon="-75.7566200">
    <ele>1264.0</ele>
   </trkpt>
   <trkpt lat="4.8082670" lon="-75.7566280">
    <ele>1264.0</ele>
   </trkpt>
   <trkpt lat="4.8082720" lon="-75.7566360">
    <ele>1264.0</ele>
   </trkpt>
   <trkpt lat="4.8082770" lon="-75.7566450">
    <ele>1264.0</ele>
   </trkpt>
   <trkpt lat="4.8082820" lon="-75.7566540">
    <ele>1264.1</ele>
   </trkpt>
   <trkpt lat="4.8082880" lon="-75.7566620">
    <ele>1264.1</ele>
   </trkpt>
   <trkpt lat="4.8082930" lon="-75.7566710">
    <ele>1264.1</ele>
   </trkpt>
   <trkpt lat="4.8082980" lon="-75.7566800">
    <ele>1264.1</ele>
   </trkpt>
   <trkpt lat="4.8083040" lon="-75.7566890">
    <ele>1264.1</ele>
   </trkpt>
   <trkpt lat="4.8083070" lon="-75.7566950">
    <ele>1264.2</ele>
   </trkpt>
   <trkpt lat="4.8083100" lon="-75.7566990">
    <ele>1264.2</ele>
   </trkpt>
   <trkpt lat="4.8083150" lon="-75.7567070">
    <ele>1264.2</ele>
   </trkpt>
   <trkpt lat="4.8083190" lon="-75.7567130">
    <ele>1264.2</ele>
   </trkpt>
   <trkpt lat="4.8083220" lon="-75.7567170">
    <ele>1264.2</ele>
   </trkpt>
   <trkpt lat="4.8083250" lon="-75.7567220">
    <ele>1264.3</ele>
   </trkpt>
   <trkpt lat="4.8083280" lon="-75.7567250">
    <ele>1264.3</ele>
   </trkpt>
   <trkpt lat="4.8083300" lon="-75.7567270">
    <ele>1264.3</ele>
   </trkpt>
   <trkpt lat="4.8083340" lon="-75.7567310">
    <ele>1264.3</ele>
   </trkpt>
   <trkpt lat="4.8083410" lon="-75.7567350">
    <ele>1264.3</ele>
   </trkpt>
   <trkpt lat="4.8083450" lon="-75.7567380">
    <ele>1264.3</ele>
   </trkpt>
   <trkpt lat="4.8083480" lon="-75.7567400">
    <ele>1264.4</ele>
   </trkpt>
   <trkpt lat="4.8083530" lon="-75.7567420">
    <ele>1264.4</ele>
   </trkpt>
   <trkpt lat="4.8083580" lon="-75.7567460">
    <ele>1264.4</ele>
   </trkpt>
   <trkpt lat="4.8083600" lon="-75.7567500">
    <ele>1264.4</ele>
   </trkpt>
   <trkpt lat="4.8083620" lon="-75.7567540">
    <ele>1264.4</ele>
   </trkpt>
   <trkpt lat="4.8083650" lon="-75.7567600">
    <ele>1264.5</ele>
   </trkpt>
   <trkpt lat="4.8083690" lon="-75.7567660">
    <ele>1264.5</ele>
   </trkpt>
   <trkpt lat="4.8083740" lon="-75.7567740">
    <ele>1264.5</ele>
   </trkpt>
   <trkpt lat="4.8083770" lon="-75.7567800">
    <ele>1264.6</ele>
   </trkpt>
   <trkpt lat="4.8083800" lon="-75.7567860">
    <ele>1264.6</ele>
   </trkpt>
   <trkpt lat="4.8083840" lon="-75.7567950">
    <ele>1264.6</ele>
   </trkpt>
   <trkpt lat="4.8083870" lon="-75.7568040">
    <ele>1264.7</ele>
   </trkpt>
   <trkpt lat="4.8083880" lon="-75.7568140">
    <ele>1264.7</ele>
   </trkpt>
   <trkpt lat="4.8083870" lon="-75.7568230">
    <ele>1264.8</ele>
   </trkpt>
   <trkpt lat="4.8083820" lon="-75.7568290">
    <ele>1264.8</ele>
   </trkpt>
   <trkpt lat="4.8083750" lon="-75.7568330">
    <ele>1264.9</ele>
   </trkpt>
   <trkpt lat="4.8083700" lon="-75.7568350">
    <ele>1264.9</ele>
   </trkpt>
   <trkpt lat="4.8083650" lon="-75.7568370">
    <ele>1264.9</ele>
   </trkpt>
   <trkpt lat="4.8083590" lon="-75.7568400">
    <ele>1265.0</ele>
   </trkpt>
   <trkpt lat="4.8083520" lon="-75.7568440">
    <ele>1265.0</ele>
   </trkpt>
   <trkpt lat="4.8083450" lon="-75.7568470">
    <ele>1265.0</ele>
   </trkpt>
   <trkpt lat="4.8083370" lon="-75.7568500">
    <ele>1265.1</ele>
   </trkpt>
   <trkpt lat="4.8083300" lon="-75.7568540">
    <ele>1265.1</ele>
   </trkpt>
   <trkpt lat="4.8083230" lon="-75.7568600">
    <ele>1265.1</ele>
   </trkpt>
   <trkpt lat="4.8083190" lon="-75.7568650">
    <ele>1265.2</ele>
   </trkpt>
   <trkpt lat="4.8083190" lon="-75.7568700">
    <ele>1265.2</ele>
   </trkpt>
   <trkpt lat="4.8083200" lon="-75.7568760">
    <ele>1265.2</ele>
   </trkpt>
   <trkpt lat="4.8083230" lon="-75.7568830">
    <ele>1265.3</ele>
   </trkpt>
   <trkpt lat="4.8083270" lon="-75.7568880">
    <ele>1265.3</ele>
   </trkpt>
   <trkpt lat="4.8083290" lon="-75.7568910">
    <ele>1265.3</ele>
   </trkpt>
   <trkpt lat="4.8083310" lon="-75.7568950">
    <ele>1265.3</ele>
   </trkpt>
   <trkpt lat="4.8083320" lon="-75.7569000">
    <ele>1265.3</ele>
   </trkpt>
   <trkpt lat="4.8083330" lon="-75.7569070">
    <ele>1265.4</ele>
   </trkpt>
   <trkpt lat="4.8083340" lon="-75.7569140">
    <ele>1265.4</ele>
   </trkpt>
   <trkpt lat="4.8083360" lon="-75.7569220">
    <ele>1265.4</ele>
   </trkpt>
   <trkpt lat="4.8083380" lon="-75.7569290">
    <ele>1265.5</ele>
   </trkpt>
   <trkpt lat="4.8083400" lon="-75.7569340">
    <ele>1265.5</ele>
   </trkpt>
   <trkpt lat="4.8083480" lon="-75.7569500">
    <ele>1265.6</ele>
   </trkpt>
   <trkpt lat="4.8083560" lon="-75.7569670">
    <ele>1265.7</ele>
   </trkpt>
   <trkpt lat="4.8083640" lon="-75.7569830">
    <ele>1265.8</ele>
   </trkpt>
   <trkpt lat="4.8083720" lon="-75.7569990">
    <ele>1265.9</ele>
   </trkpt>
   <trkpt lat="4.8083790" lon="-75.7570160">
    <ele>1266.0</ele>
   </trkpt>
   <trkpt lat="4.8083870" lon="-75.7570320">
    <ele>1266.1</ele>
   </trkpt>
   <trkpt lat="4.8083950" lon="-75.7570490">
    <ele>1266.2</ele>
   </trkpt>
   <trkpt lat="4.8083950" lon="-75.7570490">
    <ele>1266.2</ele>
   </trkpt>
   <trkpt lat="4.8083950" lon="-75.7570490">
    <ele>1266.2</ele>
   </trkpt>
   <trkpt lat="4.8083950" lon="-75.7570490">
    <ele>1266.2</ele>
   </trkpt>
   <trkpt lat="4.8083950" lon="-75.7570490">
    <ele>1266.2</ele>
   </trkpt>
   <trkpt lat="4.8083950" lon="-75.7570490">
    <ele>1266.2</ele>
   </trkpt>
   <trkpt lat="4.8083950" lon="-75.7570490">
    <ele>1266.2</ele>
   </trkpt>
   <trkpt lat="4.8083950" lon="-75.7570490">
    <ele>1266.2</ele>
   </trkpt>
   <trkpt lat="4.8083950" lon="-75.7570490">
    <ele>1266.2</ele>
   </trkpt>
   <trkpt lat="4.8083950" lon="-75.7570490">
    <ele>1266.2</ele>
   </trkpt>
   <trkpt lat="4.8083950" lon="-75.7570490">
    <ele>1266.2</ele>
   </trkpt>
   <trkpt lat="4.8083950" lon="-75.7570490">
    <ele>1266.2</ele>
   </trkpt>
   <trkpt lat="4.8083950" lon="-75.7570490">
    <ele>1266.2</ele>
   </trkpt>
   <trkpt lat="4.8083950" lon="-75.7570490">
    <ele>1266.2</ele>
   </trkpt>
   <trkpt lat="4.8083950" lon="-75.7570490">
    <ele>1266.2</ele>
   </trkpt>
   <trkpt lat="4.8083950" lon="-75.7570490">
    <ele>1266.2</ele>
   </trkpt>
   <trkpt lat="4.8083950" lon="-75.7570490">
    <ele>1266.2</ele>
   </trkpt>
   <trkpt lat="4.8083950" lon="-75.7570490">
    <ele>1266.2</ele>
   </trkpt>
   <trkpt lat="4.8083950" lon="-75.7570490">
    <ele>1266.2</ele>
   </trkpt>
   <trkpt lat="4.8083950" lon="-75.7570490">
    <ele>1266.2</ele>
   </trkpt>
   <trkpt lat="4.8083950" lon="-75.7570490">
    <ele>1266.2</ele>
   </trkpt>
   <trkpt lat="4.8083950" lon="-75.7570490">
    <ele>1266.2</ele>
   </trkpt>
   <trkpt lat="4.8083950" lon="-75.7570490">
    <ele>1266.2</ele>
   </trkpt>
   <trkpt lat="4.8083950" lon="-75.7570490">
    <ele>1266.2</ele>
   </trkpt>
   <trkpt lat="4.8083950" lon="-75.7570490">
    <ele>1266.2</ele>
   </trkpt>
   <trkpt lat="4.8083950" lon="-75.7570490">
    <ele>1266.2</ele>
   </trkpt>
   <trkpt lat="4.8083950" lon="-75.7570490">
    <ele>1266.2</ele>
   </trkpt>
   <trkpt lat="4.8083950" lon="-75.7570490">
    <ele>1266.2</ele>
   </trkpt>
   <trkpt lat="4.8083950" lon="-75.7570490">
    <ele>1266.2</ele>
   </trkpt>
   <trkpt lat="4.8083950" lon="-75.7570490">
    <ele>1266.2</ele>
   </trkpt>
   <trkpt lat="4.8083950" lon="-75.7570490">
    <ele>1266.2</ele>
   </trkpt>
   <trkpt lat="4.8083950" lon="-75.7570490">
    <ele>1266.2</ele>
   </trkpt>
   <trkpt lat="4.8083950" lon="-75.7570490">
    <ele>1266.2</ele>
   </trkpt>
   <trkpt lat="4.8083950" lon="-75.7570490">
    <ele>1266.2</ele>
   </trkpt>
   <trkpt lat="4.8083950" lon="-75.7570490">
    <ele>1266.2</ele>
   </trkpt>
   <trkpt lat="4.8083950" lon="-75.7570490">
    <ele>1266.2</ele>
   </trkpt>
   <trkpt lat="4.8083950" lon="-75.7570490">
    <ele>1266.2</ele>
   </trkpt>
   <trkpt lat="4.8083950" lon="-75.7570490">
    <ele>1266.2</ele>
   </trkpt>
   <trkpt lat="4.8083950" lon="-75.7570490">
    <ele>1266.2</ele>
   </trkpt>
   <trkpt lat="4.8083950" lon="-75.7570490">
    <ele>1266.2</ele>
   </trkpt>
   <trkpt lat="4.8083950" lon="-75.7570490">
    <ele>1266.2</ele>
   </trkpt>
   <trkpt lat="4.8083950" lon="-75.7570490">
    <ele>1266.2</ele>
   </trkpt>
   <trkpt lat="4.8083950" lon="-75.7570490">
    <ele>1266.2</ele>
   </trkpt>
   <trkpt lat="4.8083950" lon="-75.7570490">
    <ele>1266.2</ele>
   </trkpt>
   <trkpt lat="4.8083950" lon="-75.7570490">
    <ele>1266.2</ele>
   </trkpt>
   <trkpt lat="4.8083950" lon="-75.7570490">
    <ele>1266.2</ele>
   </trkpt>
   <trkpt lat="4.8083950" lon="-75.7570490">
    <ele>1266.2</ele>
   </trkpt>
   <trkpt lat="4.8083950" lon="-75.7570490">
    <ele>1266.2</ele>
   </trkpt>
   <trkpt lat="4.8083950" lon="-75.7570490">
    <ele>1266.2</ele>
   </trkpt>
   <trkpt lat="4.8083950" lon="-75.7570490">
    <ele>1266.2</ele>
   </trkpt>
   <trkpt lat="4.8083950" lon="-75.7570490">
    <ele>1266.2</ele>
   </trkpt>
   <trkpt lat="4.8083950" lon="-75.7570490">
    <ele>1266.2</ele>
   </trkpt>
   <trkpt lat="4.8083950" lon="-75.7570490">
    <ele>1266.2</ele>
   </trkpt>
   <trkpt lat="4.8083950" lon="-75.7570490">
    <ele>1266.2</ele>
   </trkpt>
   <trkpt lat="4.8083950" lon="-75.7570490">
    <ele>1266.2</ele>
   </trkpt>
   <trkpt lat="4.8083950" lon="-75.7570490">
    <ele>1266.2</ele>
   </trkpt>
   <trkpt lat="4.8083950" lon="-75.7570490">
    <ele>1266.2</ele>
   </trkpt>
   <trkpt lat="4.8083950" lon="-75.7570490">
    <ele>1266.2</ele>
   </trkpt>
   <trkpt lat="4.8083950" lon="-75.7570490">
    <ele>1266.2</ele>
   </trkpt>
   <trkpt lat="4.8083950" lon="-75.7570490">
    <ele>1266.2</ele>
   </trkpt>
   <trkpt lat="4.8083950" lon="-75.7570490">
    <ele>1266.2</ele>
   </trkpt>
   <trkpt lat="4.8083950" lon="-75.7570490">
    <ele>1266.2</ele>
   </trkpt>
   <trkpt lat="4.8083950" lon="-75.7570490">
    <ele>1266.2</ele>
   </trkpt>
   <trkpt lat="4.8083950" lon="-75.7570490">
    <ele>1266.2</ele>
   </trkpt>
   <trkpt lat="4.8083950" lon="-75.7570490">
    <ele>1266.2</ele>
   </trkpt>
   <trkpt lat="4.8083950" lon="-75.7570490">
    <ele>1266.2</ele>
   </trkpt>
   <trkpt lat="4.8083950" lon="-75.7570490">
    <ele>1266.2</ele>
   </trkpt>
   <trkpt lat="4.8083950" lon="-75.7570490">
    <ele>1266.2</ele>
   </trkpt>
   <trkpt lat="4.8083950" lon="-75.7570490">
    <ele>1266.2</ele>
   </trkpt>
   <trkpt lat="4.8083950" lon="-75.7570490">
    <ele>1266.2</ele>
   </trkpt>
   <trkpt lat="4.8083950" lon="-75.7570490">
    <ele>1266.2</ele>
   </trkpt>
   <trkpt lat="4.8083950" lon="-75.7570490">
    <ele>1266.2</ele>
   </trkpt>
   <trkpt lat="4.8083950" lon="-75.7570490">
    <ele>1266.2</ele>
   </trkpt>
   <trkpt lat="4.8083950" lon="-75.7570490">
    <ele>1266.2</ele>
   </trkpt>
   <trkpt lat="4.8083950" lon="-75.7570490">
    <ele>1266.2</ele>
   </trkpt>
   <trkpt lat="4.8083950" lon="-75.7570490">
    <ele>1266.2</ele>
   </trkpt>
   <trkpt lat="4.8083950" lon="-75.7570490">
    <ele>1266.2</ele>
   </trkpt>
   <trkpt lat="4.8083950" lon="-75.7570490">
    <ele>1266.2</ele>
   </trkpt>
   <trkpt lat="4.8083950" lon="-75.7570490">
    <ele>1266.2</ele>
   </trkpt>
   <trkpt lat="4.8083970" lon="-75.7570690">
    <ele>1266.3</ele>
   </trkpt>
   <trkpt lat="4.8084000" lon="-75.7570900">
    <ele>1266.5</ele>
   </trkpt>
   <trkpt lat="4.8084020" lon="-75.7571100">
    <ele>1266.6</ele>
   </trkpt>
   <trkpt lat="4.8084040" lon="-75.7571310">
    <ele>1266.8</ele>
   </trkpt>
   <trkpt lat="4.8084070" lon="-75.7571520">
    <ele>1267.0</ele>
   </trkpt>
   <trkpt lat="4.8084170" lon="-75.7571560">
    <ele>1267.3</ele>
   </trkpt>
   <trkpt lat="4.8084280" lon="-75.7571580">
    <ele>1267.8</ele>
   </trkpt>
   <trkpt lat="4.8084400" lon="-75.7571580">
    <ele>1268.2</ele>
   </trkpt>
   <trkpt lat="4.8084510" lon="-75.7571570">
    <ele>1268.6</ele>
   </trkpt>
   <trkpt lat="4.8084600" lon="-75.7571570">
    <ele>1268.9</ele>
   </trkpt>
   <trkpt lat="4.8084690" lon="-75.7571590">
    <ele>1269.2</ele>
   </trkpt>
   <trkpt lat="4.8084770" lon="-75.7571640">
    <ele>1269.6</ele>
   </trkpt>
   <trkpt lat="4.8084820" lon="-75.7571700">
    <ele>1269.9</ele>
   </trkpt>
   <trkpt lat="4.8084870" lon="-75.7571770">
    <ele>1270.2</ele>
   </trkpt>
   <trkpt lat="4.8084930" lon="-75.7571870">
    <ele>1270.6</ele>
   </trkpt>
   <trkpt lat="4.8084990" lon="-75.7571960">
    <ele>1271.0</ele>
   </trkpt>
   <trkpt lat="4.8085040" lon="-75.7572050">
    <ele>1271.4</ele>
   </trkpt>
   <trkpt lat="4.8085080" lon="-75.7572140">
    <ele>1271.7</ele>
   </trkpt>
   <trkpt lat="4.8085100" lon="-75.7572240">
    <ele>1272.1</ele>
   </trkpt>
   <trkpt lat="4.8085100" lon="-75.7572330">
    <ele>1272.0</ele>
   </trkpt>
   <trkpt lat="4.8085070" lon="-75.7572390">
    <ele>1272.0</ele>
   </trkpt>
   <trkpt lat="4.8085000" lon="-75.7572470">
    <ele>1272.0</ele>
   </trkpt>
   <trkpt lat="4.8084920" lon="-75.7572530">
    <ele>1272.0</ele>
   </trkpt>
   <trkpt lat="4.8084850" lon="-75.7572590">
    <ele>1271.9</ele>
   </trkpt>
   <trkpt lat="4.8084770" lon="-75.7572630">
    <ele>1271.9</ele>
   </trkpt>
   <trkpt lat="4.8084700" lon="-75.7572670">
    <ele>1271.9</ele>
   </trkpt>
   <trkpt lat="4.8084630" lon="-75.7572710">
    <ele>1271.9</ele>
   </trkpt>
   <trkpt lat="4.8084560" lon="-75.7572760">
    <ele>1271.8</ele>
   </trkpt>
   <trkpt lat="4.8084500" lon="-75.7572810">
    <ele>1271.8</ele>
   </trkpt>
   <trkpt lat="4.8084430" lon="-75.7572860">
    <ele>1271.7</ele>
   </trkpt>
   <trkpt lat="4.8084360" lon="-75.7572920">
    <ele>1271.6</ele>
   </trkpt>
   <trkpt lat="4.8084280" lon="-75.7572980">
    <ele>1271.6</ele>
   </trkpt>
   <trkpt lat="4.8084210" lon="-75.7573040">
    <ele>1271.5</ele>
   </trkpt>
   <trkpt lat="4.8084140" lon="-75.7573090">
    <ele>1271.4</ele>
   </trkpt>
   <trkpt lat="4.8084080" lon="-75.7573150">
    <ele>1271.4</ele>
   </trkpt>
   <trkpt lat="4.8084010" lon="-75.7573200">
    <ele>1271.3</ele>
   </trkpt>
   <trkpt lat="4.8083940" lon="-75.7573250">
    <ele>1271.2</ele>
   </trkpt>
   <trkpt lat="4.8083870" lon="-75.7573290">
    <ele>1271.2</ele>
   </trkpt>
   <trkpt lat="4.8083800" lon="-75.7573340">
    <ele>1271.1</ele>
   </trkpt>
   <trkpt lat="4.8083730" lon="-75.7573390">
    <ele>1271.0</ele>
   </trkpt>
   <trkpt lat="4.8083670" lon="-75.7573440">
    <ele>1271.0</ele>
   </trkpt>
   <trkpt lat="4.8083600" lon="-75.7573490">
    <ele>1270.9</ele>
   </trkpt>
   <trkpt lat="4.8083550" lon="-75.7573530">
    <ele>1270.9</ele>
   </trkpt>
   <trkpt lat="4.8083510" lon="-75.7573570">
    <ele>1270.8</ele>
   </trkpt>
   <trkpt lat="4.8083470" lon="-75.7573610">
    <ele>1270.8</ele>
   </trkpt>
   <trkpt lat="4.8083440" lon="-75.7573640">
    <ele>1270.7</ele>
   </trkpt>
   <trkpt lat="4.8083400" lon="-75.7573660">
    <ele>1270.7</ele>
   </trkpt>
   <trkpt lat="4.8083350" lon="-75.7573660">
    <ele>1270.7</ele>
   </trkpt>
   <trkpt lat="4.8083310" lon="-75.7573650">
    <ele>1270.6</ele>
   </trkpt>
   <trkpt lat="4.8083260" lon="-75.7573650">
    <ele>1270.6</ele>
   </trkpt>
   <trkpt lat="4.8083200" lon="-75.7573660">
    <ele>1270.5</ele>
   </trkpt>
   <trkpt lat="4.8083120" lon="-75.7573680">
    <ele>1270.5</ele>
   </trkpt>
   <trkpt lat="4.8083040" lon="-75.7573720">
    <ele>1270.4</ele>
   </trkpt>
   <trkpt lat="4.8082960" lon="-75.7573760">
    <ele>1270.3</ele>
   </trkpt>
   <trkpt lat="4.8082870" lon="-75.7573790">
    <ele>1270.3</ele>
   </trkpt>
   <trkpt lat="4.8082810" lon="-75.7573830">
    <ele>1270.2</ele>
   </trkpt>
   <trkpt lat="4.8082750" lon="-75.7573870">
    <ele>1270.2</ele>
   </trkpt>
   <trkpt lat="4.8082710" lon="-75.7573910">
    <ele>1270.1</ele>
   </trkpt>
   <trkpt lat="4.8082670" lon="-75.7573940">
    <ele>1270.1</ele>
   </trkpt>
   <trkpt lat="4.8082630" lon="-75.7573950">
    <ele>1270.0</ele>
   </trkpt>
   <trkpt lat="4.8082590" lon="-75.7573950">
    <ele>1270.0</ele>
   </trkpt>
   <trkpt lat="4.8082540" lon="-75.7573950">
    <ele>1270.0</ele>
   </trkpt>
   <trkpt lat="4.8082470" lon="-75.7573950">
    <ele>1269.9</ele>
   </trkpt>
   <trkpt lat="4.8082420" lon="-75.7573960">
    <ele>1269.9</ele>
   </trkpt>
   <trkpt lat="4.8082380" lon="-75.7573980">
    <ele>1269.9</ele>
   </trkpt>
   <trkpt lat="4.8082310" lon="-75.7574020">
    <ele>1269.8</ele>
   </trkpt>
   <trkpt lat="4.8082250" lon="-75.7574070">
    <ele>1269.7</ele>
   </trkpt>
   <trkpt lat="4.8082200" lon="-75.7574120">
    <ele>1269.7</ele>
   </trkpt>
   <trkpt lat="4.8082140" lon="-75.7574170">
    <ele>1269.6</ele>
   </trkpt>
   <trkpt lat="4.8082080" lon="-75.7574210">
    <ele>1269.6</ele>
   </trkpt>
   <trkpt lat="4.8082010" lon="-75.7574250">
    <ele>1269.5</ele>
   </trkpt>
   <trkpt lat="4.8081930" lon="-75.7574270">
    <ele>1269.5</ele>
   </trkpt>
   <trkpt lat="4.8081850" lon="-75.7574300">
    <ele>1269.4</ele>
   </trkpt>
   <trkpt lat="4.8081760" lon="-75.7574330">
    <ele>1269.3</ele>
   </trkpt>
   <trkpt lat="4.8081660" lon="-75.7574350">
    <ele>1269.3</ele>
   </trkpt>
   <trkpt lat="4.8081550" lon="-75.7574380">
    <ele>1269.2</ele>
   </trkpt>
   <trkpt lat="4.8081440" lon="-75.7574400">
    <ele>1269.1</ele>
   </trkpt>
   <trkpt lat="4.8081320" lon="-75.7574420">
    <ele>1269.0</ele>
   </trkpt>
   <trkpt lat="4.8081200" lon="-75.7574440">
    <ele>1268.9</ele>
   </trkpt>
   <trkpt lat="4.8081080" lon="-75.7574450">
    <ele>1268.8</ele>
   </trkpt>
   <trkpt lat="4.8080970" lon="-75.7574470">
    <ele>1268.8</ele>
   </trkpt>
   <trkpt lat="4.8080860" lon="-75.7574490">
    <ele>1268.7</ele>
   </trkpt>
   <trkpt lat="4.8080760" lon="-75.7574520">
    <ele>1268.6</ele>
   </trkpt>
   <trkpt lat="4.8080670" lon="-75.7574550">
    <ele>1268.6</ele>
   </trkpt>
   <trkpt lat="4.8080590" lon="-75.7574590">
    <ele>1268.5</ele>
   </trkpt>
   <trkpt lat="4.8080510" lon="-75.7574620">
    <ele>1268.5</ele>
   </trkpt>
   <trkpt lat="4.8080430" lon="-75.7574640">
    <ele>1268.4</ele>
   </trkpt>
   <trkpt lat="4.8080350" lon="-75.7574650">
    <ele>1268.3</ele>
   </trkpt>
   <trkpt lat="4.8080280" lon="-75.7574670">
    <ele>1268.3</ele>
   </trkpt>
   <trkpt lat="4.8080210" lon="-75.7574680">
    <ele>1268.3</ele>
   </trkpt>
   <trkpt lat="4.8080150" lon="-75.7574680">
    <ele>1268.2</ele>
   </trkpt>
   <trkpt lat="4.8080110" lon="-75.7574670">
    <ele>1268.2</ele>
   </trkpt>
   <trkpt lat="4.8080090" lon="-75.7574630">
    <ele>1268.2</ele>
   </trkpt>
   <trkpt lat="4.8080090" lon="-75.7574570">
    <ele>1268.1</ele>
   </trkpt>
   <trkpt lat="4.8080090" lon="-75.7574510">
    <ele>1268.1</ele>
   </trkpt>
   <trkpt lat="4.8080070" lon="-75.7574470">
    <ele>1268.1</ele>
   </trkpt>
   <trkpt lat="4.8080030" lon="-75.7574460">
    <ele>1268.0</ele>
   </trkpt>
   <trkpt lat="4.8079990" lon="-75.7574490">
    <ele>1268.0</ele>
   </trkpt>
   <trkpt lat="4.8079960" lon="-75.7574530">
    <ele>1268.0</ele>
   </trkpt>
   <trkpt lat="4.8079950" lon="-75.7574570">
    <ele>1267.9</ele>
   </trkpt>
   <trkpt lat="4.8079940" lon="-75.7574650">
    <ele>1267.9</ele>
   </trkpt>
   <trkpt lat="4.8079930" lon="-75.7574730">
    <ele>1267.8</ele>
   </trkpt>
   <trkpt lat="4.8079940" lon="-75.7574820">
    <ele>1267.8</ele>
   </trkpt>
   <trkpt lat="4.8079960" lon="-75.7574900">
    <ele>1267.7</ele>
   </trkpt>
   <trkpt lat="4.8079980" lon="-75.7574960">
    <ele>1267.7</ele>
   </trkpt>
   <trkpt lat="4.8080020" lon="-75.7575030">
    <ele>1267.7</ele>
   </trkpt>
   <trkpt lat="4.8080060" lon="-75.7575070">
    <ele>1267.6</ele>
   </trkpt>
   <trkpt lat="4.8080090" lon="-75.7575100">
    <ele>1267.6</ele>
   </trkpt>
   <trkpt lat="4.8080130" lon="-75.7575140">
    <ele>1267.6</ele>
   </trkpt>
   <trkpt lat="4.8080180" lon="-75.7575180">
    <ele>1267.5</ele>
   </trkpt>
   <trkpt lat="4.8080240" lon="-75.7575230">
    <ele>1267.5</ele>
   </trkpt>
   <trkpt lat="4.8080290" lon="-75.7575280">
    <ele>1267.4</ele>
   </trkpt>
   <trkpt lat="4.8080340" lon="-75.7575340">
    <ele>1267.4</ele>
   </trkpt>
   <trkpt lat="4.8080410" lon="-75.7575420">
    <ele>1267.3</ele>
   </trkpt>
   <trkpt lat="4.8080490" lon="-75.7575510">
    <ele>1267.3</ele>
   </trkpt>
   <trkpt lat="4.8080570" lon="-75.7575600">
    <ele>1267.2</ele>
   </trkpt>
   <trkpt lat="4.8080650" lon="-75.7575700">
    <ele>1267.1</ele>
   </trkpt>
   <trkpt lat="4.8080720" lon="-75.7575790">
    <ele>1267.0</ele>
   </trkpt>
   <trkpt lat="4.8080790" lon="-75.7575880">
    <ele>1267.0</ele>
   </trkpt>
   <trkpt lat="4.8080870" lon="-75.7575960">
    <ele>1266.9</ele>
   </trkpt>
   <trkpt lat="4.8080950" lon="-75.7576060">
    <ele>1266.8</ele>
   </trkpt>
   <trkpt lat="4.8081040" lon="-75.7576170">
    <ele>1266.7</ele>
   </trkpt>
   <trkpt lat="4.8081120" lon="-75.7576270">
    <ele>1266.7</ele>
   </trkpt>
   <trkpt lat="4.8081150" lon="-75.7576320">
    <ele>1266.6</ele>
   </trkpt>
  </trkseg>
 </trk>
</gpx>
