<?xml version="1.0" encoding="UTF-8"?>
<gpx creator="StravaGPX" version="1.1" xmlns="http://www.topografix.com/GPX/1/1" xmlns:xsi="http://www.w3.org/2001/XMLSchema-instance" xsi:schemaLocation="http://www.topografix.com/GPX/1/1 http://www.topografix.com/GPX/1/1/gpx.xsd">
 <metadata>
  <time>2026-09-20T18:41:57Z</time>
 </metadata>
 <trk>
  <name>Morning run</name>
  <type>running</type>
  <trkseg>
   <trkpt lat="37.7573090" lon="-122.4156580">
    <ele>16.6</ele>
    <time>2026-09-20T18:41:57Z</time>
   </trkpt>
   <trkpt lat="37.7573190" lon="-122.4156330">
    <ele>16.5</ele>
    <time>2026-09-20T18:41:58Z</time>
   </trkpt>
   <trkpt lat="37.7573210" lon="-122.4156070">
    <ele>16.5</ele>
    <time>2026-09-20T18:41:59Z</time>
   </trkpt>
   <trkpt lat="37.7573270" lon="-122.4155800">
    <ele>16.4</ele>
    <time>2026-09-20T18:42:00Z</time>
   </trkpt>
   <trkpt lat="37.7573260" lon="-122.4155600">
    <ele>16.4</ele>
    <time>2026-09-20T18:42:01Z</time>
   </trkpt>
   <trkpt lat="37.7573190" lon="-122.4155330">
    <ele>16.3</ele>
    <time>2026-09-20T18:42:02Z</time>
   </trkpt>
   <trkpt lat="37.7573180" lon="-122.4155040">
    <ele>16.3</ele>
    <time>2026-09-20T18:42:03Z</time>
   </trkpt>
   <trkpt lat="37.7573160" lon="-122.4154570">
    <ele>16.2</ele>
    <time>2026-09-20T18:42:04Z</time>
   </trkpt>
   <trkpt lat="37.7573240" lon="-122.4154340">
    <ele>16.2</ele>
    <time>2026-09-20T18:42:05Z</time>
   </trkpt>
   <trkpt lat="37.7573310" lon="-122.4154000">
    <ele>16.2</ele>
    <time>2026-09-20T18:42:06Z</time>
   </trkpt>
   <trkpt lat="37.7573350" lon="-122.4153680">
    <ele>16.1</ele>
    <time>2026-09-20T18:42:07Z</time>
   </trkpt>
   <trkpt lat="37.7573370" lon="-122.4153450">
    <ele>16.1</ele>
    <time>2026-09-20T18:42:08Z</time>
   </trkpt>
   <trkpt lat="37.7573370" lon="-122.4153110">
    <ele>16.1</ele>
    <time>2026-09-20T18:42:09Z</time>
   </trkpt>
   <trkpt lat="37.7573370" lon="-122.4152760">
    <ele>16.0</ele>
    <time>2026-09-20T18:42:10Z</time>
   </trkpt>
   <trkpt lat="37.7573340" lon="-122.4152420">
    <ele>16.0</ele>
    <time>2026-09-20T18:42:11Z</time>
   </trkpt>
   <trkpt lat="37.7573390" lon="-122.4152190">
    <ele>15.9</ele>
    <time>2026-09-20T18:42:12Z</time>
   </trkpt>
   <trkpt lat="37.7573390" lon="-122.4151930">
    <ele>15.9</ele>
    <time>2026-09-20T18:42:13Z</time>
   </trkpt>
   <trkpt lat="37.7573460" lon="-122.4151680">
    <ele>15.9</ele>
    <time>2026-09-20T18:42:14Z</time>
   </trkpt>
   <trkpt lat="37.7573500" lon="-122.4151400">
    <ele>15.8</ele>
    <time>2026-09-20T18:42:15Z</time>
   </trkpt>
   <trkpt lat="37.7573490" lon="-122.4151180">
    <ele>15.8</ele>
    <time>2026-09-20T18:42:16Z</time>
   </trkpt>
   <trkpt lat="37.7573480" lon="-122.4150850">
    <ele>15.8</ele>
    <time>2026-09-20T18:42:17Z</time>
   </trkpt>
   <trkpt lat="37.7573560" lon="-122.4150460">
    <ele>15.7</ele>
    <time>2026-09-20T18:42:18Z</time>
   </trkpt>
   <trkpt lat="37.7573590" lon="-122.4150090">
    <ele>15.7</ele>
    <time>2026-09-20T18:42:19Z</time>
   </trkpt>
   <trkpt lat="37.7573650" lon="-122.4149780">
    <ele>15.6</ele>
    <time>2026-09-20T18:42:20Z</time>
   </trkpt>
   <trkpt lat="37.7573670" lon="-122.4149640">
    <ele>15.6</ele>
    <time>2026-09-20T18:42:21Z</time>
   </trkpt>
   <trkpt lat="37.7573710" lon="-122.4149390">
    <ele>15.6</ele>
    <time>2026-09-20T18:42:22Z</time>
   </trkpt>
   <trkpt lat="37.7573680" lon="-122.4149080">
    <ele>15.5</ele>
    <time>2026-09-20T18:42:23Z</time>
   </trkpt>
   <trkpt lat="37.7573580" lon="-122.4148720">
    <ele>15.5</ele>
    <time>2026-09-20T18:42:24Z</time>
   </trkpt>
   <trkpt lat="37.7573590" lon="-122.4148430">
    <ele>15.5</ele>
    <time>2026-09-20T18:42:25Z</time>
   </trkpt>
   <trkpt lat="37.7573640" lon="-122.4148120">
    <ele>15.4</ele>
    <time>2026-09-20T18:42:26Z</time>
   </trkpt>
   <trkpt lat="37.7573600" lon="-122.4147700">
    <ele>15.4</ele>
    <time>2026-09-20T18:42:27Z</time>
   </trkpt>
   <trkpt lat="37.7573680" lon="-122.4147390">
    <ele>15.3</ele>
    <time>2026-09-20T18:42:28Z</time>
   </trkpt>
   <trkpt lat="37.7573800" lon="-122.4147190">
    <ele>15.3</ele>
    <time>2026-09-20T18:42:29Z</time>
   </trkpt>
   <trkpt lat="37.7573790" lon="-122.4146820">
    <ele>15.4</ele>
    <time>2026-09-20T18:42:30Z</time>
   </trkpt>
   <trkpt lat="37.7573780" lon="-122.4146830">
    <ele>15.4</ele>
    <time>2026-09-20T18:42:31Z</time>
   </trkpt>
   <trkpt lat="37.7573880" lon="-122.4147090">
    <ele>15.4</ele>
    <time>2026-09-20T18:42:32Z</time>
   </trkpt>
   <trkpt lat="37.7573860" lon="-122.4147100">
    <ele>15.4</ele>
    <time>2026-09-20T18:42:33Z</time>
   </trkpt>
   <trkpt lat="37.7573860" lon="-122.4147090">
    <ele>15.4</ele>
    <time>2026-09-20T18:42:34Z</time>
   </trkpt>
   <trkpt lat="37.7573880" lon="-122.4147060">
    <ele>15.4</ele>
    <time>2026-09-20T18:42:35Z</time>
   </trkpt>
   <trkpt lat="37.7573850" lon="-122.4147050">
    <ele>15.4</ele>
    <time>2026-09-20T18:42:36Z</time>
   </trkpt>
   <trkpt lat="37.7573870" lon="-122.4147040">
    <ele>15.4</ele>
    <time>2026-09-20T18:42:37Z</time>
   </trkpt>
   <trkpt lat="37.7573860" lon="-122.4147000">
    <ele>15.4</ele>
    <time>2026-09-20T18:42:38Z</time>
   </trkpt>
   <trkpt lat="37.7573860" lon="-122.4147030">
    <ele>15.4</ele>
    <time>2026-09-20T18:42:39Z</time>
   </trkpt>
   <trkpt lat="37.7573860" lon="-122.4147000">
    <ele>15.4</ele>
    <time>2026-09-20T18:42:40Z</time>
   </trkpt>
   <trkpt lat="37.7573850" lon="-122.4147010">
    <ele>15.4</ele>
    <time>2026-09-20T18:42:41Z</time>
   </trkpt>
   <trkpt lat="37.7573850" lon="-122.4146980">
    <ele>15.4</ele>
    <time>2026-09-20T18:42:42Z</time>
   </trkpt>
   <trkpt lat="37.7573860" lon="-122.4146980">
    <ele>15.4</ele>
    <time>2026-09-20T18:42:43Z</time>
   </trkpt>
   <trkpt lat="37.7573850" lon="-122.4146970">
    <ele>15.4</ele>
    <time>2026-09-20T18:42:44Z</time>
   </trkpt>
   <trkpt lat="37.7573860" lon="-122.4146970">
    <ele>15.4</ele>
    <time>2026-09-20T18:42:45Z</time>
   </trkpt>
   <trkpt lat="37.7573850" lon="-122.4146980">
    <ele>15.4</ele>
    <time>2026-09-20T18:42:46Z</time>
   </trkpt>
   <trkpt lat="37.7573840" lon="-122.4146970">
    <ele>15.4</ele>
    <time>2026-09-20T18:42:47Z</time>
   </trkpt>
   <trkpt lat="37.7573850" lon="-122.4146980">
    <ele>15.4</ele>
    <time>2026-09-20T18:42:48Z</time>
   </trkpt>
   <trkpt lat="37.7573840" lon="-122.4146960">
    <ele>15.4</ele>
    <time>2026-09-20T18:42:49Z</time>
   </trkpt>
   <trkpt lat="37.7573880" lon="-122.4146810">
    <ele>15.4</ele>
    <time>2026-09-20T18:42:50Z</time>
   </trkpt>
   <trkpt lat="37.7573870" lon="-122.4146560">
    <ele>15.4</ele>
    <time>2026-09-20T18:42:51Z</time>
   </trkpt>
   <trkpt lat="37.7573870" lon="-122.4146290">
    <ele>15.4</ele>
    <time>2026-09-20T18:42:52Z</time>
   </trkpt>
   <trkpt lat="37.7573830" lon="-122.4145930">
    <ele>15.3</ele>
    <time>2026-09-20T18:42:53Z</time>
   </trkpt>
   <trkpt lat="37.7573810" lon="-122.4145680">
    <ele>15.3</ele>
    <time>2026-09-20T18:42:54Z</time>
   </trkpt>
   <trkpt lat="37.7573810" lon="-122.4145340">
    <ele>15.3</ele>
    <time>2026-09-20T18:42:55Z</time>
   </trkpt>
   <trkpt lat="37.7573850" lon="-122.4145110">
    <ele>15.3</ele>
    <time>2026-09-20T18:42:56Z</time>
   </trkpt>
   <trkpt lat="37.7573850" lon="-122.4144770">
    <ele>15.3</ele>
    <time>2026-09-20T18:42:57Z</time>
   </trkpt>
   <trkpt lat="37.7573900" lon="-122.4144460">
    <ele>15.2</ele>
    <time>2026-09-20T18:42:58Z</time>
   </trkpt>
   <trkpt lat="37.7574020" lon="-122.4144320">
    <ele>15.2</ele>
    <time>2026-09-20T18:42:59Z</time>
   </trkpt>
   <trkpt lat="37.7574040" lon="-122.4144070">
    <ele>15.2</ele>
    <time>2026-09-20T18:43:00Z</time>
   </trkpt>
   <trkpt lat="37.7574020" lon="-122.4143730">
    <ele>15.1</ele>
    <time>2026-09-20T18:43:01Z</time>
   </trkpt>
   <trkpt lat="37.7574040" lon="-122.4143400">
    <ele>15.1</ele>
    <time>2026-09-20T18:43:02Z</time>
   </trkpt>
   <trkpt lat="37.7574010" lon="-122.4143120">
    <ele>15.1</ele>
    <time>2026-09-20T18:43:03Z</time>
   </trkpt>
   <trkpt lat="37.7574000" lon="-122.4142790">
    <ele>15.1</ele>
    <time>2026-09-20T18:43:04Z</time>
   </trkpt>
   <trkpt lat="37.7574050" lon="-122.4142580">
    <ele>15.0</ele>
    <time>2026-09-20T18:43:05Z</time>
   </trkpt>
   <trkpt lat="37.7574070" lon="-122.4142180">
    <ele>15.0</ele>
    <time>2026-09-20T18:43:06Z</time>
   </trkpt>
   <trkpt lat="37.7574110" lon="-122.4141860">
    <ele>15.0</ele>
    <time>2026-09-20T18:43:07Z</time>
   </trkpt>
   <trkpt lat="37.7574060" lon="-122.4141560">
    <ele>14.9</ele>
    <time>2026-09-20T18:43:08Z</time>
   </trkpt>
   <trkpt lat="37.7574010" lon="-122.4141190">
    <ele>14.9</ele>
    <time>2026-09-20T18:43:09Z</time>
   </trkpt>
   <trkpt lat="37.7574000" lon="-122.4140790">
    <ele>14.9</ele>
    <time>2026-09-20T18:43:10Z</time>
   </trkpt>
   <trkpt lat="37.7573960" lon="-122.4140540">
    <ele>14.8</ele>
    <time>2026-09-20T18:43:11Z</time>
   </trkpt>
   <trkpt lat="37.7574000" lon="-122.4140290">
    <ele>14.8</ele>
    <time>2026-09-20T18:43:12Z</time>
   </trkpt>
   <trkpt lat="37.7574020" lon="-122.4140030">
    <ele>14.8</ele>
    <time>2026-09-20T18:43:13Z</time>
   </trkpt>
   <trkpt lat="37.7574060" lon="-122.4139720">
    <ele>14.7</ele>
    <time>2026-09-20T18:43:14Z</time>
   </trkpt>
   <trkpt lat="37.7574130" lon="-122.4139430">
    <ele>14.7</ele>
    <time>2026-09-20T18:43:15Z</time>
   </trkpt>
   <trkpt lat="37.7574070" lon="-122.4139090">
    <ele>14.7</ele>
    <time>2026-09-20T18:43:16Z</time>
   </trkpt>
   <trkpt lat="37.7574030" lon="-122.4138750">
    <ele>14.6</ele>
    <time>2026-09-20T18:43:17Z</time>
   </trkpt>
   <trkpt lat="37.7574060" lon="-122.4138450">
    <ele>14.6</ele>
    <time>2026-09-20T18:43:18Z</time>
   </trkpt>
   <trkpt lat="37.7574110" lon="-122.4138040">
    <ele>14.5</ele>
    <time>2026-09-20T18:43:19Z</time>
   </trkpt>
   <trkpt lat="37.7574150" lon="-122.4137760">
    <ele>14.5</ele>
    <time>2026-09-20T18:43:20Z</time>
   </trkpt>
   <trkpt lat="37.7574180" lon="-122.4137490">
    <ele>14.5</ele>
    <time>2026-09-20T18:43:21Z</time>
   </trkpt>
   <trkpt lat="37.7574130" lon="-122.4137260">
    <ele>14.4</ele>
    <time>2026-09-20T18:43:22Z</time>
   </trkpt>
   <trkpt lat="37.7574150" lon="-122.4136940">
    <ele>14.4</ele>
    <time>2026-09-20T18:43:23Z</time>
   </trkpt>
   <trkpt lat="37.7574180" lon="-122.4136710">
    <ele>14.3</ele>
    <time>2026-09-20T18:43:24Z</time>
   </trkpt>
   <trkpt lat="37.7574260" lon="-122.4136370">
    <ele>14.3</ele>
    <time>2026-09-20T18:43:25Z</time>
   </trkpt>
   <trkpt lat="37.7574240" lon="-122.4136000">
    <ele>14.2</ele>
    <time>2026-09-20T18:43:26Z</time>
   </trkpt>
   <trkpt lat="37.7574290" lon="-122.4135710">
    <ele>14.2</ele>
    <time>2026-09-20T18:43:27Z</time>
   </trkpt>
   <trkpt lat="37.7574340" lon="-122.4135390">
    <ele>14.2</ele>
    <time>2026-09-20T18:43:28Z</time>
   </trkpt>
   <trkpt lat="37.7574330" lon="-122.4135070">
    <ele>14.1</ele>
    <time>2026-09-20T18:43:29Z</time>
   </trkpt>
   <trkpt lat="37.7574290" lon="-122.4134660">
    <ele>14.1</ele>
    <time>2026-09-20T18:43:30Z</time>
   </trkpt>
   <trkpt lat="37.7574330" lon="-122.4134440">
    <ele>14.1</ele>
    <time>2026-09-20T18:43:31Z</time>
   </trkpt>
   <trkpt lat="37.7574330" lon="-122.4134120">
    <ele>14.0</ele>
    <time>2026-09-20T18:43:32Z</time>
   </trkpt>
   <trkpt lat="37.7574350" lon="-122.4133880">
    <ele>14.0</ele>
    <time>2026-09-20T18:43:33Z</time>
   </trkpt>
   <trkpt lat="37.7574340" lon="-122.4133650">
    <ele>14.0</ele>
    <time>2026-09-20T18:43:34Z</time>
   </trkpt>
   <trkpt lat="37.7574350" lon="-122.4133380">
    <ele>14.0</ele>
    <time>2026-09-20T18:43:35Z</time>
   </trkpt>
   <trkpt lat="37.7574390" lon="-122.4133110">
    <ele>13.9</ele>
    <time>2026-09-20T18:43:36Z</time>
   </trkpt>
   <trkpt lat="37.7574420" lon="-122.4132870">
    <ele>13.9</ele>
    <time>2026-09-20T18:43:37Z</time>
   </trkpt>
   <trkpt lat="37.7574540" lon="-122.4132550">
    <ele>13.9</ele>
    <time>2026-09-20T18:43:38Z</time>
   </trkpt>
   <trkpt lat="37.7574550" lon="-122.4132300">
    <ele>13.8</ele>
    <time>2026-09-20T18:43:39Z</time>
   </trkpt>
   <trkpt lat="37.7574580" lon="-122.4132040">
    <ele>13.8</ele>
    <time>2026-09-20T18:43:40Z</time>
   </trkpt>
   <trkpt lat="37.7574570" lon="-122.4131790">
    <ele>13.8</ele>
    <time>2026-09-20T18:43:41Z</time>
   </trkpt>
   <trkpt lat="37.7574560" lon="-122.4131530">
    <ele>13.7</ele>
    <time>2026-09-20T18:43:42Z</time>
   </trkpt>
   <trkpt lat="37.7574540" lon="-122.4131300">
    <ele>13.7</ele>
    <time>2026-09-20T18:43:43Z</time>
   </trkpt>
   <trkpt lat="37.7574520" lon="-122.4131020">
    <ele>13.7</ele>
    <time>2026-09-20T18:43:44Z</time>
   </trkpt>
   <trkpt lat="37.7574560" lon="-122.4130750">
    <ele>13.6</ele>
    <time>2026-09-20T18:43:45Z</time>
   </trkpt>
   <trkpt lat="37.7574600" lon="-122.4130530">
    <ele>13.6</ele>
    <time>2026-09-20T18:43:46Z</time>
   </trkpt>
   <trkpt lat="37.7574610" lon="-122.4130360">
    <ele>13.6</ele>
    <time>2026-09-20T18:43:47Z</time>
   </trkpt>
   <trkpt lat="37.7574600" lon="-122.4130030">
    <ele>13.5</ele>
    <time>2026-09-20T18:43:48Z</time>
   </trkpt>
   <trkpt lat="37.7574600" lon="-122.4129720">
    <ele>13.5</ele>
    <time>2026-09-20T18:43:49Z</time>
   </trkpt>
   <trkpt lat="37.7574620" lon="-122.4129410">
    <ele>13.4</ele>
    <time>2026-09-20T18:43:50Z</time>
   </trkpt>
   <trkpt lat="37.7574620" lon="-122.4129170">
    <ele>13.4</ele>
    <time>2026-09-20T18:43:51Z</time>
   </trkpt>
   <trkpt lat="37.7574650" lon="-122.4128910">
    <ele>13.3</ele>
    <time>2026-09-20T18:43:52Z</time>
   </trkpt>
   <trkpt lat="37.7574720" lon="-122.4128650">
    <ele>13.3</ele>
    <time>2026-09-20T18:43:53Z</time>
   </trkpt>
   <trkpt lat="37.7574750" lon="-122.4128430">
    <ele>13.3</ele>
    <time>2026-09-20T18:43:54Z</time>
   </trkpt>
   <trkpt lat="37.7574820" lon="-122.4128160">
    <ele>13.3</ele>
    <time>2026-09-20T18:43:55Z</time>
   </trkpt>
   <trkpt lat="37.7574830" lon="-122.4127910">
    <ele>13.2</ele>
    <time>2026-09-20T18:43:56Z</time>
   </trkpt>
   <trkpt lat="37.7574860" lon="-122.4127580">
    <ele>13.2</ele>
    <time>2026-09-20T18:43:57Z</time>
   </trkpt>
   <trkpt lat="37.7574890" lon="-122.4127370">
    <ele>13.2</ele>
    <time>2026-09-20T18:43:58Z</time>
   </trkpt>
   <trkpt lat="37.7574910" lon="-122.4127150">
    <ele>13.2</ele>
    <time>2026-09-20T18:43:59Z</time>
   </trkpt>
   <trkpt lat="37.7574930" lon="-122.4126830">
    <ele>13.1</ele>
    <time>2026-09-20T18:44:00Z</time>
   </trkpt>
   <trkpt lat="37.7574960" lon="-122.4126520">
    <ele>13.1</ele>
    <time>2026-09-20T18:44:01Z</time>
   </trkpt>
   <trkpt lat="37.7574950" lon="-122.4126270">
    <ele>13.1</ele>
    <time>2026-09-20T18:44:02Z</time>
   </trkpt>
   <trkpt lat="37.7574890" lon="-122.4125990">
    <ele>13.0</ele>
    <time>2026-09-20T18:44:03Z</time>
   </trkpt>
   <trkpt lat="37.7574890" lon="-122.4125670">
    <ele>13.0</ele>
    <time>2026-09-20T18:44:04Z</time>
   </trkpt>
   <trkpt lat="37.7574950" lon="-122.4125380">
    <ele>13.0</ele>
    <time>2026-09-20T18:44:05Z</time>
   </trkpt>
   <trkpt lat="37.7575000" lon="-122.4125120">
    <ele>13.0</ele>
    <time>2026-09-20T18:44:06Z</time>
   </trkpt>
   <trkpt lat="37.7574960" lon="-122.4124860">
    <ele>12.9</ele>
    <time>2026-09-20T18:44:07Z</time>
   </trkpt>
   <trkpt lat="37.7574970" lon="-122.4124710">
    <ele>12.9</ele>
    <time>2026-09-20T18:44:08Z</time>
   </trkpt>
   <trkpt lat="37.7574980" lon="-122.4124530">
    <ele>12.9</ele>
    <time>2026-09-20T18:44:09Z</time>
   </trkpt>
   <trkpt lat="37.7575000" lon="-122.4124260">
    <ele>12.9</ele>
    <time>2026-09-20T18:44:10Z</time>
   </trkpt>
   <trkpt lat="37.7575000" lon="-122.4124040">
    <ele>12.9</ele>
    <time>2026-09-20T18:44:11Z</time>
   </trkpt>
   <trkpt lat="37.7574980" lon="-122.4123720">
    <ele>12.9</ele>
    <time>2026-09-20T18:44:12Z</time>
   </trkpt>
   <trkpt lat="37.7575000" lon="-122.4123470">
    <ele>12.8</ele>
    <time>2026-09-20T18:44:13Z</time>
   </trkpt>
   <trkpt lat="37.7575000" lon="-122.4123170">
    <ele>12.8</ele>
    <time>2026-09-20T18:44:14Z</time>
   </trkpt>
   <trkpt lat="37.7574980" lon="-122.4122840">
    <ele>12.8</ele>
    <time>2026-09-20T18:44:15Z</time>
   </trkpt>
   <trkpt lat="37.7574990" lon="-122.4122560">
    <ele>12.8</ele>
    <time>2026-09-20T18:44:16Z</time>
   </trkpt>
   <trkpt lat="37.7574800" lon="-122.4122280">
    <ele>12.7</ele>
    <time>2026-09-20T18:44:17Z</time>
   </trkpt>
   <trkpt lat="37.7574740" lon="-122.4122050">
    <ele>12.7</ele>
    <time>2026-09-20T18:44:18Z</time>
   </trkpt>
   <trkpt lat="37.7574870" lon="-122.4121880">
    <ele>12.7</ele>
    <time>2026-09-20T18:44:19Z</time>
   </trkpt>
   <trkpt lat="37.7574910" lon="-122.4121640">
    <ele>12.6</ele>
    <time>2026-09-20T18:44:20Z</time>
   </trkpt>
   <trkpt lat="37.7574950" lon="-122.4121510">
    <ele>12.6</ele>
    <time>2026-09-20T18:44:21Z</time>
   </trkpt>
   <trkpt lat="37.7574890" lon="-122.4121310">
    <ele>12.6</ele>
    <time>2026-09-20T18:44:22Z</time>
   </trkpt>
   <trkpt lat="37.7574890" lon="-122.4121250">
    <ele>12.6</ele>
    <time>2026-09-20T18:44:23Z</time>
   </trkpt>
   <trkpt lat="37.7574880" lon="-122.4121200">
    <ele>12.5</ele>
    <time>2026-09-20T18:44:24Z</time>
   </trkpt>
   <trkpt lat="37.7574900" lon="-122.4120930">
    <ele>12.5</ele>
    <time>2026-09-20T18:44:25Z</time>
   </trkpt>
   <trkpt lat="37.7574870" lon="-122.4120630">
    <ele>12.4</ele>
    <time>2026-09-20T18:44:26Z</time>
   </trkpt>
   <trkpt lat="37.7574800" lon="-122.4120310">
    <ele>12.4</ele>
    <time>2026-09-20T18:44:27Z</time>
   </trkpt>
   <trkpt lat="37.7574920" lon="-122.4120080">
    <ele>12.3</ele>
    <time>2026-09-20T18:44:28Z</time>
   </trkpt>
   <trkpt lat="37.7574990" lon="-122.4119790">
    <ele>12.3</ele>
    <time>2026-09-20T18:44:29Z</time>
   </trkpt>
   <trkpt lat="37.7575030" lon="-122.4119520">
    <ele>12.2</ele>
    <time>2026-09-20T18:44:30Z</time>
   </trkpt>
   <trkpt lat="37.7575070" lon="-122.4119220">
    <ele>12.2</ele>
    <time>2026-09-20T18:44:31Z</time>
   </trkpt>
   <trkpt lat="37.7575120" lon="-122.4118960">
    <ele>12.1</ele>
    <time>2026-09-20T18:44:32Z</time>
   </trkpt>
   <trkpt lat="37.7575210" lon="-122.4118640">
    <ele>12.1</ele>
    <time>2026-09-20T18:44:33Z</time>
   </trkpt>
   <trkpt lat="37.7575220" lon="-122.4118370">
    <ele>12.1</ele>
    <time>2026-09-20T18:44:34Z</time>
   </trkpt>
   <trkpt lat="37.7575200" lon="-122.4118070">
    <ele>12.0</ele>
    <time>2026-09-20T18:44:35Z</time>
   </trkpt>
   <trkpt lat="37.7575170" lon="-122.4117840">
    <ele>12.0</ele>
    <time>2026-09-20T18:44:36Z</time>
   </trkpt>
   <trkpt lat="37.7575220" lon="-122.4117500">
    <ele>11.9</ele>
    <time>2026-09-20T18:44:37Z</time>
   </trkpt>
   <trkpt lat="37.7575210" lon="-122.4117250">
    <ele>11.9</ele>
    <time>2026-09-20T18:44:38Z</time>
   </trkpt>
   <trkpt lat="37.7575170" lon="-122.4116830">
    <ele>11.8</ele>
    <time>2026-09-20T18:44:39Z</time>
   </trkpt>
   <trkpt lat="37.7575160" lon="-122.4116530">
    <ele>11.8</ele>
    <time>2026-09-20T18:44:40Z</time>
   </trkpt>
   <trkpt lat="37.7575190" lon="-122.4116120">
    <ele>11.7</ele>
    <time>2026-09-20T18:44:41Z</time>
   </trkpt>
   <trkpt lat="37.7575430" lon="-122.4115820">
    <ele>11.7</ele>
    <time>2026-09-20T18:44:42Z</time>
   </trkpt>
   <trkpt lat="37.7575540" lon="-122.4115440">
    <ele>11.6</ele>
    <time>2026-09-20T18:44:43Z</time>
   </trkpt>
   <trkpt lat="37.7575680" lon="-122.4115130">
    <ele>11.6</ele>
    <time>2026-09-20T18:44:44Z</time>
   </trkpt>
   <trkpt lat="37.7575640" lon="-122.4114760">
    <ele>11.5</ele>
    <time>2026-09-20T18:44:45Z</time>
   </trkpt>
   <trkpt lat="37.7575670" lon="-122.4114460">
    <ele>11.5</ele>
    <time>2026-09-20T18:44:46Z</time>
   </trkpt>
   <trkpt lat="37.7575720" lon="-122.4114230">
    <ele>11.5</ele>
    <time>2026-09-20T18:44:47Z</time>
   </trkpt>
   <trkpt lat="37.7575720" lon="-122.4113950">
    <ele>11.5</ele>
    <time>2026-09-20T18:44:48Z</time>
   </trkpt>
   <trkpt lat="37.7575700" lon="-122.4113660">
    <ele>11.5</ele>
    <time>2026-09-20T18:44:49Z</time>
   </trkpt>
   <trkpt lat="37.7575710" lon="-122.4113380">
    <ele>11.4</ele>
    <time>2026-09-20T18:44:50Z</time>
   </trkpt>
   <trkpt lat="37.7575720" lon="-122.4113150">
    <ele>11.4</ele>
    <time>2026-09-20T18:44:51Z</time>
   </trkpt>
   <trkpt lat="37.7575780" lon="-122.4112900">
    <ele>11.4</ele>
    <time>2026-09-20T18:44:52Z</time>
   </trkpt>
   <trkpt lat="37.7575800" lon="-122.4112680">
    <ele>11.4</ele>
    <time>2026-09-20T18:44:53Z</time>
   </trkpt>
   <trkpt lat="37.7575800" lon="-122.4112400">
    <ele>11.3</ele>
    <time>2026-09-20T18:44:54Z</time>
   </trkpt>
   <trkpt lat="37.7575840" lon="-122.4112180">
    <ele>11.3</ele>
    <time>2026-09-20T18:44:55Z</time>
   </trkpt>
   <trkpt lat="37.7575870" lon="-122.4111960">
    <ele>11.3</ele>
    <time>2026-09-20T18:44:56Z</time>
   </trkpt>
   <trkpt lat="37.7575840" lon="-122.4111750">
    <ele>11.2</ele>
    <time>2026-09-20T18:44:57Z</time>
   </trkpt>
   <trkpt lat="37.7575830" lon="-122.4111430">
    <ele>11.2</ele>
    <time>2026-09-20T18:44:58Z</time>
   </trkpt>
   <trkpt lat="37.7575880" lon="-122.4111190">
    <ele>11.2</ele>
    <time>2026-09-20T18:44:59Z</time>
   </trkpt>
   <trkpt lat="37.7575890" lon="-122.4110840">
    <ele>11.1</ele>
    <time>2026-09-20T18:45:00Z</time>
   </trkpt>
   <trkpt lat="37.7575880" lon="-122.4110580">
    <ele>11.1</ele>
    <time>2026-09-20T18:45:01Z</time>
   </trkpt>
   <trkpt lat="37.7575860" lon="-122.4110320">
    <ele>11.1</ele>
    <time>2026-09-20T18:45:02Z</time>
   </trkpt>
   <trkpt lat="37.7575850" lon="-122.4110130">
    <ele>11.0</ele>
    <time>2026-09-20T18:45:03Z</time>
   </trkpt>
   <trkpt lat="37.7575880" lon="-122.4109900">
    <ele>11.0</ele>
    <time>2026-09-20T18:45:04Z</time>
   </trkpt>
   <trkpt lat="37.7575950" lon="-122.4109650">
    <ele>11.0</ele>
    <time>2026-09-20T18:45:05Z</time>
   </trkpt>
   <trkpt lat="37.7575940" lon="-122.4109390">
    <ele>11.0</ele>
    <time>2026-09-20T18:45:06Z</time>
   </trkpt>
   <trkpt lat="37.7575950" lon="-122.4109150">
    <ele>10.9</ele>
    <time>2026-09-20T18:45:07Z</time>
   </trkpt>
   <trkpt lat="37.7576000" lon="-122.4108950">
    <ele>10.9</ele>
    <time>2026-09-20T18:45:08Z</time>
   </trkpt>
   <trkpt lat="37.7576040" lon="-122.4108730">
    <ele>10.9</ele>
    <time>2026-09-20T18:45:09Z</time>
   </trkpt>
   <trkpt lat="37.7576070" lon="-122.4108560">
    <ele>10.9</ele>
    <time>2026-09-20T18:45:10Z</time>
   </trkpt>
   <trkpt lat="37.7576110" lon="-122.4108380">
    <ele>10.8</ele>
    <time>2026-09-20T18:45:11Z</time>
   </trkpt>
   <trkpt lat="37.7576110" lon="-122.4108230">
    <ele>10.8</ele>
    <time>2026-09-20T18:45:12Z</time>
   </trkpt>
   <trkpt lat="37.7576100" lon="-122.4108100">
    <ele>10.8</ele>
    <time>2026-09-20T18:45:13Z</time>
   </trkpt>
   <trkpt lat="37.7576200" lon="-122.4107950">
    <ele>10.8</ele>
    <time>2026-09-20T18:45:14Z</time>
   </trkpt>
   <trkpt lat="37.7576270" lon="-122.4107690">
    <ele>10.8</ele>
    <time>2026-09-20T18:45:15Z</time>
   </trkpt>
   <trkpt lat="37.7576320" lon="-122.4107420">
    <ele>10.8</ele>
    <time>2026-09-20T18:45:16Z</time>
   </trkpt>
   <trkpt lat="37.7576330" lon="-122.4107130">
    <ele>10.7</ele>
    <time>2026-09-20T18:45:17Z</time>
   </trkpt>
   <trkpt lat="37.7576300" lon="-122.4106730">
    <ele>10.7</ele>
    <time>2026-09-20T18:45:18Z</time>
   </trkpt>
   <trkpt lat="37.7576410" lon="-122.4106330">
    <ele>10.7</ele>
    <time>2026-09-20T18:45:19Z</time>
   </trkpt>
   <trkpt lat="37.7576510" lon="-122.4106050">
    <ele>10.7</ele>
    <time>2026-09-20T18:45:20Z</time>
   </trkpt>
   <trkpt lat="37.7576570" lon="-122.4105860">
    <ele>10.7</ele>
    <time>2026-09-20T18:45:21Z</time>
   </trkpt>
   <trkpt lat="37.7576510" lon="-122.4105590">
    <ele>10.7</ele>
    <time>2026-09-20T18:45:22Z</time>
   </trkpt>
   <trkpt lat="37.7576240" lon="-122.4105390">
    <ele>10.7</ele>
    <time>2026-09-20T18:45:23Z</time>
   </trkpt>
   <trkpt lat="37.7576120" lon="-122.4105100">
    <ele>10.7</ele>
    <time>2026-09-20T18:45:24Z</time>
   </trkpt>
   <trkpt lat="37.7576050" lon="-122.4104810">
    <ele>10.8</ele>
    <time>2026-09-20T18:45:25Z</time>
   </trkpt>
   <trkpt lat="37.7576140" lon="-122.4104630">
    <ele>10.8</ele>
    <time>2026-09-20T18:45:26Z</time>
   </trkpt>
   <trkpt lat="37.7576200" lon="-122.4104400">
    <ele>10.8</ele>
    <time>2026-09-20T18:45:27Z</time>
   </trkpt>
   <trkpt lat="37.7576220" lon="-122.4104220">
    <ele>10.8</ele>
    <time>2026-09-20T18:45:28Z</time>
   </trkpt>
   <trkpt lat="37.7576270" lon="-122.4103860">
    <ele>10.8</ele>
    <time>2026-09-20T18:45:29Z</time>
   </trkpt>
   <trkpt lat="37.7576270" lon="-122.4103540">
    <ele>10.8</ele>
    <time>2026-09-20T18:45:30Z</time>
   </trkpt>
   <trkpt lat="37.7576260" lon="-122.4103240">
    <ele>10.8</ele>
    <time>2026-09-20T18:45:31Z</time>
   </trkpt>
   <trkpt lat="37.7576300" lon="-122.4103010">
    <ele>10.9</ele>
    <time>2026-09-20T18:45:32Z</time>
   </trkpt>
   <trkpt lat="37.7576290" lon="-122.4102740">
    <ele>10.9</ele>
    <time>2026-09-20T18:45:33Z</time>
   </trkpt>
   <trkpt lat="37.7576310" lon="-122.4102440">
    <ele>10.9</ele>
    <time>2026-09-20T18:45:34Z</time>
   </trkpt>
   <trkpt lat="37.7576330" lon="-122.4102180">
    <ele>10.9</ele>
    <time>2026-09-20T18:45:35Z</time>
   </trkpt>
   <trkpt lat="37.7576340" lon="-122.4101860">
    <ele>11.0</ele>
    <time>2026-09-20T18:45:36Z</time>
   </trkpt>
   <trkpt lat="37.7576300" lon="-122.4101590">
    <ele>11.0</ele>
    <time>2026-09-20T18:45:37Z</time>
   </trkpt>
   <trkpt lat="37.7576370" lon="-122.4101300">
    <ele>11.0</ele>
    <time>2026-09-20T18:45:38Z</time>
   </trkpt>
   <trkpt lat="37.7576370" lon="-122.4100980">
    <ele>11.0</ele>
    <time>2026-09-20T18:45:39Z</time>
   </trkpt>
   <trkpt lat="37.7576340" lon="-122.4100700">
    <ele>11.1</ele>
    <time>2026-09-20T18:45:40Z</time>
   </trkpt>
   <trkpt lat="37.7576430" lon="-122.4100420">
    <ele>11.1</ele>
    <time>2026-09-20T18:45:41Z</time>
   </trkpt>
   <trkpt lat="37.7576480" lon="-122.4100120">
    <ele>11.1</ele>
    <time>2026-09-20T18:45:42Z</time>
   </trkpt>
   <trkpt lat="37.7576500" lon="-122.4099860">
    <ele>11.1</ele>
    <time>2026-09-20T18:45:43Z</time>
   </trkpt>
   <trkpt lat="37.7576510" lon="-122.4099550">
    <ele>11.2</ele>
    <time>2026-09-20T18:45:44Z</time>
   </trkpt>
   <trkpt lat="37.7576570" lon="-122.4099300">
    <ele>11.2</ele>
    <time>2026-09-20T18:45:45Z</time>
   </trkpt>
   <trkpt lat="37.7576550" lon="-122.4099000">
    <ele>11.2</ele>
    <time>2026-09-20T18:45:46Z</time>
   </trkpt>
   <trkpt lat="37.7576580" lon="-122.4098720">
    <ele>11.3</ele>
    <time>2026-09-20T18:45:47Z</time>
   </trkpt>
   <trkpt lat="37.7576540" lon="-122.4098400">
    <ele>11.3</ele>
    <time>2026-09-20T18:45:48Z</time>
   </trkpt>
   <trkpt lat="37.7576590" lon="-122.4098120">
    <ele>11.3</ele>
    <time>2026-09-20T18:45:49Z</time>
   </trkpt>
   <trkpt lat="37.7576640" lon="-122.4097800">
    <ele>11.4</ele>
    <time>2026-09-20T18:45:50Z</time>
   </trkpt>
   <trkpt lat="37.7576700" lon="-122.4097520">
    <ele>11.4</ele>
    <time>2026-09-20T18:45:51Z</time>
   </trkpt>
   <trkpt lat="37.7576730" lon="-122.4097270">
    <ele>11.4</ele>
    <time>2026-09-20T18:45:52Z</time>
   </trkpt>
   <trkpt lat="37.7576780" lon="-122.4097030">
    <ele>11.5</ele>
    <time>2026-09-20T18:45:53Z</time>
   </trkpt>
   <trkpt lat="37.7576770" lon="-122.4096810">
    <ele>11.5</ele>
    <time>2026-09-20T18:45:54Z</time>
   </trkpt>
   <trkpt lat="37.7576780" lon="-122.4096740">
    <ele>11.5</ele>
    <time>2026-09-20T18:45:55Z</time>
   </trkpt>
   <trkpt lat="37.7576810" lon="-122.4096570">
    <ele>11.5</ele>
    <time>2026-09-20T18:45:56Z</time>
   </trkpt>
   <trkpt lat="37.7576960" lon="-122.4096330">
    <ele>11.6</ele>
    <time>2026-09-20T18:45:57Z</time>
   </trkpt>
   <trkpt lat="37.7577050" lon="-122.4096020">
    <ele>11.6</ele>
    <time>2026-09-20T18:45:58Z</time>
   </trkpt>
   <trkpt lat="37.7577070" lon="-122.4095750">
    <ele>11.6</ele>
    <time>2026-09-20T18:45:59Z</time>
   </trkpt>
   <trkpt lat="37.7577130" lon="-122.4095470">
    <ele>11.6</ele>
    <time>2026-09-20T18:46:00Z</time>
   </trkpt>
   <trkpt lat="37.7577200" lon="-122.4095220">
    <ele>11.6</ele>
    <time>2026-09-20T18:46:01Z</time>
   </trkpt>
   <trkpt lat="37.7577300" lon="-122.4095040">
    <ele>11.7</ele>
    <time>2026-09-20T18:46:02Z</time>
   </trkpt>
   <trkpt lat="37.7577520" lon="-122.4095020">
    <ele>11.6</ele>
    <time>2026-09-20T18:46:03Z</time>
   </trkpt>
   <trkpt lat="37.7577750" lon="-122.4095030">
    <ele>11.6</ele>
    <time>2026-09-20T18:46:04Z</time>
   </trkpt>
   <trkpt lat="37.7578020" lon="-122.4095060">
    <ele>11.6</ele>
    <time>2026-09-20T18:46:05Z</time>
   </trkpt>
   <trkpt lat="37.7578240" lon="-122.4095060">
    <ele>11.5</ele>
    <time>2026-09-20T18:46:06Z</time>
   </trkpt>
   <trkpt lat="37.7578450" lon="-122.4095010">
    <ele>11.5</ele>
    <time>2026-09-20T18:46:07Z</time>
   </trkpt>
   <trkpt lat="37.7578640" lon="-122.4095080">
    <ele>11.5</ele>
    <time>2026-09-20T18:46:08Z</time>
   </trkpt>
   <trkpt lat="37.7578870" lon="-122.4095200">
    <ele>11.5</ele>
    <time>2026-09-20T18:46:09Z</time>
   </trkpt>
   <trkpt lat="37.7579080" lon="-122.4095250">
    <ele>11.5</ele>
    <time>2026-09-20T18:46:10Z</time>
   </trkpt>
   <trkpt lat="37.7579300" lon="-122.4095310">
    <ele>11.4</ele>
    <time>2026-09-20T18:46:11Z</time>
   </trkpt>
   <trkpt lat="37.7579530" lon="-122.4095330">
    <ele>11.4</ele>
    <time>2026-09-20T18:46:12Z</time>
   </trkpt>
   <trkpt lat="37.7579720" lon="-122.4095390">
    <ele>11.4</ele>
    <time>2026-09-20T18:46:13Z</time>
   </trkpt>
   <trkpt lat="37.7579920" lon="-122.4095380">
    <ele>11.4</ele>
    <time>2026-09-20T18:46:14Z</time>
   </trkpt>
   <trkpt lat="37.7580210" lon="-122.4095630">
    <ele>11.4</ele>
    <time>2026-09-20T18:46:15Z</time>
   </trkpt>
   <trkpt lat="37.7580460" lon="-122.4095590">
    <ele>11.4</ele>
    <time>2026-09-20T18:46:16Z</time>
   </trkpt>
   <trkpt lat="37.7580670" lon="-122.4095590">
    <ele>11.4</ele>
    <time>2026-09-20T18:46:17Z</time>
   </trkpt>
   <trkpt lat="37.7580830" lon="-122.4095520">
    <ele>11.4</ele>
    <time>2026-09-20T18:46:18Z</time>
   </trkpt>
   <trkpt lat="37.7581100" lon="-122.4095650">
    <ele>11.3</ele>
    <time>2026-09-20T18:46:19Z</time>
   </trkpt>
   <trkpt lat="37.7581220" lon="-122.4095570">
    <ele>11.3</ele>
    <time>2026-09-20T18:46:20Z</time>
   </trkpt>
   <trkpt lat="37.7581440" lon="-122.4095590">
    <ele>11.3</ele>
    <time>2026-09-20T18:46:21Z</time>
   </trkpt>
   <trkpt lat="37.7581660" lon="-122.4095710">
    <ele>11.3</ele>
    <time>2026-09-20T18:46:22Z</time>
   </trkpt>
   <trkpt lat="37.7581820" lon="-122.4095660">
    <ele>11.3</ele>
    <time>2026-09-20T18:46:23Z</time>
   </trkpt>
   <trkpt lat="37.7581990" lon="-122.4095690">
    <ele>11.3</ele>
    <time>2026-09-20T18:46:24Z</time>
   </trkpt>
   <trkpt lat="37.7582210" lon="-122.4095690">
    <ele>11.2</ele>
    <time>2026-09-20T18:46:25Z</time>
   </trkpt>
   <trkpt lat="37.7582380" lon="-122.4095740">
    <ele>11.2</ele>
    <time>2026-09-20T18:46:26Z</time>
   </trkpt>
   <trkpt lat="37.7582570" lon="-122.4095710">
    <ele>11.2</ele>
    <time>2026-09-20T18:46:27Z</time>
   </trkpt>
   <trkpt lat="37.7582760" lon="-122.4095690">
    <ele>11.2</ele>
    <time>2026-09-20T18:46:28Z</time>
   </trkpt>
   <trkpt lat="37.7582940" lon="-122.4095670">
    <ele>11.2</ele>
    <time>2026-09-20T18:46:29Z</time>
   </trkpt>
   <trkpt lat="37.7583110" lon="-122.4095760">
    <ele>11.1</ele>
    <time>2026-09-20T18:46:30Z</time>
   </trkpt>
   <trkpt lat="37.7583290" lon="-122.4095660">
    <ele>11.1</ele>
    <time>2026-09-20T18:46:31Z</time>
   </trkpt>
   <trkpt lat="37.7583450" lon="-122.4095630">
    <ele>11.1</ele>
    <time>2026-09-20T18:46:32Z</time>
   </trkpt>
   <trkpt lat="37.7583600" lon="-122.4095690">
    <ele>11.1</ele>
    <time>2026-09-20T18:46:33Z</time>
   </trkpt>
   <trkpt lat="37.7583810" lon="-122.4095720">
    <ele>11.1</ele>
    <time>2026-09-20T18:46:34Z</time>
   </trkpt>
   <trkpt lat="37.7584040" lon="-122.4095710">
    <ele>11.0</ele>
    <time>2026-09-20T18:46:35Z</time>
   </trkpt>
   <trkpt lat="37.7584210" lon="-122.4095720">
    <ele>11.0</ele>
    <time>2026-09-20T18:46:36Z</time>
   </trkpt>
   <trkpt lat="37.7584360" lon="-122.4095790">
    <ele>11.0</ele>
    <time>2026-09-20T18:46:37Z</time>
   </trkpt>
   <trkpt lat="37.7584540" lon="-122.4095810">
    <ele>11.0</ele>
    <time>2026-09-20T18:46:38Z</time>
   </trkpt>
   <trkpt lat="37.7584740" lon="-122.4095880">
    <ele>11.0</ele>
    <time>2026-09-20T18:46:39Z</time>
   </trkpt>
   <trkpt lat="37.7584920" lon="-122.4095840">
    <ele>11.0</ele>
    <time>2026-09-20T18:46:40Z</time>
   </trkpt>
   <trkpt lat="37.7585100" lon="-122.4096000">
    <ele>10.9</ele>
    <time>2026-09-20T18:46:41Z</time>
   </trkpt>
   <trkpt lat="37.7585240" lon="-122.4096060">
    <ele>10.9</ele>
    <time>2026-09-20T18:46:42Z</time>
   </trkpt>
   <trkpt lat="37.7585400" lon="-122.4095950">
    <ele>10.9</ele>
    <time>2026-09-20T18:46:43Z</time>
   </trkpt>
   <trkpt lat="37.7585670" lon="-122.4096000">
    <ele>10.9</ele>
    <time>2026-09-20T18:46:44Z</time>
   </trkpt>
   <trkpt lat="37.7585870" lon="-122.4095990">
    <ele>10.9</ele>
    <time>2026-09-20T18:46:45Z</time>
   </trkpt>
   <trkpt lat="37.7586040" lon="-122.4096010">
    <ele>10.9</ele>
    <time>2026-09-20T18:46:46Z</time>
   </trkpt>
   <trkpt lat="37.7586160" lon="-122.4096060">
    <ele>10.9</ele>
    <time>2026-09-20T18:46:47Z</time>
   </trkpt>
   <trkpt lat="37.7586290" lon="-122.4096150">
    <ele>10.9</ele>
    <time>2026-09-20T18:46:48Z</time>
   </trkpt>
   <trkpt lat="37.7586460" lon="-122.4096140">
    <ele>10.9</ele>
    <time>2026-09-20T18:46:49Z</time>
   </trkpt>
   <trkpt lat="37.7586650" lon="-122.4096180">
    <ele>10.8</ele>
    <time>2026-09-20T18:46:50Z</time>
   </trkpt>
   <trkpt lat="37.7586830" lon="-122.4096230">
    <ele>10.8</ele>
    <time>2026-09-20T18:46:51Z</time>
   </trkpt>
   <trkpt lat="37.7587060" lon="-122.4096120">
    <ele>10.8</ele>
    <time>2026-09-20T18:46:52Z</time>
   </trkpt>
   <trkpt lat="37.7587280" lon="-122.4096140">
    <ele>10.8</ele>
    <time>2026-09-20T18:46:53Z</time>
   </trkpt>
   <trkpt lat="37.7587560" lon="-122.4096110">
    <ele>10.8</ele>
    <time>2026-09-20T18:46:54Z</time>
   </trkpt>
   <trkpt lat="37.7587840" lon="-122.4096150">
    <ele>10.8</ele>
    <time>2026-09-20T18:46:55Z</time>
   </trkpt>
   <trkpt lat="37.7588020" lon="-122.4096190">
    <ele>10.8</ele>
    <time>2026-09-20T18:46:56Z</time>
   </trkpt>
   <trkpt lat="37.7588130" lon="-122.4096260">
    <ele>10.8</ele>
    <time>2026-09-20T18:46:57Z</time>
   </trkpt>
   <trkpt lat="37.7588290" lon="-122.4096450">
    <ele>10.7</ele>
    <time>2026-09-20T18:46:58Z</time>
   </trkpt>
   <trkpt lat="37.7588540" lon="-122.4096350">
    <ele>10.7</ele>
    <time>2026-09-20T18:46:59Z</time>
   </trkpt>
   <trkpt lat="37.7588750" lon="-122.4096370">
    <ele>10.7</ele>
    <time>2026-09-20T18:47:00Z</time>
   </trkpt>
   <trkpt lat="37.7588980" lon="-122.4096360">
    <ele>10.7</ele>
    <time>2026-09-20T18:47:01Z</time>
   </trkpt>
   <trkpt lat="37.7589130" lon="-122.4096310">
    <ele>10.7</ele>
    <time>2026-09-20T18:47:02Z</time>
   </trkpt>
   <trkpt lat="37.7589280" lon="-122.4096220">
    <ele>10.7</ele>
    <time>2026-09-20T18:47:03Z</time>
   </trkpt>
   <trkpt lat="37.7589420" lon="-122.4096270">
    <ele>10.7</ele>
    <time>2026-09-20T18:47:04Z</time>
   </trkpt>
   <trkpt lat="37.7589610" lon="-122.4096240">
    <ele>10.7</ele>
    <time>2026-09-20T18:47:05Z</time>
   </trkpt>
   <trkpt lat="37.7589830" lon="-122.4096360">
    <ele>10.7</ele>
    <time>2026-09-20T18:47:06Z</time>
   </trkpt>
   <trkpt lat="37.7590040" lon="-122.4096350">
    <ele>10.7</ele>
    <time>2026-09-20T18:47:07Z</time>
   </trkpt>
   <trkpt lat="37.7590200" lon="-122.4096350">
    <ele>10.7</ele>
    <time>2026-09-20T18:47:08Z</time>
   </trkpt>
   <trkpt lat="37.7590380" lon="-122.4096320">
    <ele>10.7</ele>
    <time>2026-09-20T18:47:09Z</time>
   </trkpt>
   <trkpt lat="37.7590590" lon="-122.4096310">
    <ele>10.7</ele>
    <time>2026-09-20T18:47:10Z</time>
   </trkpt>
   <trkpt lat="37.7590760" lon="-122.4096380">
    <ele>10.7</ele>
    <time>2026-09-20T18:47:11Z</time>
   </trkpt>
   <trkpt lat="37.7590960" lon="-122.4096430">
    <ele>10.7</ele>
    <time>2026-09-20T18:47:12Z</time>
   </trkpt>
   <trkpt lat="37.7591160" lon="-122.4096530">
    <ele>10.7</ele>
    <time>2026-09-20T18:47:13Z</time>
   </trkpt>
   <trkpt lat="37.7591400" lon="-122.4096440">
    <ele>10.7</ele>
    <time>2026-09-20T18:47:14Z</time>
   </trkpt>
   <trkpt lat="37.7591600" lon="-122.4096630">
    <ele>10.6</ele>
    <time>2026-09-20T18:47:15Z</time>
   </trkpt>
   <trkpt lat="37.7591790" lon="-122.4096740">
    <ele>10.6</ele>
    <time>2026-09-20T18:47:16Z</time>
   </trkpt>
   <trkpt lat="37.7591970" lon="-122.4096850">
    <ele>10.6</ele>
    <time>2026-09-20T18:47:17Z</time>
   </trkpt>
   <trkpt lat="37.7592180" lon="-122.4096870">
    <ele>10.6</ele>
    <time>2026-09-20T18:47:18Z</time>
   </trkpt>
   <trkpt lat="37.7592400" lon="-122.4096970">
    <ele>10.6</ele>
    <time>2026-09-20T18:47:19Z</time>
   </trkpt>
   <trkpt lat="37.7592630" lon="-122.4097020">
    <ele>10.6</ele>
    <time>2026-09-20T18:47:20Z</time>
   </trkpt>
   <trkpt lat="37.7592840" lon="-122.4097100">
    <ele>10.6</ele>
    <time>2026-09-20T18:47:21Z</time>
   </trkpt>
   <trkpt lat="37.7593010" lon="-122.4097190">
    <ele>10.6</ele>
    <time>2026-09-20T18:47:22Z</time>
   </trkpt>
   <trkpt lat="37.7593200" lon="-122.4097270">
    <ele>10.6</ele>
    <time>2026-09-20T18:47:23Z</time>
   </trkpt>
   <trkpt lat="37.7593390" lon="-122.4097280">
    <ele>10.6</ele>
    <time>2026-09-20T18:47:24Z</time>
   </trkpt>
   <trkpt lat="37.7593620" lon="-122.4097430">
    <ele>10.6</ele>
    <time>2026-09-20T18:47:25Z</time>
   </trkpt>
   <trkpt lat="37.7593850" lon="-122.4097540">
    <ele>10.6</ele>
    <time>2026-09-20T18:47:26Z</time>
   </trkpt>
   <trkpt lat="37.7593970" lon="-122.4097790">
    <ele>10.7</ele>
    <time>2026-09-20T18:47:27Z</time>
   </trkpt>
   <trkpt lat="37.7594120" lon="-122.4097900">
    <ele>10.7</ele>
    <time>2026-09-20T18:47:28Z</time>
   </trkpt>
   <trkpt lat="37.7594350" lon="-122.4097910">
    <ele>10.7</ele>
    <time>2026-09-20T18:47:29Z</time>
   </trkpt>
   <trkpt lat="37.7594630" lon="-122.4097820">
    <ele>10.7</ele>
    <time>2026-09-20T18:47:30Z</time>
   </trkpt>
   <trkpt lat="37.7594820" lon="-122.4097850">
    <ele>10.7</ele>
    <time>2026-09-20T18:47:31Z</time>
   </trkpt>
   <trkpt lat="37.7594940" lon="-122.4097900">
    <ele>10.7</ele>
    <time>2026-09-20T18:47:32Z</time>
   </trkpt>
   <trkpt lat="37.7595130" lon="-122.4097850">
    <ele>10.7</ele>
    <time>2026-09-20T18:47:33Z</time>
   </trkpt>
   <trkpt lat="37.7595350" lon="-122.4097940">
    <ele>10.7</ele>
    <time>2026-09-20T18:47:34Z</time>
   </trkpt>
   <trkpt lat="37.7595530" lon="-122.4097940">
    <ele>10.8</ele>
    <time>2026-09-20T18:47:35Z</time>
   </trkpt>
   <trkpt lat="37.7595750" lon="-122.4097890">
    <ele>10.8</ele>
    <time>2026-09-20T18:47:36Z</time>
   </trkpt>
   <trkpt lat="37.7595940" lon="-122.4097910">
    <ele>10.8</ele>
    <time>2026-09-20T18:47:37Z</time>
   </trkpt>
   <trkpt lat="37.7596160" lon="-122.4098150">
    <ele>10.8</ele>
    <time>2026-09-20T18:47:38Z</time>
   </trkpt>
   <trkpt lat="37.7596350" lon="-122.4098310">
    <ele>10.8</ele>
    <time>2026-09-20T18:47:39Z</time>
   </trkpt>
   <trkpt lat="37.7596570" lon="-122.4098370">
    <ele>10.8</ele>
    <time>2026-09-20T18:47:40Z</time>
   </trkpt>
   <trkpt lat="37.7596880" lon="-122.4098370">
    <ele>10.8</ele>
    <time>2026-09-20T18:47:41Z</time>
   </trkpt>
   <trkpt lat="37.7597150" lon="-122.4098290">
    <ele>10.9</ele>
    <time>2026-09-20T18:47:42Z</time>
   </trkpt>
   <trkpt lat="37.7597340" lon="-122.4098360">
    <ele>10.9</ele>
    <time>2026-09-20T18:47:43Z</time>
   </trkpt>
   <trkpt lat="37.7597560" lon="-122.4098400">
    <ele>10.9</ele>
    <time>2026-09-20T18:47:44Z</time>
   </trkpt>
   <trkpt lat="37.7597810" lon="-122.4098410">
    <ele>10.9</ele>
    <time>2026-09-20T18:47:45Z</time>
   </trkpt>
   <trkpt lat="37.7598040" lon="-122.4098470">
    <ele>10.9</ele>
    <time>2026-09-20T18:47:46Z</time>
   </trkpt>
   <trkpt lat="37.7598280" lon="-122.4098560">
    <ele>10.9</ele>
    <time>2026-09-20T18:47:47Z</time>
   </trkpt>
   <trkpt lat="37.7598500" lon="-122.4098590">
    <ele>10.9</ele>
    <time>2026-09-20T18:47:48Z</time>
   </trkpt>
   <trkpt lat="37.7598640" lon="-122.4098600">
    <ele>11.0</ele>
    <time>2026-09-20T18:47:49Z</time>
   </trkpt>
   <trkpt lat="37.7598800" lon="-122.4098560">
    <ele>11.0</ele>
    <time>2026-09-20T18:47:50Z</time>
   </trkpt>
   <trkpt lat="37.7599170" lon="-122.4098420">
    <ele>11.0</ele>
    <time>2026-09-20T18:47:51Z</time>
   </trkpt>
   <trkpt lat="37.7599250" lon="-122.4098290">
    <ele>11.0</ele>
    <time>2026-09-20T18:47:52Z</time>
   </trkpt>
   <trkpt lat="37.7599380" lon="-122.4098510">
    <ele>11.0</ele>
    <time>2026-09-20T18:47:53Z</time>
   </trkpt>
   <trkpt lat="37.7599590" lon="-122.4098550">
    <ele>11.0</ele>
    <time>2026-09-20T18:47:54Z</time>
   </trkpt>
   <trkpt lat="37.7599790" lon="-122.4098550">
    <ele>11.0</ele>
    <time>2026-09-20T18:47:55Z</time>
   </trkpt>
   <trkpt lat="37.7599960" lon="-122.4098490">
    <ele>11.0</ele>
    <time>2026-09-20T18:47:56Z</time>
   </trkpt>
   <trkpt lat="37.7600100" lon="-122.4098470">
    <ele>11.1</ele>
    <time>2026-09-20T18:47:57Z</time>
   </trkpt>
   <trkpt lat="37.7600200" lon="-122.4098480">
    <ele>11.1</ele>
    <time>2026-09-20T18:47:58Z</time>
   </trkpt>
   <trkpt lat="37.7600270" lon="-122.4098510">
    <ele>11.1</ele>
    <time>2026-09-20T18:47:59Z</time>
   </trkpt>
   <trkpt lat="37.7600350" lon="-122.4098460">
    <ele>11.1</ele>
    <time>2026-09-20T18:48:00Z</time>
   </trkpt>
   <trkpt lat="37.7600390" lon="-122.4098450">
    <ele>11.1</ele>
    <time>2026-09-20T18:48:01Z</time>
   </trkpt>
   <trkpt lat="37.7600350" lon="-122.4098440">
    <ele>11.1</ele>
    <time>2026-09-20T18:48:02Z</time>
   </trkpt>
   <trkpt lat="37.7600460" lon="-122.4098390">
    <ele>11.1</ele>
    <time>2026-09-20T18:48:03Z</time>
   </trkpt>
   <trkpt lat="37.7600430" lon="-122.4098470">
    <ele>11.1</ele>
    <time>2026-09-20T18:48:04Z</time>
   </trkpt>
   <trkpt lat="37.7600430" lon="-122.4098470">
    <ele>11.1</ele>
    <time>2026-09-20T18:48:05Z</time>
   </trkpt>
   <trkpt lat="37.7600400" lon="-122.4098480">
    <ele>11.1</ele>
    <time>2026-09-20T18:48:06Z</time>
   </trkpt>
   <trkpt lat="37.7600420" lon="-122.4098450">
    <ele>11.1</ele>
    <time>2026-09-20T18:48:07Z</time>
   </trkpt>
   <trkpt lat="37.7600410" lon="-122.4098440">
    <ele>11.1</ele>
    <time>2026-09-20T18:48:08Z</time>
   </trkpt>
   <trkpt lat="37.7600400" lon="-122.4098410">
    <ele>11.1</ele>
    <time>2026-09-20T18:48:09Z</time>
   </trkpt>
   <trkpt lat="37.7600400" lon="-122.4098440">
    <ele>11.1</ele>
    <time>2026-09-20T18:48:10Z</time>
   </trkpt>
   <trkpt lat="37.7600390" lon="-122.4098450">
    <ele>11.1</ele>
    <time>2026-09-20T18:48:11Z</time>
   </trkpt>
   <trkpt lat="37.7600390" lon="-122.4098450">
    <ele>11.1</ele>
    <time>2026-09-20T18:48:12Z</time>
   </trkpt>
   <trkpt lat="37.7600310" lon="-122.4098440">
    <ele>11.1</ele>
    <time>2026-09-20T18:48:13Z</time>
   </trkpt>
   <trkpt lat="37.7600390" lon="-122.4098360">
    <ele>11.1</ele>
    <time>2026-09-20T18:48:14Z</time>
   </trkpt>
   <trkpt lat="37.7600360" lon="-122.4098450">
    <ele>11.1</ele>
    <time>2026-09-20T18:48:15Z</time>
   </trkpt>
   <trkpt lat="37.7600360" lon="-122.4098380">
    <ele>11.1</ele>
    <time>2026-09-20T18:48:16Z</time>
   </trkpt>
   <trkpt lat="37.7600320" lon="-122.4098340">
    <ele>11.1</ele>
    <time>2026-09-20T18:48:17Z</time>
   </trkpt>
   <trkpt lat="37.7600360" lon="-122.4098350">
    <ele>11.2</ele>
    <time>2026-09-20T18:48:18Z</time>
   </trkpt>
   <trkpt lat="37.7600450" lon="-122.4098320">
    <ele>11.2</ele>
    <time>2026-09-20T18:48:19Z</time>
   </trkpt>
   <trkpt lat="37.7600540" lon="-122.4098370">
    <ele>11.2</ele>
    <time>2026-09-20T18:48:20Z</time>
   </trkpt>
   <trkpt lat="37.7600660" lon="-122.4098340">
    <ele>11.2</ele>
    <time>2026-09-20T18:48:21Z</time>
   </trkpt>
   <trkpt lat="37.7600680" lon="-122.4098360">
    <ele>11.2</ele>
    <time>2026-09-20T18:48:22Z</time>
   </trkpt>
   <trkpt lat="37.7600770" lon="-122.4098340">
    <ele>11.2</ele>
    <time>2026-09-20T18:48:23Z</time>
   </trkpt>
   <trkpt lat="37.7600840" lon="-122.4098460">
    <ele>11.2</ele>
    <time>2026-09-20T18:48:24Z</time>
   </trkpt>
   <trkpt lat="37.7600910" lon="-122.4098490">
    <ele>11.2</ele>
    <time>2026-09-20T18:48:25Z</time>
   </trkpt>
   <trkpt lat="37.7601020" lon="-122.4098460">
    <ele>11.2</ele>
    <time>2026-09-20T18:48:26Z</time>
   </trkpt>
   <trkpt lat="37.7601140" lon="-122.4098570">
    <ele>11.2</ele>
    <time>2026-09-20T18:48:27Z</time>
   </trkpt>
   <trkpt lat="37.7601330" lon="-122.4098700">
    <ele>11.3</ele>
    <time>2026-09-20T18:48:28Z</time>
   </trkpt>
   <trkpt lat="37.7601470" lon="-122.4098700">
    <ele>11.3</ele>
    <time>2026-09-20T18:48:29Z</time>
   </trkpt>
   <trkpt lat="37.7601400" lon="-122.4098630">
    <ele>11.3</ele>
    <time>2026-09-20T18:48:30Z</time>
   </trkpt>
   <trkpt lat="37.7601470" lon="-122.4098720">
    <ele>11.3</ele>
    <time>2026-09-20T18:48:31Z</time>
   </trkpt>
   <trkpt lat="37.7601500" lon="-122.4098740">
    <ele>11.3</ele>
    <time>2026-09-20T18:48:32Z</time>
   </trkpt>
   <trkpt lat="37.7601580" lon="-122.4098770">
    <ele>11.3</ele>
    <time>2026-09-20T18:48:33Z</time>
   </trkpt>
   <trkpt lat="37.7601690" lon="-122.4098690">
    <ele>11.3</ele>
    <time>2026-09-20T18:48:34Z</time>
   </trkpt>
   <trkpt lat="37.7601850" lon="-122.4098600">
    <ele>11.3</ele>
    <time>2026-09-20T18:48:35Z</time>
   </trkpt>
   <trkpt lat="37.7602000" lon="-122.4098550">
    <ele>11.3</ele>
    <time>2026-09-20T18:48:36Z</time>
   </trkpt>
   <trkpt lat="37.7602070" lon="-122.4098640">
    <ele>11.3</ele>
    <time>2026-09-20T18:48:37Z</time>
   </trkpt>
   <trkpt lat="37.7602120" lon="-122.4098710">
    <ele>11.4</ele>
    <time>2026-09-20T18:48:38Z</time>
   </trkpt>
   <trkpt lat="37.7602150" lon="-122.4098780">
    <ele>11.4</ele>
    <time>2026-09-20T18:48:39Z</time>
   </trkpt>
   <trkpt lat="37.7602260" lon="-122.4098810">
    <ele>11.4</ele>
    <time>2026-09-20T18:48:40Z</time>
   </trkpt>
   <trkpt lat="37.7602420" lon="-122.4098870">
    <ele>11.4</ele>
    <time>2026-09-20T18:48:41Z</time>
   </trkpt>
   <trkpt lat="37.7602550" lon="-122.4098840">
    <ele>11.4</ele>
    <time>2026-09-20T18:48:42Z</time>
   </trkpt>
   <trkpt lat="37.7602660" lon="-122.4098860">
    <ele>11.4</ele>
    <time>2026-09-20T18:48:43Z</time>
   </trkpt>
   <trkpt lat="37.7602790" lon="-122.4098830">
    <ele>11.4</ele>
    <time>2026-09-20T18:48:44Z</time>
   </trkpt>
   <trkpt lat="37.7602990" lon="-122.4098750">
    <ele>11.4</ele>
    <time>2026-09-20T18:48:45Z</time>
   </trkpt>
   <trkpt lat="37.7603160" lon="-122.4098710">
    <ele>11.4</ele>
    <time>2026-09-20T18:48:46Z</time>
   </trkpt>
   <trkpt lat="37.7603280" lon="-122.4098820">
    <ele>11.4</ele>
    <time>2026-09-20T18:48:47Z</time>
   </trkpt>
   <trkpt lat="37.7603380" lon="-122.4098640">
    <ele>11.4</ele>
    <time>2026-09-20T18:48:48Z</time>
   </trkpt>
   <trkpt lat="37.7603520" lon="-122.4098540">
    <ele>11.5</ele>
    <time>2026-09-20T18:48:49Z</time>
   </trkpt>
   <trkpt lat="37.7603590" lon="-122.4098570">
    <ele>11.5</ele>
    <time>2026-09-20T18:48:50Z</time>
   </trkpt>
   <trkpt lat="37.7603560" lon="-122.4098540">
    <ele>11.5</ele>
    <time>2026-09-20T18:48:51Z</time>
   </trkpt>
   <trkpt lat="37.7603550" lon="-122.4098480">
    <ele>11.5</ele>
    <time>2026-09-20T18:48:52Z</time>
   </trkpt>
   <trkpt lat="37.7603570" lon="-122.4098320">
    <ele>11.5</ele>
    <time>2026-09-20T18:48:53Z</time>
   </trkpt>
   <trkpt lat="37.7603550" lon="-122.4098450">
    <ele>11.5</ele>
    <time>2026-09-20T18:48:54Z</time>
   </trkpt>
   <trkpt lat="37.7603760" lon="-122.4098390">
    <ele>11.5</ele>
    <time>2026-09-20T18:48:55Z</time>
   </trkpt>
   <trkpt lat="37.7603910" lon="-122.4098530">
    <ele>11.5</ele>
    <time>2026-09-20T18:48:56Z</time>
   </trkpt>
   <trkpt lat="37.7604180" lon="-122.4098620">
    <ele>11.5</ele>
    <time>2026-09-20T18:48:57Z</time>
   </trkpt>
   <trkpt lat="37.7604300" lon="-122.4098860">
    <ele>11.5</ele>
    <time>2026-09-20T18:48:58Z</time>
   </trkpt>
   <trkpt lat="37.7604430" lon="-122.4099010">
    <ele>11.5</ele>
    <time>2026-09-20T18:48:59Z</time>
   </trkpt>
   <trkpt lat="37.7604530" lon="-122.4099140">
    <ele>11.5</ele>
    <time>2026-09-20T18:49:00Z</time>
   </trkpt>
   <trkpt lat="37.7604640" lon="-122.4099200">
    <ele>11.5</ele>
    <time>2026-09-20T18:49:01Z</time>
   </trkpt>
   <trkpt lat="37.7604840" lon="-122.4099200">
    <ele>11.5</ele>
    <time>2026-09-20T18:49:02Z</time>
   </trkpt>
   <trkpt lat="37.7604980" lon="-122.4099200">
    <ele>11.5</ele>
    <time>2026-09-20T18:49:03Z</time>
   </trkpt>
   <trkpt lat="37.7605120" lon="-122.4099200">
    <ele>11.5</ele>
    <time>2026-09-20T18:49:04Z</time>
   </trkpt>
   <trkpt lat="37.7605240" lon="-122.4099160">
    <ele>11.5</ele>
    <time>2026-09-20T18:49:05Z</time>
   </trkpt>
   <trkpt lat="37.7605350" lon="-122.4099140">
    <ele>11.5</ele>
    <time>2026-09-20T18:49:06Z</time>
   </trkpt>
   <trkpt lat="37.7605420" lon="-122.4099140">
    <ele>11.5</ele>
    <time>2026-09-20T18:49:07Z</time>
   </trkpt>
   <trkpt lat="37.7605540" lon="-122.4099140">
    <ele>11.5</ele>
    <time>2026-09-20T18:49:08Z</time>
   </trkpt>
   <trkpt lat="37.7605620" lon="-122.4099170">
    <ele>11.5</ele>
    <time>2026-09-20T18:49:09Z</time>
   </trkpt>
   <trkpt lat="37.7605840" lon="-122.4099110">
    <ele>11.5</ele>
    <time>2026-09-20T18:49:10Z</time>
   </trkpt>
   <trkpt lat="37.7605970" lon="-122.4099140">
    <ele>11.5</ele>
    <time>2026-09-20T18:49:11Z</time>
   </trkpt>
   <trkpt lat="37.7606090" lon="-122.4099230">
    <ele>11.5</ele>
    <time>2026-09-20T18:49:12Z</time>
   </trkpt>
   <trkpt lat="37.7606130" lon="-122.4099290">
    <ele>11.5</ele>
    <time>2026-09-20T18:49:13Z</time>
   </trkpt>
   <trkpt lat="37.7606270" lon="-122.4099290">
    <ele>11.5</ele>
    <time>2026-09-20T18:49:14Z</time>
   </trkpt>
   <trkpt lat="37.7606390" lon="-122.4099360">
    <ele>11.5</ele>
    <time>2026-09-20T18:49:15Z</time>
   </trkpt>
   <trkpt lat="37.7606490" lon="-122.4099280">
    <ele>11.5</ele>
    <time>2026-09-20T18:49:16Z</time>
   </trkpt>
   <trkpt lat="37.7606570" lon="-122.4099260">
    <ele>11.5</ele>
    <time>2026-09-20T18:49:17Z</time>
   </trkpt>
   <trkpt lat="37.7606650" lon="-122.4099260">
    <ele>11.5</ele>
    <time>2026-09-20T18:49:18Z</time>
   </trkpt>
   <trkpt lat="37.7606760" lon="-122.4099270">
    <ele>11.5</ele>
    <time>2026-09-20T18:49:19Z</time>
   </trkpt>
   <trkpt lat="37.7606890" lon="-122.4099220">
    <ele>11.5</ele>
    <time>2026-09-20T18:49:20Z</time>
   </trkpt>
   <trkpt lat="37.7607040" lon="-122.4099270">
    <ele>11.5</ele>
    <time>2026-09-20T18:49:21Z</time>
   </trkpt>
   <trkpt lat="37.7607150" lon="-122.4099370">
    <ele>11.5</ele>
    <time>2026-09-20T18:49:22Z</time>
   </trkpt>
   <trkpt lat="37.7607260" lon="-122.4099390">
    <ele>11.5</ele>
    <time>2026-09-20T18:49:23Z</time>
   </trkpt>
   <trkpt lat="37.7607400" lon="-122.4099390">
    <ele>11.4</ele>
    <time>2026-09-20T18:49:24Z</time>
   </trkpt>
   <trkpt lat="37.7607520" lon="-122.4099330">
    <ele>11.4</ele>
    <time>2026-09-20T18:49:25Z</time>
   </trkpt>
   <trkpt lat="37.7607640" lon="-122.4099420">
    <ele>11.4</ele>
    <time>2026-09-20T18:49:26Z</time>
   </trkpt>
   <trkpt lat="37.7607760" lon="-122.4099430">
    <ele>11.4</ele>
    <time>2026-09-20T18:49:27Z</time>
   </trkpt>
   <trkpt lat="37.7607890" lon="-122.4099390">
    <ele>11.4</ele>
    <time>2026-09-20T18:49:28Z</time>
   </trkpt>
   <trkpt lat="37.7608040" lon="-122.4099420">
    <ele>11.4</ele>
    <time>2026-09-20T18:49:29Z</time>
   </trkpt>
   <trkpt lat="37.7608200" lon="-122.4099330">
    <ele>11.4</ele>
    <time>2026-09-20T18:49:30Z</time>
   </trkpt>
   <trkpt lat="37.7608260" lon="-122.4099210">
    <ele>11.4</ele>
    <time>2026-09-20T18:49:31Z</time>
   </trkpt>
   <trkpt lat="37.7608300" lon="-122.4099230">
    <ele>11.4</ele>
    <time>2026-09-20T18:49:32Z</time>
   </trkpt>
   <trkpt lat="37.7608410" lon="-122.4099100">
    <ele>11.4</ele>
    <time>2026-09-20T18:49:33Z</time>
   </trkpt>
   <trkpt lat="37.7608550" lon="-122.4099100">
    <ele>11.4</ele>
    <time>2026-09-20T18:49:34Z</time>
   </trkpt>
   <trkpt lat="37.7608660" lon="-122.4099060">
    <ele>11.4</ele>
    <time>2026-09-20T18:49:35Z</time>
   </trkpt>
   <trkpt lat="37.7608750" lon="-122.4098940">
    <ele>11.3</ele>
    <time>2026-09-20T18:49:36Z</time>
   </trkpt>
   <trkpt lat="37.7608870" lon="-122.4098870">
    <ele>11.3</ele>
    <time>2026-09-20T18:49:37Z</time>
   </trkpt>
   <trkpt lat="37.7608980" lon="-122.4098810">
    <ele>11.3</ele>
    <time>2026-09-20T18:49:38Z</time>
   </trkpt>
   <trkpt lat="37.7609080" lon="-122.4098820">
    <ele>11.3</ele>
    <time>2026-09-20T18:49:39Z</time>
   </trkpt>
   <trkpt lat="37.7609130" lon="-122.4098860">
    <ele>11.3</ele>
    <time>2026-09-20T18:49:40Z</time>
   </trkpt>
   <trkpt lat="37.7609260" lon="-122.4098870">
    <ele>11.3</ele>
    <time>2026-09-20T18:49:41Z</time>
   </trkpt>
   <trkpt lat="37.7609380" lon="-122.4098900">
    <ele>11.3</ele>
    <time>2026-09-20T18:49:42Z</time>
   </trkpt>
   <trkpt lat="37.7609450" lon="-122.4098940">
    <ele>11.3</ele>
    <time>2026-09-20T18:49:43Z</time>
   </trkpt>
   <trkpt lat="37.7609500" lon="-122.4098960">
    <ele>11.3</ele>
    <time>2026-09-20T18:49:44Z</time>
   </trkpt>
   <trkpt lat="37.7609490" lon="-122.4098950">
    <ele>11.3</ele>
    <time>2026-09-20T18:49:45Z</time>
   </trkpt>
   <trkpt lat="37.7609590" lon="-122.4098910">
    <ele>11.3</ele>
    <time>2026-09-20T18:49:46Z</time>
   </trkpt>
   <trkpt lat="37.7609630" lon="-122.4098990">
    <ele>11.3</ele>
    <time>2026-09-20T18:49:47Z</time>
   </trkpt>
   <trkpt lat="37.7609800" lon="-122.4099020">
    <ele>11.3</ele>
    <time>2026-09-20T18:49:48Z</time>
   </trkpt>
   <trkpt lat="37.7609920" lon="-122.4098980">
    <ele>11.3</ele>
    <time>2026-09-20T18:49:49Z</time>
   </trkpt>
   <trkpt lat="37.7610000" lon="-122.4098950">
    <ele>11.3</ele>
    <time>2026-09-20T18:49:50Z</time>
   </trkpt>
   <trkpt lat="37.7610030" lon="-122.4099020">
    <ele>11.3</ele>
    <time>2026-09-20T18:49:51Z</time>
   </trkpt>
   <trkpt lat="37.7610120" lon="-122.4099060">
    <ele>11.2</ele>
    <time>2026-09-20T18:49:52Z</time>
   </trkpt>
   <trkpt lat="37.7610230" lon="-122.4099050">
    <ele>11.2</ele>
    <time>2026-09-20T18:49:53Z</time>
   </trkpt>
   <trkpt lat="37.7610270" lon="-122.4099110">
    <ele>11.2</ele>
    <time>2026-09-20T18:49:54Z</time>
   </trkpt>
   <trkpt lat="37.7610500" lon="-122.4099110">
    <ele>11.2</ele>
    <time>2026-09-20T18:49:55Z</time>
   </trkpt>
   <trkpt lat="37.7610670" lon="-122.4099130">
    <ele>11.2</ele>
    <time>2026-09-20T18:49:56Z</time>
   </trkpt>
   <trkpt lat="37.7610850" lon="-122.4099220">
    <ele>11.2</ele>
    <time>2026-09-20T18:49:57Z</time>
   </trkpt>
   <trkpt lat="37.7611000" lon="-122.4099260">
    <ele>11.2</ele>
    <time>2026-09-20T18:49:58Z</time>
   </trkpt>
   <trkpt lat="37.7611140" lon="-122.4099270">
    <ele>11.2</ele>
    <time>2026-09-20T18:49:59Z</time>
   </trkpt>
   <trkpt lat="37.7611280" lon="-122.4099280">
    <ele>11.2</ele>
    <time>2026-09-20T18:50:00Z</time>
   </trkpt>
   <trkpt lat="37.7611410" lon="-122.4099300">
    <ele>11.1</ele>
    <time>2026-09-20T18:50:01Z</time>
   </trkpt>
   <trkpt lat="37.7611550" lon="-122.4099310">
    <ele>11.1</ele>
    <time>2026-09-20T18:50:02Z</time>
   </trkpt>
   <trkpt lat="37.7611700" lon="-122.4099250">
    <ele>11.1</ele>
    <time>2026-09-20T18:50:03Z</time>
   </trkpt>
   <trkpt lat="37.7611880" lon="-122.4099250">
    <ele>11.1</ele>
    <time>2026-09-20T18:50:04Z</time>
   </trkpt>
   <trkpt lat="37.7612210" lon="-122.4099160">
    <ele>11.1</ele>
    <time>2026-09-20T18:50:05Z</time>
   </trkpt>
   <trkpt lat="37.7612350" lon="-122.4099270">
    <ele>11.1</ele>
    <time>2026-09-20T18:50:06Z</time>
   </trkpt>
   <trkpt lat="37.7612480" lon="-122.4099320">
    <ele>11.1</ele>
    <time>2026-09-20T18:50:07Z</time>
   </trkpt>
   <trkpt lat="37.7612630" lon="-122.4099360">
    <ele>11.0</ele>
    <time>2026-09-20T18:50:08Z</time>
   </trkpt>
   <trkpt lat="37.7612780" lon="-122.4099410">
    <ele>11.0</ele>
    <time>2026-09-20T18:50:09Z</time>
   </trkpt>
   <trkpt lat="37.7612930" lon="-122.4099640">
    <ele>11.0</ele>
    <time>2026-09-20T18:50:10Z</time>
   </trkpt>
   <trkpt lat="37.7613080" lon="-122.4099790">
    <ele>11.0</ele>
    <time>2026-09-20T18:50:11Z</time>
   </trkpt>
   <trkpt lat="37.7613080" lon="-122.4099820">
    <ele>11.0</ele>
    <time>2026-09-20T18:50:12Z</time>
   </trkpt>
   <trkpt lat="37.7613290" lon="-122.4099910">
    <ele>11.0</ele>
    <time>2026-09-20T18:50:13Z</time>
   </trkpt>
   <trkpt lat="37.7613480" lon="-122.4099940">
    <ele>11.0</ele>
    <time>2026-09-20T18:50:14Z</time>
   </trkpt>
   <trkpt lat="37.7613640" lon="-122.4099980">
    <ele>11.0</ele>
    <time>2026-09-20T18:50:15Z</time>
   </trkpt>
   <trkpt lat="37.7613780" lon="-122.4099990">
    <ele>11.0</ele>
    <time>2026-09-20T18:50:16Z</time>
   </trkpt>
   <trkpt lat="37.7613930" lon="-122.4100030">
    <ele>11.0</ele>
    <time>2026-09-20T18:50:17Z</time>
   </trkpt>
   <trkpt lat="37.7614090" lon="-122.4100090">
    <ele>11.0</ele>
    <time>2026-09-20T18:50:18Z</time>
   </trkpt>
   <trkpt lat="37.7614240" lon="-122.4100110">
    <ele>11.0</ele>
    <time>2026-09-20T18:50:19Z</time>
   </trkpt>
   <trkpt lat="37.7614390" lon="-122.4100130">
    <ele>11.0</ele>
    <time>2026-09-20T18:50:20Z</time>
   </trkpt>
   <trkpt lat="37.7614530" lon="-122.4100160">
    <ele>11.0</ele>
    <time>2026-09-20T18:50:21Z</time>
   </trkpt>
   <trkpt lat="37.7614680" lon="-122.4100180">
    <ele>10.9</ele>
    <time>2026-09-20T18:50:22Z</time>
   </trkpt>
   <trkpt lat="37.7614820" lon="-122.4100210">
    <ele>10.9</ele>
    <time>2026-09-20T18:50:23Z</time>
   </trkpt>
   <trkpt lat="37.7614970" lon="-122.4100220">
    <ele>10.9</ele>
    <time>2026-09-20T18:50:24Z</time>
   </trkpt>
   <trkpt lat="37.7615100" lon="-122.4100260">
    <ele>10.9</ele>
    <time>2026-09-20T18:50:25Z</time>
   </trkpt>
   <trkpt lat="37.7615230" lon="-122.4100250">
    <ele>10.9</ele>
    <time>2026-09-20T18:50:26Z</time>
   </trkpt>
   <trkpt lat="37.7615370" lon="-122.4100220">
    <ele>10.9</ele>
    <time>2026-09-20T18:50:27Z</time>
   </trkpt>
   <trkpt lat="37.7615500" lon="-122.4100220">
    <ele>10.9</ele>
    <time>2026-09-20T18:50:28Z</time>
   </trkpt>
   <trkpt lat="37.7615640" lon="-122.4100210">
    <ele>10.9</ele>
    <time>2026-09-20T18:50:29Z</time>
   </trkpt>
   <trkpt lat="37.7615760" lon="-122.4100250">
    <ele>10.9</ele>
    <time>2026-09-20T18:50:30Z</time>
   </trkpt>
   <trkpt lat="37.7615680" lon="-122.4100400">
    <ele>10.9</ele>
    <time>2026-09-20T18:50:31Z</time>
   </trkpt>
   <trkpt lat="37.7616050" lon="-122.4100250">
    <ele>10.9</ele>
    <time>2026-09-20T18:50:32Z</time>
   </trkpt>
   <trkpt lat="37.7616180" lon="-122.4100260">
    <ele>10.8</ele>
    <time>2026-09-20T18:50:33Z</time>
   </trkpt>
   <trkpt lat="37.7616320" lon="-122.4100290">
    <ele>10.8</ele>
    <time>2026-09-20T18:50:34Z</time>
   </trkpt>
   <trkpt lat="37.7616440" lon="-122.4100300">
    <ele>10.8</ele>
    <time>2026-09-20T18:50:35Z</time>
   </trkpt>
   <trkpt lat="37.7616560" lon="-122.4100330">
    <ele>10.8</ele>
    <time>2026-09-20T18:50:36Z</time>
   </trkpt>
   <trkpt lat="37.7616680" lon="-122.4100320">
    <ele>10.8</ele>
    <time>2026-09-20T18:50:37Z</time>
   </trkpt>
   <trkpt lat="37.7616800" lon="-122.4100330">
    <ele>10.8</ele>
    <time>2026-09-20T18:50:38Z</time>
   </trkpt>
   <trkpt lat="37.7616880" lon="-122.4100340">
    <ele>10.8</ele>
    <time>2026-09-20T18:50:39Z</time>
   </trkpt>
   <trkpt lat="37.7617010" lon="-122.4100320">
    <ele>10.8</ele>
    <time>2026-09-20T18:50:40Z</time>
   </trkpt>
   <trkpt lat="37.7617140" lon="-122.4100310">
    <ele>10.8</ele>
    <time>2026-09-20T18:50:41Z</time>
   </trkpt>
   <trkpt lat="37.7617270" lon="-122.4100280">
    <ele>10.8</ele>
    <time>2026-09-20T18:50:42Z</time>
   </trkpt>
   <trkpt lat="37.7617390" lon="-122.4100250">
    <ele>10.8</ele>
    <time>2026-09-20T18:50:43Z</time>
   </trkpt>
   <trkpt lat="37.7617490" lon="-122.4100240">
    <ele>10.8</ele>
    <time>2026-09-20T18:50:44Z</time>
   </trkpt>
   <trkpt lat="37.7617560" lon="-122.4100260">
    <ele>10.8</ele>
    <time>2026-09-20T18:50:45Z</time>
   </trkpt>
   <trkpt lat="37.7617650" lon="-122.4100310">
    <ele>10.8</ele>
    <time>2026-09-20T18:50:46Z</time>
   </trkpt>
   <trkpt lat="37.7617830" lon="-122.4100340">
    <ele>10.8</ele>
    <time>2026-09-20T18:50:47Z</time>
   </trkpt>
   <trkpt lat="37.7618010" lon="-122.4100380">
    <ele>10.8</ele>
    <time>2026-09-20T18:50:48Z</time>
   </trkpt>
   <trkpt lat="37.7618170" lon="-122.4100360">
    <ele>10.8</ele>
    <time>2026-09-20T18:50:49Z</time>
   </trkpt>
   <trkpt lat="37.7618330" lon="-122.4100380">
    <ele>10.9</ele>
    <time>2026-09-20T18:50:50Z</time>
   </trkpt>
   <trkpt lat="37.7618480" lon="-122.4100300">
    <ele>10.9</ele>
    <time>2026-09-20T18:50:51Z</time>
   </trkpt>
   <trkpt lat="37.7618600" lon="-122.4100260">
    <ele>10.9</ele>
    <time>2026-09-20T18:50:52Z</time>
   </trkpt>
   <trkpt lat="37.7618740" lon="-122.4100320">
    <ele>10.9</ele>
    <time>2026-09-20T18:50:53Z</time>
   </trkpt>
   <trkpt lat="37.7618880" lon="-122.4100350">
    <ele>11.0</ele>
    <time>2026-09-20T18:50:54Z</time>
   </trkpt>
   <trkpt lat="37.7619000" lon="-122.4100360">
    <ele>11.0</ele>
    <time>2026-09-20T18:50:55Z</time>
   </trkpt>
   <trkpt lat="37.7619070" lon="-122.4100430">
    <ele>11.0</ele>
    <time>2026-09-20T18:50:56Z</time>
   </trkpt>
   <trkpt lat="37.7619170" lon="-122.4100510">
    <ele>11.0</ele>
    <time>2026-09-20T18:50:57Z</time>
   </trkpt>
   <trkpt lat="37.7619280" lon="-122.4100520">
    <ele>11.0</ele>
    <time>2026-09-20T18:50:58Z</time>
   </trkpt>
   <trkpt lat="37.7619390" lon="-122.4100590">
    <ele>11.1</ele>
    <time>2026-09-20T18:50:59Z</time>
   </trkpt>
   <trkpt lat="37.7619490" lon="-122.4100590">
    <ele>11.1</ele>
    <time>2026-09-20T18:51:00Z</time>
   </trkpt>
   <trkpt lat="37.7619530" lon="-122.4100720">
    <ele>11.1</ele>
    <time>2026-09-20T18:51:01Z</time>
   </trkpt>
   <trkpt lat="37.7619620" lon="-122.4100780">
    <ele>11.1</ele>
    <time>2026-09-20T18:51:02Z</time>
   </trkpt>
   <trkpt lat="37.7619780" lon="-122.4100850">
    <ele>11.2</ele>
    <time>2026-09-20T18:51:03Z</time>
   </trkpt>
   <trkpt lat="37.7619900" lon="-122.4100920">
    <ele>11.2</ele>
    <time>2026-09-20T18:51:04Z</time>
   </trkpt>
   <trkpt lat="37.7620030" lon="-122.4100840">
    <ele>11.2</ele>
    <time>2026-09-20T18:51:05Z</time>
   </trkpt>
   <trkpt lat="37.7620140" lon="-122.4100790">
    <ele>11.3</ele>
    <time>2026-09-20T18:51:06Z</time>
   </trkpt>
   <trkpt lat="37.7620210" lon="-122.4100720">
    <ele>11.3</ele>
    <time>2026-09-20T18:51:07Z</time>
   </trkpt>
   <trkpt lat="37.7620290" lon="-122.4100700">
    <ele>11.3</ele>
    <time>2026-09-20T18:51:08Z</time>
   </trkpt>
   <trkpt lat="37.7620440" lon="-122.4100730">
    <ele>11.4</ele>
    <time>2026-09-20T18:51:09Z</time>
   </trkpt>
   <trkpt lat="37.7620570" lon="-122.4100760">
    <ele>11.4</ele>
    <time>2026-09-20T18:51:10Z</time>
   </trkpt>
   <trkpt lat="37.7620650" lon="-122.4100810">
    <ele>11.4</ele>
    <time>2026-09-20T18:51:11Z</time>
   </trkpt>
   <trkpt lat="37.7620730" lon="-122.4100800">
    <ele>11.4</ele>
    <time>2026-09-20T18:51:12Z</time>
   </trkpt>
   <trkpt lat="37.7620830" lon="-122.4100810">
    <ele>11.5</ele>
    <time>2026-09-20T18:51:13Z</time>
   </trkpt>
   <trkpt lat="37.7620930" lon="-122.4100810">
    <ele>11.5</ele>
    <time>2026-09-20T18:51:14Z</time>
   </trkpt>
   <trkpt lat="37.7621020" lon="-122.4100830">
    <ele>11.5</ele>
    <time>2026-09-20T18:51:15Z</time>
   </trkpt>
   <trkpt lat="37.7621090" lon="-122.4100860">
    <ele>11.6</ele>
    <time>2026-09-20T18:51:16Z</time>
   </trkpt>
   <trkpt lat="37.7621230" lon="-122.4100870">
    <ele>11.6</ele>
    <time>2026-09-20T18:51:17Z</time>
   </trkpt>
   <trkpt lat="37.7621410" lon="-122.4100800">
    <ele>11.7</ele>
    <time>2026-09-20T18:51:18Z</time>
   </trkpt>
   <trkpt lat="37.7621480" lon="-122.4100740">
    <ele>11.7</ele>
    <time>2026-09-20T18:51:19Z</time>
   </trkpt>
   <trkpt lat="37.7621630" lon="-122.4100830">
    <ele>11.7</ele>
    <time>2026-09-20T18:51:20Z</time>
   </trkpt>
   <trkpt lat="37.7621720" lon="-122.4100940">
    <ele>11.8</ele>
    <time>2026-09-20T18:51:21Z</time>
   </trkpt>
   <trkpt lat="37.7621810" lon="-122.4100970">
    <ele>11.8</ele>
    <time>2026-09-20T18:51:22Z</time>
   </trkpt>
   <trkpt lat="37.7621920" lon="-122.4100970">
    <ele>11.8</ele>
    <time>2026-09-20T18:51:23Z</time>
   </trkpt>
   <trkpt lat="37.7622030" lon="-122.4100980">
    <ele>11.9</ele>
    <time>2026-09-20T18:51:24Z</time>
   </trkpt>
   <trkpt lat="37.7622150" lon="-122.4100900">
    <ele>11.9</ele>
    <time>2026-09-20T18:51:25Z</time>
   </trkpt>
   <trkpt lat="37.7622220" lon="-122.4100860">
    <ele>11.9</ele>
    <time>2026-09-20T18:51:26Z</time>
   </trkpt>
   <trkpt lat="37.7622350" lon="-122.4100760">
    <ele>12.0</ele>
    <time>2026-09-20T18:51:27Z</time>
   </trkpt>
   <trkpt lat="37.7622500" lon="-122.4100850">
    <ele>12.0</ele>
    <time>2026-09-20T18:51:28Z</time>
   </trkpt>
   <trkpt lat="37.7622580" lon="-122.4100820">
    <ele>12.0</ele>
    <time>2026-09-20T18:51:29Z</time>
   </trkpt>
   <trkpt lat="37.7622720" lon="-122.4100920">
    <ele>12.1</ele>
    <time>2026-09-20T18:51:30Z</time>
   </trkpt>
   <trkpt lat="37.7622820" lon="-122.4100890">
    <ele>12.1</ele>
    <time>2026-09-20T18:51:31Z</time>
   </trkpt>
   <trkpt lat="37.7622980" lon="-122.4100870">
    <ele>12.2</ele>
    <time>2026-09-20T18:51:32Z</time>
   </trkpt>
   <trkpt lat="37.7623140" lon="-122.4100890">
    <ele>12.2</ele>
    <time>2026-09-20T18:51:33Z</time>
   </trkpt>
   <trkpt lat="37.7623270" lon="-122.4100950">
    <ele>12.2</ele>
    <time>2026-09-20T18:51:34Z</time>
   </trkpt>
   <trkpt lat="37.7623390" lon="-122.4100950">
    <ele>12.3</ele>
    <time>2026-09-20T18:51:35Z</time>
   </trkpt>
   <trkpt lat="37.7623480" lon="-122.4100990">
    <ele>12.3</ele>
    <time>2026-09-20T18:51:36Z</time>
   </trkpt>
   <trkpt lat="37.7623540" lon="-122.4100960">
    <ele>12.3</ele>
    <time>2026-09-20T18:51:37Z</time>
   </trkpt>
   <trkpt lat="37.7623620" lon="-122.4100920">
    <ele>12.4</ele>
    <time>2026-09-20T18:51:38Z</time>
   </trkpt>
   <trkpt lat="37.7623710" lon="-122.4100850">
    <ele>12.4</ele>
    <time>2026-09-20T18:51:39Z</time>
   </trkpt>
   <trkpt lat="37.7623770" lon="-122.4100830">
    <ele>12.4</ele>
    <time>2026-09-20T18:51:40Z</time>
   </trkpt>
   <trkpt lat="37.7623800" lon="-122.4100920">
    <ele>12.4</ele>
    <time>2026-09-20T18:51:41Z</time>
   </trkpt>
   <trkpt lat="37.7623870" lon="-122.4100970">
    <ele>12.5</ele>
    <time>2026-09-20T18:51:42Z</time>
   </trkpt>
   <trkpt lat="37.7624020" lon="-122.4101010">
    <ele>12.5</ele>
    <time>2026-09-20T18:51:43Z</time>
   </trkpt>
   <trkpt lat="37.7624120" lon="-122.4101000">
    <ele>12.5</ele>
    <time>2026-09-20T18:51:44Z</time>
   </trkpt>
   <trkpt lat="37.7624310" lon="-122.4100980">
    <ele>12.6</ele>
    <time>2026-09-20T18:51:45Z</time>
   </trkpt>
   <trkpt lat="37.7624430" lon="-122.4100920">
    <ele>12.7</ele>
    <time>2026-09-20T18:51:46Z</time>
   </trkpt>
   <trkpt lat="37.7624560" lon="-122.4101010">
    <ele>12.7</ele>
    <time>2026-09-20T18:51:47Z</time>
   </trkpt>
   <trkpt lat="37.7624690" lon="-122.4100970">
    <ele>12.8</ele>
    <time>2026-09-20T18:51:48Z</time>
   </trkpt>
   <trkpt lat="37.7624760" lon="-122.4101000">
    <ele>12.8</ele>
    <time>2026-09-20T18:51:49Z</time>
   </trkpt>
   <trkpt lat="37.7624950" lon="-122.4101200">
    <ele>12.9</ele>
    <time>2026-09-20T18:51:50Z</time>
   </trkpt>
   <trkpt lat="37.7625050" lon="-122.4101260">
    <ele>12.9</ele>
    <time>2026-09-20T18:51:51Z</time>
   </trkpt>
   <trkpt lat="37.7625170" lon="-122.4101280">
    <ele>12.9</ele>
    <time>2026-09-20T18:51:52Z</time>
   </trkpt>
   <trkpt lat="37.7625250" lon="-122.4101320">
    <ele>13.0</ele>
    <time>2026-09-20T18:51:53Z</time>
   </trkpt>
   <trkpt lat="37.7625370" lon="-122.4101360">
    <ele>13.0</ele>
    <time>2026-09-20T18:51:54Z</time>
   </trkpt>
   <trkpt lat="37.7625400" lon="-122.4101270">
    <ele>13.0</ele>
    <time>2026-09-20T18:51:55Z</time>
   </trkpt>
   <trkpt lat="37.7625550" lon="-122.4101250">
    <ele>13.1</ele>
    <time>2026-09-20T18:51:56Z</time>
   </trkpt>
   <trkpt lat="37.7625600" lon="-122.4101160">
    <ele>13.1</ele>
    <time>2026-09-20T18:51:57Z</time>
   </trkpt>
   <trkpt lat="37.7625710" lon="-122.4101070">
    <ele>13.2</ele>
    <time>2026-09-20T18:51:58Z</time>
   </trkpt>
   <trkpt lat="37.7625810" lon="-122.4101160">
    <ele>13.2</ele>
    <time>2026-09-20T18:51:59Z</time>
   </trkpt>
   <trkpt lat="37.7625910" lon="-122.4101220">
    <ele>13.3</ele>
    <time>2026-09-20T18:52:00Z</time>
   </trkpt>
   <trkpt lat="37.7626000" lon="-122.4101110">
    <ele>13.3</ele>
    <time>2026-09-20T18:52:01Z</time>
   </trkpt>
   <trkpt lat="37.7626180" lon="-122.4101100">
    <ele>13.4</ele>
    <time>2026-09-20T18:52:02Z</time>
   </trkpt>
   <trkpt lat="37.7626250" lon="-122.4101120">
    <ele>13.4</ele>
    <time>2026-09-20T18:52:03Z</time>
   </trkpt>
   <trkpt lat="37.7626490" lon="-122.4101200">
    <ele>13.5</ele>
    <time>2026-09-20T18:52:04Z</time>
   </trkpt>
   <trkpt lat="37.7626610" lon="-122.4101200">
    <ele>13.5</ele>
    <time>2026-09-20T18:52:05Z</time>
   </trkpt>
   <trkpt lat="37.7626750" lon="-122.4101330">
    <ele>13.6</ele>
    <time>2026-09-20T18:52:06Z</time>
   </trkpt>
   <trkpt lat="37.7626880" lon="-122.4101310">
    <ele>13.6</ele>
    <time>2026-09-20T18:52:07Z</time>
   </trkpt>
   <trkpt lat="37.7626970" lon="-122.4101380">
    <ele>13.7</ele>
    <time>2026-09-20T18:52:08Z</time>
   </trkpt>
   <trkpt lat="37.7627240" lon="-122.4101280">
    <ele>13.8</ele>
    <time>2026-09-20T18:52:09Z</time>
   </trkpt>
   <trkpt lat="37.7627340" lon="-122.4101250">
    <ele>13.8</ele>
    <time>2026-09-20T18:52:10Z</time>
   </trkpt>
   <trkpt lat="37.7627400" lon="-122.4101140">
    <ele>13.9</ele>
    <time>2026-09-20T18:52:11Z</time>
   </trkpt>
   <trkpt lat="37.7627480" lon="-122.4101120">
    <ele>13.9</ele>
    <time>2026-09-20T18:52:12Z</time>
   </trkpt>
   <trkpt lat="37.7627610" lon="-122.4101140">
    <ele>13.9</ele>
    <time>2026-09-20T18:52:13Z</time>
   </trkpt>
   <trkpt lat="37.7627720" lon="-122.4101110">
    <ele>14.0</ele>
    <time>2026-09-20T18:52:14Z</time>
   </trkpt>
   <trkpt lat="37.7627820" lon="-122.4101090">
    <ele>14.0</ele>
    <time>2026-09-20T18:52:15Z</time>
   </trkpt>
   <trkpt lat="37.7627960" lon="-122.4101050">
    <ele>14.1</ele>
    <time>2026-09-20T18:52:16Z</time>
   </trkpt>
   <trkpt lat="37.7628080" lon="-122.4101100">
    <ele>14.1</ele>
    <time>2026-09-20T18:52:17Z</time>
   </trkpt>
   <trkpt lat="37.7628210" lon="-122.4101150">
    <ele>14.1</ele>
    <time>2026-09-20T18:52:18Z</time>
   </trkpt>
   <trkpt lat="37.7628330" lon="-122.4101200">
    <ele>14.2</ele>
    <time>2026-09-20T18:52:19Z</time>
   </trkpt>
   <trkpt lat="37.7628460" lon="-122.4101180">
    <ele>14.2</ele>
    <time>2026-09-20T18:52:20Z</time>
   </trkpt>
   <trkpt lat="37.7628630" lon="-122.4101160">
    <ele>14.3</ele>
    <time>2026-09-20T18:52:21Z</time>
   </trkpt>
   <trkpt lat="37.7628770" lon="-122.4101180">
    <ele>14.3</ele>
    <time>2026-09-20T18:52:22Z</time>
   </trkpt>
   <trkpt lat="37.7628910" lon="-122.4101190">
    <ele>14.4</ele>
    <time>2026-09-20T18:52:23Z</time>
   </trkpt>
   <trkpt lat="37.7629050" lon="-122.4101230">
    <ele>14.4</ele>
    <time>2026-09-20T18:52:24Z</time>
   </trkpt>
   <trkpt lat="37.7629170" lon="-122.4101260">
    <ele>14.5</ele>
    <time>2026-09-20T18:52:25Z</time>
   </trkpt>
   <trkpt lat="37.7629260" lon="-122.4101270">
    <ele>14.5</ele>
    <time>2026-09-20T18:52:26Z</time>
   </trkpt>
   <trkpt lat="37.7629320" lon="-122.4101270">
    <ele>14.5</ele>
    <time>2026-09-20T18:52:27Z</time>
   </trkpt>
   <trkpt lat="37.7629420" lon="-122.4101310">
    <ele>14.5</ele>
    <time>2026-09-20T18:52:28Z</time>
   </trkpt>
   <trkpt lat="37.7629510" lon="-122.4101360">
    <ele>14.6</ele>
    <time>2026-09-20T18:52:29Z</time>
   </trkpt>
   <trkpt lat="37.7629590" lon="-122.4101330">
    <ele>14.6</ele>
    <time>2026-09-20T18:52:30Z</time>
   </trkpt>
   <trkpt lat="37.7629710" lon="-122.4101310">
    <ele>14.6</ele>
    <time>2026-09-20T18:52:31Z</time>
   </trkpt>
   <trkpt lat="37.7629820" lon="-122.4101280">
    <ele>14.6</ele>
    <time>2026-09-20T18:52:32Z</time>
   </trkpt>
   <trkpt lat="37.7629940" lon="-122.4101310">
    <ele>14.7</ele>
    <time>2026-09-20T18:52:33Z</time>
   </trkpt>
   <trkpt lat="37.7630000" lon="-122.4101340">
    <ele>14.7</ele>
    <time>2026-09-20T18:52:34Z</time>
   </trkpt>
   <trkpt lat="37.7630130" lon="-122.4101400">
    <ele>14.7</ele>
    <time>2026-09-20T18:52:35Z</time>
   </trkpt>
   <trkpt lat="37.7630290" lon="-122.4101470">
    <ele>14.8</ele>
    <time>2026-09-20T18:52:36Z</time>
   </trkpt>
   <trkpt lat="37.7630430" lon="-122.4101600">
    <ele>14.8</ele>
    <time>2026-09-20T18:52:37Z</time>
   </trkpt>
   <trkpt lat="37.7630570" lon="-122.4101700">
    <ele>14.8</ele>
    <time>2026-09-20T18:52:38Z</time>
   </trkpt>
   <trkpt lat="37.7630700" lon="-122.4101700">
    <ele>14.9</ele>
    <time>2026-09-20T18:52:39Z</time>
   </trkpt>
   <trkpt lat="37.7630830" lon="-122.4101700">
    <ele>14.9</ele>
    <time>2026-09-20T18:52:40Z</time>
   </trkpt>
   <trkpt lat="37.7630960" lon="-122.4101700">
    <ele>14.9</ele>
    <time>2026-09-20T18:52:41Z</time>
   </trkpt>
   <trkpt lat="37.7631080" lon="-122.4101680">
    <ele>14.9</ele>
    <time>2026-09-20T18:52:42Z</time>
   </trkpt>
   <trkpt lat="37.7631200" lon="-122.4101680">
    <ele>14.9</ele>
    <time>2026-09-20T18:52:43Z</time>
   </trkpt>
   <trkpt lat="37.7631320" lon="-122.4101710">
    <ele>15.0</ele>
    <time>2026-09-20T18:52:44Z</time>
   </trkpt>
   <trkpt lat="37.7631440" lon="-122.4101710">
    <ele>15.0</ele>
    <time>2026-09-20T18:52:45Z</time>
   </trkpt>
   <trkpt lat="37.7631560" lon="-122.4101700">
    <ele>15.0</ele>
    <time>2026-09-20T18:52:46Z</time>
   </trkpt>
   <trkpt lat="37.7631680" lon="-122.4101690">
    <ele>15.0</ele>
    <time>2026-09-20T18:52:47Z</time>
   </trkpt>
   <trkpt lat="37.7631780" lon="-122.4101690">
    <ele>15.1</ele>
    <time>2026-09-20T18:52:48Z</time>
   </trkpt>
   <trkpt lat="37.7631860" lon="-122.4101700">
    <ele>15.1</ele>
    <time>2026-09-20T18:52:49Z</time>
   </trkpt>
   <trkpt lat="37.7631920" lon="-122.4101710">
    <ele>15.1</ele>
    <time>2026-09-20T18:52:50Z</time>
   </trkpt>
   <trkpt lat="37.7631960" lon="-122.4101720">
    <ele>15.1</ele>
    <time>2026-09-20T18:52:51Z</time>
   </trkpt>
   <trkpt lat="37.7632060" lon="-122.4101730">
    <ele>15.1</ele>
    <time>2026-09-20T18:52:52Z</time>
   </trkpt>
   <trkpt lat="37.7632130" lon="-122.4101730">
    <ele>15.1</ele>
    <time>2026-09-20T18:52:53Z</time>
   </trkpt>
   <trkpt lat="37.7632170" lon="-122.4101730">
    <ele>15.2</ele>
    <time>2026-09-20T18:52:54Z</time>
   </trkpt>
   <trkpt lat="37.7632240" lon="-122.4101700">
    <ele>15.2</ele>
    <time>2026-09-20T18:52:55Z</time>
   </trkpt>
   <trkpt lat="37.7632290" lon="-122.4101710">
    <ele>15.2</ele>
    <time>2026-09-20T18:52:56Z</time>
   </trkpt>
   <trkpt lat="37.7632480" lon="-122.4101730">
    <ele>15.2</ele>
    <time>2026-09-20T18:52:57Z</time>
   </trkpt>
   <trkpt lat="37.7632590" lon="-122.4101740">
    <ele>15.3</ele>
    <time>2026-09-20T18:52:58Z</time>
   </trkpt>
   <trkpt lat="37.7632700" lon="-122.4101730">
    <ele>15.3</ele>
    <time>2026-09-20T18:52:59Z</time>
   </trkpt>
   <trkpt lat="37.7632790" lon="-122.4101740">
    <ele>15.3</ele>
    <time>2026-09-20T18:53:00Z</time>
   </trkpt>
   <trkpt lat="37.7632770" lon="-122.4101750">
    <ele>15.3</ele>
    <time>2026-09-20T18:53:01Z</time>
   </trkpt>
   <trkpt lat="37.7632880" lon="-122.4101770">
    <ele>15.4</ele>
    <time>2026-09-20T18:53:02Z</time>
   </trkpt>
   <trkpt lat="37.7632940" lon="-122.4101780">
    <ele>15.4</ele>
    <time>2026-09-20T18:53:03Z</time>
   </trkpt>
   <trkpt lat="37.7633030" lon="-122.4101800">
    <ele>15.4</ele>
    <time>2026-09-20T18:53:04Z</time>
   </trkpt>
   <trkpt lat="37.7633050" lon="-122.4101820">
    <ele>15.4</ele>
    <time>2026-09-20T18:53:05Z</time>
   </trkpt>
   <trkpt lat="37.7633210" lon="-122.4101820">
    <ele>15.4</ele>
    <time>2026-09-20T18:53:06Z</time>
   </trkpt>
   <trkpt lat="37.7633320" lon="-122.4101830">
    <ele>15.5</ele>
    <time>2026-09-20T18:53:07Z</time>
   </trkpt>
   <trkpt lat="37.7633390" lon="-122.4101790">
    <ele>15.5</ele>
    <time>2026-09-20T18:53:08Z</time>
   </trkpt>
   <trkpt lat="37.7633470" lon="-122.4101800">
    <ele>15.5</ele>
    <time>2026-09-20T18:53:09Z</time>
   </trkpt>
   <trkpt lat="37.7633550" lon="-122.4101810">
    <ele>15.5</ele>
    <time>2026-09-20T18:53:10Z</time>
   </trkpt>
   <trkpt lat="37.7633670" lon="-122.4101840">
    <ele>15.6</ele>
    <time>2026-09-20T18:53:11Z</time>
   </trkpt>
   <trkpt lat="37.7633710" lon="-122.4101870">
    <ele>15.6</ele>
    <time>2026-09-20T18:53:12Z</time>
   </trkpt>
   <trkpt lat="37.7633870" lon="-122.4101880">
    <ele>15.6</ele>
    <time>2026-09-20T18:53:13Z</time>
   </trkpt>
   <trkpt lat="37.7633960" lon="-122.4101870">
    <ele>15.6</ele>
    <time>2026-09-20T18:53:14Z</time>
   </trkpt>
   <trkpt lat="37.7634050" lon="-122.4101860">
    <ele>15.7</ele>
    <time>2026-09-20T18:53:15Z</time>
   </trkpt>
   <trkpt lat="37.7634150" lon="-122.4101860">
    <ele>15.7</ele>
    <time>2026-09-20T18:53:16Z</time>
   </trkpt>
   <trkpt lat="37.7634240" lon="-122.4101870">
    <ele>15.7</ele>
    <time>2026-09-20T18:53:17Z</time>
   </trkpt>
   <trkpt lat="37.7634320" lon="-122.4101890">
    <ele>15.8</ele>
    <time>2026-09-20T18:53:18Z</time>
   </trkpt>
   <trkpt lat="37.7634440" lon="-122.4101890">
    <ele>15.8</ele>
    <time>2026-09-20T18:53:19Z</time>
   </trkpt>
   <trkpt lat="37.7634540" lon="-122.4101890">
    <ele>15.8</ele>
    <time>2026-09-20T18:53:20Z</time>
   </trkpt>
   <trkpt lat="37.7634630" lon="-122.4101890">
    <ele>15.9</ele>
    <time>2026-09-20T18:53:21Z</time>
   </trkpt>
   <trkpt lat="37.7634740" lon="-122.4101900">
    <ele>15.9</ele>
    <time>2026-09-20T18:53:22Z</time>
   </trkpt>
   <trkpt lat="37.7634850" lon="-122.4101910">
    <ele>15.9</ele>
    <time>2026-09-20T18:53:23Z</time>
   </trkpt>
   <trkpt lat="37.7634940" lon="-122.4101920">
    <ele>15.9</ele>
    <time>2026-09-20T18:53:24Z</time>
   </trkpt>
   <trkpt lat="37.7635080" lon="-122.4101940">
    <ele>16.0</ele>
    <time>2026-09-20T18:53:25Z</time>
   </trkpt>
   <trkpt lat="37.7635260" lon="-122.4101950">
    <ele>16.0</ele>
    <time>2026-09-20T18:53:26Z</time>
   </trkpt>
   <trkpt lat="37.7635360" lon="-122.4101930">
    <ele>16.1</ele>
    <time>2026-09-20T18:53:27Z</time>
   </trkpt>
   <trkpt lat="37.7635490" lon="-122.4101970">
    <ele>16.1</ele>
    <time>2026-09-20T18:53:28Z</time>
   </trkpt>
   <trkpt lat="37.7635610" lon="-122.4101960">
    <ele>16.2</ele>
    <time>2026-09-20T18:53:29Z</time>
   </trkpt>
   <trkpt lat="37.7635670" lon="-122.4101950">
    <ele>16.2</ele>
    <time>2026-09-20T18:53:30Z</time>
   </trkpt>
   <trkpt lat="37.7635780" lon="-122.4101940">
    <ele>16.2</ele>
    <time>2026-09-20T18:53:31Z</time>
   </trkpt>
   <trkpt lat="37.7635890" lon="-122.4101970">
    <ele>16.3</ele>
    <time>2026-09-20T18:53:32Z</time>
   </trkpt>
   <trkpt lat="37.7636040" lon="-122.4101990">
    <ele>16.3</ele>
    <time>2026-09-20T18:53:33Z</time>
   </trkpt>
   <trkpt lat="37.7636200" lon="-122.4102040">
    <ele>16.4</ele>
    <time>2026-09-20T18:53:34Z</time>
   </trkpt>
   <trkpt lat="37.7636340" lon="-122.4101980">
    <ele>16.4</ele>
    <time>2026-09-20T18:53:35Z</time>
   </trkpt>
   <trkpt lat="37.7636500" lon="-122.4102040">
    <ele>16.5</ele>
    <time>2026-09-20T18:53:36Z</time>
   </trkpt>
   <trkpt lat="37.7636640" lon="-122.4102040">
    <ele>16.5</ele>
    <time>2026-09-20T18:53:37Z</time>
   </trkpt>
   <trkpt lat="37.7636770" lon="-122.4102040">
    <ele>16.6</ele>
    <time>2026-09-20T18:53:38Z</time>
   </trkpt>
   <trkpt lat="37.7636870" lon="-122.4102080">
    <ele>16.6</ele>
    <time>2026-09-20T18:53:39Z</time>
   </trkpt>
   <trkpt lat="37.7636960" lon="-122.4102090">
    <ele>16.7</ele>
    <time>2026-09-20T18:53:40Z</time>
   </trkpt>
   <trkpt lat="37.7637020" lon="-122.4102100">
    <ele>16.7</ele>
    <time>2026-09-20T18:53:41Z</time>
   </trkpt>
   <trkpt lat="37.7637110" lon="-122.4102110">
    <ele>16.7</ele>
    <time>2026-09-20T18:53:42Z</time>
   </trkpt>
   <trkpt lat="37.7637200" lon="-122.4102120">
    <ele>16.8</ele>
    <time>2026-09-20T18:53:43Z</time>
   </trkpt>
   <trkpt lat="37.7637330" lon="-122.4102190">
    <ele>16.8</ele>
    <time>2026-09-20T18:53:44Z</time>
   </trkpt>
   <trkpt lat="37.7637400" lon="-122.4102200">
    <ele>16.9</ele>
    <time>2026-09-20T18:53:45Z</time>
   </trkpt>
   <trkpt lat="37.7637490" lon="-122.4102210">
    <ele>16.9</ele>
    <time>2026-09-20T18:53:46Z</time>
   </trkpt>
   <trkpt lat="37.7637570" lon="-122.4102230">
    <ele>16.9</ele>
    <time>2026-09-20T18:53:47Z</time>
   </trkpt>
   <trkpt lat="37.7637690" lon="-122.4102240">
    <ele>17.0</ele>
    <time>2026-09-20T18:53:48Z</time>
   </trkpt>
   <trkpt lat="37.7637770" lon="-122.4102260">
    <ele>17.0</ele>
    <time>2026-09-20T18:53:49Z</time>
   </trkpt>
   <trkpt lat="37.7637920" lon="-122.4102290">
    <ele>17.1</ele>
    <time>2026-09-20T18:53:50Z</time>
   </trkpt>
   <trkpt lat="37.7637980" lon="-122.4102310">
    <ele>17.1</ele>
    <time>2026-09-20T18:53:51Z</time>
   </trkpt>
   <trkpt lat="37.7638130" lon="-122.4102300">
    <ele>17.1</ele>
    <time>2026-09-20T18:53:52Z</time>
   </trkpt>
   <trkpt lat="37.7638300" lon="-122.4102310">
    <ele>17.2</ele>
    <time>2026-09-20T18:53:53Z</time>
   </trkpt>
   <trkpt lat="37.7638410" lon="-122.4102310">
    <ele>17.3</ele>
    <time>2026-09-20T18:53:54Z</time>
   </trkpt>
   <trkpt lat="37.7638480" lon="-122.4102320">
    <ele>17.3</ele>
    <time>2026-09-20T18:53:55Z</time>
   </trkpt>
   <trkpt lat="37.7638590" lon="-122.4102340">
    <ele>17.3</ele>
    <time>2026-09-20T18:53:56Z</time>
   </trkpt>
   <trkpt lat="37.7638640" lon="-122.4102320">
    <ele>17.4</ele>
    <time>2026-09-20T18:53:57Z</time>
   </trkpt>
   <trkpt lat="37.7638880" lon="-122.4102370">
    <ele>17.4</ele>
    <time>2026-09-20T18:53:58Z</time>
   </trkpt>
   <trkpt lat="37.7639000" lon="-122.4102400">
    <ele>17.5</ele>
    <time>2026-09-20T18:53:59Z</time>
   </trkpt>
   <trkpt lat="37.7639060" lon="-122.4102390">
    <ele>17.5</ele>
    <time>2026-09-20T18:54:00Z</time>
   </trkpt>
   <trkpt lat="37.7639120" lon="-122.4102390">
    <ele>17.5</ele>
    <time>2026-09-20T18:54:01Z</time>
   </trkpt>
   <trkpt lat="37.7639150" lon="-122.4102380">
    <ele>17.6</ele>
    <time>2026-09-20T18:54:02Z</time>
   </trkpt>
   <trkpt lat="37.7639220" lon="-122.4102370">
    <ele>17.6</ele>
    <time>2026-09-20T18:54:03Z</time>
   </trkpt>
   <trkpt lat="37.7639350" lon="-122.4102410">
    <ele>17.6</ele>
    <time>2026-09-20T18:54:04Z</time>
   </trkpt>
   <trkpt lat="37.7639500" lon="-122.4102450">
    <ele>17.7</ele>
    <time>2026-09-20T18:54:05Z</time>
   </trkpt>
   <trkpt lat="37.7639610" lon="-122.4102470">
    <ele>17.7</ele>
    <time>2026-09-20T18:54:06Z</time>
   </trkpt>
   <trkpt lat="37.7639690" lon="-122.4102480">
    <ele>17.8</ele>
    <time>2026-09-20T18:54:07Z</time>
   </trkpt>
   <trkpt lat="37.7639810" lon="-122.4102440">
    <ele>17.8</ele>
    <time>2026-09-20T18:54:08Z</time>
   </trkpt>
   <trkpt lat="37.7639930" lon="-122.4102430">
    <ele>17.9</ele>
    <time>2026-09-20T18:54:09Z</time>
   </trkpt>
   <trkpt lat="37.7640020" lon="-122.4102430">
    <ele>17.9</ele>
    <time>2026-09-20T18:54:10Z</time>
   </trkpt>
   <trkpt lat="37.7640130" lon="-122.4102430">
    <ele>17.9</ele>
    <time>2026-09-20T18:54:11Z</time>
   </trkpt>
   <trkpt lat="37.7640300" lon="-122.4102440">
    <ele>18.0</ele>
    <time>2026-09-20T18:54:12Z</time>
   </trkpt>
   <trkpt lat="37.7640430" lon="-122.4102450">
    <ele>18.1</ele>
    <time>2026-09-20T18:54:13Z</time>
   </trkpt>
   <trkpt lat="37.7640520" lon="-122.4102440">
    <ele>18.1</ele>
    <time>2026-09-20T18:54:14Z</time>
   </trkpt>
   <trkpt lat="37.7640620" lon="-122.4102440">
    <ele>18.1</ele>
    <time>2026-09-20T18:54:15Z</time>
   </trkpt>
   <trkpt lat="37.7640700" lon="-122.4102450">
    <ele>18.2</ele>
    <time>2026-09-20T18:54:16Z</time>
   </trkpt>
   <trkpt lat="37.7640830" lon="-122.4102450">
    <ele>18.2</ele>
    <time>2026-09-20T18:54:17Z</time>
   </trkpt>
   <trkpt lat="37.7640960" lon="-122.4102450">
    <ele>18.3</ele>
    <time>2026-09-20T18:54:18Z</time>
   </trkpt>
   <trkpt lat="37.7641070" lon="-122.4102460">
    <ele>18.3</ele>
    <time>2026-09-20T18:54:19Z</time>
   </trkpt>
   <trkpt lat="37.7641130" lon="-122.4102450">
    <ele>18.3</ele>
    <time>2026-09-20T18:54:20Z</time>
   </trkpt>
   <trkpt lat="37.7641180" lon="-122.4102470">
    <ele>18.3</ele>
    <time>2026-09-20T18:54:21Z</time>
   </trkpt>
   <trkpt lat="37.7641400" lon="-122.4102510">
    <ele>18.4</ele>
    <time>2026-09-20T18:54:22Z</time>
   </trkpt>
   <trkpt lat="37.7641530" lon="-122.4102520">
    <ele>18.5</ele>
    <time>2026-09-20T18:54:23Z</time>
   </trkpt>
   <trkpt lat="37.7641610" lon="-122.4102530">
    <ele>18.5</ele>
    <time>2026-09-20T18:54:24Z</time>
   </trkpt>
   <trkpt lat="37.7641680" lon="-122.4102570">
    <ele>18.5</ele>
    <time>2026-09-20T18:54:25Z</time>
   </trkpt>
   <trkpt lat="37.7641740" lon="-122.4102570">
    <ele>18.6</ele>
    <time>2026-09-20T18:54:26Z</time>
   </trkpt>
   <trkpt lat="37.7641810" lon="-122.4102610">
    <ele>18.6</ele>
    <time>2026-09-20T18:54:27Z</time>
   </trkpt>
   <trkpt lat="37.7641950" lon="-122.4102620">
    <ele>18.6</ele>
    <time>2026-09-20T18:54:28Z</time>
   </trkpt>
   <trkpt lat="37.7642070" lon="-122.4102650">
    <ele>18.7</ele>
    <time>2026-09-20T18:54:29Z</time>
   </trkpt>
   <trkpt lat="37.7642200" lon="-122.4102650">
    <ele>18.7</ele>
    <time>2026-09-20T18:54:30Z</time>
   </trkpt>
   <trkpt lat="37.7642310" lon="-122.4102660">
    <ele>18.8</ele>
    <time>2026-09-20T18:54:31Z</time>
   </trkpt>
   <trkpt lat="37.7642380" lon="-122.4102620">
    <ele>18.8</ele>
    <time>2026-09-20T18:54:32Z</time>
   </trkpt>
   <trkpt lat="37.7642510" lon="-122.4102610">
    <ele>18.8</ele>
    <time>2026-09-20T18:54:33Z</time>
   </trkpt>
   <trkpt lat="37.7642730" lon="-122.4102600">
    <ele>18.9</ele>
    <time>2026-09-20T18:54:34Z</time>
   </trkpt>
   <trkpt lat="37.7642910" lon="-122.4102570">
    <ele>18.9</ele>
    <time>2026-09-20T18:54:35Z</time>
   </trkpt>
   <trkpt lat="37.7643000" lon="-122.4102610">
    <ele>18.9</ele>
    <time>2026-09-20T18:54:36Z</time>
   </trkpt>
   <trkpt lat="37.7643130" lon="-122.4102620">
    <ele>19.0</ele>
    <time>2026-09-20T18:54:37Z</time>
   </trkpt>
   <trkpt lat="37.7643270" lon="-122.4102650">
    <ele>19.0</ele>
    <time>2026-09-20T18:54:38Z</time>
   </trkpt>
   <trkpt lat="37.7643410" lon="-122.4102650">
    <ele>19.0</ele>
    <time>2026-09-20T18:54:39Z</time>
   </trkpt>
   <trkpt lat="37.7643540" lon="-122.4102640">
    <ele>19.0</ele>
    <time>2026-09-20T18:54:40Z</time>
   </trkpt>
   <trkpt lat="37.7643690" lon="-122.4102630">
    <ele>19.0</ele>
    <time>2026-09-20T18:54:41Z</time>
   </trkpt>
   <trkpt lat="37.7643790" lon="-122.4102620">
    <ele>19.0</ele>
    <time>2026-09-20T18:54:42Z</time>
   </trkpt>
   <trkpt lat="37.7643870" lon="-122.4102610">
    <ele>19.1</ele>
    <time>2026-09-20T18:54:43Z</time>
   </trkpt>
   <trkpt lat="37.7643980" lon="-122.4102580">
    <ele>19.1</ele>
    <time>2026-09-20T18:54:44Z</time>
   </trkpt>
   <trkpt lat="37.7644120" lon="-122.4102490">
    <ele>19.1</ele>
    <time>2026-09-20T18:54:45Z</time>
   </trkpt>
   <trkpt lat="37.7644250" lon="-122.4102380">
    <ele>19.1</ele>
    <time>2026-09-20T18:54:46Z</time>
   </trkpt>
   <trkpt lat="37.7644290" lon="-122.4102340">
    <ele>19.1</ele>
    <time>2026-09-20T18:54:47Z</time>
   </trkpt>
   <trkpt lat="37.7644340" lon="-122.4102310">
    <ele>19.1</ele>
    <time>2026-09-20T18:54:48Z</time>
   </trkpt>
   <trkpt lat="37.7644380" lon="-122.4102270">
    <ele>19.1</ele>
    <time>2026-09-20T18:54:49Z</time>
   </trkpt>
   <trkpt lat="37.7644400" lon="-122.4102260">
    <ele>19.1</ele>
    <time>2026-09-20T18:54:50Z</time>
   </trkpt>
   <trkpt lat="37.7644450" lon="-122.4102240">
    <ele>19.1</ele>
    <time>2026-09-20T18:54:51Z</time>
   </trkpt>
   <trkpt lat="37.7644510" lon="-122.4102170">
    <ele>19.1</ele>
    <time>2026-09-20T18:54:52Z</time>
   </trkpt>
   <trkpt lat="37.7644510" lon="-122.4102180">
    <ele>19.1</ele>
    <time>2026-09-20T18:54:53Z</time>
   </trkpt>
   <trkpt lat="37.7644550" lon="-122.4102150">
    <ele>19.1</ele>
    <time>2026-09-20T18:54:54Z</time>
   </trkpt>
   <trkpt lat="37.7644570" lon="-122.4102120">
    <ele>19.1</ele>
    <time>2026-09-20T18:54:55Z</time>
   </trkpt>
   <trkpt lat="37.7644580" lon="-122.4102090">
    <ele>19.1</ele>
    <time>2026-09-20T18:54:56Z</time>
   </trkpt>
   <trkpt lat="37.7644640" lon="-122.4102030">
    <ele>19.1</ele>
    <time>2026-09-20T18:54:57Z</time>
   </trkpt>
   <trkpt lat="37.7644690" lon="-122.4101920">
    <ele>19.2</ele>
    <time>2026-09-20T18:54:58Z</time>
   </trkpt>
   <trkpt lat="37.7644730" lon="-122.4101770">
    <ele>19.2</ele>
    <time>2026-09-20T18:54:59Z</time>
   </trkpt>
   <trkpt lat="37.7644770" lon="-122.4101690">
    <ele>19.2</ele>
    <time>2026-09-20T18:55:00Z</time>
   </trkpt>
   <trkpt lat="37.7644780" lon="-122.4101600">
    <ele>19.2</ele>
    <time>2026-09-20T18:55:01Z</time>
   </trkpt>
   <trkpt lat="37.7644810" lon="-122.4101450">
    <ele>19.2</ele>
    <time>2026-09-20T18:55:02Z</time>
   </trkpt>
   <trkpt lat="37.7644800" lon="-122.4101400">
    <ele>19.2</ele>
    <time>2026-09-20T18:55:03Z</time>
   </trkpt>
   <trkpt lat="37.7644820" lon="-122.4101260">
    <ele>19.3</ele>
    <time>2026-09-20T18:55:04Z</time>
   </trkpt>
   <trkpt lat="37.7644830" lon="-122.4101170">
    <ele>19.3</ele>
    <time>2026-09-20T18:55:05Z</time>
   </trkpt>
   <trkpt lat="37.7644850" lon="-122.4101070">
    <ele>19.3</ele>
    <time>2026-09-20T18:55:06Z</time>
   </trkpt>
   <trkpt lat="37.7644880" lon="-122.4100960">
    <ele>19.3</ele>
    <time>2026-09-20T18:55:07Z</time>
   </trkpt>
   <trkpt lat="37.7644890" lon="-122.4100830">
    <ele>19.4</ele>
    <time>2026-09-20T18:55:08Z</time>
   </trkpt>
   <trkpt lat="37.7644890" lon="-122.4100730">
    <ele>19.4</ele>
    <time>2026-09-20T18:55:09Z</time>
   </trkpt>
   <trkpt lat="37.7644910" lon="-122.4100660">
    <ele>19.5</ele>
    <time>2026-09-20T18:55:10Z</time>
   </trkpt>
   <trkpt lat="37.7644940" lon="-122.4100550">
    <ele>19.5</ele>
    <time>2026-09-20T18:55:11Z</time>
   </trkpt>
   <trkpt lat="37.7644960" lon="-122.4100430">
    <ele>19.6</ele>
    <time>2026-09-20T18:55:12Z</time>
   </trkpt>
   <trkpt lat="37.7644950" lon="-122.4100420">
    <ele>19.6</ele>
    <time>2026-09-20T18:55:13Z</time>
   </trkpt>
   <trkpt lat="37.7644970" lon="-122.4100360">
    <ele>19.6</ele>
    <time>2026-09-20T18:55:14Z</time>
   </trkpt>
   <trkpt lat="37.7644990" lon="-122.4100280">
    <ele>19.6</ele>
    <time>2026-09-20T18:55:15Z</time>
   </trkpt>
   <trkpt lat="37.7645020" lon="-122.4100180">
    <ele>19.7</ele>
    <time>2026-09-20T18:55:16Z</time>
   </trkpt>
   <trkpt lat="37.7645070" lon="-122.4100170">
    <ele>19.7</ele>
    <time>2026-09-20T18:55:17Z</time>
   </trkpt>
   <trkpt lat="37.7645160" lon="-122.4100150">
    <ele>19.7</ele>
    <time>2026-09-20T18:55:18Z</time>
   </trkpt>
   <trkpt lat="37.7645250" lon="-122.4100190">
    <ele>19.7</ele>
    <time>2026-09-20T18:55:19Z</time>
   </trkpt>
   <trkpt lat="37.7645350" lon="-122.4100270">
    <ele>19.8</ele>
    <time>2026-09-20T18:55:20Z</time>
   </trkpt>
   <trkpt lat="37.7645420" lon="-122.4100390">
    <ele>19.8</ele>
    <time>2026-09-20T18:55:21Z</time>
   </trkpt>
   <trkpt lat="37.7645460" lon="-122.4100490">
    <ele>19.8</ele>
    <time>2026-09-20T18:55:22Z</time>
   </trkpt>
   <trkpt lat="37.7645490" lon="-122.4100610">
    <ele>19.8</ele>
    <time>2026-09-20T18:55:23Z</time>
   </trkpt>
   <trkpt lat="37.7645500" lon="-122.4100720">
    <ele>19.9</ele>
    <time>2026-09-20T18:55:24Z</time>
   </trkpt>
   <trkpt lat="37.7643910" lon="-122.4102700">
    <ele>19.1</ele>
    <time>2026-09-20T19:38:21Z</time>
   </trkpt>
   <trkpt lat="37.7643860" lon="-122.4102630">
    <ele>19.1</ele>
    <time>2026-09-20T19:38:22Z</time>
   </trkpt>
   <trkpt lat="37.7643790" lon="-122.4102620">
    <ele>19.1</ele>
    <time>2026-09-20T19:38:23Z</time>
   </trkpt>
   <trkpt lat="37.7643590" lon="-122.4102610">
    <ele>19.0</ele>
    <time>2026-09-20T19:38:24Z</time>
   </trkpt>
   <trkpt lat="37.7643290" lon="-122.4102580">
    <ele>19.0</ele>
    <time>2026-09-20T19:38:25Z</time>
   </trkpt>
   <trkpt lat="37.7643000" lon="-122.4102590">
    <ele>18.9</ele>
    <time>2026-09-20T19:38:26Z</time>
   </trkpt>
   <trkpt lat="37.7642840" lon="-122.4102570">
    <ele>18.9</ele>
    <time>2026-09-20T19:38:27Z</time>
   </trkpt>
   <trkpt lat="37.7642590" lon="-122.4102510">
    <ele>18.9</ele>
    <time>2026-09-20T19:38:28Z</time>
   </trkpt>
   <trkpt lat="37.7642320" lon="-122.4102530">
    <ele>18.8</ele>
    <time>2026-09-20T19:38:29Z</time>
   </trkpt>
   <trkpt lat="37.7642110" lon="-122.4102560">
    <ele>18.7</ele>
    <time>2026-09-20T19:38:30Z</time>
   </trkpt>
   <trkpt lat="37.7641900" lon="-122.4102450">
    <ele>18.6</ele>
    <time>2026-09-20T19:38:31Z</time>
   </trkpt>
   <trkpt lat="37.7641710" lon="-122.4102460">
    <ele>18.5</ele>
    <time>2026-09-20T19:38:32Z</time>
   </trkpt>
   <trkpt lat="37.7641550" lon="-122.4102400">
    <ele>18.5</ele>
    <time>2026-09-20T19:38:33Z</time>
   </trkpt>
   <trkpt lat="37.7641400" lon="-122.4102410">
    <ele>18.4</ele>
    <time>2026-09-20T19:38:34Z</time>
   </trkpt>
   <trkpt lat="37.7641170" lon="-122.4102370">
    <ele>18.3</ele>
    <time>2026-09-20T19:38:35Z</time>
   </trkpt>
   <trkpt lat="37.7640960" lon="-122.4102330">
    <ele>18.3</ele>
    <time>2026-09-20T19:38:36Z</time>
   </trkpt>
   <trkpt lat="37.7640660" lon="-122.4102360">
    <ele>18.1</ele>
    <time>2026-09-20T19:38:37Z</time>
   </trkpt>
   <trkpt lat="37.7640380" lon="-122.4102310">
    <ele>18.0</ele>
    <time>2026-09-20T19:38:38Z</time>
   </trkpt>
   <trkpt lat="37.7640100" lon="-122.4102280">
    <ele>17.9</ele>
    <time>2026-09-20T19:38:39Z</time>
   </trkpt>
   <trkpt lat="37.7639830" lon="-122.4102270">
    <ele>17.8</ele>
    <time>2026-09-20T19:38:40Z</time>
   </trkpt>
   <trkpt lat="37.7639550" lon="-122.4102310">
    <ele>17.7</ele>
    <time>2026-09-20T19:38:41Z</time>
   </trkpt>
   <trkpt lat="37.7639300" lon="-122.4102300">
    <ele>17.6</ele>
    <time>2026-09-20T19:38:42Z</time>
   </trkpt>
   <trkpt lat="37.7639200" lon="-122.4102130">
    <ele>17.6</ele>
    <time>2026-09-20T19:38:43Z</time>
   </trkpt>
   <trkpt lat="37.7638800" lon="-122.4102040">
    <ele>17.4</ele>
    <time>2026-09-20T19:38:44Z</time>
   </trkpt>
   <trkpt lat="37.7638590" lon="-122.4102000">
    <ele>17.3</ele>
    <time>2026-09-20T19:38:45Z</time>
   </trkpt>
   <trkpt lat="37.7638510" lon="-122.4101910">
    <ele>17.3</ele>
    <time>2026-09-20T19:38:46Z</time>
   </trkpt>
   <trkpt lat="37.7638280" lon="-122.4101920">
    <ele>17.2</ele>
    <time>2026-09-20T19:38:47Z</time>
   </trkpt>
   <trkpt lat="37.7638000" lon="-122.4101860">
    <ele>17.1</ele>
    <time>2026-09-20T19:38:48Z</time>
   </trkpt>
   <trkpt lat="37.7637780" lon="-122.4101860">
    <ele>17.0</ele>
    <time>2026-09-20T19:38:49Z</time>
   </trkpt>
   <trkpt lat="37.7637510" lon="-122.4101790">
    <ele>16.9</ele>
    <time>2026-09-20T19:38:50Z</time>
   </trkpt>
   <trkpt lat="37.7637340" lon="-122.4101700">
    <ele>16.8</ele>
    <time>2026-09-20T19:38:51Z</time>
   </trkpt>
   <trkpt lat="37.7637070" lon="-122.4101680">
    <ele>16.7</ele>
    <time>2026-09-20T19:38:52Z</time>
   </trkpt>
   <trkpt lat="37.7636780" lon="-122.4101730">
    <ele>16.6</ele>
    <time>2026-09-20T19:38:53Z</time>
   </trkpt>
   <trkpt lat="37.7636560" lon="-122.4101760">
    <ele>16.5</ele>
    <time>2026-09-20T19:38:54Z</time>
   </trkpt>
   <trkpt lat="37.7636350" lon="-122.4101670">
    <ele>16.4</ele>
    <time>2026-09-20T19:38:55Z</time>
   </trkpt>
   <trkpt lat="37.7636240" lon="-122.4101580">
    <ele>16.4</ele>
    <time>2026-09-20T19:38:56Z</time>
   </trkpt>
   <trkpt lat="37.7636000" lon="-122.4101410">
    <ele>16.3</ele>
    <time>2026-09-20T19:38:57Z</time>
   </trkpt>
   <trkpt lat="37.7635820" lon="-122.4101360">
    <ele>16.2</ele>
    <time>2026-09-20T19:38:58Z</time>
   </trkpt>
   <trkpt lat="37.7635560" lon="-122.4101430">
    <ele>16.1</ele>
    <time>2026-09-20T19:38:59Z</time>
   </trkpt>
   <trkpt lat="37.7635190" lon="-122.4101540">
    <ele>16.0</ele>
    <time>2026-09-20T19:39:00Z</time>
   </trkpt>
   <trkpt lat="37.7634820" lon="-122.4101640">
    <ele>15.9</ele>
    <time>2026-09-20T19:39:01Z</time>
   </trkpt>
   <trkpt lat="37.7634500" lon="-122.4101590">
    <ele>15.8</ele>
    <time>2026-09-20T19:39:02Z</time>
   </trkpt>
   <trkpt lat="37.7634230" lon="-122.4101710">
    <ele>15.7</ele>
    <time>2026-09-20T19:39:03Z</time>
   </trkpt>
   <trkpt lat="37.7633900" lon="-122.4101720">
    <ele>15.6</ele>
    <time>2026-09-20T19:39:04Z</time>
   </trkpt>
   <trkpt lat="37.7633560" lon="-122.4101730">
    <ele>15.5</ele>
    <time>2026-09-20T19:39:05Z</time>
   </trkpt>
   <trkpt lat="37.7633380" lon="-122.4101680">
    <ele>15.5</ele>
    <time>2026-09-20T19:39:06Z</time>
   </trkpt>
   <trkpt lat="37.7633130" lon="-122.4101680">
    <ele>15.4</ele>
    <time>2026-09-20T19:39:07Z</time>
   </trkpt>
   <trkpt lat="37.7632910" lon="-122.4101590">
    <ele>15.3</ele>
    <time>2026-09-20T19:39:08Z</time>
   </trkpt>
   <trkpt lat="37.7632700" lon="-122.4101620">
    <ele>15.3</ele>
    <time>2026-09-20T19:39:09Z</time>
   </trkpt>
   <trkpt lat="37.7632400" lon="-122.4101520">
    <ele>15.2</ele>
    <time>2026-09-20T19:39:10Z</time>
   </trkpt>
   <trkpt lat="37.7632140" lon="-122.4101500">
    <ele>15.1</ele>
    <time>2026-09-20T19:39:11Z</time>
   </trkpt>
   <trkpt lat="37.7631890" lon="-122.4101410">
    <ele>15.1</ele>
    <time>2026-09-20T19:39:12Z</time>
   </trkpt>
   <trkpt lat="37.7631670" lon="-122.4101400">
    <ele>15.0</ele>
    <time>2026-09-20T19:39:13Z</time>
   </trkpt>
   <trkpt lat="37.7631480" lon="-122.4101410">
    <ele>15.0</ele>
    <time>2026-09-20T19:39:14Z</time>
   </trkpt>
   <trkpt lat="37.7631220" lon="-122.4101350">
    <ele>14.9</ele>
    <time>2026-09-20T19:39:15Z</time>
   </trkpt>
   <trkpt lat="37.7631040" lon="-122.4101260">
    <ele>14.9</ele>
    <time>2026-09-20T19:39:16Z</time>
   </trkpt>
   <trkpt lat="37.7630790" lon="-122.4101140">
    <ele>14.9</ele>
    <time>2026-09-20T19:39:17Z</time>
   </trkpt>
   <trkpt lat="37.7630520" lon="-122.4101210">
    <ele>14.8</ele>
    <time>2026-09-20T19:39:18Z</time>
   </trkpt>
   <trkpt lat="37.7630250" lon="-122.4101210">
    <ele>14.8</ele>
    <time>2026-09-20T19:39:19Z</time>
   </trkpt>
   <trkpt lat="37.7630110" lon="-122.4101210">
    <ele>14.7</ele>
    <time>2026-09-20T19:39:20Z</time>
   </trkpt>
   <trkpt lat="37.7629920" lon="-122.4101130">
    <ele>14.7</ele>
    <time>2026-09-20T19:39:21Z</time>
   </trkpt>
   <trkpt lat="37.7629450" lon="-122.4101160">
    <ele>14.5</ele>
    <time>2026-09-20T19:39:22Z</time>
   </trkpt>
   <trkpt lat="37.7629200" lon="-122.4101200">
    <ele>14.5</ele>
    <time>2026-09-20T19:39:23Z</time>
   </trkpt>
   <trkpt lat="37.7628960" lon="-122.4101250">
    <ele>14.4</ele>
    <time>2026-09-20T19:39:24Z</time>
   </trkpt>
   <trkpt lat="37.7628740" lon="-122.4101160">
    <ele>14.3</ele>
    <time>2026-09-20T19:39:25Z</time>
   </trkpt>
   <trkpt lat="37.7628430" lon="-122.4101160">
    <ele>14.2</ele>
    <time>2026-09-20T19:39:26Z</time>
   </trkpt>
   <trkpt lat="37.7628190" lon="-122.4101150">
    <ele>14.1</ele>
    <time>2026-09-20T19:39:27Z</time>
   </trkpt>
   <trkpt lat="37.7627930" lon="-122.4101160">
    <ele>14.0</ele>
    <time>2026-09-20T19:39:28Z</time>
   </trkpt>
   <trkpt lat="37.7627710" lon="-122.4101050">
    <ele>13.9</ele>
    <time>2026-09-20T19:39:29Z</time>
   </trkpt>
   <trkpt lat="37.7627410" lon="-122.4101160">
    <ele>13.8</ele>
    <time>2026-09-20T19:39:30Z</time>
   </trkpt>
   <trkpt lat="37.7627140" lon="-122.4101220">
    <ele>13.7</ele>
    <time>2026-09-20T19:39:31Z</time>
   </trkpt>
   <trkpt lat="37.7626850" lon="-122.4101340">
    <ele>13.6</ele>
    <time>2026-09-20T19:39:32Z</time>
   </trkpt>
   <trkpt lat="37.7626540" lon="-122.4101460">
    <ele>13.5</ele>
    <time>2026-09-20T19:39:33Z</time>
   </trkpt>
   <trkpt lat="37.7626280" lon="-122.4101420">
    <ele>13.4</ele>
    <time>2026-09-20T19:39:34Z</time>
   </trkpt>
   <trkpt lat="37.7626030" lon="-122.4101260">
    <ele>13.3</ele>
    <time>2026-09-20T19:39:35Z</time>
   </trkpt>
   <trkpt lat="37.7625730" lon="-122.4101180">
    <ele>13.2</ele>
    <time>2026-09-20T19:39:36Z</time>
   </trkpt>
   <trkpt lat="37.7625470" lon="-122.4101060">
    <ele>13.1</ele>
    <time>2026-09-20T19:39:37Z</time>
   </trkpt>
   <trkpt lat="37.7625280" lon="-122.4101060">
    <ele>13.0</ele>
    <time>2026-09-20T19:39:38Z</time>
   </trkpt>
   <trkpt lat="37.7624990" lon="-122.4100970">
    <ele>12.9</ele>
    <time>2026-09-20T19:39:39Z</time>
   </trkpt>
   <trkpt lat="37.7624750" lon="-122.4100790">
    <ele>12.8</ele>
    <time>2026-09-20T19:39:40Z</time>
   </trkpt>
   <trkpt lat="37.7624460" lon="-122.4100650">
    <ele>12.7</ele>
    <time>2026-09-20T19:39:41Z</time>
   </trkpt>
   <trkpt lat="37.7624160" lon="-122.4100980">
    <ele>12.5</ele>
    <time>2026-09-20T19:39:42Z</time>
   </trkpt>
   <trkpt lat="37.7623840" lon="-122.4100980">
    <ele>12.4</ele>
    <time>2026-09-20T19:39:43Z</time>
   </trkpt>
   <trkpt lat="37.7623620" lon="-122.4100890">
    <ele>12.3</ele>
    <time>2026-09-20T19:39:44Z</time>
   </trkpt>
   <trkpt lat="37.7623310" lon="-122.4100810">
    <ele>12.2</ele>
    <time>2026-09-20T19:39:45Z</time>
   </trkpt>
   <trkpt lat="37.7623050" lon="-122.4100820">
    <ele>12.2</ele>
    <time>2026-09-20T19:39:46Z</time>
   </trkpt>
   <trkpt lat="37.7622750" lon="-122.4100750">
    <ele>12.1</ele>
    <time>2026-09-20T19:39:47Z</time>
   </trkpt>
   <trkpt lat="37.7622480" lon="-122.4100740">
    <ele>12.0</ele>
    <time>2026-09-20T19:39:48Z</time>
   </trkpt>
   <trkpt lat="37.7622260" lon="-122.4100650">
    <ele>11.9</ele>
    <time>2026-09-20T19:39:49Z</time>
   </trkpt>
   <trkpt lat="37.7621990" lon="-122.4100680">
    <ele>11.8</ele>
    <time>2026-09-20T19:39:50Z</time>
   </trkpt>
   <trkpt lat="37.7621740" lon="-122.4100620">
    <ele>11.8</ele>
    <time>2026-09-20T19:39:51Z</time>
   </trkpt>
   <trkpt lat="37.7621500" lon="-122.4100530">
    <ele>11.7</ele>
    <time>2026-09-20T19:39:52Z</time>
   </trkpt>
   <trkpt lat="37.7621210" lon="-122.4100520">
    <ele>11.6</ele>
    <time>2026-09-20T19:39:53Z</time>
   </trkpt>
   <trkpt lat="37.7620980" lon="-122.4100540">
    <ele>11.5</ele>
    <time>2026-09-20T19:39:54Z</time>
   </trkpt>
   <trkpt lat="37.7620760" lon="-122.4100560">
    <ele>11.4</ele>
    <time>2026-09-20T19:39:55Z</time>
   </trkpt>
   <trkpt lat="37.7620480" lon="-122.4100530">
    <ele>11.3</ele>
    <time>2026-09-20T19:39:56Z</time>
   </trkpt>
   <trkpt lat="37.7620250" lon="-122.4100530">
    <ele>11.3</ele>
    <time>2026-09-20T19:39:57Z</time>
   </trkpt>
   <trkpt lat="37.7620010" lon="-122.4100500">
    <ele>11.2</ele>
    <time>2026-09-20T19:39:58Z</time>
   </trkpt>
   <trkpt lat="37.7619800" lon="-122.4100430">
    <ele>11.2</ele>
    <time>2026-09-20T19:39:59Z</time>
   </trkpt>
   <trkpt lat="37.7619540" lon="-122.4100290">
    <ele>11.1</ele>
    <time>2026-09-20T19:40:00Z</time>
   </trkpt>
   <trkpt lat="37.7619230" lon="-122.4100330">
    <ele>11.0</ele>
    <time>2026-09-20T19:40:01Z</time>
   </trkpt>
   <trkpt lat="37.7618930" lon="-122.4100200">
    <ele>11.0</ele>
    <time>2026-09-20T19:40:02Z</time>
   </trkpt>
   <trkpt lat="37.7618630" lon="-122.4100170">
    <ele>10.9</ele>
    <time>2026-09-20T19:40:03Z</time>
   </trkpt>
   <trkpt lat="37.7618450" lon="-122.4100180">
    <ele>10.9</ele>
    <time>2026-09-20T19:40:04Z</time>
   </trkpt>
   <trkpt lat="37.7618220" lon="-122.4100120">
    <ele>10.9</ele>
    <time>2026-09-20T19:40:05Z</time>
   </trkpt>
   <trkpt lat="37.7617980" lon="-122.4100150">
    <ele>10.8</ele>
    <time>2026-09-20T19:40:06Z</time>
   </trkpt>
   <trkpt lat="37.7617710" lon="-122.4100080">
    <ele>10.8</ele>
    <time>2026-09-20T19:40:07Z</time>
   </trkpt>
   <trkpt lat="37.7617480" lon="-122.4100140">
    <ele>10.8</ele>
    <time>2026-09-20T19:40:08Z</time>
   </trkpt>
   <trkpt lat="37.7617250" lon="-122.4100170">
    <ele>10.8</ele>
    <time>2026-09-20T19:40:09Z</time>
   </trkpt>
   <trkpt lat="37.7616990" lon="-122.4100210">
    <ele>10.8</ele>
    <time>2026-09-20T19:40:10Z</time>
   </trkpt>
   <trkpt lat="37.7616770" lon="-122.4100170">
    <ele>10.8</ele>
    <time>2026-09-20T19:40:11Z</time>
   </trkpt>
   <trkpt lat="37.7616580" lon="-122.4100220">
    <ele>10.8</ele>
    <time>2026-09-20T19:40:12Z</time>
   </trkpt>
   <trkpt lat="37.7616260" lon="-122.4100210">
    <ele>10.8</ele>
    <time>2026-09-20T19:40:13Z</time>
   </trkpt>
   <trkpt lat="37.7616080" lon="-122.4100130">
    <ele>10.9</ele>
    <time>2026-09-20T19:40:14Z</time>
   </trkpt>
   <trkpt lat="37.7615850" lon="-122.4100140">
    <ele>10.9</ele>
    <time>2026-09-20T19:40:15Z</time>
   </trkpt>
   <trkpt lat="37.7615690" lon="-122.4100070">
    <ele>10.9</ele>
    <time>2026-09-20T19:40:16Z</time>
   </trkpt>
   <trkpt lat="37.7615560" lon="-122.4099900">
    <ele>10.9</ele>
    <time>2026-09-20T19:40:17Z</time>
   </trkpt>
   <trkpt lat="37.7615230" lon="-122.4099900">
    <ele>10.9</ele>
    <time>2026-09-20T19:40:18Z</time>
   </trkpt>
   <trkpt lat="37.7614980" lon="-122.4099950">
    <ele>10.9</ele>
    <time>2026-09-20T19:40:19Z</time>
   </trkpt>
   <trkpt lat="37.7614770" lon="-122.4099900">
    <ele>10.9</ele>
    <time>2026-09-20T19:40:20Z</time>
   </trkpt>
   <trkpt lat="37.7614520" lon="-122.4099860">
    <ele>11.0</ele>
    <time>2026-09-20T19:40:21Z</time>
   </trkpt>
   <trkpt lat="37.7614300" lon="-122.4099680">
    <ele>11.0</ele>
    <time>2026-09-20T19:40:22Z</time>
   </trkpt>
   <trkpt lat="37.7614110" lon="-122.4099630">
    <ele>11.0</ele>
    <time>2026-09-20T19:40:23Z</time>
   </trkpt>
   <trkpt lat="37.7613820" lon="-122.4099700">
    <ele>11.0</ele>
    <time>2026-09-20T19:40:24Z</time>
   </trkpt>
   <trkpt lat="37.7613650" lon="-122.4099690">
    <ele>11.0</ele>
    <time>2026-09-20T19:40:25Z</time>
   </trkpt>
   <trkpt lat="37.7613400" lon="-122.4099650">
    <ele>11.0</ele>
    <time>2026-09-20T19:40:26Z</time>
   </trkpt>
   <trkpt lat="37.7613190" lon="-122.4099620">
    <ele>11.0</ele>
    <time>2026-09-20T19:40:27Z</time>
   </trkpt>
   <trkpt lat="37.7612920" lon="-122.4099600">
    <ele>11.0</ele>
    <time>2026-09-20T19:40:28Z</time>
   </trkpt>
   <trkpt lat="37.7612750" lon="-122.4099550">
    <ele>11.0</ele>
    <time>2026-09-20T19:40:29Z</time>
   </trkpt>
   <trkpt lat="37.7612560" lon="-122.4099460">
    <ele>11.0</ele>
    <time>2026-09-20T19:40:30Z</time>
   </trkpt>
   <trkpt lat="37.7612370" lon="-122.4099460">
    <ele>11.1</ele>
    <time>2026-09-20T19:40:31Z</time>
   </trkpt>
   <trkpt lat="37.7612200" lon="-122.4099370">
    <ele>11.1</ele>
    <time>2026-09-20T19:40:32Z</time>
   </trkpt>
   <trkpt lat="37.7611990" lon="-122.4099420">
    <ele>11.1</ele>
    <time>2026-09-20T19:40:33Z</time>
   </trkpt>
   <trkpt lat="37.7611810" lon="-122.4099280">
    <ele>11.1</ele>
    <time>2026-09-20T19:40:34Z</time>
   </trkpt>
   <trkpt lat="37.7611620" lon="-122.4099300">
    <ele>11.1</ele>
    <time>2026-09-20T19:40:35Z</time>
   </trkpt>
   <trkpt lat="37.7611440" lon="-122.4099290">
    <ele>11.1</ele>
    <time>2026-09-20T19:40:36Z</time>
   </trkpt>
   <trkpt lat="37.7611210" lon="-122.4099290">
    <ele>11.2</ele>
    <time>2026-09-20T19:40:37Z</time>
   </trkpt>
   <trkpt lat="37.7610980" lon="-122.4099210">
    <ele>11.2</ele>
    <time>2026-09-20T19:40:38Z</time>
   </trkpt>
   <trkpt lat="37.7610780" lon="-122.4099120">
    <ele>11.2</ele>
    <time>2026-09-20T19:40:39Z</time>
   </trkpt>
   <trkpt lat="37.7610580" lon="-122.4099050">
    <ele>11.2</ele>
    <time>2026-09-20T19:40:40Z</time>
   </trkpt>
   <trkpt lat="37.7610320" lon="-122.4099140">
    <ele>11.2</ele>
    <time>2026-09-20T19:40:41Z</time>
   </trkpt>
   <trkpt lat="37.7610180" lon="-122.4099150">
    <ele>11.2</ele>
    <time>2026-09-20T19:40:42Z</time>
   </trkpt>
   <trkpt lat="37.7609890" lon="-122.4099300">
    <ele>11.3</ele>
    <time>2026-09-20T19:40:43Z</time>
   </trkpt>
   <trkpt lat="37.7609610" lon="-122.4099350">
    <ele>11.3</ele>
    <time>2026-09-20T19:40:44Z</time>
   </trkpt>
   <trkpt lat="37.7609270" lon="-122.4099400">
    <ele>11.3</ele>
    <time>2026-09-20T19:40:45Z</time>
   </trkpt>
   <trkpt lat="37.7608980" lon="-122.4099410">
    <ele>11.3</ele>
    <time>2026-09-20T19:40:46Z</time>
   </trkpt>
   <trkpt lat="37.7608670" lon="-122.4099410">
    <ele>11.4</ele>
    <time>2026-09-20T19:40:47Z</time>
   </trkpt>
   <trkpt lat="37.7608420" lon="-122.4099280">
    <ele>11.4</ele>
    <time>2026-09-20T19:40:48Z</time>
   </trkpt>
   <trkpt lat="37.7608130" lon="-122.4099230">
    <ele>11.4</ele>
    <time>2026-09-20T19:40:49Z</time>
   </trkpt>
   <trkpt lat="37.7607870" lon="-122.4099080">
    <ele>11.4</ele>
    <time>2026-09-20T19:40:50Z</time>
   </trkpt>
   <trkpt lat="37.7607640" lon="-122.4098930">
    <ele>11.4</ele>
    <time>2026-09-20T19:40:51Z</time>
   </trkpt>
   <trkpt lat="37.7607430" lon="-122.4098820">
    <ele>11.4</ele>
    <time>2026-09-20T19:40:52Z</time>
   </trkpt>
   <trkpt lat="37.7607140" lon="-122.4098690">
    <ele>11.5</ele>
    <time>2026-09-20T19:40:53Z</time>
   </trkpt>
   <trkpt lat="37.7606960" lon="-122.4098670">
    <ele>11.5</ele>
    <time>2026-09-20T19:40:54Z</time>
   </trkpt>
   <trkpt lat="37.7606680" lon="-122.4098680">
    <ele>11.5</ele>
    <time>2026-09-20T19:40:55Z</time>
   </trkpt>
   <trkpt lat="37.7606430" lon="-122.4098650">
    <ele>11.5</ele>
    <time>2026-09-20T19:40:56Z</time>
   </trkpt>
   <trkpt lat="37.7606170" lon="-122.4098590">
    <ele>11.5</ele>
    <time>2026-09-20T19:40:57Z</time>
   </trkpt>
   <trkpt lat="37.7605860" lon="-122.4098480">
    <ele>11.5</ele>
    <time>2026-09-20T19:40:58Z</time>
   </trkpt>
   <trkpt lat="37.7605640" lon="-122.4098600">
    <ele>11.5</ele>
    <time>2026-09-20T19:40:59Z</time>
   </trkpt>
   <trkpt lat="37.7605310" lon="-122.4098570">
    <ele>11.5</ele>
    <time>2026-09-20T19:41:00Z</time>
   </trkpt>
   <trkpt lat="37.7605110" lon="-122.4098640">
    <ele>11.5</ele>
    <time>2026-09-20T19:41:01Z</time>
   </trkpt>
   <trkpt lat="37.7604780" lon="-122.4098680">
    <ele>11.5</ele>
    <time>2026-09-20T19:41:02Z</time>
   </trkpt>
   <trkpt lat="37.7604500" lon="-122.4098670">
    <ele>11.5</ele>
    <time>2026-09-20T19:41:03Z</time>
   </trkpt>
   <trkpt lat="37.7604350" lon="-122.4098750">
    <ele>11.5</ele>
    <time>2026-09-20T19:41:04Z</time>
   </trkpt>
   <trkpt lat="37.7604260" lon="-122.4098740">
    <ele>11.5</ele>
    <time>2026-09-20T19:41:05Z</time>
   </trkpt>
   <trkpt lat="37.7604050" lon="-122.4098750">
    <ele>11.5</ele>
    <time>2026-09-20T19:41:06Z</time>
   </trkpt>
   <trkpt lat="37.7603720" lon="-122.4098790">
    <ele>11.5</ele>
    <time>2026-09-20T19:41:07Z</time>
   </trkpt>
   <trkpt lat="37.7603470" lon="-122.4098780">
    <ele>11.5</ele>
    <time>2026-09-20T19:41:08Z</time>
   </trkpt>
   <trkpt lat="37.7603270" lon="-122.4098720">
    <ele>11.5</ele>
    <time>2026-09-20T19:41:09Z</time>
   </trkpt>
   <trkpt lat="37.7603010" lon="-122.4098810">
    <ele>11.4</ele>
    <time>2026-09-20T19:41:10Z</time>
   </trkpt>
   <trkpt lat="37.7602640" lon="-122.4098880">
    <ele>11.4</ele>
    <time>2026-09-20T19:41:11Z</time>
   </trkpt>
   <trkpt lat="37.7602350" lon="-122.4098870">
    <ele>11.4</ele>
    <time>2026-09-20T19:41:12Z</time>
   </trkpt>
   <trkpt lat="37.7602070" lon="-122.4098830">
    <ele>11.4</ele>
    <time>2026-09-20T19:41:13Z</time>
   </trkpt>
   <trkpt lat="37.7601880" lon="-122.4099060">
    <ele>11.3</ele>
    <time>2026-09-20T19:41:14Z</time>
   </trkpt>
   <trkpt lat="37.7601640" lon="-122.4098980">
    <ele>11.3</ele>
    <time>2026-09-20T19:41:15Z</time>
   </trkpt>
   <trkpt lat="37.7601450" lon="-122.4098910">
    <ele>11.3</ele>
    <time>2026-09-20T19:41:16Z</time>
   </trkpt>
   <trkpt lat="37.7601190" lon="-122.4098970">
    <ele>11.3</ele>
    <time>2026-09-20T19:41:17Z</time>
   </trkpt>
   <trkpt lat="37.7600980" lon="-122.4098870">
    <ele>11.2</ele>
    <time>2026-09-20T19:41:18Z</time>
   </trkpt>
   <trkpt lat="37.7600630" lon="-122.4098810">
    <ele>11.2</ele>
    <time>2026-09-20T19:41:19Z</time>
   </trkpt>
   <trkpt lat="37.7600330" lon="-122.4098720">
    <ele>11.2</ele>
    <time>2026-09-20T19:41:20Z</time>
   </trkpt>
   <trkpt lat="37.7600020" lon="-122.4098550">
    <ele>11.1</ele>
    <time>2026-09-20T19:41:21Z</time>
   </trkpt>
   <trkpt lat="37.7599830" lon="-122.4098520">
    <ele>11.1</ele>
    <time>2026-09-20T19:41:22Z</time>
   </trkpt>
   <trkpt lat="37.7599550" lon="-122.4098500">
    <ele>11.1</ele>
    <time>2026-09-20T19:41:23Z</time>
   </trkpt>
   <trkpt lat="37.7599340" lon="-122.4098530">
    <ele>11.1</ele>
    <time>2026-09-20T19:41:24Z</time>
   </trkpt>
   <trkpt lat="37.7599130" lon="-122.4098560">
    <ele>11.0</ele>
    <time>2026-09-20T19:41:25Z</time>
   </trkpt>
   <trkpt lat="37.7598890" lon="-122.4098590">
    <ele>11.0</ele>
    <time>2026-09-20T19:41:26Z</time>
   </trkpt>
   <trkpt lat="37.7598670" lon="-122.4098620">
    <ele>11.0</ele>
    <time>2026-09-20T19:41:27Z</time>
   </trkpt>
   <trkpt lat="37.7598410" lon="-122.4098510">
    <ele>11.0</ele>
    <time>2026-09-20T19:41:28Z</time>
   </trkpt>
   <trkpt lat="37.7598210" lon="-122.4098330">
    <ele>11.0</ele>
    <time>2026-09-20T19:41:29Z</time>
   </trkpt>
   <trkpt lat="37.7597870" lon="-122.4098390">
    <ele>11.0</ele>
    <time>2026-09-20T19:41:30Z</time>
   </trkpt>
   <trkpt lat="37.7597650" lon="-122.4098280">
    <ele>10.9</ele>
    <time>2026-09-20T19:41:31Z</time>
   </trkpt>
   <trkpt lat="37.7597420" lon="-122.4098200">
    <ele>10.9</ele>
    <time>2026-09-20T19:41:32Z</time>
   </trkpt>
   <trkpt lat="37.7597260" lon="-122.4098150">
    <ele>10.9</ele>
    <time>2026-09-20T19:41:33Z</time>
   </trkpt>
   <trkpt lat="37.7597170" lon="-122.4098250">
    <ele>10.9</ele>
    <time>2026-09-20T19:41:34Z</time>
   </trkpt>
   <trkpt lat="37.7596990" lon="-122.4098210">
    <ele>10.9</ele>
    <time>2026-09-20T19:41:35Z</time>
   </trkpt>
   <trkpt lat="37.7596760" lon="-122.4098150">
    <ele>10.9</ele>
    <time>2026-09-20T19:41:36Z</time>
   </trkpt>
   <trkpt lat="37.7596470" lon="-122.4098110">
    <ele>10.8</ele>
    <time>2026-09-20T19:41:37Z</time>
   </trkpt>
   <trkpt lat="37.7596320" lon="-122.4097990">
    <ele>10.8</ele>
    <time>2026-09-20T19:41:38Z</time>
   </trkpt>
   <trkpt lat="37.7596020" lon="-122.4097940">
    <ele>10.8</ele>
    <time>2026-09-20T19:41:39Z</time>
   </trkpt>
   <trkpt lat="37.7595810" lon="-122.4097890">
    <ele>10.8</ele>
    <time>2026-09-20T19:41:40Z</time>
   </trkpt>
   <trkpt lat="37.7595500" lon="-122.4097800">
    <ele>10.8</ele>
    <time>2026-09-20T19:41:41Z</time>
   </trkpt>
   <trkpt lat="37.7595210" lon="-122.4097770">
    <ele>10.8</ele>
    <time>2026-09-20T19:41:42Z</time>
   </trkpt>
   <trkpt lat="37.7594940" lon="-122.4097780">
    <ele>10.7</ele>
    <time>2026-09-20T19:41:43Z</time>
   </trkpt>
   <trkpt lat="37.7594750" lon="-122.4097720">
    <ele>10.7</ele>
    <time>2026-09-20T19:41:44Z</time>
   </trkpt>
   <trkpt lat="37.7594390" lon="-122.4097630">
    <ele>10.7</ele>
    <time>2026-09-20T19:41:45Z</time>
   </trkpt>
   <trkpt lat="37.7594060" lon="-122.4097670">
    <ele>10.7</ele>
    <time>2026-09-20T19:41:46Z</time>
   </trkpt>
   <trkpt lat="37.7593860" lon="-122.4097710">
    <ele>10.7</ele>
    <time>2026-09-20T19:41:47Z</time>
   </trkpt>
   <trkpt lat="37.7593670" lon="-122.4097600">
    <ele>10.6</ele>
    <time>2026-09-20T19:41:48Z</time>
   </trkpt>
   <trkpt lat="37.7593450" lon="-122.4097530">
    <ele>10.6</ele>
    <time>2026-09-20T19:41:49Z</time>
   </trkpt>
   <trkpt lat="37.7593280" lon="-122.4097560">
    <ele>10.6</ele>
    <time>2026-09-20T19:41:50Z</time>
   </trkpt>
   <trkpt lat="37.7593080" lon="-122.4097300">
    <ele>10.6</ele>
    <time>2026-09-20T19:41:51Z</time>
   </trkpt>
   <trkpt lat="37.7592880" lon="-122.4097070">
    <ele>10.6</ele>
    <time>2026-09-20T19:41:52Z</time>
   </trkpt>
   <trkpt lat="37.7592650" lon="-122.4096900">
    <ele>10.6</ele>
    <time>2026-09-20T19:41:53Z</time>
   </trkpt>
   <trkpt lat="37.7592400" lon="-122.4096820">
    <ele>10.6</ele>
    <time>2026-09-20T19:41:54Z</time>
   </trkpt>
   <trkpt lat="37.7592210" lon="-122.4096750">
    <ele>10.6</ele>
    <time>2026-09-20T19:41:55Z</time>
   </trkpt>
   <trkpt lat="37.7591990" lon="-122.4096650">
    <ele>10.6</ele>
    <time>2026-09-20T19:41:56Z</time>
   </trkpt>
   <trkpt lat="37.7591730" lon="-122.4096540">
    <ele>10.6</ele>
    <time>2026-09-20T19:41:57Z</time>
   </trkpt>
   <trkpt lat="37.7591460" lon="-122.4096410">
    <ele>10.7</ele>
    <time>2026-09-20T19:41:58Z</time>
   </trkpt>
   <trkpt lat="37.7591320" lon="-122.4096380">
    <ele>10.7</ele>
    <time>2026-09-20T19:41:59Z</time>
   </trkpt>
   <trkpt lat="37.7591070" lon="-122.4096370">
    <ele>10.7</ele>
    <time>2026-09-20T19:42:00Z</time>
   </trkpt>
   <trkpt lat="37.7590930" lon="-122.4096420">
    <ele>10.7</ele>
    <time>2026-09-20T19:42:01Z</time>
   </trkpt>
   <trkpt lat="37.7590640" lon="-122.4096370">
    <ele>10.7</ele>
    <time>2026-09-20T19:42:02Z</time>
   </trkpt>
   <trkpt lat="37.7590450" lon="-122.4096290">
    <ele>10.7</ele>
    <time>2026-09-20T19:42:03Z</time>
   </trkpt>
   <trkpt lat="37.7590270" lon="-122.4096320">
    <ele>10.7</ele>
    <time>2026-09-20T19:42:04Z</time>
   </trkpt>
   <trkpt lat="37.7590140" lon="-122.4096240">
    <ele>10.7</ele>
    <time>2026-09-20T19:42:05Z</time>
   </trkpt>
   <trkpt lat="37.7589980" lon="-122.4096210">
    <ele>10.7</ele>
    <time>2026-09-20T19:42:06Z</time>
   </trkpt>
   <trkpt lat="37.7589680" lon="-122.4096070">
    <ele>10.7</ele>
    <time>2026-09-20T19:42:07Z</time>
   </trkpt>
   <trkpt lat="37.7589480" lon="-122.4096080">
    <ele>10.7</ele>
    <time>2026-09-20T19:42:08Z</time>
   </trkpt>
   <trkpt lat="37.7589190" lon="-122.4095950">
    <ele>10.7</ele>
    <time>2026-09-20T19:42:09Z</time>
   </trkpt>
   <trkpt lat="37.7588940" lon="-122.4095940">
    <ele>10.7</ele>
    <time>2026-09-20T19:42:10Z</time>
   </trkpt>
   <trkpt lat="37.7588720" lon="-122.4095930">
    <ele>10.7</ele>
    <time>2026-09-20T19:42:11Z</time>
   </trkpt>
   <trkpt lat="37.7588540" lon="-122.4095860">
    <ele>10.7</ele>
    <time>2026-09-20T19:42:12Z</time>
   </trkpt>
   <trkpt lat="37.7588430" lon="-122.4095790">
    <ele>10.7</ele>
    <time>2026-09-20T19:42:13Z</time>
   </trkpt>
   <trkpt lat="37.7588280" lon="-122.4095740">
    <ele>10.7</ele>
    <time>2026-09-20T19:42:14Z</time>
   </trkpt>
   <trkpt lat="37.7588060" lon="-122.4095720">
    <ele>10.7</ele>
    <time>2026-09-20T19:42:15Z</time>
   </trkpt>
   <trkpt lat="37.7587800" lon="-122.4095740">
    <ele>10.8</ele>
    <time>2026-09-20T19:42:16Z</time>
   </trkpt>
   <trkpt lat="37.7587580" lon="-122.4095650">
    <ele>10.8</ele>
    <time>2026-09-20T19:42:17Z</time>
   </trkpt>
   <trkpt lat="37.7587340" lon="-122.4095760">
    <ele>10.8</ele>
    <time>2026-09-20T19:42:18Z</time>
   </trkpt>
   <trkpt lat="37.7587110" lon="-122.4095820">
    <ele>10.8</ele>
    <time>2026-09-20T19:42:19Z</time>
   </trkpt>
   <trkpt lat="37.7586930" lon="-122.4095890">
    <ele>10.8</ele>
    <time>2026-09-20T19:42:20Z</time>
   </trkpt>
   <trkpt lat="37.7586710" lon="-122.4095950">
    <ele>10.8</ele>
    <time>2026-09-20T19:42:21Z</time>
   </trkpt>
   <trkpt lat="37.7586520" lon="-122.4095800">
    <ele>10.8</ele>
    <time>2026-09-20T19:42:22Z</time>
   </trkpt>
   <trkpt lat="37.7586240" lon="-122.4095830">
    <ele>10.8</ele>
    <time>2026-09-20T19:42:23Z</time>
   </trkpt>
   <trkpt lat="37.7586060" lon="-122.4095860">
    <ele>10.9</ele>
    <time>2026-09-20T19:42:24Z</time>
   </trkpt>
   <trkpt lat="37.7585850" lon="-122.4095790">
    <ele>10.9</ele>
    <time>2026-09-20T19:42:25Z</time>
   </trkpt>
   <trkpt lat="37.7585670" lon="-122.4095880">
    <ele>10.9</ele>
    <time>2026-09-20T19:42:26Z</time>
   </trkpt>
   <trkpt lat="37.7585560" lon="-122.4095890">
    <ele>10.9</ele>
    <time>2026-09-20T19:42:27Z</time>
   </trkpt>
   <trkpt lat="37.7585330" lon="-122.4095890">
    <ele>10.9</ele>
    <time>2026-09-20T19:42:28Z</time>
   </trkpt>
   <trkpt lat="37.7585130" lon="-122.4095820">
    <ele>10.9</ele>
    <time>2026-09-20T19:42:29Z</time>
   </trkpt>
   <trkpt lat="37.7584850" lon="-122.4095780">
    <ele>10.9</ele>
    <time>2026-09-20T19:42:30Z</time>
   </trkpt>
   <trkpt lat="37.7584660" lon="-122.4095640">
    <ele>10.9</ele>
    <time>2026-09-20T19:42:31Z</time>
   </trkpt>
   <trkpt lat="37.7584420" lon="-122.4095540">
    <ele>11.0</ele>
    <time>2026-09-20T19:42:32Z</time>
   </trkpt>
   <trkpt lat="37.7584260" lon="-122.4095480">
    <ele>11.0</ele>
    <time>2026-09-20T19:42:33Z</time>
   </trkpt>
   <trkpt lat="37.7584090" lon="-122.4095520">
    <ele>11.0</ele>
    <time>2026-09-20T19:42:34Z</time>
   </trkpt>
   <trkpt lat="37.7583950" lon="-122.4095470">
    <ele>11.0</ele>
    <time>2026-09-20T19:42:35Z</time>
   </trkpt>
   <trkpt lat="37.7583710" lon="-122.4095430">
    <ele>11.0</ele>
    <time>2026-09-20T19:42:36Z</time>
   </trkpt>
   <trkpt lat="37.7583430" lon="-122.4095430">
    <ele>11.0</ele>
    <time>2026-09-20T19:42:37Z</time>
   </trkpt>
   <trkpt lat="37.7583230" lon="-122.4095440">
    <ele>11.1</ele>
    <time>2026-09-20T19:42:38Z</time>
   </trkpt>
   <trkpt lat="37.7582980" lon="-122.4095510">
    <ele>11.1</ele>
    <time>2026-09-20T19:42:39Z</time>
   </trkpt>
   <trkpt lat="37.7582770" lon="-122.4095600">
    <ele>11.1</ele>
    <time>2026-09-20T19:42:40Z</time>
   </trkpt>
   <trkpt lat="37.7582490" lon="-122.4095690">
    <ele>11.1</ele>
    <time>2026-09-20T19:42:41Z</time>
   </trkpt>
   <trkpt lat="37.7582310" lon="-122.4095530">
    <ele>11.2</ele>
    <time>2026-09-20T19:42:42Z</time>
   </trkpt>
   <trkpt lat="37.7582110" lon="-122.4095530">
    <ele>11.2</ele>
    <time>2026-09-20T19:42:43Z</time>
   </trkpt>
   <trkpt lat="37.7581860" lon="-122.4095410">
    <ele>11.2</ele>
    <time>2026-09-20T19:42:44Z</time>
   </trkpt>
   <trkpt lat="37.7581630" lon="-122.4095340">
    <ele>11.2</ele>
    <time>2026-09-20T19:42:45Z</time>
   </trkpt>
   <trkpt lat="37.7581290" lon="-122.4095250">
    <ele>11.3</ele>
    <time>2026-09-20T19:42:46Z</time>
   </trkpt>
   <trkpt lat="37.7581040" lon="-122.4095290">
    <ele>11.3</ele>
    <time>2026-09-20T19:42:47Z</time>
   </trkpt>
   <trkpt lat="37.7580750" lon="-122.4095170">
    <ele>11.3</ele>
    <time>2026-09-20T19:42:48Z</time>
   </trkpt>
   <trkpt lat="37.7580610" lon="-122.4095160">
    <ele>11.3</ele>
    <time>2026-09-20T19:42:49Z</time>
   </trkpt>
   <trkpt lat="37.7580290" lon="-122.4095180">
    <ele>11.3</ele>
    <time>2026-09-20T19:42:50Z</time>
   </trkpt>
   <trkpt lat="37.7580130" lon="-122.4095250">
    <ele>11.3</ele>
    <time>2026-09-20T19:42:51Z</time>
   </trkpt>
   <trkpt lat="37.7579880" lon="-122.4095150">
    <ele>11.4</ele>
    <time>2026-09-20T19:42:52Z</time>
   </trkpt>
   <trkpt lat="37.7579580" lon="-122.4095040">
    <ele>11.4</ele>
    <time>2026-09-20T19:42:53Z</time>
   </trkpt>
   <trkpt lat="37.7579340" lon="-122.4095050">
    <ele>11.4</ele>
    <time>2026-09-20T19:42:54Z</time>
   </trkpt>
   <trkpt lat="37.7579120" lon="-122.4095090">
    <ele>11.4</ele>
    <time>2026-09-20T19:42:55Z</time>
   </trkpt>
   <trkpt lat="37.7578960" lon="-122.4095110">
    <ele>11.4</ele>
    <time>2026-09-20T19:42:56Z</time>
   </trkpt>
   <trkpt lat="37.7578730" lon="-122.4095160">
    <ele>11.4</ele>
    <time>2026-09-20T19:42:57Z</time>
   </trkpt>
   <trkpt lat="37.7578560" lon="-122.4095250">
    <ele>11.4</ele>
    <time>2026-09-20T19:42:58Z</time>
   </trkpt>
   <trkpt lat="37.7578310" lon="-122.4095270">
    <ele>11.5</ele>
    <time>2026-09-20T19:42:59Z</time>
   </trkpt>
   <trkpt lat="37.7578120" lon="-122.4095270">
    <ele>11.5</ele>
    <time>2026-09-20T19:43:00Z</time>
   </trkpt>
   <trkpt lat="37.7577910" lon="-122.4095160">
    <ele>11.5</ele>
    <time>2026-09-20T19:43:01Z</time>
   </trkpt>
   <trkpt lat="37.7577660" lon="-122.4095060">
    <ele>11.5</ele>
    <time>2026-09-20T19:43:02Z</time>
   </trkpt>
   <trkpt lat="37.7577460" lon="-122.4094940">
    <ele>11.5</ele>
    <time>2026-09-20T19:43:03Z</time>
   </trkpt>
   <trkpt lat="37.7577190" lon="-122.4094850">
    <ele>11.5</ele>
    <time>2026-09-20T19:43:04Z</time>
   </trkpt>
   <trkpt lat="37.7577000" lon="-122.4094750">
    <ele>11.6</ele>
    <time>2026-09-20T19:43:05Z</time>
   </trkpt>
   <trkpt lat="37.7576800" lon="-122.4094790">
    <ele>11.6</ele>
    <time>2026-09-20T19:43:06Z</time>
   </trkpt>
   <trkpt lat="37.7576520" lon="-122.4095190">
    <ele>11.7</ele>
    <time>2026-09-20T19:43:07Z</time>
   </trkpt>
   <trkpt lat="37.7576650" lon="-122.4095570">
    <ele>11.6</ele>
    <time>2026-09-20T19:43:08Z</time>
   </trkpt>
   <trkpt lat="37.7576720" lon="-122.4095960">
    <ele>11.6</ele>
    <time>2026-09-20T19:43:09Z</time>
   </trkpt>
   <trkpt lat="37.7576760" lon="-122.4096230">
    <ele>11.6</ele>
    <time>2026-09-20T19:43:10Z</time>
   </trkpt>
   <trkpt lat="37.7576750" lon="-122.4096580">
    <ele>11.5</ele>
    <time>2026-09-20T19:43:11Z</time>
   </trkpt>
   <trkpt lat="37.7576680" lon="-122.4096880">
    <ele>11.5</ele>
    <time>2026-09-20T19:43:12Z</time>
   </trkpt>
   <trkpt lat="37.7576680" lon="-122.4097190">
    <ele>11.5</ele>
    <time>2026-09-20T19:43:13Z</time>
   </trkpt>
   <trkpt lat="37.7576570" lon="-122.4097530">
    <ele>11.4</ele>
    <time>2026-09-20T19:43:14Z</time>
   </trkpt>
   <trkpt lat="37.7576630" lon="-122.4097720">
    <ele>11.4</ele>
    <time>2026-09-20T19:43:15Z</time>
   </trkpt>
   <trkpt lat="37.7576660" lon="-122.4097940">
    <ele>11.4</ele>
    <time>2026-09-20T19:43:16Z</time>
   </trkpt>
   <trkpt lat="37.7576770" lon="-122.4098190">
    <ele>11.4</ele>
    <time>2026-09-20T19:43:17Z</time>
   </trkpt>
   <trkpt lat="37.7576700" lon="-122.4098500">
    <ele>11.3</ele>
    <time>2026-09-20T19:43:18Z</time>
   </trkpt>
   <trkpt lat="37.7576700" lon="-122.4098680">
    <ele>11.3</ele>
    <time>2026-09-20T19:43:19Z</time>
   </trkpt>
   <trkpt lat="37.7576690" lon="-122.4098960">
    <ele>11.3</ele>
    <time>2026-09-20T19:43:20Z</time>
   </trkpt>
   <trkpt lat="37.7576700" lon="-122.4099200">
    <ele>11.2</ele>
    <time>2026-09-20T19:43:21Z</time>
   </trkpt>
   <trkpt lat="37.7576580" lon="-122.4099540">
    <ele>11.2</ele>
    <time>2026-09-20T19:43:22Z</time>
   </trkpt>
   <trkpt lat="37.7576550" lon="-122.4099810">
    <ele>11.2</ele>
    <time>2026-09-20T19:43:23Z</time>
   </trkpt>
   <trkpt lat="37.7576620" lon="-122.4100080">
    <ele>11.1</ele>
    <time>2026-09-20T19:43:24Z</time>
   </trkpt>
   <trkpt lat="37.7576560" lon="-122.4100400">
    <ele>11.1</ele>
    <time>2026-09-20T19:43:25Z</time>
   </trkpt>
   <trkpt lat="37.7576630" lon="-122.4100650">
    <ele>11.1</ele>
    <time>2026-09-20T19:43:26Z</time>
   </trkpt>
   <trkpt lat="37.7576640" lon="-122.4100860">
    <ele>11.1</ele>
    <time>2026-09-20T19:43:27Z</time>
   </trkpt>
   <trkpt lat="37.7576700" lon="-122.4101060">
    <ele>11.0</ele>
    <time>2026-09-20T19:43:28Z</time>
   </trkpt>
   <trkpt lat="37.7576570" lon="-122.4101340">
    <ele>11.0</ele>
    <time>2026-09-20T19:43:29Z</time>
   </trkpt>
   <trkpt lat="37.7576510" lon="-122.4101610">
    <ele>11.0</ele>
    <time>2026-09-20T19:43:30Z</time>
   </trkpt>
   <trkpt lat="37.7576490" lon="-122.4101820">
    <ele>11.0</ele>
    <time>2026-09-20T19:43:31Z</time>
   </trkpt>
   <trkpt lat="37.7576410" lon="-122.4102010">
    <ele>10.9</ele>
    <time>2026-09-20T19:43:32Z</time>
   </trkpt>
   <trkpt lat="37.7576440" lon="-122.4102280">
    <ele>10.9</ele>
    <time>2026-09-20T19:43:33Z</time>
   </trkpt>
   <trkpt lat="37.7576400" lon="-122.4102550">
    <ele>10.9</ele>
    <time>2026-09-20T19:43:34Z</time>
   </trkpt>
   <trkpt lat="37.7576420" lon="-122.4102770">
    <ele>10.9</ele>
    <time>2026-09-20T19:43:35Z</time>
   </trkpt>
   <trkpt lat="37.7576470" lon="-122.4103040">
    <ele>10.9</ele>
    <time>2026-09-20T19:43:36Z</time>
   </trkpt>
   <trkpt lat="37.7576380" lon="-122.4103310">
    <ele>10.8</ele>
    <time>2026-09-20T19:43:37Z</time>
   </trkpt>
   <trkpt lat="37.7576420" lon="-122.4103540">
    <ele>10.8</ele>
    <time>2026-09-20T19:43:38Z</time>
   </trkpt>
   <trkpt lat="37.7576440" lon="-122.4103800">
    <ele>10.8</ele>
    <time>2026-09-20T19:43:39Z</time>
   </trkpt>
   <trkpt lat="37.7576510" lon="-122.4103990">
    <ele>10.8</ele>
    <time>2026-09-20T19:43:40Z</time>
   </trkpt>
   <trkpt lat="37.7576470" lon="-122.4104220">
    <ele>10.8</ele>
    <time>2026-09-20T19:43:41Z</time>
   </trkpt>
   <trkpt lat="37.7576420" lon="-122.4104530">
    <ele>10.8</ele>
    <time>2026-09-20T19:43:42Z</time>
   </trkpt>
   <trkpt lat="37.7576440" lon="-122.4104770">
    <ele>10.8</ele>
    <time>2026-09-20T19:43:43Z</time>
   </trkpt>
   <trkpt lat="37.7576320" lon="-122.4105150">
    <ele>10.7</ele>
    <time>2026-09-20T19:43:44Z</time>
   </trkpt>
   <trkpt lat="37.7576340" lon="-122.4105500">
    <ele>10.7</ele>
    <time>2026-09-20T19:43:45Z</time>
   </trkpt>
   <trkpt lat="37.7576330" lon="-122.4105810">
    <ele>10.7</ele>
    <time>2026-09-20T19:43:46Z</time>
   </trkpt>
   <trkpt lat="37.7576310" lon="-122.4106050">
    <ele>10.7</ele>
    <time>2026-09-20T19:43:47Z</time>
   </trkpt>
   <trkpt lat="37.7576270" lon="-122.4106370">
    <ele>10.7</ele>
    <time>2026-09-20T19:43:48Z</time>
   </trkpt>
   <trkpt lat="37.7576170" lon="-122.4106620">
    <ele>10.7</ele>
    <time>2026-09-20T19:43:49Z</time>
   </trkpt>
   <trkpt lat="37.7576150" lon="-122.4106860">
    <ele>10.7</ele>
    <time>2026-09-20T19:43:50Z</time>
   </trkpt>
   <trkpt lat="37.7576200" lon="-122.4107120">
    <ele>10.7</ele>
    <time>2026-09-20T19:43:51Z</time>
   </trkpt>
   <trkpt lat="37.7576170" lon="-122.4107430">
    <ele>10.8</ele>
    <time>2026-09-20T19:43:52Z</time>
   </trkpt>
   <trkpt lat="37.7576120" lon="-122.4107700">
    <ele>10.8</ele>
    <time>2026-09-20T19:43:53Z</time>
   </trkpt>
   <trkpt lat="37.7576050" lon="-122.4108000">
    <ele>10.8</ele>
    <time>2026-09-20T19:43:54Z</time>
   </trkpt>
   <trkpt lat="37.7575950" lon="-122.4108250">
    <ele>10.8</ele>
    <time>2026-09-20T19:43:55Z</time>
   </trkpt>
   <trkpt lat="37.7576000" lon="-122.4108460">
    <ele>10.8</ele>
    <time>2026-09-20T19:43:56Z</time>
   </trkpt>
   <trkpt lat="37.7575990" lon="-122.4108680">
    <ele>10.9</ele>
    <time>2026-09-20T19:43:57Z</time>
   </trkpt>
   <trkpt lat="37.7576040" lon="-122.4108850">
    <ele>10.9</ele>
    <time>2026-09-20T19:43:58Z</time>
   </trkpt>
   <trkpt lat="37.7576050" lon="-122.4109090">
    <ele>10.9</ele>
    <time>2026-09-20T19:43:59Z</time>
   </trkpt>
   <trkpt lat="37.7575970" lon="-122.4109410">
    <ele>11.0</ele>
    <time>2026-09-20T19:44:00Z</time>
   </trkpt>
   <trkpt lat="37.7575910" lon="-122.4109690">
    <ele>11.0</ele>
    <time>2026-09-20T19:44:01Z</time>
   </trkpt>
   <trkpt lat="37.7575880" lon="-122.4109990">
    <ele>11.0</ele>
    <time>2026-09-20T19:44:02Z</time>
   </trkpt>
   <trkpt lat="37.7575910" lon="-122.4110240">
    <ele>11.1</ele>
    <time>2026-09-20T19:44:03Z</time>
   </trkpt>
   <trkpt lat="37.7575940" lon="-122.4110510">
    <ele>11.1</ele>
    <time>2026-09-20T19:44:04Z</time>
   </trkpt>
   <trkpt lat="37.7575940" lon="-122.4110800">
    <ele>11.1</ele>
    <time>2026-09-20T19:44:05Z</time>
   </trkpt>
   <trkpt lat="37.7575920" lon="-122.4111070">
    <ele>11.2</ele>
    <time>2026-09-20T19:44:06Z</time>
   </trkpt>
   <trkpt lat="37.7575960" lon="-122.4111320">
    <ele>11.2</ele>
    <time>2026-09-20T19:44:07Z</time>
   </trkpt>
   <trkpt lat="37.7575910" lon="-122.4111670">
    <ele>11.2</ele>
    <time>2026-09-20T19:44:08Z</time>
   </trkpt>
   <trkpt lat="37.7575870" lon="-122.4111950">
    <ele>11.3</ele>
    <time>2026-09-20T19:44:09Z</time>
   </trkpt>
   <trkpt lat="37.7575920" lon="-122.4112220">
    <ele>11.3</ele>
    <time>2026-09-20T19:44:10Z</time>
   </trkpt>
   <trkpt lat="37.7575940" lon="-122.4112430">
    <ele>11.3</ele>
    <time>2026-09-20T19:44:11Z</time>
   </trkpt>
   <trkpt lat="37.7575870" lon="-122.4112850">
    <ele>11.4</ele>
    <time>2026-09-20T19:44:12Z</time>
   </trkpt>
   <trkpt lat="37.7575760" lon="-122.4113130">
    <ele>11.4</ele>
    <time>2026-09-20T19:44:13Z</time>
   </trkpt>
   <trkpt lat="37.7575740" lon="-122.4113420">
    <ele>11.4</ele>
    <time>2026-09-20T19:44:14Z</time>
   </trkpt>
   <trkpt lat="37.7575650" lon="-122.4113710">
    <ele>11.5</ele>
    <time>2026-09-20T19:44:15Z</time>
   </trkpt>
   <trkpt lat="37.7575640" lon="-122.4113960">
    <ele>11.5</ele>
    <time>2026-09-20T19:44:16Z</time>
   </trkpt>
   <trkpt lat="37.7575520" lon="-122.4114220">
    <ele>11.5</ele>
    <time>2026-09-20T19:44:17Z</time>
   </trkpt>
   <trkpt lat="37.7575530" lon="-122.4114500">
    <ele>11.5</ele>
    <time>2026-09-20T19:44:18Z</time>
   </trkpt>
   <trkpt lat="37.7575500" lon="-122.4114840">
    <ele>11.5</ele>
    <time>2026-09-20T19:44:19Z</time>
   </trkpt>
   <trkpt lat="37.7575460" lon="-122.4115060">
    <ele>11.6</ele>
    <time>2026-09-20T19:44:20Z</time>
   </trkpt>
   <trkpt lat="37.7575410" lon="-122.4115320">
    <ele>11.6</ele>
    <time>2026-09-20T19:44:21Z</time>
   </trkpt>
   <trkpt lat="37.7575480" lon="-122.4115560">
    <ele>11.6</ele>
    <time>2026-09-20T19:44:22Z</time>
   </trkpt>
   <trkpt lat="37.7575460" lon="-122.4115790">
    <ele>11.7</ele>
    <time>2026-09-20T19:44:23Z</time>
   </trkpt>
   <trkpt lat="37.7575430" lon="-122.4116100">
    <ele>11.7</ele>
    <time>2026-09-20T19:44:24Z</time>
   </trkpt>
   <trkpt lat="37.7575430" lon="-122.4116460">
    <ele>11.7</ele>
    <time>2026-09-20T19:44:25Z</time>
   </trkpt>
   <trkpt lat="37.7575410" lon="-122.4116930">
    <ele>11.8</ele>
    <time>2026-09-20T19:44:26Z</time>
   </trkpt>
   <trkpt lat="37.7575470" lon="-122.4117220">
    <ele>11.9</ele>
    <time>2026-09-20T19:44:27Z</time>
   </trkpt>
   <trkpt lat="37.7575550" lon="-122.4117430">
    <ele>11.9</ele>
    <time>2026-09-20T19:44:28Z</time>
   </trkpt>
   <trkpt lat="37.7575620" lon="-122.4117560">
    <ele>11.9</ele>
    <time>2026-09-20T19:44:29Z</time>
   </trkpt>
   <trkpt lat="37.7575650" lon="-122.4117750">
    <ele>11.9</ele>
    <time>2026-09-20T19:44:30Z</time>
   </trkpt>
   <trkpt lat="37.7575670" lon="-122.4117880">
    <ele>12.0</ele>
    <time>2026-09-20T19:44:31Z</time>
   </trkpt>
   <trkpt lat="37.7575640" lon="-122.4118090">
    <ele>12.0</ele>
    <time>2026-09-20T19:44:32Z</time>
   </trkpt>
   <trkpt lat="37.7575570" lon="-122.4118360">
    <ele>12.0</ele>
    <time>2026-09-20T19:44:33Z</time>
   </trkpt>
   <trkpt lat="37.7575530" lon="-122.4118630">
    <ele>12.1</ele>
    <time>2026-09-20T19:44:34Z</time>
   </trkpt>
   <trkpt lat="37.7575380" lon="-122.4118930">
    <ele>12.2</ele>
    <time>2026-09-20T19:44:35Z</time>
   </trkpt>
   <trkpt lat="37.7575330" lon="-122.4119170">
    <ele>12.2</ele>
    <time>2026-09-20T19:44:36Z</time>
   </trkpt>
   <trkpt lat="37.7575340" lon="-122.4119370">
    <ele>12.2</ele>
    <time>2026-09-20T19:44:37Z</time>
   </trkpt>
   <trkpt lat="37.7575350" lon="-122.4119510">
    <ele>12.3</ele>
    <time>2026-09-20T19:44:38Z</time>
   </trkpt>
   <trkpt lat="37.7575320" lon="-122.4119680">
    <ele>12.3</ele>
    <time>2026-09-20T19:44:39Z</time>
   </trkpt>
   <trkpt lat="37.7575330" lon="-122.4119830">
    <ele>12.3</ele>
    <time>2026-09-20T19:44:40Z</time>
   </trkpt>
   <trkpt lat="37.7575390" lon="-122.4120140">
    <ele>12.4</ele>
    <time>2026-09-20T19:44:41Z</time>
   </trkpt>
   <trkpt lat="37.7575450" lon="-122.4120390">
    <ele>12.4</ele>
    <time>2026-09-20T19:44:42Z</time>
   </trkpt>
   <trkpt lat="37.7575450" lon="-122.4120630">
    <ele>12.5</ele>
    <time>2026-09-20T19:44:43Z</time>
   </trkpt>
   <trkpt lat="37.7575380" lon="-122.4120900">
    <ele>12.5</ele>
    <time>2026-09-20T19:44:44Z</time>
   </trkpt>
   <trkpt lat="37.7575380" lon="-122.4121090">
    <ele>12.5</ele>
    <time>2026-09-20T19:44:45Z</time>
   </trkpt>
   <trkpt lat="37.7575430" lon="-122.4121250">
    <ele>12.6</ele>
    <time>2026-09-20T19:44:46Z</time>
   </trkpt>
   <trkpt lat="37.7575380" lon="-122.4121440">
    <ele>12.6</ele>
    <time>2026-09-20T19:44:47Z</time>
   </trkpt>
   <trkpt lat="37.7575340" lon="-122.4121710">
    <ele>12.7</ele>
    <time>2026-09-20T19:44:48Z</time>
   </trkpt>
   <trkpt lat="37.7575320" lon="-122.4122060">
    <ele>12.7</ele>
    <time>2026-09-20T19:44:49Z</time>
   </trkpt>
   <trkpt lat="37.7575340" lon="-122.4122410">
    <ele>12.7</ele>
    <time>2026-09-20T19:44:50Z</time>
   </trkpt>
   <trkpt lat="37.7575280" lon="-122.4122770">
    <ele>12.8</ele>
    <time>2026-09-20T19:44:51Z</time>
   </trkpt>
   <trkpt lat="37.7575230" lon="-122.4123210">
    <ele>12.8</ele>
    <time>2026-09-20T19:44:52Z</time>
   </trkpt>
   <trkpt lat="37.7575180" lon="-122.4123490">
    <ele>12.8</ele>
    <time>2026-09-20T19:44:53Z</time>
   </trkpt>
   <trkpt lat="37.7575110" lon="-122.4123820">
    <ele>12.9</ele>
    <time>2026-09-20T19:44:54Z</time>
   </trkpt>
   <trkpt lat="37.7575150" lon="-122.4124150">
    <ele>12.9</ele>
    <time>2026-09-20T19:44:55Z</time>
   </trkpt>
   <trkpt lat="37.7575110" lon="-122.4124460">
    <ele>12.9</ele>
    <time>2026-09-20T19:44:56Z</time>
   </trkpt>
   <trkpt lat="37.7575140" lon="-122.4124720">
    <ele>12.9</ele>
    <time>2026-09-20T19:44:57Z</time>
   </trkpt>
   <trkpt lat="37.7575320" lon="-122.4125020">
    <ele>12.9</ele>
    <time>2026-09-20T19:44:58Z</time>
   </trkpt>
   <trkpt lat="37.7575430" lon="-122.4125270">
    <ele>13.0</ele>
    <time>2026-09-20T19:44:59Z</time>
   </trkpt>
   <trkpt lat="37.7575330" lon="-122.4125560">
    <ele>13.0</ele>
    <time>2026-09-20T19:45:00Z</time>
   </trkpt>
   <trkpt lat="37.7575190" lon="-122.4125850">
    <ele>13.0</ele>
    <time>2026-09-20T19:45:01Z</time>
   </trkpt>
   <trkpt lat="37.7575150" lon="-122.4126100">
    <ele>13.1</ele>
    <time>2026-09-20T19:45:02Z</time>
   </trkpt>
   <trkpt lat="37.7575120" lon="-122.4126340">
    <ele>13.1</ele>
    <time>2026-09-20T19:45:03Z</time>
   </trkpt>
   <trkpt lat="37.7575120" lon="-122.4126590">
    <ele>13.1</ele>
    <time>2026-09-20T19:45:04Z</time>
   </trkpt>
   <trkpt lat="37.7575050" lon="-122.4126890">
    <ele>13.1</ele>
    <time>2026-09-20T19:45:05Z</time>
   </trkpt>
   <trkpt lat="37.7575040" lon="-122.4127140">
    <ele>13.2</ele>
    <time>2026-09-20T19:45:06Z</time>
   </trkpt>
   <trkpt lat="37.7575150" lon="-122.4127480">
    <ele>13.2</ele>
    <time>2026-09-20T19:45:07Z</time>
   </trkpt>
   <trkpt lat="37.7575120" lon="-122.4127820">
    <ele>13.2</ele>
    <time>2026-09-20T19:45:08Z</time>
   </trkpt>
   <trkpt lat="37.7575050" lon="-122.4128030">
    <ele>13.2</ele>
    <time>2026-09-20T19:45:09Z</time>
   </trkpt>
   <trkpt lat="37.7575030" lon="-122.4128230">
    <ele>13.3</ele>
    <time>2026-09-20T19:45:10Z</time>
   </trkpt>
   <trkpt lat="37.7575070" lon="-122.4128440">
    <ele>13.3</ele>
    <time>2026-09-20T19:45:11Z</time>
   </trkpt>
   <trkpt lat="37.7575120" lon="-122.4128630">
    <ele>13.3</ele>
    <time>2026-09-20T19:45:12Z</time>
   </trkpt>
   <trkpt lat="37.7575110" lon="-122.4128780">
    <ele>13.3</ele>
    <time>2026-09-20T19:45:13Z</time>
   </trkpt>
   <trkpt lat="37.7574980" lon="-122.4129010">
    <ele>13.3</ele>
    <time>2026-09-20T19:45:14Z</time>
   </trkpt>
   <trkpt lat="37.7574990" lon="-122.4129210">
    <ele>13.4</ele>
    <time>2026-09-20T19:45:15Z</time>
   </trkpt>
   <trkpt lat="37.7574910" lon="-122.4129510">
    <ele>13.4</ele>
    <time>2026-09-20T19:45:16Z</time>
   </trkpt>
   <trkpt lat="37.7574830" lon="-122.4129690">
    <ele>13.5</ele>
    <time>2026-09-20T19:45:17Z</time>
   </trkpt>
   <trkpt lat="37.7574820" lon="-122.4129980">
    <ele>13.5</ele>
    <time>2026-09-20T19:45:18Z</time>
   </trkpt>
   <trkpt lat="37.7574840" lon="-122.4130290">
    <ele>13.5</ele>
    <time>2026-09-20T19:45:19Z</time>
   </trkpt>
   <trkpt lat="37.7574850" lon="-122.4130640">
    <ele>13.6</ele>
    <time>2026-09-20T19:45:20Z</time>
   </trkpt>
   <trkpt lat="37.7574790" lon="-122.4130950">
    <ele>13.6</ele>
    <time>2026-09-20T19:45:21Z</time>
   </trkpt>
   <trkpt lat="37.7574790" lon="-122.4131200">
    <ele>13.7</ele>
    <time>2026-09-20T19:45:22Z</time>
   </trkpt>
   <trkpt lat="37.7574730" lon="-122.4131510">
    <ele>13.7</ele>
    <time>2026-09-20T19:45:23Z</time>
   </trkpt>
   <trkpt lat="37.7574680" lon="-122.4131820">
    <ele>13.8</ele>
    <time>2026-09-20T19:45:24Z</time>
   </trkpt>
   <trkpt lat="37.7574670" lon="-122.4132100">
    <ele>13.8</ele>
    <time>2026-09-20T19:45:25Z</time>
   </trkpt>
   <trkpt lat="37.7574660" lon="-122.4132420">
    <ele>13.8</ele>
    <time>2026-09-20T19:45:26Z</time>
   </trkpt>
   <trkpt lat="37.7574690" lon="-122.4132640">
    <ele>13.9</ele>
    <time>2026-09-20T19:45:27Z</time>
   </trkpt>
   <trkpt lat="37.7574630" lon="-122.4132940">
    <ele>13.9</ele>
    <time>2026-09-20T19:45:28Z</time>
   </trkpt>
   <trkpt lat="37.7574530" lon="-122.4133190">
    <ele>13.9</ele>
    <time>2026-09-20T19:45:29Z</time>
   </trkpt>
   <trkpt lat="37.7574390" lon="-122.4133440">
    <ele>14.0</ele>
    <time>2026-09-20T19:45:30Z</time>
   </trkpt>
   <trkpt lat="37.7574390" lon="-122.4133710">
    <ele>14.0</ele>
    <time>2026-09-20T19:45:31Z</time>
   </trkpt>
   <trkpt lat="37.7574480" lon="-122.4134000">
    <ele>14.0</ele>
    <time>2026-09-20T19:45:32Z</time>
   </trkpt>
   <trkpt lat="37.7574470" lon="-122.4134260">
    <ele>14.1</ele>
    <time>2026-09-20T19:45:33Z</time>
   </trkpt>
   <trkpt lat="37.7574500" lon="-122.4134440">
    <ele>14.1</ele>
    <time>2026-09-20T19:45:34Z</time>
   </trkpt>
   <trkpt lat="37.7574480" lon="-122.4134750">
    <ele>14.1</ele>
    <time>2026-09-20T19:45:35Z</time>
   </trkpt>
   <trkpt lat="37.7574490" lon="-122.4135020">
    <ele>14.1</ele>
    <time>2026-09-20T19:45:36Z</time>
   </trkpt>
   <trkpt lat="37.7574430" lon="-122.4135310">
    <ele>14.2</ele>
    <time>2026-09-20T19:45:37Z</time>
   </trkpt>
   <trkpt lat="37.7574490" lon="-122.4135520">
    <ele>14.2</ele>
    <time>2026-09-20T19:45:38Z</time>
   </trkpt>
   <trkpt lat="37.7574580" lon="-122.4135730">
    <ele>14.2</ele>
    <time>2026-09-20T19:45:39Z</time>
   </trkpt>
   <trkpt lat="37.7574520" lon="-122.4136100">
    <ele>14.3</ele>
    <time>2026-09-20T19:45:40Z</time>
   </trkpt>
   <trkpt lat="37.7574440" lon="-122.4136380">
    <ele>14.3</ele>
    <time>2026-09-20T19:45:41Z</time>
   </trkpt>
   <trkpt lat="37.7574390" lon="-122.4136590">
    <ele>14.3</ele>
    <time>2026-09-20T19:45:42Z</time>
   </trkpt>
   <trkpt lat="37.7574300" lon="-122.4136810">
    <ele>14.4</ele>
    <time>2026-09-20T19:45:43Z</time>
   </trkpt>
   <trkpt lat="37.7574300" lon="-122.4137040">
    <ele>14.4</ele>
    <time>2026-09-20T19:45:44Z</time>
   </trkpt>
   <trkpt lat="37.7574350" lon="-122.4137330">
    <ele>14.4</ele>
    <time>2026-09-20T19:45:45Z</time>
   </trkpt>
   <trkpt lat="37.7574430" lon="-122.4137570">
    <ele>14.5</ele>
    <time>2026-09-20T19:45:46Z</time>
   </trkpt>
   <trkpt lat="37.7574440" lon="-122.4137790">
    <ele>14.5</ele>
    <time>2026-09-20T19:45:47Z</time>
   </trkpt>
   <trkpt lat="37.7574430" lon="-122.4138070">
    <ele>14.6</ele>
    <time>2026-09-20T19:45:48Z</time>
   </trkpt>
   <trkpt lat="37.7574400" lon="-122.4138290">
    <ele>14.6</ele>
    <time>2026-09-20T19:45:49Z</time>
   </trkpt>
   <trkpt lat="37.7574370" lon="-122.4138550">
    <ele>14.6</ele>
    <time>2026-09-20T19:45:50Z</time>
   </trkpt>
   <trkpt lat="37.7574350" lon="-122.4138790">
    <ele>14.7</ele>
    <time>2026-09-20T19:45:51Z</time>
   </trkpt>
   <trkpt lat="37.7574420" lon="-122.4139070">
    <ele>14.7</ele>
    <time>2026-09-20T19:45:52Z</time>
   </trkpt>
   <trkpt lat="37.7574430" lon="-122.4139260">
    <ele>14.7</ele>
    <time>2026-09-20T19:45:53Z</time>
   </trkpt>
   <trkpt lat="37.7574380" lon="-122.4139520">
    <ele>14.7</ele>
    <time>2026-09-20T19:45:54Z</time>
   </trkpt>
   <trkpt lat="37.7574320" lon="-122.4139780">
    <ele>14.8</ele>
    <time>2026-09-20T19:45:55Z</time>
   </trkpt>
   <trkpt lat="37.7574240" lon="-122.4140130">
    <ele>14.8</ele>
    <time>2026-09-20T19:45:56Z</time>
   </trkpt>
   <trkpt lat="37.7574250" lon="-122.4140490">
    <ele>14.9</ele>
    <time>2026-09-20T19:45:57Z</time>
   </trkpt>
   <trkpt lat="37.7574300" lon="-122.4140760">
    <ele>14.9</ele>
    <time>2026-09-20T19:45:58Z</time>
   </trkpt>
   <trkpt lat="37.7574160" lon="-122.4141100">
    <ele>14.9</ele>
    <time>2026-09-20T19:45:59Z</time>
   </trkpt>
   <trkpt lat="37.7574120" lon="-122.4141330">
    <ele>14.9</ele>
    <time>2026-09-20T19:46:00Z</time>
   </trkpt>
   <trkpt lat="37.7574040" lon="-122.4141530">
    <ele>15.0</ele>
    <time>2026-09-20T19:46:01Z</time>
   </trkpt>
   <trkpt lat="37.7574000" lon="-122.4141830">
    <ele>15.0</ele>
    <time>2026-09-20T19:46:02Z</time>
   </trkpt>
   <trkpt lat="37.7573970" lon="-122.4142100">
    <ele>15.0</ele>
    <time>2026-09-20T19:46:03Z</time>
   </trkpt>
   <trkpt lat="37.7574030" lon="-122.4142370">
    <ele>15.1</ele>
    <time>2026-09-20T19:46:04Z</time>
   </trkpt>
   <trkpt lat="37.7574030" lon="-122.4142750">
    <ele>15.1</ele>
    <time>2026-09-20T19:46:05Z</time>
   </trkpt>
   <trkpt lat="37.7574080" lon="-122.4143020">
    <ele>15.1</ele>
    <time>2026-09-20T19:46:06Z</time>
   </trkpt>
   <trkpt lat="37.7574060" lon="-122.4143330">
    <ele>15.2</ele>
    <time>2026-09-20T19:46:07Z</time>
   </trkpt>
   <trkpt lat="37.7574000" lon="-122.4143650">
    <ele>15.2</ele>
    <time>2026-09-20T19:46:08Z</time>
   </trkpt>
   <trkpt lat="37.7574030" lon="-122.4143910">
    <ele>15.2</ele>
    <time>2026-09-20T19:46:09Z</time>
   </trkpt>
   <trkpt lat="37.7574030" lon="-122.4144210">
    <ele>15.2</ele>
    <time>2026-09-20T19:46:10Z</time>
   </trkpt>
   <trkpt lat="37.7574030" lon="-122.4144440">
    <ele>15.2</ele>
    <time>2026-09-20T19:46:11Z</time>
   </trkpt>
   <trkpt lat="37.7574070" lon="-122.4144540">
    <ele>15.2</ele>
    <time>2026-09-20T19:46:12Z</time>
   </trkpt>
   <trkpt lat="37.7574100" lon="-122.4144530">
    <ele>15.2</ele>
    <time>2026-09-20T19:46:13Z</time>
   </trkpt>
   <trkpt lat="37.7574070" lon="-122.4144460">
    <ele>15.2</ele>
    <time>2026-09-20T19:46:14Z</time>
   </trkpt>
   <trkpt lat="37.7574080" lon="-122.4144520">
    <ele>15.2</ele>
    <time>2026-09-20T19:46:15Z</time>
   </trkpt>
   <trkpt lat="37.7574080" lon="-122.4144500">
    <ele>15.2</ele>
    <time>2026-09-20T19:46:16Z</time>
   </trkpt>
   <trkpt lat="37.7574080" lon="-122.4144500">
    <ele>15.2</ele>
    <time>2026-09-20T19:46:17Z</time>
   </trkpt>
   <trkpt lat="37.7574080" lon="-122.4144500">
    <ele>15.2</ele>
    <time>2026-09-20T19:46:18Z</time>
   </trkpt>
   <trkpt lat="37.7574080" lon="-122.4144500">
    <ele>15.2</ele>
    <time>2026-09-20T19:46:19Z</time>
   </trkpt>
   <trkpt lat="37.7574080" lon="-122.4144500">
    <ele>15.2</ele>
    <time>2026-09-20T19:46:20Z</time>
   </trkpt>
   <trkpt lat="37.7574060" lon="-122.4144520">
    <ele>15.2</ele>
    <time>2026-09-20T19:46:21Z</time>
   </trkpt>
   <trkpt lat="37.7574090" lon="-122.4144560">
    <ele>15.2</ele>
    <time>2026-09-20T19:46:22Z</time>
   </trkpt>
   <trkpt lat="37.7574020" lon="-122.4144590">
    <ele>15.2</ele>
    <time>2026-09-20T19:46:23Z</time>
   </trkpt>
   <trkpt lat="37.7574030" lon="-122.4144570">
    <ele>15.2</ele>
    <time>2026-09-20T19:46:24Z</time>
   </trkpt>
   <trkpt lat="37.7574030" lon="-122.4144560">
    <ele>15.2</ele>
    <time>2026-09-20T19:46:25Z</time>
   </trkpt>
   <trkpt lat="37.7574030" lon="-122.4144560">
    <ele>15.2</ele>
    <time>2026-09-20T19:46:26Z</time>
   </trkpt>
   <trkpt lat="37.7574020" lon="-122.4144560">
    <ele>15.2</ele>
    <time>2026-09-20T19:46:27Z</time>
   </trkpt>
   <trkpt lat="37.7574020" lon="-122.4144560">
    <ele>15.2</ele>
    <time>2026-09-20T19:46:28Z</time>
   </trkpt>
   <trkpt lat="37.7573950" lon="-122.4144900">
    <ele>15.2</ele>
    <time>2026-09-20T19:46:50Z</time>
   </trkpt>
   <trkpt lat="37.7573910" lon="-122.4145000">
    <ele>15.2</ele>
    <time>2026-09-20T19:46:51Z</time>
   </trkpt>
   <trkpt lat="37.7573880" lon="-122.4145250">
    <ele>15.2</ele>
    <time>2026-09-20T19:46:52Z</time>
   </trkpt>
   <trkpt lat="37.7573800" lon="-122.4145560">
    <ele>15.2</ele>
    <time>2026-09-20T19:46:53Z</time>
   </trkpt>
   <trkpt lat="37.7573810" lon="-122.4145880">
    <ele>15.2</ele>
    <time>2026-09-20T19:46:54Z</time>
   </trkpt>
   <trkpt lat="37.7573780" lon="-122.4146190">
    <ele>15.3</ele>
    <time>2026-09-20T19:46:55Z</time>
   </trkpt>
   <trkpt lat="37.7573750" lon="-122.4146510">
    <ele>15.3</ele>
    <time>2026-09-20T19:46:56Z</time>
   </trkpt>
   <trkpt lat="37.7573770" lon="-122.4146870">
    <ele>15.3</ele>
    <time>2026-09-20T19:46:57Z</time>
   </trkpt>
   <trkpt lat="37.7573740" lon="-122.4147200">
    <ele>15.3</ele>
    <time>2026-09-20T19:46:58Z</time>
   </trkpt>
   <trkpt lat="37.7573770" lon="-122.4147500">
    <ele>15.4</ele>
    <time>2026-09-20T19:46:59Z</time>
   </trkpt>
   <trkpt lat="37.7573720" lon="-122.4147870">
    <ele>15.4</ele>
    <time>2026-09-20T19:47:00Z</time>
   </trkpt>
   <trkpt lat="37.7573690" lon="-122.4148060">
    <ele>15.4</ele>
    <time>2026-09-20T19:47:01Z</time>
   </trkpt>
   <trkpt lat="37.7573680" lon="-122.4148340">
    <ele>15.4</ele>
    <time>2026-09-20T19:47:02Z</time>
   </trkpt>
   <trkpt lat="37.7573680" lon="-122.4148550">
    <ele>15.5</ele>
    <time>2026-09-20T19:47:03Z</time>
   </trkpt>
   <trkpt lat="37.7573750" lon="-122.4148810">
    <ele>15.5</ele>
    <time>2026-09-20T19:47:04Z</time>
   </trkpt>
   <trkpt lat="37.7573770" lon="-122.4149100">
    <ele>15.5</ele>
    <time>2026-09-20T19:47:05Z</time>
   </trkpt>
   <trkpt lat="37.7573730" lon="-122.4149350">
    <ele>15.6</ele>
    <time>2026-09-20T19:47:06Z</time>
   </trkpt>
   <trkpt lat="37.7573740" lon="-122.4149640">
    <ele>15.6</ele>
    <time>2026-09-20T19:47:07Z</time>
   </trkpt>
   <trkpt lat="37.7573660" lon="-122.4149960">
    <ele>15.6</ele>
    <time>2026-09-20T19:47:08Z</time>
   </trkpt>
   <trkpt lat="37.7573530" lon="-122.4150270">
    <ele>15.7</ele>
    <time>2026-09-20T19:47:09Z</time>
   </trkpt>
   <trkpt lat="37.7573460" lon="-122.4150590">
    <ele>15.7</ele>
    <time>2026-09-20T19:47:10Z</time>
   </trkpt>
   <trkpt lat="37.7573490" lon="-122.4150860">
    <ele>15.8</ele>
    <time>2026-09-20T19:47:11Z</time>
   </trkpt>
   <trkpt lat="37.7573530" lon="-122.4151190">
    <ele>15.8</ele>
    <time>2026-09-20T19:47:12Z</time>
   </trkpt>
   <trkpt lat="37.7573520" lon="-122.4151520">
    <ele>15.8</ele>
    <time>2026-09-20T19:47:13Z</time>
   </trkpt>
   <trkpt lat="37.7573390" lon="-122.4151830">
    <ele>15.9</ele>
    <time>2026-09-20T19:47:14Z</time>
   </trkpt>
   <trkpt lat="37.7573370" lon="-122.4152110">
    <ele>15.9</ele>
    <time>2026-09-20T19:47:15Z</time>
   </trkpt>
   <trkpt lat="37.7573480" lon="-122.4152420">
    <ele>16.0</ele>
    <time>2026-09-20T19:47:16Z</time>
   </trkpt>
   <trkpt lat="37.7573430" lon="-122.4152820">
    <ele>16.0</ele>
    <time>2026-09-20T19:47:17Z</time>
   </trkpt>
   <trkpt lat="37.7573500" lon="-122.4153080">
    <ele>16.1</ele>
    <time>2026-09-20T19:47:18Z</time>
   </trkpt>
   <trkpt lat="37.7573410" lon="-122.4153420">
    <ele>16.1</ele>
    <time>2026-09-20T19:47:19Z</time>
   </trkpt>
   <trkpt lat="37.7573380" lon="-122.4153650">
    <ele>16.1</ele>
    <time>2026-09-20T19:47:20Z</time>
   </trkpt>
   <trkpt lat="37.7573340" lon="-122.4153940">
    <ele>16.2</ele>
    <time>2026-09-20T19:47:21Z</time>
   </trkpt>
   <trkpt lat="37.7573330" lon="-122.4154250">
    <ele>16.2</ele>
    <time>2026-09-20T19:47:22Z</time>
   </trkpt>
   <trkpt lat="37.7573280" lon="-122.4154640">
    <ele>16.2</ele>
    <time>2026-09-20T19:47:23Z</time>
   </trkpt>
   <trkpt lat="37.7573160" lon="-122.4154910">
    <ele>16.3</ele>
    <time>2026-09-20T19:47:24Z</time>
   </trkpt>
   <trkpt lat="37.7573170" lon="-122.4155230">
    <ele>16.3</ele>
    <time>2026-09-20T19:47:25Z</time>
   </trkpt>
   <trkpt lat="37.7573170" lon="-122.4155520">
    <ele>16.3</ele>
    <time>2026-09-20T19:47:26Z</time>
   </trkpt>
   <trkpt lat="37.7573190" lon="-122.4155760">
    <ele>16.4</ele>
    <time>2026-09-20T19:47:27Z</time>
   </trkpt>
   <trkpt lat="37.7573020" lon="-122.4155980">
    <ele>16.5</ele>
    <time>2026-09-20T19:47:28Z</time>
   </trkpt>
   <trkpt lat="37.7573060" lon="-122.4156080">
    <ele>16.5</ele>
    <time>2026-09-20T19:47:29Z</time>
   </trkpt>
   <trkpt lat="37.7573110" lon="-122.4156210">
    <ele>16.5</ele>
    <time>2026-09-20T19:47:30Z</time>
   </trkpt>
   <trkpt lat="37.7573010" lon="-122.4156570">
    <ele>16.6</ele>
    <time>2026-09-20T19:47:31Z</time>
   </trkpt>
   <trkpt lat="37.7572980" lon="-122.4156960">
    <ele>16.6</ele>
    <time>2026-09-20T19:47:32Z</time>
   </trkpt>
   <trkpt lat="37.7572990" lon="-122.4157320">
    <ele>16.7</ele>
    <time>2026-09-20T19:47:33Z</time>
   </trkpt>
   <trkpt lat="37.7572960" lon="-122.4157670">
    <ele>16.7</ele>
    <time>2026-09-20T19:47:34Z</time>
   </trkpt>
   <trkpt lat="37.7572940" lon="-122.4158060">
    <ele>16.8</ele>
    <time>2026-09-20T19:47:35Z</time>
   </trkpt>
   <trkpt lat="37.7572880" lon="-122.4158380">
    <ele>16.8</ele>
    <time>2026-09-20T19:47:36Z</time>
   </trkpt>
   <trkpt lat="37.7572860" lon="-122.4158680">
    <ele>16.9</ele>
    <time>2026-09-20T19:47:37Z</time>
   </trkpt>
   <trkpt lat="37.7572900" lon="-122.4159020">
    <ele>16.9</ele>
    <time>2026-09-20T19:47:38Z</time>
   </trkpt>
   <trkpt lat="37.7572900" lon="-122.4159340">
    <ele>17.0</ele>
    <time>2026-09-20T19:47:39Z</time>
   </trkpt>
   <trkpt lat="37.7572840" lon="-122.4159590">
    <ele>17.0</ele>
    <time>2026-09-20T19:47:40Z</time>
   </trkpt>
   <trkpt lat="37.7572780" lon="-122.4160060">
    <ele>17.1</ele>
    <time>2026-09-20T19:47:41Z</time>
   </trkpt>
   <trkpt lat="37.7572690" lon="-122.4160560">
    <ele>17.1</ele>
    <time>2026-09-20T19:47:42Z</time>
   </trkpt>
   <trkpt lat="37.7572790" lon="-122.4160810">
    <ele>17.2</ele>
    <time>2026-09-20T19:47:43Z</time>
   </trkpt>
   <trkpt lat="37.7572640" lon="-122.4161140">
    <ele>17.2</ele>
    <time>2026-09-20T19:47:44Z</time>
   </trkpt>
   <trkpt lat="37.7572660" lon="-122.4161530">
    <ele>17.3</ele>
    <time>2026-09-20T19:47:45Z</time>
   </trkpt>
   <trkpt lat="37.7572740" lon="-122.4161830">
    <ele>17.3</ele>
    <time>2026-09-20T19:47:46Z</time>
   </trkpt>
   <trkpt lat="37.7572850" lon="-122.4162110">
    <ele>17.4</ele>
    <time>2026-09-20T19:47:47Z</time>
   </trkpt>
   <trkpt lat="37.7572780" lon="-122.4162430">
    <ele>17.4</ele>
    <time>2026-09-20T19:47:48Z</time>
   </trkpt>
   <trkpt lat="37.7572680" lon="-122.4162740">
    <ele>17.5</ele>
    <time>2026-09-20T19:47:49Z</time>
   </trkpt>
   <trkpt lat="37.7572550" lon="-122.4163030">
    <ele>17.5</ele>
    <time>2026-09-20T19:47:50Z</time>
   </trkpt>
   <trkpt lat="37.7572610" lon="-122.4163340">
    <ele>17.5</ele>
    <time>2026-09-20T19:47:51Z</time>
   </trkpt>
   <trkpt lat="37.7572780" lon="-122.4163620">
    <ele>17.6</ele>
    <time>2026-09-20T19:47:52Z</time>
   </trkpt>
   <trkpt lat="37.7573040" lon="-122.4163890">
    <ele>17.6</ele>
    <time>2026-09-20T19:47:53Z</time>
   </trkpt>
   <trkpt lat="37.7573000" lon="-122.4164220">
    <ele>17.7</ele>
    <time>2026-09-20T19:47:54Z</time>
   </trkpt>
   <trkpt lat="37.7572900" lon="-122.4164620">
    <ele>17.7</ele>
    <time>2026-09-20T19:47:55Z</time>
   </trkpt>
   <trkpt lat="37.7572850" lon="-122.4164960">
    <ele>17.7</ele>
    <time>2026-09-20T19:47:56Z</time>
   </trkpt>
   <trkpt lat="37.7572810" lon="-122.4165300">
    <ele>17.7</ele>
    <time>2026-09-20T19:47:57Z</time>
   </trkpt>
   <trkpt lat="37.7572820" lon="-122.4165640">
    <ele>17.8</ele>
    <time>2026-09-20T19:47:58Z</time>
   </trkpt>
   <trkpt lat="37.7572790" lon="-122.4165880">
    <ele>17.8</ele>
    <time>2026-09-20T19:47:59Z</time>
   </trkpt>
   <trkpt lat="37.7572760" lon="-122.4166100">
    <ele>17.8</ele>
    <time>2026-09-20T19:48:00Z</time>
   </trkpt>
   <trkpt lat="37.7572760" lon="-122.4166240">
    <ele>17.8</ele>
    <time>2026-09-20T19:48:01Z</time>
   </trkpt>
   <trkpt lat="37.7572780" lon="-122.4166300">
    <ele>17.8</ele>
    <time>2026-09-20T19:48:02Z</time>
   </trkpt>
   <trkpt lat="37.7572780" lon="-122.4166360">
    <ele>17.8</ele>
    <time>2026-09-20T19:48:03Z</time>
   </trkpt>
  </trkseg>
 </trk>
</gpx>
