<?xml version="1.0" encoding="UTF-8"?>
<gpx creator="StravaGPX" version="1.1" xmlns="http://www.topografix.com/GPX/1/1" xmlns:xsi="http://www.w3.org/2001/XMLSchema-instance" xsi:schemaLocation="http://www.topografix.com/GPX/1/1 http://www.topografix.com/GPX/1/1/gpx.xsd">
 <trk>
  <name>Carrera (exterior)</name>
  <type>running</type>
  <trkseg>
   <trkpt lat="4.8093980" lon="-75.7426920">
    <ele>1308.0</ele>
   </trkpt>
   <trkpt lat="4.8093950" lon="-75.7427040">
    <ele>1308.0</ele>
   </trkpt>
   <trkpt lat="4.8093920" lon="-75.7427160">
    <ele>1308.0</ele>
   </trkpt>
   <trkpt lat="4.8093900" lon="-75.7427280">
    <ele>1307.9</ele>
   </trkpt>
   <trkpt lat="4.8093870" lon="-75.7427400">
    <ele>1307.9</ele>
   </trkpt>
   <trkpt lat="4.8093840" lon="-75.7427520">
    <ele>1307.9</ele>
   </trkpt>
   <trkpt lat="4.8093810" lon="-75.7427630">
    <ele>1307.8</ele>
   </trkpt>
   <trkpt lat="4.8093780" lon="-75.7427770">
    <ele>1307.8</ele>
   </trkpt>
   <trkpt lat="4.8093720" lon="-75.7428050">
    <ele>1307.7</ele>
   </trkpt>
   <trkpt lat="4.8093660" lon="-75.7428320">
    <ele>1307.7</ele>
   </trkpt>
   <trkpt lat="4.8093610" lon="-75.7428590">
    <ele>1307.6</ele>
   </trkpt>
   <trkpt lat="4.8093570" lon="-75.7428860">
    <ele>1307.5</ele>
   </trkpt>
   <trkpt lat="4.8093530" lon="-75.7429130">
    <ele>1307.5</ele>
   </trkpt>
   <trkpt lat="4.8093510" lon="-75.7429390">
    <ele>1307.4</ele>
   </trkpt>
   <trkpt lat="4.8093480" lon="-75.7429630">
    <ele>1307.4</ele>
   </trkpt>
   <trkpt lat="4.8093460" lon="-75.7429870">
    <ele>1307.3</ele>
   </trkpt>
   <trkpt lat="4.8093430" lon="-75.7430110">
    <ele>1307.2</ele>
   </trkpt>
   <trkpt lat="4.8093400" lon="-75.7430350">
    <ele>1307.2</ele>
   </trkpt>
   <trkpt lat="4.8093370" lon="-75.7430590">
    <ele>1307.1</ele>
   </trkpt>
   <trkpt lat="4.8093340" lon="-75.7430830">
    <ele>1307.1</ele>
   </trkpt>
   <trkpt lat="4.8093310" lon="-75.7431040">
    <ele>1307.0</ele>
   </trkpt>
   <trkpt lat="4.8093280" lon="-75.7431250">
    <ele>1307.0</ele>
   </trkpt>
   <trkpt lat="4.8093250" lon="-75.7431460">
    <ele>1306.9</ele>
   </trkpt>
   <trkpt lat="4.8093210" lon="-75.7431660">
    <ele>1306.9</ele>
   </trkpt>
   <trkpt lat="4.8093160" lon="-75.7431880">
    <ele>1306.8</ele>
   </trkpt>
   <trkpt lat="4.8093110" lon="-75.7432090">
    <ele>1306.8</ele>
   </trkpt>
   <trkpt lat="4.8093070" lon="-75.7432310">
    <ele>1306.7</ele>
   </trkpt>
   <trkpt lat="4.8093030" lon="-75.7432520">
    <ele>1306.7</ele>
   </trkpt>
   <trkpt lat="4.8092990" lon="-75.7432730">
    <ele>1306.6</ele>
   </trkpt>
   <trkpt lat="4.8092960" lon="-75.7432940">
    <ele>1306.6</ele>
   </trkpt>
   <trkpt lat="4.8092930" lon="-75.7433150">
    <ele>1306.5</ele>
   </trkpt>
   <trkpt lat="4.8092900" lon="-75.7433370">
    <ele>1306.4</ele>
   </trkpt>
   <trkpt lat="4.8092870" lon="-75.7433580">
    <ele>1306.4</ele>
   </trkpt>
   <trkpt lat="4.8092840" lon="-75.7433790">
    <ele>1306.3</ele>
   </trkpt>
   <trkpt lat="4.8092810" lon="-75.7433980">
    <ele>1306.3</ele>
   </trkpt>
   <trkpt lat="4.8092790" lon="-75.7434140">
    <ele>1306.2</ele>
   </trkpt>
   <trkpt lat="4.8092770" lon="-75.7434280">
    <ele>1306.2</ele>
   </trkpt>
   <trkpt lat="4.8092730" lon="-75.7434410">
    <ele>1306.2</ele>
   </trkpt>
   <trkpt lat="4.8092690" lon="-75.7434550">
    <ele>1306.1</ele>
   </trkpt>
   <trkpt lat="4.8092640" lon="-75.7434700">
    <ele>1306.1</ele>
   </trkpt>
   <trkpt lat="4.8092600" lon="-75.7434860">
    <ele>1306.1</ele>
   </trkpt>
   <trkpt lat="4.8092560" lon="-75.7435040">
    <ele>1306.0</ele>
   </trkpt>
   <trkpt lat="4.8092540" lon="-75.7435200">
    <ele>1306.0</ele>
   </trkpt>
   <trkpt lat="4.8092520" lon="-75.7435360">
    <ele>1306.0</ele>
   </trkpt>
   <trkpt lat="4.8092500" lon="-75.7435530">
    <ele>1305.9</ele>
   </trkpt>
   <trkpt lat="4.8092480" lon="-75.7435710">
    <ele>1305.9</ele>
   </trkpt>
   <trkpt lat="4.8092450" lon="-75.7435890">
    <ele>1305.8</ele>
   </trkpt>
   <trkpt lat="4.8092430" lon="-75.7436080">
    <ele>1305.8</ele>
   </trkpt>
   <trkpt lat="4.8092410" lon="-75.7436270">
    <ele>1305.7</ele>
   </trkpt>
   <trkpt lat="4.8092390" lon="-75.7436460">
    <ele>1305.7</ele>
   </trkpt>
   <trkpt lat="4.8092360" lon="-75.7436650">
    <ele>1305.7</ele>
   </trkpt>
   <trkpt lat="4.8092330" lon="-75.7436850">
    <ele>1305.6</ele>
   </trkpt>
   <trkpt lat="4.8092290" lon="-75.7437060">
    <ele>1305.6</ele>
   </trkpt>
   <trkpt lat="4.8092250" lon="-75.7437260">
    <ele>1305.5</ele>
   </trkpt>
   <trkpt lat="4.8092210" lon="-75.7437470">
    <ele>1305.5</ele>
   </trkpt>
   <trkpt lat="4.8092170" lon="-75.7437690">
    <ele>1305.4</ele>
   </trkpt>
   <trkpt lat="4.8092120" lon="-75.7437900">
    <ele>1305.4</ele>
   </trkpt>
   <trkpt lat="4.8092080" lon="-75.7438110">
    <ele>1305.3</ele>
   </trkpt>
   <trkpt lat="4.8092030" lon="-75.7438320">
    <ele>1305.3</ele>
   </trkpt>
   <trkpt lat="4.8091990" lon="-75.7438530">
    <ele>1305.2</ele>
   </trkpt>
   <trkpt lat="4.8091940" lon="-75.7438740">
    <ele>1305.2</ele>
   </trkpt>
   <trkpt lat="4.8091900" lon="-75.7438940">
    <ele>1305.1</ele>
   </trkpt>
   <trkpt lat="4.8091860" lon="-75.7439150">
    <ele>1305.1</ele>
   </trkpt>
   <trkpt lat="4.8091820" lon="-75.7439350">
    <ele>1305.0</ele>
   </trkpt>
   <trkpt lat="4.8091790" lon="-75.7439560">
    <ele>1304.9</ele>
   </trkpt>
   <trkpt lat="4.8091760" lon="-75.7439750">
    <ele>1304.9</ele>
   </trkpt>
   <trkpt lat="4.8091730" lon="-75.7439950">
    <ele>1304.9</ele>
   </trkpt>
   <trkpt lat="4.8091700" lon="-75.7440140">
    <ele>1304.8</ele>
   </trkpt>
   <trkpt lat="4.8091670" lon="-75.7440340">
    <ele>1304.7</ele>
   </trkpt>
   <trkpt lat="4.8091650" lon="-75.7440530">
    <ele>1304.7</ele>
   </trkpt>
   <trkpt lat="4.8091620" lon="-75.7440710">
    <ele>1304.6</ele>
   </trkpt>
   <trkpt lat="4.8091600" lon="-75.7440900">
    <ele>1304.6</ele>
   </trkpt>
   <trkpt lat="4.8091580" lon="-75.7441080">
    <ele>1304.5</ele>
   </trkpt>
   <trkpt lat="4.8091550" lon="-75.7441260">
    <ele>1304.5</ele>
   </trkpt>
   <trkpt lat="4.8091530" lon="-75.7441440">
    <ele>1304.4</ele>
   </trkpt>
   <trkpt lat="4.8091500" lon="-75.7441630">
    <ele>1304.3</ele>
   </trkpt>
   <trkpt lat="4.8091470" lon="-75.7441820">
    <ele>1304.3</ele>
   </trkpt>
   <trkpt lat="4.8091450" lon="-75.7442010">
    <ele>1304.2</ele>
   </trkpt>
   <trkpt lat="4.8091420" lon="-75.7442210">
    <ele>1304.2</ele>
   </trkpt>
   <trkpt lat="4.8091400" lon="-75.7442410">
    <ele>1304.1</ele>
   </trkpt>
   <trkpt lat="4.8091370" lon="-75.7442610">
    <ele>1304.1</ele>
   </trkpt>
   <trkpt lat="4.8091330" lon="-75.7442820">
    <ele>1304.0</ele>
   </trkpt>
   <trkpt lat="4.8091300" lon="-75.7443020">
    <ele>1303.9</ele>
   </trkpt>
   <trkpt lat="4.8091260" lon="-75.7443210">
    <ele>1303.9</ele>
   </trkpt>
   <trkpt lat="4.8091220" lon="-75.7443410">
    <ele>1303.8</ele>
   </trkpt>
   <trkpt lat="4.8091190" lon="-75.7443600">
    <ele>1303.8</ele>
   </trkpt>
   <trkpt lat="4.8091160" lon="-75.7443790">
    <ele>1303.7</ele>
   </trkpt>
   <trkpt lat="4.8091140" lon="-75.7443990">
    <ele>1303.7</ele>
   </trkpt>
   <trkpt lat="4.8091120" lon="-75.7444190">
    <ele>1303.6</ele>
   </trkpt>
   <trkpt lat="4.8091100" lon="-75.7444390">
    <ele>1303.5</ele>
   </trkpt>
   <trkpt lat="4.8091080" lon="-75.7444590">
    <ele>1303.5</ele>
   </trkpt>
   <trkpt lat="4.8091060" lon="-75.7444790">
    <ele>1303.4</ele>
   </trkpt>
   <trkpt lat="4.8091050" lon="-75.7444990">
    <ele>1303.3</ele>
   </trkpt>
   <trkpt lat="4.8091040" lon="-75.7445180">
    <ele>1303.3</ele>
   </trkpt>
   <trkpt lat="4.8091030" lon="-75.7445390">
    <ele>1303.2</ele>
   </trkpt>
   <trkpt lat="4.8091020" lon="-75.7445590">
    <ele>1303.1</ele>
   </trkpt>
   <trkpt lat="4.8091000" lon="-75.7445790">
    <ele>1303.1</ele>
   </trkpt>
   <trkpt lat="4.8090970" lon="-75.7445990">
    <ele>1303.0</ele>
   </trkpt>
   <trkpt lat="4.8090940" lon="-75.7446190">
    <ele>1302.9</ele>
   </trkpt>
   <trkpt lat="4.8090910" lon="-75.7446390">
    <ele>1302.9</ele>
   </trkpt>
   <trkpt lat="4.8090870" lon="-75.7446590">
    <ele>1302.8</ele>
   </trkpt>
   <trkpt lat="4.8090840" lon="-75.7446790">
    <ele>1302.7</ele>
   </trkpt>
   <trkpt lat="4.8090800" lon="-75.7446990">
    <ele>1302.7</ele>
   </trkpt>
   <trkpt lat="4.8090760" lon="-75.7447190">
    <ele>1302.6</ele>
   </trkpt>
   <trkpt lat="4.8090730" lon="-75.7447380">
    <ele>1302.5</ele>
   </trkpt>
   <trkpt lat="4.8090690" lon="-75.7447580">
    <ele>1302.5</ele>
   </trkpt>
   <trkpt lat="4.8090660" lon="-75.7447790">
    <ele>1302.4</ele>
   </trkpt>
   <trkpt lat="4.8090630" lon="-75.7448000">
    <ele>1302.4</ele>
   </trkpt>
   <trkpt lat="4.8090600" lon="-75.7448210">
    <ele>1302.3</ele>
   </trkpt>
   <trkpt lat="4.8090580" lon="-75.7448420">
    <ele>1302.3</ele>
   </trkpt>
   <trkpt lat="4.8090550" lon="-75.7448620">
    <ele>1302.2</ele>
   </trkpt>
   <trkpt lat="4.8090530" lon="-75.7448830">
    <ele>1302.2</ele>
   </trkpt>
   <trkpt lat="4.8090500" lon="-75.7449030">
    <ele>1302.1</ele>
   </trkpt>
   <trkpt lat="4.8090470" lon="-75.7449240">
    <ele>1302.1</ele>
   </trkpt>
   <trkpt lat="4.8090440" lon="-75.7449440">
    <ele>1302.0</ele>
   </trkpt>
   <trkpt lat="4.8090410" lon="-75.7449640">
    <ele>1302.0</ele>
   </trkpt>
   <trkpt lat="4.8090380" lon="-75.7449840">
    <ele>1301.9</ele>
   </trkpt>
   <trkpt lat="4.8090350" lon="-75.7450060">
    <ele>1301.9</ele>
   </trkpt>
   <trkpt lat="4.8090320" lon="-75.7450300">
    <ele>1301.9</ele>
   </trkpt>
   <trkpt lat="4.8090290" lon="-75.7450550">
    <ele>1301.8</ele>
   </trkpt>
   <trkpt lat="4.8090260" lon="-75.7450800">
    <ele>1301.8</ele>
   </trkpt>
   <trkpt lat="4.8090230" lon="-75.7451050">
    <ele>1301.8</ele>
   </trkpt>
   <trkpt lat="4.8090200" lon="-75.7451290">
    <ele>1301.8</ele>
   </trkpt>
   <trkpt lat="4.8090170" lon="-75.7451530">
    <ele>1301.7</ele>
   </trkpt>
   <trkpt lat="4.8090140" lon="-75.7451770">
    <ele>1301.7</ele>
   </trkpt>
   <trkpt lat="4.8090110" lon="-75.7452010">
    <ele>1301.7</ele>
   </trkpt>
   <trkpt lat="4.8090070" lon="-75.7452240">
    <ele>1301.7</ele>
   </trkpt>
   <trkpt lat="4.8090040" lon="-75.7452470">
    <ele>1301.7</ele>
   </trkpt>
   <trkpt lat="4.8090010" lon="-75.7452710">
    <ele>1301.7</ele>
   </trkpt>
   <trkpt lat="4.8089970" lon="-75.7452950">
    <ele>1301.7</ele>
   </trkpt>
   <trkpt lat="4.8089940" lon="-75.7453170">
    <ele>1301.7</ele>
   </trkpt>
   <trkpt lat="4.8089900" lon="-75.7453400">
    <ele>1301.7</ele>
   </trkpt>
   <trkpt lat="4.8089870" lon="-75.7453610">
    <ele>1301.7</ele>
   </trkpt>
   <trkpt lat="4.8089840" lon="-75.7453830">
    <ele>1301.7</ele>
   </trkpt>
   <trkpt lat="4.8089800" lon="-75.7454040">
    <ele>1301.7</ele>
   </trkpt>
   <trkpt lat="4.8089760" lon="-75.7454250">
    <ele>1301.7</ele>
   </trkpt>
   <trkpt lat="4.8089730" lon="-75.7454450">
    <ele>1301.7</ele>
   </trkpt>
   <trkpt lat="4.8089700" lon="-75.7454660">
    <ele>1301.7</ele>
   </trkpt>
   <trkpt lat="4.8089660" lon="-75.7454860">
    <ele>1301.7</ele>
   </trkpt>
   <trkpt lat="4.8089630" lon="-75.7455060">
    <ele>1301.7</ele>
   </trkpt>
   <trkpt lat="4.8089600" lon="-75.7455270">
    <ele>1301.7</ele>
   </trkpt>
   <trkpt lat="4.8089570" lon="-75.7455470">
    <ele>1301.7</ele>
   </trkpt>
   <trkpt lat="4.8089540" lon="-75.7455660">
    <ele>1301.7</ele>
   </trkpt>
   <trkpt lat="4.8089520" lon="-75.7455840">
    <ele>1301.7</ele>
   </trkpt>
   <trkpt lat="4.8089500" lon="-75.7456000">
    <ele>1301.7</ele>
   </trkpt>
   <trkpt lat="4.8089480" lon="-75.7456160">
    <ele>1301.7</ele>
   </trkpt>
   <trkpt lat="4.8089470" lon="-75.7456320">
    <ele>1301.7</ele>
   </trkpt>
   <trkpt lat="4.8089450" lon="-75.7456510">
    <ele>1301.7</ele>
   </trkpt>
   <trkpt lat="4.8089430" lon="-75.7456710">
    <ele>1301.7</ele>
   </trkpt>
   <trkpt lat="4.8089410" lon="-75.7456920">
    <ele>1301.7</ele>
   </trkpt>
   <trkpt lat="4.8089390" lon="-75.7457130">
    <ele>1301.7</ele>
   </trkpt>
   <trkpt lat="4.8089370" lon="-75.7457340">
    <ele>1301.7</ele>
   </trkpt>
   <trkpt lat="4.8089350" lon="-75.7457560">
    <ele>1301.7</ele>
   </trkpt>
   <trkpt lat="4.8089330" lon="-75.7457770">
    <ele>1301.8</ele>
   </trkpt>
   <trkpt lat="4.8089300" lon="-75.7457990">
    <ele>1301.8</ele>
   </trkpt>
   <trkpt lat="4.8089270" lon="-75.7458220">
    <ele>1301.8</ele>
   </trkpt>
   <trkpt lat="4.8089250" lon="-75.7458450">
    <ele>1301.8</ele>
   </trkpt>
   <trkpt lat="4.8089220" lon="-75.7458680">
    <ele>1301.8</ele>
   </trkpt>
   <trkpt lat="4.8089190" lon="-75.7458900">
    <ele>1301.8</ele>
   </trkpt>
   <trkpt lat="4.8089160" lon="-75.7459110">
    <ele>1301.9</ele>
   </trkpt>
   <trkpt lat="4.8089130" lon="-75.7459320">
    <ele>1301.9</ele>
   </trkpt>
   <trkpt lat="4.8089100" lon="-75.7459520">
    <ele>1301.9</ele>
   </trkpt>
   <trkpt lat="4.8089070" lon="-75.7459700">
    <ele>1301.9</ele>
   </trkpt>
   <trkpt lat="4.8089040" lon="-75.7459850">
    <ele>1301.9</ele>
   </trkpt>
   <trkpt lat="4.8089010" lon="-75.7460000">
    <ele>1301.9</ele>
   </trkpt>
   <trkpt lat="4.8088990" lon="-75.7460130">
    <ele>1301.9</ele>
   </trkpt>
   <trkpt lat="4.8088960" lon="-75.7460280">
    <ele>1302.0</ele>
   </trkpt>
   <trkpt lat="4.8088940" lon="-75.7460440">
    <ele>1302.0</ele>
   </trkpt>
   <trkpt lat="4.8088910" lon="-75.7460620">
    <ele>1302.0</ele>
   </trkpt>
   <trkpt lat="4.8088890" lon="-75.7460800">
    <ele>1302.0</ele>
   </trkpt>
   <trkpt lat="4.8088860" lon="-75.7461010">
    <ele>1302.0</ele>
   </trkpt>
   <trkpt lat="4.8088830" lon="-75.7461220">
    <ele>1302.0</ele>
   </trkpt>
   <trkpt lat="4.8088790" lon="-75.7461450">
    <ele>1302.1</ele>
   </trkpt>
   <trkpt lat="4.8088750" lon="-75.7461670">
    <ele>1302.1</ele>
   </trkpt>
   <trkpt lat="4.8088710" lon="-75.7461900">
    <ele>1302.1</ele>
   </trkpt>
   <trkpt lat="4.8088680" lon="-75.7462110">
    <ele>1302.1</ele>
   </trkpt>
   <trkpt lat="4.8088640" lon="-75.7462320">
    <ele>1302.1</ele>
   </trkpt>
   <trkpt lat="4.8088600" lon="-75.7462530">
    <ele>1302.2</ele>
   </trkpt>
   <trkpt lat="4.8088560" lon="-75.7462740">
    <ele>1302.2</ele>
   </trkpt>
   <trkpt lat="4.8088530" lon="-75.7462940">
    <ele>1302.2</ele>
   </trkpt>
   <trkpt lat="4.8088490" lon="-75.7463140">
    <ele>1302.2</ele>
   </trkpt>
   <trkpt lat="4.8088450" lon="-75.7463350">
    <ele>1302.3</ele>
   </trkpt>
   <trkpt lat="4.8088410" lon="-75.7463560">
    <ele>1302.3</ele>
   </trkpt>
   <trkpt lat="4.8088370" lon="-75.7463770">
    <ele>1302.3</ele>
   </trkpt>
   <trkpt lat="4.8088330" lon="-75.7463970">
    <ele>1302.3</ele>
   </trkpt>
   <trkpt lat="4.8088300" lon="-75.7464160">
    <ele>1302.4</ele>
   </trkpt>
   <trkpt lat="4.8088270" lon="-75.7464350">
    <ele>1302.4</ele>
   </trkpt>
   <trkpt lat="4.8088230" lon="-75.7464550">
    <ele>1302.4</ele>
   </trkpt>
   <trkpt lat="4.8088200" lon="-75.7464750">
    <ele>1302.5</ele>
   </trkpt>
   <trkpt lat="4.8088160" lon="-75.7464950">
    <ele>1302.5</ele>
   </trkpt>
   <trkpt lat="4.8088130" lon="-75.7465160">
    <ele>1302.6</ele>
   </trkpt>
   <trkpt lat="4.8088100" lon="-75.7465370">
    <ele>1302.6</ele>
   </trkpt>
   <trkpt lat="4.8088070" lon="-75.7465580">
    <ele>1302.6</ele>
   </trkpt>
   <trkpt lat="4.8088040" lon="-75.7465800">
    <ele>1302.7</ele>
   </trkpt>
   <trkpt lat="4.8088000" lon="-75.7466020">
    <ele>1302.7</ele>
   </trkpt>
   <trkpt lat="4.8087980" lon="-75.7466230">
    <ele>1302.8</ele>
   </trkpt>
   <trkpt lat="4.8087950" lon="-75.7466440">
    <ele>1302.8</ele>
   </trkpt>
   <trkpt lat="4.8087920" lon="-75.7466640">
    <ele>1302.8</ele>
   </trkpt>
   <trkpt lat="4.8087890" lon="-75.7466850">
    <ele>1302.9</ele>
   </trkpt>
   <trkpt lat="4.8087870" lon="-75.7467060">
    <ele>1302.9</ele>
   </trkpt>
   <trkpt lat="4.8087840" lon="-75.7467270">
    <ele>1303.0</ele>
   </trkpt>
   <trkpt lat="4.8087820" lon="-75.7467480">
    <ele>1303.0</ele>
   </trkpt>
   <trkpt lat="4.8087790" lon="-75.7467690">
    <ele>1303.0</ele>
   </trkpt>
   <trkpt lat="4.8087760" lon="-75.7467900">
    <ele>1303.1</ele>
   </trkpt>
   <trkpt lat="4.8087730" lon="-75.7468120">
    <ele>1303.1</ele>
   </trkpt>
   <trkpt lat="4.8087700" lon="-75.7468350">
    <ele>1303.2</ele>
   </trkpt>
   <trkpt lat="4.8087680" lon="-75.7468570">
    <ele>1303.2</ele>
   </trkpt>
   <trkpt lat="4.8087650" lon="-75.7468790">
    <ele>1303.3</ele>
   </trkpt>
   <trkpt lat="4.8087620" lon="-75.7469000">
    <ele>1303.3</ele>
   </trkpt>
   <trkpt lat="4.8087590" lon="-75.7469210">
    <ele>1303.4</ele>
   </trkpt>
   <trkpt lat="4.8087560" lon="-75.7469410">
    <ele>1303.4</ele>
   </trkpt>
   <trkpt lat="4.8087530" lon="-75.7469610">
    <ele>1303.5</ele>
   </trkpt>
   <trkpt lat="4.8087490" lon="-75.7469810">
    <ele>1303.5</ele>
   </trkpt>
   <trkpt lat="4.8087460" lon="-75.7470020">
    <ele>1303.6</ele>
   </trkpt>
   <trkpt lat="4.8087430" lon="-75.7470220">
    <ele>1303.6</ele>
   </trkpt>
   <trkpt lat="4.8087390" lon="-75.7470420">
    <ele>1303.7</ele>
   </trkpt>
   <trkpt lat="4.8087350" lon="-75.7470620">
    <ele>1303.7</ele>
   </trkpt>
   <trkpt lat="4.8087320" lon="-75.7470820">
    <ele>1303.7</ele>
   </trkpt>
   <trkpt lat="4.8087280" lon="-75.7471020">
    <ele>1303.8</ele>
   </trkpt>
   <trkpt lat="4.8087250" lon="-75.7471210">
    <ele>1303.8</ele>
   </trkpt>
   <trkpt lat="4.8087220" lon="-75.7471390">
    <ele>1303.8</ele>
   </trkpt>
   <trkpt lat="4.8087200" lon="-75.7471550">
    <ele>1303.9</ele>
   </trkpt>
   <trkpt lat="4.8087180" lon="-75.7471690">
    <ele>1303.9</ele>
   </trkpt>
   <trkpt lat="4.8087160" lon="-75.7471810">
    <ele>1303.9</ele>
   </trkpt>
   <trkpt lat="4.8087140" lon="-75.7471950">
    <ele>1303.9</ele>
   </trkpt>
   <trkpt lat="4.8087120" lon="-75.7472110">
    <ele>1303.9</ele>
   </trkpt>
   <trkpt lat="4.8087090" lon="-75.7472300">
    <ele>1304.0</ele>
   </trkpt>
   <trkpt lat="4.8087070" lon="-75.7472520">
    <ele>1304.0</ele>
   </trkpt>
   <trkpt lat="4.8087040" lon="-75.7472750">
    <ele>1304.1</ele>
   </trkpt>
   <trkpt lat="4.8087030" lon="-75.7472970">
    <ele>1304.1</ele>
   </trkpt>
   <trkpt lat="4.8087010" lon="-75.7473190">
    <ele>1304.1</ele>
   </trkpt>
   <trkpt lat="4.8086990" lon="-75.7473400">
    <ele>1304.2</ele>
   </trkpt>
   <trkpt lat="4.8086980" lon="-75.7473610">
    <ele>1304.2</ele>
   </trkpt>
   <trkpt lat="4.8086960" lon="-75.7473820">
    <ele>1304.3</ele>
   </trkpt>
   <trkpt lat="4.8086950" lon="-75.7474030">
    <ele>1304.3</ele>
   </trkpt>
   <trkpt lat="4.8086930" lon="-75.7474230">
    <ele>1304.4</ele>
   </trkpt>
   <trkpt lat="4.8086910" lon="-75.7474430">
    <ele>1304.4</ele>
   </trkpt>
   <trkpt lat="4.8086900" lon="-75.7474620">
    <ele>1304.5</ele>
   </trkpt>
   <trkpt lat="4.8086880" lon="-75.7474820">
    <ele>1304.5</ele>
   </trkpt>
   <trkpt lat="4.8086850" lon="-75.7475010">
    <ele>1304.6</ele>
   </trkpt>
   <trkpt lat="4.8086830" lon="-75.7475200">
    <ele>1304.6</ele>
   </trkpt>
   <trkpt lat="4.8086810" lon="-75.7475390">
    <ele>1304.7</ele>
   </trkpt>
   <trkpt lat="4.8086780" lon="-75.7475580">
    <ele>1304.7</ele>
   </trkpt>
   <trkpt lat="4.8086750" lon="-75.7475780">
    <ele>1304.8</ele>
   </trkpt>
   <trkpt lat="4.8086720" lon="-75.7475970">
    <ele>1304.8</ele>
   </trkpt>
   <trkpt lat="4.8086690" lon="-75.7476180">
    <ele>1304.9</ele>
   </trkpt>
   <trkpt lat="4.8086660" lon="-75.7476390">
    <ele>1304.9</ele>
   </trkpt>
   <trkpt lat="4.8086620" lon="-75.7476590">
    <ele>1305.0</ele>
   </trkpt>
   <trkpt lat="4.8086590" lon="-75.7476790">
    <ele>1305.0</ele>
   </trkpt>
   <trkpt lat="4.8086560" lon="-75.7476980">
    <ele>1305.1</ele>
   </trkpt>
   <trkpt lat="4.8086520" lon="-75.7477170">
    <ele>1305.1</ele>
   </trkpt>
   <trkpt lat="4.8086490" lon="-75.7477370">
    <ele>1305.2</ele>
   </trkpt>
   <trkpt lat="4.8086450" lon="-75.7477560">
    <ele>1305.2</ele>
   </trkpt>
   <trkpt lat="4.8086420" lon="-75.7477760">
    <ele>1305.3</ele>
   </trkpt>
   <trkpt lat="4.8086380" lon="-75.7477960">
    <ele>1305.3</ele>
   </trkpt>
   <trkpt lat="4.8086350" lon="-75.7478160">
    <ele>1305.4</ele>
   </trkpt>
   <trkpt lat="4.8086310" lon="-75.7478370">
    <ele>1305.4</ele>
   </trkpt>
   <trkpt lat="4.8086280" lon="-75.7478580">
    <ele>1305.5</ele>
   </trkpt>
   <trkpt lat="4.8086250" lon="-75.7478790">
    <ele>1305.5</ele>
   </trkpt>
   <trkpt lat="4.8086210" lon="-75.7479010">
    <ele>1305.5</ele>
   </trkpt>
   <trkpt lat="4.8086180" lon="-75.7479230">
    <ele>1305.6</ele>
   </trkpt>
   <trkpt lat="4.8086150" lon="-75.7479450">
    <ele>1305.6</ele>
   </trkpt>
   <trkpt lat="4.8086120" lon="-75.7479670">
    <ele>1305.6</ele>
   </trkpt>
   <trkpt lat="4.8086100" lon="-75.7479890">
    <ele>1305.7</ele>
   </trkpt>
   <trkpt lat="4.8086070" lon="-75.7480090">
    <ele>1305.7</ele>
   </trkpt>
   <trkpt lat="4.8086050" lon="-75.7480280">
    <ele>1305.7</ele>
   </trkpt>
   <trkpt lat="4.8086040" lon="-75.7480460">
    <ele>1305.8</ele>
   </trkpt>
   <trkpt lat="4.8086020" lon="-75.7480640">
    <ele>1305.8</ele>
   </trkpt>
   <trkpt lat="4.8086020" lon="-75.7480820">
    <ele>1305.8</ele>
   </trkpt>
   <trkpt lat="4.8086000" lon="-75.7481020">
    <ele>1305.8</ele>
   </trkpt>
   <trkpt lat="4.8085980" lon="-75.7481210">
    <ele>1305.9</ele>
   </trkpt>
   <trkpt lat="4.8085960" lon="-75.7481400">
    <ele>1305.9</ele>
   </trkpt>
   <trkpt lat="4.8085930" lon="-75.7481590">
    <ele>1305.9</ele>
   </trkpt>
   <trkpt lat="4.8085890" lon="-75.7481770">
    <ele>1306.0</ele>
   </trkpt>
   <trkpt lat="4.8085860" lon="-75.7481960">
    <ele>1306.0</ele>
   </trkpt>
   <trkpt lat="4.8085850" lon="-75.7482160">
    <ele>1306.0</ele>
   </trkpt>
   <trkpt lat="4.8085840" lon="-75.7482380">
    <ele>1306.0</ele>
   </trkpt>
   <trkpt lat="4.8085850" lon="-75.7482640">
    <ele>1306.1</ele>
   </trkpt>
   <trkpt lat="4.8085860" lon="-75.7482910">
    <ele>1306.1</ele>
   </trkpt>
   <trkpt lat="4.8085880" lon="-75.7483170">
    <ele>1306.1</ele>
   </trkpt>
   <trkpt lat="4.8085890" lon="-75.7483550">
    <ele>1306.2</ele>
   </trkpt>
   <trkpt lat="4.8085900" lon="-75.7483870">
    <ele>1306.2</ele>
   </trkpt>
   <trkpt lat="4.8085910" lon="-75.7484140">
    <ele>1306.2</ele>
   </trkpt>
   <trkpt lat="4.8085920" lon="-75.7484330">
    <ele>1306.3</ele>
   </trkpt>
   <trkpt lat="4.8085930" lon="-75.7484370">
    <ele>1306.3</ele>
   </trkpt>
   <trkpt lat="4.8085950" lon="-75.7484440">
    <ele>1306.3</ele>
   </trkpt>
   <trkpt lat="4.8085960" lon="-75.7484530">
    <ele>1306.3</ele>
   </trkpt>
   <trkpt lat="4.8085980" lon="-75.7484680">
    <ele>1306.3</ele>
   </trkpt>
   <trkpt lat="4.8086000" lon="-75.7484850">
    <ele>1306.3</ele>
   </trkpt>
   <trkpt lat="4.8086030" lon="-75.7485050">
    <ele>1306.3</ele>
   </trkpt>
   <trkpt lat="4.8086050" lon="-75.7485260">
    <ele>1306.4</ele>
   </trkpt>
   <trkpt lat="4.8086070" lon="-75.7485470">
    <ele>1306.4</ele>
   </trkpt>
   <trkpt lat="4.8086090" lon="-75.7485680">
    <ele>1306.4</ele>
   </trkpt>
   <trkpt lat="4.8086120" lon="-75.7485890">
    <ele>1306.4</ele>
   </trkpt>
   <trkpt lat="4.8086140" lon="-75.7486100">
    <ele>1306.5</ele>
   </trkpt>
   <trkpt lat="4.8086160" lon="-75.7486320">
    <ele>1306.5</ele>
   </trkpt>
   <trkpt lat="4.8086160" lon="-75.7486530">
    <ele>1306.5</ele>
   </trkpt>
   <trkpt lat="4.8086170" lon="-75.7486750">
    <ele>1306.6</ele>
   </trkpt>
   <trkpt lat="4.8086180" lon="-75.7486970">
    <ele>1306.6</ele>
   </trkpt>
   <trkpt lat="4.8086200" lon="-75.7487180">
    <ele>1306.6</ele>
   </trkpt>
   <trkpt lat="4.8086220" lon="-75.7487400">
    <ele>1306.7</ele>
   </trkpt>
   <trkpt lat="4.8086250" lon="-75.7487630">
    <ele>1306.7</ele>
   </trkpt>
   <trkpt lat="4.8086290" lon="-75.7487840">
    <ele>1306.7</ele>
   </trkpt>
   <trkpt lat="4.8086320" lon="-75.7488050">
    <ele>1306.8</ele>
   </trkpt>
   <trkpt lat="4.8086360" lon="-75.7488240">
    <ele>1306.8</ele>
   </trkpt>
   <trkpt lat="4.8086390" lon="-75.7488410">
    <ele>1306.8</ele>
   </trkpt>
   <trkpt lat="4.8086420" lon="-75.7488560">
    <ele>1306.9</ele>
   </trkpt>
   <trkpt lat="4.8086450" lon="-75.7488690">
    <ele>1306.9</ele>
   </trkpt>
   <trkpt lat="4.8086470" lon="-75.7488820">
    <ele>1306.9</ele>
   </trkpt>
   <trkpt lat="4.8086500" lon="-75.7488960">
    <ele>1306.9</ele>
   </trkpt>
   <trkpt lat="4.8086540" lon="-75.7489130">
    <ele>1307.0</ele>
   </trkpt>
   <trkpt lat="4.8086590" lon="-75.7489310">
    <ele>1307.0</ele>
   </trkpt>
   <trkpt lat="4.8086630" lon="-75.7489510">
    <ele>1307.0</ele>
   </trkpt>
   <trkpt lat="4.8086680" lon="-75.7489710">
    <ele>1307.1</ele>
   </trkpt>
   <trkpt lat="4.8086720" lon="-75.7489900">
    <ele>1307.1</ele>
   </trkpt>
   <trkpt lat="4.8086720" lon="-75.7490100">
    <ele>1307.2</ele>
   </trkpt>
   <trkpt lat="4.8086720" lon="-75.7490300">
    <ele>1307.2</ele>
   </trkpt>
   <trkpt lat="4.8086730" lon="-75.7490500">
    <ele>1307.3</ele>
   </trkpt>
   <trkpt lat="4.8086730" lon="-75.7490710">
    <ele>1307.3</ele>
   </trkpt>
   <trkpt lat="4.8086780" lon="-75.7490920">
    <ele>1307.3</ele>
   </trkpt>
   <trkpt lat="4.8086830" lon="-75.7491140">
    <ele>1307.4</ele>
   </trkpt>
   <trkpt lat="4.8086890" lon="-75.7491360">
    <ele>1307.4</ele>
   </trkpt>
   <trkpt lat="4.8086960" lon="-75.7491600">
    <ele>1307.5</ele>
   </trkpt>
   <trkpt lat="4.8087020" lon="-75.7491810">
    <ele>1307.5</ele>
   </trkpt>
   <trkpt lat="4.8087120" lon="-75.7492070">
    <ele>1307.6</ele>
   </trkpt>
   <trkpt lat="4.8087230" lon="-75.7492310">
    <ele>1307.7</ele>
   </trkpt>
   <trkpt lat="4.8087330" lon="-75.7492540">
    <ele>1307.7</ele>
   </trkpt>
   <trkpt lat="4.8087450" lon="-75.7492770">
    <ele>1307.8</ele>
   </trkpt>
   <trkpt lat="4.8087540" lon="-75.7492950">
    <ele>1307.8</ele>
   </trkpt>
   <trkpt lat="4.8087640" lon="-75.7493120">
    <ele>1307.8</ele>
   </trkpt>
   <trkpt lat="4.8087730" lon="-75.7493310">
    <ele>1307.9</ele>
   </trkpt>
   <trkpt lat="4.8087830" lon="-75.7493490">
    <ele>1307.9</ele>
   </trkpt>
   <trkpt lat="4.8087930" lon="-75.7493680">
    <ele>1308.0</ele>
   </trkpt>
   <trkpt lat="4.8088020" lon="-75.7493860">
    <ele>1308.0</ele>
   </trkpt>
   <trkpt lat="4.8088120" lon="-75.7494040">
    <ele>1308.0</ele>
   </trkpt>
   <trkpt lat="4.8088210" lon="-75.7494220">
    <ele>1308.1</ele>
   </trkpt>
   <trkpt lat="4.8088310" lon="-75.7494390">
    <ele>1308.1</ele>
   </trkpt>
   <trkpt lat="4.8088400" lon="-75.7494570">
    <ele>1308.2</ele>
   </trkpt>
   <trkpt lat="4.8088500" lon="-75.7494750">
    <ele>1308.2</ele>
   </trkpt>
   <trkpt lat="4.8088600" lon="-75.7494920">
    <ele>1308.2</ele>
   </trkpt>
   <trkpt lat="4.8088690" lon="-75.7495100">
    <ele>1308.3</ele>
   </trkpt>
   <trkpt lat="4.8088790" lon="-75.7495280">
    <ele>1308.3</ele>
   </trkpt>
   <trkpt lat="4.8088890" lon="-75.7495460">
    <ele>1308.3</ele>
   </trkpt>
   <trkpt lat="4.8088990" lon="-75.7495650">
    <ele>1308.4</ele>
   </trkpt>
   <trkpt lat="4.8089100" lon="-75.7495830">
    <ele>1308.4</ele>
   </trkpt>
   <trkpt lat="4.8089200" lon="-75.7496020">
    <ele>1308.5</ele>
   </trkpt>
   <trkpt lat="4.8089310" lon="-75.7496220">
    <ele>1308.5</ele>
   </trkpt>
   <trkpt lat="4.8089420" lon="-75.7496410">
    <ele>1308.5</ele>
   </trkpt>
   <trkpt lat="4.8089520" lon="-75.7496600">
    <ele>1308.6</ele>
   </trkpt>
   <trkpt lat="4.8089630" lon="-75.7496790">
    <ele>1308.6</ele>
   </trkpt>
   <trkpt lat="4.8089730" lon="-75.7496980">
    <ele>1308.6</ele>
   </trkpt>
   <trkpt lat="4.8089830" lon="-75.7497160">
    <ele>1308.7</ele>
   </trkpt>
   <trkpt lat="4.8089930" lon="-75.7497340">
    <ele>1308.7</ele>
   </trkpt>
   <trkpt lat="4.8090030" lon="-75.7497530">
    <ele>1308.7</ele>
   </trkpt>
   <trkpt lat="4.8090140" lon="-75.7497720">
    <ele>1308.8</ele>
   </trkpt>
   <trkpt lat="4.8090240" lon="-75.7497910">
    <ele>1308.8</ele>
   </trkpt>
   <trkpt lat="4.8090340" lon="-75.7498100">
    <ele>1308.8</ele>
   </trkpt>
   <trkpt lat="4.8090450" lon="-75.7498290">
    <ele>1308.9</ele>
   </trkpt>
   <trkpt lat="4.8090540" lon="-75.7498470">
    <ele>1308.9</ele>
   </trkpt>
   <trkpt lat="4.8090630" lon="-75.7498630">
    <ele>1308.9</ele>
   </trkpt>
   <trkpt lat="4.8090720" lon="-75.7498790">
    <ele>1308.9</ele>
   </trkpt>
   <trkpt lat="4.8090820" lon="-75.7498960">
    <ele>1308.9</ele>
   </trkpt>
   <trkpt lat="4.8090910" lon="-75.7499140">
    <ele>1308.9</ele>
   </trkpt>
   <trkpt lat="4.8091020" lon="-75.7499320">
    <ele>1308.9</ele>
   </trkpt>
   <trkpt lat="4.8091110" lon="-75.7499500">
    <ele>1308.9</ele>
   </trkpt>
   <trkpt lat="4.8091200" lon="-75.7499650">
    <ele>1308.9</ele>
   </trkpt>
   <trkpt lat="4.8091280" lon="-75.7499790">
    <ele>1308.9</ele>
   </trkpt>
   <trkpt lat="4.8091340" lon="-75.7499920">
    <ele>1308.9</ele>
   </trkpt>
   <trkpt lat="4.8091430" lon="-75.7500080">
    <ele>1309.0</ele>
   </trkpt>
   <trkpt lat="4.8091520" lon="-75.7500250">
    <ele>1309.0</ele>
   </trkpt>
   <trkpt lat="4.8091610" lon="-75.7500410">
    <ele>1309.0</ele>
   </trkpt>
   <trkpt lat="4.8091700" lon="-75.7500580">
    <ele>1309.0</ele>
   </trkpt>
   <trkpt lat="4.8091790" lon="-75.7500740">
    <ele>1309.0</ele>
   </trkpt>
   <trkpt lat="4.8091870" lon="-75.7500910">
    <ele>1309.0</ele>
   </trkpt>
   <trkpt lat="4.8091960" lon="-75.7501070">
    <ele>1309.0</ele>
   </trkpt>
   <trkpt lat="4.8092050" lon="-75.7501240">
    <ele>1309.0</ele>
   </trkpt>
   <trkpt lat="4.8092050" lon="-75.7501240">
    <ele>1309.0</ele>
   </trkpt>
   <trkpt lat="4.8092050" lon="-75.7501240">
    <ele>1309.0</ele>
   </trkpt>
   <trkpt lat="4.8092050" lon="-75.7501240">
    <ele>1309.0</ele>
   </trkpt>
   <trkpt lat="4.8092050" lon="-75.7501240">
    <ele>1309.0</ele>
   </trkpt>
   <trkpt lat="4.8092050" lon="-75.7501240">
    <ele>1309.0</ele>
   </trkpt>
   <trkpt lat="4.8092050" lon="-75.7501240">
    <ele>1309.0</ele>
   </trkpt>
   <trkpt lat="4.8092050" lon="-75.7501240">
    <ele>1309.0</ele>
   </trkpt>
   <trkpt lat="4.8092050" lon="-75.7501240">
    <ele>1309.0</ele>
   </trkpt>
   <trkpt lat="4.8092050" lon="-75.7501240">
    <ele>1309.0</ele>
   </trkpt>
   <trkpt lat="4.8092050" lon="-75.7501240">
    <ele>1309.0</ele>
   </trkpt>
   <trkpt lat="4.8092050" lon="-75.7501240">
    <ele>1309.0</ele>
   </trkpt>
   <trkpt lat="4.8092050" lon="-75.7501240">
    <ele>1309.0</ele>
   </trkpt>
   <trkpt lat="4.8092050" lon="-75.7501240">
    <ele>1309.0</ele>
   </trkpt>
   <trkpt lat="4.8092050" lon="-75.7501240">
    <ele>1309.0</ele>
   </trkpt>
   <trkpt lat="4.8092050" lon="-75.7501240">
    <ele>1309.0</ele>
   </trkpt>
   <trkpt lat="4.8092050" lon="-75.7501240">
    <ele>1309.0</ele>
   </trkpt>
   <trkpt lat="4.8092050" lon="-75.7501240">
    <ele>1309.0</ele>
   </trkpt>
   <trkpt lat="4.8092050" lon="-75.7501240">
    <ele>1309.0</ele>
   </trkpt>
   <trkpt lat="4.8092050" lon="-75.7501240">
    <ele>1309.0</ele>
   </trkpt>
   <trkpt lat="4.8092050" lon="-75.7501240">
    <ele>1309.0</ele>
   </trkpt>
   <trkpt lat="4.8092050" lon="-75.7501240">
    <ele>1309.0</ele>
   </trkpt>
   <trkpt lat="4.8092050" lon="-75.7501240">
    <ele>1309.0</ele>
   </trkpt>
   <trkpt lat="4.8092050" lon="-75.7501240">
    <ele>1309.0</ele>
   </trkpt>
   <trkpt lat="4.8092050" lon="-75.7501240">
    <ele>1309.0</ele>
   </trkpt>
   <trkpt lat="4.8092050" lon="-75.7501240">
    <ele>1309.0</ele>
   </trkpt>
   <trkpt lat="4.8092050" lon="-75.7501240">
    <ele>1309.0</ele>
   </trkpt>
   <trkpt lat="4.8092050" lon="-75.7501240">
    <ele>1309.0</ele>
   </trkpt>
   <trkpt lat="4.8092050" lon="-75.7501240">
    <ele>1309.0</ele>
   </trkpt>
   <trkpt lat="4.8092050" lon="-75.7501240">
    <ele>1309.0</ele>
   </trkpt>
   <trkpt lat="4.8092050" lon="-75.7501240">
    <ele>1309.0</ele>
   </trkpt>
   <trkpt lat="4.8092050" lon="-75.7501240">
    <ele>1309.0</ele>
   </trkpt>
   <trkpt lat="4.8092050" lon="-75.7501240">
    <ele>1309.0</ele>
   </trkpt>
   <trkpt lat="4.8092050" lon="-75.7501240">
    <ele>1309.0</ele>
   </trkpt>
   <trkpt lat="4.8092050" lon="-75.7501240">
    <ele>1309.0</ele>
   </trkpt>
   <trkpt lat="4.8092050" lon="-75.7501240">
    <ele>1309.0</ele>
   </trkpt>
   <trkpt lat="4.8092050" lon="-75.7501240">
    <ele>1309.0</ele>
   </trkpt>
   <trkpt lat="4.8092050" lon="-75.7501240">
    <ele>1309.0</ele>
   </trkpt>
   <trkpt lat="4.8092050" lon="-75.7501240">
    <ele>1309.0</ele>
   </trkpt>
   <trkpt lat="4.8092050" lon="-75.7501240">
    <ele>1309.0</ele>
   </trkpt>
   <trkpt lat="4.8092050" lon="-75.7501240">
    <ele>1309.0</ele>
   </trkpt>
   <trkpt lat="4.8092050" lon="-75.7501240">
    <ele>1309.0</ele>
   </trkpt>
   <trkpt lat="4.8092050" lon="-75.7501240">
    <ele>1309.0</ele>
   </trkpt>
   <trkpt lat="4.8092050" lon="-75.7501240">
    <ele>1309.0</ele>
   </trkpt>
   <trkpt lat="4.8092050" lon="-75.7501240">
    <ele>1309.0</ele>
   </trkpt>
   <trkpt lat="4.8092050" lon="-75.7501240">
    <ele>1309.0</ele>
   </trkpt>
   <trkpt lat="4.8092050" lon="-75.7501240">
    <ele>1309.0</ele>
   </trkpt>
   <trkpt lat="4.8092050" lon="-75.7501240">
    <ele>1309.0</ele>
   </trkpt>
   <trkpt lat="4.8092050" lon="-75.7501240">
    <ele>1309.0</ele>
   </trkpt>
   <trkpt lat="4.8092050" lon="-75.7501240">
    <ele>1309.0</ele>
   </trkpt>
   <trkpt lat="4.8092050" lon="-75.7501240">
    <ele>1309.0</ele>
   </trkpt>
   <trkpt lat="4.8092050" lon="-75.7501240">
    <ele>1309.0</ele>
   </trkpt>
   <trkpt lat="4.8092050" lon="-75.7501240">
    <ele>1309.0</ele>
   </trkpt>
   <trkpt lat="4.8092050" lon="-75.7501240">
    <ele>1309.0</ele>
   </trkpt>
   <trkpt lat="4.8092050" lon="-75.7501240">
    <ele>1309.0</ele>
   </trkpt>
   <trkpt lat="4.8092050" lon="-75.7501240">
    <ele>1309.0</ele>
   </trkpt>
   <trkpt lat="4.8092050" lon="-75.7501240">
    <ele>1309.0</ele>
   </trkpt>
   <trkpt lat="4.8092050" lon="-75.7501240">
    <ele>1309.0</ele>
   </trkpt>
   <trkpt lat="4.8092050" lon="-75.7501240">
    <ele>1309.0</ele>
   </trkpt>
   <trkpt lat="4.8092050" lon="-75.7501240">
    <ele>1309.0</ele>
   </trkpt>
   <trkpt lat="4.8092050" lon="-75.7501240">
    <ele>1309.0</ele>
   </trkpt>
   <trkpt lat="4.8092050" lon="-75.7501240">
    <ele>1309.0</ele>
   </trkpt>
   <trkpt lat="4.8092050" lon="-75.7501240">
    <ele>1309.0</ele>
   </trkpt>
   <trkpt lat="4.8092050" lon="-75.7501240">
    <ele>1309.0</ele>
   </trkpt>
   <trkpt lat="4.8092050" lon="-75.7501240">
    <ele>1309.0</ele>
   </trkpt>
   <trkpt lat="4.8092050" lon="-75.7501240">
    <ele>1309.0</ele>
   </trkpt>
   <trkpt lat="4.8092050" lon="-75.7501240">
    <ele>1309.0</ele>
   </trkpt>
   <trkpt lat="4.8092050" lon="-75.7501240">
    <ele>1309.0</ele>
   </trkpt>
   <trkpt lat="4.8092050" lon="-75.7501240">
    <ele>1309.0</ele>
   </trkpt>
   <trkpt lat="4.8092050" lon="-75.7501240">
    <ele>1309.0</ele>
   </trkpt>
   <trkpt lat="4.8092050" lon="-75.7501240">
    <ele>1309.0</ele>
   </trkpt>
   <trkpt lat="4.8092050" lon="-75.7501240">
    <ele>1309.0</ele>
   </trkpt>
   <trkpt lat="4.8092050" lon="-75.7501240">
    <ele>1309.0</ele>
   </trkpt>
   <trkpt lat="4.8092050" lon="-75.7501240">
    <ele>1309.0</ele>
   </trkpt>
   <trkpt lat="4.8092050" lon="-75.7501240">
    <ele>1309.0</ele>
   </trkpt>
   <trkpt lat="4.8092050" lon="-75.7501240">
    <ele>1309.0</ele>
   </trkpt>
   <trkpt lat="4.8092050" lon="-75.7501240">
    <ele>1309.0</ele>
   </trkpt>
   <trkpt lat="4.8092050" lon="-75.7501240">
    <ele>1309.0</ele>
   </trkpt>
   <trkpt lat="4.8092050" lon="-75.7501240">
    <ele>1309.0</ele>
   </trkpt>
   <trkpt lat="4.8092050" lon="-75.7501240">
    <ele>1309.0</ele>
   </trkpt>
   <trkpt lat="4.8092050" lon="-75.7501240">
    <ele>1309.0</ele>
   </trkpt>
   <trkpt lat="4.8092050" lon="-75.7501240">
    <ele>1309.0</ele>
   </trkpt>
   <trkpt lat="4.8092050" lon="-75.7501240">
    <ele>1309.0</ele>
   </trkpt>
   <trkpt lat="4.8092050" lon="-75.7501240">
    <ele>1309.0</ele>
   </trkpt>
   <trkpt lat="4.8092050" lon="-75.7501240">
    <ele>1309.0</ele>
   </trkpt>
   <trkpt lat="4.8092050" lon="-75.7501240">
    <ele>1309.0</ele>
   </trkpt>
   <trkpt lat="4.8092050" lon="-75.7501240">
    <ele>1309.0</ele>
   </trkpt>
   <trkpt lat="4.8092050" lon="-75.7501240">
    <ele>1309.0</ele>
   </trkpt>
   <trkpt lat="4.8092050" lon="-75.7501240">
    <ele>1309.0</ele>
   </trkpt>
   <trkpt lat="4.8092050" lon="-75.7501240">
    <ele>1309.0</ele>
   </trkpt>
   <trkpt lat="4.8092050" lon="-75.7501240">
    <ele>1309.0</ele>
   </trkpt>
   <trkpt lat="4.8092050" lon="-75.7501240">
    <ele>1309.0</ele>
   </trkpt>
   <trkpt lat="4.8092050" lon="-75.7501240">
    <ele>1309.0</ele>
   </trkpt>
   <trkpt lat="4.8092050" lon="-75.7501240">
    <ele>1309.0</ele>
   </trkpt>
   <trkpt lat="4.8092050" lon="-75.7501240">
    <ele>1309.0</ele>
   </trkpt>
   <trkpt lat="4.8092050" lon="-75.7501240">
    <ele>1309.0</ele>
   </trkpt>
   <trkpt lat="4.8092050" lon="-75.7501240">
    <ele>1309.0</ele>
   </trkpt>
   <trkpt lat="4.8092050" lon="-75.7501240">
    <ele>1309.0</ele>
   </trkpt>
   <trkpt lat="4.8092050" lon="-75.7501240">
    <ele>1309.0</ele>
   </trkpt>
   <trkpt lat="4.8092050" lon="-75.7501240">
    <ele>1309.0</ele>
   </trkpt>
   <trkpt lat="4.8092050" lon="-75.7501240">
    <ele>1309.0</ele>
   </trkpt>
   <trkpt lat="4.8092050" lon="-75.7501240">
    <ele>1309.0</ele>
   </trkpt>
   <trkpt lat="4.8092050" lon="-75.7501240">
    <ele>1309.0</ele>
   </trkpt>
   <trkpt lat="4.8092050" lon="-75.7501240">
    <ele>1309.0</ele>
   </trkpt>
   <trkpt lat="4.8092050" lon="-75.7501240">
    <ele>1309.0</ele>
   </trkpt>
   <trkpt lat="4.8092050" lon="-75.7501240">
    <ele>1309.0</ele>
   </trkpt>
   <trkpt lat="4.8092050" lon="-75.7501240">
    <ele>1309.0</ele>
   </trkpt>
   <trkpt lat="4.8092050" lon="-75.7501240">
    <ele>1309.0</ele>
   </trkpt>
   <trkpt lat="4.8092050" lon="-75.7501240">
    <ele>1309.0</ele>
   </trkpt>
   <trkpt lat="4.8092050" lon="-75.7501240">
    <ele>1309.0</ele>
   </trkpt>
   <trkpt lat="4.8092050" lon="-75.7501240">
    <ele>1309.0</ele>
   </trkpt>
   <trkpt lat="4.8092050" lon="-75.7501240">
    <ele>1309.0</ele>
   </trkpt>
   <trkpt lat="4.8092050" lon="-75.7501240">
    <ele>1309.0</ele>
   </trkpt>
   <trkpt lat="4.8092050" lon="-75.7501240">
    <ele>1309.0</ele>
   </trkpt>
   <trkpt lat="4.8092050" lon="-75.7501240">
    <ele>1309.0</ele>
   </trkpt>
   <trkpt lat="4.8092050" lon="-75.7501240">
    <ele>1309.0</ele>
   </trkpt>
   <trkpt lat="4.8092050" lon="-75.7501240">
    <ele>1309.0</ele>
   </trkpt>
   <trkpt lat="4.8092050" lon="-75.7501240">
    <ele>1309.0</ele>
   </trkpt>
   <trkpt lat="4.8092050" lon="-75.7501240">
    <ele>1309.0</ele>
   </trkpt>
   <trkpt lat="4.8092050" lon="-75.7501240">
    <ele>1309.0</ele>
   </trkpt>
   <trkpt lat="4.8092050" lon="-75.7501240">
    <ele>1309.0</ele>
   </trkpt>
   <trkpt lat="4.8092050" lon="-75.7501240">
    <ele>1309.0</ele>
   </trkpt>
   <trkpt lat="4.8092050" lon="-75.7501240">
    <ele>1309.0</ele>
   </trkpt>
   <trkpt lat="4.8092050" lon="-75.7501240">
    <ele>1309.0</ele>
   </trkpt>
   <trkpt lat="4.8092050" lon="-75.7501240">
    <ele>1309.0</ele>
   </trkpt>
   <trkpt lat="4.8092050" lon="-75.7501240">
    <ele>1309.0</ele>
   </trkpt>
   <trkpt lat="4.8092050" lon="-75.7501240">
    <ele>1309.0</ele>
   </trkpt>
   <trkpt lat="4.8092050" lon="-75.7501240">
    <ele>1309.0</ele>
   </trkpt>
   <trkpt lat="4.8092050" lon="-75.7501240">
    <ele>1309.0</ele>
   </trkpt>
   <trkpt lat="4.8092050" lon="-75.7501240">
    <ele>1309.0</ele>
   </trkpt>
   <trkpt lat="4.8092050" lon="-75.7501240">
    <ele>1309.0</ele>
   </trkpt>
   <trkpt lat="4.8092050" lon="-75.7501240">
    <ele>1309.0</ele>
   </trkpt>
   <trkpt lat="4.8092050" lon="-75.7501240">
    <ele>1309.0</ele>
   </trkpt>
   <trkpt lat="4.8092050" lon="-75.7501240">
    <ele>1309.0</ele>
   </trkpt>
   <trkpt lat="4.8092050" lon="-75.7501240">
    <ele>1309.0</ele>
   </trkpt>
   <trkpt lat="4.8092050" lon="-75.7501240">
    <ele>1309.0</ele>
   </trkpt>
   <trkpt lat="4.8092050" lon="-75.7501240">
    <ele>1309.0</ele>
   </trkpt>
   <trkpt lat="4.8092050" lon="-75.7501240">
    <ele>1309.0</ele>
   </trkpt>
   <trkpt lat="4.8092050" lon="-75.7501240">
    <ele>1309.0</ele>
   </trkpt>
   <trkpt lat="4.8092050" lon="-75.7501240">
    <ele>1309.0</ele>
   </trkpt>
   <trkpt lat="4.8092050" lon="-75.7501240">
    <ele>1309.0</ele>
   </trkpt>
   <trkpt lat="4.8092150" lon="-75.7501410">
    <ele>1309.0</ele>
   </trkpt>
   <trkpt lat="4.8092250" lon="-75.7501580">
    <ele>1309.0</ele>
   </trkpt>
   <trkpt lat="4.8092350" lon="-75.7501760">
    <ele>1309.1</ele>
   </trkpt>
   <trkpt lat="4.8092450" lon="-75.7501930">
    <ele>1309.1</ele>
   </trkpt>
   <trkpt lat="4.8092550" lon="-75.7502100">
    <ele>1309.1</ele>
   </trkpt>
   <trkpt lat="4.8092650" lon="-75.7502280">
    <ele>1309.1</ele>
   </trkpt>
   <trkpt lat="4.8092750" lon="-75.7502450">
    <ele>1309.2</ele>
   </trkpt>
   <trkpt lat="4.8092780" lon="-75.7502490">
    <ele>1309.2</ele>
   </trkpt>
   <trkpt lat="4.8092810" lon="-75.7502540">
    <ele>1309.2</ele>
   </trkpt>
   <trkpt lat="4.8092860" lon="-75.7502610">
    <ele>1309.2</ele>
   </trkpt>
   <trkpt lat="4.8092910" lon="-75.7502690">
    <ele>1309.2</ele>
   </trkpt>
   <trkpt lat="4.8092970" lon="-75.7502790">
    <ele>1309.2</ele>
   </trkpt>
   <trkpt lat="4.8093040" lon="-75.7502890">
    <ele>1309.2</ele>
   </trkpt>
   <trkpt lat="4.8093100" lon="-75.7502990">
    <ele>1309.3</ele>
   </trkpt>
   <trkpt lat="4.8093180" lon="-75.7503110">
    <ele>1309.3</ele>
   </trkpt>
   <trkpt lat="4.8093260" lon="-75.7503240">
    <ele>1309.3</ele>
   </trkpt>
   <trkpt lat="4.8093340" lon="-75.7503370">
    <ele>1309.3</ele>
   </trkpt>
   <trkpt lat="4.8093430" lon="-75.7503520">
    <ele>1309.4</ele>
   </trkpt>
   <trkpt lat="4.8093510" lon="-75.7503660">
    <ele>1309.4</ele>
   </trkpt>
   <trkpt lat="4.8093610" lon="-75.7503810">
    <ele>1309.4</ele>
   </trkpt>
   <trkpt lat="4.8093700" lon="-75.7503960">
    <ele>1309.5</ele>
   </trkpt>
   <trkpt lat="4.8093800" lon="-75.7504120">
    <ele>1309.5</ele>
   </trkpt>
   <trkpt lat="4.8093900" lon="-75.7504300">
    <ele>1309.6</ele>
   </trkpt>
   <trkpt lat="4.8094010" lon="-75.7504480">
    <ele>1309.6</ele>
   </trkpt>
   <trkpt lat="4.8094130" lon="-75.7504680">
    <ele>1309.7</ele>
   </trkpt>
   <trkpt lat="4.8094260" lon="-75.7504880">
    <ele>1309.7</ele>
   </trkpt>
   <trkpt lat="4.8094370" lon="-75.7505070">
    <ele>1309.8</ele>
   </trkpt>
   <trkpt lat="4.8094480" lon="-75.7505250">
    <ele>1309.9</ele>
   </trkpt>
   <trkpt lat="4.8094590" lon="-75.7505420">
    <ele>1309.9</ele>
   </trkpt>
   <trkpt lat="4.8094680" lon="-75.7505570">
    <ele>1309.9</ele>
   </trkpt>
   <trkpt lat="4.8094780" lon="-75.7505720">
    <ele>1310.0</ele>
   </trkpt>
   <trkpt lat="4.8094870" lon="-75.7505880">
    <ele>1310.0</ele>
   </trkpt>
   <trkpt lat="4.8094980" lon="-75.7506060">
    <ele>1310.1</ele>
   </trkpt>
   <trkpt lat="4.8095090" lon="-75.7506240">
    <ele>1310.1</ele>
   </trkpt>
   <trkpt lat="4.8095210" lon="-75.7506430">
    <ele>1310.2</ele>
   </trkpt>
   <trkpt lat="4.8095320" lon="-75.7506610">
    <ele>1310.2</ele>
   </trkpt>
   <trkpt lat="4.8095420" lon="-75.7506780">
    <ele>1310.2</ele>
   </trkpt>
   <trkpt lat="4.8095520" lon="-75.7506950">
    <ele>1310.3</ele>
   </trkpt>
   <trkpt lat="4.8095610" lon="-75.7507110">
    <ele>1310.3</ele>
   </trkpt>
   <trkpt lat="4.8095690" lon="-75.7507270">
    <ele>1310.4</ele>
   </trkpt>
   <trkpt lat="4.8095780" lon="-75.7507430">
    <ele>1310.4</ele>
   </trkpt>
   <trkpt lat="4.8095860" lon="-75.7507590">
    <ele>1310.4</ele>
   </trkpt>
   <trkpt lat="4.8095950" lon="-75.7507760">
    <ele>1310.5</ele>
   </trkpt>
   <trkpt lat="4.8096050" lon="-75.7507940">
    <ele>1310.5</ele>
   </trkpt>
   <trkpt lat="4.8096150" lon="-75.7508120">
    <ele>1310.5</ele>
   </trkpt>
   <trkpt lat="4.8096250" lon="-75.7508300">
    <ele>1310.6</ele>
   </trkpt>
   <trkpt lat="4.8096340" lon="-75.7508470">
    <ele>1310.6</ele>
   </trkpt>
   <trkpt lat="4.8096430" lon="-75.7508630">
    <ele>1310.6</ele>
   </trkpt>
   <trkpt lat="4.8096520" lon="-75.7508780">
    <ele>1310.7</ele>
   </trkpt>
   <trkpt lat="4.8096590" lon="-75.7508920">
    <ele>1310.7</ele>
   </trkpt>
   <trkpt lat="4.8096660" lon="-75.7509040">
    <ele>1310.7</ele>
   </trkpt>
   <trkpt lat="4.8096730" lon="-75.7509170">
    <ele>1310.7</ele>
   </trkpt>
   <trkpt lat="4.8096800" lon="-75.7509300">
    <ele>1310.8</ele>
   </trkpt>
   <trkpt lat="4.8096890" lon="-75.7509450">
    <ele>1310.8</ele>
   </trkpt>
   <trkpt lat="4.8096970" lon="-75.7509620">
    <ele>1310.8</ele>
   </trkpt>
   <trkpt lat="4.8097070" lon="-75.7509790">
    <ele>1310.9</ele>
   </trkpt>
   <trkpt lat="4.8097150" lon="-75.7509950">
    <ele>1310.9</ele>
   </trkpt>
   <trkpt lat="4.8097240" lon="-75.7510110">
    <ele>1310.9</ele>
   </trkpt>
   <trkpt lat="4.8097320" lon="-75.7510260">
    <ele>1311.0</ele>
   </trkpt>
   <trkpt lat="4.8097400" lon="-75.7510410">
    <ele>1311.0</ele>
   </trkpt>
   <trkpt lat="4.8097480" lon="-75.7510570">
    <ele>1311.0</ele>
   </trkpt>
   <trkpt lat="4.8097570" lon="-75.7510730">
    <ele>1311.0</ele>
   </trkpt>
   <trkpt lat="4.8097650" lon="-75.7510890">
    <ele>1311.1</ele>
   </trkpt>
   <trkpt lat="4.8097750" lon="-75.7511070">
    <ele>1311.1</ele>
   </trkpt>
   <trkpt lat="4.8097840" lon="-75.7511230">
    <ele>1311.1</ele>
   </trkpt>
   <trkpt lat="4.8097930" lon="-75.7511400">
    <ele>1311.1</ele>
   </trkpt>
   <trkpt lat="4.8098010" lon="-75.7511550">
    <ele>1311.1</ele>
   </trkpt>
   <trkpt lat="4.8098100" lon="-75.7511690">
    <ele>1311.1</ele>
   </trkpt>
   <trkpt lat="4.8098190" lon="-75.7511830">
    <ele>1311.2</ele>
   </trkpt>
   <trkpt lat="4.8098280" lon="-75.7511970">
    <ele>1311.2</ele>
   </trkpt>
   <trkpt lat="4.8098410" lon="-75.7512100">
    <ele>1311.2</ele>
   </trkpt>
   <trkpt lat="4.8098530" lon="-75.7512240">
    <ele>1311.2</ele>
   </trkpt>
   <trkpt lat="4.8098650" lon="-75.7512380">
    <ele>1311.2</ele>
   </trkpt>
   <trkpt lat="4.8098760" lon="-75.7512530">
    <ele>1311.2</ele>
   </trkpt>
   <trkpt lat="4.8098850" lon="-75.7512700">
    <ele>1311.2</ele>
   </trkpt>
   <trkpt lat="4.8098930" lon="-75.7512870">
    <ele>1311.3</ele>
   </trkpt>
   <trkpt lat="4.8099000" lon="-75.7513020">
    <ele>1311.3</ele>
   </trkpt>
   <trkpt lat="4.8099070" lon="-75.7513140">
    <ele>1311.3</ele>
   </trkpt>
   <trkpt lat="4.8099140" lon="-75.7513240">
    <ele>1311.3</ele>
   </trkpt>
   <trkpt lat="4.8099220" lon="-75.7513350">
    <ele>1311.3</ele>
   </trkpt>
   <trkpt lat="4.8099310" lon="-75.7513470">
    <ele>1311.3</ele>
   </trkpt>
   <trkpt lat="4.8099400" lon="-75.7513620">
    <ele>1311.3</ele>
   </trkpt>
   <trkpt lat="4.8099500" lon="-75.7513800">
    <ele>1311.3</ele>
   </trkpt>
   <trkpt lat="4.8099600" lon="-75.7513990">
    <ele>1311.3</ele>
   </trkpt>
   <trkpt lat="4.8099700" lon="-75.7514180">
    <ele>1311.3</ele>
   </trkpt>
   <trkpt lat="4.8099800" lon="-75.7514370">
    <ele>1311.4</ele>
   </trkpt>
   <trkpt lat="4.8099890" lon="-75.7514560">
    <ele>1311.4</ele>
   </trkpt>
   <trkpt lat="4.8099970" lon="-75.7514730">
    <ele>1311.4</ele>
   </trkpt>
   <trkpt lat="4.8100060" lon="-75.7514910">
    <ele>1311.4</ele>
   </trkpt>
   <trkpt lat="4.8100150" lon="-75.7515090">
    <ele>1311.4</ele>
   </trkpt>
   <trkpt lat="4.8100230" lon="-75.7515260">
    <ele>1311.4</ele>
   </trkpt>
   <trkpt lat="4.8100310" lon="-75.7515440">
    <ele>1311.4</ele>
   </trkpt>
   <trkpt lat="4.8100400" lon="-75.7515620">
    <ele>1311.4</ele>
   </trkpt>
   <trkpt lat="4.8100480" lon="-75.7515800">
    <ele>1311.4</ele>
   </trkpt>
   <trkpt lat="4.8100550" lon="-75.7515980">
    <ele>1311.5</ele>
   </trkpt>
   <trkpt lat="4.8100630" lon="-75.7516160">
    <ele>1311.5</ele>
   </trkpt>
   <trkpt lat="4.8100700" lon="-75.7516320">
    <ele>1311.5</ele>
   </trkpt>
   <trkpt lat="4.8100760" lon="-75.7516490">
    <ele>1311.5</ele>
   </trkpt>
   <trkpt lat="4.8100830" lon="-75.7516660">
    <ele>1311.5</ele>
   </trkpt>
   <trkpt lat="4.8100900" lon="-75.7516830">
    <ele>1311.5</ele>
   </trkpt>
   <trkpt lat="4.8100970" lon="-75.7517010">
    <ele>1311.5</ele>
   </trkpt>
   <trkpt lat="4.8101030" lon="-75.7517180">
    <ele>1311.5</ele>
   </trkpt>
   <trkpt lat="4.8101100" lon="-75.7517350">
    <ele>1311.5</ele>
   </trkpt>
   <trkpt lat="4.8101160" lon="-75.7517510">
    <ele>1311.5</ele>
   </trkpt>
   <trkpt lat="4.8101230" lon="-75.7517680">
    <ele>1311.5</ele>
   </trkpt>
   <trkpt lat="4.8101290" lon="-75.7517850">
    <ele>1311.5</ele>
   </trkpt>
   <trkpt lat="4.8101360" lon="-75.7518020">
    <ele>1311.5</ele>
   </trkpt>
   <trkpt lat="4.8101420" lon="-75.7518180">
    <ele>1311.5</ele>
   </trkpt>
   <trkpt lat="4.8101460" lon="-75.7518340">
    <ele>1311.5</ele>
   </trkpt>
   <trkpt lat="4.8101520" lon="-75.7518520">
    <ele>1311.5</ele>
   </trkpt>
   <trkpt lat="4.8101560" lon="-75.7518710">
    <ele>1311.5</ele>
   </trkpt>
   <trkpt lat="4.8101620" lon="-75.7518900">
    <ele>1311.5</ele>
   </trkpt>
   <trkpt lat="4.8101690" lon="-75.7519090">
    <ele>1311.5</ele>
   </trkpt>
   <trkpt lat="4.8101750" lon="-75.7519260">
    <ele>1311.5</ele>
   </trkpt>
   <trkpt lat="4.8101820" lon="-75.7519430">
    <ele>1311.5</ele>
   </trkpt>
   <trkpt lat="4.8101880" lon="-75.7519610">
    <ele>1311.5</ele>
   </trkpt>
   <trkpt lat="4.8101960" lon="-75.7519790">
    <ele>1311.5</ele>
   </trkpt>
   <trkpt lat="4.8102040" lon="-75.7519960">
    <ele>1311.5</ele>
   </trkpt>
   <trkpt lat="4.8102120" lon="-75.7520150">
    <ele>1311.5</ele>
   </trkpt>
   <trkpt lat="4.8102200" lon="-75.7520340">
    <ele>1311.5</ele>
   </trkpt>
   <trkpt lat="4.8102280" lon="-75.7520530">
    <ele>1311.5</ele>
   </trkpt>
   <trkpt lat="4.8102350" lon="-75.7520720">
    <ele>1311.4</ele>
   </trkpt>
   <trkpt lat="4.8102410" lon="-75.7520910">
    <ele>1311.4</ele>
   </trkpt>
   <trkpt lat="4.8102470" lon="-75.7521100">
    <ele>1311.4</ele>
   </trkpt>
   <trkpt lat="4.8102520" lon="-75.7521290">
    <ele>1311.4</ele>
   </trkpt>
   <trkpt lat="4.8102580" lon="-75.7521500">
    <ele>1311.4</ele>
   </trkpt>
   <trkpt lat="4.8102640" lon="-75.7521690">
    <ele>1311.4</ele>
   </trkpt>
   <trkpt lat="4.8102690" lon="-75.7521880">
    <ele>1311.4</ele>
   </trkpt>
   <trkpt lat="4.8102750" lon="-75.7522070">
    <ele>1311.4</ele>
   </trkpt>
   <trkpt lat="4.8102810" lon="-75.7522250">
    <ele>1311.4</ele>
   </trkpt>
   <trkpt lat="4.8102860" lon="-75.7522440">
    <ele>1311.4</ele>
   </trkpt>
   <trkpt lat="4.8102920" lon="-75.7522640">
    <ele>1311.4</ele>
   </trkpt>
   <trkpt lat="4.8102980" lon="-75.7522840">
    <ele>1311.4</ele>
   </trkpt>
   <trkpt lat="4.8103040" lon="-75.7523040">
    <ele>1311.4</ele>
   </trkpt>
   <trkpt lat="4.8103110" lon="-75.7523240">
    <ele>1311.3</ele>
   </trkpt>
   <trkpt lat="4.8103170" lon="-75.7523450">
    <ele>1311.3</ele>
   </trkpt>
   <trkpt lat="4.8103240" lon="-75.7523660">
    <ele>1311.3</ele>
   </trkpt>
   <trkpt lat="4.8103310" lon="-75.7523870">
    <ele>1311.3</ele>
   </trkpt>
   <trkpt lat="4.8103390" lon="-75.7524070">
    <ele>1311.3</ele>
   </trkpt>
   <trkpt lat="4.8103460" lon="-75.7524280">
    <ele>1311.3</ele>
   </trkpt>
   <trkpt lat="4.8103530" lon="-75.7524480">
    <ele>1311.3</ele>
   </trkpt>
   <trkpt lat="4.8103600" lon="-75.7524680">
    <ele>1311.3</ele>
   </trkpt>
   <trkpt lat="4.8103670" lon="-75.7524890">
    <ele>1311.3</ele>
   </trkpt>
   <trkpt lat="4.8103740" lon="-75.7525090">
    <ele>1311.3</ele>
   </trkpt>
   <trkpt lat="4.8103810" lon="-75.7525300">
    <ele>1311.3</ele>
   </trkpt>
   <trkpt lat="4.8103880" lon="-75.7525520">
    <ele>1311.3</ele>
   </trkpt>
   <trkpt lat="4.8103960" lon="-75.7525730">
    <ele>1311.2</ele>
   </trkpt>
   <trkpt lat="4.8104030" lon="-75.7525960">
    <ele>1311.2</ele>
   </trkpt>
   <trkpt lat="4.8104110" lon="-75.7526180">
    <ele>1311.2</ele>
   </trkpt>
   <trkpt lat="4.8104180" lon="-75.7526410">
    <ele>1311.2</ele>
   </trkpt>
   <trkpt lat="4.8104260" lon="-75.7526630">
    <ele>1311.2</ele>
   </trkpt>
   <trkpt lat="4.8104330" lon="-75.7526850">
    <ele>1311.2</ele>
   </trkpt>
   <trkpt lat="4.8104400" lon="-75.7527070">
    <ele>1311.2</ele>
   </trkpt>
   <trkpt lat="4.8104470" lon="-75.7527280">
    <ele>1311.2</ele>
   </trkpt>
   <trkpt lat="4.8104550" lon="-75.7527500">
    <ele>1311.2</ele>
   </trkpt>
   <trkpt lat="4.8104620" lon="-75.7527710">
    <ele>1311.2</ele>
   </trkpt>
   <trkpt lat="4.8104690" lon="-75.7527910">
    <ele>1311.2</ele>
   </trkpt>
   <trkpt lat="4.8104750" lon="-75.7528090">
    <ele>1311.2</ele>
   </trkpt>
   <trkpt lat="4.8104820" lon="-75.7528280">
    <ele>1311.2</ele>
   </trkpt>
   <trkpt lat="4.8104890" lon="-75.7528460">
    <ele>1311.2</ele>
   </trkpt>
   <trkpt lat="4.8104970" lon="-75.7528650">
    <ele>1311.2</ele>
   </trkpt>
   <trkpt lat="4.8105040" lon="-75.7528840">
    <ele>1311.2</ele>
   </trkpt>
   <trkpt lat="4.8105120" lon="-75.7529030">
    <ele>1311.2</ele>
   </trkpt>
   <trkpt lat="4.8105200" lon="-75.7529220">
    <ele>1311.2</ele>
   </trkpt>
   <trkpt lat="4.8105270" lon="-75.7529410">
    <ele>1311.3</ele>
   </trkpt>
   <trkpt lat="4.8105350" lon="-75.7529600">
    <ele>1311.3</ele>
   </trkpt>
   <trkpt lat="4.8105420" lon="-75.7529800">
    <ele>1311.3</ele>
   </trkpt>
   <trkpt lat="4.8105500" lon="-75.7530000">
    <ele>1311.3</ele>
   </trkpt>
   <trkpt lat="4.8105570" lon="-75.7530200">
    <ele>1311.3</ele>
   </trkpt>
   <trkpt lat="4.8105650" lon="-75.7530380">
    <ele>1311.3</ele>
   </trkpt>
   <trkpt lat="4.8105730" lon="-75.7530570">
    <ele>1311.3</ele>
   </trkpt>
   <trkpt lat="4.8105800" lon="-75.7530760">
    <ele>1311.3</ele>
   </trkpt>
   <trkpt lat="4.8105880" lon="-75.7530940">
    <ele>1311.3</ele>
   </trkpt>
   <trkpt lat="4.8105950" lon="-75.7531140">
    <ele>1311.3</ele>
   </trkpt>
   <trkpt lat="4.8106020" lon="-75.7531340">
    <ele>1311.3</ele>
   </trkpt>
   <trkpt lat="4.8106090" lon="-75.7531540">
    <ele>1311.3</ele>
   </trkpt>
   <trkpt lat="4.8106140" lon="-75.7531750">
    <ele>1311.3</ele>
   </trkpt>
   <trkpt lat="4.8106190" lon="-75.7531960">
    <ele>1311.3</ele>
   </trkpt>
   <trkpt lat="4.8106240" lon="-75.7532170">
    <ele>1311.3</ele>
   </trkpt>
   <trkpt lat="4.8106280" lon="-75.7532380">
    <ele>1311.3</ele>
   </trkpt>
   <trkpt lat="4.8106320" lon="-75.7532580">
    <ele>1311.3</ele>
   </trkpt>
   <trkpt lat="4.8106350" lon="-75.7532770">
    <ele>1311.3</ele>
   </trkpt>
   <trkpt lat="4.8106370" lon="-75.7532950">
    <ele>1311.3</ele>
   </trkpt>
   <trkpt lat="4.8106400" lon="-75.7533120">
    <ele>1311.2</ele>
   </trkpt>
   <trkpt lat="4.8106430" lon="-75.7533300">
    <ele>1311.2</ele>
   </trkpt>
   <trkpt lat="4.8106470" lon="-75.7533480">
    <ele>1311.2</ele>
   </trkpt>
   <trkpt lat="4.8106530" lon="-75.7533670">
    <ele>1311.2</ele>
   </trkpt>
   <trkpt lat="4.8106590" lon="-75.7533860">
    <ele>1311.2</ele>
   </trkpt>
   <trkpt lat="4.8106650" lon="-75.7534050">
    <ele>1311.2</ele>
   </trkpt>
   <trkpt lat="4.8106710" lon="-75.7534230">
    <ele>1311.2</ele>
   </trkpt>
   <trkpt lat="4.8106760" lon="-75.7534420">
    <ele>1311.2</ele>
   </trkpt>
   <trkpt lat="4.8106820" lon="-75.7534600">
    <ele>1311.2</ele>
   </trkpt>
   <trkpt lat="4.8106880" lon="-75.7534780">
    <ele>1311.2</ele>
   </trkpt>
   <trkpt lat="4.8106940" lon="-75.7534960">
    <ele>1311.2</ele>
   </trkpt>
   <trkpt lat="4.8107000" lon="-75.7535140">
    <ele>1311.2</ele>
   </trkpt>
   <trkpt lat="4.8107070" lon="-75.7535340">
    <ele>1311.2</ele>
   </trkpt>
   <trkpt lat="4.8107140" lon="-75.7535530">
    <ele>1311.2</ele>
   </trkpt>
   <trkpt lat="4.8107200" lon="-75.7535710">
    <ele>1311.2</ele>
   </trkpt>
   <trkpt lat="4.8107270" lon="-75.7535900">
    <ele>1311.2</ele>
   </trkpt>
   <trkpt lat="4.8107330" lon="-75.7536070">
    <ele>1311.2</ele>
   </trkpt>
   <trkpt lat="4.8107390" lon="-75.7536250">
    <ele>1311.2</ele>
   </trkpt>
   <trkpt lat="4.8107450" lon="-75.7536430">
    <ele>1311.2</ele>
   </trkpt>
   <trkpt lat="4.8107520" lon="-75.7536630">
    <ele>1311.2</ele>
   </trkpt>
   <trkpt lat="4.8107580" lon="-75.7536830">
    <ele>1311.2</ele>
   </trkpt>
   <trkpt lat="4.8107650" lon="-75.7537030">
    <ele>1311.3</ele>
   </trkpt>
   <trkpt lat="4.8107720" lon="-75.7537210">
    <ele>1311.3</ele>
   </trkpt>
   <trkpt lat="4.8107780" lon="-75.7537390">
    <ele>1311.3</ele>
   </trkpt>
   <trkpt lat="4.8107880" lon="-75.7537560">
    <ele>1311.3</ele>
   </trkpt>
   <trkpt lat="4.8107970" lon="-75.7537720">
    <ele>1311.3</ele>
   </trkpt>
   <trkpt lat="4.8108030" lon="-75.7537910">
    <ele>1311.4</ele>
   </trkpt>
   <trkpt lat="4.8108090" lon="-75.7538120">
    <ele>1311.4</ele>
   </trkpt>
   <trkpt lat="4.8108130" lon="-75.7538340">
    <ele>1311.4</ele>
   </trkpt>
   <trkpt lat="4.8108180" lon="-75.7538570">
    <ele>1311.4</ele>
   </trkpt>
   <trkpt lat="4.8108270" lon="-75.7538790">
    <ele>1311.5</ele>
   </trkpt>
   <trkpt lat="4.8108360" lon="-75.7539010">
    <ele>1311.5</ele>
   </trkpt>
   <trkpt lat="4.8108440" lon="-75.7539220">
    <ele>1311.6</ele>
   </trkpt>
   <trkpt lat="4.8108530" lon="-75.7539420">
    <ele>1311.6</ele>
   </trkpt>
   <trkpt lat="4.8108610" lon="-75.7539620">
    <ele>1311.6</ele>
   </trkpt>
   <trkpt lat="4.8108690" lon="-75.7539820">
    <ele>1311.7</ele>
   </trkpt>
   <trkpt lat="4.8108800" lon="-75.7539980">
    <ele>1311.7</ele>
   </trkpt>
   <trkpt lat="4.8108890" lon="-75.7540220">
    <ele>1311.7</ele>
   </trkpt>
   <trkpt lat="4.8108980" lon="-75.7540460">
    <ele>1311.8</ele>
   </trkpt>
   <trkpt lat="4.8109070" lon="-75.7540700">
    <ele>1311.8</ele>
   </trkpt>
   <trkpt lat="4.8109140" lon="-75.7540980">
    <ele>1311.9</ele>
   </trkpt>
   <trkpt lat="4.8109210" lon="-75.7541180">
    <ele>1311.9</ele>
   </trkpt>
   <trkpt lat="4.8109290" lon="-75.7541380">
    <ele>1311.9</ele>
   </trkpt>
   <trkpt lat="4.8109360" lon="-75.7541580">
    <ele>1311.9</ele>
   </trkpt>
   <trkpt lat="4.8109440" lon="-75.7541780">
    <ele>1311.9</ele>
   </trkpt>
   <trkpt lat="4.8109520" lon="-75.7541980">
    <ele>1311.9</ele>
   </trkpt>
   <trkpt lat="4.8109590" lon="-75.7542180">
    <ele>1311.9</ele>
   </trkpt>
   <trkpt lat="4.8109670" lon="-75.7542380">
    <ele>1312.0</ele>
   </trkpt>
   <trkpt lat="4.8109740" lon="-75.7542590">
    <ele>1312.0</ele>
   </trkpt>
   <trkpt lat="4.8109820" lon="-75.7542790">
    <ele>1312.0</ele>
   </trkpt>
   <trkpt lat="4.8109890" lon="-75.7542990">
    <ele>1312.1</ele>
   </trkpt>
   <trkpt lat="4.8109970" lon="-75.7543200">
    <ele>1312.1</ele>
   </trkpt>
   <trkpt lat="4.8110040" lon="-75.7543410">
    <ele>1312.1</ele>
   </trkpt>
   <trkpt lat="4.8110120" lon="-75.7543630">
    <ele>1312.1</ele>
   </trkpt>
   <trkpt lat="4.8110190" lon="-75.7543840">
    <ele>1312.2</ele>
   </trkpt>
   <trkpt lat="4.8110270" lon="-75.7544070">
    <ele>1312.2</ele>
   </trkpt>
   <trkpt lat="4.8110340" lon="-75.7544290">
    <ele>1312.2</ele>
   </trkpt>
   <trkpt lat="4.8110410" lon="-75.7544520">
    <ele>1312.2</ele>
   </trkpt>
   <trkpt lat="4.8110490" lon="-75.7544750">
    <ele>1312.2</ele>
   </trkpt>
   <trkpt lat="4.8110550" lon="-75.7544970">
    <ele>1312.3</ele>
   </trkpt>
   <trkpt lat="4.8110600" lon="-75.7545180">
    <ele>1312.3</ele>
   </trkpt>
   <trkpt lat="4.8110650" lon="-75.7545370">
    <ele>1312.3</ele>
   </trkpt>
   <trkpt lat="4.8110700" lon="-75.7545560">
    <ele>1312.3</ele>
   </trkpt>
   <trkpt lat="4.8110770" lon="-75.7545740">
    <ele>1312.3</ele>
   </trkpt>
   <trkpt lat="4.8110830" lon="-75.7545950">
    <ele>1312.3</ele>
   </trkpt>
   <trkpt lat="4.8110910" lon="-75.7546160">
    <ele>1312.3</ele>
   </trkpt>
   <trkpt lat="4.8110980" lon="-75.7546360">
    <ele>1312.4</ele>
   </trkpt>
   <trkpt lat="4.8111040" lon="-75.7546560">
    <ele>1312.4</ele>
   </trkpt>
   <trkpt lat="4.8111100" lon="-75.7546740">
    <ele>1312.4</ele>
   </trkpt>
   <trkpt lat="4.8111160" lon="-75.7546900">
    <ele>1312.4</ele>
   </trkpt>
   <trkpt lat="4.8111200" lon="-75.7547030">
    <ele>1312.4</ele>
   </trkpt>
   <trkpt lat="4.8111220" lon="-75.7547140">
    <ele>1312.4</ele>
   </trkpt>
   <trkpt lat="4.8111250" lon="-75.7547230">
    <ele>1312.4</ele>
   </trkpt>
   <trkpt lat="4.8111270" lon="-75.7547300">
    <ele>1312.4</ele>
   </trkpt>
   <trkpt lat="4.8111300" lon="-75.7547370">
    <ele>1312.4</ele>
   </trkpt>
   <trkpt lat="4.8111330" lon="-75.7547450">
    <ele>1312.4</ele>
   </trkpt>
   <trkpt lat="4.8111360" lon="-75.7547550">
    <ele>1312.4</ele>
   </trkpt>
   <trkpt lat="4.8111400" lon="-75.7547670">
    <ele>1312.5</ele>
   </trkpt>
   <trkpt lat="4.8111450" lon="-75.7547810">
    <ele>1312.5</ele>
   </trkpt>
   <trkpt lat="4.8111500" lon="-75.7547980">
    <ele>1312.5</ele>
   </trkpt>
   <trkpt lat="4.8111560" lon="-75.7548180">
    <ele>1312.5</ele>
   </trkpt>
   <trkpt lat="4.8111620" lon="-75.7548380">
    <ele>1312.5</ele>
   </trkpt>
   <trkpt lat="4.8111700" lon="-75.7548580">
    <ele>1312.5</ele>
   </trkpt>
   <trkpt lat="4.8111780" lon="-75.7548790">
    <ele>1312.5</ele>
   </trkpt>
   <trkpt lat="4.8111860" lon="-75.7548990">
    <ele>1312.5</ele>
   </trkpt>
   <trkpt lat="4.8111930" lon="-75.7549190">
    <ele>1312.5</ele>
   </trkpt>
   <trkpt lat="4.8112010" lon="-75.7549390">
    <ele>1312.5</ele>
   </trkpt>
   <trkpt lat="4.8112080" lon="-75.7549590">
    <ele>1312.5</ele>
   </trkpt>
   <trkpt lat="4.8112150" lon="-75.7549800">
    <ele>1312.5</ele>
   </trkpt>
   <trkpt lat="4.8112220" lon="-75.7550000">
    <ele>1312.5</ele>
   </trkpt>
   <trkpt lat="4.8112290" lon="-75.7550220">
    <ele>1312.5</ele>
   </trkpt>
   <trkpt lat="4.8112350" lon="-75.7550430">
    <ele>1312.5</ele>
   </trkpt>
   <trkpt lat="4.8112420" lon="-75.7550650">
    <ele>1312.4</ele>
   </trkpt>
   <trkpt lat="4.8112480" lon="-75.7550870">
    <ele>1312.4</ele>
   </trkpt>
   <trkpt lat="4.8112550" lon="-75.7551090">
    <ele>1312.4</ele>
   </trkpt>
   <trkpt lat="4.8112610" lon="-75.7551310">
    <ele>1312.3</ele>
   </trkpt>
   <trkpt lat="4.8112680" lon="-75.7551530">
    <ele>1312.3</ele>
   </trkpt>
   <trkpt lat="4.8112740" lon="-75.7551760">
    <ele>1312.3</ele>
   </trkpt>
   <trkpt lat="4.8112800" lon="-75.7551980">
    <ele>1312.3</ele>
   </trkpt>
   <trkpt lat="4.8112870" lon="-75.7552210">
    <ele>1312.2</ele>
   </trkpt>
   <trkpt lat="4.8112940" lon="-75.7552440">
    <ele>1312.2</ele>
   </trkpt>
   <trkpt lat="4.8113020" lon="-75.7552660">
    <ele>1312.1</ele>
   </trkpt>
   <trkpt lat="4.8113100" lon="-75.7552870">
    <ele>1312.1</ele>
   </trkpt>
   <trkpt lat="4.8113180" lon="-75.7553090">
    <ele>1312.0</ele>
   </trkpt>
   <trkpt lat="4.8113250" lon="-75.7553300">
    <ele>1312.0</ele>
   </trkpt>
   <trkpt lat="4.8113320" lon="-75.7553510">
    <ele>1311.9</ele>
   </trkpt>
   <trkpt lat="4.8113390" lon="-75.7553720">
    <ele>1311.9</ele>
   </trkpt>
   <trkpt lat="4.8113460" lon="-75.7553930">
    <ele>1311.8</ele>
   </trkpt>
   <trkpt lat="4.8113530" lon="-75.7554150">
    <ele>1311.8</ele>
   </trkpt>
   <trkpt lat="4.8113600" lon="-75.7554370">
    <ele>1311.7</ele>
   </trkpt>
   <trkpt lat="4.8113670" lon="-75.7554590">
    <ele>1311.6</ele>
   </trkpt>
   <trkpt lat="4.8113750" lon="-75.7554820">
    <ele>1311.6</ele>
   </trkpt>
   <trkpt lat="4.8113810" lon="-75.7555030">
    <ele>1311.5</ele>
   </trkpt>
   <trkpt lat="4.8113880" lon="-75.7555230">
    <ele>1311.4</ele>
   </trkpt>
   <trkpt lat="4.8113940" lon="-75.7555420">
    <ele>1311.4</ele>
   </trkpt>
   <trkpt lat="4.8114000" lon="-75.7555620">
    <ele>1311.3</ele>
   </trkpt>
   <trkpt lat="4.8114060" lon="-75.7555830">
    <ele>1311.3</ele>
   </trkpt>
   <trkpt lat="4.8114130" lon="-75.7556050">
    <ele>1311.2</ele>
   </trkpt>
   <trkpt lat="4.8114180" lon="-75.7556270">
    <ele>1311.1</ele>
   </trkpt>
   <trkpt lat="4.8114240" lon="-75.7556490">
    <ele>1311.0</ele>
   </trkpt>
   <trkpt lat="4.8114300" lon="-75.7556710">
    <ele>1310.9</ele>
   </trkpt>
   <trkpt lat="4.8114350" lon="-75.7556910">
    <ele>1310.9</ele>
   </trkpt>
   <trkpt lat="4.8114420" lon="-75.7557110">
    <ele>1310.8</ele>
   </trkpt>
   <trkpt lat="4.8114480" lon="-75.7557300">
    <ele>1310.7</ele>
   </trkpt>
   <trkpt lat="4.8114550" lon="-75.7557500">
    <ele>1310.6</ele>
   </trkpt>
   <trkpt lat="4.8114640" lon="-75.7557730">
    <ele>1310.5</ele>
   </trkpt>
   <trkpt lat="4.8114720" lon="-75.7557970">
    <ele>1310.4</ele>
   </trkpt>
   <trkpt lat="4.8114810" lon="-75.7558220">
    <ele>1310.3</ele>
   </trkpt>
   <trkpt lat="4.8114910" lon="-75.7558470">
    <ele>1310.2</ele>
   </trkpt>
   <trkpt lat="4.8114990" lon="-75.7558710">
    <ele>1310.1</ele>
   </trkpt>
   <trkpt lat="4.8115080" lon="-75.7558950">
    <ele>1310.0</ele>
   </trkpt>
   <trkpt lat="4.8115170" lon="-75.7559190">
    <ele>1309.8</ele>
   </trkpt>
   <trkpt lat="4.8115260" lon="-75.7559440">
    <ele>1309.7</ele>
   </trkpt>
   <trkpt lat="4.8115350" lon="-75.7559690">
    <ele>1309.5</ele>
   </trkpt>
   <trkpt lat="4.8115440" lon="-75.7559930">
    <ele>1309.3</ele>
   </trkpt>
   <trkpt lat="4.8115530" lon="-75.7560170">
    <ele>1309.2</ele>
   </trkpt>
   <trkpt lat="4.8115610" lon="-75.7560400">
    <ele>1309.0</ele>
   </trkpt>
   <trkpt lat="4.8115700" lon="-75.7560630">
    <ele>1308.9</ele>
   </trkpt>
   <trkpt lat="4.8115790" lon="-75.7560880">
    <ele>1308.7</ele>
   </trkpt>
   <trkpt lat="4.8115880" lon="-75.7561130">
    <ele>1308.5</ele>
   </trkpt>
   <trkpt lat="4.8115960" lon="-75.7561370">
    <ele>1308.3</ele>
   </trkpt>
   <trkpt lat="4.8116050" lon="-75.7561620">
    <ele>1308.1</ele>
   </trkpt>
   <trkpt lat="4.8116130" lon="-75.7561870">
    <ele>1307.9</ele>
   </trkpt>
   <trkpt lat="4.8116200" lon="-75.7562110">
    <ele>1307.8</ele>
   </trkpt>
   <trkpt lat="4.8116280" lon="-75.7562350">
    <ele>1307.6</ele>
   </trkpt>
   <trkpt lat="4.8116360" lon="-75.7562590">
    <ele>1307.4</ele>
   </trkpt>
   <trkpt lat="4.8116430" lon="-75.7562840">
    <ele>1307.2</ele>
   </trkpt>
   <trkpt lat="4.8116510" lon="-75.7563080">
    <ele>1307.0</ele>
   </trkpt>
   <trkpt lat="4.8116590" lon="-75.7563320">
    <ele>1306.8</ele>
   </trkpt>
   <trkpt lat="4.8116660" lon="-75.7563560">
    <ele>1306.6</ele>
   </trkpt>
   <trkpt lat="4.8116730" lon="-75.7563780">
    <ele>1306.4</ele>
   </trkpt>
   <trkpt lat="4.8116800" lon="-75.7564010">
    <ele>1306.2</ele>
   </trkpt>
   <trkpt lat="4.8116870" lon="-75.7564240">
    <ele>1306.0</ele>
   </trkpt>
   <trkpt lat="4.8116940" lon="-75.7564470">
    <ele>1305.8</ele>
   </trkpt>
   <trkpt lat="4.8117020" lon="-75.7564700">
    <ele>1305.6</ele>
   </trkpt>
   <trkpt lat="4.8117090" lon="-75.7564930">
    <ele>1305.4</ele>
   </trkpt>
   <trkpt lat="4.8117170" lon="-75.7565160">
    <ele>1305.2</ele>
   </trkpt>
   <trkpt lat="4.8117240" lon="-75.7565400">
    <ele>1305.0</ele>
   </trkpt>
   <trkpt lat="4.8117310" lon="-75.7565640">
    <ele>1304.8</ele>
   </trkpt>
   <trkpt lat="4.8117380" lon="-75.7565870">
    <ele>1304.6</ele>
   </trkpt>
   <trkpt lat="4.8117450" lon="-75.7566100">
    <ele>1304.4</ele>
   </trkpt>
   <trkpt lat="4.8117520" lon="-75.7566320">
    <ele>1304.3</ele>
   </trkpt>
   <trkpt lat="4.8117590" lon="-75.7566540">
    <ele>1304.1</ele>
   </trkpt>
   <trkpt lat="4.8117650" lon="-75.7566770">
    <ele>1303.9</ele>
   </trkpt>
   <trkpt lat="4.8117720" lon="-75.7567000">
    <ele>1303.7</ele>
   </trkpt>
   <trkpt lat="4.8117790" lon="-75.7567230">
    <ele>1303.5</ele>
   </trkpt>
   <trkpt lat="4.8117850" lon="-75.7567460">
    <ele>1303.3</ele>
   </trkpt>
   <trkpt lat="4.8117920" lon="-75.7567680">
    <ele>1303.2</ele>
   </trkpt>
   <trkpt lat="4.8117980" lon="-75.7567890">
    <ele>1303.0</ele>
   </trkpt>
   <trkpt lat="4.8118030" lon="-75.7568090">
    <ele>1302.8</ele>
   </trkpt>
   <trkpt lat="4.8118080" lon="-75.7568270">
    <ele>1302.7</ele>
   </trkpt>
   <trkpt lat="4.8118130" lon="-75.7568460">
    <ele>1302.5</ele>
   </trkpt>
   <trkpt lat="4.8118180" lon="-75.7568660">
    <ele>1302.4</ele>
   </trkpt>
   <trkpt lat="4.8118240" lon="-75.7568870">
    <ele>1302.2</ele>
   </trkpt>
   <trkpt lat="4.8118310" lon="-75.7569080">
    <ele>1302.1</ele>
   </trkpt>
   <trkpt lat="4.8118370" lon="-75.7569290">
    <ele>1301.9</ele>
   </trkpt>
   <trkpt lat="4.8118430" lon="-75.7569500">
    <ele>1301.7</ele>
   </trkpt>
   <trkpt lat="4.8118500" lon="-75.7569700">
    <ele>1301.6</ele>
   </trkpt>
   <trkpt lat="4.8118560" lon="-75.7569900">
    <ele>1301.4</ele>
   </trkpt>
   <trkpt lat="4.8118620" lon="-75.7570090">
    <ele>1301.2</ele>
   </trkpt>
   <trkpt lat="4.8118680" lon="-75.7570280">
    <ele>1301.1</ele>
   </trkpt>
   <trkpt lat="4.8118740" lon="-75.7570470">
    <ele>1300.9</ele>
   </trkpt>
   <trkpt lat="4.8118800" lon="-75.7570680">
    <ele>1300.8</ele>
   </trkpt>
   <trkpt lat="4.8118870" lon="-75.7570890">
    <ele>1300.6</ele>
   </trkpt>
   <trkpt lat="4.8118940" lon="-75.7571100">
    <ele>1300.4</ele>
   </trkpt>
   <trkpt lat="4.8119030" lon="-75.7571330">
    <ele>1300.3</ele>
   </trkpt>
   <trkpt lat="4.8119110" lon="-75.7571570">
    <ele>1300.1</ele>
   </trkpt>
   <trkpt lat="4.8119200" lon="-75.7571810">
    <ele>1299.9</ele>
   </trkpt>
   <trkpt lat="4.8119290" lon="-75.7572040">
    <ele>1299.7</ele>
   </trkpt>
   <trkpt lat="4.8119380" lon="-75.7572280">
    <ele>1299.5</ele>
   </trkpt>
   <trkpt lat="4.8119460" lon="-75.7572520">
    <ele>1299.3</ele>
   </trkpt>
   <trkpt lat="4.8119540" lon="-75.7572780">
    <ele>1299.1</ele>
   </trkpt>
   <trkpt lat="4.8119630" lon="-75.7573040">
    <ele>1298.9</ele>
   </trkpt>
   <trkpt lat="4.8119720" lon="-75.7573320">
    <ele>1298.7</ele>
   </trkpt>
   <trkpt lat="4.8119810" lon="-75.7573590">
    <ele>1298.5</ele>
   </trkpt>
   <trkpt lat="4.8119910" lon="-75.7573870">
    <ele>1298.3</ele>
   </trkpt>
   <trkpt lat="4.8120010" lon="-75.7574140">
    <ele>1298.1</ele>
   </trkpt>
   <trkpt lat="4.8120110" lon="-75.7574400">
    <ele>1297.9</ele>
   </trkpt>
   <trkpt lat="4.8120190" lon="-75.7574650">
    <ele>1297.7</ele>
   </trkpt>
   <trkpt lat="4.8120260" lon="-75.7574880">
    <ele>1297.5</ele>
   </trkpt>
   <trkpt lat="4.8120330" lon="-75.7575110">
    <ele>1297.4</ele>
   </trkpt>
   <trkpt lat="4.8120400" lon="-75.7575350">
    <ele>1297.2</ele>
   </trkpt>
   <trkpt lat="4.8120480" lon="-75.7575590">
    <ele>1297.0</ele>
   </trkpt>
   <trkpt lat="4.8120560" lon="-75.7575820">
    <ele>1296.8</ele>
   </trkpt>
   <trkpt lat="4.8120650" lon="-75.7576050">
    <ele>1296.6</ele>
   </trkpt>
   <trkpt lat="4.8120740" lon="-75.7576280">
    <ele>1296.5</ele>
   </trkpt>
   <trkpt lat="4.8120820" lon="-75.7576500">
    <ele>1296.3</ele>
   </trkpt>
   <trkpt lat="4.8120900" lon="-75.7576730">
    <ele>1296.1</ele>
   </trkpt>
   <trkpt lat="4.8120980" lon="-75.7576950">
    <ele>1296.0</ele>
   </trkpt>
   <trkpt lat="4.8121060" lon="-75.7577170">
    <ele>1295.8</ele>
   </trkpt>
   <trkpt lat="4.8121130" lon="-75.7577390">
    <ele>1295.6</ele>
   </trkpt>
   <trkpt lat="4.8121190" lon="-75.7577600">
    <ele>1295.5</ele>
   </trkpt>
   <trkpt lat="4.8121250" lon="-75.7577800">
    <ele>1295.3</ele>
   </trkpt>
   <trkpt lat="4.8121310" lon="-75.7578000">
    <ele>1295.2</ele>
   </trkpt>
   <trkpt lat="4.8121370" lon="-75.7578200">
    <ele>1295.0</ele>
   </trkpt>
   <trkpt lat="4.8121440" lon="-75.7578430">
    <ele>1294.9</ele>
   </trkpt>
   <trkpt lat="4.8121520" lon="-75.7578670">
    <ele>1294.7</ele>
   </trkpt>
   <trkpt lat="4.8121600" lon="-75.7578920">
    <ele>1294.5</ele>
   </trkpt>
   <trkpt lat="4.8121670" lon="-75.7579170">
    <ele>1294.4</ele>
   </trkpt>
   <trkpt lat="4.8121750" lon="-75.7579420">
    <ele>1294.2</ele>
   </trkpt>
   <trkpt lat="4.8121820" lon="-75.7579650">
    <ele>1294.1</ele>
   </trkpt>
   <trkpt lat="4.8121880" lon="-75.7579880">
    <ele>1293.9</ele>
   </trkpt>
   <trkpt lat="4.8121950" lon="-75.7580110">
    <ele>1293.8</ele>
   </trkpt>
   <trkpt lat="4.8122020" lon="-75.7580330">
    <ele>1293.6</ele>
   </trkpt>
   <trkpt lat="4.8122080" lon="-75.7580560">
    <ele>1293.5</ele>
   </trkpt>
   <trkpt lat="4.8122150" lon="-75.7580790">
    <ele>1293.4</ele>
   </trkpt>
   <trkpt lat="4.8122210" lon="-75.7581020">
    <ele>1293.2</ele>
   </trkpt>
   <trkpt lat="4.8122280" lon="-75.7581260">
    <ele>1293.1</ele>
   </trkpt>
   <trkpt lat="4.8122350" lon="-75.7581490">
    <ele>1292.9</ele>
   </trkpt>
   <trkpt lat="4.8122410" lon="-75.7581720">
    <ele>1292.8</ele>
   </trkpt>
   <trkpt lat="4.8122480" lon="-75.7581950">
    <ele>1292.7</ele>
   </trkpt>
   <trkpt lat="4.8122550" lon="-75.7582180">
    <ele>1292.5</ele>
   </trkpt>
   <trkpt lat="4.8122610" lon="-75.7582400">
    <ele>1292.4</ele>
   </trkpt>
   <trkpt lat="4.8122680" lon="-75.7582630">
    <ele>1292.3</ele>
   </trkpt>
   <trkpt lat="4.8122750" lon="-75.7582860">
    <ele>1292.2</ele>
   </trkpt>
   <trkpt lat="4.8122820" lon="-75.7583100">
    <ele>1292.1</ele>
   </trkpt>
   <trkpt lat="4.8122890" lon="-75.7583330">
    <ele>1292.0</ele>
   </trkpt>
   <trkpt lat="4.8122960" lon="-75.7583550">
    <ele>1291.9</ele>
   </trkpt>
   <trkpt lat="4.8123020" lon="-75.7583770">
    <ele>1291.8</ele>
   </trkpt>
   <trkpt lat="4.8123090" lon="-75.7583990">
    <ele>1291.7</ele>
   </trkpt>
   <trkpt lat="4.8123160" lon="-75.7584200">
    <ele>1291.6</ele>
   </trkpt>
   <trkpt lat="4.8123230" lon="-75.7584420">
    <ele>1291.5</ele>
   </trkpt>
   <trkpt lat="4.8123300" lon="-75.7584640">
    <ele>1291.4</ele>
   </trkpt>
   <trkpt lat="4.8123370" lon="-75.7584870">
    <ele>1291.3</ele>
   </trkpt>
   <trkpt lat="4.8123440" lon="-75.7585100">
    <ele>1291.2</ele>
   </trkpt>
   <trkpt lat="4.8123520" lon="-75.7585340">
    <ele>1291.1</ele>
   </trkpt>
   <trkpt lat="4.8123590" lon="-75.7585570">
    <ele>1291.0</ele>
   </trkpt>
   <trkpt lat="4.8123670" lon="-75.7585800">
    <ele>1290.9</ele>
   </trkpt>
   <trkpt lat="4.8123740" lon="-75.7586030">
    <ele>1290.8</ele>
   </trkpt>
   <trkpt lat="4.8123810" lon="-75.7586240">
    <ele>1290.7</ele>
   </trkpt>
   <trkpt lat="4.8123870" lon="-75.7586450">
    <ele>1290.7</ele>
   </trkpt>
   <trkpt lat="4.8123930" lon="-75.7586640">
    <ele>1290.6</ele>
   </trkpt>
   <trkpt lat="4.8123990" lon="-75.7586830">
    <ele>1290.6</ele>
   </trkpt>
   <trkpt lat="4.8124060" lon="-75.7587030">
    <ele>1290.5</ele>
   </trkpt>
   <trkpt lat="4.8124120" lon="-75.7587240">
    <ele>1290.4</ele>
   </trkpt>
   <trkpt lat="4.8124190" lon="-75.7587450">
    <ele>1290.4</ele>
   </trkpt>
   <trkpt lat="4.8124260" lon="-75.7587670">
    <ele>1290.3</ele>
   </trkpt>
   <trkpt lat="4.8124330" lon="-75.7587890">
    <ele>1290.2</ele>
   </trkpt>
   <trkpt lat="4.8124400" lon="-75.7588110">
    <ele>1290.2</ele>
   </trkpt>
   <trkpt lat="4.8124470" lon="-75.7588320">
    <ele>1290.1</ele>
   </trkpt>
   <trkpt lat="4.8124530" lon="-75.7588530">
    <ele>1290.0</ele>
   </trkpt>
   <trkpt lat="4.8124600" lon="-75.7588750">
    <ele>1290.0</ele>
   </trkpt>
   <trkpt lat="4.8124670" lon="-75.7588970">
    <ele>1289.9</ele>
   </trkpt>
   <trkpt lat="4.8124740" lon="-75.7589200">
    <ele>1289.9</ele>
   </trkpt>
   <trkpt lat="4.8124810" lon="-75.7589420">
    <ele>1289.8</ele>
   </trkpt>
   <trkpt lat="4.8124880" lon="-75.7589640">
    <ele>1289.8</ele>
   </trkpt>
   <trkpt lat="4.8124960" lon="-75.7589860">
    <ele>1289.7</ele>
   </trkpt>
   <trkpt lat="4.8125030" lon="-75.7590070">
    <ele>1289.7</ele>
   </trkpt>
   <trkpt lat="4.8125100" lon="-75.7590290">
    <ele>1289.6</ele>
   </trkpt>
   <trkpt lat="4.8125180" lon="-75.7590500">
    <ele>1289.6</ele>
   </trkpt>
   <trkpt lat="4.8125260" lon="-75.7590710">
    <ele>1289.5</ele>
   </trkpt>
   <trkpt lat="4.8125340" lon="-75.7590930">
    <ele>1289.5</ele>
   </trkpt>
   <trkpt lat="4.8125420" lon="-75.7591130">
    <ele>1289.4</ele>
   </trkpt>
   <trkpt lat="4.8125500" lon="-75.7591340">
    <ele>1289.4</ele>
   </trkpt>
   <trkpt lat="4.8125580" lon="-75.7591550">
    <ele>1289.4</ele>
   </trkpt>
   <trkpt lat="4.8125650" lon="-75.7591750">
    <ele>1289.3</ele>
   </trkpt>
   <trkpt lat="4.8125730" lon="-75.7591960">
    <ele>1289.3</ele>
   </trkpt>
   <trkpt lat="4.8125800" lon="-75.7592170">
    <ele>1289.3</ele>
   </trkpt>
   <trkpt lat="4.8125870" lon="-75.7592370">
    <ele>1289.2</ele>
   </trkpt>
   <trkpt lat="4.8125940" lon="-75.7592570">
    <ele>1289.2</ele>
   </trkpt>
   <trkpt lat="4.8126010" lon="-75.7592760">
    <ele>1289.2</ele>
   </trkpt>
   <trkpt lat="4.8126080" lon="-75.7592960">
    <ele>1289.1</ele>
   </trkpt>
   <trkpt lat="4.8126150" lon="-75.7593160">
    <ele>1289.1</ele>
   </trkpt>
   <trkpt lat="4.8126220" lon="-75.7593370">
    <ele>1289.1</ele>
   </trkpt>
   <trkpt lat="4.8126290" lon="-75.7593580">
    <ele>1289.0</ele>
   </trkpt>
   <trkpt lat="4.8126350" lon="-75.7593780">
    <ele>1289.0</ele>
   </trkpt>
   <trkpt lat="4.8126420" lon="-75.7593990">
    <ele>1289.0</ele>
   </trkpt>
   <trkpt lat="4.8126490" lon="-75.7594190">
    <ele>1288.9</ele>
   </trkpt>
   <trkpt lat="4.8126560" lon="-75.7594390">
    <ele>1288.9</ele>
   </trkpt>
   <trkpt lat="4.8126620" lon="-75.7594580">
    <ele>1288.9</ele>
   </trkpt>
   <trkpt lat="4.8126690" lon="-75.7594780">
    <ele>1288.8</ele>
   </trkpt>
   <trkpt lat="4.8126750" lon="-75.7594970">
    <ele>1288.8</ele>
   </trkpt>
   <trkpt lat="4.8126810" lon="-75.7595160">
    <ele>1288.8</ele>
   </trkpt>
   <trkpt lat="4.8126870" lon="-75.7595360">
    <ele>1288.7</ele>
   </trkpt>
   <trkpt lat="4.8126920" lon="-75.7595550">
    <ele>1288.7</ele>
   </trkpt>
   <trkpt lat="4.8126980" lon="-75.7595750">
    <ele>1288.7</ele>
   </trkpt>
   <trkpt lat="4.8127050" lon="-75.7595960">
    <ele>1288.6</ele>
   </trkpt>
   <trkpt lat="4.8127110" lon="-75.7596170">
    <ele>1288.6</ele>
   </trkpt>
   <trkpt lat="4.8127180" lon="-75.7596390">
    <ele>1288.6</ele>
   </trkpt>
   <trkpt lat="4.8127240" lon="-75.7596600">
    <ele>1288.5</ele>
   </trkpt>
   <trkpt lat="4.8127310" lon="-75.7596810">
    <ele>1288.5</ele>
   </trkpt>
   <trkpt lat="4.8127370" lon="-75.7597020">
    <ele>1288.5</ele>
   </trkpt>
   <trkpt lat="4.8127430" lon="-75.7597220">
    <ele>1288.4</ele>
   </trkpt>
   <trkpt lat="4.8127490" lon="-75.7597420">
    <ele>1288.4</ele>
   </trkpt>
   <trkpt lat="4.8127550" lon="-75.7597630">
    <ele>1288.3</ele>
   </trkpt>
   <trkpt lat="4.8127610" lon="-75.7597830">
    <ele>1288.3</ele>
   </trkpt>
   <trkpt lat="4.8127670" lon="-75.7598040">
    <ele>1288.3</ele>
   </trkpt>
   <trkpt lat="4.8127730" lon="-75.7598250">
    <ele>1288.2</ele>
   </trkpt>
   <trkpt lat="4.8127790" lon="-75.7598450">
    <ele>1288.2</ele>
   </trkpt>
   <trkpt lat="4.8127860" lon="-75.7598660">
    <ele>1288.2</ele>
   </trkpt>
   <trkpt lat="4.8127920" lon="-75.7598860">
    <ele>1288.1</ele>
   </trkpt>
   <trkpt lat="4.8128000" lon="-75.7599060">
    <ele>1288.1</ele>
   </trkpt>
   <trkpt lat="4.8128070" lon="-75.7599260">
    <ele>1288.0</ele>
   </trkpt>
   <trkpt lat="4.8128150" lon="-75.7599470">
    <ele>1288.0</ele>
   </trkpt>
   <trkpt lat="4.8128220" lon="-75.7599670">
    <ele>1287.9</ele>
   </trkpt>
   <trkpt lat="4.8128300" lon="-75.7599880">
    <ele>1287.9</ele>
   </trkpt>
   <trkpt lat="4.8128360" lon="-75.7600080">
    <ele>1287.8</ele>
   </trkpt>
   <trkpt lat="4.8128430" lon="-75.7600280">
    <ele>1287.8</ele>
   </trkpt>
   <trkpt lat="4.8128500" lon="-75.7600490">
    <ele>1287.7</ele>
   </trkpt>
   <trkpt lat="4.8128570" lon="-75.7600700">
    <ele>1287.6</ele>
   </trkpt>
   <trkpt lat="4.8128640" lon="-75.7600910">
    <ele>1287.6</ele>
   </trkpt>
   <trkpt lat="4.8128710" lon="-75.7601110">
    <ele>1287.5</ele>
   </trkpt>
   <trkpt lat="4.8128770" lon="-75.7601310">
    <ele>1287.5</ele>
   </trkpt>
   <trkpt lat="4.8128840" lon="-75.7601510">
    <ele>1287.4</ele>
   </trkpt>
   <trkpt lat="4.8128910" lon="-75.7601710">
    <ele>1287.3</ele>
   </trkpt>
   <trkpt lat="4.8128970" lon="-75.7601920">
    <ele>1287.2</ele>
   </trkpt>
   <trkpt lat="4.8129040" lon="-75.7602120">
    <ele>1287.2</ele>
   </trkpt>
   <trkpt lat="4.8129100" lon="-75.7602330">
    <ele>1287.1</ele>
   </trkpt>
   <trkpt lat="4.8129170" lon="-75.7602540">
    <ele>1287.0</ele>
   </trkpt>
   <trkpt lat="4.8129230" lon="-75.7602740">
    <ele>1286.9</ele>
   </trkpt>
   <trkpt lat="4.8129290" lon="-75.7602930">
    <ele>1286.9</ele>
   </trkpt>
   <trkpt lat="4.8129350" lon="-75.7603120">
    <ele>1286.8</ele>
   </trkpt>
   <trkpt lat="4.8129410" lon="-75.7603310">
    <ele>1286.7</ele>
   </trkpt>
   <trkpt lat="4.8129470" lon="-75.7603490">
    <ele>1286.6</ele>
   </trkpt>
   <trkpt lat="4.8129540" lon="-75.7603680">
    <ele>1286.6</ele>
   </trkpt>
   <trkpt lat="4.8129600" lon="-75.7603850">
    <ele>1286.5</ele>
   </trkpt>
   <trkpt lat="4.8129670" lon="-75.7604030">
    <ele>1286.4</ele>
   </trkpt>
   <trkpt lat="4.8129730" lon="-75.7604210">
    <ele>1286.4</ele>
   </trkpt>
   <trkpt lat="4.8129800" lon="-75.7604380">
    <ele>1286.3</ele>
   </trkpt>
   <trkpt lat="4.8129870" lon="-75.7604560">
    <ele>1286.2</ele>
   </trkpt>
   <trkpt lat="4.8129940" lon="-75.7604730">
    <ele>1286.1</ele>
   </trkpt>
   <trkpt lat="4.8130010" lon="-75.7604910">
    <ele>1286.0</ele>
   </trkpt>
   <trkpt lat="4.8130090" lon="-75.7605090">
    <ele>1286.0</ele>
   </trkpt>
   <trkpt lat="4.8130160" lon="-75.7605270">
    <ele>1285.9</ele>
   </trkpt>
   <trkpt lat="4.8130240" lon="-75.7605450">
    <ele>1285.8</ele>
   </trkpt>
   <trkpt lat="4.8130320" lon="-75.7605630">
    <ele>1285.7</ele>
   </trkpt>
   <trkpt lat="4.8130390" lon="-75.7605820">
    <ele>1285.6</ele>
   </trkpt>
   <trkpt lat="4.8130460" lon="-75.7606000">
    <ele>1285.6</ele>
   </trkpt>
   <trkpt lat="4.8130530" lon="-75.7606180">
    <ele>1285.5</ele>
   </trkpt>
   <trkpt lat="4.8130590" lon="-75.7606360">
    <ele>1285.4</ele>
   </trkpt>
   <trkpt lat="4.8130650" lon="-75.7606540">
    <ele>1285.3</ele>
   </trkpt>
   <trkpt lat="4.8130700" lon="-75.7606720">
    <ele>1285.2</ele>
   </trkpt>
   <trkpt lat="4.8130760" lon="-75.7606910">
    <ele>1285.1</ele>
   </trkpt>
   <trkpt lat="4.8130820" lon="-75.7607100">
    <ele>1285.0</ele>
   </trkpt>
   <trkpt lat="4.8130880" lon="-75.7607280">
    <ele>1284.9</ele>
   </trkpt>
   <trkpt lat="4.8130940" lon="-75.7607460">
    <ele>1284.9</ele>
   </trkpt>
   <trkpt lat="4.8131010" lon="-75.7607640">
    <ele>1284.8</ele>
   </trkpt>
   <trkpt lat="4.8131070" lon="-75.7607810">
    <ele>1284.7</ele>
   </trkpt>
   <trkpt lat="4.8131150" lon="-75.7607990">
    <ele>1284.6</ele>
   </trkpt>
   <trkpt lat="4.8131220" lon="-75.7608160">
    <ele>1284.5</ele>
   </trkpt>
   <trkpt lat="4.8131300" lon="-75.7608340">
    <ele>1284.4</ele>
   </trkpt>
   <trkpt lat="4.8131380" lon="-75.7608520">
    <ele>1284.3</ele>
   </trkpt>
   <trkpt lat="4.8131460" lon="-75.7608700">
    <ele>1284.2</ele>
   </trkpt>
   <trkpt lat="4.8131540" lon="-75.7608880">
    <ele>1284.1</ele>
   </trkpt>
   <trkpt lat="4.8131610" lon="-75.7609060">
    <ele>1284.0</ele>
   </trkpt>
   <trkpt lat="4.8131680" lon="-75.7609240">
    <ele>1283.9</ele>
   </trkpt>
   <trkpt lat="4.8131740" lon="-75.7609420">
    <ele>1283.8</ele>
   </trkpt>
   <trkpt lat="4.8131800" lon="-75.7609590">
    <ele>1283.7</ele>
   </trkpt>
   <trkpt lat="4.8131860" lon="-75.7609760">
    <ele>1283.6</ele>
   </trkpt>
   <trkpt lat="4.8131910" lon="-75.7609930">
    <ele>1283.5</ele>
   </trkpt>
   <trkpt lat="4.8131970" lon="-75.7610090">
    <ele>1283.4</ele>
   </trkpt>
   <trkpt lat="4.8132020" lon="-75.7610250">
    <ele>1283.3</ele>
   </trkpt>
   <trkpt lat="4.8132080" lon="-75.7610420">
    <ele>1283.2</ele>
   </trkpt>
   <trkpt lat="4.8132150" lon="-75.7610600">
    <ele>1283.1</ele>
   </trkpt>
   <trkpt lat="4.8132210" lon="-75.7610770">
    <ele>1283.0</ele>
   </trkpt>
   <trkpt lat="4.8132270" lon="-75.7610950">
    <ele>1282.8</ele>
   </trkpt>
   <trkpt lat="4.8132330" lon="-75.7611130">
    <ele>1282.7</ele>
   </trkpt>
   <trkpt lat="4.8132390" lon="-75.7611320">
    <ele>1282.6</ele>
   </trkpt>
   <trkpt lat="4.8132450" lon="-75.7611500">
    <ele>1282.5</ele>
   </trkpt>
   <trkpt lat="4.8132500" lon="-75.7611690">
    <ele>1282.4</ele>
   </trkpt>
   <trkpt lat="4.8132550" lon="-75.7611880">
    <ele>1282.3</ele>
   </trkpt>
   <trkpt lat="4.8132600" lon="-75.7612070">
    <ele>1282.2</ele>
   </trkpt>
   <trkpt lat="4.8132660" lon="-75.7612270">
    <ele>1282.1</ele>
   </trkpt>
   <trkpt lat="4.8132720" lon="-75.7612470">
    <ele>1281.9</ele>
   </trkpt>
   <trkpt lat="4.8132780" lon="-75.7612660">
    <ele>1281.8</ele>
   </trkpt>
   <trkpt lat="4.8132830" lon="-75.7612850">
    <ele>1281.7</ele>
   </trkpt>
   <trkpt lat="4.8132890" lon="-75.7613030">
    <ele>1281.6</ele>
   </trkpt>
   <trkpt lat="4.8132960" lon="-75.7613220">
    <ele>1281.5</ele>
   </trkpt>
   <trkpt lat="4.8133020" lon="-75.7613410">
    <ele>1281.4</ele>
   </trkpt>
   <trkpt lat="4.8133070" lon="-75.7613600">
    <ele>1281.3</ele>
   </trkpt>
   <trkpt lat="4.8133130" lon="-75.7613790">
    <ele>1281.1</ele>
   </trkpt>
   <trkpt lat="4.8133180" lon="-75.7613980">
    <ele>1281.0</ele>
   </trkpt>
   <trkpt lat="4.8133240" lon="-75.7614160">
    <ele>1280.9</ele>
   </trkpt>
   <trkpt lat="4.8133300" lon="-75.7614360">
    <ele>1280.8</ele>
   </trkpt>
   <trkpt lat="4.8133360" lon="-75.7614550">
    <ele>1280.7</ele>
   </trkpt>
   <trkpt lat="4.8133430" lon="-75.7614750">
    <ele>1280.5</ele>
   </trkpt>
   <trkpt lat="4.8133500" lon="-75.7614950">
    <ele>1280.4</ele>
   </trkpt>
   <trkpt lat="4.8133580" lon="-75.7615160">
    <ele>1280.3</ele>
   </trkpt>
   <trkpt lat="4.8133650" lon="-75.7615380">
    <ele>1280.2</ele>
   </trkpt>
   <trkpt lat="4.8133740" lon="-75.7615600">
    <ele>1280.0</ele>
   </trkpt>
   <trkpt lat="4.8133830" lon="-75.7615810">
    <ele>1279.9</ele>
   </trkpt>
   <trkpt lat="4.8133920" lon="-75.7616010">
    <ele>1279.8</ele>
   </trkpt>
   <trkpt lat="4.8134010" lon="-75.7616210">
    <ele>1279.6</ele>
   </trkpt>
   <trkpt lat="4.8134080" lon="-75.7616410">
    <ele>1279.5</ele>
   </trkpt>
   <trkpt lat="4.8134160" lon="-75.7616610">
    <ele>1279.4</ele>
   </trkpt>
   <trkpt lat="4.8134230" lon="-75.7616820">
    <ele>1279.3</ele>
   </trkpt>
   <trkpt lat="4.8134300" lon="-75.7617020">
    <ele>1279.2</ele>
   </trkpt>
   <trkpt lat="4.8134380" lon="-75.7617220">
    <ele>1279.1</ele>
   </trkpt>
   <trkpt lat="4.8134460" lon="-75.7617420">
    <ele>1278.9</ele>
   </trkpt>
   <trkpt lat="4.8134520" lon="-75.7617620">
    <ele>1278.8</ele>
   </trkpt>
   <trkpt lat="4.8134590" lon="-75.7617830">
    <ele>1278.7</ele>
   </trkpt>
   <trkpt lat="4.8134650" lon="-75.7618050">
    <ele>1278.6</ele>
   </trkpt>
   <trkpt lat="4.8134700" lon="-75.7618260">
    <ele>1278.5</ele>
   </trkpt>
   <trkpt lat="4.8134760" lon="-75.7618480">
    <ele>1278.3</ele>
   </trkpt>
   <trkpt lat="4.8134820" lon="-75.7618700">
    <ele>1278.2</ele>
   </trkpt>
   <trkpt lat="4.8134890" lon="-75.7618900">
    <ele>1278.1</ele>
   </trkpt>
   <trkpt lat="4.8134960" lon="-75.7619120">
    <ele>1278.0</ele>
   </trkpt>
   <trkpt lat="4.8135030" lon="-75.7619320">
    <ele>1277.8</ele>
   </trkpt>
   <trkpt lat="4.8135090" lon="-75.7619530">
    <ele>1277.7</ele>
   </trkpt>
   <trkpt lat="4.8135160" lon="-75.7619740">
    <ele>1277.6</ele>
   </trkpt>
   <trkpt lat="4.8135230" lon="-75.7619940">
    <ele>1277.5</ele>
   </trkpt>
   <trkpt lat="4.8135300" lon="-75.7620140">
    <ele>1277.3</ele>
   </trkpt>
   <trkpt lat="4.8135360" lon="-75.7620330">
    <ele>1277.2</ele>
   </trkpt>
   <trkpt lat="4.8135420" lon="-75.7620520">
    <ele>1277.1</ele>
   </trkpt>
   <trkpt lat="4.8135480" lon="-75.7620720">
    <ele>1277.0</ele>
   </trkpt>
   <trkpt lat="4.8135540" lon="-75.7620920">
    <ele>1276.9</ele>
   </trkpt>
   <trkpt lat="4.8135600" lon="-75.7621120">
    <ele>1276.7</ele>
   </trkpt>
   <trkpt lat="4.8135660" lon="-75.7621330">
    <ele>1276.6</ele>
   </trkpt>
   <trkpt lat="4.8135710" lon="-75.7621540">
    <ele>1276.5</ele>
   </trkpt>
   <trkpt lat="4.8135770" lon="-75.7621750">
    <ele>1276.4</ele>
   </trkpt>
   <trkpt lat="4.8135820" lon="-75.7621960">
    <ele>1276.3</ele>
   </trkpt>
   <trkpt lat="4.8135880" lon="-75.7622160">
    <ele>1276.2</ele>
   </trkpt>
   <trkpt lat="4.8135940" lon="-75.7622360">
    <ele>1276.1</ele>
   </trkpt>
   <trkpt lat="4.8136010" lon="-75.7622560">
    <ele>1276.0</ele>
   </trkpt>
   <trkpt lat="4.8136080" lon="-75.7622770">
    <ele>1275.9</ele>
   </trkpt>
   <trkpt lat="4.8136160" lon="-75.7622980">
    <ele>1275.9</ele>
   </trkpt>
   <trkpt lat="4.8136220" lon="-75.7623190">
    <ele>1275.8</ele>
   </trkpt>
   <trkpt lat="4.8136290" lon="-75.7623390">
    <ele>1275.7</ele>
   </trkpt>
   <trkpt lat="4.8136350" lon="-75.7623600">
    <ele>1275.6</ele>
   </trkpt>
   <trkpt lat="4.8136410" lon="-75.7623810">
    <ele>1275.5</ele>
   </trkpt>
   <trkpt lat="4.8136470" lon="-75.7624030">
    <ele>1275.4</ele>
   </trkpt>
   <trkpt lat="4.8136530" lon="-75.7624250">
    <ele>1275.3</ele>
   </trkpt>
   <trkpt lat="4.8136590" lon="-75.7624470">
    <ele>1275.2</ele>
   </trkpt>
   <trkpt lat="4.8136650" lon="-75.7624680">
    <ele>1275.1</ele>
   </trkpt>
   <trkpt lat="4.8136700" lon="-75.7624880">
    <ele>1275.0</ele>
   </trkpt>
   <trkpt lat="4.8136750" lon="-75.7625090">
    <ele>1274.9</ele>
   </trkpt>
   <trkpt lat="4.8136780" lon="-75.7625300">
    <ele>1274.8</ele>
   </trkpt>
   <trkpt lat="4.8136810" lon="-75.7625520">
    <ele>1274.7</ele>
   </trkpt>
   <trkpt lat="4.8136840" lon="-75.7625740">
    <ele>1274.6</ele>
   </trkpt>
   <trkpt lat="4.8136880" lon="-75.7625960">
    <ele>1274.4</ele>
   </trkpt>
   <trkpt lat="4.8136910" lon="-75.7626170">
    <ele>1274.3</ele>
   </trkpt>
   <trkpt lat="4.8136940" lon="-75.7626380">
    <ele>1274.2</ele>
   </trkpt>
   <trkpt lat="4.8136970" lon="-75.7626580">
    <ele>1274.1</ele>
   </trkpt>
   <trkpt lat="4.8137000" lon="-75.7626790">
    <ele>1274.0</ele>
   </trkpt>
   <trkpt lat="4.8137020" lon="-75.7626980">
    <ele>1273.9</ele>
   </trkpt>
   <trkpt lat="4.8137050" lon="-75.7627180">
    <ele>1273.8</ele>
   </trkpt>
   <trkpt lat="4.8137080" lon="-75.7627370">
    <ele>1273.7</ele>
   </trkpt>
   <trkpt lat="4.8137100" lon="-75.7627560">
    <ele>1273.6</ele>
   </trkpt>
   <trkpt lat="4.8137130" lon="-75.7627760">
    <ele>1273.5</ele>
   </trkpt>
   <trkpt lat="4.8137150" lon="-75.7627960">
    <ele>1273.4</ele>
   </trkpt>
   <trkpt lat="4.8137170" lon="-75.7628160">
    <ele>1273.3</ele>
   </trkpt>
   <trkpt lat="4.8137190" lon="-75.7628360">
    <ele>1273.2</ele>
   </trkpt>
   <trkpt lat="4.8137220" lon="-75.7628560">
    <ele>1273.1</ele>
   </trkpt>
   <trkpt lat="4.8137250" lon="-75.7628770">
    <ele>1273.0</ele>
   </trkpt>
   <trkpt lat="4.8137280" lon="-75.7628970">
    <ele>1272.8</ele>
   </trkpt>
   <trkpt lat="4.8137320" lon="-75.7629170">
    <ele>1272.7</ele>
   </trkpt>
   <trkpt lat="4.8137360" lon="-75.7629380">
    <ele>1272.6</ele>
   </trkpt>
   <trkpt lat="4.8137400" lon="-75.7629590">
    <ele>1272.5</ele>
   </trkpt>
   <trkpt lat="4.8137440" lon="-75.7629790">
    <ele>1272.4</ele>
   </trkpt>
   <trkpt lat="4.8137470" lon="-75.7630000">
    <ele>1272.3</ele>
   </trkpt>
   <trkpt lat="4.8137500" lon="-75.7630200">
    <ele>1272.2</ele>
   </trkpt>
   <trkpt lat="4.8137520" lon="-75.7630400">
    <ele>1272.1</ele>
   </trkpt>
   <trkpt lat="4.8137550" lon="-75.7630590">
    <ele>1272.1</ele>
   </trkpt>
   <trkpt lat="4.8137570" lon="-75.7630790">
    <ele>1272.0</ele>
   </trkpt>
   <trkpt lat="4.8137600" lon="-75.7630990">
    <ele>1271.9</ele>
   </trkpt>
   <trkpt lat="4.8137630" lon="-75.7631180">
    <ele>1271.8</ele>
   </trkpt>
   <trkpt lat="4.8137660" lon="-75.7631380">
    <ele>1271.7</ele>
   </trkpt>
   <trkpt lat="4.8137690" lon="-75.7631570">
    <ele>1271.6</ele>
   </trkpt>
   <trkpt lat="4.8137720" lon="-75.7631770">
    <ele>1271.6</ele>
   </trkpt>
   <trkpt lat="4.8137750" lon="-75.7631960">
    <ele>1271.5</ele>
   </trkpt>
   <trkpt lat="4.8137780" lon="-75.7632170">
    <ele>1271.4</ele>
   </trkpt>
   <trkpt lat="4.8137820" lon="-75.7632390">
    <ele>1271.3</ele>
   </trkpt>
   <trkpt lat="4.8137850" lon="-75.7632610">
    <ele>1271.2</ele>
   </trkpt>
   <trkpt lat="4.8137890" lon="-75.7632840">
    <ele>1271.1</ele>
   </trkpt>
   <trkpt lat="4.8137930" lon="-75.7633070">
    <ele>1271.1</ele>
   </trkpt>
   <trkpt lat="4.8137960" lon="-75.7633310">
    <ele>1271.0</ele>
   </trkpt>
   <trkpt lat="4.8137990" lon="-75.7633540">
    <ele>1270.9</ele>
   </trkpt>
   <trkpt lat="4.8138000" lon="-75.7633770">
    <ele>1270.8</ele>
   </trkpt>
   <trkpt lat="4.8138010" lon="-75.7634000">
    <ele>1270.7</ele>
   </trkpt>
   <trkpt lat="4.8138020" lon="-75.7634220">
    <ele>1270.7</ele>
   </trkpt>
   <trkpt lat="4.8138020" lon="-75.7634460">
    <ele>1270.6</ele>
   </trkpt>
   <trkpt lat="4.8138020" lon="-75.7634690">
    <ele>1270.5</ele>
   </trkpt>
   <trkpt lat="4.8138010" lon="-75.7634930">
    <ele>1270.4</ele>
   </trkpt>
   <trkpt lat="4.8138000" lon="-75.7635170">
    <ele>1270.4</ele>
   </trkpt>
   <trkpt lat="4.8137990" lon="-75.7635410">
    <ele>1270.3</ele>
   </trkpt>
   <trkpt lat="4.8137990" lon="-75.7635640">
    <ele>1270.2</ele>
   </trkpt>
   <trkpt lat="4.8137980" lon="-75.7635870">
    <ele>1270.2</ele>
   </trkpt>
   <trkpt lat="4.8138020" lon="-75.7636090">
    <ele>1270.1</ele>
   </trkpt>
   <trkpt lat="4.8138050" lon="-75.7636310">
    <ele>1270.0</ele>
   </trkpt>
   <trkpt lat="4.8138090" lon="-75.7636540">
    <ele>1270.0</ele>
   </trkpt>
   <trkpt lat="4.8138120" lon="-75.7636770">
    <ele>1269.9</ele>
   </trkpt>
   <trkpt lat="4.8138110" lon="-75.7636990">
    <ele>1269.9</ele>
   </trkpt>
   <trkpt lat="4.8138110" lon="-75.7637230">
    <ele>1269.9</ele>
   </trkpt>
   <trkpt lat="4.8138100" lon="-75.7637460">
    <ele>1269.8</ele>
   </trkpt>
   <trkpt lat="4.8138090" lon="-75.7637700">
    <ele>1269.8</ele>
   </trkpt>
   <trkpt lat="4.8138080" lon="-75.7637960">
    <ele>1269.7</ele>
   </trkpt>
   <trkpt lat="4.8138060" lon="-75.7638200">
    <ele>1269.7</ele>
   </trkpt>
   <trkpt lat="4.8138040" lon="-75.7638440">
    <ele>1269.7</ele>
   </trkpt>
   <trkpt lat="4.8138020" lon="-75.7638670">
    <ele>1269.6</ele>
   </trkpt>
   <trkpt lat="4.8137990" lon="-75.7638860">
    <ele>1269.6</ele>
   </trkpt>
   <trkpt lat="4.8137970" lon="-75.7639080">
    <ele>1269.6</ele>
   </trkpt>
   <trkpt lat="4.8137940" lon="-75.7639290">
    <ele>1269.6</ele>
   </trkpt>
   <trkpt lat="4.8137910" lon="-75.7639500">
    <ele>1269.6</ele>
   </trkpt>
   <trkpt lat="4.8137890" lon="-75.7639720">
    <ele>1269.5</ele>
   </trkpt>
   <trkpt lat="4.8137860" lon="-75.7639950">
    <ele>1269.5</ele>
   </trkpt>
   <trkpt lat="4.8137830" lon="-75.7640170">
    <ele>1269.5</ele>
   </trkpt>
   <trkpt lat="4.8137810" lon="-75.7640400">
    <ele>1269.5</ele>
   </trkpt>
   <trkpt lat="4.8137780" lon="-75.7640620">
    <ele>1269.5</ele>
   </trkpt>
   <trkpt lat="4.8137760" lon="-75.7640850">
    <ele>1269.5</ele>
   </trkpt>
   <trkpt lat="4.8137730" lon="-75.7641080">
    <ele>1269.5</ele>
   </trkpt>
   <trkpt lat="4.8137710" lon="-75.7641310">
    <ele>1269.4</ele>
   </trkpt>
   <trkpt lat="4.8137680" lon="-75.7641530">
    <ele>1269.4</ele>
   </trkpt>
   <trkpt lat="4.8137650" lon="-75.7641750">
    <ele>1269.4</ele>
   </trkpt>
   <trkpt lat="4.8137630" lon="-75.7641970">
    <ele>1269.4</ele>
   </trkpt>
   <trkpt lat="4.8137600" lon="-75.7642210">
    <ele>1269.4</ele>
   </trkpt>
   <trkpt lat="4.8137560" lon="-75.7642450">
    <ele>1269.4</ele>
   </trkpt>
   <trkpt lat="4.8137530" lon="-75.7642690">
    <ele>1269.4</ele>
   </trkpt>
   <trkpt lat="4.8137490" lon="-75.7642950">
    <ele>1269.4</ele>
   </trkpt>
   <trkpt lat="4.8137450" lon="-75.7643190">
    <ele>1269.4</ele>
   </trkpt>
   <trkpt lat="4.8137400" lon="-75.7643420">
    <ele>1269.4</ele>
   </trkpt>
   <trkpt lat="4.8137350" lon="-75.7643650">
    <ele>1269.4</ele>
   </trkpt>
   <trkpt lat="4.8137310" lon="-75.7643860">
    <ele>1269.4</ele>
   </trkpt>
   <trkpt lat="4.8137260" lon="-75.7644070">
    <ele>1269.4</ele>
   </trkpt>
   <trkpt lat="4.8137210" lon="-75.7644270">
    <ele>1269.4</ele>
   </trkpt>
   <trkpt lat="4.8137160" lon="-75.7644470">
    <ele>1269.4</ele>
   </trkpt>
   <trkpt lat="4.8137110" lon="-75.7644670">
    <ele>1269.4</ele>
   </trkpt>
   <trkpt lat="4.8137060" lon="-75.7644870">
    <ele>1269.4</ele>
   </trkpt>
   <trkpt lat="4.8137010" lon="-75.7645080">
    <ele>1269.4</ele>
   </trkpt>
   <trkpt lat="4.8136950" lon="-75.7645290">
    <ele>1269.4</ele>
   </trkpt>
   <trkpt lat="4.8136890" lon="-75.7645500">
    <ele>1269.4</ele>
   </trkpt>
   <trkpt lat="4.8136830" lon="-75.7645700">
    <ele>1269.4</ele>
   </trkpt>
   <trkpt lat="4.8136770" lon="-75.7645910">
    <ele>1269.4</ele>
   </trkpt>
   <trkpt lat="4.8136700" lon="-75.7646110">
    <ele>1269.4</ele>
   </trkpt>
   <trkpt lat="4.8136630" lon="-75.7646310">
    <ele>1269.4</ele>
   </trkpt>
   <trkpt lat="4.8136570" lon="-75.7646510">
    <ele>1269.4</ele>
   </trkpt>
   <trkpt lat="4.8136510" lon="-75.7646700">
    <ele>1269.4</ele>
   </trkpt>
   <trkpt lat="4.8136450" lon="-75.7646900">
    <ele>1269.4</ele>
   </trkpt>
   <trkpt lat="4.8136380" lon="-75.7647100">
    <ele>1269.4</ele>
   </trkpt>
   <trkpt lat="4.8136320" lon="-75.7647310">
    <ele>1269.4</ele>
   </trkpt>
   <trkpt lat="4.8136250" lon="-75.7647510">
    <ele>1269.4</ele>
   </trkpt>
   <trkpt lat="4.8136190" lon="-75.7647710">
    <ele>1269.4</ele>
   </trkpt>
   <trkpt lat="4.8136130" lon="-75.7647900">
    <ele>1269.4</ele>
   </trkpt>
   <trkpt lat="4.8136070" lon="-75.7648080">
    <ele>1269.4</ele>
   </trkpt>
   <trkpt lat="4.8136010" lon="-75.7648260">
    <ele>1269.4</ele>
   </trkpt>
   <trkpt lat="4.8135950" lon="-75.7648440">
    <ele>1269.4</ele>
   </trkpt>
   <trkpt lat="4.8135880" lon="-75.7648630">
    <ele>1269.4</ele>
   </trkpt>
   <trkpt lat="4.8135820" lon="-75.7648810">
    <ele>1269.4</ele>
   </trkpt>
   <trkpt lat="4.8135760" lon="-75.7648980">
    <ele>1269.4</ele>
   </trkpt>
   <trkpt lat="4.8135710" lon="-75.7649150">
    <ele>1269.4</ele>
   </trkpt>
   <trkpt lat="4.8135650" lon="-75.7649320">
    <ele>1269.4</ele>
   </trkpt>
   <trkpt lat="4.8135600" lon="-75.7649480">
    <ele>1269.4</ele>
   </trkpt>
   <trkpt lat="4.8135540" lon="-75.7649640">
    <ele>1269.5</ele>
   </trkpt>
   <trkpt lat="4.8135490" lon="-75.7649810">
    <ele>1269.5</ele>
   </trkpt>
   <trkpt lat="4.8135420" lon="-75.7649990">
    <ele>1269.5</ele>
   </trkpt>
   <trkpt lat="4.8135360" lon="-75.7650180">
    <ele>1269.5</ele>
   </trkpt>
   <trkpt lat="4.8135300" lon="-75.7650370">
    <ele>1269.5</ele>
   </trkpt>
   <trkpt lat="4.8135240" lon="-75.7650540">
    <ele>1269.5</ele>
   </trkpt>
   <trkpt lat="4.8135170" lon="-75.7650710">
    <ele>1269.5</ele>
   </trkpt>
   <trkpt lat="4.8135090" lon="-75.7650890">
    <ele>1269.5</ele>
   </trkpt>
   <trkpt lat="4.8135010" lon="-75.7651060">
    <ele>1269.5</ele>
   </trkpt>
   <trkpt lat="4.8134930" lon="-75.7651260">
    <ele>1269.5</ele>
   </trkpt>
   <trkpt lat="4.8134850" lon="-75.7651460">
    <ele>1269.5</ele>
   </trkpt>
   <trkpt lat="4.8134770" lon="-75.7651640">
    <ele>1269.5</ele>
   </trkpt>
   <trkpt lat="4.8134690" lon="-75.7651830">
    <ele>1269.5</ele>
   </trkpt>
   <trkpt lat="4.8134610" lon="-75.7652020">
    <ele>1269.5</ele>
   </trkpt>
   <trkpt lat="4.8134540" lon="-75.7652200">
    <ele>1269.5</ele>
   </trkpt>
   <trkpt lat="4.8134450" lon="-75.7652380">
    <ele>1269.5</ele>
   </trkpt>
   <trkpt lat="4.8134370" lon="-75.7652560">
    <ele>1269.5</ele>
   </trkpt>
   <trkpt lat="4.8134280" lon="-75.7652740">
    <ele>1269.5</ele>
   </trkpt>
   <trkpt lat="4.8134190" lon="-75.7652930">
    <ele>1269.4</ele>
   </trkpt>
   <trkpt lat="4.8134100" lon="-75.7653110">
    <ele>1269.4</ele>
   </trkpt>
   <trkpt lat="4.8134000" lon="-75.7653290">
    <ele>1269.4</ele>
   </trkpt>
   <trkpt lat="4.8133910" lon="-75.7653470">
    <ele>1269.4</ele>
   </trkpt>
   <trkpt lat="4.8133830" lon="-75.7653640">
    <ele>1269.4</ele>
   </trkpt>
   <trkpt lat="4.8133740" lon="-75.7653820">
    <ele>1269.4</ele>
   </trkpt>
   <trkpt lat="4.8133650" lon="-75.7653990">
    <ele>1269.3</ele>
   </trkpt>
   <trkpt lat="4.8133560" lon="-75.7654180">
    <ele>1269.3</ele>
   </trkpt>
   <trkpt lat="4.8133450" lon="-75.7654380">
    <ele>1269.3</ele>
   </trkpt>
   <trkpt lat="4.8133340" lon="-75.7654580">
    <ele>1269.3</ele>
   </trkpt>
   <trkpt lat="4.8133220" lon="-75.7654790">
    <ele>1269.3</ele>
   </trkpt>
   <trkpt lat="4.8133110" lon="-75.7654990">
    <ele>1269.2</ele>
   </trkpt>
   <trkpt lat="4.8132990" lon="-75.7655190">
    <ele>1269.2</ele>
   </trkpt>
   <trkpt lat="4.8132870" lon="-75.7655380">
    <ele>1269.2</ele>
   </trkpt>
   <trkpt lat="4.8132760" lon="-75.7655570">
    <ele>1269.2</ele>
   </trkpt>
   <trkpt lat="4.8132650" lon="-75.7655750">
    <ele>1269.1</ele>
   </trkpt>
   <trkpt lat="4.8132530" lon="-75.7655930">
    <ele>1269.1</ele>
   </trkpt>
   <trkpt lat="4.8132430" lon="-75.7656100">
    <ele>1269.1</ele>
   </trkpt>
   <trkpt lat="4.8132340" lon="-75.7656260">
    <ele>1269.0</ele>
   </trkpt>
   <trkpt lat="4.8132250" lon="-75.7656410">
    <ele>1269.0</ele>
   </trkpt>
   <trkpt lat="4.8132170" lon="-75.7656550">
    <ele>1269.0</ele>
   </trkpt>
   <trkpt lat="4.8132090" lon="-75.7656680">
    <ele>1269.0</ele>
   </trkpt>
   <trkpt lat="4.8132010" lon="-75.7656810">
    <ele>1268.9</ele>
   </trkpt>
   <trkpt lat="4.8131930" lon="-75.7656930">
    <ele>1268.9</ele>
   </trkpt>
   <trkpt lat="4.8131850" lon="-75.7657060">
    <ele>1268.9</ele>
   </trkpt>
   <trkpt lat="4.8131770" lon="-75.7657180">
    <ele>1268.9</ele>
   </trkpt>
   <trkpt lat="4.8131690" lon="-75.7657310">
    <ele>1268.8</ele>
   </trkpt>
   <trkpt lat="4.8131620" lon="-75.7657440">
    <ele>1268.8</ele>
   </trkpt>
   <trkpt lat="4.8131540" lon="-75.7657550">
    <ele>1268.8</ele>
   </trkpt>
   <trkpt lat="4.8131470" lon="-75.7657660">
    <ele>1268.8</ele>
   </trkpt>
   <trkpt lat="4.8131390" lon="-75.7657780">
    <ele>1268.7</ele>
   </trkpt>
   <trkpt lat="4.8131300" lon="-75.7657860">
    <ele>1268.7</ele>
   </trkpt>
   <trkpt lat="4.8131200" lon="-75.7657950">
    <ele>1268.7</ele>
   </trkpt>
   <trkpt lat="4.8131110" lon="-75.7658040">
    <ele>1268.7</ele>
   </trkpt>
   <trkpt lat="4.8131030" lon="-75.7658110">
    <ele>1268.6</ele>
   </trkpt>
   <trkpt lat="4.8130950" lon="-75.7658250">
    <ele>1268.6</ele>
   </trkpt>
   <trkpt lat="4.8130860" lon="-75.7658410">
    <ele>1268.6</ele>
   </trkpt>
   <trkpt lat="4.8130760" lon="-75.7658590">
    <ele>1268.5</ele>
   </trkpt>
   <trkpt lat="4.8130650" lon="-75.7658780">
    <ele>1268.5</ele>
   </trkpt>
   <trkpt lat="4.8130540" lon="-75.7658960">
    <ele>1268.4</ele>
   </trkpt>
   <trkpt lat="4.8130440" lon="-75.7659150">
    <ele>1268.4</ele>
   </trkpt>
   <trkpt lat="4.8130330" lon="-75.7659350">
    <ele>1268.3</ele>
   </trkpt>
   <trkpt lat="4.8130210" lon="-75.7659550">
    <ele>1268.3</ele>
   </trkpt>
   <trkpt lat="4.8130090" lon="-75.7659770">
    <ele>1268.2</ele>
   </trkpt>
   <trkpt lat="4.8129970" lon="-75.7659980">
    <ele>1268.1</ele>
   </trkpt>
   <trkpt lat="4.8129860" lon="-75.7660200">
    <ele>1268.1</ele>
   </trkpt>
   <trkpt lat="4.8129740" lon="-75.7660420">
    <ele>1268.0</ele>
   </trkpt>
   <trkpt lat="4.8129620" lon="-75.7660630">
    <ele>1268.0</ele>
   </trkpt>
   <trkpt lat="4.8129510" lon="-75.7660840">
    <ele>1267.9</ele>
   </trkpt>
   <trkpt lat="4.8129410" lon="-75.7661030">
    <ele>1267.8</ele>
   </trkpt>
   <trkpt lat="4.8129300" lon="-75.7661230">
    <ele>1267.8</ele>
   </trkpt>
   <trkpt lat="4.8129190" lon="-75.7661420">
    <ele>1267.7</ele>
   </trkpt>
   <trkpt lat="4.8129080" lon="-75.7661610">
    <ele>1267.7</ele>
   </trkpt>
   <trkpt lat="4.8128980" lon="-75.7661810">
    <ele>1267.6</ele>
   </trkpt>
   <trkpt lat="4.8128870" lon="-75.7662000">
    <ele>1267.6</ele>
   </trkpt>
   <trkpt lat="4.8128760" lon="-75.7662190">
    <ele>1267.5</ele>
   </trkpt>
   <trkpt lat="4.8128640" lon="-75.7662380">
    <ele>1267.5</ele>
   </trkpt>
   <trkpt lat="4.8128540" lon="-75.7662570">
    <ele>1267.4</ele>
   </trkpt>
   <trkpt lat="4.8128430" lon="-75.7662740">
    <ele>1267.4</ele>
   </trkpt>
   <trkpt lat="4.8128330" lon="-75.7662920">
    <ele>1267.3</ele>
   </trkpt>
   <trkpt lat="4.8128230" lon="-75.7663090">
    <ele>1267.3</ele>
   </trkpt>
   <trkpt lat="4.8128130" lon="-75.7663270">
    <ele>1267.2</ele>
   </trkpt>
   <trkpt lat="4.8128020" lon="-75.7663460">
    <ele>1267.2</ele>
   </trkpt>
   <trkpt lat="4.8127910" lon="-75.7663640">
    <ele>1267.1</ele>
   </trkpt>
   <trkpt lat="4.8127820" lon="-75.7663810">
    <ele>1267.1</ele>
   </trkpt>
   <trkpt lat="4.8127720" lon="-75.7663980">
    <ele>1267.0</ele>
   </trkpt>
   <trkpt lat="4.8127630" lon="-75.7664140">
    <ele>1267.0</ele>
   </trkpt>
   <trkpt lat="4.8127530" lon="-75.7664320">
    <ele>1267.0</ele>
   </trkpt>
   <trkpt lat="4.8127420" lon="-75.7664510">
    <ele>1266.9</ele>
   </trkpt>
   <trkpt lat="4.8127310" lon="-75.7664720">
    <ele>1266.9</ele>
   </trkpt>
   <trkpt lat="4.8127190" lon="-75.7664930">
    <ele>1266.8</ele>
   </trkpt>
   <trkpt lat="4.8127060" lon="-75.7665150">
    <ele>1266.8</ele>
   </trkpt>
   <trkpt lat="4.8126940" lon="-75.7665370">
    <ele>1266.7</ele>
   </trkpt>
   <trkpt lat="4.8126820" lon="-75.7665600">
    <ele>1266.7</ele>
   </trkpt>
   <trkpt lat="4.8126700" lon="-75.7665810">
    <ele>1266.6</ele>
   </trkpt>
   <trkpt lat="4.8126580" lon="-75.7666030">
    <ele>1266.6</ele>
   </trkpt>
   <trkpt lat="4.8126460" lon="-75.7666240">
    <ele>1266.5</ele>
   </trkpt>
   <trkpt lat="4.8126350" lon="-75.7666450">
    <ele>1266.5</ele>
   </trkpt>
   <trkpt lat="4.8126230" lon="-75.7666650">
    <ele>1266.5</ele>
   </trkpt>
   <trkpt lat="4.8126120" lon="-75.7666860">
    <ele>1266.4</ele>
   </trkpt>
   <trkpt lat="4.8126010" lon="-75.7667060">
    <ele>1266.4</ele>
   </trkpt>
   <trkpt lat="4.8125910" lon="-75.7667240">
    <ele>1266.3</ele>
   </trkpt>
   <trkpt lat="4.8125820" lon="-75.7667420">
    <ele>1266.3</ele>
   </trkpt>
   <trkpt lat="4.8125730" lon="-75.7667590">
    <ele>1266.3</ele>
   </trkpt>
   <trkpt lat="4.8125640" lon="-75.7667750">
    <ele>1266.3</ele>
   </trkpt>
   <trkpt lat="4.8125540" lon="-75.7667920">
    <ele>1266.2</ele>
   </trkpt>
   <trkpt lat="4.8125450" lon="-75.7668090">
    <ele>1266.2</ele>
   </trkpt>
   <trkpt lat="4.8125350" lon="-75.7668260">
    <ele>1266.2</ele>
   </trkpt>
   <trkpt lat="4.8125250" lon="-75.7668440">
    <ele>1266.1</ele>
   </trkpt>
   <trkpt lat="4.8125160" lon="-75.7668610">
    <ele>1266.1</ele>
   </trkpt>
   <trkpt lat="4.8125070" lon="-75.7668770">
    <ele>1266.0</ele>
   </trkpt>
   <trkpt lat="4.8124970" lon="-75.7668940">
    <ele>1266.0</ele>
   </trkpt>
   <trkpt lat="4.8124880" lon="-75.7669110">
    <ele>1265.9</ele>
   </trkpt>
   <trkpt lat="4.8124790" lon="-75.7669280">
    <ele>1265.9</ele>
   </trkpt>
   <trkpt lat="4.8124690" lon="-75.7669450">
    <ele>1265.8</ele>
   </trkpt>
   <trkpt lat="4.8124600" lon="-75.7669620">
    <ele>1265.8</ele>
   </trkpt>
   <trkpt lat="4.8124510" lon="-75.7669790">
    <ele>1265.8</ele>
   </trkpt>
   <trkpt lat="4.8124410" lon="-75.7669970">
    <ele>1265.7</ele>
   </trkpt>
   <trkpt lat="4.8124320" lon="-75.7670140">
    <ele>1265.7</ele>
   </trkpt>
   <trkpt lat="4.8124230" lon="-75.7670310">
    <ele>1265.6</ele>
   </trkpt>
   <trkpt lat="4.8124130" lon="-75.7670490">
    <ele>1265.6</ele>
   </trkpt>
   <trkpt lat="4.8124040" lon="-75.7670650">
    <ele>1265.5</ele>
   </trkpt>
   <trkpt lat="4.8123940" lon="-75.7670830">
    <ele>1265.5</ele>
   </trkpt>
   <trkpt lat="4.8123840" lon="-75.7671000">
    <ele>1265.4</ele>
   </trkpt>
   <trkpt lat="4.8123740" lon="-75.7671160">
    <ele>1265.4</ele>
   </trkpt>
   <trkpt lat="4.8123650" lon="-75.7671320">
    <ele>1265.3</ele>
   </trkpt>
   <trkpt lat="4.8123550" lon="-75.7671500">
    <ele>1265.3</ele>
   </trkpt>
   <trkpt lat="4.8123440" lon="-75.7671670">
    <ele>1265.2</ele>
   </trkpt>
   <trkpt lat="4.8123330" lon="-75.7671850">
    <ele>1265.2</ele>
   </trkpt>
   <trkpt lat="4.8123230" lon="-75.7672040">
    <ele>1265.1</ele>
   </trkpt>
   <trkpt lat="4.8123120" lon="-75.7672220">
    <ele>1265.1</ele>
   </trkpt>
   <trkpt lat="4.8123020" lon="-75.7672400">
    <ele>1265.0</ele>
   </trkpt>
   <trkpt lat="4.8122920" lon="-75.7672590">
    <ele>1265.0</ele>
   </trkpt>
   <trkpt lat="4.8122820" lon="-75.7672780">
    <ele>1264.9</ele>
   </trkpt>
   <trkpt lat="4.8122710" lon="-75.7672980">
    <ele>1264.8</ele>
   </trkpt>
   <trkpt lat="4.8122610" lon="-75.7673170">
    <ele>1264.8</ele>
   </trkpt>
   <trkpt lat="4.8122510" lon="-75.7673370">
    <ele>1264.7</ele>
   </trkpt>
   <trkpt lat="4.8122410" lon="-75.7673570">
    <ele>1264.7</ele>
   </trkpt>
   <trkpt lat="4.8122300" lon="-75.7673770">
    <ele>1264.6</ele>
   </trkpt>
   <trkpt lat="4.8122190" lon="-75.7673980">
    <ele>1264.5</ele>
   </trkpt>
   <trkpt lat="4.8122080" lon="-75.7674190">
    <ele>1264.4</ele>
   </trkpt>
   <trkpt lat="4.8121970" lon="-75.7674400">
    <ele>1264.3</ele>
   </trkpt>
   <trkpt lat="4.8121860" lon="-75.7674610">
    <ele>1264.2</ele>
   </trkpt>
   <trkpt lat="4.8121740" lon="-75.7674820">
    <ele>1264.1</ele>
   </trkpt>
   <trkpt lat="4.8121620" lon="-75.7675030">
    <ele>1264.0</ele>
   </trkpt>
   <trkpt lat="4.8121500" lon="-75.7675250">
    <ele>1263.8</ele>
   </trkpt>
   <trkpt lat="4.8121380" lon="-75.7675470">
    <ele>1263.7</ele>
   </trkpt>
   <trkpt lat="4.8121250" lon="-75.7675680">
    <ele>1263.6</ele>
   </trkpt>
   <trkpt lat="4.8121130" lon="-75.7675890">
    <ele>1263.5</ele>
   </trkpt>
   <trkpt lat="4.8121020" lon="-75.7676100">
    <ele>1263.4</ele>
   </trkpt>
   <trkpt lat="4.8120900" lon="-75.7676310">
    <ele>1263.3</ele>
   </trkpt>
   <trkpt lat="4.8120780" lon="-75.7676520">
    <ele>1263.2</ele>
   </trkpt>
   <trkpt lat="4.8120670" lon="-75.7676720">
    <ele>1263.1</ele>
   </trkpt>
   <trkpt lat="4.8120550" lon="-75.7676930">
    <ele>1263.0</ele>
   </trkpt>
   <trkpt lat="4.8120430" lon="-75.7677140">
    <ele>1262.9</ele>
   </trkpt>
   <trkpt lat="4.8120310" lon="-75.7677340">
    <ele>1262.8</ele>
   </trkpt>
   <trkpt lat="4.8120200" lon="-75.7677540">
    <ele>1262.7</ele>
   </trkpt>
   <trkpt lat="4.8120080" lon="-75.7677740">
    <ele>1262.6</ele>
   </trkpt>
   <trkpt lat="4.8119970" lon="-75.7677930">
    <ele>1262.5</ele>
   </trkpt>
   <trkpt lat="4.8119850" lon="-75.7678110">
    <ele>1262.5</ele>
   </trkpt>
   <trkpt lat="4.8119730" lon="-75.7678300">
    <ele>1262.4</ele>
   </trkpt>
   <trkpt lat="4.8119610" lon="-75.7678480">
    <ele>1262.3</ele>
   </trkpt>
   <trkpt lat="4.8119480" lon="-75.7678660">
    <ele>1262.2</ele>
   </trkpt>
   <trkpt lat="4.8119350" lon="-75.7678850">
    <ele>1262.2</ele>
   </trkpt>
   <trkpt lat="4.8119230" lon="-75.7679040">
    <ele>1262.1</ele>
   </trkpt>
   <trkpt lat="4.8119100" lon="-75.7679240">
    <ele>1262.0</ele>
   </trkpt>
   <trkpt lat="4.8118980" lon="-75.7679460">
    <ele>1262.0</ele>
   </trkpt>
   <trkpt lat="4.8118870" lon="-75.7679680">
    <ele>1261.9</ele>
   </trkpt>
   <trkpt lat="4.8118760" lon="-75.7679900">
    <ele>1261.9</ele>
   </trkpt>
   <trkpt lat="4.8118650" lon="-75.7680120">
    <ele>1261.8</ele>
   </trkpt>
   <trkpt lat="4.8118540" lon="-75.7680350">
    <ele>1261.7</ele>
   </trkpt>
   <trkpt lat="4.8118430" lon="-75.7680570">
    <ele>1261.7</ele>
   </trkpt>
   <trkpt lat="4.8118320" lon="-75.7680790">
    <ele>1261.6</ele>
   </trkpt>
   <trkpt lat="4.8118200" lon="-75.7681000">
    <ele>1261.6</ele>
   </trkpt>
   <trkpt lat="4.8118090" lon="-75.7681220">
    <ele>1261.5</ele>
   </trkpt>
   <trkpt lat="4.8117970" lon="-75.7681430">
    <ele>1261.5</ele>
   </trkpt>
   <trkpt lat="4.8117860" lon="-75.7681620">
    <ele>1261.4</ele>
   </trkpt>
   <trkpt lat="4.8117760" lon="-75.7681820">
    <ele>1261.4</ele>
   </trkpt>
   <trkpt lat="4.8117660" lon="-75.7682020">
    <ele>1261.4</ele>
   </trkpt>
   <trkpt lat="4.8117560" lon="-75.7682210">
    <ele>1261.3</ele>
   </trkpt>
   <trkpt lat="4.8117450" lon="-75.7682410">
    <ele>1261.3</ele>
   </trkpt>
   <trkpt lat="4.8117340" lon="-75.7682630">
    <ele>1261.2</ele>
   </trkpt>
   <trkpt lat="4.8117220" lon="-75.7682850">
    <ele>1261.2</ele>
   </trkpt>
   <trkpt lat="4.8117100" lon="-75.7683060">
    <ele>1261.1</ele>
   </trkpt>
   <trkpt lat="4.8116980" lon="-75.7683280">
    <ele>1261.1</ele>
   </trkpt>
   <trkpt lat="4.8116860" lon="-75.7683480">
    <ele>1261.0</ele>
   </trkpt>
   <trkpt lat="4.8116750" lon="-75.7683680">
    <ele>1260.9</ele>
   </trkpt>
   <trkpt lat="4.8116640" lon="-75.7683870">
    <ele>1260.9</ele>
   </trkpt>
   <trkpt lat="4.8116540" lon="-75.7684060">
    <ele>1260.8</ele>
   </trkpt>
   <trkpt lat="4.8116430" lon="-75.7684250">
    <ele>1260.8</ele>
   </trkpt>
   <trkpt lat="4.8116330" lon="-75.7684430">
    <ele>1260.7</ele>
   </trkpt>
   <trkpt lat="4.8116220" lon="-75.7684610">
    <ele>1260.7</ele>
   </trkpt>
   <trkpt lat="4.8116110" lon="-75.7684780">
    <ele>1260.6</ele>
   </trkpt>
   <trkpt lat="4.8116010" lon="-75.7684950">
    <ele>1260.6</ele>
   </trkpt>
   <trkpt lat="4.8115910" lon="-75.7685120">
    <ele>1260.5</ele>
   </trkpt>
   <trkpt lat="4.8115800" lon="-75.7685280">
    <ele>1260.5</ele>
   </trkpt>
   <trkpt lat="4.8115700" lon="-75.7685440">
    <ele>1260.4</ele>
   </trkpt>
   <trkpt lat="4.8115600" lon="-75.7685600">
    <ele>1260.3</ele>
   </trkpt>
   <trkpt lat="4.8115500" lon="-75.7685760">
    <ele>1260.3</ele>
   </trkpt>
   <trkpt lat="4.8115410" lon="-75.7685910">
    <ele>1260.2</ele>
   </trkpt>
   <trkpt lat="4.8115310" lon="-75.7686070">
    <ele>1260.2</ele>
   </trkpt>
   <trkpt lat="4.8115210" lon="-75.7686240">
    <ele>1260.1</ele>
   </trkpt>
   <trkpt lat="4.8115100" lon="-75.7686430">
    <ele>1260.0</ele>
   </trkpt>
   <trkpt lat="4.8114980" lon="-75.7686650">
    <ele>1260.0</ele>
   </trkpt>
   <trkpt lat="4.8114850" lon="-75.7686870">
    <ele>1259.9</ele>
   </trkpt>
   <trkpt lat="4.8114730" lon="-75.7687090">
    <ele>1259.9</ele>
   </trkpt>
   <trkpt lat="4.8114620" lon="-75.7687300">
    <ele>1259.8</ele>
   </trkpt>
   <trkpt lat="4.8114500" lon="-75.7687510">
    <ele>1259.8</ele>
   </trkpt>
   <trkpt lat="4.8114390" lon="-75.7687720">
    <ele>1259.7</ele>
   </trkpt>
   <trkpt lat="4.8114270" lon="-75.7687940">
    <ele>1259.7</ele>
   </trkpt>
   <trkpt lat="4.8114150" lon="-75.7688170">
    <ele>1259.6</ele>
   </trkpt>
   <trkpt lat="4.8114030" lon="-75.7688400">
    <ele>1259.5</ele>
   </trkpt>
   <trkpt lat="4.8113900" lon="-75.7688650">
    <ele>1259.4</ele>
   </trkpt>
   <trkpt lat="4.8113770" lon="-75.7688890">
    <ele>1259.3</ele>
   </trkpt>
   <trkpt lat="4.8113640" lon="-75.7689140">
    <ele>1259.2</ele>
   </trkpt>
   <trkpt lat="4.8113510" lon="-75.7689390">
    <ele>1259.1</ele>
   </trkpt>
   <trkpt lat="4.8113380" lon="-75.7689630">
    <ele>1259.0</ele>
   </trkpt>
   <trkpt lat="4.8113250" lon="-75.7689880">
    <ele>1258.9</ele>
   </trkpt>
   <trkpt lat="4.8113110" lon="-75.7690130">
    <ele>1258.8</ele>
   </trkpt>
   <trkpt lat="4.8112970" lon="-75.7690380">
    <ele>1258.7</ele>
   </trkpt>
   <trkpt lat="4.8112830" lon="-75.7690630">
    <ele>1258.6</ele>
   </trkpt>
   <trkpt lat="4.8112690" lon="-75.7690880">
    <ele>1258.5</ele>
   </trkpt>
   <trkpt lat="4.8112570" lon="-75.7691110">
    <ele>1258.5</ele>
   </trkpt>
   <trkpt lat="4.8112460" lon="-75.7691330">
    <ele>1258.4</ele>
   </trkpt>
   <trkpt lat="4.8112370" lon="-75.7691530">
    <ele>1258.3</ele>
   </trkpt>
   <trkpt lat="4.8112280" lon="-75.7691720">
    <ele>1258.2</ele>
   </trkpt>
   <trkpt lat="4.8112190" lon="-75.7691900">
    <ele>1258.2</ele>
   </trkpt>
   <trkpt lat="4.8112090" lon="-75.7692100">
    <ele>1258.1</ele>
   </trkpt>
   <trkpt lat="4.8111990" lon="-75.7692300">
    <ele>1258.0</ele>
   </trkpt>
   <trkpt lat="4.8111880" lon="-75.7692510">
    <ele>1257.9</ele>
   </trkpt>
   <trkpt lat="4.8111770" lon="-75.7692720">
    <ele>1257.9</ele>
   </trkpt>
   <trkpt lat="4.8111660" lon="-75.7692930">
    <ele>1257.8</ele>
   </trkpt>
   <trkpt lat="4.8111550" lon="-75.7693140">
    <ele>1257.7</ele>
   </trkpt>
   <trkpt lat="4.8111440" lon="-75.7693360">
    <ele>1257.6</ele>
   </trkpt>
   <trkpt lat="4.8111320" lon="-75.7693580">
    <ele>1257.5</ele>
   </trkpt>
   <trkpt lat="4.8111200" lon="-75.7693780">
    <ele>1257.5</ele>
   </trkpt>
   <trkpt lat="4.8111100" lon="-75.7693960">
    <ele>1257.4</ele>
   </trkpt>
   <trkpt lat="4.8110990" lon="-75.7694140">
    <ele>1257.3</ele>
   </trkpt>
   <trkpt lat="4.8110880" lon="-75.7694320">
    <ele>1257.3</ele>
   </trkpt>
   <trkpt lat="4.8110760" lon="-75.7694510">
    <ele>1257.2</ele>
   </trkpt>
   <trkpt lat="4.8110640" lon="-75.7694700">
    <ele>1257.1</ele>
   </trkpt>
   <trkpt lat="4.8110520" lon="-75.7694880">
    <ele>1257.1</ele>
   </trkpt>
   <trkpt lat="4.8110390" lon="-75.7695060">
    <ele>1257.0</ele>
   </trkpt>
   <trkpt lat="4.8110270" lon="-75.7695250">
    <ele>1256.9</ele>
   </trkpt>
   <trkpt lat="4.8110150" lon="-75.7695430">
    <ele>1256.9</ele>
   </trkpt>
   <trkpt lat="4.8110030" lon="-75.7695610">
    <ele>1256.8</ele>
   </trkpt>
   <trkpt lat="4.8109910" lon="-75.7695810">
    <ele>1256.7</ele>
   </trkpt>
   <trkpt lat="4.8109800" lon="-75.7696000">
    <ele>1256.6</ele>
   </trkpt>
   <trkpt lat="4.8109680" lon="-75.7696200">
    <ele>1256.6</ele>
   </trkpt>
   <trkpt lat="4.8109570" lon="-75.7696410">
    <ele>1256.5</ele>
   </trkpt>
   <trkpt lat="4.8109460" lon="-75.7696630">
    <ele>1256.4</ele>
   </trkpt>
   <trkpt lat="4.8109360" lon="-75.7696840">
    <ele>1256.3</ele>
   </trkpt>
   <trkpt lat="4.8109250" lon="-75.7697070">
    <ele>1256.2</ele>
   </trkpt>
   <trkpt lat="4.8109150" lon="-75.7697300">
    <ele>1256.2</ele>
   </trkpt>
   <trkpt lat="4.8109030" lon="-75.7697520">
    <ele>1256.1</ele>
   </trkpt>
   <trkpt lat="4.8108920" lon="-75.7697750">
    <ele>1256.0</ele>
   </trkpt>
   <trkpt lat="4.8108800" lon="-75.7697970">
    <ele>1255.9</ele>
   </trkpt>
   <trkpt lat="4.8108670" lon="-75.7698180">
    <ele>1255.8</ele>
   </trkpt>
   <trkpt lat="4.8108550" lon="-75.7698390">
    <ele>1255.8</ele>
   </trkpt>
   <trkpt lat="4.8108420" lon="-75.7698600">
    <ele>1255.7</ele>
   </trkpt>
   <trkpt lat="4.8108300" lon="-75.7698800">
    <ele>1255.6</ele>
   </trkpt>
   <trkpt lat="4.8108180" lon="-75.7698990">
    <ele>1255.5</ele>
   </trkpt>
   <trkpt lat="4.8108060" lon="-75.7699190">
    <ele>1255.5</ele>
   </trkpt>
   <trkpt lat="4.8107940" lon="-75.7699390">
    <ele>1255.4</ele>
   </trkpt>
   <trkpt lat="4.8107830" lon="-75.7699580">
    <ele>1255.3</ele>
   </trkpt>
   <trkpt lat="4.8107720" lon="-75.7699760">
    <ele>1255.3</ele>
   </trkpt>
   <trkpt lat="4.8107620" lon="-75.7699940">
    <ele>1255.2</ele>
   </trkpt>
   <trkpt lat="4.8107520" lon="-75.7700110">
    <ele>1255.2</ele>
   </trkpt>
   <trkpt lat="4.8107430" lon="-75.7700270">
    <ele>1255.1</ele>
   </trkpt>
   <trkpt lat="4.8107340" lon="-75.7700430">
    <ele>1255.1</ele>
   </trkpt>
   <trkpt lat="4.8107240" lon="-75.7700590">
    <ele>1255.0</ele>
   </trkpt>
   <trkpt lat="4.8107150" lon="-75.7700760">
    <ele>1255.0</ele>
   </trkpt>
   <trkpt lat="4.8107050" lon="-75.7700940">
    <ele>1254.9</ele>
   </trkpt>
   <trkpt lat="4.8106950" lon="-75.7701140">
    <ele>1254.9</ele>
   </trkpt>
   <trkpt lat="4.8106850" lon="-75.7701330">
    <ele>1254.8</ele>
   </trkpt>
   <trkpt lat="4.8106750" lon="-75.7701530">
    <ele>1254.8</ele>
   </trkpt>
   <trkpt lat="4.8106640" lon="-75.7701730">
    <ele>1254.7</ele>
   </trkpt>
   <trkpt lat="4.8106540" lon="-75.7701940">
    <ele>1254.6</ele>
   </trkpt>
   <trkpt lat="4.8106430" lon="-75.7702160">
    <ele>1254.6</ele>
   </trkpt>
   <trkpt lat="4.8106310" lon="-75.7702390">
    <ele>1254.5</ele>
   </trkpt>
   <trkpt lat="4.8106200" lon="-75.7702600">
    <ele>1254.4</ele>
   </trkpt>
   <trkpt lat="4.8106090" lon="-75.7702810">
    <ele>1254.3</ele>
   </trkpt>
   <trkpt lat="4.8105980" lon="-75.7703010">
    <ele>1254.3</ele>
   </trkpt>
   <trkpt lat="4.8105870" lon="-75.7703200">
    <ele>1254.2</ele>
   </trkpt>
   <trkpt lat="4.8105780" lon="-75.7703360">
    <ele>1254.2</ele>
   </trkpt>
   <trkpt lat="4.8105690" lon="-75.7703530">
    <ele>1254.1</ele>
   </trkpt>
   <trkpt lat="4.8105590" lon="-75.7703700">
    <ele>1254.0</ele>
   </trkpt>
   <trkpt lat="4.8105490" lon="-75.7703870">
    <ele>1254.0</ele>
   </trkpt>
   <trkpt lat="4.8105390" lon="-75.7704040">
    <ele>1253.9</ele>
   </trkpt>
   <trkpt lat="4.8105290" lon="-75.7704230">
    <ele>1253.9</ele>
   </trkpt>
   <trkpt lat="4.8105190" lon="-75.7704400">
    <ele>1253.8</ele>
   </trkpt>
   <trkpt lat="4.8105100" lon="-75.7704570">
    <ele>1253.7</ele>
   </trkpt>
   <trkpt lat="4.8105000" lon="-75.7704740">
    <ele>1253.7</ele>
   </trkpt>
   <trkpt lat="4.8104900" lon="-75.7704910">
    <ele>1253.6</ele>
   </trkpt>
   <trkpt lat="4.8104810" lon="-75.7705080">
    <ele>1253.6</ele>
   </trkpt>
   <trkpt lat="4.8104710" lon="-75.7705240">
    <ele>1253.5</ele>
   </trkpt>
   <trkpt lat="4.8104610" lon="-75.7705400">
    <ele>1253.5</ele>
   </trkpt>
   <trkpt lat="4.8104510" lon="-75.7705560">
    <ele>1253.4</ele>
   </trkpt>
   <trkpt lat="4.8104430" lon="-75.7705710">
    <ele>1253.3</ele>
   </trkpt>
   <trkpt lat="4.8104350" lon="-75.7705870">
    <ele>1253.3</ele>
   </trkpt>
   <trkpt lat="4.8104280" lon="-75.7706040">
    <ele>1253.2</ele>
   </trkpt>
   <trkpt lat="4.8104210" lon="-75.7706220">
    <ele>1253.2</ele>
   </trkpt>
   <trkpt lat="4.8104130" lon="-75.7706400">
    <ele>1253.1</ele>
   </trkpt>
   <trkpt lat="4.8104040" lon="-75.7706570">
    <ele>1253.1</ele>
   </trkpt>
   <trkpt lat="4.8103960" lon="-75.7706750">
    <ele>1253.0</ele>
   </trkpt>
   <trkpt lat="4.8103870" lon="-75.7706930">
    <ele>1253.0</ele>
   </trkpt>
   <trkpt lat="4.8103780" lon="-75.7707120">
    <ele>1252.9</ele>
   </trkpt>
   <trkpt lat="4.8103700" lon="-75.7707300">
    <ele>1252.9</ele>
   </trkpt>
   <trkpt lat="4.8103620" lon="-75.7707480">
    <ele>1252.8</ele>
   </trkpt>
   <trkpt lat="4.8103540" lon="-75.7707670">
    <ele>1252.7</ele>
   </trkpt>
   <trkpt lat="4.8103480" lon="-75.7707840">
    <ele>1252.7</ele>
   </trkpt>
   <trkpt lat="4.8103420" lon="-75.7708010">
    <ele>1252.6</ele>
   </trkpt>
   <trkpt lat="4.8103360" lon="-75.7708180">
    <ele>1252.6</ele>
   </trkpt>
   <trkpt lat="4.8103300" lon="-75.7708350">
    <ele>1252.5</ele>
   </trkpt>
   <trkpt lat="4.8103240" lon="-75.7708530">
    <ele>1252.5</ele>
   </trkpt>
   <trkpt lat="4.8103170" lon="-75.7708720">
    <ele>1252.4</ele>
   </trkpt>
   <trkpt lat="4.8103100" lon="-75.7708920">
    <ele>1252.4</ele>
   </trkpt>
   <trkpt lat="4.8103030" lon="-75.7709120">
    <ele>1252.3</ele>
   </trkpt>
   <trkpt lat="4.8102960" lon="-75.7709320">
    <ele>1252.3</ele>
   </trkpt>
   <trkpt lat="4.8102900" lon="-75.7709530">
    <ele>1252.2</ele>
   </trkpt>
   <trkpt lat="4.8102830" lon="-75.7709730">
    <ele>1252.1</ele>
   </trkpt>
   <trkpt lat="4.8102760" lon="-75.7709930">
    <ele>1252.1</ele>
   </trkpt>
   <trkpt lat="4.8102700" lon="-75.7710140">
    <ele>1252.0</ele>
   </trkpt>
   <trkpt lat="4.8102640" lon="-75.7710340">
    <ele>1251.9</ele>
   </trkpt>
   <trkpt lat="4.8102590" lon="-75.7710550">
    <ele>1251.9</ele>
   </trkpt>
   <trkpt lat="4.8102530" lon="-75.7710750">
    <ele>1251.8</ele>
   </trkpt>
   <trkpt lat="4.8102490" lon="-75.7710960">
    <ele>1251.7</ele>
   </trkpt>
   <trkpt lat="4.8102440" lon="-75.7711160">
    <ele>1251.7</ele>
   </trkpt>
   <trkpt lat="4.8102410" lon="-75.7711370">
    <ele>1251.6</ele>
   </trkpt>
   <trkpt lat="4.8102390" lon="-75.7711560">
    <ele>1251.6</ele>
   </trkpt>
   <trkpt lat="4.8102370" lon="-75.7711750">
    <ele>1251.5</ele>
   </trkpt>
   <trkpt lat="4.8102330" lon="-75.7711930">
    <ele>1251.4</ele>
   </trkpt>
   <trkpt lat="4.8102270" lon="-75.7712130">
    <ele>1251.4</ele>
   </trkpt>
   <trkpt lat="4.8102200" lon="-75.7712350">
    <ele>1251.3</ele>
   </trkpt>
   <trkpt lat="4.8102130" lon="-75.7712580">
    <ele>1251.2</ele>
   </trkpt>
   <trkpt lat="4.8102070" lon="-75.7712820">
    <ele>1251.1</ele>
   </trkpt>
   <trkpt lat="4.8102010" lon="-75.7713050">
    <ele>1251.0</ele>
   </trkpt>
   <trkpt lat="4.8101960" lon="-75.7713270">
    <ele>1251.0</ele>
   </trkpt>
   <trkpt lat="4.8101910" lon="-75.7713490">
    <ele>1250.9</ele>
   </trkpt>
   <trkpt lat="4.8101880" lon="-75.7713700">
    <ele>1250.8</ele>
   </trkpt>
   <trkpt lat="4.8101850" lon="-75.7713910">
    <ele>1250.7</ele>
   </trkpt>
   <trkpt lat="4.8101820" lon="-75.7714110">
    <ele>1250.7</ele>
   </trkpt>
   <trkpt lat="4.8101800" lon="-75.7714300">
    <ele>1250.6</ele>
   </trkpt>
   <trkpt lat="4.8101780" lon="-75.7714480">
    <ele>1250.6</ele>
   </trkpt>
   <trkpt lat="4.8101750" lon="-75.7714670">
    <ele>1250.5</ele>
   </trkpt>
   <trkpt lat="4.8101730" lon="-75.7714860">
    <ele>1250.4</ele>
   </trkpt>
   <trkpt lat="4.8101710" lon="-75.7715050">
    <ele>1250.4</ele>
   </trkpt>
   <trkpt lat="4.8101690" lon="-75.7715240">
    <ele>1250.3</ele>
   </trkpt>
   <trkpt lat="4.8101670" lon="-75.7715430">
    <ele>1250.3</ele>
   </trkpt>
   <trkpt lat="4.8101650" lon="-75.7715610">
    <ele>1250.2</ele>
   </trkpt>
   <trkpt lat="4.8101630" lon="-75.7715800">
    <ele>1250.1</ele>
   </trkpt>
   <trkpt lat="4.8101620" lon="-75.7715980">
    <ele>1250.1</ele>
   </trkpt>
   <trkpt lat="4.8101600" lon="-75.7716170">
    <ele>1250.0</ele>
   </trkpt>
   <trkpt lat="4.8101590" lon="-75.7716350">
    <ele>1250.0</ele>
   </trkpt>
   <trkpt lat="4.8101570" lon="-75.7716540">
    <ele>1249.9</ele>
   </trkpt>
   <trkpt lat="4.8101570" lon="-75.7716730">
    <ele>1249.8</ele>
   </trkpt>
   <trkpt lat="4.8101560" lon="-75.7716920">
    <ele>1249.8</ele>
   </trkpt>
   <trkpt lat="4.8101560" lon="-75.7717100">
    <ele>1249.7</ele>
   </trkpt>
   <trkpt lat="4.8101560" lon="-75.7717290">
    <ele>1249.7</ele>
   </trkpt>
   <trkpt lat="4.8101560" lon="-75.7717480">
    <ele>1249.6</ele>
   </trkpt>
   <trkpt lat="4.8101560" lon="-75.7717670">
    <ele>1249.6</ele>
   </trkpt>
   <trkpt lat="4.8101570" lon="-75.7717880">
    <ele>1249.5</ele>
   </trkpt>
   <trkpt lat="4.8101570" lon="-75.7718090">
    <ele>1249.4</ele>
   </trkpt>
   <trkpt lat="4.8101580" lon="-75.7718310">
    <ele>1249.3</ele>
   </trkpt>
   <trkpt lat="4.8101590" lon="-75.7718530">
    <ele>1249.3</ele>
   </trkpt>
   <trkpt lat="4.8101600" lon="-75.7718740">
    <ele>1249.2</ele>
   </trkpt>
   <trkpt lat="4.8101610" lon="-75.7718960">
    <ele>1249.1</ele>
   </trkpt>
   <trkpt lat="4.8101630" lon="-75.7719170">
    <ele>1249.0</ele>
   </trkpt>
   <trkpt lat="4.8101660" lon="-75.7719380">
    <ele>1249.0</ele>
   </trkpt>
   <trkpt lat="4.8101690" lon="-75.7719590">
    <ele>1248.9</ele>
   </trkpt>
   <trkpt lat="4.8101720" lon="-75.7719800">
    <ele>1248.8</ele>
   </trkpt>
   <trkpt lat="4.8101750" lon="-75.7720000">
    <ele>1248.7</ele>
   </trkpt>
   <trkpt lat="4.8101780" lon="-75.7720190">
    <ele>1248.7</ele>
   </trkpt>
   <trkpt lat="4.8101810" lon="-75.7720390">
    <ele>1248.6</ele>
   </trkpt>
   <trkpt lat="4.8101830" lon="-75.7720590">
    <ele>1248.6</ele>
   </trkpt>
   <trkpt lat="4.8101850" lon="-75.7720780">
    <ele>1248.5</ele>
   </trkpt>
   <trkpt lat="4.8101880" lon="-75.7720980">
    <ele>1248.4</ele>
   </trkpt>
   <trkpt lat="4.8101900" lon="-75.7721170">
    <ele>1248.4</ele>
   </trkpt>
   <trkpt lat="4.8101910" lon="-75.7721350">
    <ele>1248.3</ele>
   </trkpt>
   <trkpt lat="4.8101930" lon="-75.7721540">
    <ele>1248.3</ele>
   </trkpt>
   <trkpt lat="4.8101940" lon="-75.7721730">
    <ele>1248.2</ele>
   </trkpt>
   <trkpt lat="4.8101950" lon="-75.7721920">
    <ele>1248.2</ele>
   </trkpt>
   <trkpt lat="4.8101970" lon="-75.7722120">
    <ele>1248.1</ele>
   </trkpt>
   <trkpt lat="4.8102000" lon="-75.7722310">
    <ele>1248.0</ele>
   </trkpt>
   <trkpt lat="4.8102030" lon="-75.7722510">
    <ele>1248.0</ele>
   </trkpt>
   <trkpt lat="4.8102080" lon="-75.7722710">
    <ele>1247.9</ele>
   </trkpt>
   <trkpt lat="4.8102130" lon="-75.7722900">
    <ele>1247.8</ele>
   </trkpt>
   <trkpt lat="4.8102190" lon="-75.7723080">
    <ele>1247.8</ele>
   </trkpt>
   <trkpt lat="4.8102250" lon="-75.7723250">
    <ele>1247.7</ele>
   </trkpt>
   <trkpt lat="4.8102320" lon="-75.7723420">
    <ele>1247.7</ele>
   </trkpt>
   <trkpt lat="4.8102380" lon="-75.7723580">
    <ele>1247.6</ele>
   </trkpt>
   <trkpt lat="4.8102450" lon="-75.7723750">
    <ele>1247.5</ele>
   </trkpt>
   <trkpt lat="4.8102500" lon="-75.7723920">
    <ele>1247.5</ele>
   </trkpt>
   <trkpt lat="4.8102550" lon="-75.7724090">
    <ele>1247.4</ele>
   </trkpt>
   <trkpt lat="4.8102600" lon="-75.7724270">
    <ele>1247.3</ele>
   </trkpt>
   <trkpt lat="4.8102640" lon="-75.7724450">
    <ele>1247.3</ele>
   </trkpt>
   <trkpt lat="4.8102690" lon="-75.7724640">
    <ele>1247.2</ele>
   </trkpt>
   <trkpt lat="4.8102750" lon="-75.7724840">
    <ele>1247.1</ele>
   </trkpt>
   <trkpt lat="4.8102810" lon="-75.7725030">
    <ele>1247.0</ele>
   </trkpt>
   <trkpt lat="4.8102870" lon="-75.7725230">
    <ele>1246.9</ele>
   </trkpt>
   <trkpt lat="4.8102930" lon="-75.7725420">
    <ele>1246.8</ele>
   </trkpt>
   <trkpt lat="4.8102990" lon="-75.7725610">
    <ele>1246.8</ele>
   </trkpt>
   <trkpt lat="4.8103050" lon="-75.7725800">
    <ele>1246.7</ele>
   </trkpt>
   <trkpt lat="4.8103100" lon="-75.7725980">
    <ele>1246.6</ele>
   </trkpt>
   <trkpt lat="4.8103150" lon="-75.7726160">
    <ele>1246.5</ele>
   </trkpt>
   <trkpt lat="4.8103210" lon="-75.7726340">
    <ele>1246.4</ele>
   </trkpt>
   <trkpt lat="4.8103260" lon="-75.7726510">
    <ele>1246.4</ele>
   </trkpt>
   <trkpt lat="4.8103320" lon="-75.7726690">
    <ele>1246.3</ele>
   </trkpt>
   <trkpt lat="4.8103380" lon="-75.7726870">
    <ele>1246.2</ele>
   </trkpt>
   <trkpt lat="4.8103440" lon="-75.7727050">
    <ele>1246.1</ele>
   </trkpt>
   <trkpt lat="4.8103510" lon="-75.7727230">
    <ele>1246.1</ele>
   </trkpt>
   <trkpt lat="4.8103580" lon="-75.7727430">
    <ele>1246.0</ele>
   </trkpt>
   <trkpt lat="4.8103660" lon="-75.7727650">
    <ele>1245.9</ele>
   </trkpt>
   <trkpt lat="4.8103750" lon="-75.7727870">
    <ele>1245.8</ele>
   </trkpt>
   <trkpt lat="4.8103830" lon="-75.7728090">
    <ele>1245.7</ele>
   </trkpt>
   <trkpt lat="4.8103910" lon="-75.7728310">
    <ele>1245.6</ele>
   </trkpt>
   <trkpt lat="4.8103990" lon="-75.7728520">
    <ele>1245.5</ele>
   </trkpt>
   <trkpt lat="4.8104060" lon="-75.7728720">
    <ele>1245.4</ele>
   </trkpt>
   <trkpt lat="4.8104130" lon="-75.7728920">
    <ele>1245.3</ele>
   </trkpt>
   <trkpt lat="4.8104190" lon="-75.7729100">
    <ele>1245.2</ele>
   </trkpt>
   <trkpt lat="4.8104260" lon="-75.7729280">
    <ele>1245.1</ele>
   </trkpt>
   <trkpt lat="4.8104320" lon="-75.7729460">
    <ele>1245.1</ele>
   </trkpt>
   <trkpt lat="4.8104390" lon="-75.7729650">
    <ele>1245.0</ele>
   </trkpt>
   <trkpt lat="4.8104450" lon="-75.7729850">
    <ele>1244.9</ele>
   </trkpt>
   <trkpt lat="4.8104530" lon="-75.7730050">
    <ele>1244.8</ele>
   </trkpt>
   <trkpt lat="4.8104600" lon="-75.7730250">
    <ele>1244.7</ele>
   </trkpt>
   <trkpt lat="4.8104670" lon="-75.7730460">
    <ele>1244.6</ele>
   </trkpt>
   <trkpt lat="4.8104740" lon="-75.7730660">
    <ele>1244.5</ele>
   </trkpt>
   <trkpt lat="4.8104810" lon="-75.7730870">
    <ele>1244.4</ele>
   </trkpt>
   <trkpt lat="4.8104880" lon="-75.7731080">
    <ele>1244.3</ele>
   </trkpt>
   <trkpt lat="4.8104950" lon="-75.7731280">
    <ele>1244.2</ele>
   </trkpt>
   <trkpt lat="4.8105020" lon="-75.7731480">
    <ele>1244.2</ele>
   </trkpt>
   <trkpt lat="4.8105090" lon="-75.7731670">
    <ele>1244.1</ele>
   </trkpt>
   <trkpt lat="4.8105160" lon="-75.7731860">
    <ele>1244.0</ele>
   </trkpt>
   <trkpt lat="4.8105230" lon="-75.7732060">
    <ele>1243.9</ele>
   </trkpt>
   <trkpt lat="4.8105310" lon="-75.7732250">
    <ele>1243.8</ele>
   </trkpt>
   <trkpt lat="4.8105380" lon="-75.7732450">
    <ele>1243.7</ele>
   </trkpt>
   <trkpt lat="4.8105460" lon="-75.7732640">
    <ele>1243.6</ele>
   </trkpt>
   <trkpt lat="4.8105540" lon="-75.7732840">
    <ele>1243.5</ele>
   </trkpt>
   <trkpt lat="4.8105620" lon="-75.7733040">
    <ele>1243.4</ele>
   </trkpt>
   <trkpt lat="4.8105710" lon="-75.7733240">
    <ele>1243.3</ele>
   </trkpt>
   <trkpt lat="4.8105790" lon="-75.7733440">
    <ele>1243.2</ele>
   </trkpt>
   <trkpt lat="4.8105880" lon="-75.7733640">
    <ele>1243.1</ele>
   </trkpt>
   <trkpt lat="4.8105960" lon="-75.7733840">
    <ele>1243.0</ele>
   </trkpt>
   <trkpt lat="4.8106050" lon="-75.7734040">
    <ele>1243.0</ele>
   </trkpt>
   <trkpt lat="4.8106140" lon="-75.7734240">
    <ele>1242.9</ele>
   </trkpt>
   <trkpt lat="4.8106230" lon="-75.7734440">
    <ele>1242.8</ele>
   </trkpt>
   <trkpt lat="4.8106320" lon="-75.7734640">
    <ele>1242.7</ele>
   </trkpt>
   <trkpt lat="4.8106410" lon="-75.7734840">
    <ele>1242.6</ele>
   </trkpt>
   <trkpt lat="4.8106490" lon="-75.7735040">
    <ele>1242.5</ele>
   </trkpt>
   <trkpt lat="4.8106580" lon="-75.7735240">
    <ele>1242.4</ele>
   </trkpt>
   <trkpt lat="4.8106660" lon="-75.7735440">
    <ele>1242.3</ele>
   </trkpt>
   <trkpt lat="4.8106740" lon="-75.7735640">
    <ele>1242.2</ele>
   </trkpt>
   <trkpt lat="4.8106810" lon="-75.7735840">
    <ele>1242.2</ele>
   </trkpt>
   <trkpt lat="4.8106890" lon="-75.7736040">
    <ele>1242.1</ele>
   </trkpt>
   <trkpt lat="4.8106960" lon="-75.7736240">
    <ele>1242.0</ele>
   </trkpt>
   <trkpt lat="4.8107040" lon="-75.7736440">
    <ele>1241.9</ele>
   </trkpt>
   <trkpt lat="4.8107110" lon="-75.7736630">
    <ele>1241.8</ele>
   </trkpt>
   <trkpt lat="4.8107170" lon="-75.7736820">
    <ele>1241.8</ele>
   </trkpt>
   <trkpt lat="4.8107230" lon="-75.7736990">
    <ele>1241.7</ele>
   </trkpt>
   <trkpt lat="4.8107270" lon="-75.7737140">
    <ele>1241.6</ele>
   </trkpt>
   <trkpt lat="4.8107310" lon="-75.7737270">
    <ele>1241.6</ele>
   </trkpt>
   <trkpt lat="4.8107340" lon="-75.7737390">
    <ele>1241.5</ele>
   </trkpt>
   <trkpt lat="4.8107370" lon="-75.7737510">
    <ele>1241.5</ele>
   </trkpt>
   <trkpt lat="4.8107410" lon="-75.7737640">
    <ele>1241.5</ele>
   </trkpt>
   <trkpt lat="4.8107470" lon="-75.7737790">
    <ele>1241.4</ele>
   </trkpt>
   <trkpt lat="4.8107530" lon="-75.7737960">
    <ele>1241.3</ele>
   </trkpt>
   <trkpt lat="4.8107600" lon="-75.7738150">
    <ele>1241.3</ele>
   </trkpt>
   <trkpt lat="4.8107670" lon="-75.7738350">
    <ele>1241.2</ele>
   </trkpt>
   <trkpt lat="4.8107750" lon="-75.7738550">
    <ele>1241.1</ele>
   </trkpt>
   <trkpt lat="4.8107820" lon="-75.7738750">
    <ele>1241.0</ele>
   </trkpt>
   <trkpt lat="4.8107890" lon="-75.7738940">
    <ele>1240.9</ele>
   </trkpt>
   <trkpt lat="4.8107960" lon="-75.7739130">
    <ele>1240.9</ele>
   </trkpt>
   <trkpt lat="4.8108030" lon="-75.7739320">
    <ele>1240.8</ele>
   </trkpt>
   <trkpt lat="4.8108100" lon="-75.7739510">
    <ele>1240.7</ele>
   </trkpt>
   <trkpt lat="4.8108170" lon="-75.7739700">
    <ele>1240.6</ele>
   </trkpt>
   <trkpt lat="4.8108240" lon="-75.7739890">
    <ele>1240.5</ele>
   </trkpt>
   <trkpt lat="4.8108310" lon="-75.7740070">
    <ele>1240.5</ele>
   </trkpt>
   <trkpt lat="4.8108380" lon="-75.7740260">
    <ele>1240.4</ele>
   </trkpt>
   <trkpt lat="4.8108450" lon="-75.7740450">
    <ele>1240.3</ele>
   </trkpt>
   <trkpt lat="4.8108520" lon="-75.7740630">
    <ele>1240.2</ele>
   </trkpt>
   <trkpt lat="4.8108590" lon="-75.7740820">
    <ele>1240.1</ele>
   </trkpt>
   <trkpt lat="4.8108660" lon="-75.7741010">
    <ele>1240.0</ele>
   </trkpt>
   <trkpt lat="4.8108730" lon="-75.7741190">
    <ele>1240.0</ele>
   </trkpt>
   <trkpt lat="4.8108800" lon="-75.7741380">
    <ele>1239.9</ele>
   </trkpt>
   <trkpt lat="4.8108870" lon="-75.7741560">
    <ele>1239.8</ele>
   </trkpt>
   <trkpt lat="4.8108940" lon="-75.7741740">
    <ele>1239.7</ele>
   </trkpt>
   <trkpt lat="4.8109000" lon="-75.7741910">
    <ele>1239.6</ele>
   </trkpt>
   <trkpt lat="4.8109060" lon="-75.7742070">
    <ele>1239.6</ele>
   </trkpt>
   <trkpt lat="4.8109110" lon="-75.7742210">
    <ele>1239.5</ele>
   </trkpt>
   <trkpt lat="4.8109160" lon="-75.7742350">
    <ele>1239.5</ele>
   </trkpt>
   <trkpt lat="4.8109220" lon="-75.7742490">
    <ele>1239.4</ele>
   </trkpt>
   <trkpt lat="4.8109280" lon="-75.7742650">
    <ele>1239.3</ele>
   </trkpt>
   <trkpt lat="4.8109340" lon="-75.7742820">
    <ele>1239.2</ele>
   </trkpt>
   <trkpt lat="4.8109400" lon="-75.7742980">
    <ele>1239.2</ele>
   </trkpt>
   <trkpt lat="4.8109460" lon="-75.7743130">
    <ele>1239.1</ele>
   </trkpt>
   <trkpt lat="4.8109510" lon="-75.7743240">
    <ele>1239.1</ele>
   </trkpt>
   <trkpt lat="4.8109550" lon="-75.7743330">
    <ele>1239.0</ele>
   </trkpt>
   <trkpt lat="4.8109600" lon="-75.7743410">
    <ele>1239.0</ele>
   </trkpt>
   <trkpt lat="4.8109650" lon="-75.7743510">
    <ele>1239.0</ele>
   </trkpt>
   <trkpt lat="4.8109710" lon="-75.7743620">
    <ele>1238.9</ele>
   </trkpt>
   <trkpt lat="4.8109770" lon="-75.7743760">
    <ele>1238.8</ele>
   </trkpt>
   <trkpt lat="4.8109840" lon="-75.7743910">
    <ele>1238.8</ele>
   </trkpt>
   <trkpt lat="4.8109910" lon="-75.7744070">
    <ele>1238.7</ele>
   </trkpt>
   <trkpt lat="4.8109980" lon="-75.7744250">
    <ele>1238.6</ele>
   </trkpt>
   <trkpt lat="4.8110060" lon="-75.7744430">
    <ele>1238.6</ele>
   </trkpt>
   <trkpt lat="4.8110140" lon="-75.7744630">
    <ele>1238.5</ele>
   </trkpt>
   <trkpt lat="4.8110210" lon="-75.7744810">
    <ele>1238.4</ele>
   </trkpt>
   <trkpt lat="4.8110290" lon="-75.7745000">
    <ele>1238.4</ele>
   </trkpt>
   <trkpt lat="4.8110360" lon="-75.7745180">
    <ele>1238.3</ele>
   </trkpt>
   <trkpt lat="4.8110430" lon="-75.7745360">
    <ele>1238.3</ele>
   </trkpt>
   <trkpt lat="4.8110500" lon="-75.7745540">
    <ele>1238.2</ele>
   </trkpt>
   <trkpt lat="4.8110570" lon="-75.7745710">
    <ele>1238.2</ele>
   </trkpt>
   <trkpt lat="4.8110640" lon="-75.7745890">
    <ele>1238.1</ele>
   </trkpt>
   <trkpt lat="4.8110710" lon="-75.7746060">
    <ele>1238.1</ele>
   </trkpt>
   <trkpt lat="4.8110780" lon="-75.7746240">
    <ele>1238.1</ele>
   </trkpt>
   <trkpt lat="4.8110850" lon="-75.7746410">
    <ele>1238.0</ele>
   </trkpt>
   <trkpt lat="4.8110910" lon="-75.7746580">
    <ele>1238.0</ele>
   </trkpt>
   <trkpt lat="4.8110980" lon="-75.7746750">
    <ele>1238.0</ele>
   </trkpt>
   <trkpt lat="4.8111040" lon="-75.7746920">
    <ele>1237.9</ele>
   </trkpt>
   <trkpt lat="4.8111110" lon="-75.7747090">
    <ele>1237.9</ele>
   </trkpt>
   <trkpt lat="4.8111180" lon="-75.7747260">
    <ele>1237.9</ele>
   </trkpt>
   <trkpt lat="4.8111250" lon="-75.7747450">
    <ele>1237.9</ele>
   </trkpt>
   <trkpt lat="4.8111320" lon="-75.7747630">
    <ele>1237.9</ele>
   </trkpt>
   <trkpt lat="4.8111390" lon="-75.7747810">
    <ele>1237.8</ele>
   </trkpt>
   <trkpt lat="4.8111450" lon="-75.7747970">
    <ele>1237.8</ele>
   </trkpt>
   <trkpt lat="4.8111510" lon="-75.7748120">
    <ele>1237.8</ele>
   </trkpt>
   <trkpt lat="4.8111570" lon="-75.7748260">
    <ele>1237.8</ele>
   </trkpt>
   <trkpt lat="4.8111630" lon="-75.7748420">
    <ele>1237.8</ele>
   </trkpt>
   <trkpt lat="4.8111700" lon="-75.7748590">
    <ele>1237.8</ele>
   </trkpt>
   <trkpt lat="4.8111770" lon="-75.7748770">
    <ele>1237.8</ele>
   </trkpt>
   <trkpt lat="4.8111840" lon="-75.7748960">
    <ele>1237.8</ele>
   </trkpt>
   <trkpt lat="4.8111920" lon="-75.7749150">
    <ele>1237.9</ele>
   </trkpt>
   <trkpt lat="4.8112000" lon="-75.7749360">
    <ele>1237.9</ele>
   </trkpt>
   <trkpt lat="4.8112080" lon="-75.7749560">
    <ele>1237.9</ele>
   </trkpt>
   <trkpt lat="4.8112160" lon="-75.7749760">
    <ele>1237.9</ele>
   </trkpt>
   <trkpt lat="4.8112240" lon="-75.7749980">
    <ele>1238.0</ele>
   </trkpt>
   <trkpt lat="4.8112310" lon="-75.7750170">
    <ele>1238.0</ele>
   </trkpt>
   <trkpt lat="4.8112380" lon="-75.7750330">
    <ele>1238.0</ele>
   </trkpt>
   <trkpt lat="4.8112430" lon="-75.7750470">
    <ele>1238.1</ele>
   </trkpt>
   <trkpt lat="4.8112480" lon="-75.7750590">
    <ele>1238.1</ele>
   </trkpt>
   <trkpt lat="4.8112530" lon="-75.7750710">
    <ele>1238.1</ele>
   </trkpt>
   <trkpt lat="4.8112590" lon="-75.7750840">
    <ele>1238.2</ele>
   </trkpt>
   <trkpt lat="4.8112650" lon="-75.7750990">
    <ele>1238.2</ele>
   </trkpt>
   <trkpt lat="4.8112700" lon="-75.7751130">
    <ele>1238.2</ele>
   </trkpt>
   <trkpt lat="4.8112750" lon="-75.7751270">
    <ele>1238.3</ele>
   </trkpt>
   <trkpt lat="4.8112800" lon="-75.7751420">
    <ele>1238.3</ele>
   </trkpt>
   <trkpt lat="4.8112850" lon="-75.7751570">
    <ele>1238.3</ele>
   </trkpt>
   <trkpt lat="4.8112910" lon="-75.7751730">
    <ele>1238.4</ele>
   </trkpt>
   <trkpt lat="4.8112970" lon="-75.7751880">
    <ele>1238.4</ele>
   </trkpt>
   <trkpt lat="4.8113030" lon="-75.7752040">
    <ele>1238.4</ele>
   </trkpt>
   <trkpt lat="4.8113090" lon="-75.7752200">
    <ele>1238.5</ele>
   </trkpt>
   <trkpt lat="4.8113160" lon="-75.7752370">
    <ele>1238.5</ele>
   </trkpt>
   <trkpt lat="4.8113210" lon="-75.7752520">
    <ele>1238.5</ele>
   </trkpt>
   <trkpt lat="4.8113270" lon="-75.7752690">
    <ele>1238.6</ele>
   </trkpt>
   <trkpt lat="4.8113330" lon="-75.7752860">
    <ele>1238.6</ele>
   </trkpt>
   <trkpt lat="4.8113400" lon="-75.7753030">
    <ele>1238.7</ele>
   </trkpt>
   <trkpt lat="4.8113460" lon="-75.7753210">
    <ele>1238.7</ele>
   </trkpt>
   <trkpt lat="4.8113530" lon="-75.7753380">
    <ele>1238.7</ele>
   </trkpt>
   <trkpt lat="4.8113590" lon="-75.7753550">
    <ele>1238.8</ele>
   </trkpt>
   <trkpt lat="4.8113650" lon="-75.7753720">
    <ele>1238.8</ele>
   </trkpt>
   <trkpt lat="4.8113710" lon="-75.7753890">
    <ele>1238.9</ele>
   </trkpt>
   <trkpt lat="4.8113760" lon="-75.7754050">
    <ele>1238.9</ele>
   </trkpt>
   <trkpt lat="4.8113810" lon="-75.7754210">
    <ele>1239.0</ele>
   </trkpt>
   <trkpt lat="4.8113860" lon="-75.7754370">
    <ele>1239.0</ele>
   </trkpt>
   <trkpt lat="4.8113910" lon="-75.7754530">
    <ele>1239.1</ele>
   </trkpt>
   <trkpt lat="4.8113970" lon="-75.7754690">
    <ele>1239.1</ele>
   </trkpt>
   <trkpt lat="4.8114020" lon="-75.7754850">
    <ele>1239.2</ele>
   </trkpt>
   <trkpt lat="4.8114080" lon="-75.7755000">
    <ele>1239.2</ele>
   </trkpt>
   <trkpt lat="4.8114130" lon="-75.7755150">
    <ele>1239.3</ele>
   </trkpt>
   <trkpt lat="4.8114190" lon="-75.7755300">
    <ele>1239.4</ele>
   </trkpt>
   <trkpt lat="4.8114250" lon="-75.7755450">
    <ele>1239.4</ele>
   </trkpt>
   <trkpt lat="4.8114300" lon="-75.7755600">
    <ele>1239.5</ele>
   </trkpt>
   <trkpt lat="4.8114360" lon="-75.7755750">
    <ele>1239.6</ele>
   </trkpt>
   <trkpt lat="4.8114420" lon="-75.7755900">
    <ele>1239.6</ele>
   </trkpt>
   <trkpt lat="4.8114480" lon="-75.7756050">
    <ele>1239.7</ele>
   </trkpt>
   <trkpt lat="4.8114550" lon="-75.7756210">
    <ele>1239.8</ele>
   </trkpt>
   <trkpt lat="4.8114610" lon="-75.7756380">
    <ele>1239.9</ele>
   </trkpt>
   <trkpt lat="4.8114680" lon="-75.7756540">
    <ele>1240.0</ele>
   </trkpt>
   <trkpt lat="4.8114750" lon="-75.7756710">
    <ele>1240.0</ele>
   </trkpt>
   <trkpt lat="4.8114820" lon="-75.7756880">
    <ele>1240.1</ele>
   </trkpt>
   <trkpt lat="4.8114880" lon="-75.7757040">
    <ele>1240.2</ele>
   </trkpt>
   <trkpt lat="4.8114950" lon="-75.7757190">
    <ele>1240.3</ele>
   </trkpt>
   <trkpt lat="4.8115010" lon="-75.7757350">
    <ele>1240.4</ele>
   </trkpt>
   <trkpt lat="4.8115060" lon="-75.7757490">
    <ele>1240.5</ele>
   </trkpt>
   <trkpt lat="4.8115110" lon="-75.7757640">
    <ele>1240.5</ele>
   </trkpt>
   <trkpt lat="4.8115150" lon="-75.7757790">
    <ele>1240.6</ele>
   </trkpt>
   <trkpt lat="4.8115170" lon="-75.7757950">
    <ele>1240.7</ele>
   </trkpt>
   <trkpt lat="4.8115190" lon="-75.7758100">
    <ele>1240.8</ele>
   </trkpt>
   <trkpt lat="4.8115210" lon="-75.7758250">
    <ele>1240.9</ele>
   </trkpt>
   <trkpt lat="4.8115240" lon="-75.7758390">
    <ele>1241.0</ele>
   </trkpt>
   <trkpt lat="4.8115280" lon="-75.7758520">
    <ele>1241.0</ele>
   </trkpt>
   <trkpt lat="4.8115320" lon="-75.7758640">
    <ele>1241.1</ele>
   </trkpt>
   <trkpt lat="4.8115370" lon="-75.7758760">
    <ele>1241.2</ele>
   </trkpt>
   <trkpt lat="4.8115420" lon="-75.7758890">
    <ele>1241.3</ele>
   </trkpt>
   <trkpt lat="4.8115480" lon="-75.7759040">
    <ele>1241.4</ele>
   </trkpt>
   <trkpt lat="4.8115550" lon="-75.7759210">
    <ele>1241.5</ele>
   </trkpt>
   <trkpt lat="4.8115620" lon="-75.7759390">
    <ele>1241.6</ele>
   </trkpt>
   <trkpt lat="4.8115700" lon="-75.7759580">
    <ele>1241.7</ele>
   </trkpt>
   <trkpt lat="4.8115760" lon="-75.7759760">
    <ele>1241.8</ele>
   </trkpt>
   <trkpt lat="4.8115820" lon="-75.7759940">
    <ele>1242.0</ele>
   </trkpt>
   <trkpt lat="4.8115880" lon="-75.7760100">
    <ele>1242.1</ele>
   </trkpt>
   <trkpt lat="4.8115940" lon="-75.7760260">
    <ele>1242.2</ele>
   </trkpt>
   <trkpt lat="4.8116010" lon="-75.7760400">
    <ele>1242.3</ele>
   </trkpt>
   <trkpt lat="4.8116070" lon="-75.7760550">
    <ele>1242.4</ele>
   </trkpt>
   <trkpt lat="4.8116130" lon="-75.7760690">
    <ele>1242.5</ele>
   </trkpt>
   <trkpt lat="4.8116200" lon="-75.7760840">
    <ele>1242.6</ele>
   </trkpt>
   <trkpt lat="4.8116260" lon="-75.7760980">
    <ele>1242.7</ele>
   </trkpt>
   <trkpt lat="4.8116330" lon="-75.7761120">
    <ele>1242.8</ele>
   </trkpt>
   <trkpt lat="4.8116390" lon="-75.7761250">
    <ele>1242.9</ele>
   </trkpt>
   <trkpt lat="4.8116450" lon="-75.7761390">
    <ele>1243.0</ele>
   </trkpt>
   <trkpt lat="4.8116510" lon="-75.7761530">
    <ele>1243.2</ele>
   </trkpt>
   <trkpt lat="4.8116570" lon="-75.7761660">
    <ele>1243.3</ele>
   </trkpt>
   <trkpt lat="4.8116640" lon="-75.7761810">
    <ele>1243.5</ele>
   </trkpt>
   <trkpt lat="4.8116710" lon="-75.7761950">
    <ele>1243.6</ele>
   </trkpt>
   <trkpt lat="4.8116780" lon="-75.7762090">
    <ele>1243.8</ele>
   </trkpt>
   <trkpt lat="4.8116850" lon="-75.7762230">
    <ele>1244.0</ele>
   </trkpt>
   <trkpt lat="4.8116920" lon="-75.7762370">
    <ele>1244.1</ele>
   </trkpt>
   <trkpt lat="4.8116980" lon="-75.7762500">
    <ele>1244.2</ele>
   </trkpt>
   <trkpt lat="4.8117050" lon="-75.7762630">
    <ele>1244.4</ele>
   </trkpt>
   <trkpt lat="4.8117120" lon="-75.7762770">
    <ele>1244.5</ele>
   </trkpt>
   <trkpt lat="4.8117190" lon="-75.7762910">
    <ele>1244.7</ele>
   </trkpt>
   <trkpt lat="4.8117270" lon="-75.7763060">
    <ele>1244.8</ele>
   </trkpt>
   <trkpt lat="4.8117340" lon="-75.7763210">
    <ele>1245.0</ele>
   </trkpt>
   <trkpt lat="4.8117420" lon="-75.7763360">
    <ele>1245.1</ele>
   </trkpt>
   <trkpt lat="4.8117490" lon="-75.7763510">
    <ele>1245.3</ele>
   </trkpt>
   <trkpt lat="4.8117560" lon="-75.7763650">
    <ele>1245.4</ele>
   </trkpt>
   <trkpt lat="4.8117630" lon="-75.7763800">
    <ele>1245.5</ele>
   </trkpt>
   <trkpt lat="4.8117690" lon="-75.7763940">
    <ele>1245.7</ele>
   </trkpt>
   <trkpt lat="4.8117750" lon="-75.7764070">
    <ele>1245.8</ele>
   </trkpt>
   <trkpt lat="4.8117800" lon="-75.7764180">
    <ele>1245.9</ele>
   </trkpt>
   <trkpt lat="4.8117840" lon="-75.7764280">
    <ele>1245.9</ele>
   </trkpt>
   <trkpt lat="4.8117880" lon="-75.7764380">
    <ele>1246.0</ele>
   </trkpt>
   <trkpt lat="4.8117930" lon="-75.7764490">
    <ele>1246.1</ele>
   </trkpt>
   <trkpt lat="4.8117990" lon="-75.7764620">
    <ele>1246.2</ele>
   </trkpt>
   <trkpt lat="4.8118050" lon="-75.7764760">
    <ele>1246.2</ele>
   </trkpt>
   <trkpt lat="4.8118120" lon="-75.7764910">
    <ele>1246.3</ele>
   </trkpt>
   <trkpt lat="4.8118190" lon="-75.7765050">
    <ele>1246.4</ele>
   </trkpt>
   <trkpt lat="4.8118260" lon="-75.7765190">
    <ele>1246.5</ele>
   </trkpt>
   <trkpt lat="4.8118320" lon="-75.7765330">
    <ele>1246.6</ele>
   </trkpt>
   <trkpt lat="4.8118380" lon="-75.7765470">
    <ele>1246.7</ele>
   </trkpt>
   <trkpt lat="4.8118430" lon="-75.7765610">
    <ele>1246.8</ele>
   </trkpt>
   <trkpt lat="4.8118490" lon="-75.7765760">
    <ele>1246.9</ele>
   </trkpt>
   <trkpt lat="4.8118550" lon="-75.7765910">
    <ele>1247.0</ele>
   </trkpt>
   <trkpt lat="4.8118610" lon="-75.7766050">
    <ele>1247.0</ele>
   </trkpt>
   <trkpt lat="4.8118670" lon="-75.7766190">
    <ele>1247.1</ele>
   </trkpt>
   <trkpt lat="4.8118730" lon="-75.7766330">
    <ele>1247.2</ele>
   </trkpt>
   <trkpt lat="4.8118790" lon="-75.7766470">
    <ele>1247.3</ele>
   </trkpt>
   <trkpt lat="4.8118850" lon="-75.7766600">
    <ele>1247.4</ele>
   </trkpt>
   <trkpt lat="4.8118900" lon="-75.7766740">
    <ele>1247.5</ele>
   </trkpt>
   <trkpt lat="4.8118940" lon="-75.7766880">
    <ele>1247.5</ele>
   </trkpt>
   <trkpt lat="4.8118980" lon="-75.7767030">
    <ele>1247.6</ele>
   </trkpt>
   <trkpt lat="4.8119030" lon="-75.7767180">
    <ele>1247.7</ele>
   </trkpt>
   <trkpt lat="4.8119070" lon="-75.7767350">
    <ele>1247.8</ele>
   </trkpt>
   <trkpt lat="4.8119110" lon="-75.7767500">
    <ele>1247.9</ele>
   </trkpt>
   <trkpt lat="4.8119160" lon="-75.7767640">
    <ele>1247.9</ele>
   </trkpt>
   <trkpt lat="4.8119200" lon="-75.7767770">
    <ele>1248.0</ele>
   </trkpt>
   <trkpt lat="4.8119240" lon="-75.7767890">
    <ele>1248.0</ele>
   </trkpt>
   <trkpt lat="4.8119280" lon="-75.7768010">
    <ele>1248.1</ele>
   </trkpt>
   <trkpt lat="4.8119320" lon="-75.7768140">
    <ele>1248.2</ele>
   </trkpt>
   <trkpt lat="4.8119350" lon="-75.7768260">
    <ele>1248.2</ele>
   </trkpt>
   <trkpt lat="4.8119390" lon="-75.7768380">
    <ele>1248.3</ele>
   </trkpt>
   <trkpt lat="4.8119430" lon="-75.7768500">
    <ele>1248.3</ele>
   </trkpt>
   <trkpt lat="4.8119460" lon="-75.7768630">
    <ele>1248.4</ele>
   </trkpt>
   <trkpt lat="4.8119500" lon="-75.7768750">
    <ele>1248.4</ele>
   </trkpt>
   <trkpt lat="4.8119540" lon="-75.7768870">
    <ele>1248.5</ele>
   </trkpt>
   <trkpt lat="4.8119590" lon="-75.7769010">
    <ele>1248.5</ele>
   </trkpt>
   <trkpt lat="4.8119650" lon="-75.7769160">
    <ele>1248.6</ele>
   </trkpt>
   <trkpt lat="4.8119710" lon="-75.7769330">
    <ele>1248.7</ele>
   </trkpt>
   <trkpt lat="4.8119790" lon="-75.7769520">
    <ele>1248.7</ele>
   </trkpt>
   <trkpt lat="4.8119870" lon="-75.7769710">
    <ele>1248.8</ele>
   </trkpt>
   <trkpt lat="4.8119950" lon="-75.7769900">
    <ele>1248.9</ele>
   </trkpt>
   <trkpt lat="4.8120020" lon="-75.7770070">
    <ele>1248.9</ele>
   </trkpt>
   <trkpt lat="4.8120090" lon="-75.7770220">
    <ele>1249.0</ele>
   </trkpt>
   <trkpt lat="4.8120090" lon="-75.7770220">
    <ele>1249.0</ele>
   </trkpt>
   <trkpt lat="4.8120160" lon="-75.7770370">
    <ele>1249.0</ele>
   </trkpt>
   <trkpt lat="4.8120220" lon="-75.7770510">
    <ele>1249.0</ele>
   </trkpt>
   <trkpt lat="4.8120290" lon="-75.7770650">
    <ele>1249.1</ele>
   </trkpt>
   <trkpt lat="4.8120370" lon="-75.7770820">
    <ele>1249.1</ele>
   </trkpt>
   <trkpt lat="4.8120450" lon="-75.7770990">
    <ele>1249.1</ele>
   </trkpt>
   <trkpt lat="4.8120530" lon="-75.7771170">
    <ele>1249.1</ele>
   </trkpt>
   <trkpt lat="4.8120610" lon="-75.7771350">
    <ele>1249.2</ele>
   </trkpt>
   <trkpt lat="4.8120680" lon="-75.7771520">
    <ele>1249.2</ele>
   </trkpt>
   <trkpt lat="4.8120760" lon="-75.7771690">
    <ele>1249.2</ele>
   </trkpt>
   <trkpt lat="4.8120830" lon="-75.7771860">
    <ele>1249.2</ele>
   </trkpt>
   <trkpt lat="4.8120900" lon="-75.7772030">
    <ele>1249.1</ele>
   </trkpt>
   <trkpt lat="4.8120970" lon="-75.7772200">
    <ele>1249.1</ele>
   </trkpt>
   <trkpt lat="4.8121040" lon="-75.7772360">
    <ele>1249.1</ele>
   </trkpt>
   <trkpt lat="4.8121110" lon="-75.7772520">
    <ele>1249.1</ele>
   </trkpt>
   <trkpt lat="4.8121180" lon="-75.7772680">
    <ele>1249.1</ele>
   </trkpt>
   <trkpt lat="4.8121250" lon="-75.7772830">
    <ele>1249.1</ele>
   </trkpt>
   <trkpt lat="4.8121320" lon="-75.7772980">
    <ele>1249.1</ele>
   </trkpt>
   <trkpt lat="4.8121380" lon="-75.7773120">
    <ele>1249.0</ele>
   </trkpt>
   <trkpt lat="4.8121460" lon="-75.7773270">
    <ele>1249.0</ele>
   </trkpt>
   <trkpt lat="4.8121530" lon="-75.7773430">
    <ele>1249.0</ele>
   </trkpt>
   <trkpt lat="4.8121610" lon="-75.7773590">
    <ele>1249.0</ele>
   </trkpt>
   <trkpt lat="4.8121690" lon="-75.7773750">
    <ele>1249.0</ele>
   </trkpt>
   <trkpt lat="4.8121770" lon="-75.7773920">
    <ele>1249.0</ele>
   </trkpt>
   <trkpt lat="4.8121850" lon="-75.7774080">
    <ele>1248.9</ele>
   </trkpt>
   <trkpt lat="4.8121930" lon="-75.7774240">
    <ele>1248.9</ele>
   </trkpt>
   <trkpt lat="4.8122000" lon="-75.7774380">
    <ele>1248.9</ele>
   </trkpt>
   <trkpt lat="4.8122060" lon="-75.7774510">
    <ele>1248.9</ele>
   </trkpt>
   <trkpt lat="4.8122120" lon="-75.7774630">
    <ele>1248.9</ele>
   </trkpt>
   <trkpt lat="4.8122180" lon="-75.7774760">
    <ele>1248.9</ele>
   </trkpt>
   <trkpt lat="4.8122250" lon="-75.7774890">
    <ele>1248.9</ele>
   </trkpt>
   <trkpt lat="4.8122330" lon="-75.7775040">
    <ele>1248.9</ele>
   </trkpt>
   <trkpt lat="4.8122410" lon="-75.7775210">
    <ele>1248.9</ele>
   </trkpt>
   <trkpt lat="4.8122510" lon="-75.7775390">
    <ele>1248.9</ele>
   </trkpt>
   <trkpt lat="4.8122600" lon="-75.7775570">
    <ele>1248.9</ele>
   </trkpt>
   <trkpt lat="4.8122690" lon="-75.7775740">
    <ele>1248.9</ele>
   </trkpt>
   <trkpt lat="4.8122780" lon="-75.7775920">
    <ele>1248.9</ele>
   </trkpt>
   <trkpt lat="4.8122880" lon="-75.7776100">
    <ele>1249.0</ele>
   </trkpt>
   <trkpt lat="4.8122970" lon="-75.7776270">
    <ele>1249.0</ele>
   </trkpt>
   <trkpt lat="4.8123070" lon="-75.7776440">
    <ele>1249.0</ele>
   </trkpt>
   <trkpt lat="4.8123160" lon="-75.7776620">
    <ele>1249.0</ele>
   </trkpt>
   <trkpt lat="4.8123260" lon="-75.7776790">
    <ele>1249.0</ele>
   </trkpt>
   <trkpt lat="4.8123360" lon="-75.7776960">
    <ele>1249.1</ele>
   </trkpt>
   <trkpt lat="4.8123450" lon="-75.7777140">
    <ele>1249.1</ele>
   </trkpt>
   <trkpt lat="4.8123550" lon="-75.7777310">
    <ele>1249.2</ele>
   </trkpt>
   <trkpt lat="4.8123650" lon="-75.7777490">
    <ele>1249.2</ele>
   </trkpt>
   <trkpt lat="4.8123750" lon="-75.7777670">
    <ele>1249.2</ele>
   </trkpt>
   <trkpt lat="4.8123860" lon="-75.7777850">
    <ele>1249.3</ele>
   </trkpt>
   <trkpt lat="4.8123960" lon="-75.7778030">
    <ele>1249.4</ele>
   </trkpt>
   <trkpt lat="4.8124060" lon="-75.7778210">
    <ele>1249.4</ele>
   </trkpt>
   <trkpt lat="4.8124150" lon="-75.7778390">
    <ele>1249.5</ele>
   </trkpt>
   <trkpt lat="4.8124240" lon="-75.7778560">
    <ele>1249.5</ele>
   </trkpt>
   <trkpt lat="4.8124310" lon="-75.7778710">
    <ele>1249.6</ele>
   </trkpt>
   <trkpt lat="4.8124370" lon="-75.7778850">
    <ele>1249.6</ele>
   </trkpt>
   <trkpt lat="4.8124430" lon="-75.7778980">
    <ele>1249.6</ele>
   </trkpt>
   <trkpt lat="4.8124480" lon="-75.7779110">
    <ele>1249.7</ele>
   </trkpt>
   <trkpt lat="4.8124540" lon="-75.7779250">
    <ele>1249.7</ele>
   </trkpt>
   <trkpt lat="4.8124600" lon="-75.7779390">
    <ele>1249.8</ele>
   </trkpt>
   <trkpt lat="4.8124670" lon="-75.7779540">
    <ele>1249.8</ele>
   </trkpt>
   <trkpt lat="4.8124740" lon="-75.7779690">
    <ele>1249.9</ele>
   </trkpt>
   <trkpt lat="4.8124810" lon="-75.7779840">
    <ele>1250.0</ele>
   </trkpt>
   <trkpt lat="4.8124880" lon="-75.7779990">
    <ele>1250.0</ele>
   </trkpt>
   <trkpt lat="4.8124950" lon="-75.7780130">
    <ele>1250.1</ele>
   </trkpt>
   <trkpt lat="4.8125030" lon="-75.7780280">
    <ele>1250.2</ele>
   </trkpt>
   <trkpt lat="4.8125100" lon="-75.7780420">
    <ele>1250.2</ele>
   </trkpt>
   <trkpt lat="4.8125180" lon="-75.7780560">
    <ele>1250.3</ele>
   </trkpt>
   <trkpt lat="4.8125250" lon="-75.7780700">
    <ele>1250.4</ele>
   </trkpt>
   <trkpt lat="4.8125320" lon="-75.7780830">
    <ele>1250.5</ele>
   </trkpt>
   <trkpt lat="4.8125390" lon="-75.7780980">
    <ele>1250.5</ele>
   </trkpt>
   <trkpt lat="4.8125470" lon="-75.7781110">
    <ele>1250.6</ele>
   </trkpt>
   <trkpt lat="4.8125540" lon="-75.7781260">
    <ele>1250.7</ele>
   </trkpt>
   <trkpt lat="4.8125610" lon="-75.7781420">
    <ele>1250.8</ele>
   </trkpt>
   <trkpt lat="4.8125680" lon="-75.7781580">
    <ele>1250.9</ele>
   </trkpt>
   <trkpt lat="4.8125740" lon="-75.7781740">
    <ele>1251.0</ele>
   </trkpt>
   <trkpt lat="4.8125800" lon="-75.7781910">
    <ele>1251.1</ele>
   </trkpt>
   <trkpt lat="4.8125850" lon="-75.7782050">
    <ele>1251.2</ele>
   </trkpt>
   <trkpt lat="4.8125900" lon="-75.7782200">
    <ele>1251.3</ele>
   </trkpt>
   <trkpt lat="4.8125960" lon="-75.7782360">
    <ele>1251.4</ele>
   </trkpt>
   <trkpt lat="4.8126010" lon="-75.7782520">
    <ele>1251.6</ele>
   </trkpt>
   <trkpt lat="4.8126070" lon="-75.7782700">
    <ele>1251.7</ele>
   </trkpt>
   <trkpt lat="4.8126130" lon="-75.7782880">
    <ele>1251.8</ele>
   </trkpt>
   <trkpt lat="4.8126200" lon="-75.7783050">
    <ele>1252.0</ele>
   </trkpt>
   <trkpt lat="4.8126260" lon="-75.7783230">
    <ele>1252.1</ele>
   </trkpt>
   <trkpt lat="4.8126320" lon="-75.7783400">
    <ele>1252.2</ele>
   </trkpt>
   <trkpt lat="4.8126370" lon="-75.7783550">
    <ele>1252.3</ele>
   </trkpt>
   <trkpt lat="4.8126420" lon="-75.7783700">
    <ele>1252.4</ele>
   </trkpt>
   <trkpt lat="4.8126480" lon="-75.7783850">
    <ele>1252.6</ele>
   </trkpt>
   <trkpt lat="4.8126530" lon="-75.7784010">
    <ele>1252.7</ele>
   </trkpt>
   <trkpt lat="4.8126590" lon="-75.7784170">
    <ele>1252.8</ele>
   </trkpt>
   <trkpt lat="4.8126640" lon="-75.7784340">
    <ele>1252.9</ele>
   </trkpt>
   <trkpt lat="4.8126690" lon="-75.7784510">
    <ele>1253.0</ele>
   </trkpt>
   <trkpt lat="4.8126740" lon="-75.7784670">
    <ele>1253.1</ele>
   </trkpt>
   <trkpt lat="4.8126790" lon="-75.7784840">
    <ele>1253.2</ele>
   </trkpt>
   <trkpt lat="4.8126840" lon="-75.7785010">
    <ele>1253.3</ele>
   </trkpt>
   <trkpt lat="4.8126890" lon="-75.7785170">
    <ele>1253.4</ele>
   </trkpt>
   <trkpt lat="4.8126930" lon="-75.7785330">
    <ele>1253.5</ele>
   </trkpt>
   <trkpt lat="4.8126980" lon="-75.7785500">
    <ele>1253.6</ele>
   </trkpt>
   <trkpt lat="4.8127020" lon="-75.7785650">
    <ele>1253.7</ele>
   </trkpt>
   <trkpt lat="4.8127060" lon="-75.7785810">
    <ele>1253.8</ele>
   </trkpt>
   <trkpt lat="4.8127100" lon="-75.7785950">
    <ele>1253.9</ele>
   </trkpt>
   <trkpt lat="4.8127140" lon="-75.7786110">
    <ele>1254.0</ele>
   </trkpt>
   <trkpt lat="4.8127180" lon="-75.7786260">
    <ele>1254.0</ele>
   </trkpt>
   <trkpt lat="4.8127220" lon="-75.7786430">
    <ele>1254.1</ele>
   </trkpt>
   <trkpt lat="4.8127260" lon="-75.7786590">
    <ele>1254.2</ele>
   </trkpt>
   <trkpt lat="4.8127300" lon="-75.7786740">
    <ele>1254.3</ele>
   </trkpt>
   <trkpt lat="4.8127340" lon="-75.7786880">
    <ele>1254.3</ele>
   </trkpt>
   <trkpt lat="4.8127370" lon="-75.7787020">
    <ele>1254.4</ele>
   </trkpt>
   <trkpt lat="4.8127400" lon="-75.7787160">
    <ele>1254.5</ele>
   </trkpt>
   <trkpt lat="4.8127440" lon="-75.7787310">
    <ele>1254.5</ele>
   </trkpt>
   <trkpt lat="4.8127480" lon="-75.7787480">
    <ele>1254.6</ele>
   </trkpt>
   <trkpt lat="4.8127520" lon="-75.7787660">
    <ele>1254.7</ele>
   </trkpt>
   <trkpt lat="4.8127570" lon="-75.7787850">
    <ele>1254.7</ele>
   </trkpt>
   <trkpt lat="4.8127610" lon="-75.7788040">
    <ele>1254.8</ele>
   </trkpt>
   <trkpt lat="4.8127650" lon="-75.7788230">
    <ele>1254.9</ele>
   </trkpt>
   <trkpt lat="4.8127690" lon="-75.7788420">
    <ele>1255.0</ele>
   </trkpt>
   <trkpt lat="4.8127720" lon="-75.7788600">
    <ele>1255.0</ele>
   </trkpt>
   <trkpt lat="4.8127760" lon="-75.7788800">
    <ele>1255.1</ele>
   </trkpt>
   <trkpt lat="4.8127790" lon="-75.7789000">
    <ele>1255.1</ele>
   </trkpt>
   <trkpt lat="4.8127820" lon="-75.7789200">
    <ele>1255.2</ele>
   </trkpt>
   <trkpt lat="4.8127850" lon="-75.7789400">
    <ele>1255.2</ele>
   </trkpt>
   <trkpt lat="4.8127870" lon="-75.7789600">
    <ele>1255.2</ele>
   </trkpt>
   <trkpt lat="4.8127900" lon="-75.7789800">
    <ele>1255.3</ele>
   </trkpt>
   <trkpt lat="4.8127930" lon="-75.7790000">
    <ele>1255.3</ele>
   </trkpt>
   <trkpt lat="4.8127950" lon="-75.7790210">
    <ele>1255.3</ele>
   </trkpt>
   <trkpt lat="4.8127980" lon="-75.7790410">
    <ele>1255.3</ele>
   </trkpt>
   <trkpt lat="4.8128010" lon="-75.7790610">
    <ele>1255.4</ele>
   </trkpt>
   <trkpt lat="4.8128030" lon="-75.7790800">
    <ele>1255.4</ele>
   </trkpt>
   <trkpt lat="4.8128050" lon="-75.7790980">
    <ele>1255.4</ele>
   </trkpt>
   <trkpt lat="4.8128060" lon="-75.7791140">
    <ele>1255.4</ele>
   </trkpt>
   <trkpt lat="4.8128070" lon="-75.7791270">
    <ele>1255.4</ele>
   </trkpt>
   <trkpt lat="4.8128060" lon="-75.7791390">
    <ele>1255.4</ele>
   </trkpt>
   <trkpt lat="4.8128060" lon="-75.7791500">
    <ele>1255.4</ele>
   </trkpt>
   <trkpt lat="4.8128040" lon="-75.7791650">
    <ele>1255.4</ele>
   </trkpt>
   <trkpt lat="4.8128030" lon="-75.7791830">
    <ele>1255.4</ele>
   </trkpt>
   <trkpt lat="4.8128010" lon="-75.7792030">
    <ele>1255.4</ele>
   </trkpt>
   <trkpt lat="4.8127990" lon="-75.7792250">
    <ele>1255.4</ele>
   </trkpt>
   <trkpt lat="4.8127970" lon="-75.7792450">
    <ele>1255.4</ele>
   </trkpt>
   <trkpt lat="4.8127960" lon="-75.7792660">
    <ele>1255.3</ele>
   </trkpt>
   <trkpt lat="4.8127940" lon="-75.7792860">
    <ele>1255.3</ele>
   </trkpt>
   <trkpt lat="4.8127930" lon="-75.7793060">
    <ele>1255.3</ele>
   </trkpt>
   <trkpt lat="4.8127910" lon="-75.7793260">
    <ele>1255.3</ele>
   </trkpt>
   <trkpt lat="4.8127900" lon="-75.7793460">
    <ele>1255.3</ele>
   </trkpt>
   <trkpt lat="4.8127890" lon="-75.7793660">
    <ele>1255.2</ele>
   </trkpt>
   <trkpt lat="4.8127870" lon="-75.7793860">
    <ele>1255.2</ele>
   </trkpt>
   <trkpt lat="4.8127860" lon="-75.7794060">
    <ele>1255.1</ele>
   </trkpt>
   <trkpt lat="4.8127860" lon="-75.7794270">
    <ele>1255.1</ele>
   </trkpt>
   <trkpt lat="4.8127860" lon="-75.7794480">
    <ele>1255.0</ele>
   </trkpt>
   <trkpt lat="4.8127860" lon="-75.7794690">
    <ele>1254.9</ele>
   </trkpt>
   <trkpt lat="4.8127850" lon="-75.7794920">
    <ele>1254.9</ele>
   </trkpt>
   <trkpt lat="4.8127820" lon="-75.7795140">
    <ele>1254.8</ele>
   </trkpt>
   <trkpt lat="4.8127790" lon="-75.7795370">
    <ele>1254.7</ele>
   </trkpt>
   <trkpt lat="4.8127750" lon="-75.7795600">
    <ele>1254.6</ele>
   </trkpt>
   <trkpt lat="4.8127710" lon="-75.7795820">
    <ele>1254.5</ele>
   </trkpt>
   <trkpt lat="4.8127660" lon="-75.7796030">
    <ele>1254.4</ele>
   </trkpt>
   <trkpt lat="4.8127610" lon="-75.7796230">
    <ele>1254.4</ele>
   </trkpt>
   <trkpt lat="4.8127570" lon="-75.7796410">
    <ele>1254.3</ele>
   </trkpt>
   <trkpt lat="4.8127530" lon="-75.7796590">
    <ele>1254.2</ele>
   </trkpt>
   <trkpt lat="4.8127510" lon="-75.7796760">
    <ele>1254.1</ele>
   </trkpt>
   <trkpt lat="4.8127480" lon="-75.7796940">
    <ele>1254.0</ele>
   </trkpt>
   <trkpt lat="4.8127460" lon="-75.7797140">
    <ele>1253.9</ele>
   </trkpt>
   <trkpt lat="4.8127420" lon="-75.7797350">
    <ele>1253.8</ele>
   </trkpt>
   <trkpt lat="4.8127390" lon="-75.7797580">
    <ele>1253.7</ele>
   </trkpt>
   <trkpt lat="4.8127360" lon="-75.7797820">
    <ele>1253.6</ele>
   </trkpt>
   <trkpt lat="4.8127320" lon="-75.7798050">
    <ele>1253.5</ele>
   </trkpt>
   <trkpt lat="4.8127290" lon="-75.7798270">
    <ele>1253.3</ele>
   </trkpt>
   <trkpt lat="4.8127250" lon="-75.7798480">
    <ele>1253.2</ele>
   </trkpt>
   <trkpt lat="4.8127220" lon="-75.7798690">
    <ele>1253.1</ele>
   </trkpt>
   <trkpt lat="4.8127180" lon="-75.7798880">
    <ele>1253.0</ele>
   </trkpt>
   <trkpt lat="4.8127140" lon="-75.7799060">
    <ele>1252.9</ele>
   </trkpt>
   <trkpt lat="4.8127110" lon="-75.7799230">
    <ele>1252.8</ele>
   </trkpt>
   <trkpt lat="4.8127070" lon="-75.7799410">
    <ele>1252.7</ele>
   </trkpt>
   <trkpt lat="4.8127030" lon="-75.7799600">
    <ele>1252.5</ele>
   </trkpt>
   <trkpt lat="4.8126990" lon="-75.7799800">
    <ele>1252.4</ele>
   </trkpt>
   <trkpt lat="4.8126940" lon="-75.7800010">
    <ele>1252.3</ele>
   </trkpt>
   <trkpt lat="4.8126900" lon="-75.7800220">
    <ele>1252.1</ele>
   </trkpt>
   <trkpt lat="4.8126860" lon="-75.7800450">
    <ele>1252.0</ele>
   </trkpt>
   <trkpt lat="4.8126830" lon="-75.7800660">
    <ele>1251.8</ele>
   </trkpt>
   <trkpt lat="4.8126790" lon="-75.7800880">
    <ele>1251.7</ele>
   </trkpt>
   <trkpt lat="4.8126760" lon="-75.7801090">
    <ele>1251.6</ele>
   </trkpt>
   <trkpt lat="4.8126710" lon="-75.7801300">
    <ele>1251.4</ele>
   </trkpt>
   <trkpt lat="4.8126660" lon="-75.7801500">
    <ele>1251.3</ele>
   </trkpt>
   <trkpt lat="4.8126610" lon="-75.7801710">
    <ele>1251.1</ele>
   </trkpt>
   <trkpt lat="4.8126570" lon="-75.7801920">
    <ele>1251.0</ele>
   </trkpt>
   <trkpt lat="4.8126520" lon="-75.7802130">
    <ele>1250.8</ele>
   </trkpt>
   <trkpt lat="4.8126470" lon="-75.7802340">
    <ele>1250.7</ele>
   </trkpt>
   <trkpt lat="4.8126420" lon="-75.7802550">
    <ele>1250.5</ele>
   </trkpt>
   <trkpt lat="4.8126370" lon="-75.7802770">
    <ele>1250.4</ele>
   </trkpt>
   <trkpt lat="4.8126310" lon="-75.7802990">
    <ele>1250.2</ele>
   </trkpt>
   <trkpt lat="4.8126260" lon="-75.7803210">
    <ele>1250.1</ele>
   </trkpt>
   <trkpt lat="4.8126210" lon="-75.7803430">
    <ele>1249.9</ele>
   </trkpt>
   <trkpt lat="4.8126160" lon="-75.7803640">
    <ele>1249.8</ele>
   </trkpt>
   <trkpt lat="4.8126120" lon="-75.7803860">
    <ele>1249.7</ele>
   </trkpt>
   <trkpt lat="4.8126070" lon="-75.7804080">
    <ele>1249.5</ele>
   </trkpt>
   <trkpt lat="4.8126030" lon="-75.7804280">
    <ele>1249.4</ele>
   </trkpt>
   <trkpt lat="4.8125990" lon="-75.7804490">
    <ele>1249.2</ele>
   </trkpt>
   <trkpt lat="4.8125950" lon="-75.7804700">
    <ele>1249.1</ele>
   </trkpt>
   <trkpt lat="4.8125920" lon="-75.7804900">
    <ele>1249.0</ele>
   </trkpt>
   <trkpt lat="4.8125890" lon="-75.7805130">
    <ele>1248.9</ele>
   </trkpt>
   <trkpt lat="4.8125870" lon="-75.7805360">
    <ele>1248.8</ele>
   </trkpt>
   <trkpt lat="4.8125880" lon="-75.7805600">
    <ele>1248.7</ele>
   </trkpt>
   <trkpt lat="4.8125880" lon="-75.7805850">
    <ele>1248.6</ele>
   </trkpt>
   <trkpt lat="4.8125870" lon="-75.7806080">
    <ele>1248.5</ele>
   </trkpt>
   <trkpt lat="4.8125860" lon="-75.7806320">
    <ele>1248.5</ele>
   </trkpt>
   <trkpt lat="4.8125800" lon="-75.7806540">
    <ele>1248.4</ele>
   </trkpt>
   <trkpt lat="4.8125740" lon="-75.7806780">
    <ele>1248.3</ele>
   </trkpt>
   <trkpt lat="4.8125650" lon="-75.7807010">
    <ele>1248.3</ele>
   </trkpt>
   <trkpt lat="4.8125570" lon="-75.7807240">
    <ele>1248.2</ele>
   </trkpt>
   <trkpt lat="4.8125510" lon="-75.7807470">
    <ele>1248.1</ele>
   </trkpt>
   <trkpt lat="4.8125450" lon="-75.7807700">
    <ele>1248.1</ele>
   </trkpt>
   <trkpt lat="4.8125430" lon="-75.7807930">
    <ele>1248.0</ele>
   </trkpt>
   <trkpt lat="4.8125400" lon="-75.7808170">
    <ele>1247.9</ele>
   </trkpt>
   <trkpt lat="4.8125390" lon="-75.7808400">
    <ele>1247.9</ele>
   </trkpt>
   <trkpt lat="4.8125370" lon="-75.7808630">
    <ele>1247.8</ele>
   </trkpt>
   <trkpt lat="4.8125360" lon="-75.7808860">
    <ele>1247.8</ele>
   </trkpt>
   <trkpt lat="4.8125350" lon="-75.7809090">
    <ele>1247.7</ele>
   </trkpt>
   <trkpt lat="4.8125350" lon="-75.7809310">
    <ele>1247.7</ele>
   </trkpt>
   <trkpt lat="4.8125340" lon="-75.7809540">
    <ele>1247.6</ele>
   </trkpt>
   <trkpt lat="4.8125330" lon="-75.7809750">
    <ele>1247.6</ele>
   </trkpt>
   <trkpt lat="4.8125310" lon="-75.7809950">
    <ele>1247.6</ele>
   </trkpt>
   <trkpt lat="4.8125300" lon="-75.7810150">
    <ele>1247.5</ele>
   </trkpt>
   <trkpt lat="4.8125290" lon="-75.7810350">
    <ele>1247.5</ele>
   </trkpt>
   <trkpt lat="4.8125280" lon="-75.7810560">
    <ele>1247.4</ele>
   </trkpt>
   <trkpt lat="4.8125270" lon="-75.7810770">
    <ele>1247.4</ele>
   </trkpt>
   <trkpt lat="4.8125260" lon="-75.7810990">
    <ele>1247.3</ele>
   </trkpt>
   <trkpt lat="4.8125250" lon="-75.7811210">
    <ele>1247.3</ele>
   </trkpt>
   <trkpt lat="4.8125240" lon="-75.7811430">
    <ele>1247.2</ele>
   </trkpt>
   <trkpt lat="4.8125230" lon="-75.7811640">
    <ele>1247.2</ele>
   </trkpt>
   <trkpt lat="4.8125230" lon="-75.7811860">
    <ele>1247.2</ele>
   </trkpt>
   <trkpt lat="4.8125230" lon="-75.7812080">
    <ele>1247.1</ele>
   </trkpt>
   <trkpt lat="4.8125230" lon="-75.7812280">
    <ele>1247.1</ele>
   </trkpt>
   <trkpt lat="4.8125240" lon="-75.7812490">
    <ele>1247.1</ele>
   </trkpt>
   <trkpt lat="4.8125240" lon="-75.7812680">
    <ele>1247.0</ele>
   </trkpt>
   <trkpt lat="4.8125250" lon="-75.7812860">
    <ele>1247.0</ele>
   </trkpt>
   <trkpt lat="4.8125270" lon="-75.7813040">
    <ele>1247.0</ele>
   </trkpt>
   <trkpt lat="4.8125280" lon="-75.7813210">
    <ele>1246.9</ele>
   </trkpt>
   <trkpt lat="4.8125300" lon="-75.7813380">
    <ele>1246.9</ele>
   </trkpt>
   <trkpt lat="4.8125320" lon="-75.7813560">
    <ele>1246.9</ele>
   </trkpt>
   <trkpt lat="4.8125350" lon="-75.7813730">
    <ele>1246.8</ele>
   </trkpt>
   <trkpt lat="4.8125370" lon="-75.7813910">
    <ele>1246.8</ele>
   </trkpt>
   <trkpt lat="4.8125400" lon="-75.7814090">
    <ele>1246.8</ele>
   </trkpt>
   <trkpt lat="4.8125420" lon="-75.7814270">
    <ele>1246.7</ele>
   </trkpt>
   <trkpt lat="4.8125450" lon="-75.7814450">
    <ele>1246.7</ele>
   </trkpt>
   <trkpt lat="4.8125480" lon="-75.7814650">
    <ele>1246.7</ele>
   </trkpt>
   <trkpt lat="4.8125510" lon="-75.7814840">
    <ele>1246.6</ele>
   </trkpt>
   <trkpt lat="4.8125550" lon="-75.7815040">
    <ele>1246.6</ele>
   </trkpt>
   <trkpt lat="4.8125590" lon="-75.7815250">
    <ele>1246.6</ele>
   </trkpt>
   <trkpt lat="4.8125620" lon="-75.7815460">
    <ele>1246.5</ele>
   </trkpt>
   <trkpt lat="4.8125660" lon="-75.7815660">
    <ele>1246.5</ele>
   </trkpt>
   <trkpt lat="4.8125690" lon="-75.7815850">
    <ele>1246.4</ele>
   </trkpt>
   <trkpt lat="4.8125730" lon="-75.7816050">
    <ele>1246.4</ele>
   </trkpt>
   <trkpt lat="4.8125770" lon="-75.7816240">
    <ele>1246.4</ele>
   </trkpt>
   <trkpt lat="4.8125810" lon="-75.7816420">
    <ele>1246.3</ele>
   </trkpt>
   <trkpt lat="4.8125870" lon="-75.7816600">
    <ele>1246.3</ele>
   </trkpt>
   <trkpt lat="4.8125930" lon="-75.7816780">
    <ele>1246.3</ele>
   </trkpt>
   <trkpt lat="4.8125990" lon="-75.7816960">
    <ele>1246.2</ele>
   </trkpt>
   <trkpt lat="4.8126060" lon="-75.7817140">
    <ele>1246.2</ele>
   </trkpt>
   <trkpt lat="4.8126130" lon="-75.7817340">
    <ele>1246.2</ele>
   </trkpt>
   <trkpt lat="4.8126200" lon="-75.7817530">
    <ele>1246.1</ele>
   </trkpt>
   <trkpt lat="4.8126270" lon="-75.7817720">
    <ele>1246.1</ele>
   </trkpt>
   <trkpt lat="4.8126340" lon="-75.7817920">
    <ele>1246.1</ele>
   </trkpt>
   <trkpt lat="4.8126410" lon="-75.7818100">
    <ele>1246.0</ele>
   </trkpt>
   <trkpt lat="4.8126480" lon="-75.7818280">
    <ele>1246.0</ele>
   </trkpt>
   <trkpt lat="4.8126560" lon="-75.7818470">
    <ele>1246.0</ele>
   </trkpt>
   <trkpt lat="4.8126640" lon="-75.7818640">
    <ele>1245.9</ele>
   </trkpt>
   <trkpt lat="4.8126730" lon="-75.7818800">
    <ele>1245.9</ele>
   </trkpt>
   <trkpt lat="4.8126820" lon="-75.7818950">
    <ele>1245.9</ele>
   </trkpt>
   <trkpt lat="4.8126920" lon="-75.7819100">
    <ele>1245.8</ele>
   </trkpt>
   <trkpt lat="4.8127010" lon="-75.7819250">
    <ele>1245.8</ele>
   </trkpt>
   <trkpt lat="4.8127110" lon="-75.7819390">
    <ele>1245.8</ele>
   </trkpt>
   <trkpt lat="4.8127190" lon="-75.7819520">
    <ele>1245.7</ele>
   </trkpt>
   <trkpt lat="4.8127280" lon="-75.7819640">
    <ele>1245.7</ele>
   </trkpt>
   <trkpt lat="4.8127350" lon="-75.7819760">
    <ele>1245.7</ele>
   </trkpt>
   <trkpt lat="4.8127430" lon="-75.7819880">
    <ele>1245.7</ele>
   </trkpt>
   <trkpt lat="4.8127520" lon="-75.7820000">
    <ele>1245.7</ele>
   </trkpt>
   <trkpt lat="4.8127600" lon="-75.7820120">
    <ele>1245.6</ele>
   </trkpt>
   <trkpt lat="4.8127680" lon="-75.7820250">
    <ele>1245.6</ele>
   </trkpt>
   <trkpt lat="4.8127760" lon="-75.7820370">
    <ele>1245.6</ele>
   </trkpt>
   <trkpt lat="4.8127840" lon="-75.7820500">
    <ele>1245.6</ele>
   </trkpt>
   <trkpt lat="4.8127920" lon="-75.7820630">
    <ele>1245.6</ele>
   </trkpt>
   <trkpt lat="4.8128000" lon="-75.7820760">
    <ele>1245.5</ele>
   </trkpt>
   <trkpt lat="4.8128070" lon="-75.7820900">
    <ele>1245.5</ele>
   </trkpt>
   <trkpt lat="4.8128150" lon="-75.7821040">
    <ele>1245.5</ele>
   </trkpt>
   <trkpt lat="4.8128230" lon="-75.7821180">
    <ele>1245.5</ele>
   </trkpt>
   <trkpt lat="4.8128320" lon="-75.7821330">
    <ele>1245.5</ele>
   </trkpt>
   <trkpt lat="4.8128410" lon="-75.7821480">
    <ele>1245.5</ele>
   </trkpt>
   <trkpt lat="4.8128500" lon="-75.7821630">
    <ele>1245.5</ele>
   </trkpt>
   <trkpt lat="4.8128600" lon="-75.7821790">
    <ele>1245.5</ele>
   </trkpt>
   <trkpt lat="4.8128710" lon="-75.7821940">
    <ele>1245.5</ele>
   </trkpt>
   <trkpt lat="4.8128820" lon="-75.7822090">
    <ele>1245.5</ele>
   </trkpt>
   <trkpt lat="4.8128940" lon="-75.7822240">
    <ele>1245.4</ele>
   </trkpt>
   <trkpt lat="4.8129060" lon="-75.7822390">
    <ele>1245.4</ele>
   </trkpt>
   <trkpt lat="4.8129170" lon="-75.7822530">
    <ele>1245.4</ele>
   </trkpt>
   <trkpt lat="4.8129260" lon="-75.7822660">
    <ele>1245.4</ele>
   </trkpt>
   <trkpt lat="4.8129340" lon="-75.7822780">
    <ele>1245.4</ele>
   </trkpt>
   <trkpt lat="4.8129400" lon="-75.7822880">
    <ele>1245.4</ele>
   </trkpt>
   <trkpt lat="4.8129450" lon="-75.7822970">
    <ele>1245.4</ele>
   </trkpt>
   <trkpt lat="4.8129510" lon="-75.7823080">
    <ele>1245.4</ele>
   </trkpt>
   <trkpt lat="4.8129580" lon="-75.7823210">
    <ele>1245.4</ele>
   </trkpt>
   <trkpt lat="4.8129660" lon="-75.7823370">
    <ele>1245.4</ele>
   </trkpt>
   <trkpt lat="4.8129740" lon="-75.7823530">
    <ele>1245.4</ele>
   </trkpt>
   <trkpt lat="4.8129820" lon="-75.7823690">
    <ele>1245.4</ele>
   </trkpt>
   <trkpt lat="4.8129910" lon="-75.7823860">
    <ele>1245.4</ele>
   </trkpt>
   <trkpt lat="4.8129990" lon="-75.7824010">
    <ele>1245.4</ele>
   </trkpt>
   <trkpt lat="4.8130080" lon="-75.7824170">
    <ele>1245.5</ele>
   </trkpt>
   <trkpt lat="4.8130170" lon="-75.7824320">
    <ele>1245.5</ele>
   </trkpt>
   <trkpt lat="4.8130260" lon="-75.7824460">
    <ele>1245.5</ele>
   </trkpt>
   <trkpt lat="4.8130360" lon="-75.7824590">
    <ele>1245.5</ele>
   </trkpt>
   <trkpt lat="4.8130460" lon="-75.7824720">
    <ele>1245.5</ele>
   </trkpt>
   <trkpt lat="4.8130560" lon="-75.7824850">
    <ele>1245.5</ele>
   </trkpt>
   <trkpt lat="4.8130660" lon="-75.7824980">
    <ele>1245.5</ele>
   </trkpt>
   <trkpt lat="4.8130760" lon="-75.7825110">
    <ele>1245.5</ele>
   </trkpt>
   <trkpt lat="4.8130850" lon="-75.7825240">
    <ele>1245.5</ele>
   </trkpt>
   <trkpt lat="4.8130940" lon="-75.7825360">
    <ele>1245.5</ele>
   </trkpt>
   <trkpt lat="4.8131030" lon="-75.7825490">
    <ele>1245.6</ele>
   </trkpt>
   <trkpt lat="4.8131110" lon="-75.7825610">
    <ele>1245.6</ele>
   </trkpt>
   <trkpt lat="4.8131200" lon="-75.7825740">
    <ele>1245.6</ele>
   </trkpt>
   <trkpt lat="4.8131290" lon="-75.7825860">
    <ele>1245.6</ele>
   </trkpt>
   <trkpt lat="4.8131370" lon="-75.7825990">
    <ele>1245.6</ele>
   </trkpt>
   <trkpt lat="4.8131460" lon="-75.7826140">
    <ele>1245.6</ele>
   </trkpt>
   <trkpt lat="4.8131540" lon="-75.7826290">
    <ele>1245.6</ele>
   </trkpt>
   <trkpt lat="4.8131630" lon="-75.7826450">
    <ele>1245.6</ele>
   </trkpt>
   <trkpt lat="4.8131710" lon="-75.7826600">
    <ele>1245.7</ele>
   </trkpt>
   <trkpt lat="4.8131800" lon="-75.7826760">
    <ele>1245.7</ele>
   </trkpt>
   <trkpt lat="4.8131880" lon="-75.7826920">
    <ele>1245.7</ele>
   </trkpt>
   <trkpt lat="4.8131970" lon="-75.7827070">
    <ele>1245.7</ele>
   </trkpt>
   <trkpt lat="4.8132060" lon="-75.7827230">
    <ele>1245.7</ele>
   </trkpt>
   <trkpt lat="4.8132140" lon="-75.7827390">
    <ele>1245.8</ele>
   </trkpt>
   <trkpt lat="4.8132230" lon="-75.7827530">
    <ele>1245.8</ele>
   </trkpt>
   <trkpt lat="4.8132320" lon="-75.7827680">
    <ele>1245.8</ele>
   </trkpt>
   <trkpt lat="4.8132410" lon="-75.7827840">
    <ele>1245.9</ele>
   </trkpt>
   <trkpt lat="4.8132510" lon="-75.7827990">
    <ele>1246.0</ele>
   </trkpt>
   <trkpt lat="4.8132610" lon="-75.7828160">
    <ele>1246.0</ele>
   </trkpt>
   <trkpt lat="4.8132710" lon="-75.7828320">
    <ele>1246.1</ele>
   </trkpt>
   <trkpt lat="4.8132800" lon="-75.7828480">
    <ele>1246.1</ele>
   </trkpt>
   <trkpt lat="4.8132900" lon="-75.7828630">
    <ele>1246.2</ele>
   </trkpt>
   <trkpt lat="4.8132990" lon="-75.7828770">
    <ele>1246.2</ele>
   </trkpt>
   <trkpt lat="4.8133090" lon="-75.7828910">
    <ele>1246.3</ele>
   </trkpt>
   <trkpt lat="4.8133180" lon="-75.7829050">
    <ele>1246.3</ele>
   </trkpt>
   <trkpt lat="4.8133280" lon="-75.7829190">
    <ele>1246.4</ele>
   </trkpt>
   <trkpt lat="4.8133380" lon="-75.7829340">
    <ele>1246.5</ele>
   </trkpt>
   <trkpt lat="4.8133480" lon="-75.7829480">
    <ele>1246.5</ele>
   </trkpt>
   <trkpt lat="4.8133590" lon="-75.7829640">
    <ele>1246.6</ele>
   </trkpt>
   <trkpt lat="4.8133700" lon="-75.7829800">
    <ele>1246.7</ele>
   </trkpt>
   <trkpt lat="4.8133810" lon="-75.7829970">
    <ele>1246.7</ele>
   </trkpt>
   <trkpt lat="4.8133910" lon="-75.7830150">
    <ele>1246.8</ele>
   </trkpt>
   <trkpt lat="4.8134010" lon="-75.7830330">
    <ele>1246.9</ele>
   </trkpt>
   <trkpt lat="4.8134110" lon="-75.7830510">
    <ele>1246.9</ele>
   </trkpt>
   <trkpt lat="4.8134200" lon="-75.7830710">
    <ele>1247.0</ele>
   </trkpt>
   <trkpt lat="4.8134300" lon="-75.7830910">
    <ele>1247.1</ele>
   </trkpt>
   <trkpt lat="4.8134400" lon="-75.7831130">
    <ele>1247.2</ele>
   </trkpt>
   <trkpt lat="4.8134500" lon="-75.7831350">
    <ele>1247.3</ele>
   </trkpt>
   <trkpt lat="4.8134600" lon="-75.7831580">
    <ele>1247.3</ele>
   </trkpt>
   <trkpt lat="4.8134700" lon="-75.7831820">
    <ele>1247.4</ele>
   </trkpt>
   <trkpt lat="4.8134790" lon="-75.7832050">
    <ele>1247.5</ele>
   </trkpt>
   <trkpt lat="4.8134890" lon="-75.7832280">
    <ele>1247.6</ele>
   </trkpt>
   <trkpt lat="4.8134980" lon="-75.7832510">
    <ele>1247.7</ele>
   </trkpt>
   <trkpt lat="4.8135070" lon="-75.7832730">
    <ele>1247.7</ele>
   </trkpt>
   <trkpt lat="4.8135150" lon="-75.7832950">
    <ele>1247.8</ele>
   </trkpt>
   <trkpt lat="4.8135220" lon="-75.7833170">
    <ele>1247.8</ele>
   </trkpt>
   <trkpt lat="4.8135300" lon="-75.7833390">
    <ele>1247.9</ele>
   </trkpt>
   <trkpt lat="4.8135370" lon="-75.7833620">
    <ele>1247.9</ele>
   </trkpt>
   <trkpt lat="4.8135430" lon="-75.7833860">
    <ele>1248.0</ele>
   </trkpt>
   <trkpt lat="4.8135500" lon="-75.7834090">
    <ele>1248.0</ele>
   </trkpt>
   <trkpt lat="4.8135550" lon="-75.7834320">
    <ele>1248.1</ele>
   </trkpt>
   <trkpt lat="4.8135610" lon="-75.7834560">
    <ele>1248.1</ele>
   </trkpt>
   <trkpt lat="4.8135670" lon="-75.7834800">
    <ele>1248.1</ele>
   </trkpt>
   <trkpt lat="4.8135720" lon="-75.7835030">
    <ele>1248.1</ele>
   </trkpt>
   <trkpt lat="4.8135770" lon="-75.7835260">
    <ele>1248.0</ele>
   </trkpt>
   <trkpt lat="4.8135830" lon="-75.7835510">
    <ele>1248.0</ele>
   </trkpt>
   <trkpt lat="4.8135880" lon="-75.7835760">
    <ele>1248.0</ele>
   </trkpt>
   <trkpt lat="4.8135920" lon="-75.7836000">
    <ele>1248.0</ele>
   </trkpt>
   <trkpt lat="4.8135950" lon="-75.7836250">
    <ele>1247.9</ele>
   </trkpt>
   <trkpt lat="4.8135960" lon="-75.7836470">
    <ele>1247.9</ele>
   </trkpt>
   <trkpt lat="4.8135980" lon="-75.7836710">
    <ele>1247.8</ele>
   </trkpt>
   <trkpt lat="4.8135990" lon="-75.7836940">
    <ele>1247.8</ele>
   </trkpt>
   <trkpt lat="4.8136010" lon="-75.7837180">
    <ele>1247.7</ele>
   </trkpt>
   <trkpt lat="4.8136040" lon="-75.7837420">
    <ele>1247.7</ele>
   </trkpt>
   <trkpt lat="4.8136070" lon="-75.7837660">
    <ele>1247.6</ele>
   </trkpt>
   <trkpt lat="4.8136100" lon="-75.7837900">
    <ele>1247.5</ele>
   </trkpt>
   <trkpt lat="4.8136120" lon="-75.7838150">
    <ele>1247.4</ele>
   </trkpt>
   <trkpt lat="4.8136150" lon="-75.7838400">
    <ele>1247.4</ele>
   </trkpt>
   <trkpt lat="4.8136180" lon="-75.7838640">
    <ele>1247.3</ele>
   </trkpt>
   <trkpt lat="4.8136200" lon="-75.7838880">
    <ele>1247.2</ele>
   </trkpt>
   <trkpt lat="4.8136220" lon="-75.7839120">
    <ele>1247.1</ele>
   </trkpt>
   <trkpt lat="4.8136230" lon="-75.7839350">
    <ele>1247.0</ele>
   </trkpt>
   <trkpt lat="4.8136230" lon="-75.7839570">
    <ele>1246.9</ele>
   </trkpt>
   <trkpt lat="4.8136240" lon="-75.7839790">
    <ele>1246.8</ele>
   </trkpt>
   <trkpt lat="4.8136240" lon="-75.7839990">
    <ele>1246.7</ele>
   </trkpt>
   <trkpt lat="4.8136240" lon="-75.7840200">
    <ele>1246.6</ele>
   </trkpt>
   <trkpt lat="4.8136240" lon="-75.7840400">
    <ele>1246.6</ele>
   </trkpt>
   <trkpt lat="4.8136240" lon="-75.7840590">
    <ele>1246.5</ele>
   </trkpt>
   <trkpt lat="4.8136250" lon="-75.7840790">
    <ele>1246.4</ele>
   </trkpt>
   <trkpt lat="4.8136250" lon="-75.7840980">
    <ele>1246.3</ele>
   </trkpt>
   <trkpt lat="4.8136250" lon="-75.7841170">
    <ele>1246.2</ele>
   </trkpt>
   <trkpt lat="4.8136250" lon="-75.7841370">
    <ele>1246.1</ele>
   </trkpt>
   <trkpt lat="4.8136250" lon="-75.7841570">
    <ele>1246.0</ele>
   </trkpt>
   <trkpt lat="4.8136250" lon="-75.7841770">
    <ele>1246.0</ele>
   </trkpt>
   <trkpt lat="4.8136250" lon="-75.7841980">
    <ele>1245.9</ele>
   </trkpt>
   <trkpt lat="4.8136250" lon="-75.7842190">
    <ele>1245.8</ele>
   </trkpt>
   <trkpt lat="4.8136250" lon="-75.7842400">
    <ele>1245.7</ele>
   </trkpt>
   <trkpt lat="4.8136260" lon="-75.7842600">
    <ele>1245.6</ele>
   </trkpt>
   <trkpt lat="4.8136260" lon="-75.7842820">
    <ele>1245.5</ele>
   </trkpt>
   <trkpt lat="4.8136270" lon="-75.7843030">
    <ele>1245.4</ele>
   </trkpt>
   <trkpt lat="4.8136280" lon="-75.7843260">
    <ele>1245.3</ele>
   </trkpt>
   <trkpt lat="4.8136290" lon="-75.7843490">
    <ele>1245.2</ele>
   </trkpt>
   <trkpt lat="4.8136320" lon="-75.7843720">
    <ele>1245.1</ele>
   </trkpt>
   <trkpt lat="4.8136340" lon="-75.7843950">
    <ele>1244.9</ele>
   </trkpt>
   <trkpt lat="4.8136360" lon="-75.7844180">
    <ele>1244.8</ele>
   </trkpt>
   <trkpt lat="4.8136380" lon="-75.7844410">
    <ele>1244.7</ele>
   </trkpt>
   <trkpt lat="4.8136380" lon="-75.7844640">
    <ele>1244.6</ele>
   </trkpt>
   <trkpt lat="4.8136390" lon="-75.7844880">
    <ele>1244.5</ele>
   </trkpt>
   <trkpt lat="4.8136400" lon="-75.7845110">
    <ele>1244.4</ele>
   </trkpt>
   <trkpt lat="4.8136400" lon="-75.7845350">
    <ele>1244.3</ele>
   </trkpt>
   <trkpt lat="4.8136410" lon="-75.7845600">
    <ele>1244.1</ele>
   </trkpt>
   <trkpt lat="4.8136430" lon="-75.7845850">
    <ele>1244.0</ele>
   </trkpt>
   <trkpt lat="4.8136450" lon="-75.7846110">
    <ele>1243.9</ele>
   </trkpt>
   <trkpt lat="4.8136480" lon="-75.7846360">
    <ele>1243.8</ele>
   </trkpt>
   <trkpt lat="4.8136500" lon="-75.7846630">
    <ele>1243.7</ele>
   </trkpt>
   <trkpt lat="4.8136530" lon="-75.7846890">
    <ele>1243.5</ele>
   </trkpt>
   <trkpt lat="4.8136550" lon="-75.7847160">
    <ele>1243.4</ele>
   </trkpt>
   <trkpt lat="4.8136570" lon="-75.7847440">
    <ele>1243.3</ele>
   </trkpt>
   <trkpt lat="4.8136580" lon="-75.7847710">
    <ele>1243.2</ele>
   </trkpt>
   <trkpt lat="4.8136590" lon="-75.7847980">
    <ele>1243.1</ele>
   </trkpt>
   <trkpt lat="4.8136600" lon="-75.7848230">
    <ele>1243.0</ele>
   </trkpt>
   <trkpt lat="4.8136600" lon="-75.7848480">
    <ele>1242.8</ele>
   </trkpt>
   <trkpt lat="4.8136600" lon="-75.7848710">
    <ele>1242.7</ele>
   </trkpt>
   <trkpt lat="4.8136600" lon="-75.7848940">
    <ele>1242.6</ele>
   </trkpt>
   <trkpt lat="4.8136610" lon="-75.7849180">
    <ele>1242.5</ele>
   </trkpt>
   <trkpt lat="4.8136620" lon="-75.7849420">
    <ele>1242.4</ele>
   </trkpt>
   <trkpt lat="4.8136640" lon="-75.7849670">
    <ele>1242.3</ele>
   </trkpt>
   <trkpt lat="4.8136660" lon="-75.7849920">
    <ele>1242.2</ele>
   </trkpt>
   <trkpt lat="4.8136680" lon="-75.7850160">
    <ele>1242.1</ele>
   </trkpt>
   <trkpt lat="4.8136700" lon="-75.7850400">
    <ele>1242.0</ele>
   </trkpt>
   <trkpt lat="4.8136720" lon="-75.7850630">
    <ele>1241.9</ele>
   </trkpt>
   <trkpt lat="4.8136740" lon="-75.7850860">
    <ele>1241.8</ele>
   </trkpt>
   <trkpt lat="4.8136760" lon="-75.7851100">
    <ele>1241.7</ele>
   </trkpt>
   <trkpt lat="4.8136780" lon="-75.7851340">
    <ele>1241.6</ele>
   </trkpt>
   <trkpt lat="4.8136790" lon="-75.7851600">
    <ele>1241.5</ele>
   </trkpt>
   <trkpt lat="4.8136810" lon="-75.7851850">
    <ele>1241.4</ele>
   </trkpt>
   <trkpt lat="4.8136810" lon="-75.7852090">
    <ele>1241.3</ele>
   </trkpt>
   <trkpt lat="4.8136820" lon="-75.7852320">
    <ele>1241.2</ele>
   </trkpt>
   <trkpt lat="4.8136810" lon="-75.7852540">
    <ele>1241.1</ele>
   </trkpt>
   <trkpt lat="4.8136810" lon="-75.7852760">
    <ele>1241.0</ele>
   </trkpt>
   <trkpt lat="4.8136810" lon="-75.7852990">
    <ele>1241.0</ele>
   </trkpt>
   <trkpt lat="4.8136810" lon="-75.7853220">
    <ele>1240.9</ele>
   </trkpt>
   <trkpt lat="4.8136810" lon="-75.7853460">
    <ele>1240.8</ele>
   </trkpt>
   <trkpt lat="4.8136820" lon="-75.7853710">
    <ele>1240.7</ele>
   </trkpt>
   <trkpt lat="4.8136820" lon="-75.7853950">
    <ele>1240.6</ele>
   </trkpt>
   <trkpt lat="4.8136830" lon="-75.7854190">
    <ele>1240.5</ele>
   </trkpt>
   <trkpt lat="4.8136840" lon="-75.7854430">
    <ele>1240.4</ele>
   </trkpt>
   <trkpt lat="4.8136860" lon="-75.7854690">
    <ele>1240.3</ele>
   </trkpt>
   <trkpt lat="4.8136880" lon="-75.7854940">
    <ele>1240.2</ele>
   </trkpt>
   <trkpt lat="4.8136900" lon="-75.7855210">
    <ele>1240.1</ele>
   </trkpt>
   <trkpt lat="4.8136920" lon="-75.7855470">
    <ele>1240.0</ele>
   </trkpt>
   <trkpt lat="4.8136930" lon="-75.7855740">
    <ele>1239.9</ele>
   </trkpt>
   <trkpt lat="4.8136940" lon="-75.7856000">
    <ele>1239.8</ele>
   </trkpt>
   <trkpt lat="4.8136950" lon="-75.7856260">
    <ele>1239.7</ele>
   </trkpt>
   <trkpt lat="4.8136960" lon="-75.7856520">
    <ele>1239.6</ele>
   </trkpt>
   <trkpt lat="4.8136960" lon="-75.7856780">
    <ele>1239.4</ele>
   </trkpt>
   <trkpt lat="4.8136980" lon="-75.7857040">
    <ele>1239.3</ele>
   </trkpt>
   <trkpt lat="4.8136990" lon="-75.7857300">
    <ele>1239.2</ele>
   </trkpt>
   <trkpt lat="4.8137010" lon="-75.7857560">
    <ele>1239.1</ele>
   </trkpt>
   <trkpt lat="4.8137030" lon="-75.7857820">
    <ele>1239.0</ele>
   </trkpt>
   <trkpt lat="4.8137040" lon="-75.7858070">
    <ele>1238.9</ele>
   </trkpt>
   <trkpt lat="4.8137060" lon="-75.7858320">
    <ele>1238.8</ele>
   </trkpt>
   <trkpt lat="4.8137080" lon="-75.7858560">
    <ele>1238.7</ele>
   </trkpt>
   <trkpt lat="4.8137090" lon="-75.7858810">
    <ele>1238.6</ele>
   </trkpt>
   <trkpt lat="4.8137100" lon="-75.7859080">
    <ele>1238.5</ele>
   </trkpt>
   <trkpt lat="4.8137110" lon="-75.7859340">
    <ele>1238.4</ele>
   </trkpt>
   <trkpt lat="4.8137120" lon="-75.7859610">
    <ele>1238.3</ele>
   </trkpt>
   <trkpt lat="4.8137130" lon="-75.7859880">
    <ele>1238.2</ele>
   </trkpt>
   <trkpt lat="4.8137140" lon="-75.7860130">
    <ele>1238.1</ele>
   </trkpt>
   <trkpt lat="4.8137150" lon="-75.7860380">
    <ele>1238.0</ele>
   </trkpt>
   <trkpt lat="4.8137160" lon="-75.7860630">
    <ele>1237.9</ele>
   </trkpt>
   <trkpt lat="4.8137180" lon="-75.7860870">
    <ele>1237.8</ele>
   </trkpt>
   <trkpt lat="4.8137200" lon="-75.7861110">
    <ele>1237.8</ele>
   </trkpt>
   <trkpt lat="4.8137210" lon="-75.7861340">
    <ele>1237.7</ele>
   </trkpt>
   <trkpt lat="4.8137220" lon="-75.7861580">
    <ele>1237.6</ele>
   </trkpt>
   <trkpt lat="4.8137240" lon="-75.7861820">
    <ele>1237.5</ele>
   </trkpt>
   <trkpt lat="4.8137260" lon="-75.7862080">
    <ele>1237.4</ele>
   </trkpt>
   <trkpt lat="4.8137300" lon="-75.7862340">
    <ele>1237.2</ele>
   </trkpt>
   <trkpt lat="4.8137330" lon="-75.7862620">
    <ele>1237.1</ele>
   </trkpt>
   <trkpt lat="4.8137360" lon="-75.7862900">
    <ele>1237.0</ele>
   </trkpt>
   <trkpt lat="4.8137380" lon="-75.7863180">
    <ele>1236.9</ele>
   </trkpt>
   <trkpt lat="4.8137410" lon="-75.7863450">
    <ele>1236.8</ele>
   </trkpt>
   <trkpt lat="4.8137420" lon="-75.7863720">
    <ele>1236.7</ele>
   </trkpt>
   <trkpt lat="4.8137440" lon="-75.7863980">
    <ele>1236.6</ele>
   </trkpt>
   <trkpt lat="4.8137450" lon="-75.7864240">
    <ele>1236.5</ele>
   </trkpt>
   <trkpt lat="4.8137450" lon="-75.7864500">
    <ele>1236.4</ele>
   </trkpt>
   <trkpt lat="4.8137460" lon="-75.7864770">
    <ele>1236.2</ele>
   </trkpt>
   <trkpt lat="4.8137460" lon="-75.7865020">
    <ele>1236.1</ele>
   </trkpt>
   <trkpt lat="4.8137460" lon="-75.7865280">
    <ele>1236.0</ele>
   </trkpt>
   <trkpt lat="4.8137460" lon="-75.7865540">
    <ele>1235.9</ele>
   </trkpt>
   <trkpt lat="4.8137460" lon="-75.7865800">
    <ele>1235.8</ele>
   </trkpt>
   <trkpt lat="4.8137460" lon="-75.7866070">
    <ele>1235.7</ele>
   </trkpt>
   <trkpt lat="4.8137460" lon="-75.7866340">
    <ele>1235.6</ele>
   </trkpt>
   <trkpt lat="4.8137460" lon="-75.7866600">
    <ele>1235.4</ele>
   </trkpt>
   <trkpt lat="4.8137460" lon="-75.7866850">
    <ele>1235.3</ele>
   </trkpt>
   <trkpt lat="4.8137470" lon="-75.7867100">
    <ele>1235.2</ele>
   </trkpt>
   <trkpt lat="4.8137480" lon="-75.7867340">
    <ele>1235.1</ele>
   </trkpt>
   <trkpt lat="4.8137500" lon="-75.7867590">
    <ele>1235.0</ele>
   </trkpt>
   <trkpt lat="4.8137510" lon="-75.7867850">
    <ele>1234.8</ele>
   </trkpt>
   <trkpt lat="4.8137530" lon="-75.7868120">
    <ele>1234.7</ele>
   </trkpt>
   <trkpt lat="4.8137560" lon="-75.7868390">
    <ele>1234.5</ele>
   </trkpt>
   <trkpt lat="4.8137580" lon="-75.7868650">
    <ele>1234.4</ele>
   </trkpt>
   <trkpt lat="4.8137600" lon="-75.7868920">
    <ele>1234.2</ele>
   </trkpt>
   <trkpt lat="4.8137620" lon="-75.7869190">
    <ele>1234.1</ele>
   </trkpt>
   <trkpt lat="4.8137630" lon="-75.7869450">
    <ele>1233.9</ele>
   </trkpt>
   <trkpt lat="4.8137640" lon="-75.7869700">
    <ele>1233.8</ele>
   </trkpt>
   <trkpt lat="4.8137650" lon="-75.7869950">
    <ele>1233.6</ele>
   </trkpt>
   <trkpt lat="4.8137660" lon="-75.7870190">
    <ele>1233.5</ele>
   </trkpt>
   <trkpt lat="4.8137670" lon="-75.7870440">
    <ele>1233.4</ele>
   </trkpt>
   <trkpt lat="4.8137680" lon="-75.7870680">
    <ele>1233.2</ele>
   </trkpt>
   <trkpt lat="4.8137680" lon="-75.7870940">
    <ele>1233.1</ele>
   </trkpt>
   <trkpt lat="4.8137690" lon="-75.7871190">
    <ele>1232.9</ele>
   </trkpt>
   <trkpt lat="4.8137710" lon="-75.7871440">
    <ele>1232.8</ele>
   </trkpt>
   <trkpt lat="4.8137720" lon="-75.7871700">
    <ele>1232.6</ele>
   </trkpt>
   <trkpt lat="4.8137750" lon="-75.7871940">
    <ele>1232.5</ele>
   </trkpt>
   <trkpt lat="4.8137770" lon="-75.7872190">
    <ele>1232.3</ele>
   </trkpt>
   <trkpt lat="4.8137780" lon="-75.7872430">
    <ele>1232.1</ele>
   </trkpt>
   <trkpt lat="4.8137800" lon="-75.7872690">
    <ele>1232.0</ele>
   </trkpt>
   <trkpt lat="4.8137810" lon="-75.7872950">
    <ele>1231.8</ele>
   </trkpt>
   <trkpt lat="4.8137820" lon="-75.7873210">
    <ele>1231.6</ele>
   </trkpt>
   <trkpt lat="4.8137840" lon="-75.7873470">
    <ele>1231.4</ele>
   </trkpt>
   <trkpt lat="4.8137850" lon="-75.7873710">
    <ele>1231.3</ele>
   </trkpt>
   <trkpt lat="4.8137860" lon="-75.7873950">
    <ele>1231.1</ele>
   </trkpt>
   <trkpt lat="4.8137870" lon="-75.7874200">
    <ele>1230.9</ele>
   </trkpt>
   <trkpt lat="4.8137890" lon="-75.7874460">
    <ele>1230.7</ele>
   </trkpt>
   <trkpt lat="4.8137910" lon="-75.7874720">
    <ele>1230.6</ele>
   </trkpt>
   <trkpt lat="4.8137930" lon="-75.7874980">
    <ele>1230.4</ele>
   </trkpt>
   <trkpt lat="4.8137940" lon="-75.7875240">
    <ele>1230.2</ele>
   </trkpt>
   <trkpt lat="4.8137950" lon="-75.7875490">
    <ele>1230.0</ele>
   </trkpt>
   <trkpt lat="4.8137960" lon="-75.7875730">
    <ele>1229.8</ele>
   </trkpt>
   <trkpt lat="4.8137960" lon="-75.7875980">
    <ele>1229.6</ele>
   </trkpt>
   <trkpt lat="4.8137960" lon="-75.7876210">
    <ele>1229.5</ele>
   </trkpt>
   <trkpt lat="4.8137960" lon="-75.7876440">
    <ele>1229.3</ele>
   </trkpt>
   <trkpt lat="4.8137960" lon="-75.7876680">
    <ele>1229.1</ele>
   </trkpt>
   <trkpt lat="4.8137970" lon="-75.7876930">
    <ele>1229.0</ele>
   </trkpt>
   <trkpt lat="4.8137980" lon="-75.7877180">
    <ele>1228.8</ele>
   </trkpt>
   <trkpt lat="4.8138000" lon="-75.7877450">
    <ele>1228.6</ele>
   </trkpt>
   <trkpt lat="4.8138030" lon="-75.7877710">
    <ele>1228.4</ele>
   </trkpt>
   <trkpt lat="4.8138050" lon="-75.7877970">
    <ele>1228.2</ele>
   </trkpt>
   <trkpt lat="4.8138080" lon="-75.7878240">
    <ele>1228.0</ele>
   </trkpt>
   <trkpt lat="4.8138090" lon="-75.7878500">
    <ele>1227.8</ele>
   </trkpt>
   <trkpt lat="4.8138100" lon="-75.7878760">
    <ele>1227.6</ele>
   </trkpt>
   <trkpt lat="4.8138100" lon="-75.7879020">
    <ele>1227.4</ele>
   </trkpt>
   <trkpt lat="4.8138110" lon="-75.7879270">
    <ele>1227.2</ele>
   </trkpt>
   <trkpt lat="4.8138110" lon="-75.7879520">
    <ele>1227.0</ele>
   </trkpt>
   <trkpt lat="4.8138110" lon="-75.7879770">
    <ele>1226.8</ele>
   </trkpt>
   <trkpt lat="4.8138120" lon="-75.7880030">
    <ele>1226.6</ele>
   </trkpt>
   <trkpt lat="4.8138120" lon="-75.7880280">
    <ele>1226.4</ele>
   </trkpt>
   <trkpt lat="4.8138140" lon="-75.7880540">
    <ele>1226.2</ele>
   </trkpt>
   <trkpt lat="4.8138160" lon="-75.7880790">
    <ele>1226.0</ele>
   </trkpt>
   <trkpt lat="4.8138170" lon="-75.7881040">
    <ele>1225.8</ele>
   </trkpt>
   <trkpt lat="4.8138180" lon="-75.7881290">
    <ele>1225.6</ele>
   </trkpt>
   <trkpt lat="4.8138200" lon="-75.7881540">
    <ele>1225.4</ele>
   </trkpt>
   <trkpt lat="4.8138210" lon="-75.7881810">
    <ele>1225.2</ele>
   </trkpt>
   <trkpt lat="4.8138230" lon="-75.7882070">
    <ele>1225.0</ele>
   </trkpt>
   <trkpt lat="4.8138240" lon="-75.7882330">
    <ele>1224.8</ele>
   </trkpt>
   <trkpt lat="4.8138260" lon="-75.7882600">
    <ele>1224.7</ele>
   </trkpt>
   <trkpt lat="4.8138270" lon="-75.7882850">
    <ele>1224.5</ele>
   </trkpt>
   <trkpt lat="4.8138290" lon="-75.7883110">
    <ele>1224.3</ele>
   </trkpt>
   <trkpt lat="4.8138310" lon="-75.7883370">
    <ele>1224.1</ele>
   </trkpt>
   <trkpt lat="4.8138320" lon="-75.7883640">
    <ele>1224.0</ele>
   </trkpt>
   <trkpt lat="4.8138340" lon="-75.7883890">
    <ele>1223.8</ele>
   </trkpt>
   <trkpt lat="4.8138360" lon="-75.7884150">
    <ele>1223.7</ele>
   </trkpt>
   <trkpt lat="4.8138380" lon="-75.7884410">
    <ele>1223.5</ele>
   </trkpt>
   <trkpt lat="4.8138390" lon="-75.7884660">
    <ele>1223.4</ele>
   </trkpt>
   <trkpt lat="4.8138410" lon="-75.7884910">
    <ele>1223.3</ele>
   </trkpt>
   <trkpt lat="4.8138430" lon="-75.7885140">
    <ele>1223.2</ele>
   </trkpt>
   <trkpt lat="4.8138440" lon="-75.7885360">
    <ele>1223.1</ele>
   </trkpt>
   <trkpt lat="4.8138460" lon="-75.7885550">
    <ele>1223.1</ele>
   </trkpt>
   <trkpt lat="4.8138470" lon="-75.7885740">
    <ele>1223.0</ele>
   </trkpt>
   <trkpt lat="4.8138490" lon="-75.7885920">
    <ele>1222.9</ele>
   </trkpt>
   <trkpt lat="4.8138500" lon="-75.7886120">
    <ele>1222.9</ele>
   </trkpt>
   <trkpt lat="4.8138520" lon="-75.7886340">
    <ele>1222.8</ele>
   </trkpt>
   <trkpt lat="4.8138540" lon="-75.7886560">
    <ele>1222.8</ele>
   </trkpt>
   <trkpt lat="4.8138550" lon="-75.7886770">
    <ele>1222.7</ele>
   </trkpt>
   <trkpt lat="4.8138570" lon="-75.7886980">
    <ele>1222.6</ele>
   </trkpt>
   <trkpt lat="4.8138580" lon="-75.7887180">
    <ele>1222.6</ele>
   </trkpt>
   <trkpt lat="4.8138590" lon="-75.7887390">
    <ele>1222.5</ele>
   </trkpt>
   <trkpt lat="4.8138610" lon="-75.7887600">
    <ele>1222.5</ele>
   </trkpt>
   <trkpt lat="4.8138620" lon="-75.7887820">
    <ele>1222.4</ele>
   </trkpt>
   <trkpt lat="4.8138640" lon="-75.7888040">
    <ele>1222.4</ele>
   </trkpt>
   <trkpt lat="4.8138650" lon="-75.7888260">
    <ele>1222.3</ele>
   </trkpt>
   <trkpt lat="4.8138660" lon="-75.7888490">
    <ele>1222.2</ele>
   </trkpt>
   <trkpt lat="4.8138670" lon="-75.7888720">
    <ele>1222.2</ele>
   </trkpt>
   <trkpt lat="4.8138680" lon="-75.7888960">
    <ele>1222.1</ele>
   </trkpt>
   <trkpt lat="4.8138700" lon="-75.7889190">
    <ele>1222.1</ele>
   </trkpt>
   <trkpt lat="4.8138710" lon="-75.7889410">
    <ele>1222.0</ele>
   </trkpt>
   <trkpt lat="4.8138720" lon="-75.7889620">
    <ele>1222.0</ele>
   </trkpt>
   <trkpt lat="4.8138740" lon="-75.7889810">
    <ele>1222.0</ele>
   </trkpt>
   <trkpt lat="4.8138750" lon="-75.7890010">
    <ele>1221.9</ele>
   </trkpt>
   <trkpt lat="4.8138760" lon="-75.7890200">
    <ele>1221.9</ele>
   </trkpt>
   <trkpt lat="4.8138770" lon="-75.7890400">
    <ele>1221.9</ele>
   </trkpt>
   <trkpt lat="4.8138780" lon="-75.7890590">
    <ele>1221.9</ele>
   </trkpt>
   <trkpt lat="4.8138790" lon="-75.7890790">
    <ele>1221.9</ele>
   </trkpt>
   <trkpt lat="4.8138790" lon="-75.7890970">
    <ele>1221.9</ele>
   </trkpt>
   <trkpt lat="4.8138800" lon="-75.7891150">
    <ele>1221.9</ele>
   </trkpt>
   <trkpt lat="4.8138800" lon="-75.7891330">
    <ele>1221.9</ele>
   </trkpt>
   <trkpt lat="4.8138810" lon="-75.7891510">
    <ele>1221.9</ele>
   </trkpt>
   <trkpt lat="4.8138820" lon="-75.7891700">
    <ele>1221.9</ele>
   </trkpt>
   <trkpt lat="4.8138840" lon="-75.7891900">
    <ele>1221.9</ele>
   </trkpt>
   <trkpt lat="4.8138850" lon="-75.7892110">
    <ele>1221.9</ele>
   </trkpt>
   <trkpt lat="4.8138870" lon="-75.7892330">
    <ele>1221.9</ele>
   </trkpt>
   <trkpt lat="4.8138890" lon="-75.7892550">
    <ele>1221.9</ele>
   </trkpt>
   <trkpt lat="4.8138910" lon="-75.7892790">
    <ele>1221.9</ele>
   </trkpt>
   <trkpt lat="4.8138940" lon="-75.7893040">
    <ele>1222.0</ele>
   </trkpt>
   <trkpt lat="4.8138960" lon="-75.7893280">
    <ele>1222.0</ele>
   </trkpt>
   <trkpt lat="4.8138980" lon="-75.7893520">
    <ele>1222.0</ele>
   </trkpt>
   <trkpt lat="4.8139010" lon="-75.7893770">
    <ele>1222.0</ele>
   </trkpt>
   <trkpt lat="4.8139030" lon="-75.7894000">
    <ele>1222.1</ele>
   </trkpt>
   <trkpt lat="4.8139050" lon="-75.7894240">
    <ele>1222.1</ele>
   </trkpt>
   <trkpt lat="4.8139070" lon="-75.7894470">
    <ele>1222.1</ele>
   </trkpt>
   <trkpt lat="4.8139100" lon="-75.7894680">
    <ele>1222.1</ele>
   </trkpt>
   <trkpt lat="4.8139120" lon="-75.7894900">
    <ele>1222.2</ele>
   </trkpt>
   <trkpt lat="4.8139150" lon="-75.7895120">
    <ele>1222.2</ele>
   </trkpt>
   <trkpt lat="4.8139180" lon="-75.7895330">
    <ele>1222.2</ele>
   </trkpt>
   <trkpt lat="4.8139220" lon="-75.7895550">
    <ele>1222.3</ele>
   </trkpt>
   <trkpt lat="4.8139250" lon="-75.7895760">
    <ele>1222.3</ele>
   </trkpt>
   <trkpt lat="4.8139280" lon="-75.7895970">
    <ele>1222.3</ele>
   </trkpt>
   <trkpt lat="4.8139310" lon="-75.7896190">
    <ele>1222.4</ele>
   </trkpt>
   <trkpt lat="4.8139330" lon="-75.7896390">
    <ele>1222.4</ele>
   </trkpt>
   <trkpt lat="4.8139340" lon="-75.7896590">
    <ele>1222.4</ele>
   </trkpt>
   <trkpt lat="4.8139340" lon="-75.7896790">
    <ele>1222.5</ele>
   </trkpt>
   <trkpt lat="4.8139330" lon="-75.7897000">
    <ele>1222.5</ele>
   </trkpt>
   <trkpt lat="4.8139320" lon="-75.7897230">
    <ele>1222.5</ele>
   </trkpt>
   <trkpt lat="4.8139310" lon="-75.7897490">
    <ele>1222.6</ele>
   </trkpt>
   <trkpt lat="4.8139300" lon="-75.7897760">
    <ele>1222.6</ele>
   </trkpt>
   <trkpt lat="4.8139290" lon="-75.7898030">
    <ele>1222.7</ele>
   </trkpt>
   <trkpt lat="4.8139280" lon="-75.7898300">
    <ele>1222.8</ele>
   </trkpt>
   <trkpt lat="4.8139270" lon="-75.7898560">
    <ele>1222.8</ele>
   </trkpt>
   <trkpt lat="4.8139260" lon="-75.7898810">
    <ele>1222.8</ele>
   </trkpt>
   <trkpt lat="4.8139250" lon="-75.7899060">
    <ele>1222.9</ele>
   </trkpt>
   <trkpt lat="4.8139250" lon="-75.7899300">
    <ele>1222.9</ele>
   </trkpt>
   <trkpt lat="4.8139240" lon="-75.7899540">
    <ele>1222.9</ele>
   </trkpt>
   <trkpt lat="4.8139230" lon="-75.7899790">
    <ele>1222.9</ele>
   </trkpt>
   <trkpt lat="4.8139230" lon="-75.7900020">
    <ele>1223.0</ele>
   </trkpt>
   <trkpt lat="4.8139220" lon="-75.7900250">
    <ele>1223.0</ele>
   </trkpt>
   <trkpt lat="4.8139220" lon="-75.7900480">
    <ele>1223.0</ele>
   </trkpt>
   <trkpt lat="4.8139220" lon="-75.7900720">
    <ele>1223.0</ele>
   </trkpt>
   <trkpt lat="4.8139220" lon="-75.7900970">
    <ele>1223.0</ele>
   </trkpt>
   <trkpt lat="4.8139220" lon="-75.7901240">
    <ele>1223.0</ele>
   </trkpt>
   <trkpt lat="4.8139210" lon="-75.7901520">
    <ele>1223.0</ele>
   </trkpt>
   <trkpt lat="4.8139210" lon="-75.7901790">
    <ele>1223.0</ele>
   </trkpt>
   <trkpt lat="4.8139210" lon="-75.7902040">
    <ele>1223.1</ele>
   </trkpt>
   <trkpt lat="4.8139210" lon="-75.7902280">
    <ele>1223.1</ele>
   </trkpt>
   <trkpt lat="4.8139210" lon="-75.7902520">
    <ele>1223.1</ele>
   </trkpt>
   <trkpt lat="4.8139200" lon="-75.7902750">
    <ele>1223.1</ele>
   </trkpt>
   <trkpt lat="4.8139200" lon="-75.7902980">
    <ele>1223.1</ele>
   </trkpt>
   <trkpt lat="4.8139190" lon="-75.7903230">
    <ele>1223.1</ele>
   </trkpt>
   <trkpt lat="4.8139180" lon="-75.7903470">
    <ele>1223.1</ele>
   </trkpt>
   <trkpt lat="4.8139170" lon="-75.7903730">
    <ele>1223.1</ele>
   </trkpt>
   <trkpt lat="4.8139160" lon="-75.7903980">
    <ele>1223.1</ele>
   </trkpt>
   <trkpt lat="4.8139150" lon="-75.7904220">
    <ele>1223.1</ele>
   </trkpt>
   <trkpt lat="4.8139140" lon="-75.7904460">
    <ele>1223.1</ele>
   </trkpt>
   <trkpt lat="4.8139150" lon="-75.7904680">
    <ele>1223.1</ele>
   </trkpt>
   <trkpt lat="4.8139150" lon="-75.7904900">
    <ele>1223.1</ele>
   </trkpt>
   <trkpt lat="4.8139150" lon="-75.7905120">
    <ele>1223.1</ele>
   </trkpt>
   <trkpt lat="4.8139150" lon="-75.7905330">
    <ele>1223.2</ele>
   </trkpt>
   <trkpt lat="4.8139130" lon="-75.7905550">
    <ele>1223.2</ele>
   </trkpt>
   <trkpt lat="4.8139120" lon="-75.7905770">
    <ele>1223.2</ele>
   </trkpt>
   <trkpt lat="4.8139100" lon="-75.7905990">
    <ele>1223.2</ele>
   </trkpt>
   <trkpt lat="4.8139080" lon="-75.7906200">
    <ele>1223.2</ele>
   </trkpt>
   <trkpt lat="4.8139060" lon="-75.7906420">
    <ele>1223.2</ele>
   </trkpt>
   <trkpt lat="4.8139040" lon="-75.7906640">
    <ele>1223.2</ele>
   </trkpt>
   <trkpt lat="4.8139020" lon="-75.7906860">
    <ele>1223.2</ele>
   </trkpt>
   <trkpt lat="4.8139000" lon="-75.7907090">
    <ele>1223.2</ele>
   </trkpt>
   <trkpt lat="4.8138990" lon="-75.7907330">
    <ele>1223.2</ele>
   </trkpt>
   <trkpt lat="4.8138970" lon="-75.7907560">
    <ele>1223.2</ele>
   </trkpt>
   <trkpt lat="4.8138960" lon="-75.7907810">
    <ele>1223.1</ele>
   </trkpt>
   <trkpt lat="4.8138950" lon="-75.7908050">
    <ele>1223.1</ele>
   </trkpt>
   <trkpt lat="4.8138940" lon="-75.7908310">
    <ele>1223.0</ele>
   </trkpt>
   <trkpt lat="4.8138940" lon="-75.7908580">
    <ele>1223.0</ele>
   </trkpt>
   <trkpt lat="4.8138930" lon="-75.7908840">
    <ele>1222.9</ele>
   </trkpt>
   <trkpt lat="4.8138930" lon="-75.7909090">
    <ele>1222.9</ele>
   </trkpt>
   <trkpt lat="4.8138930" lon="-75.7909340">
    <ele>1222.8</ele>
   </trkpt>
   <trkpt lat="4.8138930" lon="-75.7909580">
    <ele>1222.7</ele>
   </trkpt>
   <trkpt lat="4.8138920" lon="-75.7909830">
    <ele>1222.7</ele>
   </trkpt>
   <trkpt lat="4.8138920" lon="-75.7910070">
    <ele>1222.6</ele>
   </trkpt>
   <trkpt lat="4.8138910" lon="-75.7910300">
    <ele>1222.6</ele>
   </trkpt>
   <trkpt lat="4.8138910" lon="-75.7910510">
    <ele>1222.5</ele>
   </trkpt>
   <trkpt lat="4.8138910" lon="-75.7910720">
    <ele>1222.5</ele>
   </trkpt>
   <trkpt lat="4.8138920" lon="-75.7910920">
    <ele>1222.4</ele>
   </trkpt>
   <trkpt lat="4.8138920" lon="-75.7911120">
    <ele>1222.4</ele>
   </trkpt>
   <trkpt lat="4.8138910" lon="-75.7911330">
    <ele>1222.3</ele>
   </trkpt>
   <trkpt lat="4.8138890" lon="-75.7911540">
    <ele>1222.2</ele>
   </trkpt>
   <trkpt lat="4.8138860" lon="-75.7911760">
    <ele>1222.2</ele>
   </trkpt>
   <trkpt lat="4.8138830" lon="-75.7911980">
    <ele>1222.1</ele>
   </trkpt>
   <trkpt lat="4.8138810" lon="-75.7912180">
    <ele>1222.0</ele>
   </trkpt>
   <trkpt lat="4.8138790" lon="-75.7912390">
    <ele>1222.0</ele>
   </trkpt>
   <trkpt lat="4.8138770" lon="-75.7912590">
    <ele>1221.9</ele>
   </trkpt>
   <trkpt lat="4.8138750" lon="-75.7912800">
    <ele>1221.8</ele>
   </trkpt>
   <trkpt lat="4.8138740" lon="-75.7913000">
    <ele>1221.7</ele>
   </trkpt>
   <trkpt lat="4.8138730" lon="-75.7913200">
    <ele>1221.6</ele>
   </trkpt>
   <trkpt lat="4.8138710" lon="-75.7913420">
    <ele>1221.5</ele>
   </trkpt>
   <trkpt lat="4.8138700" lon="-75.7913640">
    <ele>1221.4</ele>
   </trkpt>
   <trkpt lat="4.8138680" lon="-75.7913870">
    <ele>1221.3</ele>
   </trkpt>
   <trkpt lat="4.8138670" lon="-75.7914110">
    <ele>1221.2</ele>
   </trkpt>
   <trkpt lat="4.8138660" lon="-75.7914340">
    <ele>1221.1</ele>
   </trkpt>
   <trkpt lat="4.8138640" lon="-75.7914580">
    <ele>1221.0</ele>
   </trkpt>
   <trkpt lat="4.8138630" lon="-75.7914820">
    <ele>1220.8</ele>
   </trkpt>
   <trkpt lat="4.8138620" lon="-75.7915050">
    <ele>1220.7</ele>
   </trkpt>
   <trkpt lat="4.8138600" lon="-75.7915270">
    <ele>1220.6</ele>
   </trkpt>
   <trkpt lat="4.8138590" lon="-75.7915470">
    <ele>1220.5</ele>
   </trkpt>
   <trkpt lat="4.8138570" lon="-75.7915650">
    <ele>1220.4</ele>
   </trkpt>
   <trkpt lat="4.8138540" lon="-75.7915830">
    <ele>1220.3</ele>
   </trkpt>
   <trkpt lat="4.8138520" lon="-75.7916020">
    <ele>1220.2</ele>
   </trkpt>
   <trkpt lat="4.8138500" lon="-75.7916230">
    <ele>1220.1</ele>
   </trkpt>
   <trkpt lat="4.8138480" lon="-75.7916460">
    <ele>1219.9</ele>
   </trkpt>
   <trkpt lat="4.8138470" lon="-75.7916690">
    <ele>1219.8</ele>
   </trkpt>
   <trkpt lat="4.8138460" lon="-75.7916930">
    <ele>1219.6</ele>
   </trkpt>
   <trkpt lat="4.8138450" lon="-75.7917180">
    <ele>1219.5</ele>
   </trkpt>
   <trkpt lat="4.8138440" lon="-75.7917430">
    <ele>1219.3</ele>
   </trkpt>
   <trkpt lat="4.8138430" lon="-75.7917680">
    <ele>1219.2</ele>
   </trkpt>
   <trkpt lat="4.8138420" lon="-75.7917930">
    <ele>1219.0</ele>
   </trkpt>
   <trkpt lat="4.8138420" lon="-75.7918190">
    <ele>1218.9</ele>
   </trkpt>
   <trkpt lat="4.8138410" lon="-75.7918430">
    <ele>1218.7</ele>
   </trkpt>
   <trkpt lat="4.8138400" lon="-75.7918670">
    <ele>1218.5</ele>
   </trkpt>
   <trkpt lat="4.8138390" lon="-75.7918900">
    <ele>1218.4</ele>
   </trkpt>
   <trkpt lat="4.8138380" lon="-75.7919140">
    <ele>1218.2</ele>
   </trkpt>
   <trkpt lat="4.8138370" lon="-75.7919400">
    <ele>1218.1</ele>
   </trkpt>
   <trkpt lat="4.8138350" lon="-75.7919670">
    <ele>1217.9</ele>
   </trkpt>
   <trkpt lat="4.8138340" lon="-75.7919950">
    <ele>1217.7</ele>
   </trkpt>
   <trkpt lat="4.8138320" lon="-75.7920220">
    <ele>1217.6</ele>
   </trkpt>
   <trkpt lat="4.8138300" lon="-75.7920480">
    <ele>1217.5</ele>
   </trkpt>
   <trkpt lat="4.8138280" lon="-75.7920730">
    <ele>1217.3</ele>
   </trkpt>
   <trkpt lat="4.8138260" lon="-75.7920980">
    <ele>1217.2</ele>
   </trkpt>
   <trkpt lat="4.8138240" lon="-75.7921240">
    <ele>1217.1</ele>
   </trkpt>
   <trkpt lat="4.8138230" lon="-75.7921510">
    <ele>1216.9</ele>
   </trkpt>
   <trkpt lat="4.8138210" lon="-75.7921770">
    <ele>1216.8</ele>
   </trkpt>
   <trkpt lat="4.8138190" lon="-75.7922050">
    <ele>1216.6</ele>
   </trkpt>
   <trkpt lat="4.8138170" lon="-75.7922310">
    <ele>1216.5</ele>
   </trkpt>
   <trkpt lat="4.8138160" lon="-75.7922570">
    <ele>1216.4</ele>
   </trkpt>
   <trkpt lat="4.8138140" lon="-75.7922830">
    <ele>1216.2</ele>
   </trkpt>
   <trkpt lat="4.8138130" lon="-75.7923090">
    <ele>1216.1</ele>
   </trkpt>
   <trkpt lat="4.8138110" lon="-75.7923350">
    <ele>1216.0</ele>
   </trkpt>
   <trkpt lat="4.8138100" lon="-75.7923620">
    <ele>1215.9</ele>
   </trkpt>
   <trkpt lat="4.8138080" lon="-75.7923890">
    <ele>1215.8</ele>
   </trkpt>
   <trkpt lat="4.8138070" lon="-75.7924160">
    <ele>1215.7</ele>
   </trkpt>
   <trkpt lat="4.8138050" lon="-75.7924430">
    <ele>1215.6</ele>
   </trkpt>
   <trkpt lat="4.8138040" lon="-75.7924690">
    <ele>1215.5</ele>
   </trkpt>
   <trkpt lat="4.8138020" lon="-75.7924940">
    <ele>1215.4</ele>
   </trkpt>
   <trkpt lat="4.8138010" lon="-75.7925190">
    <ele>1215.3</ele>
   </trkpt>
   <trkpt lat="4.8138000" lon="-75.7925450">
    <ele>1215.2</ele>
   </trkpt>
   <trkpt lat="4.8137990" lon="-75.7925710">
    <ele>1215.1</ele>
   </trkpt>
   <trkpt lat="4.8137980" lon="-75.7925970">
    <ele>1215.1</ele>
   </trkpt>
   <trkpt lat="4.8137970" lon="-75.7926230">
    <ele>1215.0</ele>
   </trkpt>
   <trkpt lat="4.8137960" lon="-75.7926490">
    <ele>1214.9</ele>
   </trkpt>
   <trkpt lat="4.8137950" lon="-75.7926740">
    <ele>1214.8</ele>
   </trkpt>
   <trkpt lat="4.8137930" lon="-75.7926990">
    <ele>1214.7</ele>
   </trkpt>
   <trkpt lat="4.8137920" lon="-75.7927250">
    <ele>1214.6</ele>
   </trkpt>
   <trkpt lat="4.8137900" lon="-75.7927520">
    <ele>1214.5</ele>
   </trkpt>
   <trkpt lat="4.8137890" lon="-75.7927780">
    <ele>1214.4</ele>
   </trkpt>
   <trkpt lat="4.8137870" lon="-75.7928060">
    <ele>1214.3</ele>
   </trkpt>
   <trkpt lat="4.8137860" lon="-75.7928330">
    <ele>1214.2</ele>
   </trkpt>
   <trkpt lat="4.8137840" lon="-75.7928610">
    <ele>1214.1</ele>
   </trkpt>
   <trkpt lat="4.8137810" lon="-75.7928890">
    <ele>1214.0</ele>
   </trkpt>
   <trkpt lat="4.8137780" lon="-75.7929180">
    <ele>1213.9</ele>
   </trkpt>
   <trkpt lat="4.8137750" lon="-75.7929470">
    <ele>1213.8</ele>
   </trkpt>
   <trkpt lat="4.8137750" lon="-75.7929470">
    <ele>1213.8</ele>
   </trkpt>
   <trkpt lat="4.8137720" lon="-75.7929740">
    <ele>1213.8</ele>
   </trkpt>
   <trkpt lat="4.8137700" lon="-75.7930010">
    <ele>1213.7</ele>
   </trkpt>
   <trkpt lat="4.8137680" lon="-75.7930270">
    <ele>1213.7</ele>
   </trkpt>
   <trkpt lat="4.8137650" lon="-75.7930520">
    <ele>1213.6</ele>
   </trkpt>
   <trkpt lat="4.8137630" lon="-75.7930770">
    <ele>1213.6</ele>
   </trkpt>
   <trkpt lat="4.8137600" lon="-75.7931020">
    <ele>1213.5</ele>
   </trkpt>
   <trkpt lat="4.8137560" lon="-75.7931270">
    <ele>1213.5</ele>
   </trkpt>
   <trkpt lat="4.8137530" lon="-75.7931520">
    <ele>1213.5</ele>
   </trkpt>
   <trkpt lat="4.8137490" lon="-75.7931770">
    <ele>1213.4</ele>
   </trkpt>
   <trkpt lat="4.8137450" lon="-75.7932020">
    <ele>1213.4</ele>
   </trkpt>
   <trkpt lat="4.8137410" lon="-75.7932280">
    <ele>1213.4</ele>
   </trkpt>
   <trkpt lat="4.8137370" lon="-75.7932530">
    <ele>1213.4</ele>
   </trkpt>
   <trkpt lat="4.8137330" lon="-75.7932790">
    <ele>1213.4</ele>
   </trkpt>
   <trkpt lat="4.8137300" lon="-75.7933040">
    <ele>1213.3</ele>
   </trkpt>
   <trkpt lat="4.8137260" lon="-75.7933290">
    <ele>1213.3</ele>
   </trkpt>
   <trkpt lat="4.8137220" lon="-75.7933540">
    <ele>1213.3</ele>
   </trkpt>
   <trkpt lat="4.8137180" lon="-75.7933790">
    <ele>1213.3</ele>
   </trkpt>
   <trkpt lat="4.8137140" lon="-75.7934050">
    <ele>1213.3</ele>
   </trkpt>
   <trkpt lat="4.8137110" lon="-75.7934300">
    <ele>1213.3</ele>
   </trkpt>
   <trkpt lat="4.8137070" lon="-75.7934540">
    <ele>1213.3</ele>
   </trkpt>
   <trkpt lat="4.8137040" lon="-75.7934780">
    <ele>1213.3</ele>
   </trkpt>
   <trkpt lat="4.8137000" lon="-75.7935040">
    <ele>1213.3</ele>
   </trkpt>
   <trkpt lat="4.8136960" lon="-75.7935290">
    <ele>1213.3</ele>
   </trkpt>
   <trkpt lat="4.8136920" lon="-75.7935550">
    <ele>1213.3</ele>
   </trkpt>
   <trkpt lat="4.8136880" lon="-75.7935820">
    <ele>1213.4</ele>
   </trkpt>
   <trkpt lat="4.8136840" lon="-75.7936080">
    <ele>1213.4</ele>
   </trkpt>
   <trkpt lat="4.8136810" lon="-75.7936330">
    <ele>1213.4</ele>
   </trkpt>
   <trkpt lat="4.8136770" lon="-75.7936580">
    <ele>1213.4</ele>
   </trkpt>
   <trkpt lat="4.8136730" lon="-75.7936840">
    <ele>1213.4</ele>
   </trkpt>
   <trkpt lat="4.8136690" lon="-75.7937110">
    <ele>1213.5</ele>
   </trkpt>
   <trkpt lat="4.8136650" lon="-75.7937380">
    <ele>1213.5</ele>
   </trkpt>
   <trkpt lat="4.8136610" lon="-75.7937650">
    <ele>1213.5</ele>
   </trkpt>
   <trkpt lat="4.8136570" lon="-75.7937910">
    <ele>1213.5</ele>
   </trkpt>
   <trkpt lat="4.8136530" lon="-75.7938160">
    <ele>1213.4</ele>
   </trkpt>
   <trkpt lat="4.8136490" lon="-75.7938390">
    <ele>1213.4</ele>
   </trkpt>
   <trkpt lat="4.8136450" lon="-75.7938590">
    <ele>1213.4</ele>
   </trkpt>
   <trkpt lat="4.8136420" lon="-75.7938790">
    <ele>1213.4</ele>
   </trkpt>
   <trkpt lat="4.8136390" lon="-75.7938990">
    <ele>1213.3</ele>
   </trkpt>
   <trkpt lat="4.8136360" lon="-75.7939200">
    <ele>1213.3</ele>
   </trkpt>
   <trkpt lat="4.8136330" lon="-75.7939410">
    <ele>1213.3</ele>
   </trkpt>
   <trkpt lat="4.8136290" lon="-75.7939620">
    <ele>1213.2</ele>
   </trkpt>
   <trkpt lat="4.8136250" lon="-75.7939840">
    <ele>1213.2</ele>
   </trkpt>
   <trkpt lat="4.8136210" lon="-75.7940060">
    <ele>1213.2</ele>
   </trkpt>
   <trkpt lat="4.8136180" lon="-75.7940280">
    <ele>1213.2</ele>
   </trkpt>
   <trkpt lat="4.8136140" lon="-75.7940510">
    <ele>1213.1</ele>
   </trkpt>
   <trkpt lat="4.8136100" lon="-75.7940740">
    <ele>1213.1</ele>
   </trkpt>
   <trkpt lat="4.8136060" lon="-75.7940970">
    <ele>1213.1</ele>
   </trkpt>
   <trkpt lat="4.8136020" lon="-75.7941200">
    <ele>1213.0</ele>
   </trkpt>
   <trkpt lat="4.8135980" lon="-75.7941440">
    <ele>1213.0</ele>
   </trkpt>
   <trkpt lat="4.8135930" lon="-75.7941670">
    <ele>1213.0</ele>
   </trkpt>
   <trkpt lat="4.8135890" lon="-75.7941910">
    <ele>1212.9</ele>
   </trkpt>
   <trkpt lat="4.8135860" lon="-75.7942140">
    <ele>1212.9</ele>
   </trkpt>
   <trkpt lat="4.8135820" lon="-75.7942370">
    <ele>1212.9</ele>
   </trkpt>
   <trkpt lat="4.8135780" lon="-75.7942600">
    <ele>1212.8</ele>
   </trkpt>
   <trkpt lat="4.8135740" lon="-75.7942830">
    <ele>1212.8</ele>
   </trkpt>
   <trkpt lat="4.8135700" lon="-75.7943060">
    <ele>1212.7</ele>
   </trkpt>
   <trkpt lat="4.8135660" lon="-75.7943270">
    <ele>1212.7</ele>
   </trkpt>
   <trkpt lat="4.8135620" lon="-75.7943480">
    <ele>1212.7</ele>
   </trkpt>
   <trkpt lat="4.8135580" lon="-75.7943690">
    <ele>1212.6</ele>
   </trkpt>
   <trkpt lat="4.8135540" lon="-75.7943880">
    <ele>1212.6</ele>
   </trkpt>
   <trkpt lat="4.8135500" lon="-75.7944080">
    <ele>1212.6</ele>
   </trkpt>
   <trkpt lat="4.8135460" lon="-75.7944270">
    <ele>1212.5</ele>
   </trkpt>
   <trkpt lat="4.8135420" lon="-75.7944460">
    <ele>1212.5</ele>
   </trkpt>
   <trkpt lat="4.8135380" lon="-75.7944640">
    <ele>1212.5</ele>
   </trkpt>
   <trkpt lat="4.8135340" lon="-75.7944830">
    <ele>1212.4</ele>
   </trkpt>
   <trkpt lat="4.8135310" lon="-75.7945020">
    <ele>1212.4</ele>
   </trkpt>
   <trkpt lat="4.8135280" lon="-75.7945230">
    <ele>1212.4</ele>
   </trkpt>
   <trkpt lat="4.8135240" lon="-75.7945470">
    <ele>1212.3</ele>
   </trkpt>
   <trkpt lat="4.8135210" lon="-75.7945700">
    <ele>1212.3</ele>
   </trkpt>
   <trkpt lat="4.8135180" lon="-75.7945920">
    <ele>1212.2</ele>
   </trkpt>
   <trkpt lat="4.8135150" lon="-75.7946120">
    <ele>1212.2</ele>
   </trkpt>
   <trkpt lat="4.8135120" lon="-75.7946310">
    <ele>1212.2</ele>
   </trkpt>
   <trkpt lat="4.8135090" lon="-75.7946490">
    <ele>1212.1</ele>
   </trkpt>
   <trkpt lat="4.8135060" lon="-75.7946690">
    <ele>1212.1</ele>
   </trkpt>
   <trkpt lat="4.8135040" lon="-75.7946880">
    <ele>1212.1</ele>
   </trkpt>
   <trkpt lat="4.8135010" lon="-75.7947090">
    <ele>1212.0</ele>
   </trkpt>
   <trkpt lat="4.8134980" lon="-75.7947300">
    <ele>1212.0</ele>
   </trkpt>
   <trkpt lat="4.8134950" lon="-75.7947510">
    <ele>1211.9</ele>
   </trkpt>
   <trkpt lat="4.8134920" lon="-75.7947730">
    <ele>1211.9</ele>
   </trkpt>
   <trkpt lat="4.8134890" lon="-75.7947960">
    <ele>1211.9</ele>
   </trkpt>
   <trkpt lat="4.8134850" lon="-75.7948200">
    <ele>1211.8</ele>
   </trkpt>
   <trkpt lat="4.8134810" lon="-75.7948460">
    <ele>1211.8</ele>
   </trkpt>
   <trkpt lat="4.8134780" lon="-75.7948710">
    <ele>1211.8</ele>
   </trkpt>
   <trkpt lat="4.8134740" lon="-75.7948980">
    <ele>1211.7</ele>
   </trkpt>
   <trkpt lat="4.8134700" lon="-75.7949220">
    <ele>1211.7</ele>
   </trkpt>
   <trkpt lat="4.8134660" lon="-75.7949450">
    <ele>1211.6</ele>
   </trkpt>
   <trkpt lat="4.8134630" lon="-75.7949670">
    <ele>1211.6</ele>
   </trkpt>
   <trkpt lat="4.8134590" lon="-75.7949880">
    <ele>1211.6</ele>
   </trkpt>
   <trkpt lat="4.8134550" lon="-75.7950100">
    <ele>1211.5</ele>
   </trkpt>
   <trkpt lat="4.8134510" lon="-75.7950330">
    <ele>1211.5</ele>
   </trkpt>
   <trkpt lat="4.8134460" lon="-75.7950570">
    <ele>1211.5</ele>
   </trkpt>
   <trkpt lat="4.8134420" lon="-75.7950810">
    <ele>1211.5</ele>
   </trkpt>
   <trkpt lat="4.8134370" lon="-75.7951050">
    <ele>1211.5</ele>
   </trkpt>
   <trkpt lat="4.8134320" lon="-75.7951290">
    <ele>1211.4</ele>
   </trkpt>
   <trkpt lat="4.8134280" lon="-75.7951520">
    <ele>1211.4</ele>
   </trkpt>
   <trkpt lat="4.8134230" lon="-75.7951720">
    <ele>1211.4</ele>
   </trkpt>
   <trkpt lat="4.8134190" lon="-75.7951930">
    <ele>1211.4</ele>
   </trkpt>
   <trkpt lat="4.8134150" lon="-75.7952150">
    <ele>1211.3</ele>
   </trkpt>
   <trkpt lat="4.8134110" lon="-75.7952370">
    <ele>1211.3</ele>
   </trkpt>
   <trkpt lat="4.8134070" lon="-75.7952600">
    <ele>1211.3</ele>
   </trkpt>
   <trkpt lat="4.8134020" lon="-75.7952850">
    <ele>1211.3</ele>
   </trkpt>
   <trkpt lat="4.8133980" lon="-75.7953100">
    <ele>1211.2</ele>
   </trkpt>
   <trkpt lat="4.8133940" lon="-75.7953350">
    <ele>1211.2</ele>
   </trkpt>
   <trkpt lat="4.8133900" lon="-75.7953600">
    <ele>1211.2</ele>
   </trkpt>
   <trkpt lat="4.8133850" lon="-75.7953850">
    <ele>1211.2</ele>
   </trkpt>
   <trkpt lat="4.8133820" lon="-75.7954090">
    <ele>1211.1</ele>
   </trkpt>
   <trkpt lat="4.8133780" lon="-75.7954320">
    <ele>1211.1</ele>
   </trkpt>
   <trkpt lat="4.8133750" lon="-75.7954540">
    <ele>1211.1</ele>
   </trkpt>
   <trkpt lat="4.8133720" lon="-75.7954750">
    <ele>1211.1</ele>
   </trkpt>
   <trkpt lat="4.8133700" lon="-75.7954950">
    <ele>1211.1</ele>
   </trkpt>
   <trkpt lat="4.8133670" lon="-75.7955140">
    <ele>1211.0</ele>
   </trkpt>
   <trkpt lat="4.8133640" lon="-75.7955340">
    <ele>1211.0</ele>
   </trkpt>
   <trkpt lat="4.8133610" lon="-75.7955520">
    <ele>1211.0</ele>
   </trkpt>
   <trkpt lat="4.8133580" lon="-75.7955710">
    <ele>1211.0</ele>
   </trkpt>
   <trkpt lat="4.8133550" lon="-75.7955900">
    <ele>1210.9</ele>
   </trkpt>
   <trkpt lat="4.8133520" lon="-75.7956090">
    <ele>1210.9</ele>
   </trkpt>
   <trkpt lat="4.8133480" lon="-75.7956280">
    <ele>1210.9</ele>
   </trkpt>
   <trkpt lat="4.8133440" lon="-75.7956470">
    <ele>1210.9</ele>
   </trkpt>
   <trkpt lat="4.8133400" lon="-75.7956660">
    <ele>1210.8</ele>
   </trkpt>
   <trkpt lat="4.8133370" lon="-75.7956860">
    <ele>1210.8</ele>
   </trkpt>
   <trkpt lat="4.8133330" lon="-75.7957060">
    <ele>1210.8</ele>
   </trkpt>
   <trkpt lat="4.8133290" lon="-75.7957270">
    <ele>1210.8</ele>
   </trkpt>
   <trkpt lat="4.8133250" lon="-75.7957480">
    <ele>1210.7</ele>
   </trkpt>
   <trkpt lat="4.8133220" lon="-75.7957700">
    <ele>1210.7</ele>
   </trkpt>
   <trkpt lat="4.8133180" lon="-75.7957930">
    <ele>1210.7</ele>
   </trkpt>
   <trkpt lat="4.8133140" lon="-75.7958170">
    <ele>1210.7</ele>
   </trkpt>
   <trkpt lat="4.8133090" lon="-75.7958410">
    <ele>1210.7</ele>
   </trkpt>
   <trkpt lat="4.8133050" lon="-75.7958640">
    <ele>1210.7</ele>
   </trkpt>
   <trkpt lat="4.8133010" lon="-75.7958880">
    <ele>1210.6</ele>
   </trkpt>
   <trkpt lat="4.8132980" lon="-75.7959120">
    <ele>1210.6</ele>
   </trkpt>
   <trkpt lat="4.8132940" lon="-75.7959360">
    <ele>1210.6</ele>
   </trkpt>
   <trkpt lat="4.8132920" lon="-75.7959600">
    <ele>1210.6</ele>
   </trkpt>
   <trkpt lat="4.8132890" lon="-75.7959830">
    <ele>1210.6</ele>
   </trkpt>
   <trkpt lat="4.8132850" lon="-75.7960050">
    <ele>1210.6</ele>
   </trkpt>
   <trkpt lat="4.8132820" lon="-75.7960280">
    <ele>1210.5</ele>
   </trkpt>
   <trkpt lat="4.8132780" lon="-75.7960510">
    <ele>1210.5</ele>
   </trkpt>
   <trkpt lat="4.8132730" lon="-75.7960730">
    <ele>1210.5</ele>
   </trkpt>
   <trkpt lat="4.8132670" lon="-75.7960940">
    <ele>1210.5</ele>
   </trkpt>
   <trkpt lat="4.8132610" lon="-75.7961140">
    <ele>1210.5</ele>
   </trkpt>
   <trkpt lat="4.8132590" lon="-75.7961330">
    <ele>1210.5</ele>
   </trkpt>
   <trkpt lat="4.8132570" lon="-75.7961520">
    <ele>1210.5</ele>
   </trkpt>
   <trkpt lat="4.8132560" lon="-75.7961710">
    <ele>1210.5</ele>
   </trkpt>
   <trkpt lat="4.8132570" lon="-75.7961910">
    <ele>1210.5</ele>
   </trkpt>
   <trkpt lat="4.8132540" lon="-75.7962100">
    <ele>1210.5</ele>
   </trkpt>
   <trkpt lat="4.8132510" lon="-75.7962310">
    <ele>1210.5</ele>
   </trkpt>
   <trkpt lat="4.8132480" lon="-75.7962510">
    <ele>1210.5</ele>
   </trkpt>
   <trkpt lat="4.8132450" lon="-75.7962720">
    <ele>1210.6</ele>
   </trkpt>
   <trkpt lat="4.8132410" lon="-75.7962930">
    <ele>1210.6</ele>
   </trkpt>
   <trkpt lat="4.8132370" lon="-75.7963140">
    <ele>1210.7</ele>
   </trkpt>
   <trkpt lat="4.8132340" lon="-75.7963350">
    <ele>1210.7</ele>
   </trkpt>
   <trkpt lat="4.8132300" lon="-75.7963580">
    <ele>1210.7</ele>
   </trkpt>
   <trkpt lat="4.8132260" lon="-75.7963810">
    <ele>1210.8</ele>
   </trkpt>
   <trkpt lat="4.8132220" lon="-75.7964040">
    <ele>1210.9</ele>
   </trkpt>
   <trkpt lat="4.8132180" lon="-75.7964270">
    <ele>1211.0</ele>
   </trkpt>
   <trkpt lat="4.8132140" lon="-75.7964490">
    <ele>1211.0</ele>
   </trkpt>
   <trkpt lat="4.8132100" lon="-75.7964720">
    <ele>1211.1</ele>
   </trkpt>
   <trkpt lat="4.8132060" lon="-75.7964940">
    <ele>1211.2</ele>
   </trkpt>
   <trkpt lat="4.8132020" lon="-75.7965150">
    <ele>1211.3</ele>
   </trkpt>
   <trkpt lat="4.8131990" lon="-75.7965350">
    <ele>1211.4</ele>
   </trkpt>
   <trkpt lat="4.8131960" lon="-75.7965550">
    <ele>1211.5</ele>
   </trkpt>
   <trkpt lat="4.8131930" lon="-75.7965750">
    <ele>1211.6</ele>
   </trkpt>
   <trkpt lat="4.8131900" lon="-75.7965960">
    <ele>1211.7</ele>
   </trkpt>
   <trkpt lat="4.8131860" lon="-75.7966180">
    <ele>1211.8</ele>
   </trkpt>
   <trkpt lat="4.8131830" lon="-75.7966390">
    <ele>1211.9</ele>
   </trkpt>
   <trkpt lat="4.8131800" lon="-75.7966590">
    <ele>1212.0</ele>
   </trkpt>
   <trkpt lat="4.8131780" lon="-75.7966770">
    <ele>1212.1</ele>
   </trkpt>
   <trkpt lat="4.8131760" lon="-75.7966950">
    <ele>1212.2</ele>
   </trkpt>
   <trkpt lat="4.8131750" lon="-75.7967120">
    <ele>1212.4</ele>
   </trkpt>
   <trkpt lat="4.8131700" lon="-75.7967280">
    <ele>1212.5</ele>
   </trkpt>
   <trkpt lat="4.8131660" lon="-75.7967430">
    <ele>1212.6</ele>
   </trkpt>
   <trkpt lat="4.8131610" lon="-75.7967590">
    <ele>1212.7</ele>
   </trkpt>
   <trkpt lat="4.8131560" lon="-75.7967750">
    <ele>1212.8</ele>
   </trkpt>
   <trkpt lat="4.8131540" lon="-75.7967910">
    <ele>1212.9</ele>
   </trkpt>
   <trkpt lat="4.8131520" lon="-75.7968090">
    <ele>1213.0</ele>
   </trkpt>
   <trkpt lat="4.8131500" lon="-75.7968270">
    <ele>1213.1</ele>
   </trkpt>
   <trkpt lat="4.8131480" lon="-75.7968460">
    <ele>1213.2</ele>
   </trkpt>
   <trkpt lat="4.8131460" lon="-75.7968650">
    <ele>1213.3</ele>
   </trkpt>
   <trkpt lat="4.8131430" lon="-75.7968850">
    <ele>1213.5</ele>
   </trkpt>
   <trkpt lat="4.8131390" lon="-75.7969040">
    <ele>1213.6</ele>
   </trkpt>
   <trkpt lat="4.8131350" lon="-75.7969230">
    <ele>1213.7</ele>
   </trkpt>
   <trkpt lat="4.8131310" lon="-75.7969430">
    <ele>1213.9</ele>
   </trkpt>
   <trkpt lat="4.8131270" lon="-75.7969630">
    <ele>1214.0</ele>
   </trkpt>
   <trkpt lat="4.8131240" lon="-75.7969830">
    <ele>1214.1</ele>
   </trkpt>
   <trkpt lat="4.8131200" lon="-75.7970020">
    <ele>1214.2</ele>
   </trkpt>
   <trkpt lat="4.8131160" lon="-75.7970220">
    <ele>1214.4</ele>
   </trkpt>
   <trkpt lat="4.8131130" lon="-75.7970410">
    <ele>1214.5</ele>
   </trkpt>
   <trkpt lat="4.8131090" lon="-75.7970610">
    <ele>1214.6</ele>
   </trkpt>
   <trkpt lat="4.8131060" lon="-75.7970810">
    <ele>1214.8</ele>
   </trkpt>
   <trkpt lat="4.8131030" lon="-75.7971010">
    <ele>1214.9</ele>
   </trkpt>
   <trkpt lat="4.8131000" lon="-75.7971190">
    <ele>1215.0</ele>
   </trkpt>
   <trkpt lat="4.8130980" lon="-75.7971370">
    <ele>1215.1</ele>
   </trkpt>
   <trkpt lat="4.8130950" lon="-75.7971550">
    <ele>1215.2</ele>
   </trkpt>
   <trkpt lat="4.8130930" lon="-75.7971720">
    <ele>1215.3</ele>
   </trkpt>
   <trkpt lat="4.8130910" lon="-75.7971910">
    <ele>1215.4</ele>
   </trkpt>
   <trkpt lat="4.8130880" lon="-75.7972110">
    <ele>1215.5</ele>
   </trkpt>
   <trkpt lat="4.8130870" lon="-75.7972300">
    <ele>1215.6</ele>
   </trkpt>
   <trkpt lat="4.8130850" lon="-75.7972500">
    <ele>1215.7</ele>
   </trkpt>
   <trkpt lat="4.8130830" lon="-75.7972700">
    <ele>1215.7</ele>
   </trkpt>
   <trkpt lat="4.8130820" lon="-75.7972900">
    <ele>1215.8</ele>
   </trkpt>
   <trkpt lat="4.8130810" lon="-75.7973110">
    <ele>1215.9</ele>
   </trkpt>
   <trkpt lat="4.8130800" lon="-75.7973330">
    <ele>1215.9</ele>
   </trkpt>
   <trkpt lat="4.8130790" lon="-75.7973540">
    <ele>1216.0</ele>
   </trkpt>
   <trkpt lat="4.8130780" lon="-75.7973750">
    <ele>1216.0</ele>
   </trkpt>
   <trkpt lat="4.8130780" lon="-75.7973950">
    <ele>1216.0</ele>
   </trkpt>
   <trkpt lat="4.8130770" lon="-75.7974140">
    <ele>1216.1</ele>
   </trkpt>
   <trkpt lat="4.8130770" lon="-75.7974340">
    <ele>1216.1</ele>
   </trkpt>
   <trkpt lat="4.8130760" lon="-75.7974540">
    <ele>1216.1</ele>
   </trkpt>
   <trkpt lat="4.8130760" lon="-75.7974740">
    <ele>1216.1</ele>
   </trkpt>
   <trkpt lat="4.8130750" lon="-75.7974950">
    <ele>1216.1</ele>
   </trkpt>
   <trkpt lat="4.8130740" lon="-75.7975150">
    <ele>1216.1</ele>
   </trkpt>
   <trkpt lat="4.8130740" lon="-75.7975350">
    <ele>1216.0</ele>
   </trkpt>
   <trkpt lat="4.8130740" lon="-75.7975550">
    <ele>1216.0</ele>
   </trkpt>
   <trkpt lat="4.8130740" lon="-75.7975750">
    <ele>1216.0</ele>
   </trkpt>
   <trkpt lat="4.8130750" lon="-75.7975950">
    <ele>1216.0</ele>
   </trkpt>
   <trkpt lat="4.8130760" lon="-75.7976140">
    <ele>1215.9</ele>
   </trkpt>
   <trkpt lat="4.8130760" lon="-75.7976320">
    <ele>1215.9</ele>
   </trkpt>
   <trkpt lat="4.8130760" lon="-75.7976470">
    <ele>1215.9</ele>
   </trkpt>
   <trkpt lat="4.8130750" lon="-75.7976590">
    <ele>1215.8</ele>
   </trkpt>
   <trkpt lat="4.8130770" lon="-75.7976700">
    <ele>1215.8</ele>
   </trkpt>
   <trkpt lat="4.8130790" lon="-75.7976810">
    <ele>1215.8</ele>
   </trkpt>
   <trkpt lat="4.8130810" lon="-75.7976910">
    <ele>1215.8</ele>
   </trkpt>
   <trkpt lat="4.8130840" lon="-75.7977020">
    <ele>1215.8</ele>
   </trkpt>
   <trkpt lat="4.8130830" lon="-75.7977140">
    <ele>1215.7</ele>
   </trkpt>
   <trkpt lat="4.8130830" lon="-75.7977260">
    <ele>1215.7</ele>
   </trkpt>
   <trkpt lat="4.8130830" lon="-75.7977410">
    <ele>1215.7</ele>
   </trkpt>
   <trkpt lat="4.8130830" lon="-75.7977560">
    <ele>1215.6</ele>
   </trkpt>
   <trkpt lat="4.8130830" lon="-75.7977740">
    <ele>1215.6</ele>
   </trkpt>
   <trkpt lat="4.8130830" lon="-75.7977940">
    <ele>1215.6</ele>
   </trkpt>
   <trkpt lat="4.8130830" lon="-75.7978160">
    <ele>1215.5</ele>
   </trkpt>
   <trkpt lat="4.8130840" lon="-75.7978380">
    <ele>1215.5</ele>
   </trkpt>
   <trkpt lat="4.8130850" lon="-75.7978610">
    <ele>1215.4</ele>
   </trkpt>
   <trkpt lat="4.8130860" lon="-75.7978850">
    <ele>1215.4</ele>
   </trkpt>
   <trkpt lat="4.8130880" lon="-75.7979080">
    <ele>1215.3</ele>
   </trkpt>
   <trkpt lat="4.8130890" lon="-75.7979320">
    <ele>1215.3</ele>
   </trkpt>
   <trkpt lat="4.8130910" lon="-75.7979550">
    <ele>1215.2</ele>
   </trkpt>
   <trkpt lat="4.8130930" lon="-75.7979790">
    <ele>1215.2</ele>
   </trkpt>
   <trkpt lat="4.8130950" lon="-75.7980010">
    <ele>1215.1</ele>
   </trkpt>
   <trkpt lat="4.8130980" lon="-75.7980230">
    <ele>1215.1</ele>
   </trkpt>
   <trkpt lat="4.8131000" lon="-75.7980450">
    <ele>1215.0</ele>
   </trkpt>
   <trkpt lat="4.8131030" lon="-75.7980670">
    <ele>1215.0</ele>
   </trkpt>
   <trkpt lat="4.8131060" lon="-75.7980890">
    <ele>1215.0</ele>
   </trkpt>
   <trkpt lat="4.8131100" lon="-75.7981110">
    <ele>1214.9</ele>
   </trkpt>
   <trkpt lat="4.8131140" lon="-75.7981340">
    <ele>1214.9</ele>
   </trkpt>
   <trkpt lat="4.8131170" lon="-75.7981550">
    <ele>1214.9</ele>
   </trkpt>
   <trkpt lat="4.8131210" lon="-75.7981770">
    <ele>1214.8</ele>
   </trkpt>
   <trkpt lat="4.8131250" lon="-75.7981990">
    <ele>1214.8</ele>
   </trkpt>
   <trkpt lat="4.8131250" lon="-75.7982220">
    <ele>1214.8</ele>
   </trkpt>
   <trkpt lat="4.8131250" lon="-75.7982440">
    <ele>1214.7</ele>
   </trkpt>
   <trkpt lat="4.8131240" lon="-75.7982660">
    <ele>1214.7</ele>
   </trkpt>
   <trkpt lat="4.8131220" lon="-75.7982880">
    <ele>1214.7</ele>
   </trkpt>
   <trkpt lat="4.8131250" lon="-75.7983100">
    <ele>1214.7</ele>
   </trkpt>
   <trkpt lat="4.8131270" lon="-75.7983320">
    <ele>1214.6</ele>
   </trkpt>
   <trkpt lat="4.8131300" lon="-75.7983550">
    <ele>1214.6</ele>
   </trkpt>
   <trkpt lat="4.8131340" lon="-75.7983790">
    <ele>1214.6</ele>
   </trkpt>
   <trkpt lat="4.8131380" lon="-75.7984020">
    <ele>1214.6</ele>
   </trkpt>
   <trkpt lat="4.8131420" lon="-75.7984260">
    <ele>1214.5</ele>
   </trkpt>
   <trkpt lat="4.8131460" lon="-75.7984500">
    <ele>1214.5</ele>
   </trkpt>
   <trkpt lat="4.8131510" lon="-75.7984730">
    <ele>1214.5</ele>
   </trkpt>
   <trkpt lat="4.8131550" lon="-75.7984970">
    <ele>1214.5</ele>
   </trkpt>
   <trkpt lat="4.8131590" lon="-75.7985200">
    <ele>1214.4</ele>
   </trkpt>
   <trkpt lat="4.8131640" lon="-75.7985440">
    <ele>1214.4</ele>
   </trkpt>
   <trkpt lat="4.8131680" lon="-75.7985680">
    <ele>1214.4</ele>
   </trkpt>
   <trkpt lat="4.8131720" lon="-75.7985920">
    <ele>1214.4</ele>
   </trkpt>
   <trkpt lat="4.8131770" lon="-75.7986150">
    <ele>1214.4</ele>
   </trkpt>
   <trkpt lat="4.8131820" lon="-75.7986390">
    <ele>1214.3</ele>
   </trkpt>
   <trkpt lat="4.8131870" lon="-75.7986630">
    <ele>1214.3</ele>
   </trkpt>
   <trkpt lat="4.8131920" lon="-75.7986870">
    <ele>1214.3</ele>
   </trkpt>
   <trkpt lat="4.8131950" lon="-75.7987110">
    <ele>1214.3</ele>
   </trkpt>
   <trkpt lat="4.8131990" lon="-75.7987350">
    <ele>1214.3</ele>
   </trkpt>
   <trkpt lat="4.8132020" lon="-75.7987590">
    <ele>1214.2</ele>
   </trkpt>
   <trkpt lat="4.8132050" lon="-75.7987830">
    <ele>1214.2</ele>
   </trkpt>
   <trkpt lat="4.8132080" lon="-75.7988060">
    <ele>1214.2</ele>
   </trkpt>
   <trkpt lat="4.8132120" lon="-75.7988290">
    <ele>1214.2</ele>
   </trkpt>
   <trkpt lat="4.8132160" lon="-75.7988510">
    <ele>1214.2</ele>
   </trkpt>
   <trkpt lat="4.8132200" lon="-75.7988740">
    <ele>1214.1</ele>
   </trkpt>
   <trkpt lat="4.8132250" lon="-75.7988960">
    <ele>1214.1</ele>
   </trkpt>
   <trkpt lat="4.8132300" lon="-75.7989170">
    <ele>1214.1</ele>
   </trkpt>
   <trkpt lat="4.8132350" lon="-75.7989390">
    <ele>1214.1</ele>
   </trkpt>
   <trkpt lat="4.8132400" lon="-75.7989610">
    <ele>1214.1</ele>
   </trkpt>
   <trkpt lat="4.8132450" lon="-75.7989820">
    <ele>1214.0</ele>
   </trkpt>
   <trkpt lat="4.8132490" lon="-75.7990030">
    <ele>1214.0</ele>
   </trkpt>
   <trkpt lat="4.8132520" lon="-75.7990230">
    <ele>1214.0</ele>
   </trkpt>
   <trkpt lat="4.8132550" lon="-75.7990420">
    <ele>1214.0</ele>
   </trkpt>
   <trkpt lat="4.8132580" lon="-75.7990620">
    <ele>1214.0</ele>
   </trkpt>
   <trkpt lat="4.8132610" lon="-75.7990820">
    <ele>1214.0</ele>
   </trkpt>
   <trkpt lat="4.8132640" lon="-75.7991040">
    <ele>1214.0</ele>
   </trkpt>
   <trkpt lat="4.8132680" lon="-75.7991270">
    <ele>1213.9</ele>
   </trkpt>
   <trkpt lat="4.8132720" lon="-75.7991510">
    <ele>1213.9</ele>
   </trkpt>
   <trkpt lat="4.8132750" lon="-75.7991740">
    <ele>1213.9</ele>
   </trkpt>
   <trkpt lat="4.8132790" lon="-75.7991980">
    <ele>1213.9</ele>
   </trkpt>
   <trkpt lat="4.8132830" lon="-75.7992230">
    <ele>1213.9</ele>
   </trkpt>
   <trkpt lat="4.8132870" lon="-75.7992470">
    <ele>1213.9</ele>
   </trkpt>
   <trkpt lat="4.8132910" lon="-75.7992720">
    <ele>1213.9</ele>
   </trkpt>
   <trkpt lat="4.8132950" lon="-75.7992970">
    <ele>1213.9</ele>
   </trkpt>
   <trkpt lat="4.8132990" lon="-75.7993200">
    <ele>1213.9</ele>
   </trkpt>
   <trkpt lat="4.8133040" lon="-75.7993440">
    <ele>1213.9</ele>
   </trkpt>
   <trkpt lat="4.8133080" lon="-75.7993660">
    <ele>1213.9</ele>
   </trkpt>
   <trkpt lat="4.8133130" lon="-75.7993890">
    <ele>1213.9</ele>
   </trkpt>
   <trkpt lat="4.8133170" lon="-75.7994120">
    <ele>1213.9</ele>
   </trkpt>
   <trkpt lat="4.8133220" lon="-75.7994350">
    <ele>1213.9</ele>
   </trkpt>
   <trkpt lat="4.8133270" lon="-75.7994580">
    <ele>1213.9</ele>
   </trkpt>
   <trkpt lat="4.8133320" lon="-75.7994810">
    <ele>1213.9</ele>
   </trkpt>
   <trkpt lat="4.8133370" lon="-75.7995040">
    <ele>1213.9</ele>
   </trkpt>
   <trkpt lat="4.8133420" lon="-75.7995270">
    <ele>1213.9</ele>
   </trkpt>
   <trkpt lat="4.8133470" lon="-75.7995510">
    <ele>1213.8</ele>
   </trkpt>
   <trkpt lat="4.8133530" lon="-75.7995760">
    <ele>1213.8</ele>
   </trkpt>
   <trkpt lat="4.8133580" lon="-75.7996000">
    <ele>1213.8</ele>
   </trkpt>
   <trkpt lat="4.8133630" lon="-75.7996260">
    <ele>1213.8</ele>
   </trkpt>
   <trkpt lat="4.8133680" lon="-75.7996500">
    <ele>1213.8</ele>
   </trkpt>
   <trkpt lat="4.8133740" lon="-75.7996750">
    <ele>1213.8</ele>
   </trkpt>
   <trkpt lat="4.8133780" lon="-75.7996990">
    <ele>1213.8</ele>
   </trkpt>
   <trkpt lat="4.8133830" lon="-75.7997220">
    <ele>1213.8</ele>
   </trkpt>
   <trkpt lat="4.8133870" lon="-75.7997420">
    <ele>1213.8</ele>
   </trkpt>
   <trkpt lat="4.8133900" lon="-75.7997620">
    <ele>1213.8</ele>
   </trkpt>
   <trkpt lat="4.8133930" lon="-75.7997810">
    <ele>1213.8</ele>
   </trkpt>
   <trkpt lat="4.8133960" lon="-75.7998000">
    <ele>1213.8</ele>
   </trkpt>
   <trkpt lat="4.8133990" lon="-75.7998200">
    <ele>1213.8</ele>
   </trkpt>
   <trkpt lat="4.8134020" lon="-75.7998400">
    <ele>1213.8</ele>
   </trkpt>
   <trkpt lat="4.8134050" lon="-75.7998610">
    <ele>1213.8</ele>
   </trkpt>
   <trkpt lat="4.8134090" lon="-75.7998810">
    <ele>1213.7</ele>
   </trkpt>
   <trkpt lat="4.8134130" lon="-75.7998990">
    <ele>1213.7</ele>
   </trkpt>
   <trkpt lat="4.8134160" lon="-75.7999180">
    <ele>1213.7</ele>
   </trkpt>
   <trkpt lat="4.8134190" lon="-75.7999370">
    <ele>1213.7</ele>
   </trkpt>
   <trkpt lat="4.8134220" lon="-75.7999570">
    <ele>1213.7</ele>
   </trkpt>
   <trkpt lat="4.8134250" lon="-75.7999790">
    <ele>1213.7</ele>
   </trkpt>
   <trkpt lat="4.8134280" lon="-75.8000010">
    <ele>1213.7</ele>
   </trkpt>
   <trkpt lat="4.8134310" lon="-75.8000240">
    <ele>1213.7</ele>
   </trkpt>
   <trkpt lat="4.8134340" lon="-75.8000470">
    <ele>1213.7</ele>
   </trkpt>
   <trkpt lat="4.8134370" lon="-75.8000700">
    <ele>1213.7</ele>
   </trkpt>
   <trkpt lat="4.8134400" lon="-75.8000930">
    <ele>1213.6</ele>
   </trkpt>
   <trkpt lat="4.8134430" lon="-75.8001160">
    <ele>1213.6</ele>
   </trkpt>
   <trkpt lat="4.8134460" lon="-75.8001400">
    <ele>1213.6</ele>
   </trkpt>
   <trkpt lat="4.8134500" lon="-75.8001640">
    <ele>1213.6</ele>
   </trkpt>
   <trkpt lat="4.8134540" lon="-75.8001880">
    <ele>1213.5</ele>
   </trkpt>
   <trkpt lat="4.8134570" lon="-75.8002110">
    <ele>1213.5</ele>
   </trkpt>
   <trkpt lat="4.8134610" lon="-75.8002340">
    <ele>1213.5</ele>
   </trkpt>
   <trkpt lat="4.8134650" lon="-75.8002570">
    <ele>1213.5</ele>
   </trkpt>
   <trkpt lat="4.8134690" lon="-75.8002790">
    <ele>1213.5</ele>
   </trkpt>
   <trkpt lat="4.8134730" lon="-75.8003020">
    <ele>1213.4</ele>
   </trkpt>
   <trkpt lat="4.8134770" lon="-75.8003240">
    <ele>1213.4</ele>
   </trkpt>
   <trkpt lat="4.8134810" lon="-75.8003460">
    <ele>1213.4</ele>
   </trkpt>
   <trkpt lat="4.8134850" lon="-75.8003680">
    <ele>1213.4</ele>
   </trkpt>
   <trkpt lat="4.8134890" lon="-75.8003880">
    <ele>1213.4</ele>
   </trkpt>
   <trkpt lat="4.8134920" lon="-75.8004070">
    <ele>1213.4</ele>
   </trkpt>
   <trkpt lat="4.8134960" lon="-75.8004260">
    <ele>1213.4</ele>
   </trkpt>
   <trkpt lat="4.8134990" lon="-75.8004450">
    <ele>1213.3</ele>
   </trkpt>
   <trkpt lat="4.8135020" lon="-75.8004650">
    <ele>1213.3</ele>
   </trkpt>
   <trkpt lat="4.8135060" lon="-75.8004850">
    <ele>1213.3</ele>
   </trkpt>
   <trkpt lat="4.8135090" lon="-75.8005060">
    <ele>1213.3</ele>
   </trkpt>
   <trkpt lat="4.8135130" lon="-75.8005270">
    <ele>1213.3</ele>
   </trkpt>
   <trkpt lat="4.8135160" lon="-75.8005490">
    <ele>1213.3</ele>
   </trkpt>
   <trkpt lat="4.8135200" lon="-75.8005710">
    <ele>1213.3</ele>
   </trkpt>
   <trkpt lat="4.8135240" lon="-75.8005950">
    <ele>1213.3</ele>
   </trkpt>
   <trkpt lat="4.8135290" lon="-75.8006190">
    <ele>1213.3</ele>
   </trkpt>
   <trkpt lat="4.8135330" lon="-75.8006430">
    <ele>1213.3</ele>
   </trkpt>
   <trkpt lat="4.8135380" lon="-75.8006680">
    <ele>1213.3</ele>
   </trkpt>
   <trkpt lat="4.8135420" lon="-75.8006920">
    <ele>1213.3</ele>
   </trkpt>
   <trkpt lat="4.8135470" lon="-75.8007160">
    <ele>1213.3</ele>
   </trkpt>
   <trkpt lat="4.8135510" lon="-75.8007380">
    <ele>1213.3</ele>
   </trkpt>
   <trkpt lat="4.8135550" lon="-75.8007580">
    <ele>1213.3</ele>
   </trkpt>
   <trkpt lat="4.8135590" lon="-75.8007770">
    <ele>1213.3</ele>
   </trkpt>
   <trkpt lat="4.8135620" lon="-75.8007940">
    <ele>1213.3</ele>
   </trkpt>
   <trkpt lat="4.8135650" lon="-75.8008110">
    <ele>1213.3</ele>
   </trkpt>
   <trkpt lat="4.8135680" lon="-75.8008290">
    <ele>1213.3</ele>
   </trkpt>
   <trkpt lat="4.8135700" lon="-75.8008480">
    <ele>1213.3</ele>
   </trkpt>
   <trkpt lat="4.8135720" lon="-75.8008680">
    <ele>1213.3</ele>
   </trkpt>
   <trkpt lat="4.8135740" lon="-75.8008890">
    <ele>1213.3</ele>
   </trkpt>
   <trkpt lat="4.8135760" lon="-75.8009100">
    <ele>1213.3</ele>
   </trkpt>
   <trkpt lat="4.8135780" lon="-75.8009310">
    <ele>1213.3</ele>
   </trkpt>
   <trkpt lat="4.8135790" lon="-75.8009520">
    <ele>1213.3</ele>
   </trkpt>
   <trkpt lat="4.8135810" lon="-75.8009730">
    <ele>1213.3</ele>
   </trkpt>
   <trkpt lat="4.8135830" lon="-75.8009930">
    <ele>1213.3</ele>
   </trkpt>
   <trkpt lat="4.8135850" lon="-75.8010120">
    <ele>1213.3</ele>
   </trkpt>
   <trkpt lat="4.8135870" lon="-75.8010300">
    <ele>1213.3</ele>
   </trkpt>
   <trkpt lat="4.8135890" lon="-75.8010480">
    <ele>1213.3</ele>
   </trkpt>
   <trkpt lat="4.8135910" lon="-75.8010660">
    <ele>1213.3</ele>
   </trkpt>
   <trkpt lat="4.8135930" lon="-75.8010860">
    <ele>1213.3</ele>
   </trkpt>
   <trkpt lat="4.8135960" lon="-75.8011080">
    <ele>1213.3</ele>
   </trkpt>
   <trkpt lat="4.8135980" lon="-75.8011300">
    <ele>1213.3</ele>
   </trkpt>
   <trkpt lat="4.8136030" lon="-75.8011520">
    <ele>1213.3</ele>
   </trkpt>
   <trkpt lat="4.8136070" lon="-75.8011740">
    <ele>1213.3</ele>
   </trkpt>
   <trkpt lat="4.8136120" lon="-75.8011970">
    <ele>1213.4</ele>
   </trkpt>
   <trkpt lat="4.8136170" lon="-75.8012200">
    <ele>1213.4</ele>
   </trkpt>
   <trkpt lat="4.8136220" lon="-75.8012440">
    <ele>1213.4</ele>
   </trkpt>
   <trkpt lat="4.8136260" lon="-75.8012680">
    <ele>1213.4</ele>
   </trkpt>
   <trkpt lat="4.8136300" lon="-75.8012920">
    <ele>1213.4</ele>
   </trkpt>
   <trkpt lat="4.8136340" lon="-75.8013150">
    <ele>1213.4</ele>
   </trkpt>
   <trkpt lat="4.8136380" lon="-75.8013380">
    <ele>1213.4</ele>
   </trkpt>
   <trkpt lat="4.8136420" lon="-75.8013600">
    <ele>1213.4</ele>
   </trkpt>
   <trkpt lat="4.8136460" lon="-75.8013830">
    <ele>1213.5</ele>
   </trkpt>
   <trkpt lat="4.8136500" lon="-75.8014050">
    <ele>1213.5</ele>
   </trkpt>
   <trkpt lat="4.8136530" lon="-75.8014270">
    <ele>1213.5</ele>
   </trkpt>
   <trkpt lat="4.8136570" lon="-75.8014490">
    <ele>1213.5</ele>
   </trkpt>
   <trkpt lat="4.8136610" lon="-75.8014710">
    <ele>1213.5</ele>
   </trkpt>
   <trkpt lat="4.8136650" lon="-75.8014940">
    <ele>1213.5</ele>
   </trkpt>
   <trkpt lat="4.8136680" lon="-75.8015170">
    <ele>1213.6</ele>
   </trkpt>
   <trkpt lat="4.8136720" lon="-75.8015410">
    <ele>1213.6</ele>
   </trkpt>
   <trkpt lat="4.8136760" lon="-75.8015650">
    <ele>1213.6</ele>
   </trkpt>
   <trkpt lat="4.8136800" lon="-75.8015900">
    <ele>1213.6</ele>
   </trkpt>
   <trkpt lat="4.8136840" lon="-75.8016140">
    <ele>1213.7</ele>
   </trkpt>
   <trkpt lat="4.8136890" lon="-75.8016380">
    <ele>1213.7</ele>
   </trkpt>
   <trkpt lat="4.8136930" lon="-75.8016620">
    <ele>1213.7</ele>
   </trkpt>
   <trkpt lat="4.8136970" lon="-75.8016870">
    <ele>1213.8</ele>
   </trkpt>
   <trkpt lat="4.8137010" lon="-75.8017110">
    <ele>1213.8</ele>
   </trkpt>
   <trkpt lat="4.8137050" lon="-75.8017350">
    <ele>1213.7</ele>
   </trkpt>
   <trkpt lat="4.8137090" lon="-75.8017570">
    <ele>1213.7</ele>
   </trkpt>
   <trkpt lat="4.8137120" lon="-75.8017760">
    <ele>1213.7</ele>
   </trkpt>
   <trkpt lat="4.8137140" lon="-75.8017910">
    <ele>1213.7</ele>
   </trkpt>
   <trkpt lat="4.8137170" lon="-75.8018060">
    <ele>1213.7</ele>
   </trkpt>
   <trkpt lat="4.8137190" lon="-75.8018210">
    <ele>1213.7</ele>
   </trkpt>
   <trkpt lat="4.8137240" lon="-75.8018390">
    <ele>1213.7</ele>
   </trkpt>
   <trkpt lat="4.8137280" lon="-75.8018590">
    <ele>1213.7</ele>
   </trkpt>
   <trkpt lat="4.8137320" lon="-75.8018800">
    <ele>1213.7</ele>
   </trkpt>
   <trkpt lat="4.8137370" lon="-75.8019020">
    <ele>1213.7</ele>
   </trkpt>
   <trkpt lat="4.8137410" lon="-75.8019240">
    <ele>1213.7</ele>
   </trkpt>
   <trkpt lat="4.8137450" lon="-75.8019460">
    <ele>1213.7</ele>
   </trkpt>
   <trkpt lat="4.8137490" lon="-75.8019680">
    <ele>1213.7</ele>
   </trkpt>
   <trkpt lat="4.8137530" lon="-75.8019900">
    <ele>1213.7</ele>
   </trkpt>
   <trkpt lat="4.8137570" lon="-75.8020110">
    <ele>1213.7</ele>
   </trkpt>
   <trkpt lat="4.8137600" lon="-75.8020340">
    <ele>1213.7</ele>
   </trkpt>
   <trkpt lat="4.8137640" lon="-75.8020560">
    <ele>1213.7</ele>
   </trkpt>
   <trkpt lat="4.8137670" lon="-75.8020790">
    <ele>1213.7</ele>
   </trkpt>
   <trkpt lat="4.8137700" lon="-75.8021020">
    <ele>1213.7</ele>
   </trkpt>
   <trkpt lat="4.8137740" lon="-75.8021240">
    <ele>1213.8</ele>
   </trkpt>
   <trkpt lat="4.8137770" lon="-75.8021460">
    <ele>1213.8</ele>
   </trkpt>
   <trkpt lat="4.8137810" lon="-75.8021670">
    <ele>1213.8</ele>
   </trkpt>
   <trkpt lat="4.8137840" lon="-75.8021880">
    <ele>1213.8</ele>
   </trkpt>
   <trkpt lat="4.8137870" lon="-75.8022090">
    <ele>1213.8</ele>
   </trkpt>
   <trkpt lat="4.8137910" lon="-75.8022300">
    <ele>1213.8</ele>
   </trkpt>
   <trkpt lat="4.8137940" lon="-75.8022510">
    <ele>1213.8</ele>
   </trkpt>
   <trkpt lat="4.8137980" lon="-75.8022720">
    <ele>1213.8</ele>
   </trkpt>
   <trkpt lat="4.8138020" lon="-75.8022930">
    <ele>1213.8</ele>
   </trkpt>
   <trkpt lat="4.8138050" lon="-75.8023140">
    <ele>1213.8</ele>
   </trkpt>
   <trkpt lat="4.8138090" lon="-75.8023350">
    <ele>1213.9</ele>
   </trkpt>
   <trkpt lat="4.8138130" lon="-75.8023570">
    <ele>1213.9</ele>
   </trkpt>
   <trkpt lat="4.8138170" lon="-75.8023780">
    <ele>1213.9</ele>
   </trkpt>
   <trkpt lat="4.8138220" lon="-75.8024010">
    <ele>1213.9</ele>
   </trkpt>
   <trkpt lat="4.8138270" lon="-75.8024240">
    <ele>1213.9</ele>
   </trkpt>
   <trkpt lat="4.8138320" lon="-75.8024470">
    <ele>1213.9</ele>
   </trkpt>
   <trkpt lat="4.8138370" lon="-75.8024710">
    <ele>1213.9</ele>
   </trkpt>
   <trkpt lat="4.8138430" lon="-75.8024940">
    <ele>1213.9</ele>
   </trkpt>
   <trkpt lat="4.8138480" lon="-75.8025180">
    <ele>1213.9</ele>
   </trkpt>
   <trkpt lat="4.8138530" lon="-75.8025410">
    <ele>1213.9</ele>
   </trkpt>
   <trkpt lat="4.8138590" lon="-75.8025640">
    <ele>1213.9</ele>
   </trkpt>
   <trkpt lat="4.8138640" lon="-75.8025870">
    <ele>1213.9</ele>
   </trkpt>
   <trkpt lat="4.8138680" lon="-75.8026080">
    <ele>1213.9</ele>
   </trkpt>
   <trkpt lat="4.8138730" lon="-75.8026280">
    <ele>1214.0</ele>
   </trkpt>
   <trkpt lat="4.8138770" lon="-75.8026460">
    <ele>1214.0</ele>
   </trkpt>
   <trkpt lat="4.8138800" lon="-75.8026620">
    <ele>1214.0</ele>
   </trkpt>
   <trkpt lat="4.8138820" lon="-75.8026750">
    <ele>1214.0</ele>
   </trkpt>
   <trkpt lat="4.8138840" lon="-75.8026880">
    <ele>1214.0</ele>
   </trkpt>
   <trkpt lat="4.8138850" lon="-75.8027010">
    <ele>1214.0</ele>
   </trkpt>
   <trkpt lat="4.8138870" lon="-75.8027160">
    <ele>1214.0</ele>
   </trkpt>
   <trkpt lat="4.8138890" lon="-75.8027330">
    <ele>1214.0</ele>
   </trkpt>
   <trkpt lat="4.8138910" lon="-75.8027520">
    <ele>1214.0</ele>
   </trkpt>
   <trkpt lat="4.8138940" lon="-75.8027730">
    <ele>1214.0</ele>
   </trkpt>
   <trkpt lat="4.8138970" lon="-75.8027940">
    <ele>1214.1</ele>
   </trkpt>
   <trkpt lat="4.8139000" lon="-75.8028150">
    <ele>1214.1</ele>
   </trkpt>
   <trkpt lat="4.8139040" lon="-75.8028370">
    <ele>1214.1</ele>
   </trkpt>
   <trkpt lat="4.8139070" lon="-75.8028580">
    <ele>1214.1</ele>
   </trkpt>
   <trkpt lat="4.8139100" lon="-75.8028790">
    <ele>1214.1</ele>
   </trkpt>
   <trkpt lat="4.8139130" lon="-75.8028990">
    <ele>1214.1</ele>
   </trkpt>
   <trkpt lat="4.8139170" lon="-75.8029210">
    <ele>1214.1</ele>
   </trkpt>
   <trkpt lat="4.8139200" lon="-75.8029420">
    <ele>1214.2</ele>
   </trkpt>
   <trkpt lat="4.8139240" lon="-75.8029630">
    <ele>1214.2</ele>
   </trkpt>
   <trkpt lat="4.8139270" lon="-75.8029850">
    <ele>1214.2</ele>
   </trkpt>
   <trkpt lat="4.8139300" lon="-75.8030060">
    <ele>1214.2</ele>
   </trkpt>
   <trkpt lat="4.8139330" lon="-75.8030260">
    <ele>1214.2</ele>
   </trkpt>
   <trkpt lat="4.8139360" lon="-75.8030460">
    <ele>1214.2</ele>
   </trkpt>
   <trkpt lat="4.8139390" lon="-75.8030650">
    <ele>1214.2</ele>
   </trkpt>
   <trkpt lat="4.8139410" lon="-75.8030850">
    <ele>1214.3</ele>
   </trkpt>
   <trkpt lat="4.8139440" lon="-75.8031040">
    <ele>1214.3</ele>
   </trkpt>
   <trkpt lat="4.8139460" lon="-75.8031240">
    <ele>1214.3</ele>
   </trkpt>
   <trkpt lat="4.8139490" lon="-75.8031430">
    <ele>1214.3</ele>
   </trkpt>
   <trkpt lat="4.8139510" lon="-75.8031630">
    <ele>1214.3</ele>
   </trkpt>
   <trkpt lat="4.8139540" lon="-75.8031840">
    <ele>1214.3</ele>
   </trkpt>
   <trkpt lat="4.8139570" lon="-75.8032060">
    <ele>1214.3</ele>
   </trkpt>
   <trkpt lat="4.8139590" lon="-75.8032280">
    <ele>1214.3</ele>
   </trkpt>
   <trkpt lat="4.8139620" lon="-75.8032500">
    <ele>1214.3</ele>
   </trkpt>
   <trkpt lat="4.8139650" lon="-75.8032720">
    <ele>1214.3</ele>
   </trkpt>
   <trkpt lat="4.8139680" lon="-75.8032930">
    <ele>1214.3</ele>
   </trkpt>
   <trkpt lat="4.8139720" lon="-75.8033140">
    <ele>1214.3</ele>
   </trkpt>
   <trkpt lat="4.8139750" lon="-75.8033350">
    <ele>1214.3</ele>
   </trkpt>
   <trkpt lat="4.8139790" lon="-75.8033560">
    <ele>1214.3</ele>
   </trkpt>
   <trkpt lat="4.8139820" lon="-75.8033780">
    <ele>1214.3</ele>
   </trkpt>
   <trkpt lat="4.8139860" lon="-75.8034000">
    <ele>1214.4</ele>
   </trkpt>
   <trkpt lat="4.8139900" lon="-75.8034220">
    <ele>1214.4</ele>
   </trkpt>
   <trkpt lat="4.8139940" lon="-75.8034450">
    <ele>1214.4</ele>
   </trkpt>
   <trkpt lat="4.8139980" lon="-75.8034670">
    <ele>1214.4</ele>
   </trkpt>
   <trkpt lat="4.8140020" lon="-75.8034890">
    <ele>1214.4</ele>
   </trkpt>
   <trkpt lat="4.8140050" lon="-75.8035110">
    <ele>1214.5</ele>
   </trkpt>
   <trkpt lat="4.8140090" lon="-75.8035330">
    <ele>1214.5</ele>
   </trkpt>
   <trkpt lat="4.8140130" lon="-75.8035560">
    <ele>1214.5</ele>
   </trkpt>
   <trkpt lat="4.8140170" lon="-75.8035780">
    <ele>1214.6</ele>
   </trkpt>
   <trkpt lat="4.8140200" lon="-75.8035980">
    <ele>1214.6</ele>
   </trkpt>
   <trkpt lat="4.8140240" lon="-75.8036160">
    <ele>1214.6</ele>
   </trkpt>
   <trkpt lat="4.8140270" lon="-75.8036330">
    <ele>1214.6</ele>
   </trkpt>
   <trkpt lat="4.8140290" lon="-75.8036480">
    <ele>1214.6</ele>
   </trkpt>
   <trkpt lat="4.8140320" lon="-75.8036650">
    <ele>1214.7</ele>
   </trkpt>
   <trkpt lat="4.8140340" lon="-75.8036830">
    <ele>1214.7</ele>
   </trkpt>
   <trkpt lat="4.8140360" lon="-75.8037020">
    <ele>1214.7</ele>
   </trkpt>
   <trkpt lat="4.8140370" lon="-75.8037210">
    <ele>1214.7</ele>
   </trkpt>
   <trkpt lat="4.8140380" lon="-75.8037420">
    <ele>1214.8</ele>
   </trkpt>
   <trkpt lat="4.8140400" lon="-75.8037620">
    <ele>1214.8</ele>
   </trkpt>
   <trkpt lat="4.8140410" lon="-75.8037830">
    <ele>1214.8</ele>
   </trkpt>
   <trkpt lat="4.8140420" lon="-75.8038050">
    <ele>1214.8</ele>
   </trkpt>
   <trkpt lat="4.8140430" lon="-75.8038270">
    <ele>1214.8</ele>
   </trkpt>
   <trkpt lat="4.8140450" lon="-75.8038480">
    <ele>1214.8</ele>
   </trkpt>
   <trkpt lat="4.8140460" lon="-75.8038690">
    <ele>1214.8</ele>
   </trkpt>
   <trkpt lat="4.8140470" lon="-75.8038900">
    <ele>1214.8</ele>
   </trkpt>
   <trkpt lat="4.8140490" lon="-75.8039120">
    <ele>1214.9</ele>
   </trkpt>
   <trkpt lat="4.8140500" lon="-75.8039330">
    <ele>1214.9</ele>
   </trkpt>
   <trkpt lat="4.8140510" lon="-75.8039550">
    <ele>1214.9</ele>
   </trkpt>
   <trkpt lat="4.8140530" lon="-75.8039780">
    <ele>1214.9</ele>
   </trkpt>
   <trkpt lat="4.8140540" lon="-75.8040000">
    <ele>1214.8</ele>
   </trkpt>
   <trkpt lat="4.8140560" lon="-75.8040220">
    <ele>1214.8</ele>
   </trkpt>
   <trkpt lat="4.8140580" lon="-75.8040420">
    <ele>1214.8</ele>
   </trkpt>
   <trkpt lat="4.8140590" lon="-75.8040620">
    <ele>1214.8</ele>
   </trkpt>
   <trkpt lat="4.8140590" lon="-75.8040810">
    <ele>1214.8</ele>
   </trkpt>
   <trkpt lat="4.8140580" lon="-75.8041020">
    <ele>1214.8</ele>
   </trkpt>
   <trkpt lat="4.8140560" lon="-75.8041230">
    <ele>1214.8</ele>
   </trkpt>
   <trkpt lat="4.8140540" lon="-75.8041450">
    <ele>1214.8</ele>
   </trkpt>
   <trkpt lat="4.8140520" lon="-75.8041670">
    <ele>1214.7</ele>
   </trkpt>
   <trkpt lat="4.8140490" lon="-75.8041890">
    <ele>1214.7</ele>
   </trkpt>
   <trkpt lat="4.8140460" lon="-75.8042110">
    <ele>1214.7</ele>
   </trkpt>
   <trkpt lat="4.8140430" lon="-75.8042330">
    <ele>1214.7</ele>
   </trkpt>
   <trkpt lat="4.8140400" lon="-75.8042560">
    <ele>1214.7</ele>
   </trkpt>
   <trkpt lat="4.8140380" lon="-75.8042780">
    <ele>1214.7</ele>
   </trkpt>
   <trkpt lat="4.8140350" lon="-75.8042990">
    <ele>1214.7</ele>
   </trkpt>
   <trkpt lat="4.8140320" lon="-75.8043200">
    <ele>1214.8</ele>
   </trkpt>
   <trkpt lat="4.8140280" lon="-75.8043420">
    <ele>1214.8</ele>
   </trkpt>
   <trkpt lat="4.8140250" lon="-75.8043640">
    <ele>1214.8</ele>
   </trkpt>
   <trkpt lat="4.8140220" lon="-75.8043860">
    <ele>1214.8</ele>
   </trkpt>
   <trkpt lat="4.8140180" lon="-75.8044100">
    <ele>1214.8</ele>
   </trkpt>
   <trkpt lat="4.8140150" lon="-75.8044320">
    <ele>1214.8</ele>
   </trkpt>
   <trkpt lat="4.8140110" lon="-75.8044530">
    <ele>1214.8</ele>
   </trkpt>
   <trkpt lat="4.8140080" lon="-75.8044730">
    <ele>1214.9</ele>
   </trkpt>
   <trkpt lat="4.8140070" lon="-75.8044920">
    <ele>1214.9</ele>
   </trkpt>
   <trkpt lat="4.8140050" lon="-75.8045110">
    <ele>1214.9</ele>
   </trkpt>
   <trkpt lat="4.8140040" lon="-75.8045300">
    <ele>1214.9</ele>
   </trkpt>
   <trkpt lat="4.8140030" lon="-75.8045490">
    <ele>1214.9</ele>
   </trkpt>
   <trkpt lat="4.8140010" lon="-75.8045680">
    <ele>1215.0</ele>
   </trkpt>
   <trkpt lat="4.8139990" lon="-75.8045880">
    <ele>1215.0</ele>
   </trkpt>
   <trkpt lat="4.8139960" lon="-75.8046100">
    <ele>1215.0</ele>
   </trkpt>
   <trkpt lat="4.8139940" lon="-75.8046310">
    <ele>1215.0</ele>
   </trkpt>
   <trkpt lat="4.8139910" lon="-75.8046520">
    <ele>1215.1</ele>
   </trkpt>
   <trkpt lat="4.8139880" lon="-75.8046730">
    <ele>1215.1</ele>
   </trkpt>
   <trkpt lat="4.8139840" lon="-75.8046920">
    <ele>1215.1</ele>
   </trkpt>
   <trkpt lat="4.8139810" lon="-75.8047120">
    <ele>1215.1</ele>
   </trkpt>
   <trkpt lat="4.8139770" lon="-75.8047320">
    <ele>1215.2</ele>
   </trkpt>
   <trkpt lat="4.8139730" lon="-75.8047530">
    <ele>1215.2</ele>
   </trkpt>
   <trkpt lat="4.8139690" lon="-75.8047740">
    <ele>1215.2</ele>
   </trkpt>
   <trkpt lat="4.8139650" lon="-75.8047960">
    <ele>1215.3</ele>
   </trkpt>
   <trkpt lat="4.8139590" lon="-75.8048180">
    <ele>1215.3</ele>
   </trkpt>
   <trkpt lat="4.8139530" lon="-75.8048390">
    <ele>1215.3</ele>
   </trkpt>
   <trkpt lat="4.8139470" lon="-75.8048600">
    <ele>1215.4</ele>
   </trkpt>
   <trkpt lat="4.8139420" lon="-75.8048800">
    <ele>1215.4</ele>
   </trkpt>
   <trkpt lat="4.8139370" lon="-75.8048990">
    <ele>1215.4</ele>
   </trkpt>
   <trkpt lat="4.8139330" lon="-75.8049180">
    <ele>1215.4</ele>
   </trkpt>
   <trkpt lat="4.8139290" lon="-75.8049360">
    <ele>1215.4</ele>
   </trkpt>
   <trkpt lat="4.8139240" lon="-75.8049560">
    <ele>1215.5</ele>
   </trkpt>
   <trkpt lat="4.8139200" lon="-75.8049760">
    <ele>1215.5</ele>
   </trkpt>
   <trkpt lat="4.8139150" lon="-75.8049970">
    <ele>1215.5</ele>
   </trkpt>
   <trkpt lat="4.8139090" lon="-75.8050180">
    <ele>1215.6</ele>
   </trkpt>
   <trkpt lat="4.8139040" lon="-75.8050380">
    <ele>1215.6</ele>
   </trkpt>
   <trkpt lat="4.8138980" lon="-75.8050590">
    <ele>1215.6</ele>
   </trkpt>
   <trkpt lat="4.8138920" lon="-75.8050780">
    <ele>1215.7</ele>
   </trkpt>
   <trkpt lat="4.8138850" lon="-75.8050970">
    <ele>1215.7</ele>
   </trkpt>
   <trkpt lat="4.8138790" lon="-75.8051150">
    <ele>1215.8</ele>
   </trkpt>
   <trkpt lat="4.8138720" lon="-75.8051340">
    <ele>1215.8</ele>
   </trkpt>
   <trkpt lat="4.8138650" lon="-75.8051530">
    <ele>1215.8</ele>
   </trkpt>
   <trkpt lat="4.8138570" lon="-75.8051730">
    <ele>1215.9</ele>
   </trkpt>
   <trkpt lat="4.8138490" lon="-75.8051920">
    <ele>1215.9</ele>
   </trkpt>
   <trkpt lat="4.8138410" lon="-75.8052110">
    <ele>1215.9</ele>
   </trkpt>
   <trkpt lat="4.8138320" lon="-75.8052290">
    <ele>1216.0</ele>
   </trkpt>
   <trkpt lat="4.8138240" lon="-75.8052470">
    <ele>1216.0</ele>
   </trkpt>
   <trkpt lat="4.8138150" lon="-75.8052660">
    <ele>1216.1</ele>
   </trkpt>
   <trkpt lat="4.8138060" lon="-75.8052850">
    <ele>1216.1</ele>
   </trkpt>
   <trkpt lat="4.8137970" lon="-75.8053040">
    <ele>1216.1</ele>
   </trkpt>
   <trkpt lat="4.8137870" lon="-75.8053240">
    <ele>1216.2</ele>
   </trkpt>
   <trkpt lat="4.8137780" lon="-75.8053430">
    <ele>1216.2</ele>
   </trkpt>
   <trkpt lat="4.8137680" lon="-75.8053620">
    <ele>1216.2</ele>
   </trkpt>
   <trkpt lat="4.8137590" lon="-75.8053820">
    <ele>1216.3</ele>
   </trkpt>
   <trkpt lat="4.8137500" lon="-75.8054010">
    <ele>1216.3</ele>
   </trkpt>
   <trkpt lat="4.8137400" lon="-75.8054200">
    <ele>1216.4</ele>
   </trkpt>
   <trkpt lat="4.8137310" lon="-75.8054410">
    <ele>1216.4</ele>
   </trkpt>
   <trkpt lat="4.8137210" lon="-75.8054610">
    <ele>1216.5</ele>
   </trkpt>
   <trkpt lat="4.8137120" lon="-75.8054820">
    <ele>1216.5</ele>
   </trkpt>
   <trkpt lat="4.8137020" lon="-75.8055030">
    <ele>1216.6</ele>
   </trkpt>
   <trkpt lat="4.8136930" lon="-75.8055230">
    <ele>1216.7</ele>
   </trkpt>
   <trkpt lat="4.8136830" lon="-75.8055440">
    <ele>1216.7</ele>
   </trkpt>
   <trkpt lat="4.8136730" lon="-75.8055650">
    <ele>1216.8</ele>
   </trkpt>
   <trkpt lat="4.8136630" lon="-75.8055870">
    <ele>1216.9</ele>
   </trkpt>
   <trkpt lat="4.8136540" lon="-75.8056100">
    <ele>1217.0</ele>
   </trkpt>
   <trkpt lat="4.8136440" lon="-75.8056320">
    <ele>1217.1</ele>
   </trkpt>
   <trkpt lat="4.8136340" lon="-75.8056540">
    <ele>1217.2</ele>
   </trkpt>
   <trkpt lat="4.8136240" lon="-75.8056760">
    <ele>1217.3</ele>
   </trkpt>
   <trkpt lat="4.8136120" lon="-75.8056980">
    <ele>1217.4</ele>
   </trkpt>
   <trkpt lat="4.8136010" lon="-75.8057200">
    <ele>1217.5</ele>
   </trkpt>
   <trkpt lat="4.8135890" lon="-75.8057400">
    <ele>1217.6</ele>
   </trkpt>
   <trkpt lat="4.8135780" lon="-75.8057600">
    <ele>1217.6</ele>
   </trkpt>
   <trkpt lat="4.8135670" lon="-75.8057770">
    <ele>1217.7</ele>
   </trkpt>
   <trkpt lat="4.8135560" lon="-75.8057930">
    <ele>1217.8</ele>
   </trkpt>
   <trkpt lat="4.8135440" lon="-75.8058100">
    <ele>1217.9</ele>
   </trkpt>
   <trkpt lat="4.8135320" lon="-75.8058260">
    <ele>1217.9</ele>
   </trkpt>
   <trkpt lat="4.8135190" lon="-75.8058430">
    <ele>1218.0</ele>
   </trkpt>
   <trkpt lat="4.8135060" lon="-75.8058610">
    <ele>1218.1</ele>
   </trkpt>
   <trkpt lat="4.8134930" lon="-75.8058780">
    <ele>1218.2</ele>
   </trkpt>
   <trkpt lat="4.8134800" lon="-75.8058960">
    <ele>1218.2</ele>
   </trkpt>
   <trkpt lat="4.8134670" lon="-75.8059140">
    <ele>1218.3</ele>
   </trkpt>
   <trkpt lat="4.8134550" lon="-75.8059310">
    <ele>1218.4</ele>
   </trkpt>
   <trkpt lat="4.8134420" lon="-75.8059480">
    <ele>1218.5</ele>
   </trkpt>
   <trkpt lat="4.8134290" lon="-75.8059650">
    <ele>1218.6</ele>
   </trkpt>
   <trkpt lat="4.8134170" lon="-75.8059830">
    <ele>1218.6</ele>
   </trkpt>
   <trkpt lat="4.8134040" lon="-75.8059990">
    <ele>1218.7</ele>
   </trkpt>
   <trkpt lat="4.8133910" lon="-75.8060160">
    <ele>1218.8</ele>
   </trkpt>
   <trkpt lat="4.8133780" lon="-75.8060330">
    <ele>1218.9</ele>
   </trkpt>
   <trkpt lat="4.8133650" lon="-75.8060510">
    <ele>1219.0</ele>
   </trkpt>
   <trkpt lat="4.8133500" lon="-75.8060690">
    <ele>1219.1</ele>
   </trkpt>
   <trkpt lat="4.8133360" lon="-75.8060870">
    <ele>1219.1</ele>
   </trkpt>
   <trkpt lat="4.8133220" lon="-75.8061040">
    <ele>1219.2</ele>
   </trkpt>
   <trkpt lat="4.8133090" lon="-75.8061210">
    <ele>1219.3</ele>
   </trkpt>
   <trkpt lat="4.8132950" lon="-75.8061380">
    <ele>1219.4</ele>
   </trkpt>
   <trkpt lat="4.8132820" lon="-75.8061560">
    <ele>1219.5</ele>
   </trkpt>
   <trkpt lat="4.8132680" lon="-75.8061740">
    <ele>1219.6</ele>
   </trkpt>
   <trkpt lat="4.8132540" lon="-75.8061910">
    <ele>1219.7</ele>
   </trkpt>
   <trkpt lat="4.8132400" lon="-75.8062090">
    <ele>1219.8</ele>
   </trkpt>
   <trkpt lat="4.8132260" lon="-75.8062270">
    <ele>1219.8</ele>
   </trkpt>
   <trkpt lat="4.8132130" lon="-75.8062430">
    <ele>1219.9</ele>
   </trkpt>
   <trkpt lat="4.8132000" lon="-75.8062590">
    <ele>1220.0</ele>
   </trkpt>
   <trkpt lat="4.8131880" lon="-75.8062740">
    <ele>1220.1</ele>
   </trkpt>
   <trkpt lat="4.8131770" lon="-75.8062880">
    <ele>1220.2</ele>
   </trkpt>
   <trkpt lat="4.8131660" lon="-75.8063020">
    <ele>1220.3</ele>
   </trkpt>
   <trkpt lat="4.8131550" lon="-75.8063160">
    <ele>1220.3</ele>
   </trkpt>
   <trkpt lat="4.8131430" lon="-75.8063310">
    <ele>1220.4</ele>
   </trkpt>
   <trkpt lat="4.8131310" lon="-75.8063460">
    <ele>1220.5</ele>
   </trkpt>
   <trkpt lat="4.8131190" lon="-75.8063610">
    <ele>1220.6</ele>
   </trkpt>
   <trkpt lat="4.8131060" lon="-75.8063760">
    <ele>1220.7</ele>
   </trkpt>
   <trkpt lat="4.8130950" lon="-75.8063910">
    <ele>1220.8</ele>
   </trkpt>
   <trkpt lat="4.8130830" lon="-75.8064050">
    <ele>1220.8</ele>
   </trkpt>
   <trkpt lat="4.8130720" lon="-75.8064190">
    <ele>1220.9</ele>
   </trkpt>
   <trkpt lat="4.8130610" lon="-75.8064340">
    <ele>1221.0</ele>
   </trkpt>
   <trkpt lat="4.8130490" lon="-75.8064490">
    <ele>1221.1</ele>
   </trkpt>
   <trkpt lat="4.8130370" lon="-75.8064640">
    <ele>1221.1</ele>
   </trkpt>
   <trkpt lat="4.8130250" lon="-75.8064800">
    <ele>1221.2</ele>
   </trkpt>
   <trkpt lat="4.8130140" lon="-75.8064950">
    <ele>1221.3</ele>
   </trkpt>
   <trkpt lat="4.8130020" lon="-75.8065110">
    <ele>1221.4</ele>
   </trkpt>
   <trkpt lat="4.8129910" lon="-75.8065280">
    <ele>1221.4</ele>
   </trkpt>
   <trkpt lat="4.8129790" lon="-75.8065440">
    <ele>1221.5</ele>
   </trkpt>
   <trkpt lat="4.8129670" lon="-75.8065610">
    <ele>1221.5</ele>
   </trkpt>
   <trkpt lat="4.8129550" lon="-75.8065770">
    <ele>1221.6</ele>
   </trkpt>
   <trkpt lat="4.8129430" lon="-75.8065930">
    <ele>1221.7</ele>
   </trkpt>
   <trkpt lat="4.8129310" lon="-75.8066090">
    <ele>1221.7</ele>
   </trkpt>
   <trkpt lat="4.8129180" lon="-75.8066260">
    <ele>1221.7</ele>
   </trkpt>
   <trkpt lat="4.8129050" lon="-75.8066430">
    <ele>1221.8</ele>
   </trkpt>
   <trkpt lat="4.8128910" lon="-75.8066610">
    <ele>1221.8</ele>
   </trkpt>
   <trkpt lat="4.8128760" lon="-75.8066800">
    <ele>1221.8</ele>
   </trkpt>
   <trkpt lat="4.8128630" lon="-75.8066970">
    <ele>1221.9</ele>
   </trkpt>
   <trkpt lat="4.8128500" lon="-75.8067140">
    <ele>1221.9</ele>
   </trkpt>
   <trkpt lat="4.8128390" lon="-75.8067290">
    <ele>1221.9</ele>
   </trkpt>
   <trkpt lat="4.8128270" lon="-75.8067440">
    <ele>1221.9</ele>
   </trkpt>
   <trkpt lat="4.8128150" lon="-75.8067600">
    <ele>1221.9</ele>
   </trkpt>
   <trkpt lat="4.8128010" lon="-75.8067780">
    <ele>1221.9</ele>
   </trkpt>
   <trkpt lat="4.8127860" lon="-75.8067970">
    <ele>1221.9</ele>
   </trkpt>
   <trkpt lat="4.8127710" lon="-75.8068170">
    <ele>1221.8</ele>
   </trkpt>
   <trkpt lat="4.8127570" lon="-75.8068360">
    <ele>1221.8</ele>
   </trkpt>
   <trkpt lat="4.8127420" lon="-75.8068550">
    <ele>1221.8</ele>
   </trkpt>
   <trkpt lat="4.8127270" lon="-75.8068740">
    <ele>1221.8</ele>
   </trkpt>
   <trkpt lat="4.8127120" lon="-75.8068930">
    <ele>1221.7</ele>
   </trkpt>
   <trkpt lat="4.8126980" lon="-75.8069120">
    <ele>1221.7</ele>
   </trkpt>
   <trkpt lat="4.8126850" lon="-75.8069290">
    <ele>1221.7</ele>
   </trkpt>
   <trkpt lat="4.8126740" lon="-75.8069460">
    <ele>1221.6</ele>
   </trkpt>
   <trkpt lat="4.8126620" lon="-75.8069650">
    <ele>1221.6</ele>
   </trkpt>
   <trkpt lat="4.8126500" lon="-75.8069830">
    <ele>1221.6</ele>
   </trkpt>
   <trkpt lat="4.8126370" lon="-75.8070030">
    <ele>1221.5</ele>
   </trkpt>
   <trkpt lat="4.8126230" lon="-75.8070220">
    <ele>1221.5</ele>
   </trkpt>
   <trkpt lat="4.8126100" lon="-75.8070410">
    <ele>1221.4</ele>
   </trkpt>
   <trkpt lat="4.8125970" lon="-75.8070590">
    <ele>1221.3</ele>
   </trkpt>
   <trkpt lat="4.8125850" lon="-75.8070760">
    <ele>1221.2</ele>
   </trkpt>
   <trkpt lat="4.8125720" lon="-75.8070930">
    <ele>1221.2</ele>
   </trkpt>
   <trkpt lat="4.8125590" lon="-75.8071100">
    <ele>1221.1</ele>
   </trkpt>
   <trkpt lat="4.8125450" lon="-75.8071290">
    <ele>1221.0</ele>
   </trkpt>
   <trkpt lat="4.8125300" lon="-75.8071490">
    <ele>1220.9</ele>
   </trkpt>
   <trkpt lat="4.8125140" lon="-75.8071700">
    <ele>1220.8</ele>
   </trkpt>
   <trkpt lat="4.8124990" lon="-75.8071910">
    <ele>1220.7</ele>
   </trkpt>
   <trkpt lat="4.8124820" lon="-75.8072120">
    <ele>1220.5</ele>
   </trkpt>
   <trkpt lat="4.8124660" lon="-75.8072340">
    <ele>1220.4</ele>
   </trkpt>
   <trkpt lat="4.8124490" lon="-75.8072550">
    <ele>1220.3</ele>
   </trkpt>
   <trkpt lat="4.8124320" lon="-75.8072760">
    <ele>1220.2</ele>
   </trkpt>
   <trkpt lat="4.8124140" lon="-75.8072970">
    <ele>1220.0</ele>
   </trkpt>
   <trkpt lat="4.8123950" lon="-75.8073190">
    <ele>1219.9</ele>
   </trkpt>
   <trkpt lat="4.8123770" lon="-75.8073420">
    <ele>1219.7</ele>
   </trkpt>
   <trkpt lat="4.8123600" lon="-75.8073650">
    <ele>1219.6</ele>
   </trkpt>
   <trkpt lat="4.8123440" lon="-75.8073860">
    <ele>1219.4</ele>
   </trkpt>
   <trkpt lat="4.8123300" lon="-75.8074050">
    <ele>1219.3</ele>
   </trkpt>
   <trkpt lat="4.8123170" lon="-75.8074230">
    <ele>1219.1</ele>
   </trkpt>
   <trkpt lat="4.8123040" lon="-75.8074410">
    <ele>1219.0</ele>
   </trkpt>
   <trkpt lat="4.8122900" lon="-75.8074590">
    <ele>1218.9</ele>
   </trkpt>
   <trkpt lat="4.8122760" lon="-75.8074780">
    <ele>1218.7</ele>
   </trkpt>
   <trkpt lat="4.8122610" lon="-75.8074980">
    <ele>1218.6</ele>
   </trkpt>
   <trkpt lat="4.8122460" lon="-75.8075180">
    <ele>1218.4</ele>
   </trkpt>
   <trkpt lat="4.8122300" lon="-75.8075390">
    <ele>1218.3</ele>
   </trkpt>
   <trkpt lat="4.8122140" lon="-75.8075600">
    <ele>1218.1</ele>
   </trkpt>
   <trkpt lat="4.8121990" lon="-75.8075800">
    <ele>1217.9</ele>
   </trkpt>
   <trkpt lat="4.8121840" lon="-75.8076000">
    <ele>1217.8</ele>
   </trkpt>
   <trkpt lat="4.8121680" lon="-75.8076200">
    <ele>1217.6</ele>
   </trkpt>
   <trkpt lat="4.8121530" lon="-75.8076400">
    <ele>1217.4</ele>
   </trkpt>
   <trkpt lat="4.8121380" lon="-75.8076590">
    <ele>1217.3</ele>
   </trkpt>
   <trkpt lat="4.8121230" lon="-75.8076800">
    <ele>1217.1</ele>
   </trkpt>
   <trkpt lat="4.8121090" lon="-75.8077000">
    <ele>1217.0</ele>
   </trkpt>
   <trkpt lat="4.8120960" lon="-75.8077200">
    <ele>1216.9</ele>
   </trkpt>
   <trkpt lat="4.8120840" lon="-75.8077390">
    <ele>1216.7</ele>
   </trkpt>
   <trkpt lat="4.8120700" lon="-75.8077570">
    <ele>1216.6</ele>
   </trkpt>
   <trkpt lat="4.8120580" lon="-75.8077750">
    <ele>1216.5</ele>
   </trkpt>
   <trkpt lat="4.8120450" lon="-75.8077910">
    <ele>1216.4</ele>
   </trkpt>
   <trkpt lat="4.8120340" lon="-75.8078060">
    <ele>1216.3</ele>
   </trkpt>
   <trkpt lat="4.8120230" lon="-75.8078200">
    <ele>1216.2</ele>
   </trkpt>
   <trkpt lat="4.8120110" lon="-75.8078350">
    <ele>1216.1</ele>
   </trkpt>
   <trkpt lat="4.8119990" lon="-75.8078510">
    <ele>1216.0</ele>
   </trkpt>
   <trkpt lat="4.8119850" lon="-75.8078690">
    <ele>1215.9</ele>
   </trkpt>
   <trkpt lat="4.8119710" lon="-75.8078880">
    <ele>1215.8</ele>
   </trkpt>
   <trkpt lat="4.8119560" lon="-75.8079080">
    <ele>1215.7</ele>
   </trkpt>
   <trkpt lat="4.8119410" lon="-75.8079280">
    <ele>1215.6</ele>
   </trkpt>
   <trkpt lat="4.8119260" lon="-75.8079490">
    <ele>1215.5</ele>
   </trkpt>
   <trkpt lat="4.8119100" lon="-75.8079700">
    <ele>1215.4</ele>
   </trkpt>
   <trkpt lat="4.8118940" lon="-75.8079920">
    <ele>1215.3</ele>
   </trkpt>
   <trkpt lat="4.8118780" lon="-75.8080140">
    <ele>1215.2</ele>
   </trkpt>
   <trkpt lat="4.8118630" lon="-75.8080350">
    <ele>1215.2</ele>
   </trkpt>
   <trkpt lat="4.8118470" lon="-75.8080550">
    <ele>1215.1</ele>
   </trkpt>
   <trkpt lat="4.8118310" lon="-75.8080740">
    <ele>1215.0</ele>
   </trkpt>
   <trkpt lat="4.8118150" lon="-75.8080940">
    <ele>1214.9</ele>
   </trkpt>
   <trkpt lat="4.8117990" lon="-75.8081140">
    <ele>1214.9</ele>
   </trkpt>
   <trkpt lat="4.8117850" lon="-75.8081340">
    <ele>1214.8</ele>
   </trkpt>
   <trkpt lat="4.8117700" lon="-75.8081550">
    <ele>1214.7</ele>
   </trkpt>
   <trkpt lat="4.8117550" lon="-75.8081750">
    <ele>1214.7</ele>
   </trkpt>
   <trkpt lat="4.8117410" lon="-75.8081960">
    <ele>1214.6</ele>
   </trkpt>
   <trkpt lat="4.8117260" lon="-75.8082170">
    <ele>1214.5</ele>
   </trkpt>
   <trkpt lat="4.8117120" lon="-75.8082380">
    <ele>1214.5</ele>
   </trkpt>
   <trkpt lat="4.8116970" lon="-75.8082590">
    <ele>1214.4</ele>
   </trkpt>
   <trkpt lat="4.8116820" lon="-75.8082800">
    <ele>1214.4</ele>
   </trkpt>
   <trkpt lat="4.8116680" lon="-75.8083000">
    <ele>1214.3</ele>
   </trkpt>
   <trkpt lat="4.8116530" lon="-75.8083210">
    <ele>1214.2</ele>
   </trkpt>
   <trkpt lat="4.8116380" lon="-75.8083420">
    <ele>1214.2</ele>
   </trkpt>
   <trkpt lat="4.8116230" lon="-75.8083640">
    <ele>1214.1</ele>
   </trkpt>
   <trkpt lat="4.8116070" lon="-75.8083860">
    <ele>1214.1</ele>
   </trkpt>
   <trkpt lat="4.8115920" lon="-75.8084080">
    <ele>1214.1</ele>
   </trkpt>
   <trkpt lat="4.8115770" lon="-75.8084290">
    <ele>1214.0</ele>
   </trkpt>
   <trkpt lat="4.8115620" lon="-75.8084500">
    <ele>1214.0</ele>
   </trkpt>
   <trkpt lat="4.8115470" lon="-75.8084700">
    <ele>1213.9</ele>
   </trkpt>
   <trkpt lat="4.8115320" lon="-75.8084900">
    <ele>1213.9</ele>
   </trkpt>
   <trkpt lat="4.8115180" lon="-75.8085100">
    <ele>1213.9</ele>
   </trkpt>
   <trkpt lat="4.8115030" lon="-75.8085300">
    <ele>1213.8</ele>
   </trkpt>
   <trkpt lat="4.8114890" lon="-75.8085490">
    <ele>1213.8</ele>
   </trkpt>
   <trkpt lat="4.8114750" lon="-75.8085680">
    <ele>1213.8</ele>
   </trkpt>
   <trkpt lat="4.8114610" lon="-75.8085860">
    <ele>1213.7</ele>
   </trkpt>
   <trkpt lat="4.8114460" lon="-75.8086050">
    <ele>1213.7</ele>
   </trkpt>
   <trkpt lat="4.8114320" lon="-75.8086240">
    <ele>1213.7</ele>
   </trkpt>
   <trkpt lat="4.8114180" lon="-75.8086430">
    <ele>1213.6</ele>
   </trkpt>
   <trkpt lat="4.8114040" lon="-75.8086620">
    <ele>1213.6</ele>
   </trkpt>
   <trkpt lat="4.8113900" lon="-75.8086810">
    <ele>1213.6</ele>
   </trkpt>
   <trkpt lat="4.8113760" lon="-75.8086990">
    <ele>1213.6</ele>
   </trkpt>
   <trkpt lat="4.8113630" lon="-75.8087170">
    <ele>1213.6</ele>
   </trkpt>
   <trkpt lat="4.8113490" lon="-75.8087350">
    <ele>1213.6</ele>
   </trkpt>
   <trkpt lat="4.8113350" lon="-75.8087520">
    <ele>1213.5</ele>
   </trkpt>
   <trkpt lat="4.8113210" lon="-75.8087710">
    <ele>1213.5</ele>
   </trkpt>
   <trkpt lat="4.8113060" lon="-75.8087900">
    <ele>1213.5</ele>
   </trkpt>
   <trkpt lat="4.8112910" lon="-75.8088100">
    <ele>1213.5</ele>
   </trkpt>
   <trkpt lat="4.8112760" lon="-75.8088290">
    <ele>1213.4</ele>
   </trkpt>
   <trkpt lat="4.8112610" lon="-75.8088490">
    <ele>1213.4</ele>
   </trkpt>
   <trkpt lat="4.8112470" lon="-75.8088670">
    <ele>1213.4</ele>
   </trkpt>
   <trkpt lat="4.8112340" lon="-75.8088830">
    <ele>1213.3</ele>
   </trkpt>
   <trkpt lat="4.8112230" lon="-75.8088970">
    <ele>1213.3</ele>
   </trkpt>
   <trkpt lat="4.8112140" lon="-75.8089080">
    <ele>1213.3</ele>
   </trkpt>
   <trkpt lat="4.8112060" lon="-75.8089170">
    <ele>1213.3</ele>
   </trkpt>
   <trkpt lat="4.8111980" lon="-75.8089280">
    <ele>1213.3</ele>
   </trkpt>
   <trkpt lat="4.8111880" lon="-75.8089400">
    <ele>1213.2</ele>
   </trkpt>
   <trkpt lat="4.8111780" lon="-75.8089540">
    <ele>1213.2</ele>
   </trkpt>
   <trkpt lat="4.8111660" lon="-75.8089690">
    <ele>1213.2</ele>
   </trkpt>
   <trkpt lat="4.8111550" lon="-75.8089830">
    <ele>1213.2</ele>
   </trkpt>
   <trkpt lat="4.8111450" lon="-75.8089970">
    <ele>1213.2</ele>
   </trkpt>
   <trkpt lat="4.8111340" lon="-75.8090110">
    <ele>1213.1</ele>
   </trkpt>
   <trkpt lat="4.8111220" lon="-75.8090270">
    <ele>1213.1</ele>
   </trkpt>
   <trkpt lat="4.8111090" lon="-75.8090430">
    <ele>1213.1</ele>
   </trkpt>
   <trkpt lat="4.8110960" lon="-75.8090590">
    <ele>1213.1</ele>
   </trkpt>
   <trkpt lat="4.8110840" lon="-75.8090750">
    <ele>1213.0</ele>
   </trkpt>
   <trkpt lat="4.8110710" lon="-75.8090920">
    <ele>1213.0</ele>
   </trkpt>
   <trkpt lat="4.8110580" lon="-75.8091080">
    <ele>1213.0</ele>
   </trkpt>
   <trkpt lat="4.8110450" lon="-75.8091250">
    <ele>1213.0</ele>
   </trkpt>
   <trkpt lat="4.8110320" lon="-75.8091420">
    <ele>1212.9</ele>
   </trkpt>
   <trkpt lat="4.8110190" lon="-75.8091590">
    <ele>1212.9</ele>
   </trkpt>
   <trkpt lat="4.8110050" lon="-75.8091780">
    <ele>1212.9</ele>
   </trkpt>
   <trkpt lat="4.8109910" lon="-75.8091970">
    <ele>1212.8</ele>
   </trkpt>
   <trkpt lat="4.8109760" lon="-75.8092180">
    <ele>1212.8</ele>
   </trkpt>
   <trkpt lat="4.8109610" lon="-75.8092390">
    <ele>1212.7</ele>
   </trkpt>
   <trkpt lat="4.8109460" lon="-75.8092590">
    <ele>1212.7</ele>
   </trkpt>
   <trkpt lat="4.8109320" lon="-75.8092790">
    <ele>1212.7</ele>
   </trkpt>
   <trkpt lat="4.8109180" lon="-75.8092980">
    <ele>1212.6</ele>
   </trkpt>
   <trkpt lat="4.8109040" lon="-75.8093180">
    <ele>1212.6</ele>
   </trkpt>
   <trkpt lat="4.8108910" lon="-75.8093370">
    <ele>1212.5</ele>
   </trkpt>
   <trkpt lat="4.8108770" lon="-75.8093570">
    <ele>1212.5</ele>
   </trkpt>
   <trkpt lat="4.8108630" lon="-75.8093760">
    <ele>1212.4</ele>
   </trkpt>
   <trkpt lat="4.8108500" lon="-75.8093950">
    <ele>1212.4</ele>
   </trkpt>
   <trkpt lat="4.8108380" lon="-75.8094130">
    <ele>1212.4</ele>
   </trkpt>
   <trkpt lat="4.8108250" lon="-75.8094320">
    <ele>1212.4</ele>
   </trkpt>
   <trkpt lat="4.8108130" lon="-75.8094490">
    <ele>1212.3</ele>
   </trkpt>
   <trkpt lat="4.8107990" lon="-75.8094680">
    <ele>1212.3</ele>
   </trkpt>
   <trkpt lat="4.8107860" lon="-75.8094860">
    <ele>1212.3</ele>
   </trkpt>
   <trkpt lat="4.8107720" lon="-75.8095050">
    <ele>1212.2</ele>
   </trkpt>
   <trkpt lat="4.8107580" lon="-75.8095240">
    <ele>1212.2</ele>
   </trkpt>
   <trkpt lat="4.8107440" lon="-75.8095430">
    <ele>1212.2</ele>
   </trkpt>
   <trkpt lat="4.8107300" lon="-75.8095620">
    <ele>1212.2</ele>
   </trkpt>
   <trkpt lat="4.8107170" lon="-75.8095800">
    <ele>1212.1</ele>
   </trkpt>
   <trkpt lat="4.8107040" lon="-75.8095970">
    <ele>1212.1</ele>
   </trkpt>
   <trkpt lat="4.8106910" lon="-75.8096130">
    <ele>1212.1</ele>
   </trkpt>
   <trkpt lat="4.8106780" lon="-75.8096300">
    <ele>1212.1</ele>
   </trkpt>
   <trkpt lat="4.8106640" lon="-75.8096470">
    <ele>1212.0</ele>
   </trkpt>
   <trkpt lat="4.8106510" lon="-75.8096640">
    <ele>1212.0</ele>
   </trkpt>
   <trkpt lat="4.8106360" lon="-75.8096830">
    <ele>1212.0</ele>
   </trkpt>
   <trkpt lat="4.8106210" lon="-75.8097020">
    <ele>1211.9</ele>
   </trkpt>
   <trkpt lat="4.8106050" lon="-75.8097220">
    <ele>1211.9</ele>
   </trkpt>
   <trkpt lat="4.8105890" lon="-75.8097420">
    <ele>1211.9</ele>
   </trkpt>
   <trkpt lat="4.8105730" lon="-75.8097620">
    <ele>1211.8</ele>
   </trkpt>
   <trkpt lat="4.8105580" lon="-75.8097820">
    <ele>1211.8</ele>
   </trkpt>
   <trkpt lat="4.8105420" lon="-75.8098020">
    <ele>1211.7</ele>
   </trkpt>
   <trkpt lat="4.8105270" lon="-75.8098220">
    <ele>1211.7</ele>
   </trkpt>
   <trkpt lat="4.8105130" lon="-75.8098410">
    <ele>1211.7</ele>
   </trkpt>
   <trkpt lat="4.8105000" lon="-75.8098580">
    <ele>1211.6</ele>
   </trkpt>
   <trkpt lat="4.8104880" lon="-75.8098740">
    <ele>1211.6</ele>
   </trkpt>
   <trkpt lat="4.8104770" lon="-75.8098890">
    <ele>1211.6</ele>
   </trkpt>
   <trkpt lat="4.8104670" lon="-75.8099040">
    <ele>1211.5</ele>
   </trkpt>
   <trkpt lat="4.8104560" lon="-75.8099200">
    <ele>1211.5</ele>
   </trkpt>
   <trkpt lat="4.8104440" lon="-75.8099380">
    <ele>1211.5</ele>
   </trkpt>
   <trkpt lat="4.8104320" lon="-75.8099560">
    <ele>1211.4</ele>
   </trkpt>
   <trkpt lat="4.8104200" lon="-75.8099740">
    <ele>1211.4</ele>
   </trkpt>
   <trkpt lat="4.8104080" lon="-75.8099920">
    <ele>1211.4</ele>
   </trkpt>
   <trkpt lat="4.8103960" lon="-75.8100110">
    <ele>1211.3</ele>
   </trkpt>
   <trkpt lat="4.8103830" lon="-75.8100300">
    <ele>1211.3</ele>
   </trkpt>
   <trkpt lat="4.8103710" lon="-75.8100490">
    <ele>1211.3</ele>
   </trkpt>
   <trkpt lat="4.8103580" lon="-75.8100670">
    <ele>1211.3</ele>
   </trkpt>
   <trkpt lat="4.8103450" lon="-75.8100860">
    <ele>1211.2</ele>
   </trkpt>
   <trkpt lat="4.8103320" lon="-75.8101050">
    <ele>1211.2</ele>
   </trkpt>
   <trkpt lat="4.8103190" lon="-75.8101240">
    <ele>1211.2</ele>
   </trkpt>
   <trkpt lat="4.8103060" lon="-75.8101430">
    <ele>1211.1</ele>
   </trkpt>
   <trkpt lat="4.8102920" lon="-75.8101620">
    <ele>1211.1</ele>
   </trkpt>
   <trkpt lat="4.8102770" lon="-75.8101820">
    <ele>1211.1</ele>
   </trkpt>
   <trkpt lat="4.8102630" lon="-75.8102020">
    <ele>1211.1</ele>
   </trkpt>
   <trkpt lat="4.8102490" lon="-75.8102200">
    <ele>1211.0</ele>
   </trkpt>
   <trkpt lat="4.8102360" lon="-75.8102360">
    <ele>1211.0</ele>
   </trkpt>
   <trkpt lat="4.8102250" lon="-75.8102500">
    <ele>1211.0</ele>
   </trkpt>
   <trkpt lat="4.8102130" lon="-75.8102650">
    <ele>1211.0</ele>
   </trkpt>
   <trkpt lat="4.8102000" lon="-75.8102810">
    <ele>1210.9</ele>
   </trkpt>
   <trkpt lat="4.8101870" lon="-75.8102980">
    <ele>1210.9</ele>
   </trkpt>
   <trkpt lat="4.8101720" lon="-75.8103160">
    <ele>1210.9</ele>
   </trkpt>
   <trkpt lat="4.8101580" lon="-75.8103340">
    <ele>1210.9</ele>
   </trkpt>
   <trkpt lat="4.8101430" lon="-75.8103520">
    <ele>1210.8</ele>
   </trkpt>
   <trkpt lat="4.8101290" lon="-75.8103700">
    <ele>1210.8</ele>
   </trkpt>
   <trkpt lat="4.8101150" lon="-75.8103870">
    <ele>1210.8</ele>
   </trkpt>
   <trkpt lat="4.8101020" lon="-75.8104060">
    <ele>1210.8</ele>
   </trkpt>
   <trkpt lat="4.8100880" lon="-75.8104240">
    <ele>1210.8</ele>
   </trkpt>
   <trkpt lat="4.8100750" lon="-75.8104430">
    <ele>1210.7</ele>
   </trkpt>
   <trkpt lat="4.8100620" lon="-75.8104630">
    <ele>1210.7</ele>
   </trkpt>
   <trkpt lat="4.8100490" lon="-75.8104820">
    <ele>1210.7</ele>
   </trkpt>
   <trkpt lat="4.8100360" lon="-75.8105020">
    <ele>1210.7</ele>
   </trkpt>
   <trkpt lat="4.8100230" lon="-75.8105210">
    <ele>1210.7</ele>
   </trkpt>
   <trkpt lat="4.8100090" lon="-75.8105390">
    <ele>1210.7</ele>
   </trkpt>
   <trkpt lat="4.8099960" lon="-75.8105560">
    <ele>1210.6</ele>
   </trkpt>
   <trkpt lat="4.8099830" lon="-75.8105710">
    <ele>1210.6</ele>
   </trkpt>
   <trkpt lat="4.8099700" lon="-75.8105850">
    <ele>1210.6</ele>
   </trkpt>
   <trkpt lat="4.8099570" lon="-75.8105980">
    <ele>1210.6</ele>
   </trkpt>
   <trkpt lat="4.8099430" lon="-75.8106130">
    <ele>1210.6</ele>
   </trkpt>
   <trkpt lat="4.8099290" lon="-75.8106290">
    <ele>1210.6</ele>
   </trkpt>
   <trkpt lat="4.8099150" lon="-75.8106450">
    <ele>1210.6</ele>
   </trkpt>
   <trkpt lat="4.8099010" lon="-75.8106610">
    <ele>1210.6</ele>
   </trkpt>
   <trkpt lat="4.8098860" lon="-75.8106770">
    <ele>1210.6</ele>
   </trkpt>
   <trkpt lat="4.8098720" lon="-75.8106930">
    <ele>1210.6</ele>
   </trkpt>
   <trkpt lat="4.8098590" lon="-75.8107070">
    <ele>1210.6</ele>
   </trkpt>
   <trkpt lat="4.8098460" lon="-75.8107200">
    <ele>1210.6</ele>
   </trkpt>
   <trkpt lat="4.8098350" lon="-75.8107320">
    <ele>1210.5</ele>
   </trkpt>
   <trkpt lat="4.8098240" lon="-75.8107450">
    <ele>1210.5</ele>
   </trkpt>
   <trkpt lat="4.8098130" lon="-75.8107580">
    <ele>1210.5</ele>
   </trkpt>
   <trkpt lat="4.8098030" lon="-75.8107730">
    <ele>1210.5</ele>
   </trkpt>
   <trkpt lat="4.8097910" lon="-75.8107900">
    <ele>1210.5</ele>
   </trkpt>
   <trkpt lat="4.8097800" lon="-75.8108070">
    <ele>1210.5</ele>
   </trkpt>
   <trkpt lat="4.8097660" lon="-75.8108250">
    <ele>1210.5</ele>
   </trkpt>
   <trkpt lat="4.8097520" lon="-75.8108440">
    <ele>1210.5</ele>
   </trkpt>
   <trkpt lat="4.8097370" lon="-75.8108640">
    <ele>1210.5</ele>
   </trkpt>
   <trkpt lat="4.8097220" lon="-75.8108830">
    <ele>1210.5</ele>
   </trkpt>
   <trkpt lat="4.8097070" lon="-75.8109030">
    <ele>1210.5</ele>
   </trkpt>
   <trkpt lat="4.8096920" lon="-75.8109210">
    <ele>1210.5</ele>
   </trkpt>
   <trkpt lat="4.8096780" lon="-75.8109390">
    <ele>1210.6</ele>
   </trkpt>
   <trkpt lat="4.8096640" lon="-75.8109570">
    <ele>1210.6</ele>
   </trkpt>
   <trkpt lat="4.8096520" lon="-75.8109730">
    <ele>1210.6</ele>
   </trkpt>
   <trkpt lat="4.8096390" lon="-75.8109900">
    <ele>1210.6</ele>
   </trkpt>
   <trkpt lat="4.8096260" lon="-75.8110070">
    <ele>1210.6</ele>
   </trkpt>
   <trkpt lat="4.8096140" lon="-75.8110240">
    <ele>1210.6</ele>
   </trkpt>
   <trkpt lat="4.8096010" lon="-75.8110420">
    <ele>1210.6</ele>
   </trkpt>
   <trkpt lat="4.8095880" lon="-75.8110620">
    <ele>1210.6</ele>
   </trkpt>
   <trkpt lat="4.8095740" lon="-75.8110820">
    <ele>1210.6</ele>
   </trkpt>
   <trkpt lat="4.8095590" lon="-75.8111030">
    <ele>1210.6</ele>
   </trkpt>
   <trkpt lat="4.8095590" lon="-75.8111030">
    <ele>1210.6</ele>
   </trkpt>
   <trkpt lat="4.8095450" lon="-75.8111250">
    <ele>1210.6</ele>
   </trkpt>
   <trkpt lat="4.8095310" lon="-75.8111450">
    <ele>1210.6</ele>
   </trkpt>
   <trkpt lat="4.8095170" lon="-75.8111660">
    <ele>1210.6</ele>
   </trkpt>
   <trkpt lat="4.8095020" lon="-75.8111870">
    <ele>1210.6</ele>
   </trkpt>
   <trkpt lat="4.8094880" lon="-75.8112080">
    <ele>1210.6</ele>
   </trkpt>
   <trkpt lat="4.8094740" lon="-75.8112280">
    <ele>1210.6</ele>
   </trkpt>
   <trkpt lat="4.8094630" lon="-75.8112450">
    <ele>1210.6</ele>
   </trkpt>
   <trkpt lat="4.8094520" lon="-75.8112620">
    <ele>1210.7</ele>
   </trkpt>
   <trkpt lat="4.8094420" lon="-75.8112790">
    <ele>1210.7</ele>
   </trkpt>
   <trkpt lat="4.8094310" lon="-75.8112970">
    <ele>1210.7</ele>
   </trkpt>
   <trkpt lat="4.8094200" lon="-75.8113160">
    <ele>1210.7</ele>
   </trkpt>
   <trkpt lat="4.8094090" lon="-75.8113360">
    <ele>1210.8</ele>
   </trkpt>
   <trkpt lat="4.8093980" lon="-75.8113560">
    <ele>1210.8</ele>
   </trkpt>
   <trkpt lat="4.8093870" lon="-75.8113760">
    <ele>1210.8</ele>
   </trkpt>
   <trkpt lat="4.8093760" lon="-75.8113960">
    <ele>1210.9</ele>
   </trkpt>
   <trkpt lat="4.8093640" lon="-75.8114170">
    <ele>1210.9</ele>
   </trkpt>
   <trkpt lat="4.8093510" lon="-75.8114380">
    <ele>1211.0</ele>
   </trkpt>
   <trkpt lat="4.8093390" lon="-75.8114590">
    <ele>1211.0</ele>
   </trkpt>
   <trkpt lat="4.8093270" lon="-75.8114780">
    <ele>1211.1</ele>
   </trkpt>
   <trkpt lat="4.8093150" lon="-75.8114970">
    <ele>1211.1</ele>
   </trkpt>
   <trkpt lat="4.8093030" lon="-75.8115160">
    <ele>1211.1</ele>
   </trkpt>
   <trkpt lat="4.8092900" lon="-75.8115340">
    <ele>1211.2</ele>
   </trkpt>
   <trkpt lat="4.8092780" lon="-75.8115520">
    <ele>1211.2</ele>
   </trkpt>
   <trkpt lat="4.8092660" lon="-75.8115700">
    <ele>1211.3</ele>
   </trkpt>
   <trkpt lat="4.8092550" lon="-75.8115870">
    <ele>1211.3</ele>
   </trkpt>
   <trkpt lat="4.8092440" lon="-75.8116050">
    <ele>1211.3</ele>
   </trkpt>
   <trkpt lat="4.8092320" lon="-75.8116220">
    <ele>1211.4</ele>
   </trkpt>
   <trkpt lat="4.8092210" lon="-75.8116410">
    <ele>1211.4</ele>
   </trkpt>
   <trkpt lat="4.8092090" lon="-75.8116590">
    <ele>1211.5</ele>
   </trkpt>
   <trkpt lat="4.8091980" lon="-75.8116780">
    <ele>1211.5</ele>
   </trkpt>
   <trkpt lat="4.8091860" lon="-75.8116980">
    <ele>1211.5</ele>
   </trkpt>
   <trkpt lat="4.8091750" lon="-75.8117170">
    <ele>1211.6</ele>
   </trkpt>
   <trkpt lat="4.8091650" lon="-75.8117360">
    <ele>1211.6</ele>
   </trkpt>
   <trkpt lat="4.8091560" lon="-75.8117540">
    <ele>1211.6</ele>
   </trkpt>
   <trkpt lat="4.8091470" lon="-75.8117720">
    <ele>1211.7</ele>
   </trkpt>
   <trkpt lat="4.8091380" lon="-75.8117890">
    <ele>1211.7</ele>
   </trkpt>
   <trkpt lat="4.8091280" lon="-75.8118050">
    <ele>1211.7</ele>
   </trkpt>
   <trkpt lat="4.8091190" lon="-75.8118220">
    <ele>1211.7</ele>
   </trkpt>
   <trkpt lat="4.8091090" lon="-75.8118380">
    <ele>1211.7</ele>
   </trkpt>
   <trkpt lat="4.8090990" lon="-75.8118540">
    <ele>1211.8</ele>
   </trkpt>
   <trkpt lat="4.8090880" lon="-75.8118700">
    <ele>1211.8</ele>
   </trkpt>
   <trkpt lat="4.8090780" lon="-75.8118870">
    <ele>1211.8</ele>
   </trkpt>
   <trkpt lat="4.8090670" lon="-75.8119040">
    <ele>1211.8</ele>
   </trkpt>
   <trkpt lat="4.8090570" lon="-75.8119210">
    <ele>1211.8</ele>
   </trkpt>
   <trkpt lat="4.8090470" lon="-75.8119370">
    <ele>1211.8</ele>
   </trkpt>
   <trkpt lat="4.8090370" lon="-75.8119530">
    <ele>1211.8</ele>
   </trkpt>
   <trkpt lat="4.8090270" lon="-75.8119690">
    <ele>1211.8</ele>
   </trkpt>
   <trkpt lat="4.8090170" lon="-75.8119840">
    <ele>1211.8</ele>
   </trkpt>
   <trkpt lat="4.8090080" lon="-75.8119980">
    <ele>1211.8</ele>
   </trkpt>
   <trkpt lat="4.8090000" lon="-75.8120130">
    <ele>1211.8</ele>
   </trkpt>
   <trkpt lat="4.8089910" lon="-75.8120280">
    <ele>1211.8</ele>
   </trkpt>
   <trkpt lat="4.8089830" lon="-75.8120430">
    <ele>1211.7</ele>
   </trkpt>
   <trkpt lat="4.8089750" lon="-75.8120600">
    <ele>1211.7</ele>
   </trkpt>
   <trkpt lat="4.8089660" lon="-75.8120770">
    <ele>1211.7</ele>
   </trkpt>
   <trkpt lat="4.8089580" lon="-75.8120930">
    <ele>1211.7</ele>
   </trkpt>
   <trkpt lat="4.8089490" lon="-75.8121090">
    <ele>1211.7</ele>
   </trkpt>
   <trkpt lat="4.8089400" lon="-75.8121250">
    <ele>1211.7</ele>
   </trkpt>
   <trkpt lat="4.8089300" lon="-75.8121410">
    <ele>1211.7</ele>
   </trkpt>
   <trkpt lat="4.8089210" lon="-75.8121550">
    <ele>1211.7</ele>
   </trkpt>
   <trkpt lat="4.8089110" lon="-75.8121710">
    <ele>1211.6</ele>
   </trkpt>
   <trkpt lat="4.8089020" lon="-75.8121860">
    <ele>1211.6</ele>
   </trkpt>
   <trkpt lat="4.8088940" lon="-75.8122010">
    <ele>1211.6</ele>
   </trkpt>
   <trkpt lat="4.8088850" lon="-75.8122170">
    <ele>1211.6</ele>
   </trkpt>
   <trkpt lat="4.8088770" lon="-75.8122320">
    <ele>1211.6</ele>
   </trkpt>
   <trkpt lat="4.8088700" lon="-75.8122460">
    <ele>1211.6</ele>
   </trkpt>
   <trkpt lat="4.8088620" lon="-75.8122600">
    <ele>1211.6</ele>
   </trkpt>
   <trkpt lat="4.8088550" lon="-75.8122760">
    <ele>1211.5</ele>
   </trkpt>
   <trkpt lat="4.8088470" lon="-75.8122910">
    <ele>1211.5</ele>
   </trkpt>
   <trkpt lat="4.8088390" lon="-75.8123070">
    <ele>1211.5</ele>
   </trkpt>
   <trkpt lat="4.8088320" lon="-75.8123230">
    <ele>1211.5</ele>
   </trkpt>
   <trkpt lat="4.8088240" lon="-75.8123390">
    <ele>1211.5</ele>
   </trkpt>
   <trkpt lat="4.8088170" lon="-75.8123540">
    <ele>1211.4</ele>
   </trkpt>
   <trkpt lat="4.8088100" lon="-75.8123680">
    <ele>1211.4</ele>
   </trkpt>
   <trkpt lat="4.8088020" lon="-75.8123830">
    <ele>1211.4</ele>
   </trkpt>
   <trkpt lat="4.8087940" lon="-75.8123980">
    <ele>1211.4</ele>
   </trkpt>
   <trkpt lat="4.8087860" lon="-75.8124130">
    <ele>1211.4</ele>
   </trkpt>
   <trkpt lat="4.8087780" lon="-75.8124290">
    <ele>1211.3</ele>
   </trkpt>
   <trkpt lat="4.8087700" lon="-75.8124440">
    <ele>1211.3</ele>
   </trkpt>
   <trkpt lat="4.8087630" lon="-75.8124580">
    <ele>1211.3</ele>
   </trkpt>
   <trkpt lat="4.8087560" lon="-75.8124720">
    <ele>1211.2</ele>
   </trkpt>
   <trkpt lat="4.8087480" lon="-75.8124870">
    <ele>1211.2</ele>
   </trkpt>
   <trkpt lat="4.8087410" lon="-75.8125010">
    <ele>1211.2</ele>
   </trkpt>
   <trkpt lat="4.8087330" lon="-75.8125150">
    <ele>1211.2</ele>
   </trkpt>
   <trkpt lat="4.8087250" lon="-75.8125300">
    <ele>1211.1</ele>
   </trkpt>
   <trkpt lat="4.8087180" lon="-75.8125440">
    <ele>1211.1</ele>
   </trkpt>
   <trkpt lat="4.8087100" lon="-75.8125600">
    <ele>1211.0</ele>
   </trkpt>
   <trkpt lat="4.8087010" lon="-75.8125750">
    <ele>1211.0</ele>
   </trkpt>
   <trkpt lat="4.8086930" lon="-75.8125910">
    <ele>1210.9</ele>
   </trkpt>
   <trkpt lat="4.8086840" lon="-75.8126070">
    <ele>1210.9</ele>
   </trkpt>
   <trkpt lat="4.8086750" lon="-75.8126240">
    <ele>1210.8</ele>
   </trkpt>
   <trkpt lat="4.8086660" lon="-75.8126420">
    <ele>1210.8</ele>
   </trkpt>
   <trkpt lat="4.8086560" lon="-75.8126590">
    <ele>1210.7</ele>
   </trkpt>
   <trkpt lat="4.8086460" lon="-75.8126780">
    <ele>1210.6</ele>
   </trkpt>
   <trkpt lat="4.8086370" lon="-75.8126960">
    <ele>1210.5</ele>
   </trkpt>
   <trkpt lat="4.8086280" lon="-75.8127130">
    <ele>1210.5</ele>
   </trkpt>
   <trkpt lat="4.8086190" lon="-75.8127300">
    <ele>1210.4</ele>
   </trkpt>
   <trkpt lat="4.8086110" lon="-75.8127460">
    <ele>1210.4</ele>
   </trkpt>
   <trkpt lat="4.8086030" lon="-75.8127610">
    <ele>1210.3</ele>
   </trkpt>
   <trkpt lat="4.8085950" lon="-75.8127760">
    <ele>1210.2</ele>
   </trkpt>
   <trkpt lat="4.8085880" lon="-75.8127910">
    <ele>1210.2</ele>
   </trkpt>
   <trkpt lat="4.8085800" lon="-75.8128060">
    <ele>1210.1</ele>
   </trkpt>
   <trkpt lat="4.8085720" lon="-75.8128210">
    <ele>1210.1</ele>
   </trkpt>
   <trkpt lat="4.8085640" lon="-75.8128370">
    <ele>1210.0</ele>
   </trkpt>
   <trkpt lat="4.8085550" lon="-75.8128520">
    <ele>1210.0</ele>
   </trkpt>
   <trkpt lat="4.8085460" lon="-75.8128680">
    <ele>1209.9</ele>
   </trkpt>
   <trkpt lat="4.8085380" lon="-75.8128820">
    <ele>1209.9</ele>
   </trkpt>
   <trkpt lat="4.8085300" lon="-75.8128960">
    <ele>1209.9</ele>
   </trkpt>
   <trkpt lat="4.8085220" lon="-75.8129090">
    <ele>1209.8</ele>
   </trkpt>
   <trkpt lat="4.8085140" lon="-75.8129220">
    <ele>1209.8</ele>
   </trkpt>
   <trkpt lat="4.8085070" lon="-75.8129350">
    <ele>1209.7</ele>
   </trkpt>
   <trkpt lat="4.8084990" lon="-75.8129490">
    <ele>1209.7</ele>
   </trkpt>
   <trkpt lat="4.8084910" lon="-75.8129630">
    <ele>1209.6</ele>
   </trkpt>
   <trkpt lat="4.8084830" lon="-75.8129770">
    <ele>1209.6</ele>
   </trkpt>
   <trkpt lat="4.8084760" lon="-75.8129910">
    <ele>1209.6</ele>
   </trkpt>
   <trkpt lat="4.8084690" lon="-75.8130050">
    <ele>1209.5</ele>
   </trkpt>
   <trkpt lat="4.8084610" lon="-75.8130190">
    <ele>1209.5</ele>
   </trkpt>
   <trkpt lat="4.8084540" lon="-75.8130340">
    <ele>1209.4</ele>
   </trkpt>
   <trkpt lat="4.8084460" lon="-75.8130500">
    <ele>1209.4</ele>
   </trkpt>
   <trkpt lat="4.8084380" lon="-75.8130680">
    <ele>1209.3</ele>
   </trkpt>
   <trkpt lat="4.8084290" lon="-75.8130850">
    <ele>1209.3</ele>
   </trkpt>
   <trkpt lat="4.8084200" lon="-75.8131010">
    <ele>1209.2</ele>
   </trkpt>
   <trkpt lat="4.8084120" lon="-75.8131180">
    <ele>1209.2</ele>
   </trkpt>
   <trkpt lat="4.8084030" lon="-75.8131330">
    <ele>1209.1</ele>
   </trkpt>
   <trkpt lat="4.8083940" lon="-75.8131500">
    <ele>1209.1</ele>
   </trkpt>
   <trkpt lat="4.8083860" lon="-75.8131670">
    <ele>1209.0</ele>
   </trkpt>
   <trkpt lat="4.8083770" lon="-75.8131840">
    <ele>1209.0</ele>
   </trkpt>
   <trkpt lat="4.8083670" lon="-75.8132010">
    <ele>1208.9</ele>
   </trkpt>
   <trkpt lat="4.8083580" lon="-75.8132180">
    <ele>1208.8</ele>
   </trkpt>
   <trkpt lat="4.8083490" lon="-75.8132340">
    <ele>1208.8</ele>
   </trkpt>
   <trkpt lat="4.8083400" lon="-75.8132500">
    <ele>1208.7</ele>
   </trkpt>
   <trkpt lat="4.8083310" lon="-75.8132660">
    <ele>1208.7</ele>
   </trkpt>
   <trkpt lat="4.8083230" lon="-75.8132800">
    <ele>1208.6</ele>
   </trkpt>
   <trkpt lat="4.8083150" lon="-75.8132930">
    <ele>1208.6</ele>
   </trkpt>
   <trkpt lat="4.8083060" lon="-75.8133070">
    <ele>1208.5</ele>
   </trkpt>
   <trkpt lat="4.8082990" lon="-75.8133210">
    <ele>1208.5</ele>
   </trkpt>
   <trkpt lat="4.8082930" lon="-75.8133350">
    <ele>1208.4</ele>
   </trkpt>
   <trkpt lat="4.8082860" lon="-75.8133490">
    <ele>1208.4</ele>
   </trkpt>
   <trkpt lat="4.8082800" lon="-75.8133630">
    <ele>1208.3</ele>
   </trkpt>
   <trkpt lat="4.8082720" lon="-75.8133760">
    <ele>1208.3</ele>
   </trkpt>
   <trkpt lat="4.8082640" lon="-75.8133910">
    <ele>1208.2</ele>
   </trkpt>
   <trkpt lat="4.8082560" lon="-75.8134060">
    <ele>1208.2</ele>
   </trkpt>
   <trkpt lat="4.8082480" lon="-75.8134210">
    <ele>1208.2</ele>
   </trkpt>
   <trkpt lat="4.8082390" lon="-75.8134360">
    <ele>1208.1</ele>
   </trkpt>
   <trkpt lat="4.8082300" lon="-75.8134510">
    <ele>1208.1</ele>
   </trkpt>
   <trkpt lat="4.8082200" lon="-75.8134670">
    <ele>1208.0</ele>
   </trkpt>
   <trkpt lat="4.8082080" lon="-75.8134850">
    <ele>1208.0</ele>
   </trkpt>
   <trkpt lat="4.8081970" lon="-75.8135040">
    <ele>1207.9</ele>
   </trkpt>
   <trkpt lat="4.8081840" lon="-75.8135230">
    <ele>1207.9</ele>
   </trkpt>
   <trkpt lat="4.8081710" lon="-75.8135430">
    <ele>1207.9</ele>
   </trkpt>
   <trkpt lat="4.8081590" lon="-75.8135620">
    <ele>1207.8</ele>
   </trkpt>
   <trkpt lat="4.8081460" lon="-75.8135820">
    <ele>1207.8</ele>
   </trkpt>
   <trkpt lat="4.8081330" lon="-75.8136010">
    <ele>1207.8</ele>
   </trkpt>
   <trkpt lat="4.8081190" lon="-75.8136210">
    <ele>1207.7</ele>
   </trkpt>
   <trkpt lat="4.8081070" lon="-75.8136400">
    <ele>1207.7</ele>
   </trkpt>
   <trkpt lat="4.8080940" lon="-75.8136590">
    <ele>1207.7</ele>
   </trkpt>
   <trkpt lat="4.8080810" lon="-75.8136790">
    <ele>1207.6</ele>
   </trkpt>
   <trkpt lat="4.8080690" lon="-75.8136990">
    <ele>1207.6</ele>
   </trkpt>
   <trkpt lat="4.8080570" lon="-75.8137180">
    <ele>1207.6</ele>
   </trkpt>
   <trkpt lat="4.8080460" lon="-75.8137370">
    <ele>1207.6</ele>
   </trkpt>
   <trkpt lat="4.8080350" lon="-75.8137550">
    <ele>1207.6</ele>
   </trkpt>
   <trkpt lat="4.8080230" lon="-75.8137730">
    <ele>1207.5</ele>
   </trkpt>
   <trkpt lat="4.8080110" lon="-75.8137900">
    <ele>1207.5</ele>
   </trkpt>
   <trkpt lat="4.8079990" lon="-75.8138070">
    <ele>1207.5</ele>
   </trkpt>
   <trkpt lat="4.8079880" lon="-75.8138230">
    <ele>1207.5</ele>
   </trkpt>
   <trkpt lat="4.8079760" lon="-75.8138390">
    <ele>1207.5</ele>
   </trkpt>
   <trkpt lat="4.8079650" lon="-75.8138540">
    <ele>1207.4</ele>
   </trkpt>
   <trkpt lat="4.8079540" lon="-75.8138690">
    <ele>1207.4</ele>
   </trkpt>
   <trkpt lat="4.8079430" lon="-75.8138850">
    <ele>1207.4</ele>
   </trkpt>
   <trkpt lat="4.8079310" lon="-75.8139000">
    <ele>1207.4</ele>
   </trkpt>
   <trkpt lat="4.8079190" lon="-75.8139140">
    <ele>1207.4</ele>
   </trkpt>
   <trkpt lat="4.8079080" lon="-75.8139280">
    <ele>1207.4</ele>
   </trkpt>
   <trkpt lat="4.8078970" lon="-75.8139420">
    <ele>1207.3</ele>
   </trkpt>
   <trkpt lat="4.8078880" lon="-75.8139560">
    <ele>1207.3</ele>
   </trkpt>
   <trkpt lat="4.8078790" lon="-75.8139700">
    <ele>1207.3</ele>
   </trkpt>
   <trkpt lat="4.8078700" lon="-75.8139840">
    <ele>1207.3</ele>
   </trkpt>
   <trkpt lat="4.8078610" lon="-75.8139980">
    <ele>1207.3</ele>
   </trkpt>
   <trkpt lat="4.8078520" lon="-75.8140130">
    <ele>1207.3</ele>
   </trkpt>
   <trkpt lat="4.8078400" lon="-75.8140300">
    <ele>1207.3</ele>
   </trkpt>
   <trkpt lat="4.8078270" lon="-75.8140490">
    <ele>1207.3</ele>
   </trkpt>
   <trkpt lat="4.8078140" lon="-75.8140680">
    <ele>1207.4</ele>
   </trkpt>
   <trkpt lat="4.8078010" lon="-75.8140890">
    <ele>1207.4</ele>
   </trkpt>
   <trkpt lat="4.8077880" lon="-75.8141080">
    <ele>1207.4</ele>
   </trkpt>
   <trkpt lat="4.8077750" lon="-75.8141280">
    <ele>1207.4</ele>
   </trkpt>
   <trkpt lat="4.8077620" lon="-75.8141470">
    <ele>1207.4</ele>
   </trkpt>
   <trkpt lat="4.8077490" lon="-75.8141660">
    <ele>1207.4</ele>
   </trkpt>
   <trkpt lat="4.8077370" lon="-75.8141850">
    <ele>1207.5</ele>
   </trkpt>
   <trkpt lat="4.8077240" lon="-75.8142050">
    <ele>1207.5</ele>
   </trkpt>
   <trkpt lat="4.8077110" lon="-75.8142250">
    <ele>1207.6</ele>
   </trkpt>
   <trkpt lat="4.8076980" lon="-75.8142440">
    <ele>1207.6</ele>
   </trkpt>
   <trkpt lat="4.8076850" lon="-75.8142640">
    <ele>1207.6</ele>
   </trkpt>
   <trkpt lat="4.8076730" lon="-75.8142840">
    <ele>1207.7</ele>
   </trkpt>
   <trkpt lat="4.8076600" lon="-75.8143030">
    <ele>1207.7</ele>
   </trkpt>
   <trkpt lat="4.8076480" lon="-75.8143210">
    <ele>1207.8</ele>
   </trkpt>
   <trkpt lat="4.8076350" lon="-75.8143400">
    <ele>1207.8</ele>
   </trkpt>
   <trkpt lat="4.8076220" lon="-75.8143580">
    <ele>1207.8</ele>
   </trkpt>
   <trkpt lat="4.8076100" lon="-75.8143770">
    <ele>1207.9</ele>
   </trkpt>
   <trkpt lat="4.8075970" lon="-75.8143950">
    <ele>1207.9</ele>
   </trkpt>
   <trkpt lat="4.8075840" lon="-75.8144140">
    <ele>1208.0</ele>
   </trkpt>
   <trkpt lat="4.8075710" lon="-75.8144330">
    <ele>1208.0</ele>
   </trkpt>
   <trkpt lat="4.8075590" lon="-75.8144510">
    <ele>1208.1</ele>
   </trkpt>
   <trkpt lat="4.8075470" lon="-75.8144690">
    <ele>1208.1</ele>
   </trkpt>
   <trkpt lat="4.8075350" lon="-75.8144860">
    <ele>1208.2</ele>
   </trkpt>
   <trkpt lat="4.8075230" lon="-75.8145030">
    <ele>1208.2</ele>
   </trkpt>
   <trkpt lat="4.8075110" lon="-75.8145210">
    <ele>1208.2</ele>
   </trkpt>
   <trkpt lat="4.8074990" lon="-75.8145390">
    <ele>1208.3</ele>
   </trkpt>
   <trkpt lat="4.8074860" lon="-75.8145570">
    <ele>1208.3</ele>
   </trkpt>
   <trkpt lat="4.8074740" lon="-75.8145750">
    <ele>1208.4</ele>
   </trkpt>
   <trkpt lat="4.8074610" lon="-75.8145930">
    <ele>1208.4</ele>
   </trkpt>
   <trkpt lat="4.8074490" lon="-75.8146120">
    <ele>1208.5</ele>
   </trkpt>
   <trkpt lat="4.8074370" lon="-75.8146300">
    <ele>1208.5</ele>
   </trkpt>
   <trkpt lat="4.8074260" lon="-75.8146460">
    <ele>1208.6</ele>
   </trkpt>
   <trkpt lat="4.8074150" lon="-75.8146600">
    <ele>1208.6</ele>
   </trkpt>
   <trkpt lat="4.8074060" lon="-75.8146730">
    <ele>1208.6</ele>
   </trkpt>
   <trkpt lat="4.8073970" lon="-75.8146860">
    <ele>1208.7</ele>
   </trkpt>
   <trkpt lat="4.8073880" lon="-75.8146990">
    <ele>1208.7</ele>
   </trkpt>
   <trkpt lat="4.8073780" lon="-75.8147120">
    <ele>1208.7</ele>
   </trkpt>
   <trkpt lat="4.8073680" lon="-75.8147260">
    <ele>1208.8</ele>
   </trkpt>
   <trkpt lat="4.8073580" lon="-75.8147420">
    <ele>1208.8</ele>
   </trkpt>
   <trkpt lat="4.8073470" lon="-75.8147580">
    <ele>1208.8</ele>
   </trkpt>
   <trkpt lat="4.8073370" lon="-75.8147740">
    <ele>1208.9</ele>
   </trkpt>
   <trkpt lat="4.8073270" lon="-75.8147900">
    <ele>1208.9</ele>
   </trkpt>
   <trkpt lat="4.8073150" lon="-75.8148050">
    <ele>1208.9</ele>
   </trkpt>
   <trkpt lat="4.8073030" lon="-75.8148210">
    <ele>1209.0</ele>
   </trkpt>
   <trkpt lat="4.8072900" lon="-75.8148390">
    <ele>1209.0</ele>
   </trkpt>
   <trkpt lat="4.8072770" lon="-75.8148560">
    <ele>1209.1</ele>
   </trkpt>
   <trkpt lat="4.8072640" lon="-75.8148730">
    <ele>1209.1</ele>
   </trkpt>
   <trkpt lat="4.8072510" lon="-75.8148900">
    <ele>1209.1</ele>
   </trkpt>
   <trkpt lat="4.8072390" lon="-75.8149070">
    <ele>1209.2</ele>
   </trkpt>
   <trkpt lat="4.8072270" lon="-75.8149240">
    <ele>1209.2</ele>
   </trkpt>
   <trkpt lat="4.8072150" lon="-75.8149410">
    <ele>1209.2</ele>
   </trkpt>
   <trkpt lat="4.8072030" lon="-75.8149590">
    <ele>1209.2</ele>
   </trkpt>
   <trkpt lat="4.8071910" lon="-75.8149760">
    <ele>1209.3</ele>
   </trkpt>
   <trkpt lat="4.8071790" lon="-75.8149930">
    <ele>1209.3</ele>
   </trkpt>
   <trkpt lat="4.8071670" lon="-75.8150100">
    <ele>1209.3</ele>
   </trkpt>
   <trkpt lat="4.8071550" lon="-75.8150270">
    <ele>1209.3</ele>
   </trkpt>
   <trkpt lat="4.8071430" lon="-75.8150440">
    <ele>1209.4</ele>
   </trkpt>
   <trkpt lat="4.8071310" lon="-75.8150620">
    <ele>1209.4</ele>
   </trkpt>
   <trkpt lat="4.8071190" lon="-75.8150790">
    <ele>1209.4</ele>
   </trkpt>
   <trkpt lat="4.8071080" lon="-75.8150970">
    <ele>1209.5</ele>
   </trkpt>
   <trkpt lat="4.8070970" lon="-75.8151140">
    <ele>1209.5</ele>
   </trkpt>
   <trkpt lat="4.8070850" lon="-75.8151320">
    <ele>1209.5</ele>
   </trkpt>
   <trkpt lat="4.8070740" lon="-75.8151500">
    <ele>1209.5</ele>
   </trkpt>
   <trkpt lat="4.8070630" lon="-75.8151680">
    <ele>1209.6</ele>
   </trkpt>
   <trkpt lat="4.8070510" lon="-75.8151870">
    <ele>1209.6</ele>
   </trkpt>
   <trkpt lat="4.8070390" lon="-75.8152050">
    <ele>1209.6</ele>
   </trkpt>
   <trkpt lat="4.8070280" lon="-75.8152240">
    <ele>1209.7</ele>
   </trkpt>
   <trkpt lat="4.8070160" lon="-75.8152430">
    <ele>1209.7</ele>
   </trkpt>
   <trkpt lat="4.8070030" lon="-75.8152620">
    <ele>1209.7</ele>
   </trkpt>
   <trkpt lat="4.8069900" lon="-75.8152810">
    <ele>1209.8</ele>
   </trkpt>
   <trkpt lat="4.8069770" lon="-75.8152990">
    <ele>1209.8</ele>
   </trkpt>
   <trkpt lat="4.8069660" lon="-75.8153140">
    <ele>1209.8</ele>
   </trkpt>
   <trkpt lat="4.8069570" lon="-75.8153280">
    <ele>1209.9</ele>
   </trkpt>
   <trkpt lat="4.8069480" lon="-75.8153410">
    <ele>1209.9</ele>
   </trkpt>
   <trkpt lat="4.8069380" lon="-75.8153560">
    <ele>1209.9</ele>
   </trkpt>
   <trkpt lat="4.8069290" lon="-75.8153700">
    <ele>1210.0</ele>
   </trkpt>
   <trkpt lat="4.8069180" lon="-75.8153860">
    <ele>1210.0</ele>
   </trkpt>
   <trkpt lat="4.8069070" lon="-75.8154010">
    <ele>1210.0</ele>
   </trkpt>
   <trkpt lat="4.8068950" lon="-75.8154170">
    <ele>1210.0</ele>
   </trkpt>
   <trkpt lat="4.8068830" lon="-75.8154330">
    <ele>1210.1</ele>
   </trkpt>
   <trkpt lat="4.8068720" lon="-75.8154490">
    <ele>1210.1</ele>
   </trkpt>
   <trkpt lat="4.8068610" lon="-75.8154650">
    <ele>1210.1</ele>
   </trkpt>
   <trkpt lat="4.8068500" lon="-75.8154800">
    <ele>1210.1</ele>
   </trkpt>
   <trkpt lat="4.8068390" lon="-75.8154970">
    <ele>1210.1</ele>
   </trkpt>
   <trkpt lat="4.8068290" lon="-75.8155130">
    <ele>1210.2</ele>
   </trkpt>
   <trkpt lat="4.8068170" lon="-75.8155310">
    <ele>1210.2</ele>
   </trkpt>
   <trkpt lat="4.8068060" lon="-75.8155480">
    <ele>1210.2</ele>
   </trkpt>
   <trkpt lat="4.8067940" lon="-75.8155660">
    <ele>1210.2</ele>
   </trkpt>
   <trkpt lat="4.8067830" lon="-75.8155840">
    <ele>1210.2</ele>
   </trkpt>
   <trkpt lat="4.8067710" lon="-75.8156030">
    <ele>1210.2</ele>
   </trkpt>
   <trkpt lat="4.8067600" lon="-75.8156210">
    <ele>1210.2</ele>
   </trkpt>
   <trkpt lat="4.8067490" lon="-75.8156390">
    <ele>1210.2</ele>
   </trkpt>
   <trkpt lat="4.8067380" lon="-75.8156570">
    <ele>1210.2</ele>
   </trkpt>
   <trkpt lat="4.8067260" lon="-75.8156750">
    <ele>1210.1</ele>
   </trkpt>
   <trkpt lat="4.8067140" lon="-75.8156920">
    <ele>1210.1</ele>
   </trkpt>
   <trkpt lat="4.8067030" lon="-75.8157100">
    <ele>1210.1</ele>
   </trkpt>
   <trkpt lat="4.8066920" lon="-75.8157260">
    <ele>1210.1</ele>
   </trkpt>
   <trkpt lat="4.8066830" lon="-75.8157420">
    <ele>1210.1</ele>
   </trkpt>
   <trkpt lat="4.8066740" lon="-75.8157590">
    <ele>1210.1</ele>
   </trkpt>
   <trkpt lat="4.8066660" lon="-75.8157750">
    <ele>1210.0</ele>
   </trkpt>
   <trkpt lat="4.8066590" lon="-75.8157920">
    <ele>1210.0</ele>
   </trkpt>
   <trkpt lat="4.8066520" lon="-75.8158080">
    <ele>1210.0</ele>
   </trkpt>
   <trkpt lat="4.8066440" lon="-75.8158260">
    <ele>1210.0</ele>
   </trkpt>
   <trkpt lat="4.8066360" lon="-75.8158430">
    <ele>1209.9</ele>
   </trkpt>
   <trkpt lat="4.8066280" lon="-75.8158620">
    <ele>1209.9</ele>
   </trkpt>
   <trkpt lat="4.8066200" lon="-75.8158800">
    <ele>1209.9</ele>
   </trkpt>
   <trkpt lat="4.8066110" lon="-75.8158980">
    <ele>1209.8</ele>
   </trkpt>
   <trkpt lat="4.8066030" lon="-75.8159160">
    <ele>1209.8</ele>
   </trkpt>
   <trkpt lat="4.8065950" lon="-75.8159330">
    <ele>1209.7</ele>
   </trkpt>
   <trkpt lat="4.8065870" lon="-75.8159490">
    <ele>1209.7</ele>
   </trkpt>
   <trkpt lat="4.8065790" lon="-75.8159670">
    <ele>1209.7</ele>
   </trkpt>
   <trkpt lat="4.8065720" lon="-75.8159830">
    <ele>1209.6</ele>
   </trkpt>
   <trkpt lat="4.8065650" lon="-75.8160010">
    <ele>1209.6</ele>
   </trkpt>
   <trkpt lat="4.8065580" lon="-75.8160190">
    <ele>1209.5</ele>
   </trkpt>
   <trkpt lat="4.8065500" lon="-75.8160370">
    <ele>1209.5</ele>
   </trkpt>
   <trkpt lat="4.8065440" lon="-75.8160540">
    <ele>1209.5</ele>
   </trkpt>
   <trkpt lat="4.8065370" lon="-75.8160710">
    <ele>1209.4</ele>
   </trkpt>
   <trkpt lat="4.8065300" lon="-75.8160890">
    <ele>1209.4</ele>
   </trkpt>
   <trkpt lat="4.8065240" lon="-75.8161080">
    <ele>1209.3</ele>
   </trkpt>
   <trkpt lat="4.8065170" lon="-75.8161290">
    <ele>1209.2</ele>
   </trkpt>
   <trkpt lat="4.8065110" lon="-75.8161500">
    <ele>1209.2</ele>
   </trkpt>
   <trkpt lat="4.8065050" lon="-75.8161730">
    <ele>1209.1</ele>
   </trkpt>
   <trkpt lat="4.8064990" lon="-75.8161950">
    <ele>1209.0</ele>
   </trkpt>
   <trkpt lat="4.8064930" lon="-75.8162180">
    <ele>1209.0</ele>
   </trkpt>
   <trkpt lat="4.8064860" lon="-75.8162390">
    <ele>1208.9</ele>
   </trkpt>
   <trkpt lat="4.8064790" lon="-75.8162610">
    <ele>1208.8</ele>
   </trkpt>
   <trkpt lat="4.8064720" lon="-75.8162820">
    <ele>1208.7</ele>
   </trkpt>
   <trkpt lat="4.8064650" lon="-75.8163030">
    <ele>1208.7</ele>
   </trkpt>
   <trkpt lat="4.8064600" lon="-75.8163240">
    <ele>1208.6</ele>
   </trkpt>
   <trkpt lat="4.8064560" lon="-75.8163440">
    <ele>1208.5</ele>
   </trkpt>
   <trkpt lat="4.8064520" lon="-75.8163650">
    <ele>1208.4</ele>
   </trkpt>
   <trkpt lat="4.8064480" lon="-75.8163860">
    <ele>1208.3</ele>
   </trkpt>
   <trkpt lat="4.8064440" lon="-75.8164080">
    <ele>1208.2</ele>
   </trkpt>
   <trkpt lat="4.8064400" lon="-75.8164300">
    <ele>1208.2</ele>
   </trkpt>
   <trkpt lat="4.8064360" lon="-75.8164530">
    <ele>1208.1</ele>
   </trkpt>
   <trkpt lat="4.8064320" lon="-75.8164760">
    <ele>1208.0</ele>
   </trkpt>
   <trkpt lat="4.8064290" lon="-75.8164980">
    <ele>1207.9</ele>
   </trkpt>
   <trkpt lat="4.8064260" lon="-75.8165210">
    <ele>1207.8</ele>
   </trkpt>
   <trkpt lat="4.8064230" lon="-75.8165440">
    <ele>1207.7</ele>
   </trkpt>
   <trkpt lat="4.8064210" lon="-75.8165670">
    <ele>1207.6</ele>
   </trkpt>
   <trkpt lat="4.8064190" lon="-75.8165900">
    <ele>1207.5</ele>
   </trkpt>
   <trkpt lat="4.8064160" lon="-75.8166120">
    <ele>1207.4</ele>
   </trkpt>
   <trkpt lat="4.8064130" lon="-75.8166350">
    <ele>1207.3</ele>
   </trkpt>
   <trkpt lat="4.8064100" lon="-75.8166580">
    <ele>1207.2</ele>
   </trkpt>
   <trkpt lat="4.8064070" lon="-75.8166820">
    <ele>1207.0</ele>
   </trkpt>
   <trkpt lat="4.8064030" lon="-75.8167070">
    <ele>1206.9</ele>
   </trkpt>
   <trkpt lat="4.8064000" lon="-75.8167320">
    <ele>1206.8</ele>
   </trkpt>
   <trkpt lat="4.8063960" lon="-75.8167570">
    <ele>1206.7</ele>
   </trkpt>
   <trkpt lat="4.8063930" lon="-75.8167820">
    <ele>1206.6</ele>
   </trkpt>
   <trkpt lat="4.8063900" lon="-75.8168040">
    <ele>1206.5</ele>
   </trkpt>
   <trkpt lat="4.8063880" lon="-75.8168260">
    <ele>1206.4</ele>
   </trkpt>
   <trkpt lat="4.8063880" lon="-75.8168460">
    <ele>1206.3</ele>
   </trkpt>
   <trkpt lat="4.8063870" lon="-75.8168650">
    <ele>1206.2</ele>
   </trkpt>
   <trkpt lat="4.8063870" lon="-75.8168860">
    <ele>1206.1</ele>
   </trkpt>
   <trkpt lat="4.8063870" lon="-75.8169060">
    <ele>1206.0</ele>
   </trkpt>
   <trkpt lat="4.8063870" lon="-75.8169280">
    <ele>1205.9</ele>
   </trkpt>
   <trkpt lat="4.8063880" lon="-75.8169500">
    <ele>1205.8</ele>
   </trkpt>
   <trkpt lat="4.8063880" lon="-75.8169720">
    <ele>1205.7</ele>
   </trkpt>
   <trkpt lat="4.8063890" lon="-75.8169940">
    <ele>1205.6</ele>
   </trkpt>
   <trkpt lat="4.8063900" lon="-75.8170150">
    <ele>1205.5</ele>
   </trkpt>
   <trkpt lat="4.8063910" lon="-75.8170370">
    <ele>1205.4</ele>
   </trkpt>
   <trkpt lat="4.8063930" lon="-75.8170570">
    <ele>1205.3</ele>
   </trkpt>
   <trkpt lat="4.8063950" lon="-75.8170780">
    <ele>1205.2</ele>
   </trkpt>
   <trkpt lat="4.8063960" lon="-75.8170980">
    <ele>1205.1</ele>
   </trkpt>
   <trkpt lat="4.8063980" lon="-75.8171160">
    <ele>1205.1</ele>
   </trkpt>
   <trkpt lat="4.8063990" lon="-75.8171320">
    <ele>1205.0</ele>
   </trkpt>
   <trkpt lat="4.8064010" lon="-75.8171470">
    <ele>1204.9</ele>
   </trkpt>
   <trkpt lat="4.8064030" lon="-75.8171630">
    <ele>1204.8</ele>
   </trkpt>
   <trkpt lat="4.8064050" lon="-75.8171810">
    <ele>1204.7</ele>
   </trkpt>
   <trkpt lat="4.8064070" lon="-75.8172020">
    <ele>1204.6</ele>
   </trkpt>
   <trkpt lat="4.8064090" lon="-75.8172230">
    <ele>1204.5</ele>
   </trkpt>
   <trkpt lat="4.8064110" lon="-75.8172450">
    <ele>1204.4</ele>
   </trkpt>
   <trkpt lat="4.8064130" lon="-75.8172670">
    <ele>1204.3</ele>
   </trkpt>
   <trkpt lat="4.8064150" lon="-75.8172890">
    <ele>1204.2</ele>
   </trkpt>
   <trkpt lat="4.8064160" lon="-75.8173100">
    <ele>1204.1</ele>
   </trkpt>
   <trkpt lat="4.8064180" lon="-75.8173310">
    <ele>1204.0</ele>
   </trkpt>
   <trkpt lat="4.8064200" lon="-75.8173520">
    <ele>1203.9</ele>
   </trkpt>
   <trkpt lat="4.8064220" lon="-75.8173730">
    <ele>1203.8</ele>
   </trkpt>
   <trkpt lat="4.8064230" lon="-75.8173940">
    <ele>1203.7</ele>
   </trkpt>
   <trkpt lat="4.8064250" lon="-75.8174160">
    <ele>1203.6</ele>
   </trkpt>
   <trkpt lat="4.8064270" lon="-75.8174380">
    <ele>1203.4</ele>
   </trkpt>
   <trkpt lat="4.8064290" lon="-75.8174590">
    <ele>1203.3</ele>
   </trkpt>
   <trkpt lat="4.8064300" lon="-75.8174800">
    <ele>1203.2</ele>
   </trkpt>
   <trkpt lat="4.8064320" lon="-75.8175010">
    <ele>1203.1</ele>
   </trkpt>
   <trkpt lat="4.8064340" lon="-75.8175220">
    <ele>1203.0</ele>
   </trkpt>
   <trkpt lat="4.8064350" lon="-75.8175430">
    <ele>1202.8</ele>
   </trkpt>
   <trkpt lat="4.8064370" lon="-75.8175630">
    <ele>1202.7</ele>
   </trkpt>
   <trkpt lat="4.8064390" lon="-75.8175840">
    <ele>1202.6</ele>
   </trkpt>
   <trkpt lat="4.8064410" lon="-75.8176050">
    <ele>1202.5</ele>
   </trkpt>
   <trkpt lat="4.8064430" lon="-75.8176270">
    <ele>1202.4</ele>
   </trkpt>
   <trkpt lat="4.8064450" lon="-75.8176490">
    <ele>1202.2</ele>
   </trkpt>
   <trkpt lat="4.8064470" lon="-75.8176710">
    <ele>1202.1</ele>
   </trkpt>
   <trkpt lat="4.8064490" lon="-75.8176920">
    <ele>1202.0</ele>
   </trkpt>
   <trkpt lat="4.8064510" lon="-75.8177140">
    <ele>1201.9</ele>
   </trkpt>
   <trkpt lat="4.8064530" lon="-75.8177350">
    <ele>1201.7</ele>
   </trkpt>
   <trkpt lat="4.8064550" lon="-75.8177560">
    <ele>1201.6</ele>
   </trkpt>
   <trkpt lat="4.8064570" lon="-75.8177770">
    <ele>1201.5</ele>
   </trkpt>
   <trkpt lat="4.8064590" lon="-75.8177980">
    <ele>1201.4</ele>
   </trkpt>
   <trkpt lat="4.8064610" lon="-75.8178190">
    <ele>1201.3</ele>
   </trkpt>
   <trkpt lat="4.8064620" lon="-75.8178420">
    <ele>1201.1</ele>
   </trkpt>
   <trkpt lat="4.8064640" lon="-75.8178640">
    <ele>1201.0</ele>
   </trkpt>
   <trkpt lat="4.8064660" lon="-75.8178870">
    <ele>1200.9</ele>
   </trkpt>
   <trkpt lat="4.8064680" lon="-75.8179110">
    <ele>1200.7</ele>
   </trkpt>
   <trkpt lat="4.8064690" lon="-75.8179340">
    <ele>1200.6</ele>
   </trkpt>
   <trkpt lat="4.8064710" lon="-75.8179570">
    <ele>1200.5</ele>
   </trkpt>
   <trkpt lat="4.8064730" lon="-75.8179800">
    <ele>1200.3</ele>
   </trkpt>
   <trkpt lat="4.8064740" lon="-75.8180030">
    <ele>1200.2</ele>
   </trkpt>
   <trkpt lat="4.8064760" lon="-75.8180240">
    <ele>1200.1</ele>
   </trkpt>
   <trkpt lat="4.8064780" lon="-75.8180440">
    <ele>1200.0</ele>
   </trkpt>
   <trkpt lat="4.8064790" lon="-75.8180630">
    <ele>1199.9</ele>
   </trkpt>
   <trkpt lat="4.8064800" lon="-75.8180810">
    <ele>1199.8</ele>
   </trkpt>
   <trkpt lat="4.8064810" lon="-75.8180990">
    <ele>1199.7</ele>
   </trkpt>
   <trkpt lat="4.8064820" lon="-75.8181170">
    <ele>1199.6</ele>
   </trkpt>
   <trkpt lat="4.8064840" lon="-75.8181350">
    <ele>1199.5</ele>
   </trkpt>
   <trkpt lat="4.8064860" lon="-75.8181530">
    <ele>1199.4</ele>
   </trkpt>
   <trkpt lat="4.8064880" lon="-75.8181690">
    <ele>1199.3</ele>
   </trkpt>
   <trkpt lat="4.8064900" lon="-75.8181860">
    <ele>1199.2</ele>
   </trkpt>
   <trkpt lat="4.8064920" lon="-75.8182040">
    <ele>1199.1</ele>
   </trkpt>
   <trkpt lat="4.8064940" lon="-75.8182250">
    <ele>1199.0</ele>
   </trkpt>
   <trkpt lat="4.8064970" lon="-75.8182470">
    <ele>1198.9</ele>
   </trkpt>
   <trkpt lat="4.8064990" lon="-75.8182710">
    <ele>1198.8</ele>
   </trkpt>
   <trkpt lat="4.8065010" lon="-75.8182950">
    <ele>1198.6</ele>
   </trkpt>
   <trkpt lat="4.8065040" lon="-75.8183190">
    <ele>1198.5</ele>
   </trkpt>
   <trkpt lat="4.8065060" lon="-75.8183430">
    <ele>1198.4</ele>
   </trkpt>
   <trkpt lat="4.8065090" lon="-75.8183670">
    <ele>1198.3</ele>
   </trkpt>
   <trkpt lat="4.8065110" lon="-75.8183920">
    <ele>1198.2</ele>
   </trkpt>
   <trkpt lat="4.8065140" lon="-75.8184160">
    <ele>1198.0</ele>
   </trkpt>
   <trkpt lat="4.8065160" lon="-75.8184400">
    <ele>1197.9</ele>
   </trkpt>
   <trkpt lat="4.8065190" lon="-75.8184630">
    <ele>1197.8</ele>
   </trkpt>
   <trkpt lat="4.8065220" lon="-75.8184850">
    <ele>1197.7</ele>
   </trkpt>
   <trkpt lat="4.8065240" lon="-75.8185080">
    <ele>1197.6</ele>
   </trkpt>
   <trkpt lat="4.8065270" lon="-75.8185310">
    <ele>1197.5</ele>
   </trkpt>
   <trkpt lat="4.8065290" lon="-75.8185550">
    <ele>1197.4</ele>
   </trkpt>
   <trkpt lat="4.8065320" lon="-75.8185790">
    <ele>1197.3</ele>
   </trkpt>
   <trkpt lat="4.8065340" lon="-75.8186010">
    <ele>1197.2</ele>
   </trkpt>
   <trkpt lat="4.8065360" lon="-75.8186240">
    <ele>1197.1</ele>
   </trkpt>
   <trkpt lat="4.8065380" lon="-75.8186460">
    <ele>1197.0</ele>
   </trkpt>
   <trkpt lat="4.8065400" lon="-75.8186690">
    <ele>1196.9</ele>
   </trkpt>
   <trkpt lat="4.8065420" lon="-75.8186920">
    <ele>1196.7</ele>
   </trkpt>
   <trkpt lat="4.8065440" lon="-75.8187150">
    <ele>1196.6</ele>
   </trkpt>
   <trkpt lat="4.8065450" lon="-75.8187390">
    <ele>1196.5</ele>
   </trkpt>
   <trkpt lat="4.8065460" lon="-75.8187620">
    <ele>1196.4</ele>
   </trkpt>
   <trkpt lat="4.8065470" lon="-75.8187840">
    <ele>1196.3</ele>
   </trkpt>
   <trkpt lat="4.8065470" lon="-75.8188060">
    <ele>1196.2</ele>
   </trkpt>
   <trkpt lat="4.8065480" lon="-75.8188300">
    <ele>1196.1</ele>
   </trkpt>
   <trkpt lat="4.8065480" lon="-75.8188530">
    <ele>1196.1</ele>
   </trkpt>
   <trkpt lat="4.8065480" lon="-75.8188780">
    <ele>1196.0</ele>
   </trkpt>
   <trkpt lat="4.8065480" lon="-75.8189020">
    <ele>1195.9</ele>
   </trkpt>
   <trkpt lat="4.8065480" lon="-75.8189270">
    <ele>1195.8</ele>
   </trkpt>
   <trkpt lat="4.8065470" lon="-75.8189510">
    <ele>1195.7</ele>
   </trkpt>
   <trkpt lat="4.8065470" lon="-75.8189740">
    <ele>1195.6</ele>
   </trkpt>
   <trkpt lat="4.8065460" lon="-75.8189980">
    <ele>1195.5</ele>
   </trkpt>
   <trkpt lat="4.8065460" lon="-75.8190220">
    <ele>1195.5</ele>
   </trkpt>
   <trkpt lat="4.8065450" lon="-75.8190450">
    <ele>1195.4</ele>
   </trkpt>
   <trkpt lat="4.8065450" lon="-75.8190690">
    <ele>1195.3</ele>
   </trkpt>
   <trkpt lat="4.8065440" lon="-75.8190930">
    <ele>1195.2</ele>
   </trkpt>
   <trkpt lat="4.8065440" lon="-75.8191180">
    <ele>1195.1</ele>
   </trkpt>
   <trkpt lat="4.8065430" lon="-75.8191430">
    <ele>1195.0</ele>
   </trkpt>
   <trkpt lat="4.8065430" lon="-75.8191690">
    <ele>1194.9</ele>
   </trkpt>
   <trkpt lat="4.8065420" lon="-75.8191940">
    <ele>1194.8</ele>
   </trkpt>
   <trkpt lat="4.8065420" lon="-75.8192190">
    <ele>1194.7</ele>
   </trkpt>
   <trkpt lat="4.8065410" lon="-75.8192450">
    <ele>1194.6</ele>
   </trkpt>
   <trkpt lat="4.8065410" lon="-75.8192690">
    <ele>1194.5</ele>
   </trkpt>
   <trkpt lat="4.8065410" lon="-75.8192910">
    <ele>1194.4</ele>
   </trkpt>
   <trkpt lat="4.8065420" lon="-75.8193090">
    <ele>1194.3</ele>
   </trkpt>
   <trkpt lat="4.8065430" lon="-75.8193250">
    <ele>1194.2</ele>
   </trkpt>
   <trkpt lat="4.8065440" lon="-75.8193390">
    <ele>1194.2</ele>
   </trkpt>
   <trkpt lat="4.8065450" lon="-75.8193530">
    <ele>1194.1</ele>
   </trkpt>
   <trkpt lat="4.8065460" lon="-75.8193670">
    <ele>1194.1</ele>
   </trkpt>
   <trkpt lat="4.8065460" lon="-75.8193820">
    <ele>1194.0</ele>
   </trkpt>
   <trkpt lat="4.8065470" lon="-75.8193990">
    <ele>1193.9</ele>
   </trkpt>
   <trkpt lat="4.8065460" lon="-75.8194170">
    <ele>1193.8</ele>
   </trkpt>
   <trkpt lat="4.8065460" lon="-75.8194370">
    <ele>1193.7</ele>
   </trkpt>
   <trkpt lat="4.8065450" lon="-75.8194570">
    <ele>1193.7</ele>
   </trkpt>
   <trkpt lat="4.8065430" lon="-75.8194780">
    <ele>1193.6</ele>
   </trkpt>
   <trkpt lat="4.8065410" lon="-75.8195000">
    <ele>1193.4</ele>
   </trkpt>
   <trkpt lat="4.8065380" lon="-75.8195220">
    <ele>1193.3</ele>
   </trkpt>
   <trkpt lat="4.8065360" lon="-75.8195440">
    <ele>1193.2</ele>
   </trkpt>
   <trkpt lat="4.8065330" lon="-75.8195660">
    <ele>1193.1</ele>
   </trkpt>
   <trkpt lat="4.8065290" lon="-75.8195880">
    <ele>1193.0</ele>
   </trkpt>
   <trkpt lat="4.8065250" lon="-75.8196090">
    <ele>1192.9</ele>
   </trkpt>
   <trkpt lat="4.8065210" lon="-75.8196310">
    <ele>1192.8</ele>
   </trkpt>
   <trkpt lat="4.8065170" lon="-75.8196520">
    <ele>1192.6</ele>
   </trkpt>
   <trkpt lat="4.8065140" lon="-75.8196730">
    <ele>1192.5</ele>
   </trkpt>
   <trkpt lat="4.8065110" lon="-75.8196940">
    <ele>1192.4</ele>
   </trkpt>
   <trkpt lat="4.8065080" lon="-75.8197140">
    <ele>1192.3</ele>
   </trkpt>
   <trkpt lat="4.8065050" lon="-75.8197350">
    <ele>1192.2</ele>
   </trkpt>
   <trkpt lat="4.8065020" lon="-75.8197560">
    <ele>1192.1</ele>
   </trkpt>
   <trkpt lat="4.8064980" lon="-75.8197800">
    <ele>1192.0</ele>
   </trkpt>
   <trkpt lat="4.8064950" lon="-75.8198040">
    <ele>1191.8</ele>
   </trkpt>
   <trkpt lat="4.8064910" lon="-75.8198290">
    <ele>1191.7</ele>
   </trkpt>
   <trkpt lat="4.8064870" lon="-75.8198550">
    <ele>1191.6</ele>
   </trkpt>
   <trkpt lat="4.8064830" lon="-75.8198800">
    <ele>1191.4</ele>
   </trkpt>
   <trkpt lat="4.8064790" lon="-75.8199060">
    <ele>1191.3</ele>
   </trkpt>
   <trkpt lat="4.8064750" lon="-75.8199320">
    <ele>1191.2</ele>
   </trkpt>
   <trkpt lat="4.8064700" lon="-75.8199580">
    <ele>1191.0</ele>
   </trkpt>
   <trkpt lat="4.8064650" lon="-75.8199850">
    <ele>1190.9</ele>
   </trkpt>
   <trkpt lat="4.8064600" lon="-75.8200100">
    <ele>1190.8</ele>
   </trkpt>
   <trkpt lat="4.8064540" lon="-75.8200340">
    <ele>1190.7</ele>
   </trkpt>
   <trkpt lat="4.8064480" lon="-75.8200580">
    <ele>1190.6</ele>
   </trkpt>
   <trkpt lat="4.8064430" lon="-75.8200800">
    <ele>1190.5</ele>
   </trkpt>
   <trkpt lat="4.8064390" lon="-75.8201030">
    <ele>1190.5</ele>
   </trkpt>
   <trkpt lat="4.8064350" lon="-75.8201250">
    <ele>1190.4</ele>
   </trkpt>
   <trkpt lat="4.8064310" lon="-75.8201480">
    <ele>1190.3</ele>
   </trkpt>
   <trkpt lat="4.8064270" lon="-75.8201700">
    <ele>1190.3</ele>
   </trkpt>
   <trkpt lat="4.8064230" lon="-75.8201920">
    <ele>1190.2</ele>
   </trkpt>
   <trkpt lat="4.8064180" lon="-75.8202140">
    <ele>1190.1</ele>
   </trkpt>
   <trkpt lat="4.8064130" lon="-75.8202360">
    <ele>1190.1</ele>
   </trkpt>
   <trkpt lat="4.8064090" lon="-75.8202570">
    <ele>1190.0</ele>
   </trkpt>
   <trkpt lat="4.8064040" lon="-75.8202780">
    <ele>1189.9</ele>
   </trkpt>
   <trkpt lat="4.8064000" lon="-75.8202990">
    <ele>1189.9</ele>
   </trkpt>
   <trkpt lat="4.8063960" lon="-75.8203190">
    <ele>1189.8</ele>
   </trkpt>
   <trkpt lat="4.8063910" lon="-75.8203400">
    <ele>1189.7</ele>
   </trkpt>
   <trkpt lat="4.8063880" lon="-75.8203600">
    <ele>1189.7</ele>
   </trkpt>
   <trkpt lat="4.8063840" lon="-75.8203810">
    <ele>1189.6</ele>
   </trkpt>
   <trkpt lat="4.8063800" lon="-75.8204020">
    <ele>1189.5</ele>
   </trkpt>
   <trkpt lat="4.8063760" lon="-75.8204230">
    <ele>1189.5</ele>
   </trkpt>
   <trkpt lat="4.8063720" lon="-75.8204450">
    <ele>1189.4</ele>
   </trkpt>
   <trkpt lat="4.8063680" lon="-75.8204660">
    <ele>1189.4</ele>
   </trkpt>
   <trkpt lat="4.8063640" lon="-75.8204870">
    <ele>1189.3</ele>
   </trkpt>
   <trkpt lat="4.8063610" lon="-75.8205090">
    <ele>1189.3</ele>
   </trkpt>
   <trkpt lat="4.8063570" lon="-75.8205310">
    <ele>1189.2</ele>
   </trkpt>
   <trkpt lat="4.8063530" lon="-75.8205530">
    <ele>1189.1</ele>
   </trkpt>
   <trkpt lat="4.8063490" lon="-75.8205740">
    <ele>1189.1</ele>
   </trkpt>
   <trkpt lat="4.8063460" lon="-75.8205950">
    <ele>1189.1</ele>
   </trkpt>
   <trkpt lat="4.8063420" lon="-75.8206170">
    <ele>1189.0</ele>
   </trkpt>
   <trkpt lat="4.8063390" lon="-75.8206400">
    <ele>1189.0</ele>
   </trkpt>
   <trkpt lat="4.8063350" lon="-75.8206630">
    <ele>1188.9</ele>
   </trkpt>
   <trkpt lat="4.8063310" lon="-75.8206860">
    <ele>1188.9</ele>
   </trkpt>
   <trkpt lat="4.8063260" lon="-75.8207100">
    <ele>1188.8</ele>
   </trkpt>
   <trkpt lat="4.8063210" lon="-75.8207330">
    <ele>1188.8</ele>
   </trkpt>
   <trkpt lat="4.8063160" lon="-75.8207570">
    <ele>1188.8</ele>
   </trkpt>
   <trkpt lat="4.8063110" lon="-75.8207800">
    <ele>1188.7</ele>
   </trkpt>
   <trkpt lat="4.8063050" lon="-75.8208030">
    <ele>1188.7</ele>
   </trkpt>
   <trkpt lat="4.8062990" lon="-75.8208260">
    <ele>1188.6</ele>
   </trkpt>
   <trkpt lat="4.8062920" lon="-75.8208480">
    <ele>1188.6</ele>
   </trkpt>
   <trkpt lat="4.8062860" lon="-75.8208700">
    <ele>1188.6</ele>
   </trkpt>
   <trkpt lat="4.8062800" lon="-75.8208920">
    <ele>1188.5</ele>
   </trkpt>
   <trkpt lat="4.8062740" lon="-75.8209140">
    <ele>1188.5</ele>
   </trkpt>
   <trkpt lat="4.8062680" lon="-75.8209360">
    <ele>1188.5</ele>
   </trkpt>
   <trkpt lat="4.8062610" lon="-75.8209570">
    <ele>1188.4</ele>
   </trkpt>
   <trkpt lat="4.8062550" lon="-75.8209790">
    <ele>1188.4</ele>
   </trkpt>
   <trkpt lat="4.8062490" lon="-75.8210000">
    <ele>1188.4</ele>
   </trkpt>
   <trkpt lat="4.8062430" lon="-75.8210210">
    <ele>1188.3</ele>
   </trkpt>
   <trkpt lat="4.8062370" lon="-75.8210420">
    <ele>1188.3</ele>
   </trkpt>
   <trkpt lat="4.8062320" lon="-75.8210630">
    <ele>1188.3</ele>
   </trkpt>
   <trkpt lat="4.8062270" lon="-75.8210830">
    <ele>1188.3</ele>
   </trkpt>
   <trkpt lat="4.8062220" lon="-75.8211030">
    <ele>1188.2</ele>
   </trkpt>
   <trkpt lat="4.8062170" lon="-75.8211220">
    <ele>1188.2</ele>
   </trkpt>
   <trkpt lat="4.8062130" lon="-75.8211400">
    <ele>1188.2</ele>
   </trkpt>
   <trkpt lat="4.8062090" lon="-75.8211590">
    <ele>1188.2</ele>
   </trkpt>
   <trkpt lat="4.8062060" lon="-75.8211780">
    <ele>1188.2</ele>
   </trkpt>
   <trkpt lat="4.8062030" lon="-75.8211970">
    <ele>1188.1</ele>
   </trkpt>
   <trkpt lat="4.8062000" lon="-75.8212160">
    <ele>1188.1</ele>
   </trkpt>
   <trkpt lat="4.8061970" lon="-75.8212340">
    <ele>1188.1</ele>
   </trkpt>
   <trkpt lat="4.8061940" lon="-75.8212500">
    <ele>1188.1</ele>
   </trkpt>
   <trkpt lat="4.8061900" lon="-75.8212660">
    <ele>1188.1</ele>
   </trkpt>
   <trkpt lat="4.8061860" lon="-75.8212820">
    <ele>1188.0</ele>
   </trkpt>
   <trkpt lat="4.8061800" lon="-75.8213000">
    <ele>1188.0</ele>
   </trkpt>
   <trkpt lat="4.8061730" lon="-75.8213190">
    <ele>1188.0</ele>
   </trkpt>
   <trkpt lat="4.8061660" lon="-75.8213400">
    <ele>1188.0</ele>
   </trkpt>
   <trkpt lat="4.8061580" lon="-75.8213610">
    <ele>1187.9</ele>
   </trkpt>
   <trkpt lat="4.8061500" lon="-75.8213820">
    <ele>1187.9</ele>
   </trkpt>
   <trkpt lat="4.8061410" lon="-75.8214040">
    <ele>1187.9</ele>
   </trkpt>
   <trkpt lat="4.8061330" lon="-75.8214240">
    <ele>1187.8</ele>
   </trkpt>
   <trkpt lat="4.8061260" lon="-75.8214440">
    <ele>1187.8</ele>
   </trkpt>
   <trkpt lat="4.8061180" lon="-75.8214640">
    <ele>1187.8</ele>
   </trkpt>
   <trkpt lat="4.8061100" lon="-75.8214850">
    <ele>1187.7</ele>
   </trkpt>
   <trkpt lat="4.8061020" lon="-75.8215060">
    <ele>1187.7</ele>
   </trkpt>
   <trkpt lat="4.8060930" lon="-75.8215270">
    <ele>1187.6</ele>
   </trkpt>
   <trkpt lat="4.8060850" lon="-75.8215480">
    <ele>1187.6</ele>
   </trkpt>
   <trkpt lat="4.8060770" lon="-75.8215690">
    <ele>1187.6</ele>
   </trkpt>
   <trkpt lat="4.8060690" lon="-75.8215890">
    <ele>1187.5</ele>
   </trkpt>
   <trkpt lat="4.8060600" lon="-75.8216090">
    <ele>1187.5</ele>
   </trkpt>
   <trkpt lat="4.8060520" lon="-75.8216290">
    <ele>1187.4</ele>
   </trkpt>
   <trkpt lat="4.8060430" lon="-75.8216500">
    <ele>1187.4</ele>
   </trkpt>
   <trkpt lat="4.8060340" lon="-75.8216700">
    <ele>1187.4</ele>
   </trkpt>
   <trkpt lat="4.8060250" lon="-75.8216900">
    <ele>1187.3</ele>
   </trkpt>
   <trkpt lat="4.8060160" lon="-75.8217110">
    <ele>1187.3</ele>
   </trkpt>
   <trkpt lat="4.8060070" lon="-75.8217310">
    <ele>1187.3</ele>
   </trkpt>
   <trkpt lat="4.8059970" lon="-75.8217520">
    <ele>1187.2</ele>
   </trkpt>
   <trkpt lat="4.8059880" lon="-75.8217730">
    <ele>1187.2</ele>
   </trkpt>
   <trkpt lat="4.8059780" lon="-75.8217940">
    <ele>1187.2</ele>
   </trkpt>
   <trkpt lat="4.8059680" lon="-75.8218160">
    <ele>1187.1</ele>
   </trkpt>
   <trkpt lat="4.8059570" lon="-75.8218370">
    <ele>1187.1</ele>
   </trkpt>
   <trkpt lat="4.8059470" lon="-75.8218580">
    <ele>1187.1</ele>
   </trkpt>
   <trkpt lat="4.8059370" lon="-75.8218790">
    <ele>1187.0</ele>
   </trkpt>
   <trkpt lat="4.8059270" lon="-75.8219010">
    <ele>1187.0</ele>
   </trkpt>
   <trkpt lat="4.8059170" lon="-75.8219220">
    <ele>1187.0</ele>
   </trkpt>
   <trkpt lat="4.8059080" lon="-75.8219410">
    <ele>1187.0</ele>
   </trkpt>
   <trkpt lat="4.8058990" lon="-75.8219600">
    <ele>1186.9</ele>
   </trkpt>
   <trkpt lat="4.8058900" lon="-75.8219780">
    <ele>1186.9</ele>
   </trkpt>
   <trkpt lat="4.8058820" lon="-75.8219950">
    <ele>1186.9</ele>
   </trkpt>
   <trkpt lat="4.8058740" lon="-75.8220130">
    <ele>1186.9</ele>
   </trkpt>
   <trkpt lat="4.8058650" lon="-75.8220300">
    <ele>1186.8</ele>
   </trkpt>
   <trkpt lat="4.8058560" lon="-75.8220480">
    <ele>1186.8</ele>
   </trkpt>
   <trkpt lat="4.8058470" lon="-75.8220660">
    <ele>1186.8</ele>
   </trkpt>
   <trkpt lat="4.8058370" lon="-75.8220840">
    <ele>1186.8</ele>
   </trkpt>
   <trkpt lat="4.8058270" lon="-75.8221020">
    <ele>1186.8</ele>
   </trkpt>
   <trkpt lat="4.8058170" lon="-75.8221200">
    <ele>1186.8</ele>
   </trkpt>
   <trkpt lat="4.8058070" lon="-75.8221390">
    <ele>1186.7</ele>
   </trkpt>
   <trkpt lat="4.8057970" lon="-75.8221570">
    <ele>1186.7</ele>
   </trkpt>
   <trkpt lat="4.8057860" lon="-75.8221760">
    <ele>1186.7</ele>
   </trkpt>
   <trkpt lat="4.8057750" lon="-75.8221960">
    <ele>1186.7</ele>
   </trkpt>
   <trkpt lat="4.8057640" lon="-75.8222160">
    <ele>1186.7</ele>
   </trkpt>
   <trkpt lat="4.8057530" lon="-75.8222350">
    <ele>1186.7</ele>
   </trkpt>
   <trkpt lat="4.8057430" lon="-75.8222550">
    <ele>1186.6</ele>
   </trkpt>
   <trkpt lat="4.8057320" lon="-75.8222740">
    <ele>1186.6</ele>
   </trkpt>
   <trkpt lat="4.8057220" lon="-75.8222920">
    <ele>1186.6</ele>
   </trkpt>
   <trkpt lat="4.8057120" lon="-75.8223100">
    <ele>1186.6</ele>
   </trkpt>
   <trkpt lat="4.8057010" lon="-75.8223290">
    <ele>1186.6</ele>
   </trkpt>
   <trkpt lat="4.8056910" lon="-75.8223480">
    <ele>1186.6</ele>
   </trkpt>
   <trkpt lat="4.8056800" lon="-75.8223670">
    <ele>1186.6</ele>
   </trkpt>
   <trkpt lat="4.8056690" lon="-75.8223860">
    <ele>1186.6</ele>
   </trkpt>
   <trkpt lat="4.8056590" lon="-75.8224050">
    <ele>1186.5</ele>
   </trkpt>
   <trkpt lat="4.8056480" lon="-75.8224240">
    <ele>1186.5</ele>
   </trkpt>
   <trkpt lat="4.8056380" lon="-75.8224420">
    <ele>1186.5</ele>
   </trkpt>
   <trkpt lat="4.8056270" lon="-75.8224600">
    <ele>1186.5</ele>
   </trkpt>
   <trkpt lat="4.8056170" lon="-75.8224780">
    <ele>1186.5</ele>
   </trkpt>
   <trkpt lat="4.8056060" lon="-75.8224960">
    <ele>1186.5</ele>
   </trkpt>
   <trkpt lat="4.8055960" lon="-75.8225120">
    <ele>1186.5</ele>
   </trkpt>
   <trkpt lat="4.8055850" lon="-75.8225290">
    <ele>1186.5</ele>
   </trkpt>
   <trkpt lat="4.8055740" lon="-75.8225460">
    <ele>1186.5</ele>
   </trkpt>
   <trkpt lat="4.8055630" lon="-75.8225630">
    <ele>1186.5</ele>
   </trkpt>
   <trkpt lat="4.8055520" lon="-75.8225790">
    <ele>1186.5</ele>
   </trkpt>
   <trkpt lat="4.8055410" lon="-75.8225960">
    <ele>1186.5</ele>
   </trkpt>
   <trkpt lat="4.8055300" lon="-75.8226120">
    <ele>1186.5</ele>
   </trkpt>
   <trkpt lat="4.8055190" lon="-75.8226280">
    <ele>1186.5</ele>
   </trkpt>
   <trkpt lat="4.8055080" lon="-75.8226450">
    <ele>1186.5</ele>
   </trkpt>
   <trkpt lat="4.8054970" lon="-75.8226620">
    <ele>1186.5</ele>
   </trkpt>
   <trkpt lat="4.8054860" lon="-75.8226800">
    <ele>1186.5</ele>
   </trkpt>
   <trkpt lat="4.8054740" lon="-75.8226980">
    <ele>1186.5</ele>
   </trkpt>
   <trkpt lat="4.8054630" lon="-75.8227160">
    <ele>1186.5</ele>
   </trkpt>
   <trkpt lat="4.8054510" lon="-75.8227350">
    <ele>1186.5</ele>
   </trkpt>
   <trkpt lat="4.8054390" lon="-75.8227530">
    <ele>1186.5</ele>
   </trkpt>
   <trkpt lat="4.8054270" lon="-75.8227720">
    <ele>1186.4</ele>
   </trkpt>
   <trkpt lat="4.8054140" lon="-75.8227910">
    <ele>1186.4</ele>
   </trkpt>
   <trkpt lat="4.8054010" lon="-75.8228100">
    <ele>1186.4</ele>
   </trkpt>
   <trkpt lat="4.8053880" lon="-75.8228290">
    <ele>1186.4</ele>
   </trkpt>
   <trkpt lat="4.8053760" lon="-75.8228460">
    <ele>1186.4</ele>
   </trkpt>
   <trkpt lat="4.8053640" lon="-75.8228630">
    <ele>1186.4</ele>
   </trkpt>
   <trkpt lat="4.8053510" lon="-75.8228800">
    <ele>1186.4</ele>
   </trkpt>
   <trkpt lat="4.8053400" lon="-75.8228970">
    <ele>1186.4</ele>
   </trkpt>
   <trkpt lat="4.8053290" lon="-75.8229120">
    <ele>1186.4</ele>
   </trkpt>
   <trkpt lat="4.8053200" lon="-75.8229260">
    <ele>1186.4</ele>
   </trkpt>
   <trkpt lat="4.8053100" lon="-75.8229400">
    <ele>1186.4</ele>
   </trkpt>
   <trkpt lat="4.8053000" lon="-75.8229540">
    <ele>1186.4</ele>
   </trkpt>
   <trkpt lat="4.8052880" lon="-75.8229710">
    <ele>1186.4</ele>
   </trkpt>
   <trkpt lat="4.8052760" lon="-75.8229880">
    <ele>1186.4</ele>
   </trkpt>
   <trkpt lat="4.8052620" lon="-75.8230060">
    <ele>1186.4</ele>
   </trkpt>
   <trkpt lat="4.8052480" lon="-75.8230240">
    <ele>1186.4</ele>
   </trkpt>
   <trkpt lat="4.8052350" lon="-75.8230400">
    <ele>1186.4</ele>
   </trkpt>
   <trkpt lat="4.8052220" lon="-75.8230570">
    <ele>1186.4</ele>
   </trkpt>
   <trkpt lat="4.8052100" lon="-75.8230720">
    <ele>1186.4</ele>
   </trkpt>
   <trkpt lat="4.8051980" lon="-75.8230880">
    <ele>1186.4</ele>
   </trkpt>
   <trkpt lat="4.8051860" lon="-75.8231020">
    <ele>1186.4</ele>
   </trkpt>
   <trkpt lat="4.8051740" lon="-75.8231180">
    <ele>1186.4</ele>
   </trkpt>
   <trkpt lat="4.8051620" lon="-75.8231340">
    <ele>1186.4</ele>
   </trkpt>
   <trkpt lat="4.8051490" lon="-75.8231500">
    <ele>1186.4</ele>
   </trkpt>
   <trkpt lat="4.8051370" lon="-75.8231660">
    <ele>1186.4</ele>
   </trkpt>
   <trkpt lat="4.8051240" lon="-75.8231820">
    <ele>1186.4</ele>
   </trkpt>
   <trkpt lat="4.8051120" lon="-75.8231970">
    <ele>1186.5</ele>
   </trkpt>
   <trkpt lat="4.8051000" lon="-75.8232130">
    <ele>1186.5</ele>
   </trkpt>
   <trkpt lat="4.8050870" lon="-75.8232290">
    <ele>1186.5</ele>
   </trkpt>
   <trkpt lat="4.8050750" lon="-75.8232440">
    <ele>1186.5</ele>
   </trkpt>
   <trkpt lat="4.8050620" lon="-75.8232600">
    <ele>1186.5</ele>
   </trkpt>
   <trkpt lat="4.8050490" lon="-75.8232760">
    <ele>1186.6</ele>
   </trkpt>
   <trkpt lat="4.8050360" lon="-75.8232930">
    <ele>1186.6</ele>
   </trkpt>
   <trkpt lat="4.8050220" lon="-75.8233090">
    <ele>1186.6</ele>
   </trkpt>
   <trkpt lat="4.8050090" lon="-75.8233250">
    <ele>1186.6</ele>
   </trkpt>
   <trkpt lat="4.8049950" lon="-75.8233420">
    <ele>1186.7</ele>
   </trkpt>
   <trkpt lat="4.8049810" lon="-75.8233590">
    <ele>1186.7</ele>
   </trkpt>
   <trkpt lat="4.8049670" lon="-75.8233760">
    <ele>1186.7</ele>
   </trkpt>
   <trkpt lat="4.8049530" lon="-75.8233930">
    <ele>1186.8</ele>
   </trkpt>
   <trkpt lat="4.8049380" lon="-75.8234110">
    <ele>1186.8</ele>
   </trkpt>
   <trkpt lat="4.8049240" lon="-75.8234280">
    <ele>1186.8</ele>
   </trkpt>
   <trkpt lat="4.8049090" lon="-75.8234460">
    <ele>1186.8</ele>
   </trkpt>
   <trkpt lat="4.8048940" lon="-75.8234640">
    <ele>1186.9</ele>
   </trkpt>
   <trkpt lat="4.8048790" lon="-75.8234820">
    <ele>1186.9</ele>
   </trkpt>
   <trkpt lat="4.8048640" lon="-75.8235010">
    <ele>1186.9</ele>
   </trkpt>
   <trkpt lat="4.8048490" lon="-75.8235190">
    <ele>1186.9</ele>
   </trkpt>
   <trkpt lat="4.8048340" lon="-75.8235360">
    <ele>1187.0</ele>
   </trkpt>
   <trkpt lat="4.8048200" lon="-75.8235530">
    <ele>1187.0</ele>
   </trkpt>
   <trkpt lat="4.8048070" lon="-75.8235670">
    <ele>1187.0</ele>
   </trkpt>
   <trkpt lat="4.8047940" lon="-75.8235810">
    <ele>1187.0</ele>
   </trkpt>
   <trkpt lat="4.8047820" lon="-75.8235930">
    <ele>1187.0</ele>
   </trkpt>
   <trkpt lat="4.8047710" lon="-75.8236040">
    <ele>1187.0</ele>
   </trkpt>
   <trkpt lat="4.8047600" lon="-75.8236130">
    <ele>1187.1</ele>
   </trkpt>
   <trkpt lat="4.8047480" lon="-75.8236220">
    <ele>1187.1</ele>
   </trkpt>
   <trkpt lat="4.8047360" lon="-75.8236310">
    <ele>1187.1</ele>
   </trkpt>
   <trkpt lat="4.8047240" lon="-75.8236420">
    <ele>1187.1</ele>
   </trkpt>
   <trkpt lat="4.8047100" lon="-75.8236550">
    <ele>1187.1</ele>
   </trkpt>
   <trkpt lat="4.8046960" lon="-75.8236690">
    <ele>1187.1</ele>
   </trkpt>
   <trkpt lat="4.8046820" lon="-75.8236830">
    <ele>1187.2</ele>
   </trkpt>
   <trkpt lat="4.8046680" lon="-75.8236980">
    <ele>1187.2</ele>
   </trkpt>
   <trkpt lat="4.8046540" lon="-75.8237130">
    <ele>1187.2</ele>
   </trkpt>
   <trkpt lat="4.8046400" lon="-75.8237290">
    <ele>1187.2</ele>
   </trkpt>
   <trkpt lat="4.8046260" lon="-75.8237440">
    <ele>1187.2</ele>
   </trkpt>
   <trkpt lat="4.8046120" lon="-75.8237600">
    <ele>1187.2</ele>
   </trkpt>
   <trkpt lat="4.8045980" lon="-75.8237760">
    <ele>1187.2</ele>
   </trkpt>
   <trkpt lat="4.8045840" lon="-75.8237920">
    <ele>1187.2</ele>
   </trkpt>
   <trkpt lat="4.8045700" lon="-75.8238090">
    <ele>1187.2</ele>
   </trkpt>
   <trkpt lat="4.8045570" lon="-75.8238250">
    <ele>1187.2</ele>
   </trkpt>
   <trkpt lat="4.8045430" lon="-75.8238410">
    <ele>1187.2</ele>
   </trkpt>
   <trkpt lat="4.8045290" lon="-75.8238580">
    <ele>1187.2</ele>
   </trkpt>
   <trkpt lat="4.8045160" lon="-75.8238740">
    <ele>1187.2</ele>
   </trkpt>
   <trkpt lat="4.8045020" lon="-75.8238900">
    <ele>1187.3</ele>
   </trkpt>
   <trkpt lat="4.8044890" lon="-75.8239060">
    <ele>1187.3</ele>
   </trkpt>
   <trkpt lat="4.8044750" lon="-75.8239220">
    <ele>1187.3</ele>
   </trkpt>
   <trkpt lat="4.8044620" lon="-75.8239380">
    <ele>1187.3</ele>
   </trkpt>
   <trkpt lat="4.8044490" lon="-75.8239530">
    <ele>1187.3</ele>
   </trkpt>
   <trkpt lat="4.8044350" lon="-75.8239690">
    <ele>1187.3</ele>
   </trkpt>
   <trkpt lat="4.8044210" lon="-75.8239850">
    <ele>1187.3</ele>
   </trkpt>
   <trkpt lat="4.8044070" lon="-75.8240020">
    <ele>1187.3</ele>
   </trkpt>
   <trkpt lat="4.8043930" lon="-75.8240190">
    <ele>1187.3</ele>
   </trkpt>
   <trkpt lat="4.8043790" lon="-75.8240350">
    <ele>1187.3</ele>
   </trkpt>
   <trkpt lat="4.8043650" lon="-75.8240510">
    <ele>1187.3</ele>
   </trkpt>
   <trkpt lat="4.8043520" lon="-75.8240670">
    <ele>1187.3</ele>
   </trkpt>
   <trkpt lat="4.8043390" lon="-75.8240830">
    <ele>1187.3</ele>
   </trkpt>
   <trkpt lat="4.8043260" lon="-75.8240990">
    <ele>1187.4</ele>
   </trkpt>
   <trkpt lat="4.8043130" lon="-75.8241150">
    <ele>1187.4</ele>
   </trkpt>
   <trkpt lat="4.8043000" lon="-75.8241310">
    <ele>1187.4</ele>
   </trkpt>
   <trkpt lat="4.8042860" lon="-75.8241480">
    <ele>1187.4</ele>
   </trkpt>
   <trkpt lat="4.8042730" lon="-75.8241640">
    <ele>1187.4</ele>
   </trkpt>
   <trkpt lat="4.8042590" lon="-75.8241800">
    <ele>1187.4</ele>
   </trkpt>
   <trkpt lat="4.8042460" lon="-75.8241960">
    <ele>1187.4</ele>
   </trkpt>
   <trkpt lat="4.8042320" lon="-75.8242120">
    <ele>1187.4</ele>
   </trkpt>
   <trkpt lat="4.8042190" lon="-75.8242280">
    <ele>1187.4</ele>
   </trkpt>
   <trkpt lat="4.8042050" lon="-75.8242430">
    <ele>1187.4</ele>
   </trkpt>
   <trkpt lat="4.8041920" lon="-75.8242590">
    <ele>1187.4</ele>
   </trkpt>
   <trkpt lat="4.8041790" lon="-75.8242740">
    <ele>1187.4</ele>
   </trkpt>
   <trkpt lat="4.8041650" lon="-75.8242900">
    <ele>1187.4</ele>
   </trkpt>
   <trkpt lat="4.8041520" lon="-75.8243050">
    <ele>1187.4</ele>
   </trkpt>
   <trkpt lat="4.8041390" lon="-75.8243210">
    <ele>1187.4</ele>
   </trkpt>
   <trkpt lat="4.8041250" lon="-75.8243360">
    <ele>1187.4</ele>
   </trkpt>
   <trkpt lat="4.8041120" lon="-75.8243520">
    <ele>1187.4</ele>
   </trkpt>
   <trkpt lat="4.8040990" lon="-75.8243680">
    <ele>1187.4</ele>
   </trkpt>
   <trkpt lat="4.8040850" lon="-75.8243830">
    <ele>1187.4</ele>
   </trkpt>
   <trkpt lat="4.8040710" lon="-75.8244000">
    <ele>1187.4</ele>
   </trkpt>
   <trkpt lat="4.8040580" lon="-75.8244160">
    <ele>1187.4</ele>
   </trkpt>
   <trkpt lat="4.8040440" lon="-75.8244330">
    <ele>1187.4</ele>
   </trkpt>
   <trkpt lat="4.8040300" lon="-75.8244500">
    <ele>1187.4</ele>
   </trkpt>
   <trkpt lat="4.8040160" lon="-75.8244670">
    <ele>1187.4</ele>
   </trkpt>
   <trkpt lat="4.8040010" lon="-75.8244850">
    <ele>1187.4</ele>
   </trkpt>
   <trkpt lat="4.8039870" lon="-75.8245020">
    <ele>1187.3</ele>
   </trkpt>
   <trkpt lat="4.8039730" lon="-75.8245190">
    <ele>1187.3</ele>
   </trkpt>
   <trkpt lat="4.8039600" lon="-75.8245360">
    <ele>1187.3</ele>
   </trkpt>
   <trkpt lat="4.8039480" lon="-75.8245510">
    <ele>1187.3</ele>
   </trkpt>
   <trkpt lat="4.8039370" lon="-75.8245660">
    <ele>1187.3</ele>
   </trkpt>
   <trkpt lat="4.8039250" lon="-75.8245810">
    <ele>1187.3</ele>
   </trkpt>
   <trkpt lat="4.8039120" lon="-75.8245950">
    <ele>1187.3</ele>
   </trkpt>
   <trkpt lat="4.8038990" lon="-75.8246100">
    <ele>1187.3</ele>
   </trkpt>
   <trkpt lat="4.8038850" lon="-75.8246250">
    <ele>1187.3</ele>
   </trkpt>
   <trkpt lat="4.8038720" lon="-75.8246400">
    <ele>1187.3</ele>
   </trkpt>
   <trkpt lat="4.8038580" lon="-75.8246550">
    <ele>1187.3</ele>
   </trkpt>
   <trkpt lat="4.8038460" lon="-75.8246690">
    <ele>1187.3</ele>
   </trkpt>
   <trkpt lat="4.8038330" lon="-75.8246840">
    <ele>1187.2</ele>
   </trkpt>
   <trkpt lat="4.8038200" lon="-75.8246990">
    <ele>1187.2</ele>
   </trkpt>
   <trkpt lat="4.8038070" lon="-75.8247140">
    <ele>1187.2</ele>
   </trkpt>
   <trkpt lat="4.8037940" lon="-75.8247290">
    <ele>1187.2</ele>
   </trkpt>
   <trkpt lat="4.8037810" lon="-75.8247440">
    <ele>1187.2</ele>
   </trkpt>
   <trkpt lat="4.8037680" lon="-75.8247590">
    <ele>1187.2</ele>
   </trkpt>
   <trkpt lat="4.8037550" lon="-75.8247730">
    <ele>1187.2</ele>
   </trkpt>
   <trkpt lat="4.8037420" lon="-75.8247870">
    <ele>1187.2</ele>
   </trkpt>
   <trkpt lat="4.8037300" lon="-75.8248010">
    <ele>1187.2</ele>
   </trkpt>
   <trkpt lat="4.8037190" lon="-75.8248130">
    <ele>1187.2</ele>
   </trkpt>
   <trkpt lat="4.8037090" lon="-75.8248230">
    <ele>1187.2</ele>
   </trkpt>
   <trkpt lat="4.8037000" lon="-75.8248320">
    <ele>1187.2</ele>
   </trkpt>
   <trkpt lat="4.8036910" lon="-75.8248410">
    <ele>1187.2</ele>
   </trkpt>
   <trkpt lat="4.8036830" lon="-75.8248500">
    <ele>1187.2</ele>
   </trkpt>
   <trkpt lat="4.8036750" lon="-75.8248580">
    <ele>1187.2</ele>
   </trkpt>
   <trkpt lat="4.8036670" lon="-75.8248670">
    <ele>1187.2</ele>
   </trkpt>
   <trkpt lat="4.8036590" lon="-75.8248770">
    <ele>1187.2</ele>
   </trkpt>
   <trkpt lat="4.8036490" lon="-75.8248890">
    <ele>1187.2</ele>
   </trkpt>
   <trkpt lat="4.8036390" lon="-75.8249020">
    <ele>1187.2</ele>
   </trkpt>
   <trkpt lat="4.8036270" lon="-75.8249170">
    <ele>1187.2</ele>
   </trkpt>
   <trkpt lat="4.8036140" lon="-75.8249320">
    <ele>1187.1</ele>
   </trkpt>
   <trkpt lat="4.8036020" lon="-75.8249470">
    <ele>1187.1</ele>
   </trkpt>
   <trkpt lat="4.8035890" lon="-75.8249620">
    <ele>1187.1</ele>
   </trkpt>
   <trkpt lat="4.8035770" lon="-75.8249780">
    <ele>1187.1</ele>
   </trkpt>
   <trkpt lat="4.8035640" lon="-75.8249930">
    <ele>1187.1</ele>
   </trkpt>
   <trkpt lat="4.8035510" lon="-75.8250090">
    <ele>1187.1</ele>
   </trkpt>
   <trkpt lat="4.8035370" lon="-75.8250250">
    <ele>1187.1</ele>
   </trkpt>
   <trkpt lat="4.8035230" lon="-75.8250410">
    <ele>1187.1</ele>
   </trkpt>
   <trkpt lat="4.8035090" lon="-75.8250580">
    <ele>1187.1</ele>
   </trkpt>
   <trkpt lat="4.8034940" lon="-75.8250750">
    <ele>1187.0</ele>
   </trkpt>
   <trkpt lat="4.8034800" lon="-75.8250910">
    <ele>1187.0</ele>
   </trkpt>
   <trkpt lat="4.8034650" lon="-75.8251070">
    <ele>1187.0</ele>
   </trkpt>
   <trkpt lat="4.8034500" lon="-75.8251230">
    <ele>1187.0</ele>
   </trkpt>
   <trkpt lat="4.8034350" lon="-75.8251390">
    <ele>1187.0</ele>
   </trkpt>
   <trkpt lat="4.8034200" lon="-75.8251550">
    <ele>1187.0</ele>
   </trkpt>
   <trkpt lat="4.8034060" lon="-75.8251710">
    <ele>1186.9</ele>
   </trkpt>
   <trkpt lat="4.8033910" lon="-75.8251870">
    <ele>1186.9</ele>
   </trkpt>
   <trkpt lat="4.8033770" lon="-75.8252030">
    <ele>1186.9</ele>
   </trkpt>
   <trkpt lat="4.8033640" lon="-75.8252180">
    <ele>1186.9</ele>
   </trkpt>
   <trkpt lat="4.8033500" lon="-75.8252330">
    <ele>1186.9</ele>
   </trkpt>
   <trkpt lat="4.8033360" lon="-75.8252480">
    <ele>1186.9</ele>
   </trkpt>
   <trkpt lat="4.8033220" lon="-75.8252630">
    <ele>1186.9</ele>
   </trkpt>
   <trkpt lat="4.8033090" lon="-75.8252800">
    <ele>1186.9</ele>
   </trkpt>
   <trkpt lat="4.8032950" lon="-75.8252960">
    <ele>1186.9</ele>
   </trkpt>
   <trkpt lat="4.8032820" lon="-75.8253130">
    <ele>1186.9</ele>
   </trkpt>
   <trkpt lat="4.8032690" lon="-75.8253300">
    <ele>1186.9</ele>
   </trkpt>
   <trkpt lat="4.8032560" lon="-75.8253480">
    <ele>1186.8</ele>
   </trkpt>
   <trkpt lat="4.8032430" lon="-75.8253660">
    <ele>1186.8</ele>
   </trkpt>
   <trkpt lat="4.8032300" lon="-75.8253840">
    <ele>1186.8</ele>
   </trkpt>
   <trkpt lat="4.8032160" lon="-75.8254030">
    <ele>1186.8</ele>
   </trkpt>
   <trkpt lat="4.8032020" lon="-75.8254220">
    <ele>1186.8</ele>
   </trkpt>
   <trkpt lat="4.8031880" lon="-75.8254400">
    <ele>1186.7</ele>
   </trkpt>
   <trkpt lat="4.8031740" lon="-75.8254580">
    <ele>1186.7</ele>
   </trkpt>
   <trkpt lat="4.8031610" lon="-75.8254750">
    <ele>1186.7</ele>
   </trkpt>
   <trkpt lat="4.8031490" lon="-75.8254920">
    <ele>1186.7</ele>
   </trkpt>
   <trkpt lat="4.8031360" lon="-75.8255080">
    <ele>1186.6</ele>
   </trkpt>
   <trkpt lat="4.8031240" lon="-75.8255240">
    <ele>1186.6</ele>
   </trkpt>
   <trkpt lat="4.8031120" lon="-75.8255400">
    <ele>1186.6</ele>
   </trkpt>
   <trkpt lat="4.8031010" lon="-75.8255560">
    <ele>1186.6</ele>
   </trkpt>
   <trkpt lat="4.8030900" lon="-75.8255720">
    <ele>1186.5</ele>
   </trkpt>
   <trkpt lat="4.8030780" lon="-75.8255880">
    <ele>1186.5</ele>
   </trkpt>
   <trkpt lat="4.8030670" lon="-75.8256040">
    <ele>1186.5</ele>
   </trkpt>
   <trkpt lat="4.8030560" lon="-75.8256210">
    <ele>1186.5</ele>
   </trkpt>
   <trkpt lat="4.8030450" lon="-75.8256380">
    <ele>1186.4</ele>
   </trkpt>
   <trkpt lat="4.8030330" lon="-75.8256550">
    <ele>1186.4</ele>
   </trkpt>
   <trkpt lat="4.8030220" lon="-75.8256710">
    <ele>1186.4</ele>
   </trkpt>
   <trkpt lat="4.8030100" lon="-75.8256880">
    <ele>1186.4</ele>
   </trkpt>
   <trkpt lat="4.8029990" lon="-75.8257040">
    <ele>1186.4</ele>
   </trkpt>
   <trkpt lat="4.8029890" lon="-75.8257190">
    <ele>1186.4</ele>
   </trkpt>
   <trkpt lat="4.8029780" lon="-75.8257340">
    <ele>1186.4</ele>
   </trkpt>
   <trkpt lat="4.8029690" lon="-75.8257490">
    <ele>1186.3</ele>
   </trkpt>
   <trkpt lat="4.8029590" lon="-75.8257640">
    <ele>1186.3</ele>
   </trkpt>
   <trkpt lat="4.8029490" lon="-75.8257780">
    <ele>1186.3</ele>
   </trkpt>
   <trkpt lat="4.8029390" lon="-75.8257930">
    <ele>1186.3</ele>
   </trkpt>
   <trkpt lat="4.8029290" lon="-75.8258080">
    <ele>1186.3</ele>
   </trkpt>
   <trkpt lat="4.8029210" lon="-75.8258230">
    <ele>1186.3</ele>
   </trkpt>
   <trkpt lat="4.8029130" lon="-75.8258380">
    <ele>1186.3</ele>
   </trkpt>
   <trkpt lat="4.8029050" lon="-75.8258530">
    <ele>1186.3</ele>
   </trkpt>
   <trkpt lat="4.8028980" lon="-75.8258690">
    <ele>1186.2</ele>
   </trkpt>
   <trkpt lat="4.8028920" lon="-75.8258860">
    <ele>1186.2</ele>
   </trkpt>
   <trkpt lat="4.8028850" lon="-75.8259040">
    <ele>1186.2</ele>
   </trkpt>
   <trkpt lat="4.8028780" lon="-75.8259210">
    <ele>1186.2</ele>
   </trkpt>
   <trkpt lat="4.8028710" lon="-75.8259380">
    <ele>1186.2</ele>
   </trkpt>
   <trkpt lat="4.8028640" lon="-75.8259560">
    <ele>1186.2</ele>
   </trkpt>
   <trkpt lat="4.8028570" lon="-75.8259750">
    <ele>1186.2</ele>
   </trkpt>
   <trkpt lat="4.8028490" lon="-75.8259930">
    <ele>1186.2</ele>
   </trkpt>
   <trkpt lat="4.8028410" lon="-75.8260110">
    <ele>1186.2</ele>
   </trkpt>
   <trkpt lat="4.8028340" lon="-75.8260280">
    <ele>1186.1</ele>
   </trkpt>
   <trkpt lat="4.8028260" lon="-75.8260450">
    <ele>1186.1</ele>
   </trkpt>
   <trkpt lat="4.8028190" lon="-75.8260610">
    <ele>1186.1</ele>
   </trkpt>
   <trkpt lat="4.8028120" lon="-75.8260770">
    <ele>1186.1</ele>
   </trkpt>
   <trkpt lat="4.8028050" lon="-75.8260940">
    <ele>1186.1</ele>
   </trkpt>
   <trkpt lat="4.8027980" lon="-75.8261110">
    <ele>1186.1</ele>
   </trkpt>
   <trkpt lat="4.8027910" lon="-75.8261300">
    <ele>1186.1</ele>
   </trkpt>
   <trkpt lat="4.8027840" lon="-75.8261490">
    <ele>1186.1</ele>
   </trkpt>
   <trkpt lat="4.8027770" lon="-75.8261690">
    <ele>1186.1</ele>
   </trkpt>
   <trkpt lat="4.8027710" lon="-75.8261900">
    <ele>1186.1</ele>
   </trkpt>
   <trkpt lat="4.8027650" lon="-75.8262120">
    <ele>1186.1</ele>
   </trkpt>
   <trkpt lat="4.8027590" lon="-75.8262340">
    <ele>1186.1</ele>
   </trkpt>
   <trkpt lat="4.8027530" lon="-75.8262560">
    <ele>1186.1</ele>
   </trkpt>
   <trkpt lat="4.8027480" lon="-75.8262790">
    <ele>1186.1</ele>
   </trkpt>
   <trkpt lat="4.8027440" lon="-75.8263020">
    <ele>1186.1</ele>
   </trkpt>
   <trkpt lat="4.8027400" lon="-75.8263260">
    <ele>1186.0</ele>
   </trkpt>
   <trkpt lat="4.8027370" lon="-75.8263500">
    <ele>1186.0</ele>
   </trkpt>
   <trkpt lat="4.8027340" lon="-75.8263750">
    <ele>1186.0</ele>
   </trkpt>
   <trkpt lat="4.8027320" lon="-75.8263990">
    <ele>1186.0</ele>
   </trkpt>
   <trkpt lat="4.8027300" lon="-75.8264230">
    <ele>1186.0</ele>
   </trkpt>
   <trkpt lat="4.8027270" lon="-75.8264470">
    <ele>1186.0</ele>
   </trkpt>
   <trkpt lat="4.8027240" lon="-75.8264700">
    <ele>1186.0</ele>
   </trkpt>
   <trkpt lat="4.8027210" lon="-75.8264930">
    <ele>1185.9</ele>
   </trkpt>
   <trkpt lat="4.8027180" lon="-75.8265150">
    <ele>1185.9</ele>
   </trkpt>
   <trkpt lat="4.8027150" lon="-75.8265350">
    <ele>1185.9</ele>
   </trkpt>
   <trkpt lat="4.8027100" lon="-75.8265550">
    <ele>1185.9</ele>
   </trkpt>
   <trkpt lat="4.8027060" lon="-75.8265730">
    <ele>1185.9</ele>
   </trkpt>
   <trkpt lat="4.8027010" lon="-75.8265910">
    <ele>1185.8</ele>
   </trkpt>
   <trkpt lat="4.8026950" lon="-75.8266090">
    <ele>1185.8</ele>
   </trkpt>
   <trkpt lat="4.8026890" lon="-75.8266260">
    <ele>1185.8</ele>
   </trkpt>
   <trkpt lat="4.8026830" lon="-75.8266420">
    <ele>1185.8</ele>
   </trkpt>
   <trkpt lat="4.8026770" lon="-75.8266590">
    <ele>1185.8</ele>
   </trkpt>
   <trkpt lat="4.8026710" lon="-75.8266760">
    <ele>1185.8</ele>
   </trkpt>
   <trkpt lat="4.8026660" lon="-75.8266930">
    <ele>1185.7</ele>
   </trkpt>
   <trkpt lat="4.8026620" lon="-75.8267120">
    <ele>1185.7</ele>
   </trkpt>
   <trkpt lat="4.8026600" lon="-75.8267310">
    <ele>1185.7</ele>
   </trkpt>
   <trkpt lat="4.8026580" lon="-75.8267500">
    <ele>1185.7</ele>
   </trkpt>
   <trkpt lat="4.8026560" lon="-75.8267690">
    <ele>1185.7</ele>
   </trkpt>
   <trkpt lat="4.8026560" lon="-75.8267880">
    <ele>1185.7</ele>
   </trkpt>
   <trkpt lat="4.8026550" lon="-75.8268070">
    <ele>1185.7</ele>
   </trkpt>
   <trkpt lat="4.8026560" lon="-75.8268260">
    <ele>1185.7</ele>
   </trkpt>
   <trkpt lat="4.8026560" lon="-75.8268450">
    <ele>1185.7</ele>
   </trkpt>
   <trkpt lat="4.8026560" lon="-75.8268630">
    <ele>1185.7</ele>
   </trkpt>
   <trkpt lat="4.8026560" lon="-75.8268810">
    <ele>1185.7</ele>
   </trkpt>
   <trkpt lat="4.8026560" lon="-75.8268990">
    <ele>1185.7</ele>
   </trkpt>
   <trkpt lat="4.8026560" lon="-75.8269170">
    <ele>1185.7</ele>
   </trkpt>
   <trkpt lat="4.8026560" lon="-75.8269350">
    <ele>1185.7</ele>
   </trkpt>
   <trkpt lat="4.8026560" lon="-75.8269530">
    <ele>1185.7</ele>
   </trkpt>
   <trkpt lat="4.8026560" lon="-75.8269710">
    <ele>1185.7</ele>
   </trkpt>
   <trkpt lat="4.8026550" lon="-75.8269880">
    <ele>1185.7</ele>
   </trkpt>
   <trkpt lat="4.8026540" lon="-75.8270050">
    <ele>1185.7</ele>
   </trkpt>
   <trkpt lat="4.8026530" lon="-75.8270220">
    <ele>1185.7</ele>
   </trkpt>
   <trkpt lat="4.8026530" lon="-75.8270380">
    <ele>1185.7</ele>
   </trkpt>
   <trkpt lat="4.8026520" lon="-75.8270540">
    <ele>1185.7</ele>
   </trkpt>
   <trkpt lat="4.8026520" lon="-75.8270700">
    <ele>1185.7</ele>
   </trkpt>
   <trkpt lat="4.8026520" lon="-75.8270850">
    <ele>1185.7</ele>
   </trkpt>
   <trkpt lat="4.8026510" lon="-75.8271020">
    <ele>1185.7</ele>
   </trkpt>
   <trkpt lat="4.8026500" lon="-75.8271180">
    <ele>1185.7</ele>
   </trkpt>
   <trkpt lat="4.8026490" lon="-75.8271340">
    <ele>1185.7</ele>
   </trkpt>
   <trkpt lat="4.8026480" lon="-75.8271500">
    <ele>1185.7</ele>
   </trkpt>
   <trkpt lat="4.8026470" lon="-75.8271630">
    <ele>1185.7</ele>
   </trkpt>
   <trkpt lat="4.8026470" lon="-75.8271780">
    <ele>1185.7</ele>
   </trkpt>
   <trkpt lat="4.8026470" lon="-75.8271930">
    <ele>1185.8</ele>
   </trkpt>
   <trkpt lat="4.8026480" lon="-75.8272090">
    <ele>1185.8</ele>
   </trkpt>
   <trkpt lat="4.8026490" lon="-75.8272270">
    <ele>1185.8</ele>
   </trkpt>
   <trkpt lat="4.8026510" lon="-75.8272440">
    <ele>1185.8</ele>
   </trkpt>
   <trkpt lat="4.8026530" lon="-75.8272600">
    <ele>1185.8</ele>
   </trkpt>
   <trkpt lat="4.8026540" lon="-75.8272750">
    <ele>1185.8</ele>
   </trkpt>
   <trkpt lat="4.8026540" lon="-75.8272890">
    <ele>1185.8</ele>
   </trkpt>
   <trkpt lat="4.8026540" lon="-75.8273030">
    <ele>1185.8</ele>
   </trkpt>
   <trkpt lat="4.8026540" lon="-75.8273200">
    <ele>1185.8</ele>
   </trkpt>
   <trkpt lat="4.8026560" lon="-75.8273370">
    <ele>1185.9</ele>
   </trkpt>
   <trkpt lat="4.8026580" lon="-75.8273550">
    <ele>1185.9</ele>
   </trkpt>
   <trkpt lat="4.8026600" lon="-75.8273730">
    <ele>1185.9</ele>
   </trkpt>
   <trkpt lat="4.8026620" lon="-75.8273910">
    <ele>1185.9</ele>
   </trkpt>
   <trkpt lat="4.8026640" lon="-75.8274090">
    <ele>1185.9</ele>
   </trkpt>
   <trkpt lat="4.8026660" lon="-75.8274280">
    <ele>1185.9</ele>
   </trkpt>
   <trkpt lat="4.8026660" lon="-75.8274280">
    <ele>1185.9</ele>
   </trkpt>
   <trkpt lat="4.8026670" lon="-75.8274470">
    <ele>1185.9</ele>
   </trkpt>
   <trkpt lat="4.8026690" lon="-75.8274650">
    <ele>1185.9</ele>
   </trkpt>
   <trkpt lat="4.8026700" lon="-75.8274820">
    <ele>1186.0</ele>
   </trkpt>
   <trkpt lat="4.8026710" lon="-75.8274990">
    <ele>1186.0</ele>
   </trkpt>
   <trkpt lat="4.8026710" lon="-75.8275140">
    <ele>1186.0</ele>
   </trkpt>
   <trkpt lat="4.8026720" lon="-75.8275290">
    <ele>1186.0</ele>
   </trkpt>
   <trkpt lat="4.8026740" lon="-75.8275440">
    <ele>1186.0</ele>
   </trkpt>
   <trkpt lat="4.8026750" lon="-75.8275590">
    <ele>1186.0</ele>
   </trkpt>
   <trkpt lat="4.8026760" lon="-75.8275730">
    <ele>1186.0</ele>
   </trkpt>
   <trkpt lat="4.8026780" lon="-75.8275870">
    <ele>1186.0</ele>
   </trkpt>
   <trkpt lat="4.8026800" lon="-75.8276020">
    <ele>1186.0</ele>
   </trkpt>
   <trkpt lat="4.8026820" lon="-75.8276170">
    <ele>1186.0</ele>
   </trkpt>
   <trkpt lat="4.8026840" lon="-75.8276330">
    <ele>1186.0</ele>
   </trkpt>
   <trkpt lat="4.8026870" lon="-75.8276500">
    <ele>1186.1</ele>
   </trkpt>
   <trkpt lat="4.8026890" lon="-75.8276680">
    <ele>1186.1</ele>
   </trkpt>
   <trkpt lat="4.8026920" lon="-75.8276870">
    <ele>1186.1</ele>
   </trkpt>
   <trkpt lat="4.8026950" lon="-75.8277070">
    <ele>1186.1</ele>
   </trkpt>
   <trkpt lat="4.8026980" lon="-75.8277270">
    <ele>1186.1</ele>
   </trkpt>
   <trkpt lat="4.8027020" lon="-75.8277470">
    <ele>1186.1</ele>
   </trkpt>
   <trkpt lat="4.8027050" lon="-75.8277670">
    <ele>1186.1</ele>
   </trkpt>
   <trkpt lat="4.8027080" lon="-75.8277870">
    <ele>1186.1</ele>
   </trkpt>
   <trkpt lat="4.8027100" lon="-75.8278070">
    <ele>1186.1</ele>
   </trkpt>
   <trkpt lat="4.8027110" lon="-75.8278260">
    <ele>1186.1</ele>
   </trkpt>
   <trkpt lat="4.8027130" lon="-75.8278470">
    <ele>1186.1</ele>
   </trkpt>
   <trkpt lat="4.8027140" lon="-75.8278680">
    <ele>1186.1</ele>
   </trkpt>
   <trkpt lat="4.8027170" lon="-75.8278890">
    <ele>1186.1</ele>
   </trkpt>
   <trkpt lat="4.8027190" lon="-75.8279100">
    <ele>1186.1</ele>
   </trkpt>
   <trkpt lat="4.8027220" lon="-75.8279300">
    <ele>1186.1</ele>
   </trkpt>
   <trkpt lat="4.8027240" lon="-75.8279500">
    <ele>1186.1</ele>
   </trkpt>
   <trkpt lat="4.8027270" lon="-75.8279690">
    <ele>1186.1</ele>
   </trkpt>
   <trkpt lat="4.8027290" lon="-75.8279880">
    <ele>1186.1</ele>
   </trkpt>
   <trkpt lat="4.8027310" lon="-75.8280060">
    <ele>1186.1</ele>
   </trkpt>
   <trkpt lat="4.8027330" lon="-75.8280250">
    <ele>1186.1</ele>
   </trkpt>
   <trkpt lat="4.8027360" lon="-75.8280430">
    <ele>1186.2</ele>
   </trkpt>
   <trkpt lat="4.8027380" lon="-75.8280620">
    <ele>1186.2</ele>
   </trkpt>
   <trkpt lat="4.8027400" lon="-75.8280820">
    <ele>1186.2</ele>
   </trkpt>
   <trkpt lat="4.8027420" lon="-75.8281000">
    <ele>1186.2</ele>
   </trkpt>
   <trkpt lat="4.8027450" lon="-75.8281180">
    <ele>1186.2</ele>
   </trkpt>
   <trkpt lat="4.8027470" lon="-75.8281360">
    <ele>1186.2</ele>
   </trkpt>
   <trkpt lat="4.8027490" lon="-75.8281550">
    <ele>1186.2</ele>
   </trkpt>
   <trkpt lat="4.8027520" lon="-75.8281750">
    <ele>1186.2</ele>
   </trkpt>
   <trkpt lat="4.8027540" lon="-75.8281940">
    <ele>1186.2</ele>
   </trkpt>
   <trkpt lat="4.8027570" lon="-75.8282140">
    <ele>1186.2</ele>
   </trkpt>
   <trkpt lat="4.8027590" lon="-75.8282340">
    <ele>1186.2</ele>
   </trkpt>
   <trkpt lat="4.8027620" lon="-75.8282530">
    <ele>1186.2</ele>
   </trkpt>
   <trkpt lat="4.8027640" lon="-75.8282740">
    <ele>1186.2</ele>
   </trkpt>
   <trkpt lat="4.8027670" lon="-75.8282940">
    <ele>1186.2</ele>
   </trkpt>
   <trkpt lat="4.8027690" lon="-75.8283150">
    <ele>1186.2</ele>
   </trkpt>
   <trkpt lat="4.8027710" lon="-75.8283340">
    <ele>1186.2</ele>
   </trkpt>
   <trkpt lat="4.8027730" lon="-75.8283540">
    <ele>1186.2</ele>
   </trkpt>
   <trkpt lat="4.8027750" lon="-75.8283730">
    <ele>1186.2</ele>
   </trkpt>
   <trkpt lat="4.8027780" lon="-75.8283940">
    <ele>1186.2</ele>
   </trkpt>
   <trkpt lat="4.8027800" lon="-75.8284140">
    <ele>1186.2</ele>
   </trkpt>
   <trkpt lat="4.8027820" lon="-75.8284350">
    <ele>1186.2</ele>
   </trkpt>
   <trkpt lat="4.8027840" lon="-75.8284570">
    <ele>1186.2</ele>
   </trkpt>
   <trkpt lat="4.8027860" lon="-75.8284780">
    <ele>1186.2</ele>
   </trkpt>
   <trkpt lat="4.8027890" lon="-75.8285000">
    <ele>1186.2</ele>
   </trkpt>
   <trkpt lat="4.8027910" lon="-75.8285230">
    <ele>1186.2</ele>
   </trkpt>
   <trkpt lat="4.8027940" lon="-75.8285450">
    <ele>1186.2</ele>
   </trkpt>
   <trkpt lat="4.8027960" lon="-75.8285670">
    <ele>1186.2</ele>
   </trkpt>
   <trkpt lat="4.8027980" lon="-75.8285890">
    <ele>1186.2</ele>
   </trkpt>
   <trkpt lat="4.8028000" lon="-75.8286070">
    <ele>1186.2</ele>
   </trkpt>
   <trkpt lat="4.8028010" lon="-75.8286240">
    <ele>1186.2</ele>
   </trkpt>
   <trkpt lat="4.8028010" lon="-75.8286400">
    <ele>1186.2</ele>
   </trkpt>
   <trkpt lat="4.8028020" lon="-75.8286540">
    <ele>1186.2</ele>
   </trkpt>
   <trkpt lat="4.8028030" lon="-75.8286700">
    <ele>1186.3</ele>
   </trkpt>
   <trkpt lat="4.8028050" lon="-75.8286880">
    <ele>1186.3</ele>
   </trkpt>
   <trkpt lat="4.8028070" lon="-75.8287050">
    <ele>1186.3</ele>
   </trkpt>
   <trkpt lat="4.8028090" lon="-75.8287230">
    <ele>1186.3</ele>
   </trkpt>
   <trkpt lat="4.8028120" lon="-75.8287410">
    <ele>1186.3</ele>
   </trkpt>
   <trkpt lat="4.8028140" lon="-75.8287600">
    <ele>1186.3</ele>
   </trkpt>
   <trkpt lat="4.8028160" lon="-75.8287800">
    <ele>1186.3</ele>
   </trkpt>
   <trkpt lat="4.8028170" lon="-75.8287990">
    <ele>1186.3</ele>
   </trkpt>
   <trkpt lat="4.8028180" lon="-75.8288180">
    <ele>1186.4</ele>
   </trkpt>
   <trkpt lat="4.8028190" lon="-75.8288370">
    <ele>1186.4</ele>
   </trkpt>
   <trkpt lat="4.8028190" lon="-75.8288560">
    <ele>1186.4</ele>
   </trkpt>
   <trkpt lat="4.8028190" lon="-75.8288760">
    <ele>1186.4</ele>
   </trkpt>
   <trkpt lat="4.8028200" lon="-75.8288960">
    <ele>1186.4</ele>
   </trkpt>
   <trkpt lat="4.8028210" lon="-75.8289160">
    <ele>1186.4</ele>
   </trkpt>
   <trkpt lat="4.8028220" lon="-75.8289370">
    <ele>1186.4</ele>
   </trkpt>
   <trkpt lat="4.8028240" lon="-75.8289590">
    <ele>1186.4</ele>
   </trkpt>
   <trkpt lat="4.8028250" lon="-75.8289800">
    <ele>1186.4</ele>
   </trkpt>
   <trkpt lat="4.8028270" lon="-75.8290000">
    <ele>1186.5</ele>
   </trkpt>
   <trkpt lat="4.8028290" lon="-75.8290210">
    <ele>1186.5</ele>
   </trkpt>
   <trkpt lat="4.8028310" lon="-75.8290400">
    <ele>1186.5</ele>
   </trkpt>
   <trkpt lat="4.8028320" lon="-75.8290580">
    <ele>1186.5</ele>
   </trkpt>
   <trkpt lat="4.8028330" lon="-75.8290740">
    <ele>1186.5</ele>
   </trkpt>
   <trkpt lat="4.8028340" lon="-75.8290880">
    <ele>1186.5</ele>
   </trkpt>
   <trkpt lat="4.8028350" lon="-75.8291030">
    <ele>1186.5</ele>
   </trkpt>
   <trkpt lat="4.8028360" lon="-75.8291200">
    <ele>1186.5</ele>
   </trkpt>
   <trkpt lat="4.8028380" lon="-75.8291370">
    <ele>1186.5</ele>
   </trkpt>
   <trkpt lat="4.8028400" lon="-75.8291570">
    <ele>1186.5</ele>
   </trkpt>
   <trkpt lat="4.8028420" lon="-75.8291780">
    <ele>1186.6</ele>
   </trkpt>
   <trkpt lat="4.8028450" lon="-75.8291990">
    <ele>1186.6</ele>
   </trkpt>
   <trkpt lat="4.8028470" lon="-75.8292210">
    <ele>1186.6</ele>
   </trkpt>
   <trkpt lat="4.8028490" lon="-75.8292420">
    <ele>1186.6</ele>
   </trkpt>
   <trkpt lat="4.8028520" lon="-75.8292620">
    <ele>1186.6</ele>
   </trkpt>
   <trkpt lat="4.8028540" lon="-75.8292820">
    <ele>1186.6</ele>
   </trkpt>
   <trkpt lat="4.8028560" lon="-75.8293030">
    <ele>1186.6</ele>
   </trkpt>
   <trkpt lat="4.8028590" lon="-75.8293230">
    <ele>1186.6</ele>
   </trkpt>
   <trkpt lat="4.8028610" lon="-75.8293440">
    <ele>1186.7</ele>
   </trkpt>
   <trkpt lat="4.8028630" lon="-75.8293650">
    <ele>1186.7</ele>
   </trkpt>
   <trkpt lat="4.8028660" lon="-75.8293860">
    <ele>1186.7</ele>
   </trkpt>
   <trkpt lat="4.8028680" lon="-75.8294060">
    <ele>1186.7</ele>
   </trkpt>
   <trkpt lat="4.8028700" lon="-75.8294270">
    <ele>1186.7</ele>
   </trkpt>
   <trkpt lat="4.8028730" lon="-75.8294480">
    <ele>1186.7</ele>
   </trkpt>
   <trkpt lat="4.8028750" lon="-75.8294690">
    <ele>1186.7</ele>
   </trkpt>
   <trkpt lat="4.8028770" lon="-75.8294890">
    <ele>1186.7</ele>
   </trkpt>
   <trkpt lat="4.8028790" lon="-75.8295100">
    <ele>1186.7</ele>
   </trkpt>
   <trkpt lat="4.8028810" lon="-75.8295300">
    <ele>1186.7</ele>
   </trkpt>
   <trkpt lat="4.8028830" lon="-75.8295500">
    <ele>1186.8</ele>
   </trkpt>
   <trkpt lat="4.8028850" lon="-75.8295700">
    <ele>1186.8</ele>
   </trkpt>
   <trkpt lat="4.8028870" lon="-75.8295890">
    <ele>1186.8</ele>
   </trkpt>
   <trkpt lat="4.8028900" lon="-75.8296090">
    <ele>1186.8</ele>
   </trkpt>
   <trkpt lat="4.8028920" lon="-75.8296280">
    <ele>1186.8</ele>
   </trkpt>
   <trkpt lat="4.8028940" lon="-75.8296470">
    <ele>1186.8</ele>
   </trkpt>
   <trkpt lat="4.8028970" lon="-75.8296680">
    <ele>1186.8</ele>
   </trkpt>
   <trkpt lat="4.8028990" lon="-75.8296900">
    <ele>1186.8</ele>
   </trkpt>
   <trkpt lat="4.8029020" lon="-75.8297140">
    <ele>1186.8</ele>
   </trkpt>
   <trkpt lat="4.8029050" lon="-75.8297380">
    <ele>1186.8</ele>
   </trkpt>
   <trkpt lat="4.8029090" lon="-75.8297640">
    <ele>1186.9</ele>
   </trkpt>
   <trkpt lat="4.8029120" lon="-75.8297900">
    <ele>1186.9</ele>
   </trkpt>
   <trkpt lat="4.8029150" lon="-75.8298150">
    <ele>1186.9</ele>
   </trkpt>
   <trkpt lat="4.8029180" lon="-75.8298380">
    <ele>1186.9</ele>
   </trkpt>
   <trkpt lat="4.8029210" lon="-75.8298600">
    <ele>1186.9</ele>
   </trkpt>
   <trkpt lat="4.8029230" lon="-75.8298800">
    <ele>1186.9</ele>
   </trkpt>
   <trkpt lat="4.8029250" lon="-75.8298990">
    <ele>1186.9</ele>
   </trkpt>
   <trkpt lat="4.8029270" lon="-75.8299150">
    <ele>1186.9</ele>
   </trkpt>
   <trkpt lat="4.8029280" lon="-75.8299310">
    <ele>1186.9</ele>
   </trkpt>
   <trkpt lat="4.8029290" lon="-75.8299460">
    <ele>1186.9</ele>
   </trkpt>
   <trkpt lat="4.8029300" lon="-75.8299590">
    <ele>1187.0</ele>
   </trkpt>
   <trkpt lat="4.8029310" lon="-75.8299740">
    <ele>1187.0</ele>
   </trkpt>
   <trkpt lat="4.8029320" lon="-75.8299890">
    <ele>1187.0</ele>
   </trkpt>
   <trkpt lat="4.8029340" lon="-75.8300060">
    <ele>1187.0</ele>
   </trkpt>
   <trkpt lat="4.8029350" lon="-75.8300270">
    <ele>1187.0</ele>
   </trkpt>
   <trkpt lat="4.8029370" lon="-75.8300480">
    <ele>1187.0</ele>
   </trkpt>
   <trkpt lat="4.8029380" lon="-75.8300690">
    <ele>1187.0</ele>
   </trkpt>
   <trkpt lat="4.8029400" lon="-75.8300890">
    <ele>1187.0</ele>
   </trkpt>
   <trkpt lat="4.8029410" lon="-75.8301080">
    <ele>1187.0</ele>
   </trkpt>
   <trkpt lat="4.8029430" lon="-75.8301270">
    <ele>1187.0</ele>
   </trkpt>
   <trkpt lat="4.8029450" lon="-75.8301480">
    <ele>1187.0</ele>
   </trkpt>
   <trkpt lat="4.8029470" lon="-75.8301690">
    <ele>1187.0</ele>
   </trkpt>
   <trkpt lat="4.8029490" lon="-75.8301910">
    <ele>1187.0</ele>
   </trkpt>
   <trkpt lat="4.8029510" lon="-75.8302120">
    <ele>1187.0</ele>
   </trkpt>
   <trkpt lat="4.8029540" lon="-75.8302330">
    <ele>1187.0</ele>
   </trkpt>
   <trkpt lat="4.8029560" lon="-75.8302540">
    <ele>1187.0</ele>
   </trkpt>
   <trkpt lat="4.8029590" lon="-75.8302760">
    <ele>1187.0</ele>
   </trkpt>
   <trkpt lat="4.8029610" lon="-75.8302970">
    <ele>1187.0</ele>
   </trkpt>
   <trkpt lat="4.8029630" lon="-75.8303190">
    <ele>1187.0</ele>
   </trkpt>
   <trkpt lat="4.8029650" lon="-75.8303400">
    <ele>1187.0</ele>
   </trkpt>
   <trkpt lat="4.8029670" lon="-75.8303620">
    <ele>1187.0</ele>
   </trkpt>
   <trkpt lat="4.8029690" lon="-75.8303830">
    <ele>1187.0</ele>
   </trkpt>
   <trkpt lat="4.8029710" lon="-75.8304050">
    <ele>1187.1</ele>
   </trkpt>
   <trkpt lat="4.8029730" lon="-75.8304280">
    <ele>1187.1</ele>
   </trkpt>
   <trkpt lat="4.8029750" lon="-75.8304500">
    <ele>1187.1</ele>
   </trkpt>
   <trkpt lat="4.8029770" lon="-75.8304720">
    <ele>1187.1</ele>
   </trkpt>
   <trkpt lat="4.8029790" lon="-75.8304950">
    <ele>1187.1</ele>
   </trkpt>
   <trkpt lat="4.8029800" lon="-75.8305180">
    <ele>1187.1</ele>
   </trkpt>
   <trkpt lat="4.8029820" lon="-75.8305410">
    <ele>1187.1</ele>
   </trkpt>
   <trkpt lat="4.8029840" lon="-75.8305640">
    <ele>1187.1</ele>
   </trkpt>
   <trkpt lat="4.8029850" lon="-75.8305840">
    <ele>1187.1</ele>
   </trkpt>
   <trkpt lat="4.8029870" lon="-75.8306040">
    <ele>1187.1</ele>
   </trkpt>
   <trkpt lat="4.8029880" lon="-75.8306210">
    <ele>1187.1</ele>
   </trkpt>
   <trkpt lat="4.8029900" lon="-75.8306360">
    <ele>1187.1</ele>
   </trkpt>
   <trkpt lat="4.8029910" lon="-75.8306520">
    <ele>1187.1</ele>
   </trkpt>
   <trkpt lat="4.8029930" lon="-75.8306670">
    <ele>1187.1</ele>
   </trkpt>
   <trkpt lat="4.8029950" lon="-75.8306820">
    <ele>1187.1</ele>
   </trkpt>
   <trkpt lat="4.8029970" lon="-75.8306970">
    <ele>1187.1</ele>
   </trkpt>
   <trkpt lat="4.8029990" lon="-75.8307110">
    <ele>1187.1</ele>
   </trkpt>
   <trkpt lat="4.8030000" lon="-75.8307260">
    <ele>1187.1</ele>
   </trkpt>
   <trkpt lat="4.8030010" lon="-75.8307410">
    <ele>1187.1</ele>
   </trkpt>
   <trkpt lat="4.8030020" lon="-75.8307580">
    <ele>1187.1</ele>
   </trkpt>
   <trkpt lat="4.8030040" lon="-75.8307740">
    <ele>1187.1</ele>
   </trkpt>
   <trkpt lat="4.8030060" lon="-75.8307910">
    <ele>1187.1</ele>
   </trkpt>
   <trkpt lat="4.8030080" lon="-75.8308080">
    <ele>1187.1</ele>
   </trkpt>
   <trkpt lat="4.8030110" lon="-75.8308250">
    <ele>1187.1</ele>
   </trkpt>
   <trkpt lat="4.8030130" lon="-75.8308420">
    <ele>1187.1</ele>
   </trkpt>
   <trkpt lat="4.8030150" lon="-75.8308600">
    <ele>1187.1</ele>
   </trkpt>
   <trkpt lat="4.8030160" lon="-75.8308780">
    <ele>1187.1</ele>
   </trkpt>
   <trkpt lat="4.8030170" lon="-75.8308960">
    <ele>1187.1</ele>
   </trkpt>
   <trkpt lat="4.8030190" lon="-75.8309140">
    <ele>1187.1</ele>
   </trkpt>
   <trkpt lat="4.8030200" lon="-75.8309340">
    <ele>1187.1</ele>
   </trkpt>
   <trkpt lat="4.8030210" lon="-75.8309550">
    <ele>1187.1</ele>
   </trkpt>
   <trkpt lat="4.8030230" lon="-75.8309750">
    <ele>1187.2</ele>
   </trkpt>
   <trkpt lat="4.8030240" lon="-75.8309960">
    <ele>1187.2</ele>
   </trkpt>
   <trkpt lat="4.8030260" lon="-75.8310160">
    <ele>1187.2</ele>
   </trkpt>
   <trkpt lat="4.8030270" lon="-75.8310360">
    <ele>1187.2</ele>
   </trkpt>
   <trkpt lat="4.8030290" lon="-75.8310550">
    <ele>1187.2</ele>
   </trkpt>
   <trkpt lat="4.8030310" lon="-75.8310750">
    <ele>1187.2</ele>
   </trkpt>
   <trkpt lat="4.8030320" lon="-75.8310940">
    <ele>1187.2</ele>
   </trkpt>
   <trkpt lat="4.8030340" lon="-75.8311130">
    <ele>1187.2</ele>
   </trkpt>
   <trkpt lat="4.8030350" lon="-75.8311320">
    <ele>1187.2</ele>
   </trkpt>
   <trkpt lat="4.8030370" lon="-75.8311510">
    <ele>1187.2</ele>
   </trkpt>
   <trkpt lat="4.8030390" lon="-75.8311700">
    <ele>1187.3</ele>
   </trkpt>
   <trkpt lat="4.8030420" lon="-75.8311890">
    <ele>1187.3</ele>
   </trkpt>
   <trkpt lat="4.8030450" lon="-75.8312080">
    <ele>1187.3</ele>
   </trkpt>
   <trkpt lat="4.8030480" lon="-75.8312280">
    <ele>1187.3</ele>
   </trkpt>
   <trkpt lat="4.8030510" lon="-75.8312470">
    <ele>1187.3</ele>
   </trkpt>
   <trkpt lat="4.8030530" lon="-75.8312670">
    <ele>1187.4</ele>
   </trkpt>
   <trkpt lat="4.8030560" lon="-75.8312860">
    <ele>1187.4</ele>
   </trkpt>
   <trkpt lat="4.8030580" lon="-75.8313050">
    <ele>1187.4</ele>
   </trkpt>
   <trkpt lat="4.8030600" lon="-75.8313230">
    <ele>1187.4</ele>
   </trkpt>
   <trkpt lat="4.8030630" lon="-75.8313410">
    <ele>1187.4</ele>
   </trkpt>
   <trkpt lat="4.8030650" lon="-75.8313590">
    <ele>1187.5</ele>
   </trkpt>
   <trkpt lat="4.8030670" lon="-75.8313760">
    <ele>1187.5</ele>
   </trkpt>
   <trkpt lat="4.8030680" lon="-75.8313940">
    <ele>1187.5</ele>
   </trkpt>
   <trkpt lat="4.8030690" lon="-75.8314120">
    <ele>1187.5</ele>
   </trkpt>
   <trkpt lat="4.8030690" lon="-75.8314300">
    <ele>1187.6</ele>
   </trkpt>
   <trkpt lat="4.8030700" lon="-75.8314490">
    <ele>1187.6</ele>
   </trkpt>
   <trkpt lat="4.8030720" lon="-75.8314680">
    <ele>1187.6</ele>
   </trkpt>
   <trkpt lat="4.8030750" lon="-75.8314870">
    <ele>1187.7</ele>
   </trkpt>
   <trkpt lat="4.8030780" lon="-75.8315080">
    <ele>1187.7</ele>
   </trkpt>
   <trkpt lat="4.8030800" lon="-75.8315280">
    <ele>1187.7</ele>
   </trkpt>
   <trkpt lat="4.8030830" lon="-75.8315490">
    <ele>1187.8</ele>
   </trkpt>
   <trkpt lat="4.8030850" lon="-75.8315690">
    <ele>1187.8</ele>
   </trkpt>
   <trkpt lat="4.8030860" lon="-75.8315890">
    <ele>1187.8</ele>
   </trkpt>
   <trkpt lat="4.8030870" lon="-75.8316080">
    <ele>1187.9</ele>
   </trkpt>
   <trkpt lat="4.8030880" lon="-75.8316270">
    <ele>1187.9</ele>
   </trkpt>
   <trkpt lat="4.8030890" lon="-75.8316450">
    <ele>1187.9</ele>
   </trkpt>
   <trkpt lat="4.8030900" lon="-75.8316620">
    <ele>1188.0</ele>
   </trkpt>
   <trkpt lat="4.8030930" lon="-75.8316770">
    <ele>1188.0</ele>
   </trkpt>
   <trkpt lat="4.8030950" lon="-75.8316920">
    <ele>1188.0</ele>
   </trkpt>
   <trkpt lat="4.8030970" lon="-75.8317060">
    <ele>1188.1</ele>
   </trkpt>
   <trkpt lat="4.8030990" lon="-75.8317200">
    <ele>1188.1</ele>
   </trkpt>
   <trkpt lat="4.8031000" lon="-75.8317350">
    <ele>1188.1</ele>
   </trkpt>
   <trkpt lat="4.8031010" lon="-75.8317510">
    <ele>1188.1</ele>
   </trkpt>
   <trkpt lat="4.8031020" lon="-75.8317670">
    <ele>1188.2</ele>
   </trkpt>
   <trkpt lat="4.8031020" lon="-75.8317840">
    <ele>1188.2</ele>
   </trkpt>
   <trkpt lat="4.8031020" lon="-75.8318020">
    <ele>1188.3</ele>
   </trkpt>
   <trkpt lat="4.8031030" lon="-75.8318200">
    <ele>1188.3</ele>
   </trkpt>
   <trkpt lat="4.8031040" lon="-75.8318380">
    <ele>1188.3</ele>
   </trkpt>
   <trkpt lat="4.8031050" lon="-75.8318550">
    <ele>1188.4</ele>
   </trkpt>
   <trkpt lat="4.8031070" lon="-75.8318720">
    <ele>1188.4</ele>
   </trkpt>
   <trkpt lat="4.8031080" lon="-75.8318880">
    <ele>1188.4</ele>
   </trkpt>
   <trkpt lat="4.8031100" lon="-75.8319060">
    <ele>1188.5</ele>
   </trkpt>
   <trkpt lat="4.8031130" lon="-75.8319250">
    <ele>1188.5</ele>
   </trkpt>
   <trkpt lat="4.8031160" lon="-75.8319450">
    <ele>1188.5</ele>
   </trkpt>
   <trkpt lat="4.8031190" lon="-75.8319650">
    <ele>1188.5</ele>
   </trkpt>
   <trkpt lat="4.8031220" lon="-75.8319850">
    <ele>1188.6</ele>
   </trkpt>
   <trkpt lat="4.8031250" lon="-75.8320050">
    <ele>1188.6</ele>
   </trkpt>
   <trkpt lat="4.8031290" lon="-75.8320260">
    <ele>1188.6</ele>
   </trkpt>
   <trkpt lat="4.8031320" lon="-75.8320480">
    <ele>1188.7</ele>
   </trkpt>
   <trkpt lat="4.8031350" lon="-75.8320710">
    <ele>1188.7</ele>
   </trkpt>
   <trkpt lat="4.8031380" lon="-75.8320930">
    <ele>1188.7</ele>
   </trkpt>
   <trkpt lat="4.8031400" lon="-75.8321160">
    <ele>1188.7</ele>
   </trkpt>
   <trkpt lat="4.8031420" lon="-75.8321380">
    <ele>1188.7</ele>
   </trkpt>
   <trkpt lat="4.8031440" lon="-75.8321600">
    <ele>1188.7</ele>
   </trkpt>
   <trkpt lat="4.8031460" lon="-75.8321810">
    <ele>1188.8</ele>
   </trkpt>
   <trkpt lat="4.8031480" lon="-75.8322030">
    <ele>1188.8</ele>
   </trkpt>
   <trkpt lat="4.8031510" lon="-75.8322240">
    <ele>1188.8</ele>
   </trkpt>
   <trkpt lat="4.8031530" lon="-75.8322450">
    <ele>1188.8</ele>
   </trkpt>
   <trkpt lat="4.8031550" lon="-75.8322660">
    <ele>1188.8</ele>
   </trkpt>
   <trkpt lat="4.8031580" lon="-75.8322870">
    <ele>1188.8</ele>
   </trkpt>
   <trkpt lat="4.8031600" lon="-75.8323080">
    <ele>1188.8</ele>
   </trkpt>
   <trkpt lat="4.8031620" lon="-75.8323290">
    <ele>1188.8</ele>
   </trkpt>
   <trkpt lat="4.8031650" lon="-75.8323500">
    <ele>1188.8</ele>
   </trkpt>
   <trkpt lat="4.8031670" lon="-75.8323710">
    <ele>1188.8</ele>
   </trkpt>
   <trkpt lat="4.8031690" lon="-75.8323920">
    <ele>1188.7</ele>
   </trkpt>
   <trkpt lat="4.8031710" lon="-75.8324120">
    <ele>1188.7</ele>
   </trkpt>
   <trkpt lat="4.8031720" lon="-75.8324320">
    <ele>1188.7</ele>
   </trkpt>
   <trkpt lat="4.8031730" lon="-75.8324510">
    <ele>1188.7</ele>
   </trkpt>
   <trkpt lat="4.8031740" lon="-75.8324690">
    <ele>1188.7</ele>
   </trkpt>
   <trkpt lat="4.8031740" lon="-75.8324880">
    <ele>1188.7</ele>
   </trkpt>
   <trkpt lat="4.8031750" lon="-75.8325060">
    <ele>1188.7</ele>
   </trkpt>
   <trkpt lat="4.8031760" lon="-75.8325240">
    <ele>1188.7</ele>
   </trkpt>
   <trkpt lat="4.8031770" lon="-75.8325420">
    <ele>1188.7</ele>
   </trkpt>
   <trkpt lat="4.8031780" lon="-75.8325610">
    <ele>1188.7</ele>
   </trkpt>
   <trkpt lat="4.8031800" lon="-75.8325810">
    <ele>1188.7</ele>
   </trkpt>
   <trkpt lat="4.8031810" lon="-75.8326010">
    <ele>1188.7</ele>
   </trkpt>
   <trkpt lat="4.8031830" lon="-75.8326200">
    <ele>1188.7</ele>
   </trkpt>
   <trkpt lat="4.8031840" lon="-75.8326400">
    <ele>1188.7</ele>
   </trkpt>
   <trkpt lat="4.8031850" lon="-75.8326600">
    <ele>1188.7</ele>
   </trkpt>
   <trkpt lat="4.8031870" lon="-75.8326790">
    <ele>1188.8</ele>
   </trkpt>
   <trkpt lat="4.8031880" lon="-75.8326990">
    <ele>1188.8</ele>
   </trkpt>
   <trkpt lat="4.8031900" lon="-75.8327180">
    <ele>1188.8</ele>
   </trkpt>
   <trkpt lat="4.8031920" lon="-75.8327380">
    <ele>1188.8</ele>
   </trkpt>
   <trkpt lat="4.8031940" lon="-75.8327580">
    <ele>1188.8</ele>
   </trkpt>
   <trkpt lat="4.8031970" lon="-75.8327770">
    <ele>1188.8</ele>
   </trkpt>
   <trkpt lat="4.8032000" lon="-75.8327960">
    <ele>1188.8</ele>
   </trkpt>
   <trkpt lat="4.8032030" lon="-75.8328150">
    <ele>1188.8</ele>
   </trkpt>
   <trkpt lat="4.8032050" lon="-75.8328330">
    <ele>1188.8</ele>
   </trkpt>
   <trkpt lat="4.8032080" lon="-75.8328520">
    <ele>1188.8</ele>
   </trkpt>
   <trkpt lat="4.8032110" lon="-75.8328700">
    <ele>1188.8</ele>
   </trkpt>
   <trkpt lat="4.8032140" lon="-75.8328890">
    <ele>1188.8</ele>
   </trkpt>
   <trkpt lat="4.8032170" lon="-75.8329090">
    <ele>1188.8</ele>
   </trkpt>
   <trkpt lat="4.8032190" lon="-75.8329300">
    <ele>1188.8</ele>
   </trkpt>
   <trkpt lat="4.8032230" lon="-75.8329510">
    <ele>1188.8</ele>
   </trkpt>
   <trkpt lat="4.8032250" lon="-75.8329710">
    <ele>1188.8</ele>
   </trkpt>
   <trkpt lat="4.8032270" lon="-75.8329900">
    <ele>1188.8</ele>
   </trkpt>
   <trkpt lat="4.8032300" lon="-75.8330080">
    <ele>1188.8</ele>
   </trkpt>
   <trkpt lat="4.8032310" lon="-75.8330250">
    <ele>1188.8</ele>
   </trkpt>
   <trkpt lat="4.8032320" lon="-75.8330420">
    <ele>1188.8</ele>
   </trkpt>
   <trkpt lat="4.8032340" lon="-75.8330590">
    <ele>1188.8</ele>
   </trkpt>
   <trkpt lat="4.8032360" lon="-75.8330760">
    <ele>1188.8</ele>
   </trkpt>
   <trkpt lat="4.8032390" lon="-75.8330950">
    <ele>1188.8</ele>
   </trkpt>
   <trkpt lat="4.8032410" lon="-75.8331150">
    <ele>1188.8</ele>
   </trkpt>
   <trkpt lat="4.8032430" lon="-75.8331350">
    <ele>1188.8</ele>
   </trkpt>
   <trkpt lat="4.8032450" lon="-75.8331540">
    <ele>1188.8</ele>
   </trkpt>
   <trkpt lat="4.8032470" lon="-75.8331730">
    <ele>1188.8</ele>
   </trkpt>
   <trkpt lat="4.8032490" lon="-75.8331920">
    <ele>1188.8</ele>
   </trkpt>
   <trkpt lat="4.8032500" lon="-75.8332110">
    <ele>1188.8</ele>
   </trkpt>
   <trkpt lat="4.8032520" lon="-75.8332310">
    <ele>1188.8</ele>
   </trkpt>
   <trkpt lat="4.8032540" lon="-75.8332520">
    <ele>1188.8</ele>
   </trkpt>
   <trkpt lat="4.8032570" lon="-75.8332740">
    <ele>1188.8</ele>
   </trkpt>
   <trkpt lat="4.8032590" lon="-75.8332960">
    <ele>1188.8</ele>
   </trkpt>
   <trkpt lat="4.8032620" lon="-75.8333170">
    <ele>1188.8</ele>
   </trkpt>
   <trkpt lat="4.8032640" lon="-75.8333390">
    <ele>1188.8</ele>
   </trkpt>
   <trkpt lat="4.8032660" lon="-75.8333600">
    <ele>1188.8</ele>
   </trkpt>
   <trkpt lat="4.8032680" lon="-75.8333810">
    <ele>1188.8</ele>
   </trkpt>
   <trkpt lat="4.8032690" lon="-75.8334030">
    <ele>1188.8</ele>
   </trkpt>
   <trkpt lat="4.8032710" lon="-75.8334250">
    <ele>1188.8</ele>
   </trkpt>
   <trkpt lat="4.8032720" lon="-75.8334470">
    <ele>1188.8</ele>
   </trkpt>
   <trkpt lat="4.8032730" lon="-75.8334680">
    <ele>1188.8</ele>
   </trkpt>
   <trkpt lat="4.8032750" lon="-75.8334890">
    <ele>1188.8</ele>
   </trkpt>
   <trkpt lat="4.8032760" lon="-75.8335090">
    <ele>1188.8</ele>
   </trkpt>
   <trkpt lat="4.8032780" lon="-75.8335280">
    <ele>1188.8</ele>
   </trkpt>
   <trkpt lat="4.8032790" lon="-75.8335470">
    <ele>1188.8</ele>
   </trkpt>
   <trkpt lat="4.8032810" lon="-75.8335660">
    <ele>1188.8</ele>
   </trkpt>
   <trkpt lat="4.8032830" lon="-75.8335850">
    <ele>1188.8</ele>
   </trkpt>
   <trkpt lat="4.8032840" lon="-75.8336030">
    <ele>1188.8</ele>
   </trkpt>
   <trkpt lat="4.8032860" lon="-75.8336210">
    <ele>1188.8</ele>
   </trkpt>
   <trkpt lat="4.8032880" lon="-75.8336380">
    <ele>1188.8</ele>
   </trkpt>
   <trkpt lat="4.8032890" lon="-75.8336570">
    <ele>1188.8</ele>
   </trkpt>
   <trkpt lat="4.8032920" lon="-75.8336750">
    <ele>1188.7</ele>
   </trkpt>
   <trkpt lat="4.8032930" lon="-75.8336940">
    <ele>1188.7</ele>
   </trkpt>
   <trkpt lat="4.8032950" lon="-75.8337130">
    <ele>1188.7</ele>
   </trkpt>
   <trkpt lat="4.8032970" lon="-75.8337320">
    <ele>1188.7</ele>
   </trkpt>
   <trkpt lat="4.8032990" lon="-75.8337490">
    <ele>1188.7</ele>
   </trkpt>
   <trkpt lat="4.8033000" lon="-75.8337670">
    <ele>1188.7</ele>
   </trkpt>
   <trkpt lat="4.8033020" lon="-75.8337840">
    <ele>1188.7</ele>
   </trkpt>
   <trkpt lat="4.8033040" lon="-75.8338020">
    <ele>1188.7</ele>
   </trkpt>
   <trkpt lat="4.8033060" lon="-75.8338220">
    <ele>1188.7</ele>
   </trkpt>
   <trkpt lat="4.8033080" lon="-75.8338430">
    <ele>1188.7</ele>
   </trkpt>
   <trkpt lat="4.8033100" lon="-75.8338640">
    <ele>1188.7</ele>
   </trkpt>
   <trkpt lat="4.8033120" lon="-75.8338860">
    <ele>1188.7</ele>
   </trkpt>
   <trkpt lat="4.8033130" lon="-75.8339070">
    <ele>1188.7</ele>
   </trkpt>
   <trkpt lat="4.8033150" lon="-75.8339270">
    <ele>1188.7</ele>
   </trkpt>
   <trkpt lat="4.8033170" lon="-75.8339470">
    <ele>1188.7</ele>
   </trkpt>
   <trkpt lat="4.8033190" lon="-75.8339670">
    <ele>1188.7</ele>
   </trkpt>
   <trkpt lat="4.8033200" lon="-75.8339860">
    <ele>1188.7</ele>
   </trkpt>
   <trkpt lat="4.8033220" lon="-75.8340050">
    <ele>1188.7</ele>
   </trkpt>
   <trkpt lat="4.8033240" lon="-75.8340230">
    <ele>1188.7</ele>
   </trkpt>
   <trkpt lat="4.8033250" lon="-75.8340410">
    <ele>1188.7</ele>
   </trkpt>
   <trkpt lat="4.8033280" lon="-75.8340600">
    <ele>1188.7</ele>
   </trkpt>
   <trkpt lat="4.8033310" lon="-75.8340780">
    <ele>1188.7</ele>
   </trkpt>
   <trkpt lat="4.8033350" lon="-75.8340970">
    <ele>1188.7</ele>
   </trkpt>
   <trkpt lat="4.8033380" lon="-75.8341150">
    <ele>1188.7</ele>
   </trkpt>
   <trkpt lat="4.8033400" lon="-75.8341340">
    <ele>1188.7</ele>
   </trkpt>
   <trkpt lat="4.8033430" lon="-75.8341530">
    <ele>1188.7</ele>
   </trkpt>
   <trkpt lat="4.8033450" lon="-75.8341730">
    <ele>1188.7</ele>
   </trkpt>
   <trkpt lat="4.8033460" lon="-75.8341920">
    <ele>1188.7</ele>
   </trkpt>
   <trkpt lat="4.8033480" lon="-75.8342120">
    <ele>1188.7</ele>
   </trkpt>
   <trkpt lat="4.8033500" lon="-75.8342320">
    <ele>1188.8</ele>
   </trkpt>
   <trkpt lat="4.8033510" lon="-75.8342520">
    <ele>1188.8</ele>
   </trkpt>
   <trkpt lat="4.8033520" lon="-75.8342720">
    <ele>1188.8</ele>
   </trkpt>
   <trkpt lat="4.8033530" lon="-75.8342920">
    <ele>1188.8</ele>
   </trkpt>
   <trkpt lat="4.8033530" lon="-75.8343110">
    <ele>1188.8</ele>
   </trkpt>
   <trkpt lat="4.8033540" lon="-75.8343310">
    <ele>1188.9</ele>
   </trkpt>
   <trkpt lat="4.8033540" lon="-75.8343510">
    <ele>1188.9</ele>
   </trkpt>
   <trkpt lat="4.8033540" lon="-75.8343710">
    <ele>1188.9</ele>
   </trkpt>
   <trkpt lat="4.8033540" lon="-75.8343920">
    <ele>1188.9</ele>
   </trkpt>
   <trkpt lat="4.8033520" lon="-75.8344140">
    <ele>1188.9</ele>
   </trkpt>
   <trkpt lat="4.8033510" lon="-75.8344370">
    <ele>1188.9</ele>
   </trkpt>
   <trkpt lat="4.8033490" lon="-75.8344590">
    <ele>1189.0</ele>
   </trkpt>
   <trkpt lat="4.8033470" lon="-75.8344820">
    <ele>1189.0</ele>
   </trkpt>
   <trkpt lat="4.8033460" lon="-75.8345040">
    <ele>1189.0</ele>
   </trkpt>
   <trkpt lat="4.8033450" lon="-75.8345240">
    <ele>1189.0</ele>
   </trkpt>
   <trkpt lat="4.8033440" lon="-75.8345420">
    <ele>1189.0</ele>
   </trkpt>
   <trkpt lat="4.8033440" lon="-75.8345580">
    <ele>1189.0</ele>
   </trkpt>
   <trkpt lat="4.8033450" lon="-75.8345730">
    <ele>1189.0</ele>
   </trkpt>
   <trkpt lat="4.8033450" lon="-75.8345880">
    <ele>1189.0</ele>
   </trkpt>
   <trkpt lat="4.8033460" lon="-75.8346040">
    <ele>1189.0</ele>
   </trkpt>
   <trkpt lat="4.8033460" lon="-75.8346200">
    <ele>1189.0</ele>
   </trkpt>
   <trkpt lat="4.8033460" lon="-75.8346370">
    <ele>1189.0</ele>
   </trkpt>
   <trkpt lat="4.8033450" lon="-75.8346560">
    <ele>1189.1</ele>
   </trkpt>
   <trkpt lat="4.8033440" lon="-75.8346740">
    <ele>1189.1</ele>
   </trkpt>
   <trkpt lat="4.8033430" lon="-75.8346940">
    <ele>1189.1</ele>
   </trkpt>
   <trkpt lat="4.8033420" lon="-75.8347140">
    <ele>1189.1</ele>
   </trkpt>
   <trkpt lat="4.8033400" lon="-75.8347350">
    <ele>1189.1</ele>
   </trkpt>
   <trkpt lat="4.8033390" lon="-75.8347550">
    <ele>1189.1</ele>
   </trkpt>
   <trkpt lat="4.8033380" lon="-75.8347750">
    <ele>1189.1</ele>
   </trkpt>
   <trkpt lat="4.8033370" lon="-75.8347950">
    <ele>1189.1</ele>
   </trkpt>
   <trkpt lat="4.8033360" lon="-75.8348150">
    <ele>1189.1</ele>
   </trkpt>
   <trkpt lat="4.8033350" lon="-75.8348340">
    <ele>1189.1</ele>
   </trkpt>
   <trkpt lat="4.8033340" lon="-75.8348540">
    <ele>1189.1</ele>
   </trkpt>
   <trkpt lat="4.8033330" lon="-75.8348740">
    <ele>1189.1</ele>
   </trkpt>
   <trkpt lat="4.8033320" lon="-75.8348950">
    <ele>1189.1</ele>
   </trkpt>
   <trkpt lat="4.8033300" lon="-75.8349160">
    <ele>1189.1</ele>
   </trkpt>
   <trkpt lat="4.8033280" lon="-75.8349380">
    <ele>1189.1</ele>
   </trkpt>
   <trkpt lat="4.8033260" lon="-75.8349580">
    <ele>1189.1</ele>
   </trkpt>
   <trkpt lat="4.8033220" lon="-75.8349770">
    <ele>1189.1</ele>
   </trkpt>
   <trkpt lat="4.8033190" lon="-75.8349940">
    <ele>1189.1</ele>
   </trkpt>
   <trkpt lat="4.8033150" lon="-75.8350120">
    <ele>1189.1</ele>
   </trkpt>
   <trkpt lat="4.8033100" lon="-75.8350290">
    <ele>1189.1</ele>
   </trkpt>
   <trkpt lat="4.8033070" lon="-75.8350470">
    <ele>1189.1</ele>
   </trkpt>
   <trkpt lat="4.8033030" lon="-75.8350660">
    <ele>1189.2</ele>
   </trkpt>
   <trkpt lat="4.8032990" lon="-75.8350850">
    <ele>1189.2</ele>
   </trkpt>
   <trkpt lat="4.8032960" lon="-75.8351040">
    <ele>1189.2</ele>
   </trkpt>
   <trkpt lat="4.8032920" lon="-75.8351220">
    <ele>1189.2</ele>
   </trkpt>
   <trkpt lat="4.8032900" lon="-75.8351380">
    <ele>1189.2</ele>
   </trkpt>
   <trkpt lat="4.8032880" lon="-75.8351520">
    <ele>1189.2</ele>
   </trkpt>
   <trkpt lat="4.8032860" lon="-75.8351620">
    <ele>1189.2</ele>
   </trkpt>
   <trkpt lat="4.8032850" lon="-75.8351710">
    <ele>1189.2</ele>
   </trkpt>
   <trkpt lat="4.8032850" lon="-75.8351770">
    <ele>1189.2</ele>
   </trkpt>
   <trkpt lat="4.8032850" lon="-75.8351810">
    <ele>1189.2</ele>
   </trkpt>
   <trkpt lat="4.8032850" lon="-75.8351850">
    <ele>1189.2</ele>
   </trkpt>
   <trkpt lat="4.8032840" lon="-75.8351890">
    <ele>1189.2</ele>
   </trkpt>
   <trkpt lat="4.8032840" lon="-75.8351910">
    <ele>1189.2</ele>
   </trkpt>
   <trkpt lat="4.8032850" lon="-75.8351920">
    <ele>1189.2</ele>
   </trkpt>
   <trkpt lat="4.8032850" lon="-75.8351930">
    <ele>1189.2</ele>
   </trkpt>
   <trkpt lat="4.8032860" lon="-75.8351930">
    <ele>1189.2</ele>
   </trkpt>
   <trkpt lat="4.8032860" lon="-75.8351930">
    <ele>1189.2</ele>
   </trkpt>
   <trkpt lat="4.8032850" lon="-75.8351930">
    <ele>1189.2</ele>
   </trkpt>
   <trkpt lat="4.8032850" lon="-75.8351940">
    <ele>1189.2</ele>
   </trkpt>
   <trkpt lat="4.8032840" lon="-75.8351960">
    <ele>1189.2</ele>
   </trkpt>
   <trkpt lat="4.8032820" lon="-75.8352010">
    <ele>1189.2</ele>
   </trkpt>
   <trkpt lat="4.8032810" lon="-75.8352100">
    <ele>1189.2</ele>
   </trkpt>
   <trkpt lat="4.8032790" lon="-75.8352230">
    <ele>1189.2</ele>
   </trkpt>
   <trkpt lat="4.8032770" lon="-75.8352390">
    <ele>1189.2</ele>
   </trkpt>
   <trkpt lat="4.8032730" lon="-75.8352580">
    <ele>1189.2</ele>
   </trkpt>
   <trkpt lat="4.8032680" lon="-75.8352760">
    <ele>1189.2</ele>
   </trkpt>
   <trkpt lat="4.8032630" lon="-75.8352940">
    <ele>1189.2</ele>
   </trkpt>
   <trkpt lat="4.8032580" lon="-75.8353110">
    <ele>1189.2</ele>
   </trkpt>
   <trkpt lat="4.8032540" lon="-75.8353280">
    <ele>1189.2</ele>
   </trkpt>
   <trkpt lat="4.8032510" lon="-75.8353470">
    <ele>1189.2</ele>
   </trkpt>
   <trkpt lat="4.8032480" lon="-75.8353670">
    <ele>1189.2</ele>
   </trkpt>
   <trkpt lat="4.8032460" lon="-75.8353880">
    <ele>1189.2</ele>
   </trkpt>
   <trkpt lat="4.8032430" lon="-75.8354080">
    <ele>1189.2</ele>
   </trkpt>
   <trkpt lat="4.8032400" lon="-75.8354280">
    <ele>1189.3</ele>
   </trkpt>
   <trkpt lat="4.8032370" lon="-75.8354480">
    <ele>1189.3</ele>
   </trkpt>
   <trkpt lat="4.8032340" lon="-75.8354680">
    <ele>1189.3</ele>
   </trkpt>
   <trkpt lat="4.8032300" lon="-75.8354870">
    <ele>1189.3</ele>
   </trkpt>
   <trkpt lat="4.8032260" lon="-75.8355060">
    <ele>1189.4</ele>
   </trkpt>
   <trkpt lat="4.8032210" lon="-75.8355230">
    <ele>1189.4</ele>
   </trkpt>
   <trkpt lat="4.8032150" lon="-75.8355410">
    <ele>1189.4</ele>
   </trkpt>
   <trkpt lat="4.8032100" lon="-75.8355580">
    <ele>1189.4</ele>
   </trkpt>
   <trkpt lat="4.8032050" lon="-75.8355740">
    <ele>1189.5</ele>
   </trkpt>
   <trkpt lat="4.8032000" lon="-75.8355910">
    <ele>1189.5</ele>
   </trkpt>
   <trkpt lat="4.8031950" lon="-75.8356080">
    <ele>1189.5</ele>
   </trkpt>
   <trkpt lat="4.8031900" lon="-75.8356240">
    <ele>1189.6</ele>
   </trkpt>
   <trkpt lat="4.8031850" lon="-75.8356400">
    <ele>1189.6</ele>
   </trkpt>
   <trkpt lat="4.8031800" lon="-75.8356550">
    <ele>1189.6</ele>
   </trkpt>
   <trkpt lat="4.8031750" lon="-75.8356700">
    <ele>1189.6</ele>
   </trkpt>
   <trkpt lat="4.8031700" lon="-75.8356860">
    <ele>1189.7</ele>
   </trkpt>
   <trkpt lat="4.8031650" lon="-75.8357020">
    <ele>1189.7</ele>
   </trkpt>
   <trkpt lat="4.8031600" lon="-75.8357180">
    <ele>1189.7</ele>
   </trkpt>
   <trkpt lat="4.8031540" lon="-75.8357360">
    <ele>1189.8</ele>
   </trkpt>
   <trkpt lat="4.8031490" lon="-75.8357550">
    <ele>1189.8</ele>
   </trkpt>
   <trkpt lat="4.8031430" lon="-75.8357740">
    <ele>1189.8</ele>
   </trkpt>
   <trkpt lat="4.8031370" lon="-75.8357940">
    <ele>1189.9</ele>
   </trkpt>
   <trkpt lat="4.8031300" lon="-75.8358120">
    <ele>1189.9</ele>
   </trkpt>
   <trkpt lat="4.8031240" lon="-75.8358310">
    <ele>1189.9</ele>
   </trkpt>
   <trkpt lat="4.8031160" lon="-75.8358490">
    <ele>1190.0</ele>
   </trkpt>
   <trkpt lat="4.8031090" lon="-75.8358680">
    <ele>1190.0</ele>
   </trkpt>
   <trkpt lat="4.8031010" lon="-75.8358880">
    <ele>1190.0</ele>
   </trkpt>
   <trkpt lat="4.8030940" lon="-75.8359070">
    <ele>1190.0</ele>
   </trkpt>
   <trkpt lat="4.8030880" lon="-75.8359270">
    <ele>1190.1</ele>
   </trkpt>
   <trkpt lat="4.8030820" lon="-75.8359470">
    <ele>1190.1</ele>
   </trkpt>
   <trkpt lat="4.8030760" lon="-75.8359680">
    <ele>1190.1</ele>
   </trkpt>
   <trkpt lat="4.8030710" lon="-75.8359890">
    <ele>1190.1</ele>
   </trkpt>
   <trkpt lat="4.8030660" lon="-75.8360100">
    <ele>1190.2</ele>
   </trkpt>
   <trkpt lat="4.8030610" lon="-75.8360320">
    <ele>1190.2</ele>
   </trkpt>
   <trkpt lat="4.8030570" lon="-75.8360530">
    <ele>1190.2</ele>
   </trkpt>
   <trkpt lat="4.8030520" lon="-75.8360730">
    <ele>1190.2</ele>
   </trkpt>
   <trkpt lat="4.8030470" lon="-75.8360930">
    <ele>1190.3</ele>
   </trkpt>
   <trkpt lat="4.8030410" lon="-75.8361120">
    <ele>1190.3</ele>
   </trkpt>
   <trkpt lat="4.8030360" lon="-75.8361300">
    <ele>1190.3</ele>
   </trkpt>
   <trkpt lat="4.8030310" lon="-75.8361480">
    <ele>1190.3</ele>
   </trkpt>
   <trkpt lat="4.8030260" lon="-75.8361660">
    <ele>1190.3</ele>
   </trkpt>
   <trkpt lat="4.8030210" lon="-75.8361830">
    <ele>1190.4</ele>
   </trkpt>
   <trkpt lat="4.8030150" lon="-75.8362000">
    <ele>1190.4</ele>
   </trkpt>
   <trkpt lat="4.8030090" lon="-75.8362160">
    <ele>1190.4</ele>
   </trkpt>
   <trkpt lat="4.8030040" lon="-75.8362320">
    <ele>1190.4</ele>
   </trkpt>
   <trkpt lat="4.8029980" lon="-75.8362470">
    <ele>1190.4</ele>
   </trkpt>
   <trkpt lat="4.8029930" lon="-75.8362620">
    <ele>1190.5</ele>
   </trkpt>
   <trkpt lat="4.8029880" lon="-75.8362780">
    <ele>1190.5</ele>
   </trkpt>
   <trkpt lat="4.8029820" lon="-75.8362950">
    <ele>1190.5</ele>
   </trkpt>
   <trkpt lat="4.8029760" lon="-75.8363140">
    <ele>1190.5</ele>
   </trkpt>
   <trkpt lat="4.8029700" lon="-75.8363340">
    <ele>1190.6</ele>
   </trkpt>
   <trkpt lat="4.8029640" lon="-75.8363540">
    <ele>1190.6</ele>
   </trkpt>
   <trkpt lat="4.8029570" lon="-75.8363740">
    <ele>1190.6</ele>
   </trkpt>
   <trkpt lat="4.8029510" lon="-75.8363940">
    <ele>1190.6</ele>
   </trkpt>
   <trkpt lat="4.8029450" lon="-75.8364140">
    <ele>1190.6</ele>
   </trkpt>
   <trkpt lat="4.8029380" lon="-75.8364330">
    <ele>1190.7</ele>
   </trkpt>
   <trkpt lat="4.8029340" lon="-75.8364530">
    <ele>1190.7</ele>
   </trkpt>
   <trkpt lat="4.8029290" lon="-75.8364720">
    <ele>1190.7</ele>
   </trkpt>
   <trkpt lat="4.8029240" lon="-75.8364910">
    <ele>1190.7</ele>
   </trkpt>
   <trkpt lat="4.8029200" lon="-75.8365110">
    <ele>1190.8</ele>
   </trkpt>
   <trkpt lat="4.8029150" lon="-75.8365290">
    <ele>1190.8</ele>
   </trkpt>
   <trkpt lat="4.8029100" lon="-75.8365490">
    <ele>1190.8</ele>
   </trkpt>
   <trkpt lat="4.8029040" lon="-75.8365690">
    <ele>1190.8</ele>
   </trkpt>
   <trkpt lat="4.8028990" lon="-75.8365880">
    <ele>1190.8</ele>
   </trkpt>
   <trkpt lat="4.8028930" lon="-75.8366080">
    <ele>1190.9</ele>
   </trkpt>
   <trkpt lat="4.8028870" lon="-75.8366280">
    <ele>1190.9</ele>
   </trkpt>
   <trkpt lat="4.8028810" lon="-75.8366470">
    <ele>1190.9</ele>
   </trkpt>
   <trkpt lat="4.8028760" lon="-75.8366650">
    <ele>1190.9</ele>
   </trkpt>
   <trkpt lat="4.8028700" lon="-75.8366840">
    <ele>1191.0</ele>
   </trkpt>
   <trkpt lat="4.8028650" lon="-75.8367020">
    <ele>1191.0</ele>
   </trkpt>
   <trkpt lat="4.8028600" lon="-75.8367210">
    <ele>1191.0</ele>
   </trkpt>
   <trkpt lat="4.8028540" lon="-75.8367390">
    <ele>1191.0</ele>
   </trkpt>
   <trkpt lat="4.8028490" lon="-75.8367570">
    <ele>1191.0</ele>
   </trkpt>
   <trkpt lat="4.8028440" lon="-75.8367750">
    <ele>1191.1</ele>
   </trkpt>
   <trkpt lat="4.8028390" lon="-75.8367930">
    <ele>1191.1</ele>
   </trkpt>
   <trkpt lat="4.8028340" lon="-75.8368110">
    <ele>1191.1</ele>
   </trkpt>
   <trkpt lat="4.8028300" lon="-75.8368300">
    <ele>1191.1</ele>
   </trkpt>
   <trkpt lat="4.8028250" lon="-75.8368490">
    <ele>1191.1</ele>
   </trkpt>
   <trkpt lat="4.8028190" lon="-75.8368680">
    <ele>1191.2</ele>
   </trkpt>
   <trkpt lat="4.8028130" lon="-75.8368870">
    <ele>1191.2</ele>
   </trkpt>
   <trkpt lat="4.8028070" lon="-75.8369060">
    <ele>1191.2</ele>
   </trkpt>
   <trkpt lat="4.8028000" lon="-75.8369250">
    <ele>1191.2</ele>
   </trkpt>
   <trkpt lat="4.8027950" lon="-75.8369440">
    <ele>1191.2</ele>
   </trkpt>
   <trkpt lat="4.8027900" lon="-75.8369620">
    <ele>1191.3</ele>
   </trkpt>
   <trkpt lat="4.8027850" lon="-75.8369810">
    <ele>1191.3</ele>
   </trkpt>
   <trkpt lat="4.8027800" lon="-75.8370000">
    <ele>1191.3</ele>
   </trkpt>
   <trkpt lat="4.8027750" lon="-75.8370190">
    <ele>1191.3</ele>
   </trkpt>
   <trkpt lat="4.8027700" lon="-75.8370380">
    <ele>1191.4</ele>
   </trkpt>
   <trkpt lat="4.8027640" lon="-75.8370570">
    <ele>1191.4</ele>
   </trkpt>
   <trkpt lat="4.8027590" lon="-75.8370770">
    <ele>1191.4</ele>
   </trkpt>
   <trkpt lat="4.8027530" lon="-75.8370960">
    <ele>1191.4</ele>
   </trkpt>
   <trkpt lat="4.8027460" lon="-75.8371170">
    <ele>1191.5</ele>
   </trkpt>
   <trkpt lat="4.8027400" lon="-75.8371390">
    <ele>1191.5</ele>
   </trkpt>
   <trkpt lat="4.8027330" lon="-75.8371610">
    <ele>1191.5</ele>
   </trkpt>
   <trkpt lat="4.8027280" lon="-75.8371800">
    <ele>1191.6</ele>
   </trkpt>
   <trkpt lat="4.8027250" lon="-75.8371960">
    <ele>1191.6</ele>
   </trkpt>
   <trkpt lat="4.8027220" lon="-75.8372080">
    <ele>1191.6</ele>
   </trkpt>
   <trkpt lat="4.8027190" lon="-75.8372210">
    <ele>1191.6</ele>
   </trkpt>
   <trkpt lat="4.8027160" lon="-75.8372340">
    <ele>1191.7</ele>
   </trkpt>
   <trkpt lat="4.8027110" lon="-75.8372500">
    <ele>1191.7</ele>
   </trkpt>
   <trkpt lat="4.8027070" lon="-75.8372670">
    <ele>1191.7</ele>
   </trkpt>
   <trkpt lat="4.8027020" lon="-75.8372840">
    <ele>1191.7</ele>
   </trkpt>
   <trkpt lat="4.8026980" lon="-75.8373000">
    <ele>1191.8</ele>
   </trkpt>
   <trkpt lat="4.8026930" lon="-75.8373180">
    <ele>1191.8</ele>
   </trkpt>
   <trkpt lat="4.8026870" lon="-75.8373380">
    <ele>1191.8</ele>
   </trkpt>
   <trkpt lat="4.8026820" lon="-75.8373570">
    <ele>1191.9</ele>
   </trkpt>
   <trkpt lat="4.8026770" lon="-75.8373770">
    <ele>1191.9</ele>
   </trkpt>
   <trkpt lat="4.8026720" lon="-75.8373940">
    <ele>1192.0</ele>
   </trkpt>
   <trkpt lat="4.8026670" lon="-75.8374100">
    <ele>1192.0</ele>
   </trkpt>
   <trkpt lat="4.8026620" lon="-75.8374260">
    <ele>1192.0</ele>
   </trkpt>
   <trkpt lat="4.8026580" lon="-75.8374430">
    <ele>1192.0</ele>
   </trkpt>
   <trkpt lat="4.8026520" lon="-75.8374610">
    <ele>1192.1</ele>
   </trkpt>
   <trkpt lat="4.8026470" lon="-75.8374800">
    <ele>1192.1</ele>
   </trkpt>
   <trkpt lat="4.8026410" lon="-75.8374990">
    <ele>1192.2</ele>
   </trkpt>
   <trkpt lat="4.8026350" lon="-75.8375180">
    <ele>1192.2</ele>
   </trkpt>
   <trkpt lat="4.8026300" lon="-75.8375370">
    <ele>1192.3</ele>
   </trkpt>
   <trkpt lat="4.8026250" lon="-75.8375560">
    <ele>1192.3</ele>
   </trkpt>
   <trkpt lat="4.8026200" lon="-75.8375750">
    <ele>1192.4</ele>
   </trkpt>
   <trkpt lat="4.8026150" lon="-75.8375930">
    <ele>1192.4</ele>
   </trkpt>
   <trkpt lat="4.8026100" lon="-75.8376110">
    <ele>1192.5</ele>
   </trkpt>
   <trkpt lat="4.8026050" lon="-75.8376300">
    <ele>1192.5</ele>
   </trkpt>
   <trkpt lat="4.8026000" lon="-75.8376490">
    <ele>1192.5</ele>
   </trkpt>
   <trkpt lat="4.8025930" lon="-75.8376670">
    <ele>1192.6</ele>
   </trkpt>
   <trkpt lat="4.8025870" lon="-75.8376860">
    <ele>1192.6</ele>
   </trkpt>
   <trkpt lat="4.8025810" lon="-75.8377030">
    <ele>1192.7</ele>
   </trkpt>
   <trkpt lat="4.8025750" lon="-75.8377200">
    <ele>1192.7</ele>
   </trkpt>
   <trkpt lat="4.8025700" lon="-75.8377380">
    <ele>1192.8</ele>
   </trkpt>
   <trkpt lat="4.8025650" lon="-75.8377550">
    <ele>1192.8</ele>
   </trkpt>
   <trkpt lat="4.8025600" lon="-75.8377720">
    <ele>1192.9</ele>
   </trkpt>
   <trkpt lat="4.8025550" lon="-75.8377890">
    <ele>1192.9</ele>
   </trkpt>
   <trkpt lat="4.8025510" lon="-75.8378060">
    <ele>1192.9</ele>
   </trkpt>
   <trkpt lat="4.8025460" lon="-75.8378240">
    <ele>1193.0</ele>
   </trkpt>
   <trkpt lat="4.8025410" lon="-75.8378420">
    <ele>1193.0</ele>
   </trkpt>
   <trkpt lat="4.8025360" lon="-75.8378600">
    <ele>1193.0</ele>
   </trkpt>
   <trkpt lat="4.8025310" lon="-75.8378790">
    <ele>1193.1</ele>
   </trkpt>
   <trkpt lat="4.8025270" lon="-75.8378970">
    <ele>1193.1</ele>
   </trkpt>
   <trkpt lat="4.8025220" lon="-75.8379150">
    <ele>1193.1</ele>
   </trkpt>
   <trkpt lat="4.8025170" lon="-75.8379340">
    <ele>1193.2</ele>
   </trkpt>
   <trkpt lat="4.8025120" lon="-75.8379520">
    <ele>1193.2</ele>
   </trkpt>
   <trkpt lat="4.8025070" lon="-75.8379700">
    <ele>1193.2</ele>
   </trkpt>
   <trkpt lat="4.8025030" lon="-75.8379880">
    <ele>1193.3</ele>
   </trkpt>
   <trkpt lat="4.8024980" lon="-75.8380060">
    <ele>1193.3</ele>
   </trkpt>
   <trkpt lat="4.8024930" lon="-75.8380250">
    <ele>1193.4</ele>
   </trkpt>
   <trkpt lat="4.8024880" lon="-75.8380440">
    <ele>1193.4</ele>
   </trkpt>
   <trkpt lat="4.8024830" lon="-75.8380640">
    <ele>1193.4</ele>
   </trkpt>
   <trkpt lat="4.8024780" lon="-75.8380830">
    <ele>1193.5</ele>
   </trkpt>
   <trkpt lat="4.8024730" lon="-75.8381020">
    <ele>1193.5</ele>
   </trkpt>
   <trkpt lat="4.8024680" lon="-75.8381210">
    <ele>1193.6</ele>
   </trkpt>
   <trkpt lat="4.8024620" lon="-75.8381390">
    <ele>1193.6</ele>
   </trkpt>
   <trkpt lat="4.8024570" lon="-75.8381580">
    <ele>1193.7</ele>
   </trkpt>
   <trkpt lat="4.8024520" lon="-75.8381760">
    <ele>1193.7</ele>
   </trkpt>
   <trkpt lat="4.8024470" lon="-75.8381940">
    <ele>1193.8</ele>
   </trkpt>
   <trkpt lat="4.8024410" lon="-75.8382130">
    <ele>1193.8</ele>
   </trkpt>
   <trkpt lat="4.8024350" lon="-75.8382310">
    <ele>1193.9</ele>
   </trkpt>
   <trkpt lat="4.8024300" lon="-75.8382490">
    <ele>1193.9</ele>
   </trkpt>
   <trkpt lat="4.8024240" lon="-75.8382680">
    <ele>1194.0</ele>
   </trkpt>
   <trkpt lat="4.8024180" lon="-75.8382880">
    <ele>1194.0</ele>
   </trkpt>
   <trkpt lat="4.8024120" lon="-75.8383090">
    <ele>1194.1</ele>
   </trkpt>
   <trkpt lat="4.8024050" lon="-75.8383300">
    <ele>1194.2</ele>
   </trkpt>
   <trkpt lat="4.8023990" lon="-75.8383500">
    <ele>1194.2</ele>
   </trkpt>
   <trkpt lat="4.8023930" lon="-75.8383700">
    <ele>1194.3</ele>
   </trkpt>
   <trkpt lat="4.8023880" lon="-75.8383860">
    <ele>1194.3</ele>
   </trkpt>
   <trkpt lat="4.8023850" lon="-75.8383960">
    <ele>1194.4</ele>
   </trkpt>
   <trkpt lat="4.8023840" lon="-75.8384030">
    <ele>1194.4</ele>
   </trkpt>
   <trkpt lat="4.8023840" lon="-75.8384080">
    <ele>1194.4</ele>
   </trkpt>
   <trkpt lat="4.8023830" lon="-75.8384160">
    <ele>1194.4</ele>
   </trkpt>
   <trkpt lat="4.8023800" lon="-75.8384260">
    <ele>1194.4</ele>
   </trkpt>
   <trkpt lat="4.8023770" lon="-75.8384390">
    <ele>1194.5</ele>
   </trkpt>
   <trkpt lat="4.8023730" lon="-75.8384550">
    <ele>1194.5</ele>
   </trkpt>
   <trkpt lat="4.8023680" lon="-75.8384710">
    <ele>1194.5</ele>
   </trkpt>
   <trkpt lat="4.8023640" lon="-75.8384880">
    <ele>1194.5</ele>
   </trkpt>
   <trkpt lat="4.8023590" lon="-75.8385060">
    <ele>1194.6</ele>
   </trkpt>
   <trkpt lat="4.8023540" lon="-75.8385230">
    <ele>1194.6</ele>
   </trkpt>
   <trkpt lat="4.8023490" lon="-75.8385410">
    <ele>1194.6</ele>
   </trkpt>
   <trkpt lat="4.8023440" lon="-75.8385580">
    <ele>1194.6</ele>
   </trkpt>
   <trkpt lat="4.8023380" lon="-75.8385760">
    <ele>1194.7</ele>
   </trkpt>
   <trkpt lat="4.8023330" lon="-75.8385940">
    <ele>1194.7</ele>
   </trkpt>
   <trkpt lat="4.8023280" lon="-75.8386110">
    <ele>1194.7</ele>
   </trkpt>
   <trkpt lat="4.8023220" lon="-75.8386290">
    <ele>1194.7</ele>
   </trkpt>
   <trkpt lat="4.8023160" lon="-75.8386460">
    <ele>1194.8</ele>
   </trkpt>
   <trkpt lat="4.8023110" lon="-75.8386640">
    <ele>1194.8</ele>
   </trkpt>
   <trkpt lat="4.8023050" lon="-75.8386810">
    <ele>1194.9</ele>
   </trkpt>
   <trkpt lat="4.8022990" lon="-75.8387000">
    <ele>1194.9</ele>
   </trkpt>
   <trkpt lat="4.8022930" lon="-75.8387180">
    <ele>1194.9</ele>
   </trkpt>
   <trkpt lat="4.8022860" lon="-75.8387370">
    <ele>1195.0</ele>
   </trkpt>
   <trkpt lat="4.8022800" lon="-75.8387560">
    <ele>1195.0</ele>
   </trkpt>
   <trkpt lat="4.8022740" lon="-75.8387750">
    <ele>1195.1</ele>
   </trkpt>
   <trkpt lat="4.8022690" lon="-75.8387940">
    <ele>1195.1</ele>
   </trkpt>
   <trkpt lat="4.8022640" lon="-75.8388120">
    <ele>1195.1</ele>
   </trkpt>
   <trkpt lat="4.8022600" lon="-75.8388310">
    <ele>1195.2</ele>
   </trkpt>
   <trkpt lat="4.8022560" lon="-75.8388500">
    <ele>1195.2</ele>
   </trkpt>
   <trkpt lat="4.8022520" lon="-75.8388690">
    <ele>1195.3</ele>
   </trkpt>
   <trkpt lat="4.8022480" lon="-75.8388880">
    <ele>1195.3</ele>
   </trkpt>
   <trkpt lat="4.8022430" lon="-75.8389060">
    <ele>1195.4</ele>
   </trkpt>
   <trkpt lat="4.8022380" lon="-75.8389240">
    <ele>1195.4</ele>
   </trkpt>
   <trkpt lat="4.8022330" lon="-75.8389420">
    <ele>1195.4</ele>
   </trkpt>
   <trkpt lat="4.8022280" lon="-75.8389610">
    <ele>1195.5</ele>
   </trkpt>
   <trkpt lat="4.8022230" lon="-75.8389780">
    <ele>1195.5</ele>
   </trkpt>
   <trkpt lat="4.8022180" lon="-75.8389960">
    <ele>1195.6</ele>
   </trkpt>
   <trkpt lat="4.8022130" lon="-75.8390140">
    <ele>1195.6</ele>
   </trkpt>
   <trkpt lat="4.8022080" lon="-75.8390310">
    <ele>1195.7</ele>
   </trkpt>
   <trkpt lat="4.8022020" lon="-75.8390490">
    <ele>1195.7</ele>
   </trkpt>
   <trkpt lat="4.8021970" lon="-75.8390670">
    <ele>1195.7</ele>
   </trkpt>
   <trkpt lat="4.8021920" lon="-75.8390860">
    <ele>1195.8</ele>
   </trkpt>
   <trkpt lat="4.8021860" lon="-75.8391040">
    <ele>1195.8</ele>
   </trkpt>
   <trkpt lat="4.8021810" lon="-75.8391220">
    <ele>1195.9</ele>
   </trkpt>
   <trkpt lat="4.8021760" lon="-75.8391390">
    <ele>1195.9</ele>
   </trkpt>
   <trkpt lat="4.8021710" lon="-75.8391570">
    <ele>1195.9</ele>
   </trkpt>
   <trkpt lat="4.8021660" lon="-75.8391750">
    <ele>1196.0</ele>
   </trkpt>
   <trkpt lat="4.8021610" lon="-75.8391920">
    <ele>1196.0</ele>
   </trkpt>
   <trkpt lat="4.8021560" lon="-75.8392100">
    <ele>1196.0</ele>
   </trkpt>
   <trkpt lat="4.8021520" lon="-75.8392280">
    <ele>1196.1</ele>
   </trkpt>
   <trkpt lat="4.8021460" lon="-75.8392460">
    <ele>1196.1</ele>
   </trkpt>
   <trkpt lat="4.8021400" lon="-75.8392630">
    <ele>1196.1</ele>
   </trkpt>
   <trkpt lat="4.8021330" lon="-75.8392810">
    <ele>1196.1</ele>
   </trkpt>
   <trkpt lat="4.8021270" lon="-75.8392990">
    <ele>1196.1</ele>
   </trkpt>
   <trkpt lat="4.8021210" lon="-75.8393180">
    <ele>1196.1</ele>
   </trkpt>
   <trkpt lat="4.8021150" lon="-75.8393380">
    <ele>1196.1</ele>
   </trkpt>
   <trkpt lat="4.8021090" lon="-75.8393570">
    <ele>1196.1</ele>
   </trkpt>
   <trkpt lat="4.8021040" lon="-75.8393780">
    <ele>1196.1</ele>
   </trkpt>
   <trkpt lat="4.8021000" lon="-75.8393970">
    <ele>1196.1</ele>
   </trkpt>
   <trkpt lat="4.8020960" lon="-75.8394150">
    <ele>1196.1</ele>
   </trkpt>
   <trkpt lat="4.8020920" lon="-75.8394310">
    <ele>1196.1</ele>
   </trkpt>
   <trkpt lat="4.8020910" lon="-75.8394430">
    <ele>1196.1</ele>
   </trkpt>
   <trkpt lat="4.8020910" lon="-75.8394510">
    <ele>1196.1</ele>
   </trkpt>
   <trkpt lat="4.8020920" lon="-75.8394580">
    <ele>1196.1</ele>
   </trkpt>
   <trkpt lat="4.8020940" lon="-75.8394610">
    <ele>1196.1</ele>
   </trkpt>
   <trkpt lat="4.8020810" lon="-75.8394790">
    <ele>1196.1</ele>
   </trkpt>
   <trkpt lat="4.8020660" lon="-75.8395000">
    <ele>1196.0</ele>
   </trkpt>
   <trkpt lat="4.8020470" lon="-75.8395260">
    <ele>1196.0</ele>
   </trkpt>
   <trkpt lat="4.8020240" lon="-75.8395560">
    <ele>1195.9</ele>
   </trkpt>
   <trkpt lat="4.8020110" lon="-75.8395760">
    <ele>1195.9</ele>
   </trkpt>
   <trkpt lat="4.8019990" lon="-75.8395950">
    <ele>1195.9</ele>
   </trkpt>
   <trkpt lat="4.8019870" lon="-75.8396120">
    <ele>1195.8</ele>
   </trkpt>
   <trkpt lat="4.8019770" lon="-75.8396290">
    <ele>1195.8</ele>
   </trkpt>
   <trkpt lat="4.8019670" lon="-75.8396470">
    <ele>1195.8</ele>
   </trkpt>
   <trkpt lat="4.8019570" lon="-75.8396660">
    <ele>1195.7</ele>
   </trkpt>
   <trkpt lat="4.8019470" lon="-75.8396830">
    <ele>1195.7</ele>
   </trkpt>
   <trkpt lat="4.8019390" lon="-75.8396990">
    <ele>1195.6</ele>
   </trkpt>
   <trkpt lat="4.8019310" lon="-75.8397150">
    <ele>1195.6</ele>
   </trkpt>
   <trkpt lat="4.8019230" lon="-75.8397300">
    <ele>1195.5</ele>
   </trkpt>
   <trkpt lat="4.8019150" lon="-75.8397470">
    <ele>1195.4</ele>
   </trkpt>
   <trkpt lat="4.8019070" lon="-75.8397650">
    <ele>1195.3</ele>
   </trkpt>
   <trkpt lat="4.8018990" lon="-75.8397850">
    <ele>1195.2</ele>
   </trkpt>
   <trkpt lat="4.8018910" lon="-75.8398050">
    <ele>1195.2</ele>
   </trkpt>
   <trkpt lat="4.8018830" lon="-75.8398250">
    <ele>1195.1</ele>
   </trkpt>
   <trkpt lat="4.8018770" lon="-75.8398430">
    <ele>1195.0</ele>
   </trkpt>
   <trkpt lat="4.8018710" lon="-75.8398580">
    <ele>1194.9</ele>
   </trkpt>
   <trkpt lat="4.8018660" lon="-75.8398710">
    <ele>1194.9</ele>
   </trkpt>
   <trkpt lat="4.8018610" lon="-75.8398830">
    <ele>1194.8</ele>
   </trkpt>
   <trkpt lat="4.8018550" lon="-75.8398930">
    <ele>1194.8</ele>
   </trkpt>
   <trkpt lat="4.8018480" lon="-75.8399030">
    <ele>1194.8</ele>
   </trkpt>
   <trkpt lat="4.8018410" lon="-75.8399120">
    <ele>1194.7</ele>
   </trkpt>
   <trkpt lat="4.8018330" lon="-75.8399210">
    <ele>1194.7</ele>
   </trkpt>
   <trkpt lat="4.8018270" lon="-75.8399290">
    <ele>1194.7</ele>
   </trkpt>
   <trkpt lat="4.8018210" lon="-75.8399370">
    <ele>1194.7</ele>
   </trkpt>
   <trkpt lat="4.8018160" lon="-75.8399430">
    <ele>1194.6</ele>
   </trkpt>
   <trkpt lat="4.8018120" lon="-75.8399500">
    <ele>1194.6</ele>
   </trkpt>
   <trkpt lat="4.8018080" lon="-75.8399560">
    <ele>1194.6</ele>
   </trkpt>
   <trkpt lat="4.8018050" lon="-75.8399640">
    <ele>1194.6</ele>
   </trkpt>
   <trkpt lat="4.8017980" lon="-75.8399830">
    <ele>1194.5</ele>
   </trkpt>
   <trkpt lat="4.8017910" lon="-75.8400020">
    <ele>1194.5</ele>
   </trkpt>
   <trkpt lat="4.8017840" lon="-75.8400220">
    <ele>1194.4</ele>
   </trkpt>
   <trkpt lat="4.8017770" lon="-75.8400410">
    <ele>1194.4</ele>
   </trkpt>
   <trkpt lat="4.8017700" lon="-75.8400600">
    <ele>1194.4</ele>
   </trkpt>
   <trkpt lat="4.8017700" lon="-75.8400600">
    <ele>1194.4</ele>
   </trkpt>
   <trkpt lat="4.8017700" lon="-75.8400600">
    <ele>1194.4</ele>
   </trkpt>
   <trkpt lat="4.8017700" lon="-75.8400600">
    <ele>1194.4</ele>
   </trkpt>
   <trkpt lat="4.8017700" lon="-75.8400600">
    <ele>1194.4</ele>
   </trkpt>
   <trkpt lat="4.8017700" lon="-75.8400600">
    <ele>1194.4</ele>
   </trkpt>
   <trkpt lat="4.8017700" lon="-75.8400600">
    <ele>1194.4</ele>
   </trkpt>
   <trkpt lat="4.8017700" lon="-75.8400600">
    <ele>1194.4</ele>
   </trkpt>
   <trkpt lat="4.8017700" lon="-75.8400600">
    <ele>1194.4</ele>
   </trkpt>
   <trkpt lat="4.8017700" lon="-75.8400600">
    <ele>1194.4</ele>
   </trkpt>
   <trkpt lat="4.8017700" lon="-75.8400600">
    <ele>1194.4</ele>
   </trkpt>
   <trkpt lat="4.8017700" lon="-75.8400600">
    <ele>1194.4</ele>
   </trkpt>
   <trkpt lat="4.8017700" lon="-75.8400600">
    <ele>1194.4</ele>
   </trkpt>
   <trkpt lat="4.8017700" lon="-75.8400600">
    <ele>1194.4</ele>
   </trkpt>
   <trkpt lat="4.8017700" lon="-75.8400600">
    <ele>1194.4</ele>
   </trkpt>
   <trkpt lat="4.8017700" lon="-75.8400600">
    <ele>1194.4</ele>
   </trkpt>
   <trkpt lat="4.8017700" lon="-75.8400600">
    <ele>1194.4</ele>
   </trkpt>
   <trkpt lat="4.8017700" lon="-75.8400600">
    <ele>1194.4</ele>
   </trkpt>
   <trkpt lat="4.8017700" lon="-75.8400600">
    <ele>1194.4</ele>
   </trkpt>
   <trkpt lat="4.8017700" lon="-75.8400600">
    <ele>1194.4</ele>
   </trkpt>
   <trkpt lat="4.8017700" lon="-75.8400600">
    <ele>1194.4</ele>
   </trkpt>
   <trkpt lat="4.8017700" lon="-75.8400600">
    <ele>1194.4</ele>
   </trkpt>
   <trkpt lat="4.8017700" lon="-75.8400600">
    <ele>1194.4</ele>
   </trkpt>
   <trkpt lat="4.8017700" lon="-75.8400600">
    <ele>1194.4</ele>
   </trkpt>
   <trkpt lat="4.8017700" lon="-75.8400600">
    <ele>1194.4</ele>
   </trkpt>
   <trkpt lat="4.8017700" lon="-75.8400600">
    <ele>1194.4</ele>
   </trkpt>
   <trkpt lat="4.8017700" lon="-75.8400600">
    <ele>1194.4</ele>
   </trkpt>
   <trkpt lat="4.8017700" lon="-75.8400600">
    <ele>1194.4</ele>
   </trkpt>
   <trkpt lat="4.8017700" lon="-75.8400600">
    <ele>1194.4</ele>
   </trkpt>
   <trkpt lat="4.8017700" lon="-75.8400600">
    <ele>1194.4</ele>
   </trkpt>
   <trkpt lat="4.8017700" lon="-75.8400600">
    <ele>1194.4</ele>
   </trkpt>
   <trkpt lat="4.8017700" lon="-75.8400600">
    <ele>1194.4</ele>
   </trkpt>
   <trkpt lat="4.8017700" lon="-75.8400600">
    <ele>1194.4</ele>
   </trkpt>
   <trkpt lat="4.8017700" lon="-75.8400600">
    <ele>1194.4</ele>
   </trkpt>
   <trkpt lat="4.8017700" lon="-75.8400600">
    <ele>1194.4</ele>
   </trkpt>
   <trkpt lat="4.8017700" lon="-75.8400600">
    <ele>1194.4</ele>
   </trkpt>
   <trkpt lat="4.8017700" lon="-75.8400600">
    <ele>1194.4</ele>
   </trkpt>
   <trkpt lat="4.8017700" lon="-75.8400600">
    <ele>1194.4</ele>
   </trkpt>
   <trkpt lat="4.8017700" lon="-75.8400600">
    <ele>1194.4</ele>
   </trkpt>
   <trkpt lat="4.8017700" lon="-75.8400600">
    <ele>1194.4</ele>
   </trkpt>
   <trkpt lat="4.8017700" lon="-75.8400600">
    <ele>1194.4</ele>
   </trkpt>
   <trkpt lat="4.8017700" lon="-75.8400600">
    <ele>1194.4</ele>
   </trkpt>
   <trkpt lat="4.8017700" lon="-75.8400600">
    <ele>1194.4</ele>
   </trkpt>
   <trkpt lat="4.8017700" lon="-75.8400600">
    <ele>1194.4</ele>
   </trkpt>
   <trkpt lat="4.8017700" lon="-75.8400600">
    <ele>1194.4</ele>
   </trkpt>
   <trkpt lat="4.8017700" lon="-75.8400600">
    <ele>1194.4</ele>
   </trkpt>
   <trkpt lat="4.8017700" lon="-75.8400600">
    <ele>1194.4</ele>
   </trkpt>
   <trkpt lat="4.8017700" lon="-75.8400600">
    <ele>1194.4</ele>
   </trkpt>
   <trkpt lat="4.8017700" lon="-75.8400600">
    <ele>1194.4</ele>
   </trkpt>
   <trkpt lat="4.8017700" lon="-75.8400600">
    <ele>1194.4</ele>
   </trkpt>
   <trkpt lat="4.8017700" lon="-75.8400600">
    <ele>1194.4</ele>
   </trkpt>
   <trkpt lat="4.8017700" lon="-75.8400600">
    <ele>1194.4</ele>
   </trkpt>
   <trkpt lat="4.8017700" lon="-75.8400600">
    <ele>1194.4</ele>
   </trkpt>
   <trkpt lat="4.8017700" lon="-75.8400600">
    <ele>1194.4</ele>
   </trkpt>
   <trkpt lat="4.8017700" lon="-75.8400600">
    <ele>1194.4</ele>
   </trkpt>
   <trkpt lat="4.8017700" lon="-75.8400600">
    <ele>1194.4</ele>
   </trkpt>
   <trkpt lat="4.8017700" lon="-75.8400600">
    <ele>1194.4</ele>
   </trkpt>
   <trkpt lat="4.8017700" lon="-75.8400600">
    <ele>1194.4</ele>
   </trkpt>
  </trkseg>
 </trk>
</gpx>
